n,t,maxE_SF,maxH_SF,W_total,W_phys,divE_TF,divH_TF
1,0.025,0.000000000e+00,0.000000000e+00,nan,nan,nan,nan
2,0.05,0.000000000e+00,0.000000000e+00,nan,nan,nan,nan
3,0.075,0.000000000e+00,0.000000000e+00,nan,nan,nan,nan
4,0.1,0.000000000e+00,0.000000000e+00,nan,nan,nan,nan
5,0.125,0.000000000e+00,0.000000000e+00,nan,nan,nan,nan
6,0.15,0.000000000e+00,0.000000000e+00,nan,nan,nan,nan
7,0.175,0.000000000e+00,0.000000000e+00,nan,nan,nan,nan
8,0.2,0.000000000e+00,0.000000000e+00,nan,nan,nan,nan
9,0.225,0.000000000e+00,0.000000000e+00,nan,nan,nan,nan
10,0.25,0.000000000e+00,0.000000000e+00,nan,nan,nan,nan
11,0.275,0.000000000e+00,0.000000000e+00,nan,nan,nan,nan
12,0.3,0.000000000e+00,0.000000000e+00,nan,nan,nan,nan
13,0.325,0.000000000e+00,0.000000000e+00,nan,nan,nan,nan
14,0.35,0.000000000e+00,0.000000000e+00,nan,nan,nan,nan
15,0.375,0.000000000e+00,0.000000000e+00,nan,nan,nan,nan
16,0.4,0.000000000e+00,0.000000000e+00,nan,nan,nan,nan
17,0.425,0.000000000e+00,0.000000000e+00,nan,nan,nan,nan
18,0.45,0.000000000e+00,0.000000000e+00,nan,nan,nan,nan
19,0.475,0.000000000e+00,0.000000000e+00,nan,nan,nan,nan
20,0.5,0.000000000e+00,0.000000000e+00,nan,nan,nan,nan
21,0.525,0.000000000e+00,0.000000000e+00,nan,nan,nan,nan
22,0.55,0.000000000e+00,0.000000000e+00,nan,nan,nan,nan
23,0.575,0.000000000e+00,0.000000000e+00,nan,nan,nan,nan
24,0.6,0.000000000e+00,0.000000000e+00,nan,nan,nan,nan
25,0.625,0.000000000e+00,0.000000000e+00,nan,nan,nan,nan
26,0.65,0.000000000e+00,0.000000000e+00,nan,nan,nan,nan
27,0.675,0.000000000e+00,0.000000000e+00,nan,nan,nan,nan
28,0.7,0.000000000e+00,0.000000000e+00,nan,nan,nan,nan
29,0.725,0.000000000e+00,0.000000000e+00,nan,nan,nan,nan
30,0.75,0.000000000e+00,0.000000000e+00,nan,nan,nan,nan
31,0.775,0.000000000e+00,0.000000000e+00,nan,nan,nan,nan
32,0.8,0.000000000e+00,0.000000000e+00,nan,nan,nan,nan
33,0.825,0.000000000e+00,0.000000000e+00,nan,nan,nan,nan
34,0.85,0.000000000e+00,0.000000000e+00,nan,nan,nan,nan
35,0.875,0.000000000e+00,0.000000000e+00,nan,nan,nan,nan
36,0.9,0.000000000e+00,0.000000000e+00,nan,nan,nan,nan
37,0.925,0.000000000e+00,0.000000000e+00,nan,nan,nan,nan
38,0.95,0.000000000e+00,0.000000000e+00,nan,nan,nan,nan
39,0.975,0.000000000e+00,0.000000000e+00,nan,nan,nan,nan
40,1,0.000000000e+00,0.000000000e+00,nan,nan,nan,nan
41,1.025,0.000000000e+00,0.000000000e+00,nan,nan,nan,nan
42,1.05,0.000000000e+00,0.000000000e+00,nan,nan,nan,nan
43,1.075,2.672764710e-51,2.672764710e-51,nan,nan,nan,nan
44,1.1,8.619666190e-50,8.552847072e-50,nan,nan,nan,nan
45,1.125,1.712573988e-48,1.368455532e-48,nan,nan,nan,nan
46,1.15,2.600132329e-47,2.189528851e-47,nan,nan,nan,nan
47,1.175,2.737024656e-46,3.503246161e-46,nan,nan,nan,nan
48,1.2,2.972627528e-45,4.203895393e-45,nan,nan,nan,nan
49,1.225,2.994830653e-44,4.484155086e-44,nan,nan,nan,nan
50,1.25,2.129908651e-43,2.746544990e-43,nan,nan,nan,nan
51,1.275,1.580665373e-42,1.479771178e-42,nan,nan,nan,nan
52,1.3,9.284216046e-42,1.578422590e-41,nan,nan,nan,nan
53,1.325,7.214934444e-41,9.183549616e-41,nan,nan,nan,nan
54,1.35,3.099112618e-40,5.510129769e-40,nan,nan,nan,nan
55,1.375,1.985948313e-39,2.204051908e-39,nan,nan,nan,nan
56,1.4,8.595980358e-39,1.175494351e-38,nan,nan,nan,nan
57,1.425,3.857022884e-38,4.701977403e-38,nan,nan,nan,nan
58,1.45,1.321961704e-37,2.013034076e-37,nan,nan,nan,nan
59,1.475,4.670943127e-37,7.523163845e-37,nan,nan,nan,nan
60,1.5,1.720931825e-36,3.009265538e-36,nan,nan,nan,nan
61,1.525,5.754792098e-36,1.053242938e-35,nan,nan,nan,nan
62,1.55,1.983977361e-35,3.611118646e-35,nan,nan,nan,nan
63,1.575,5.207840346e-35,1.203706215e-34,nan,nan,nan,nan
64,1.6,1.890452293e-34,3.396708476e-34,nan,nan,nan,nan
65,1.625,4.733191371e-34,9.629649722e-34,nan,nan,nan,nan
66,1.65,1.305077109e-33,3.081487911e-33,nan,nan,nan,nan
67,1.675,3.353777620e-33,6.933347800e-33,nan,nan,nan,nan
68,1.7,7.975919571e-33,1.848892747e-32,nan,nan,nan,nan
69,1.725,1.858938714e-32,4.622231867e-32,nan,nan,nan,nan
70,1.75,4.226644389e-32,9.860761315e-32,nan,nan,nan,nan
71,1.775,9.299086091e-32,2.465190329e-31,nan,nan,nan,nan
72,1.8,2.204419794e-31,5.669937756e-31,nan,nan,nan,nan
73,1.825,4.226661813e-31,1.133987551e-30,nan,nan,nan,nan
74,1.85,8.706039288e-31,2.366582716e-30,nan,nan,nan,nan
75,1.875,1.562106463e-30,4.338734979e-30,nan,nan,nan,nan
76,1.9,2.498165573e-30,7.494178600e-30,nan,nan,nan,nan
77,1.925,4.054304355e-30,1.262177448e-29,nan,nan,nan,nan
78,1.95,7.133874261e-30,2.445468806e-29,nan,nan,nan,nan
79,1.975,1.212059567e-29,4.102076707e-29,nan,nan,nan,nan
80,2,1.887795178e-29,6.310887242e-29,nan,nan,nan,nan
81,2.025,2.722296795e-29,9.466330863e-29,nan,nan,nan,nan
82,2.05,3.786865745e-29,1.285843276e-28,nan,nan,nan,nan
83,2.075,5.755817467e-29,1.796630712e-28,nan,nan,nan,nan
84,2.1,9.145315506e-29,2.429691588e-28,nan,nan,nan,nan
85,2.125,1.324739221e-28,3.060780312e-28,nan,nan,nan,nan
86,2.15,1.697475999e-28,3.660314600e-28,nan,nan,nan,nan
87,2.175,2.060352015e-28,4.291403324e-28,nan,nan,nan,nan
88,2.2,2.533668559e-28,4.670056559e-28,nan,nan,nan,nan
89,2.225,2.975430666e-28,4.796274304e-28,nan,nan,nan,nan
90,2.25,3.417192772e-28,4.543838814e-28,nan,nan,nan,nan
91,2.275,3.417192772e-28,4.796274304e-28,nan,nan,nan,nan
92,2.3,3.397266495e-28,5.553580773e-28,nan,nan,nan,nan
93,2.325,4.407008454e-28,6.563322731e-28,nan,nan,nan,nan
94,2.35,4.785661688e-28,9.340113118e-28,nan,nan,nan,nan
95,2.375,5.129626127e-28,1.236933899e-27,nan,nan,nan,nan
96,2.4,6.265585831e-28,1.388395193e-27,nan,nan,nan,nan
97,2.425,6.644239066e-28,1.514612938e-27,nan,nan,nan,nan
98,2.45,6.265585831e-28,1.514612938e-27,nan,nan,nan,nan
99,2.475,6.285058041e-28,1.413638742e-27,nan,nan,nan,nan
100,2.5,7.068480425e-28,1.615587134e-27,nan,nan,nan,nan
101,2.525,7.516419374e-28,1.615587134e-27,nan,nan,nan,nan
102,2.55,8.273725843e-28,1.565100036e-27,nan,nan,nan,nan
103,2.575,9.788338781e-28,1.716561330e-27,nan,nan,nan,nan
104,2.6,1.054564525e-27,1.918509721e-27,nan,nan,nan,nan
105,2.625,1.332243564e-27,2.120458113e-27,nan,nan,nan,nan
106,2.65,1.458461308e-27,2.322406505e-27,nan,nan,nan,nan
107,2.675,1.330094672e-27,2.221432309e-27,nan,nan,nan,nan
108,2.7,1.633017259e-27,2.322406505e-27,nan,nan,nan,nan
109,2.725,1.557286612e-27,2.423380701e-27,nan,nan,nan,nan
110,2.75,1.633017259e-27,2.625329093e-27,nan,nan,nan,nan
111,2.775,1.834965651e-27,2.928251680e-27,nan,nan,nan,nan
112,2.8,2.131299142e-27,3.433122660e-27,nan,nan,nan,nan
113,2.825,2.282760435e-27,4.139942031e-27,nan,nan,nan,nan
114,2.85,2.232273337e-27,4.846761402e-27,nan,nan,nan,nan
115,2.875,2.181786239e-27,4.846761402e-27,nan,nan,nan,nan
116,2.9,2.232273337e-27,4.846761402e-27,nan,nan,nan,nan
117,2.925,2.131299142e-27,5.250658185e-27,nan,nan,nan,nan
118,2.95,1.963051691e-27,5.452606577e-27,nan,nan,nan,nan
119,2.975,2.206669153e-27,6.260400144e-27,nan,nan,nan,nan
120,3,2.485448787e-27,6.260400144e-27,nan,nan,nan,nan
121,3.025,2.939832669e-27,6.058451752e-27,nan,nan,nan,nan
122,3.05,3.697139138e-27,6.664296927e-27,nan,nan,nan,nan
123,3.075,4.151523019e-27,7.674038886e-27,nan,nan,nan,nan
124,3.1,4.454445607e-27,7.875987278e-27,nan,nan,nan,nan
125,3.125,4.757368194e-27,8.077935669e-27,nan,nan,nan,nan
126,3.15,4.858342390e-27,8.279884061e-27,nan,nan,nan,nan
127,3.175,5.363213369e-27,9.289626020e-27,nan,nan,nan,nan
128,3.2,5.514062542e-27,9.693522803e-27,nan,nan,nan,nan
129,3.225,6.018933521e-27,9.693522803e-27,nan,nan,nan,nan
130,3.25,5.514062542e-27,1.009741959e-26,nan,nan,nan,nan
131,3.275,5.750999023e-27,1.130910994e-26,nan,nan,nan,nan
132,3.3,6.457818394e-27,1.292469707e-26,nan,nan,nan,nan
133,3.325,7.265611961e-27,1.454028421e-26,nan,nan,nan,nan
134,3.35,7.669508745e-27,1.615587134e-26,nan,nan,nan,nan
135,3.375,7.467560353e-27,1.736756169e-26,nan,nan,nan,nan
136,3.4,7.063663570e-27,1.817535526e-26,nan,nan,nan,nan
137,3.425,7.026167745e-27,1.817535526e-26,nan,nan,nan,nan
138,3.45,7.178627420e-27,1.857925204e-26,nan,nan,nan,nan
139,3.475,8.311877387e-27,1.938704561e-26,nan,nan,nan,nan
140,3.5,8.621712758e-27,2.181042631e-26,nan,nan,nan,nan
141,3.525,1.104509346e-26,2.261821987e-26,nan,nan,nan,nan
142,3.55,1.225678381e-26,2.261821987e-26,nan,nan,nan,nan
143,3.575,1.306457738e-26,2.342601344e-26,nan,nan,nan,nan
144,3.6,1.427626773e-26,2.746498128e-26,nan,nan,nan,nan
145,3.625,1.669964843e-26,2.908056841e-26,nan,nan,nan,nan
146,3.65,1.589185486e-26,2.827277484e-26,nan,nan,nan,nan
147,3.675,1.782359848e-26,2.988836198e-26,nan,nan,nan,nan
148,3.7,1.943918561e-26,3.311953624e-26,nan,nan,nan,nan
149,3.725,1.822749526e-26,3.069615554e-26,nan,nan,nan,nan
150,3.75,2.100716288e-26,3.473512338e-26,nan,nan,nan,nan
151,3.775,2.181495645e-26,4.038967835e-26,nan,nan,nan,nan
152,3.8,2.302664680e-26,4.281305905e-26,nan,nan,nan,nan
153,3.825,2.706561463e-26,4.846761402e-26,nan,nan,nan,nan
154,3.85,2.948899533e-26,5.331437542e-26,nan,nan,nan,nan
155,3.875,2.827730498e-26,5.654554969e-26,nan,nan,nan,nan
156,3.9,2.827730498e-26,5.654554969e-26,nan,nan,nan,nan
157,3.925,2.666171785e-26,6.139231109e-26,nan,nan,nan,nan
158,3.95,2.371001019e-26,5.816113682e-26,nan,nan,nan,nan
159,3.975,2.290221662e-26,6.462348536e-26,nan,nan,nan,nan
160,4,2.722412677e-26,7.270142103e-26,nan,nan,nan,nan
161,4.025,3.691764958e-26,7.431700816e-26,nan,nan,nan,nan
162,4.05,4.337999811e-26,8.239494383e-26,nan,nan,nan,nan
163,4.075,4.499558525e-26,8.724170523e-26,nan,nan,nan,nan
164,4.1,4.903455308e-26,8.077935669e-26,nan,nan,nan,nan
165,4.125,5.711248875e-26,8.401053096e-26,nan,nan,nan,nan
166,4.15,5.872807589e-26,9.693522803e-26,nan,nan,nan,nan
167,4.175,5.874008554e-26,1.001664023e-25,nan,nan,nan,nan
168,4.2,5.793229197e-26,1.033975766e-25,nan,nan,nan,nan
169,4.225,6.116346624e-26,1.130910994e-25,nan,nan,nan,nan
170,4.25,7.085698904e-26,1.195534479e-25,nan,nan,nan,nan
171,4.275,6.601022764e-26,1.324781450e-25,nan,nan,nan,nan
172,4.3,7.678634582e-26,1.389404935e-25,nan,nan,nan,nan
173,4.325,8.001752008e-26,1.550963649e-25,nan,nan,nan,nan
174,4.35,8.163310722e-26,1.874081075e-25,nan,nan,nan,nan
175,4.375,8.647986862e-26,2.003328046e-25,nan,nan,nan,nan
176,4.4,8.809545575e-26,1.744834105e-25,nan,nan,nan,nan
177,4.425,8.486428149e-26,1.874081075e-25,nan,nan,nan,nan
178,4.45,7.678634582e-26,2.003328046e-25,nan,nan,nan,nan
179,4.475,8.113767478e-26,2.067951531e-25,nan,nan,nan,nan
180,4.5,8.759727735e-26,2.261821987e-25,nan,nan,nan,nan
181,4.525,1.072230150e-25,2.520315929e-25,nan,nan,nan,nan
182,4.55,1.330724092e-25,2.520315929e-25,nan,nan,nan,nan
183,4.575,1.459971062e-25,2.584939414e-25,nan,nan,nan,nan
184,4.6,1.589218033e-25,2.649562900e-25,nan,nan,nan,nan
185,4.625,1.686153261e-25,2.908056841e-25,nan,nan,nan,nan
186,4.65,1.686153261e-25,2.908056841e-25,nan,nan,nan,nan
187,4.675,1.653841518e-25,3.101927297e-25,nan,nan,nan,nan
188,4.7,1.718465004e-25,3.360421238e-25,nan,nan,nan,nan
189,4.725,1.845824830e-25,3.360421238e-25,nan,nan,nan,nan
190,4.75,1.942760058e-25,3.554291695e-25,nan,nan,nan,nan
191,4.775,2.039695286e-25,4.006656092e-25,nan,nan,nan,nan
192,4.8,2.260857547e-25,4.523643975e-25,nan,nan,nan,nan
193,4.825,2.648598459e-25,4.911384887e-25,nan,nan,nan,nan
194,4.85,2.777845430e-25,5.557619741e-25,nan,nan,nan,nan
195,4.875,2.519351488e-25,5.945360653e-25,nan,nan,nan,nan
196,4.9,2.519351488e-25,5.945360653e-25,nan,nan,nan,nan
197,4.925,2.583974974e-25,6.203854594e-25,nan,nan,nan,nan
198,4.95,2.501677335e-25,6.462348536e-25,nan,nan,nan,nan
199,4.975,2.471459254e-25,6.203854594e-25,nan,nan,nan,nan
200,5,2.859200166e-25,6.462348536e-25,nan,nan,nan,nan
201,5.025,3.505435019e-25,6.979336418e-25,nan,nan,nan,nan
202,5.05,4.022422902e-25,7.754818243e-25,nan,nan,nan,nan
203,5.075,4.604034270e-25,8.271806126e-25,nan,nan,nan,nan
204,5.1,5.056398668e-25,9.047287950e-25,nan,nan,nan,nan
205,5.125,5.185645639e-25,9.305781891e-25,nan,nan,nan,nan
206,5.15,5.298604399e-25,9.047287950e-25,nan,nan,nan,nan
207,5.175,5.314892609e-25,9.047287950e-25,nan,nan,nan,nan
208,5.2,5.298604399e-25,9.305781891e-25,nan,nan,nan,nan
209,5.225,5.686345311e-25,9.822769774e-25,nan,nan,nan,nan
210,5.25,6.203333194e-25,1.137373342e-24,nan,nan,nan,nan
211,5.275,6.665261368e-25,1.240770919e-24,nan,nan,nan,nan
212,5.3,7.053002280e-25,1.344168495e-24,nan,nan,nan,nan
213,5.325,7.440743192e-25,1.499264860e-24,nan,nan,nan,nan
214,5.35,7.957731075e-25,1.602662437e-24,nan,nan,nan,nan
215,5.375,7.053002280e-25,1.757758802e-24,nan,nan,nan,nan
216,5.4,6.794508339e-25,1.861156378e-24,nan,nan,nan,nan
217,5.425,7.311496221e-25,1.809457590e-24,nan,nan,nan,nan
218,5.45,7.366530853e-25,1.706060013e-24,nan,nan,nan,nan
219,5.475,6.953924957e-25,1.912855167e-24,nan,nan,nan,nan
220,5.5,8.523620934e-25,2.067951531e-24,nan,nan,nan,nan
221,5.525,9.816090641e-25,2.171349108e-24,nan,nan,nan,nan
222,5.55,1.007458458e-24,2.274746685e-24,nan,nan,nan,nan
223,5.575,1.162554823e-24,2.584939414e-24,nan,nan,nan,nan
224,5.6,1.291801794e-24,2.895132144e-24,nan,nan,nan,nan
225,5.625,1.498596947e-24,2.791734567e-24,nan,nan,nan,nan
226,5.65,1.476850242e-24,2.791734567e-24,nan,nan,nan,nan
227,5.675,1.606097212e-24,2.998529721e-24,nan,nan,nan,nan
228,5.7,1.425151453e-24,3.101927297e-24,nan,nan,nan,nan
229,5.725,1.606097212e-24,2.998529721e-24,nan,nan,nan,nan
230,5.75,1.890440548e-24,3.308722450e-24,nan,nan,nan,nan
231,5.775,2.060206292e-24,3.618915180e-24,nan,nan,nan,nan
232,5.8,2.163603869e-24,4.032505486e-24,nan,nan,nan,nan
233,5.825,2.163603869e-24,4.652890946e-24,nan,nan,nan,nan
234,5.85,2.318700233e-24,4.859686099e-24,nan,nan,nan,nan
235,5.875,2.318700233e-24,5.066481252e-24,nan,nan,nan,nan
236,5.9,2.267001445e-24,5.169878828e-24,nan,nan,nan,nan
237,5.925,2.060206292e-24,5.169878828e-24,nan,nan,nan,nan
238,5.95,2.183383977e-24,5.376673982e-24,nan,nan,nan,nan
239,5.975,2.283088637e-24,5.583469135e-24,nan,nan,nan,nan
240,6,2.748377731e-24,5.997059441e-24,nan,nan,nan,nan
241,6.025,3.006871673e-24,5.997059441e-24,nan,nan,nan,nan
242,6.05,3.265365614e-24,6.410649747e-24,nan,nan,nan,nan
243,6.075,3.989148650e-24,7.237830360e-24,nan,nan,nan,nan
244,6.1,4.609534109e-24,7.651420666e-24,nan,nan,nan,nan
245,6.125,4.506136533e-24,7.237830360e-24,nan,nan,nan,nan
246,6.15,4.609534109e-24,7.444625513e-24,nan,nan,nan,nan
247,6.175,4.609534109e-24,8.065010972e-24,nan,nan,nan,nan
248,6.2,4.832017516e-24,8.065010972e-24,nan,nan,nan,nan
249,6.225,4.728619940e-24,8.685396432e-24,nan,nan,nan,nan
250,6.25,5.245607822e-24,9.512577044e-24,nan,nan,nan,nan
251,6.275,5.945835750e-24,1.054655281e-23,nan,nan,nan,nan
252,6.3,6.462823633e-24,1.137373342e-23,nan,nan,nan,nan
253,6.325,6.049233327e-24,1.323488980e-23,nan,nan,nan,nan
254,6.35,6.256028480e-24,1.406207041e-23,nan,nan,nan,nan
255,6.375,6.876413939e-24,1.488925103e-23,nan,nan,nan,nan
256,6.4,6.876413939e-24,1.488925103e-23,nan,nan,nan,nan
257,6.425,5.739040597e-24,1.488925103e-23,nan,nan,nan,nan
258,6.45,5.681294191e-24,1.571643164e-23,nan,nan,nan,nan
259,6.475,6.143056547e-24,1.695720256e-23,nan,nan,nan,nan
260,6.5,7.073634736e-24,1.737079286e-23,nan,nan,nan,nan
261,6.525,8.314405655e-24,1.737079286e-23,nan,nan,nan,nan
262,6.55,9.761971727e-24,1.861156378e-23,nan,nan,nan,nan
263,6.575,1.038235719e-23,2.109310562e-23,nan,nan,nan,nan
264,6.6,1.100274265e-23,2.316105715e-23,nan,nan,nan,nan
265,6.625,1.141633295e-23,2.150669593e-23,nan,nan,nan,nan
266,6.65,1.275526402e-23,2.233387654e-23,nan,nan,nan,nan
267,6.675,1.358244464e-23,2.233387654e-23,nan,nan,nan,nan
268,6.7,1.358244464e-23,2.233387654e-23,nan,nan,nan,nan
269,6.725,1.440962525e-23,2.398823776e-23,nan,nan,nan,nan
270,6.75,1.544360101e-23,2.646977960e-23,nan,nan,nan,nan
271,6.775,1.544360101e-23,2.895132144e-23,nan,nan,nan,nan
272,6.8,1.706335621e-23,3.226004389e-23,nan,nan,nan,nan
273,6.825,1.706335621e-23,3.639594695e-23,nan,nan,nan,nan
274,6.85,1.623617560e-23,3.887748879e-23,nan,nan,nan,nan
275,6.875,1.664976590e-23,4.053185002e-23,nan,nan,nan,nan
276,6.9,1.582258529e-23,3.970466940e-23,nan,nan,nan,nan
277,6.925,1.519434872e-23,4.135903063e-23,nan,nan,nan,nan
278,6.95,1.599968105e-23,4.135903063e-23,nan,nan,nan,nan
279,6.975,1.806763258e-23,4.632211430e-23,nan,nan,nan,nan
280,7,2.054644290e-23,4.632211430e-23,nan,nan,nan,nan
281,7.025,2.757747811e-23,4.797647553e-23,nan,nan,nan,nan
282,7.05,3.129979087e-23,5.128519798e-23,nan,nan,nan,nan
283,7.075,2.964542964e-23,5.293955920e-23,nan,nan,nan,nan
284,7.1,3.212697148e-23,5.459392043e-23,nan,nan,nan,nan
285,7.125,3.874441638e-23,5.955700410e-23,nan,nan,nan,nan
286,7.15,3.998518730e-23,5.955700410e-23,nan,nan,nan,nan
287,7.175,3.750364546e-23,6.121136533e-23,nan,nan,nan,nan
288,7.2,3.419492301e-23,6.121136533e-23,nan,nan,nan,nan
289,7.225,3.780615092e-23,6.452008778e-23,nan,nan,nan,nan
290,7.25,4.194205398e-23,7.113753268e-23,nan,nan,nan,nan
291,7.275,4.140797334e-23,7.775497758e-23,nan,nan,nan,nan
292,7.3,4.223515395e-23,8.602678371e-23,nan,nan,nan,nan
293,7.325,4.637105701e-23,9.429858983e-23,nan,nan,nan,nan
294,7.35,5.216132130e-23,1.025703960e-22,nan,nan,nan,nan
295,7.375,5.050696008e-23,1.124965633e-22,nan,nan,nan,nan
296,7.4,4.223515395e-23,1.124965633e-22,nan,nan,nan,nan
297,7.425,4.388951518e-23,1.124965633e-22,nan,nan,nan,nan
298,7.45,4.388951518e-23,1.124965633e-22,nan,nan,nan,nan
299,7.475,4.367990358e-23,1.158052858e-22,nan,nan,nan,nan
300,7.5,4.929862007e-23,1.290401756e-22,nan,nan,nan,nan
301,7.525,5.757042619e-23,1.389663429e-22,nan,nan,nan,nan
302,7.55,6.418787109e-23,1.422750654e-22,nan,nan,nan,nan
303,7.575,7.080531599e-23,1.455837878e-22,nan,nan,nan,nan
304,7.6,7.245967722e-23,1.488925103e-22,nan,nan,nan,nan
305,7.625,8.238584457e-23,1.522012327e-22,nan,nan,nan,nan
306,7.65,8.569456702e-23,1.654361225e-22,nan,nan,nan,nan
307,7.675,8.068747183e-23,1.720535674e-22,nan,nan,nan,nan
308,7.7,9.557672286e-23,1.588186776e-22,nan,nan,nan,nan
309,7.725,1.021941678e-22,1.720535674e-22,nan,nan,nan,nan
310,7.75,9.888544531e-23,1.852884572e-22,nan,nan,nan,nan
311,7.775,1.186514752e-22,2.051407919e-22,nan,nan,nan,nan
312,7.8,1.186514752e-22,2.316105715e-22,nan,nan,nan,nan
313,7.825,1.136883915e-22,2.580803511e-22,nan,nan,nan,nan
314,7.85,1.169971140e-22,2.845501307e-22,nan,nan,nan,nan
315,7.875,1.269232813e-22,2.779326858e-22,nan,nan,nan,nan
316,7.9,1.186514752e-22,2.845501307e-22,nan,nan,nan,nan
317,7.925,1.022591093e-22,2.977850205e-22,nan,nan,nan,nan
318,7.95,1.031094078e-22,2.845501307e-22,nan,nan,nan,nan
319,7.975,1.229617425e-22,2.977850205e-22,nan,nan,nan,nan
320,8,1.428140772e-22,3.176373552e-22,nan,nan,nan,nan
321,8.025,1.626664119e-22,3.441071348e-22,nan,nan,nan,nan
322,8.05,1.792100241e-22,3.705769144e-22,nan,nan,nan,nan
323,8.075,1.924449140e-22,3.705769144e-22,nan,nan,nan,nan
324,8.1,2.122972487e-22,3.573420246e-22,nan,nan,nan,nan
325,8.125,2.255321385e-22,3.705769144e-22,nan,nan,nan,nan
326,8.15,2.122972487e-22,4.102815838e-22,nan,nan,nan,nan
327,8.175,2.220606324e-22,4.367513634e-22,nan,nan,nan,nan
328,8.2,2.617653018e-22,4.367513634e-22,nan,nan,nan,nan
329,8.225,2.650740242e-22,4.367513634e-22,nan,nan,nan,nan
330,8.25,2.650740242e-22,4.499862532e-22,nan,nan,nan,nan
331,8.275,2.825311219e-22,5.029258124e-22,nan,nan,nan,nan
332,8.3,2.891485668e-22,5.823351512e-22,nan,nan,nan,nan
333,8.325,2.692962321e-22,6.220398206e-22,nan,nan,nan,nan
334,8.35,2.957660117e-22,6.617444900e-22,nan,nan,nan,nan
335,8.375,3.023834566e-22,6.882142696e-22,nan,nan,nan,nan
336,8.4,2.957660117e-22,6.882142696e-22,nan,nan,nan,nan
337,8.425,2.843902339e-22,7.411538288e-22,nan,nan,nan,nan
338,8.45,2.574108918e-22,7.411538288e-22,nan,nan,nan,nan
339,8.475,2.984867796e-22,7.146840492e-22,nan,nan,nan,nan
340,8.5,3.845135633e-22,7.676236084e-22,nan,nan,nan,nan
341,8.525,4.043658980e-22,8.470329473e-22,nan,nan,nan,nan
342,8.55,4.308356776e-22,8.735027269e-22,nan,nan,nan,nan
343,8.575,4.970101266e-22,9.264422861e-22,nan,nan,nan,nan
344,8.6,5.631845756e-22,1.005851625e-21,nan,nan,nan,nan
345,8.625,5.896543552e-22,1.005851625e-21,nan,nan,nan,nan
346,8.65,5.499496858e-22,9.793818453e-22,nan,nan,nan,nan
347,8.675,5.565671307e-22,1.032321404e-21,nan,nan,nan,nan
348,8.7,5.616929980e-22,1.085260964e-21,nan,nan,nan,nan
349,8.725,6.411023368e-22,1.058791184e-21,nan,nan,nan,nan
350,8.75,6.940418960e-22,1.164670302e-21,nan,nan,nan,nan
351,8.775,6.935420009e-22,1.349958760e-21,nan,nan,nan,nan
352,8.8,6.935420009e-22,1.376428539e-21,nan,nan,nan,nan
353,8.825,7.464815601e-22,1.482307658e-21,nan,nan,nan,nan
354,8.85,7.332466703e-22,1.641126335e-21,nan,nan,nan,nan
355,8.875,7.464815601e-22,1.747005454e-21,nan,nan,nan,nan
356,8.9,7.200117805e-22,1.799945013e-21,nan,nan,nan,nan
357,8.925,6.141326621e-22,1.694065895e-21,nan,nan,nan,nan
358,8.95,6.050012785e-22,1.799945013e-21,nan,nan,nan,nan
359,8.975,7.130338434e-22,1.799945013e-21,nan,nan,nan,nan
360,9,7.665082591e-22,1.958763691e-21,nan,nan,nan,nan
361,9.025,9.650316061e-22,2.064642809e-21,nan,nan,nan,nan
362,9.05,1.123850284e-21,2.011703250e-21,nan,nan,nan,nan
363,9.075,1.097380504e-21,2.382280164e-21,nan,nan,nan,nan
364,9.1,1.150320063e-21,2.488159283e-21,nan,nan,nan,nan
365,9.125,1.282668961e-21,2.382280164e-21,nan,nan,nan,nan
366,9.15,1.282668961e-21,2.382280164e-21,nan,nan,nan,nan
367,9.175,1.430985098e-21,2.329340605e-21,nan,nan,nan,nan
368,9.2,1.404515318e-21,2.435219723e-21,nan,nan,nan,nan
369,9.225,1.430985098e-21,2.646977960e-21,nan,nan,nan,nan
370,9.25,1.471189662e-21,2.911675756e-21,nan,nan,nan,nan
371,9.275,1.656478119e-21,2.911675756e-21,nan,nan,nan,nan
372,9.3,1.682947899e-21,3.705769144e-21,nan,nan,nan,nan
373,9.325,1.656478119e-21,4.235164736e-21,nan,nan,nan,nan
374,9.35,1.709417679e-21,4.446922973e-21,nan,nan,nan,nan
375,9.375,1.921175915e-21,4.446922973e-21,nan,nan,nan,nan
376,9.4,1.868236356e-21,4.129285618e-21,nan,nan,nan,nan
377,9.425,1.556994978e-21,4.235164736e-21,nan,nan,nan,nan
378,9.45,1.583217478e-21,4.023406499e-21,nan,nan,nan,nan
379,9.475,1.835801948e-21,4.235164736e-21,nan,nan,nan,nan
380,9.5,2.179909083e-21,4.658681210e-21,nan,nan,nan,nan
381,9.525,2.497546438e-21,4.552802091e-21,nan,nan,nan,nan
382,9.55,2.656365116e-21,5.082197684e-21,nan,nan,nan,nan
383,9.575,2.762244234e-21,5.505714157e-21,nan,nan,nan,nan
384,9.6,2.974002471e-21,5.293955920e-21,nan,nan,nan,nan
385,9.625,3.238700267e-21,5.082197684e-21,nan,nan,nan,nan
386,9.65,3.238700267e-21,5.399835039e-21,nan,nan,nan,nan
387,9.675,3.448346541e-21,5.717472394e-21,nan,nan,nan,nan
388,9.7,3.554225659e-21,5.929230631e-21,nan,nan,nan,nan
389,9.725,3.395406981e-21,6.776263578e-21,nan,nan,nan,nan
390,9.75,3.660104777e-21,7.199780052e-21,nan,nan,nan,nan
391,9.775,4.005676571e-21,6.988021815e-21,nan,nan,nan,nan
392,9.8,3.846857894e-21,7.199780052e-21,nan,nan,nan,nan
393,9.825,3.211583183e-21,8.046812999e-21,nan,nan,nan,nan
394,9.85,4.158839624e-21,9.740878893e-21,nan,nan,nan,nan
395,9.875,6.211756063e-21,1.122318655e-20,nan,nan,nan,nan
396,9.9,8.543691765e-21,1.270549421e-20,nan,nan,nan,nan
397,9.925,1.180651793e-20,1.524659305e-20,nan,nan,nan,nan
398,9.95,1.589090207e-20,2.054054897e-20,nan,nan,nan,nan
399,9.975,1.990535847e-20,2.519923018e-20,nan,nan,nan,nan
400,10,2.424472665e-20,2.985791139e-20,nan,nan,nan,nan
401,10.025,2.832354567e-20,3.494010907e-20,nan,nan,nan,nan
402,10.05,3.055803698e-20,3.695181232e-20,nan,nan,nan,nan
403,10.075,3.189096515e-20,3.542980000e-20,nan,nan,nan,nan
404,10.1,3.116173725e-20,3.590625603e-20,nan,nan,nan,nan
405,10.125,3.331960613e-20,4.277516384e-20,nan,nan,nan,nan
406,10.15,4.551076440e-20,6.310395457e-20,nan,nan,nan,nan
407,10.175,7.286592890e-20,9.613823951e-20,nan,nan,nan,nan
408,10.2,1.125029033e-19,1.410309857e-19,nan,nan,nan,nan
409,10.225,1.653148557e-19,2.011703250e-19,nan,nan,nan,nan
410,10.25,2.252374866e-19,2.668153784e-19,nan,nan,nan,nan
411,10.275,2.882621847e-19,3.290723000e-19,nan,nan,nan,nan
412,10.3,3.437498423e-19,3.811648263e-19,nan,nan,nan,nan
413,10.325,3.827994421e-19,4.120815288e-19,nan,nan,nan,nan
414,10.35,3.982872669e-19,4.252105395e-19,nan,nan,nan,nan
415,10.375,3.870690934e-19,4.065758147e-19,nan,nan,nan,nan
416,10.4,3.801661951e-19,4.006465841e-19,nan,nan,nan,nan
417,10.425,4.172357507e-19,4.963613071e-19,nan,nan,nan,nan
418,10.45,6.091824376e-19,7.356481147e-19,nan,nan,nan,nan
419,10.475,9.279348052e-19,1.085472722e-18,nan,nan,nan,nan
420,10.5,1.318245475e-18,1.494589635e-18,nan,nan,nan,nan
421,10.525,1.733266037e-18,1.913447428e-18,nan,nan,nan,nan
422,10.55,2.108714843e-18,2.267083683e-18,nan,nan,nan,nan
423,10.575,2.377108242e-18,2.478418404e-18,nan,nan,nan,nan
424,10.6,2.477839287e-18,2.500017744e-18,nan,nan,nan,nan
425,10.625,2.382624752e-18,2.390924449e-18,nan,nan,nan,nan
426,10.65,2.391045036e-18,2.405167411e-18,nan,nan,nan,nan
427,10.675,2.287135650e-18,2.315039834e-18,nan,nan,nan,nan
428,10.7,2.755473108e-18,3.142492234e-18,nan,nan,nan,nan
429,10.725,3.967726231e-18,4.479110225e-18,nan,nan,nan,nan
430,10.75,5.445531291e-18,5.958029751e-18,nan,nan,nan,nan
431,10.775,6.866796456e-18,7.251449061e-18,nan,nan,nan,nan
432,10.8,7.949329315e-18,8.108646404e-18,nan,nan,nan,nan
433,10.825,8.445407533e-18,8.308546180e-18,nan,nan,nan,nan
434,10.85,8.215498380e-18,7.936465005e-18,nan,nan,nan,nan
435,10.875,8.245944748e-18,8.101505103e-18,nan,nan,nan,nan
436,10.9,7.990695528e-18,7.773080036e-18,nan,nan,nan,nan
437,10.925,8.051319475e-18,7.900424483e-18,nan,nan,nan,nan
438,10.95,8.274960592e-18,9.068334733e-18,nan,nan,nan,nan
439,10.975,1.104341223e-17,1.174495885e-17,nan,nan,nan,nan
440,11,1.363722228e-17,1.392437462e-17,nan,nan,nan,nan
441,11.025,1.530628967e-17,1.494589635e-17,nan,nan,nan,nan
442,11.05,1.560726596e-17,1.453169724e-17,nan,nan,nan,nan
443,11.075,1.519068278e-17,1.480721546e-17,nan,nan,nan,nan
444,11.1,1.545407058e-17,1.438146240e-17,nan,nan,nan,nan
445,11.125,1.506997473e-17,1.467805663e-17,nan,nan,nan,nan
446,11.15,1.529279752e-17,1.422695399e-17,nan,nan,nan,nan
447,11.175,1.494878203e-17,1.455488529e-17,nan,nan,nan,nan
448,11.2,1.513123701e-17,1.407524255e-17,nan,nan,nan,nan
449,11.225,1.482203323e-17,1.442287048e-17,nan,nan,nan,nan
450,11.25,1.496413699e-17,1.391500873e-17,nan,nan,nan,nan
451,11.275,1.468555359e-17,1.428336661e-17,nan,nan,nan,nan
452,11.3,1.478757764e-17,1.374481614e-17,nan,nan,nan,nan
453,11.325,1.454195872e-17,1.413563384e-17,nan,nan,nan,nan
454,11.35,1.460267484e-17,1.357342941e-17,nan,nan,nan,nan
455,11.375,1.439625136e-17,1.489338031e-17,nan,nan,nan,nan
456,11.4,1.739027896e-17,1.841449627e-17,nan,nan,nan,nan
457,11.425,2.010884187e-17,2.028135689e-17,nan,nan,nan,nan
458,11.45,2.027732752e-17,1.875161539e-17,nan,nan,nan,nan
459,11.475,1.912300389e-17,1.925075826e-17,nan,nan,nan,nan
460,11.5,1.924701304e-17,1.779085672e-17,nan,nan,nan,nan
461,11.525,2.329627722e-17,3.117758872e-17,nan,nan,nan,nan
462,11.55,4.140512324e-17,5.036457904e-17,nan,nan,nan,nan
463,11.575,5.924149578e-17,6.582123627e-17,nan,nan,nan,nan
464,11.6,6.964820944e-17,7.058494956e-17,nan,nan,nan,nan
465,11.625,6.639750579e-17,6.359287661e-17,nan,nan,nan,nan
466,11.65,6.730105962e-17,6.804739447e-17,nan,nan,nan,nan
467,11.675,6.402654057e-17,6.147542916e-17,nan,nan,nan,nan
468,11.7,7.658988147e-17,1.072140423e-16,nan,nan,nan,nan
469,11.725,1.386009225e-16,1.680852181e-16,nan,nan,nan,nan
470,11.75,1.922923946e-16,2.112906746e-16,nan,nan,nan,nan
471,11.775,2.187089325e-16,2.194560722e-16,nan,nan,nan,nan
472,11.8,2.038023759e-16,2.045677098e-16,nan,nan,nan,nan
473,11.825,2.116311261e-16,2.123783649e-16,nan,nan,nan,nan
474,11.85,1.970762977e-16,1.980581250e-16,nan,nan,nan,nan
475,11.875,2.310656924e-16,3.001063143e-16,nan,nan,nan,nan
476,11.9,3.811558878e-16,4.418928534e-16,nan,nan,nan,nan
477,11.925,5.013144671e-16,5.297276289e-16,nan,nan,nan,nan
478,11.95,5.450866305e-16,5.248275433e-16,nan,nan,nan,nan
479,11.975,4.886586298e-16,5.166462457e-16,nan,nan,nan,nan
480,12,5.318176359e-16,5.126127415e-16,nan,nan,nan,nan
481,12.025,4.762583707e-16,5.038347613e-16,nan,nan,nan,nan
482,12.05,5.187776972e-16,6.273939159e-16,nan,nan,nan,nan
483,12.075,7.748328963e-16,8.737110970e-16,nan,nan,nan,nan
484,12.1,9.586463785e-16,9.729969109e-16,nan,nan,nan,nan
485,12.125,9.579197060e-16,8.661555631e-16,nan,nan,nan,nan
486,12.15,9.395861747e-16,9.550022921e-16,nan,nan,nan,nan
487,12.175,9.423851654e-16,8.541920537e-16,nan,nan,nan,nan
488,12.2,9.208679823e-16,9.373188675e-16,nan,nan,nan,nan
489,12.225,1.020407729e-15,1.238714535e-15,nan,nan,nan,nan
490,12.25,1.414124624e-15,1.501620009e-15,nan,nan,nan,nan
491,12.275,1.521489929e-15,1.429405368e-15,nan,nan,nan,nan
492,12.3,1.382973684e-15,1.473168775e-15,nan,nan,nan,nan
493,12.325,1.497672230e-15,1.412766609e-15,nan,nan,nan,nan
494,12.35,1.352451340e-15,1.445072106e-15,nan,nan,nan,nan
495,12.375,1.473899528e-15,1.718686601e-15,nan,nan,nan,nan
496,12.4,2.001228617e-15,2.140294286e-15,nan,nan,nan,nan
497,12.425,2.192113623e-15,2.051963996e-15,nan,nan,nan,nan
498,12.45,1.955667361e-15,2.102162847e-15,nan,nan,nan,nan
499,12.475,2.163783868e-15,2.037993458e-15,nan,nan,nan,nan
500,12.5,1.910484018e-15,2.064242076e-15,nan,nan,nan,nan
501,12.525,2.134656976e-15,2.224796410e-15,nan,nan,nan,nan
502,12.55,2.548641451e-15,2.664481049e-15,nan,nan,nan,nan
503,12.575,2.649119960e-15,2.363547183e-15,nan,nan,nan,nan
504,12.6,2.497185979e-15,2.629960473e-15,nan,nan,nan,nan
505,12.625,2.634997948e-15,2.374110729e-15,nan,nan,nan,nan
506,12.65,2.445143898e-15,2.594509059e-15,nan,nan,nan,nan
507,12.675,2.618360373e-15,2.999675703e-15,nan,nan,nan,nan
508,12.7,3.204599416e-15,3.152019661e-15,nan,nan,nan,nan
509,12.725,2.887818535e-15,2.920922302e-15,nan,nan,nan,nan
510,12.75,3.151298310e-15,3.132111721e-15,nan,nan,nan,nan
511,12.775,2.901383700e-15,2.841893144e-15,nan,nan,nan,nan
512,12.8,3.095235064e-15,3.257329573e-15,nan,nan,nan,nan
513,12.825,3.733440216e-15,3.881586079e-15,nan,nan,nan,nan
514,12.85,3.808606044e-15,3.295568029e-15,nan,nan,nan,nan
515,12.875,3.644577896e-15,3.836776711e-15,nan,nan,nan,nan
516,12.9,3.806950592e-15,3.346697680e-15,nan,nan,nan,nan
517,12.925,3.551442862e-15,3.785449877e-15,nan,nan,nan,nan
518,12.95,3.797207194e-15,4.082915646e-15,nan,nan,nan,nan
519,12.975,4.109328259e-15,3.729126806e-15,nan,nan,nan,nan
520,13,3.779846445e-15,4.019362954e-15,nan,nan,nan,nan
521,13.025,4.104307662e-15,3.724494455e-15,nan,nan,nan,nan
522,13.05,3.755293910e-15,3.947310445e-15,nan,nan,nan,nan
523,13.075,4.170628624e-15,4.684729167e-15,nan,nan,nan,nan
524,13.1,4.735261963e-15,4.318566988e-15,nan,nan,nan,nan
525,13.125,4.063345593e-15,4.577584599e-15,nan,nan,nan,nan
526,13.15,4.698140483e-15,4.368771610e-15,nan,nan,nan,nan
527,13.175,4.030241735e-15,4.458981736e-15,nan,nan,nan,nan
528,13.2,4.781111433e-15,5.241521193e-15,nan,nan,nan,nan
529,13.225,5.356476408e-15,4.739535587e-15,nan,nan,nan,nan
530,13.25,4.600920199e-15,5.154707559e-15,nan,nan,nan,nan
531,13.275,5.353362397e-15,4.849580061e-15,nan,nan,nan,nan
532,13.3,4.505475010e-15,5.050409709e-15,nan,nan,nan,nan
533,13.325,5.331038933e-15,5.153267136e-15,nan,nan,nan,nan
534,13.35,4.991513491e-15,4.929474092e-15,nan,nan,nan,nan
535,13.375,5.289175850e-15,5.079758160e-15,nan,nan,nan,nan
536,13.4,5.030421057e-15,4.793132467e-15,nan,nan,nan,nan
537,13.425,5.228090174e-15,5.437409420e-15,nan,nan,nan,nan
538,13.45,6.148874228e-15,6.288440363e-15,nan,nan,nan,nan
539,13.475,5.922265035e-15,5.146101326e-15,nan,nan,nan,nan
540,13.5,5.949375941e-15,6.244788381e-15,nan,nan,nan,nan
541,13.525,5.994756194e-15,5.076852765e-15,nan,nan,nan,nan
542,13.55,5.723861437e-15,6.168736224e-15,nan,nan,nan,nan
543,13.575,6.256028238e-15,5.819780421e-15,nan,nan,nan,nan
544,13.6,5.477468661e-15,6.061873056e-15,nan,nan,nan,nan
545,13.625,6.213476689e-15,5.956228298e-15,nan,nan,nan,nan
546,13.65,5.436133347e-15,5.929023934e-15,nan,nan,nan,nan
547,13.675,6.133100848e-15,6.168839311e-15,nan,nan,nan,nan
548,13.7,5.905954800e-15,5.769821243e-15,nan,nan,nan,nan
549,13.725,6.016077676e-15,6.104638165e-15,nan,nan,nan,nan
550,13.75,5.909278795e-15,5.585412087e-15,nan,nan,nan,nan
551,13.775,5.890359460e-15,7.136652380e-15,nan,nan,nan,nan
552,13.8,7.979668310e-15,7.724371273e-15,nan,nan,nan,nan
553,13.825,7.218449518e-15,6.807602770e-15,nan,nan,nan,nan
554,13.85,7.794339559e-15,7.784660044e-15,nan,nan,nan,nan
555,13.875,7.442804794e-15,6.436619697e-15,nan,nan,nan,nan
556,13.9,7.556061177e-15,7.784464578e-15,nan,nan,nan,nan
557,13.925,7.609808003e-15,6.138829090e-15,nan,nan,nan,nan
558,13.95,7.271139292e-15,7.726010698e-15,nan,nan,nan,nan
559,13.975,7.716756873e-15,6.467821072e-15,nan,nan,nan,nan
560,14,6.942116486e-15,7.712580574e-15,nan,nan,nan,nan
561,14.025,8.189079772e-15,8.010085650e-15,nan,nan,nan,nan
562,14.05,7.028743018e-15,7.451104607e-15,nan,nan,nan,nan
563,14.075,7.893724760e-15,8.013650526e-15,nan,nan,nan,nan
564,14.1,7.199584653e-15,7.237995983e-15,nan,nan,nan,nan
565,14.125,8.398405520e-15,8.461005334e-15,nan,nan,nan,nan
566,14.15,8.623154387e-15,6.979741486e-15,nan,nan,nan,nan
567,14.175,8.151576718e-15,8.511507419e-15,nan,nan,nan,nan
568,14.2,8.900278396e-15,7.183741729e-15,nan,nan,nan,nan
569,14.225,7.831352129e-15,8.475544683e-15,nan,nan,nan,nan
570,14.25,9.084438835e-15,7.681086416e-15,nan,nan,nan,nan
571,14.275,7.451185364e-15,8.354397848e-15,nan,nan,nan,nan
572,14.3,9.177990351e-15,8.090897973e-15,nan,nan,nan,nan
573,14.325,9.238538775e-15,1.086294683e-14,nan,nan,nan,nan
574,14.35,1.200032744e-14,1.133072585e-14,nan,nan,nan,nan
575,14.375,1.077065433e-14,1.032166194e-14,nan,nan,nan,nan
576,14.4,1.167179950e-14,1.141921322e-14,nan,nan,nan,nan
577,14.425,1.107550948e-14,9.690570028e-15,nan,nan,nan,nan
578,14.45,1.123503719e-14,1.139176635e-14,nan,nan,nan,nan
579,14.475,1.126742870e-14,9.185283600e-15,nan,nan,nan,nan
580,14.5,1.069960244e-14,1.125326773e-14,nan,nan,nan,nan
581,14.525,1.134989105e-14,9.633863075e-15,nan,nan,nan,nan
582,14.55,1.007993391e-14,1.100166392e-14,nan,nan,nan,nan
583,14.575,1.132665253e-14,9.978807751e-15,nan,nan,nan,nan
584,14.6,9.373027876e-15,1.064792428e-14,nan,nan,nan,nan
585,14.625,1.118567439e-14,1.061900134e-14,nan,nan,nan,nan
586,14.65,1.348854518e-14,1.349896757e-14,nan,nan,nan,nan
587,14.675,1.509136328e-14,1.262997953e-14,nan,nan,nan,nan
588,14.7,1.297197650e-14,1.340464437e-14,nan,nan,nan,nan
589,14.725,1.524715706e-14,1.324794522e-14,nan,nan,nan,nan
590,14.75,1.336290694e-14,1.316756100e-14,nan,nan,nan,nan
591,14.775,1.525214811e-14,1.372076121e-14,nan,nan,nan,nan
592,14.8,1.407568501e-14,1.278868448e-14,nan,nan,nan,nan
593,14.825,1.509634783e-14,1.419638062e-14,nan,nan,nan,nan
594,14.85,1.771934164e-14,1.898026007e-14,nan,nan,nan,nan
595,14.875,2.083412234e-14,1.922518134e-14,nan,nan,nan,nan
596,14.9,1.927983513e-14,1.812107719e-14,nan,nan,nan,nan
597,14.925,2.023492508e-14,1.923004940e-14,nan,nan,nan,nan
598,14.95,1.948760999e-14,1.712747116e-14,nan,nan,nan,nan
599,14.975,1.945223392e-14,1.906652034e-14,nan,nan,nan,nan
600,15,1.951588852e-14,1.656871231e-14,nan,nan,nan,nan
601,15.025,1.855082425e-14,1.871464683e-14,nan,nan,nan,nan
602,15.05,1.941398505e-14,1.814265630e-14,nan,nan,nan,nan
603,15.075,1.931557876e-14,1.888788266e-14,nan,nan,nan,nan
604,15.1,1.971465132e-14,1.882744178e-14,nan,nan,nan,nan
605,15.125,2.173980434e-14,2.172741154e-14,nan,nan,nan,nan
606,15.15,2.672530181e-14,2.614184910e-14,nan,nan,nan,nan
607,15.175,3.079038002e-14,2.769832974e-14,nan,nan,nan,nan
608,15.2,3.061207355e-14,2.554978234e-14,nan,nan,nan,nan
609,15.225,3.035942526e-14,2.793643165e-14,nan,nan,nan,nan
610,15.25,3.107707480e-14,2.583758333e-14,nan,nan,nan,nan
611,15.275,2.974573211e-14,2.790391126e-14,nan,nan,nan,nan
612,15.3,3.137496495e-14,2.656695172e-14,nan,nan,nan,nan
613,15.325,3.007506757e-14,3.178121828e-14,nan,nan,nan,nan
614,15.35,3.851999880e-14,3.854685668e-14,nan,nan,nan,nan
615,15.375,4.362473146e-14,4.038544672e-14,nan,nan,nan,nan
616,15.4,4.367138683e-14,3.762376695e-14,nan,nan,nan,nan
617,15.425,4.218366174e-14,3.980310825e-14,nan,nan,nan,nan
618,15.45,4.319197062e-14,3.791794252e-14,nan,nan,nan,nan
619,15.475,4.086351522e-14,3.904871374e-14,nan,nan,nan,nan
620,15.5,4.323888442e-14,3.881812406e-14,nan,nan,nan,nan
621,15.525,4.611143030e-14,4.261326535e-14,nan,nan,nan,nan
622,15.55,4.886087475e-14,4.571842037e-14,nan,nan,nan,nan
623,15.575,5.119571194e-14,4.778946336e-14,nan,nan,nan,nan
624,15.6,5.416068001e-14,5.091023089e-14,nan,nan,nan,nan
625,15.625,5.984165796e-14,5.671548300e-14,nan,nan,nan,nan
626,15.65,6.736528251e-14,6.264433416e-14,nan,nan,nan,nan
627,15.675,7.283240765e-14,6.498968030e-14,nan,nan,nan,nan
628,15.7,7.346751763e-14,6.300342192e-14,nan,nan,nan,nan
629,15.725,7.201049357e-14,6.472560969e-14,nan,nan,nan,nan
630,15.75,7.363445821e-14,6.321699450e-14,nan,nan,nan,nan
631,15.775,7.078828768e-14,6.427477073e-14,nan,nan,nan,nan
632,15.8,7.737255965e-14,7.395863436e-14,nan,nan,nan,nan
633,15.825,8.915339860e-14,8.523520431e-14,nan,nan,nan,nan
634,15.85,9.973482138e-14,9.276607260e-14,nan,nan,nan,nan
635,15.875,1.054703914e-13,9.470245768e-14,nan,nan,nan,nan
636,15.9,1.064933446e-13,9.337365950e-14,nan,nan,nan,nan
637,15.925,1.065592471e-13,9.382398946e-14,nan,nan,nan,nan
638,15.95,1.093082794e-13,9.698448641e-14,nan,nan,nan,nan
639,15.975,1.151922273e-13,1.036891926e-13,nan,nan,nan,nan
640,16,1.223819227e-13,1.112235304e-13,nan,nan,nan,nan
641,16.025,1.292450904e-13,1.179794110e-13,nan,nan,nan,nan
642,16.05,1.354795185e-13,1.237595096e-13,nan,nan,nan,nan
643,16.075,1.422999867e-13,1.304208477e-13,nan,nan,nan,nan
644,16.1,1.518562107e-13,1.396933784e-13,nan,nan,nan,nan
645,16.125,1.640995423e-13,1.501021529e-13,nan,nan,nan,nan
646,16.15,1.755803817e-13,1.579040718e-13,nan,nan,nan,nan
647,16.175,1.827825589e-13,1.612750732e-13,nan,nan,nan,nan
648,16.2,1.854346527e-13,1.621047047e-13,nan,nan,nan,nan
649,16.225,1.872318573e-13,1.651955482e-13,nan,nan,nan,nan
650,16.25,1.933963188e-13,1.745747644e-13,nan,nan,nan,nan
651,16.275,2.066631666e-13,1.904617956e-13,nan,nan,nan,nan
652,16.3,2.250520695e-13,2.085246038e-13,nan,nan,nan,nan
653,16.325,2.433252540e-13,2.231656700e-13,nan,nan,nan,nan
654,16.35,2.569927765e-13,2.317573217e-13,nan,nan,nan,nan
655,16.375,2.656091815e-13,2.363959722e-13,nan,nan,nan,nan
656,16.4,2.728265141e-13,2.421448458e-13,nan,nan,nan,nan
657,16.425,2.829580896e-13,2.525210943e-13,nan,nan,nan,nan
658,16.45,2.972699199e-13,2.672159369e-13,nan,nan,nan,nan
659,16.475,3.140689903e-13,2.834590201e-13,nan,nan,nan,nan
660,16.5,3.308276304e-13,2.990507147e-13,nan,nan,nan,nan
661,16.525,3.471036693e-13,3.136197899e-13,nan,nan,nan,nan
662,16.55,3.642153198e-13,3.291837289e-13,nan,nan,nan,nan
663,16.575,3.845523968e-13,3.476767485e-13,nan,nan,nan,nan
664,16.6,4.074109204e-13,3.673571863e-13,nan,nan,nan,nan
665,16.625,4.296590613e-13,3.851025401e-13,nan,nan,nan,nan
666,16.65,4.479432604e-13,3.993238032e-13,nan,nan,nan,nan
667,16.675,4.627379951e-13,4.122379521e-13,nan,nan,nan,nan
668,16.7,4.784386853e-13,4.286892022e-13,nan,nan,nan,nan
669,16.725,5.004059376e-13,4.523265443e-13,nan,nan,nan,nan
670,16.75,5.307272376e-13,4.822392485e-13,nan,nan,nan,nan
671,16.775,5.660677469e-13,5.132925335e-13,nan,nan,nan,nan
672,16.8,6.000926624e-13,5.400133465e-13,nan,nan,nan,nan
673,16.825,6.285935958e-13,5.611257986e-13,nan,nan,nan,nan
674,16.85,6.525121756e-13,5.803083708e-13,nan,nan,nan,nan
675,16.875,6.768463857e-13,6.031763630e-13,nan,nan,nan,nan
676,16.9,7.063945946e-13,6.327455920e-13,nan,nan,nan,nan
677,16.925,7.421914519e-13,6.675389408e-13,nan,nan,nan,nan
678,16.95,7.815356534e-13,7.036619551e-13,nan,nan,nan,nan
679,16.975,8.212357756e-13,7.386799505e-13,nan,nan,nan,nan
680,17,8.607022372e-13,7.733822263e-13,nan,nan,nan,nan
681,17.025,9.020472005e-13,8.103248975e-13,nan,nan,nan,nan
682,17.05,9.474405138e-13,8.507482913e-13,nan,nan,nan,nan
683,17.075,9.962743693e-13,8.928118661e-13,nan,nan,nan,nan
684,17.1,1.044652137e-12,9.330244910e-13,nan,nan,nan,nan
685,17.125,1.090289444e-12,9.711727950e-13,nan,nan,nan,nan
686,17.15,1.135020948e-12,1.011234499e-12,nan,nan,nan,nan
687,17.175,1.184066691e-12,1.058512653e-12,nan,nan,nan,nan
688,17.2,1.241970656e-12,1.115042086e-12,nan,nan,nan,nan
689,17.225,1.308573768e-12,1.177384579e-12,nan,nan,nan,nan
690,17.25,1.378847817e-12,1.238986344e-12,nan,nan,nan,nan
691,17.275,1.446888376e-12,1.295446389e-12,nan,nan,nan,nan
692,17.3,1.510789152e-12,1.348025858e-12,nan,nan,nan,nan
693,17.325,1.574084805e-12,1.402780669e-12,nan,nan,nan,nan
694,17.35,1.642989076e-12,1.465508270e-12,nan,nan,nan,nan
695,17.375,1.720711457e-12,1.537499295e-12,nan,nan,nan,nan
696,17.4,1.805685432e-12,1.615220110e-12,nan,nan,nan,nan
697,17.425,1.894153700e-12,1.694176049e-12,nan,nan,nan,nan
698,17.45,1.983866341e-12,1.773064334e-12,nan,nan,nan,nan
699,17.475,2.075901250e-12,1.854225107e-12,nan,nan,nan,nan
700,17.5,2.172822630e-12,1.940118205e-12,nan,nan,nan,nan
701,17.525,2.275460700e-12,2.030906693e-12,nan,nan,nan,nan
702,17.55,2.381814632e-12,2.124465534e-12,nan,nan,nan,nan
703,17.575,2.489466640e-12,2.219320214e-12,nan,nan,nan,nan
704,17.6,2.599041972e-12,2.317363315e-12,nan,nan,nan,nan
705,17.625,2.714910622e-12,2.422754705e-12,nan,nan,nan,nan
706,17.65,2.841892308e-12,2.538412189e-12,nan,nan,nan,nan
707,17.675,2.980721350e-12,2.662453591e-12,nan,nan,nan,nan
708,17.7,3.127376396e-12,2.789381573e-12,nan,nan,nan,nan
709,17.725,3.274504580e-12,2.915034533e-12,nan,nan,nan,nan
710,17.75,3.419419059e-12,3.040467184e-12,nan,nan,nan,nan
711,17.775,3.566057680e-12,3.171357274e-12,nan,nan,nan,nan
712,17.8,3.722004887e-12,3.313970626e-12,nan,nan,nan,nan
713,17.825,3.892504898e-12,3.469903184e-12,nan,nan,nan,nan
714,17.85,4.076770895e-12,3.635272638e-12,nan,nan,nan,nan
715,17.875,4.269560817e-12,3.804637161e-12,nan,nan,nan,nan
716,17.9,4.466399106e-12,3.975819673e-12,nan,nan,nan,nan
717,17.925,4.667279537e-12,4.151432670e-12,nan,nan,nan,nan
718,17.95,4.875895940e-12,4.335802550e-12,nan,nan,nan,nan
719,17.975,5.095449637e-12,4.530646691e-12,nan,nan,nan,nan
720,18,5.326522077e-12,4.734244247e-12,nan,nan,nan,nan
721,18.025,5.565804622e-12,4.944624571e-12,nan,nan,nan,nan
722,18.05,5.812311187e-12,5.162904826e-12,nan,nan,nan,nan
723,18.075,6.069582423e-12,5.393997748e-12,nan,nan,nan,nan
724,18.1,6.342903463e-12,5.640533179e-12,nan,nan,nan,nan
725,18.125,6.634406242e-12,5.900988032e-12,nan,nan,nan,nan
726,18.15,6.940584851e-12,6.169550981e-12,nan,nan,nan,nan
727,18.175,7.254997274e-12,6.441191330e-12,nan,nan,nan,nan
728,18.2,7.574150612e-12,6.716977669e-12,nan,nan,nan,nan
729,18.225,7.901236788e-12,7.004258284e-12,nan,nan,nan,nan
730,18.25,8.244047538e-12,7.311293931e-12,nan,nan,nan,nan
731,18.275,8.608995969e-12,7.640547917e-12,nan,nan,nan,nan
732,18.3,8.996435953e-12,7.987711187e-12,nan,nan,nan,nan
733,18.325,9.401473251e-12,8.345501373e-12,nan,nan,nan,nan
734,18.35,9.820779861e-12,8.710553112e-12,nan,nan,nan,nan
735,18.375,1.025263983e-11,9.087067904e-12,nan,nan,nan,nan
736,18.4,1.070088219e-11,9.480891766e-12,nan,nan,nan,nan
737,18.425,1.116979009e-11,9.895119446e-12,nan,nan,nan,nan
738,18.45,1.166056671e-11,1.032909869e-11,nan,nan,nan,nan
739,18.475,1.217175159e-11,1.078024822e-11,nan,nan,nan,nan
740,18.5,1.270266861e-11,1.124848825e-11,nan,nan,nan,nan
741,18.525,1.325566222e-11,1.173696210e-11,nan,nan,nan,nan
742,18.55,1.383457248e-11,1.224903512e-11,nan,nan,nan,nan
743,18.575,1.444094630e-11,1.278468997e-11,nan,nan,nan,nan
744,18.6,1.507229038e-11,1.334015537e-11,nan,nan,nan,nan
745,18.625,1.572478804e-11,1.391243717e-11,nan,nan,nan,nan
746,18.65,1.639804495e-11,1.450308276e-11,nan,nan,nan,nan
747,18.675,1.710039275e-11,1.511865286e-11,nan,nan,nan,nan
748,18.7,1.783689077e-11,1.576872660e-11,nan,nan,nan,nan
749,18.725,1.861151302e-11,1.645306807e-11,nan,nan,nan,nan
750,18.75,1.942199926e-11,1.716690678e-11,nan,nan,nan,nan
751,18.775,2.026271614e-11,1.790459447e-11,nan,nan,nan,nan
752,18.8,2.113053887e-11,1.866535398e-11,nan,nan,nan,nan
753,18.825,2.202845831e-11,1.945403560e-11,nan,nan,nan,nan
754,18.85,2.296348612e-11,2.027729373e-11,nan,nan,nan,nan
755,18.875,2.394113051e-11,2.113848679e-11,nan,nan,nan,nan
756,18.9,2.496223340e-11,2.203678212e-11,nan,nan,nan,nan
757,18.925,2.602459974e-11,2.297013274e-11,nan,nan,nan,nan
758,18.95,2.712751439e-11,2.393871906e-11,nan,nan,nan,nan
759,18.975,2.827416475e-11,2.494574686e-11,nan,nan,nan,nan
760,19,2.947266648e-11,2.599460924e-11,nan,nan,nan,nan
761,19.025,3.072447899e-11,2.709100999e-11,nan,nan,nan,nan
762,19.05,3.202418484e-11,2.822846124e-11,nan,nan,nan,nan
763,19.075,3.336939333e-11,2.940670624e-11,nan,nan,nan,nan
764,19.1,3.476307636e-11,3.063108794e-11,nan,nan,nan,nan
765,19.125,3.621410464e-11,3.190944037e-11,nan,nan,nan,nan
766,19.15,3.773160560e-11,3.324591297e-11,nan,nan,nan,nan
767,19.175,3.931856100e-11,3.463825754e-11,nan,nan,nan,nan
768,19.2,4.097022689e-11,3.608080501e-11,nan,nan,nan,nan
769,19.225,4.267973040e-11,3.757082839e-11,nan,nan,nan,nan
770,19.25,4.444585010e-11,3.911279634e-11,nan,nan,nan,nan
771,19.275,4.627589035e-11,4.071698534e-11,nan,nan,nan,nan
772,19.3,4.818131259e-11,4.239174983e-11,nan,nan,nan,nan
773,19.325,5.017242706e-11,4.413910903e-11,nan,nan,nan,nan
774,19.35,5.225492688e-11,4.596150543e-11,nan,nan,nan,nan
775,19.375,5.441831810e-11,4.785276342e-11,nan,nan,nan,nan
776,19.4,5.666218327e-11,4.981313972e-11,nan,nan,nan,nan
777,19.425,5.899112680e-11,5.184914303e-11,nan,nan,nan,nan
778,19.45,6.141193863e-11,5.396591507e-11,nan,nan,nan,nan
779,19.475,6.392858177e-11,5.616501014e-11,nan,nan,nan,nan
780,19.5,6.654118384e-11,5.844605355e-11,nan,nan,nan,nan
781,19.525,6.925005355e-11,6.081147391e-11,nan,nan,nan,nan
782,19.55,7.206024187e-11,6.326893176e-11,nan,nan,nan,nan
783,19.575,7.498147875e-11,6.582698275e-11,nan,nan,nan,nan
784,19.6,7.802276096e-11,6.848979717e-11,nan,nan,nan,nan
785,19.625,8.118687641e-11,7.125402351e-11,nan,nan,nan,nan
786,19.65,8.447054265e-11,7.411484620e-11,nan,nan,nan,nan
787,19.675,8.788216215e-11,7.708070293e-11,nan,nan,nan,nan
788,19.7,9.142171172e-11,8.016360492e-11,nan,nan,nan,nan
789,19.725,9.509441607e-11,8.336953350e-11,nan,nan,nan,nan
790,19.75,9.891296600e-11,8.670735657e-11,nan,nan,nan,nan
791,19.775,1.028845862e-10,9.017787905e-11,nan,nan,nan,nan
792,19.8,1.070100454e-10,9.377701393e-11,nan,nan,nan,nan
793,19.825,1.112883916e-10,9.750360241e-11,nan,nan,nan,nan
794,19.85,1.157226670e-10,1.013633066e-10,nan,nan,nan,nan
795,19.875,1.203210915e-10,1.053669374e-10,nan,nan,nan,nan
796,19.9,1.250932004e-10,1.095237234e-10,nan,nan,nan,nan
797,19.925,1.300458661e-10,1.138376060e-10,nan,nan,nan,nan
798,19.95,1.351831147e-10,1.183101533e-10,nan,nan,nan,nan
799,19.975,1.405098745e-10,1.229463753e-10,nan,nan,nan,nan
800,20,1.460343558e-10,1.277564721e-10,nan,nan,nan,nan
801,20.025,1.517941330e-10,1.327738197e-10,nan,nan,nan,nan
802,20.05,1.577746277e-10,1.379791559e-10,nan,nan,nan,nan
803,20.075,1.639768060e-10,1.433734104e-10,nan,nan,nan,nan
804,20.1,1.704032724e-10,1.489588175e-10,nan,nan,nan,nan
805,20.125,1.770610641e-10,1.547433431e-10,nan,nan,nan,nan
806,20.15,1.839628874e-10,1.607408096e-10,nan,nan,nan,nan
807,20.175,1.911234441e-10,1.669647753e-10,nan,nan,nan,nan
808,20.2,1.985532863e-10,1.734227623e-10,nan,nan,nan,nan
809,20.225,2.062570224e-10,1.801153948e-10,nan,nan,nan,nan
810,20.25,2.142374668e-10,1.870445882e-10,nan,nan,nan,nan
811,20.275,2.225016993e-10,1.942171979e-10,nan,nan,nan,nan
812,20.3,2.310627092e-10,2.016466716e-10,nan,nan,nan,nan
813,20.325,2.399360121e-10,2.093463181e-10,nan,nan,nan,nan
814,20.35,2.491359891e-10,2.173506375e-10,nan,nan,nan,nan
815,20.375,2.587177163e-10,2.256635989e-10,nan,nan,nan,nan
816,20.4,2.686441288e-10,2.342734340e-10,nan,nan,nan,nan
817,20.425,2.789269439e-10,2.431897322e-10,nan,nan,nan,nan
818,20.45,2.895806340e-10,2.524253306e-10,nan,nan,nan,nan
819,20.475,3.006188100e-10,2.619913037e-10,nan,nan,nan,nan
820,20.5,3.120513853e-10,2.718959918e-10,nan,nan,nan,nan
821,20.525,3.238870322e-10,2.821481104e-10,nan,nan,nan,nan
822,20.55,3.361386117e-10,2.927597470e-10,nan,nan,nan,nan
823,20.575,3.488252733e-10,3.037483320e-10,nan,nan,nan,nan
824,20.6,3.619685654e-10,3.151293670e-10,nan,nan,nan,nan
825,20.625,3.755851705e-10,3.269137461e-10,nan,nan,nan,nan
826,20.65,3.896841733e-10,3.391078668e-10,nan,nan,nan,nan
827,20.675,4.042718721e-10,3.517205971e-10,nan,nan,nan,nan
828,20.7,4.193601395e-10,3.648282371e-10,nan,nan,nan,nan
829,20.725,4.350512745e-10,3.784048352e-10,nan,nan,nan,nan
830,20.75,4.513007428e-10,3.924612163e-10,nan,nan,nan,nan
831,20.775,4.681283305e-10,4.070126042e-10,nan,nan,nan,nan
832,20.8,4.855495314e-10,4.220692129e-10,nan,nan,nan,nan
833,20.825,5.035761392e-10,4.376413953e-10,nan,nan,nan,nan
834,20.85,5.222234134e-10,4.537456799e-10,nan,nan,nan,nan
835,20.875,5.415133978e-10,4.704036882e-10,nan,nan,nan,nan
836,20.9,5.614712479e-10,4.876356402e-10,nan,nan,nan,nan
837,20.925,5.821192602e-10,5.054578145e-10,nan,nan,nan,nan
838,20.95,6.034759380e-10,5.238863232e-10,nan,nan,nan,nan
839,20.975,6.255605362e-10,5.429401789e-10,nan,nan,nan,nan
840,21,6.483986898e-10,5.626431682e-10,nan,nan,nan,nan
841,21.025,6.720211227e-10,5.830189664e-10,nan,nan,nan,nan
842,21.05,6.964565645e-10,6.042042422e-10,nan,nan,nan,nan
843,21.075,7.218200099e-10,6.261062779e-10,nan,nan,nan,nan
844,21.1,7.480860163e-10,6.487385767e-10,nan,nan,nan,nan
845,21.125,7.752317091e-10,6.721251056e-10,nan,nan,nan,nan
846,21.15,8.032881595e-10,6.962991850e-10,nan,nan,nan,nan
847,21.175,8.322951572e-10,7.212951347e-10,nan,nan,nan,nan
848,21.2,8.622912248e-10,7.471372965e-10,nan,nan,nan,nan
849,21.225,8.933065084e-10,7.738440444e-10,nan,nan,nan,nan
850,21.25,9.253630279e-10,8.014309216e-10,nan,nan,nan,nan
851,21.275,9.584839808e-10,8.299231025e-10,nan,nan,nan,nan
852,21.3,9.927009965e-10,8.593537548e-10,nan,nan,nan,nan
853,21.325,1.028053813e-09,8.897601544e-10,nan,nan,nan,nan
854,21.35,1.064583273e-09,9.211730823e-10,nan,nan,nan,nan
855,21.375,1.102325474e-09,9.536200996e-10,nan,nan,nan,nan
856,21.4,1.141313287e-09,9.873032392e-10,nan,nan,nan,nan
857,21.425,1.181620786e-09,1.022105151e-09,nan,nan,nan,nan
858,21.45,1.223442152e-09,1.058050508e-09,nan,nan,nan,nan
859,21.475,1.266646278e-09,1.095174618e-09,nan,nan,nan,nan
860,21.5,1.311274108e-09,1.133507926e-09,nan,nan,nan,nan
861,21.525,1.357362125e-09,1.173078606e-09,nan,nan,nan,nan
862,21.55,1.404947818e-09,1.213923906e-09,nan,nan,nan,nan
863,21.575,1.454076507e-09,1.256088816e-09,nan,nan,nan,nan
864,21.6,1.504802604e-09,1.299622410e-09,nan,nan,nan,nan
865,21.625,1.557181773e-09,1.344566986e-09,nan,nan,nan,nan
866,21.65,1.611264146e-09,1.390957155e-09,nan,nan,nan,nan
867,21.675,1.667092436e-09,1.438822561e-09,nan,nan,nan,nan
868,21.7,1.724709061e-09,1.488201368e-09,nan,nan,nan,nan
869,21.725,1.784164267e-09,1.539142647e-09,nan,nan,nan,nan
870,21.75,1.845517189e-09,1.591904913e-09,nan,nan,nan,nan
871,21.775,1.908830593e-09,1.646458275e-09,nan,nan,nan,nan
872,21.8,1.974320317e-09,1.702748026e-09,nan,nan,nan,nan
873,21.825,2.042109227e-09,1.760817381e-09,nan,nan,nan,nan
874,21.85,2.112053985e-09,1.820714940e-09,nan,nan,nan,nan
875,21.875,2.184216728e-09,1.882495687e-09,nan,nan,nan,nan
876,21.9,2.258664305e-09,1.946216105e-09,nan,nan,nan,nan
877,21.925,2.335463625e-09,2.011932287e-09,nan,nan,nan,nan
878,21.95,2.414680274e-09,2.079697026e-09,nan,nan,nan,nan
879,21.975,2.496380372e-09,2.149566219e-09,nan,nan,nan,nan
880,22,2.580635386e-09,2.221601930e-09,nan,nan,nan,nan
881,22.025,2.667522228e-09,2.295872076e-09,nan,nan,nan,nan
882,22.05,2.757119520e-09,2.372442298e-09,nan,nan,nan,nan
883,22.075,2.849503052e-09,2.451371273e-09,nan,nan,nan,nan
884,22.1,2.944745781e-09,2.532795557e-09,nan,nan,nan,nan
885,22.125,3.042923076e-09,2.617111944e-09,nan,nan,nan,nan
886,22.15,3.144117898e-09,2.704013458e-09,nan,nan,nan,nan
887,22.175,3.248660881e-09,2.793578813e-09,nan,nan,nan,nan
888,22.2,3.356775619e-09,2.885888001e-09,nan,nan,nan,nan
889,22.225,3.468216497e-09,2.981012687e-09,nan,nan,nan,nan
890,22.25,3.583071215e-09,3.079023730e-09,nan,nan,nan,nan
891,22.275,3.701431052e-09,3.179995350e-09,nan,nan,nan,nan
892,22.3,3.823393328e-09,3.284011035e-09,nan,nan,nan,nan
893,22.325,3.949060558e-09,3.391157577e-09,nan,nan,nan,nan
894,22.35,4.078536223e-09,3.501523071e-09,nan,nan,nan,nan
895,22.375,4.211923154e-09,3.615191063e-09,nan,nan,nan,nan
896,22.4,4.349326154e-09,3.732249232e-09,nan,nan,nan,nan
897,22.425,4.490855214e-09,3.852788671e-09,nan,nan,nan,nan
898,22.45,4.636624827e-09,3.976906221e-09,nan,nan,nan,nan
899,22.475,4.786750132e-09,4.105014773e-09,nan,nan,nan,nan
900,22.5,4.941345412e-09,4.237362877e-09,nan,nan,nan,nan
901,22.525,5.100525221e-09,4.373624268e-09,nan,nan,nan,nan
902,22.55,5.264495225e-09,4.513902779e-09,nan,nan,nan,nan
903,22.575,5.434182509e-09,4.658309155e-09,nan,nan,nan,nan
904,22.6,5.608902451e-09,4.806956944e-09,nan,nan,nan,nan
905,22.625,5.788790415e-09,4.959958444e-09,nan,nan,nan,nan
906,22.65,5.973977905e-09,5.117421820e-09,nan,nan,nan,nan
907,22.675,6.164596967e-09,5.279458898e-09,nan,nan,nan,nan
908,22.7,6.360788289e-09,5.446187751e-09,nan,nan,nan,nan
909,22.725,6.562703507e-09,5.617736054e-09,nan,nan,nan,nan
910,22.75,6.770499692e-09,5.794233010e-09,nan,nan,nan,nan
911,22.775,6.984332713e-09,5.975804074e-09,nan,nan,nan,nan
912,22.8,7.204355608e-09,6.162576172e-09,nan,nan,nan,nan
913,22.825,7.430723743e-09,6.354680171e-09,nan,nan,nan,nan
914,22.85,7.663600266e-09,6.552720533e-09,nan,nan,nan,nan
915,22.875,7.903155887e-09,6.757135906e-09,nan,nan,nan,nan
916,22.9,8.149563602e-09,6.967376981e-09,nan,nan,nan,nan
917,22.925,8.402995367e-09,7.183588974e-09,nan,nan,nan,nan
918,22.95,8.664278977e-09,7.405921737e-09,nan,nan,nan,nan
919,22.975,8.933855057e-09,7.634531257e-09,nan,nan,nan,nan
920,23,9.211099441e-09,7.869580237e-09,nan,nan,nan,nan
921,23.025,9.496213958e-09,8.111232574e-09,nan,nan,nan,nan
922,23.05,9.789396727e-09,8.359646392e-09,nan,nan,nan,nan
923,23.075,1.009084121e-08,8.614981839e-09,nan,nan,nan,nan
924,23.1,1.040074450e-08,8.877408642e-09,nan,nan,nan,nan
925,23.125,1.071931713e-08,9.147107682e-09,nan,nan,nan,nan
926,23.15,1.104678479e-08,9.424265895e-09,nan,nan,nan,nan
927,23.175,1.138337938e-08,9.709067772e-09,nan,nan,nan,nan
928,23.2,1.172932907e-08,1.000169564e-08,nan,nan,nan,nan
929,23.225,1.208485663e-08,1.030244265e-08,nan,nan,nan,nan
930,23.25,1.245018677e-08,1.061315388e-08,nan,nan,nan,nan
931,23.275,1.282555659e-08,1.093237373e-08,nan,nan,nan,nan
932,23.3,1.321121565e-08,1.126031313e-08,nan,nan,nan,nan
933,23.325,1.360741994e-08,1.159718546e-08,nan,nan,nan,nan
934,23.35,1.401538858e-08,1.194320010e-08,nan,nan,nan,nan
935,23.375,1.443591227e-08,1.229857327e-08,nan,nan,nan,nan
936,23.4,1.486789704e-08,1.266352934e-08,nan,nan,nan,nan
937,23.425,1.531162337e-08,1.303830138e-08,nan,nan,nan,nan
938,23.45,1.576737893e-08,1.342312034e-08,nan,nan,nan,nan
939,23.475,1.623544996e-08,1.381821646e-08,nan,nan,nan,nan
940,23.5,1.671612057e-08,1.422382406e-08,nan,nan,nan,nan
941,23.525,1.720968039e-08,1.464018973e-08,nan,nan,nan,nan
942,23.55,1.771643478e-08,1.506757086e-08,nan,nan,nan,nan
943,23.575,1.823670593e-08,1.550623291e-08,nan,nan,nan,nan
944,23.6,1.877082268e-08,1.595643806e-08,nan,nan,nan,nan
945,23.625,1.931910887e-08,1.641953012e-08,nan,nan,nan,nan
946,23.65,1.988188272e-08,1.689653839e-08,nan,nan,nan,nan
947,23.675,2.045946699e-08,1.738603850e-08,nan,nan,nan,nan
948,23.7,2.105220122e-08,1.788832593e-08,nan,nan,nan,nan
949,23.725,2.166044174e-08,1.840370367e-08,nan,nan,nan,nan
950,23.75,2.228455377e-08,1.893247081e-08,nan,nan,nan,nan
951,23.775,2.292851334e-08,1.947492462e-08,nan,nan,nan,nan
952,23.8,2.358943123e-08,2.003136679e-08,nan,nan,nan,nan
953,23.825,2.426753488e-08,2.060210952e-08,nan,nan,nan,nan
954,23.85,2.496321504e-08,2.118747522e-08,nan,nan,nan,nan
955,23.875,2.567687384e-08,2.178779346e-08,nan,nan,nan,nan
956,23.9,2.640891713e-08,2.240339170e-08,nan,nan,nan,nan
957,23.925,2.715975154e-08,2.303460223e-08,nan,nan,nan,nan
958,23.95,2.792979129e-08,2.368176782e-08,nan,nan,nan,nan
959,23.975,2.871946523e-08,2.434524421e-08,nan,nan,nan,nan
960,24,2.952921809e-08,2.502539681e-08,nan,nan,nan,nan
961,24.025,3.035950076e-08,2.572397423e-08,nan,nan,nan,nan
962,24.05,3.121076222e-08,2.644304242e-08,nan,nan,nan,nan
963,24.075,3.208344970e-08,2.718010561e-08,nan,nan,nan,nan
964,24.1,3.297802001e-08,2.793555309e-08,nan,nan,nan,nan
965,24.125,3.389494896e-08,2.870979177e-08,nan,nan,nan,nan
966,24.15,3.483472950e-08,2.950323541e-08,nan,nan,nan,nan
967,24.175,3.579806531e-08,3.031629608e-08,nan,nan,nan,nan
968,24.2,3.679092425e-08,3.114938057e-08,nan,nan,nan,nan
969,24.225,3.780845028e-08,3.200290077e-08,nan,nan,nan,nan
970,24.25,3.885116442e-08,3.287728362e-08,nan,nan,nan,nan
971,24.275,3.991960399e-08,3.377297331e-08,nan,nan,nan,nan
972,24.3,4.101431972e-08,3.469042226e-08,nan,nan,nan,nan
973,24.325,4.213587047e-08,3.563008050e-08,nan,nan,nan,nan
974,24.35,4.328481920e-08,3.659240155e-08,nan,nan,nan,nan
975,24.375,4.446173663e-08,3.757785050e-08,nan,nan,nan,nan
976,24.4,4.566720695e-08,3.858690573e-08,nan,nan,nan,nan
977,24.425,4.690182811e-08,3.962005285e-08,nan,nan,nan,nan
978,24.45,4.816620614e-08,4.068327036e-08,nan,nan,nan,nan
979,24.475,4.946095035e-08,4.177303747e-08,nan,nan,nan,nan
980,24.5,5.078667573e-08,4.288872418e-08,nan,nan,nan,nan
981,24.525,5.214401012e-08,4.403085541e-08,nan,nan,nan,nan
982,24.55,5.353359959e-08,4.519997371e-08,nan,nan,nan,nan
983,24.575,5.495610435e-08,4.639662932e-08,nan,nan,nan,nan
984,24.6,5.641219225e-08,4.762136874e-08,nan,nan,nan,nan
985,24.625,5.790762638e-08,4.887473520e-08,nan,nan,nan,nan
986,24.65,5.944218564e-08,5.015728638e-08,nan,nan,nan,nan
987,24.675,6.101282865e-08,5.146959503e-08,nan,nan,nan,nan
988,24.7,6.262027734e-08,5.281225357e-08,nan,nan,nan,nan
989,24.725,6.426526698e-08,5.418585758e-08,nan,nan,nan,nan
990,24.75,6.594854243e-08,5.559100685e-08,nan,nan,nan,nan
991,24.775,6.767085440e-08,5.702830269e-08,nan,nan,nan,nan
992,24.8,6.943296323e-08,5.849835827e-08,nan,nan,nan,nan
993,24.825,7.123564375e-08,6.000179847e-08,nan,nan,nan,nan
994,24.85,7.307968461e-08,6.153926113e-08,nan,nan,nan,nan
995,24.875,7.496588375e-08,6.311978146e-08,nan,nan,nan,nan
996,24.9,7.689504915e-08,6.473769798e-08,nan,nan,nan,nan
997,24.925,7.886799888e-08,6.639209266e-08,nan,nan,nan,nan
998,24.95,8.088556549e-08,6.808365388e-08,nan,nan,nan,nan
999,24.975,8.294859733e-08,6.981308531e-08,nan,nan,nan,nan
1000,25,8.505795286e-08,7.158109283e-08,nan,nan,nan,nan
1001,25.025,8.721449929e-08,7.338838559e-08,nan,nan,nan,nan
1002,25.05,8.941911165e-08,7.523567908e-08,nan,nan,nan,nan
1003,25.075,9.167924727e-08,7.712370370e-08,nan,nan,nan,nan
1004,25.1,9.399679233e-08,7.905320620e-08,nan,nan,nan,nan
1005,25.125,9.636579145e-08,8.102494692e-08,nan,nan,nan,nan
1006,25.15,9.878719643e-08,8.303969007e-08,nan,nan,nan,nan
1007,25.175,1.012619676e-07,8.509820587e-08,nan,nan,nan,nan
1008,25.2,1.037910750e-07,8.720126926e-08,nan,nan,nan,nan
1009,25.225,1.063755041e-07,8.934966728e-08,nan,nan,nan,nan
1010,25.25,1.090162562e-07,9.154420350e-08,nan,nan,nan,nan
1011,25.275,1.117143470e-07,9.378569460e-08,nan,nan,nan,nan
1012,25.3,1.144708018e-07,9.607922702e-08,nan,nan,nan,nan
1013,25.325,1.172866576e-07,9.843229004e-08,nan,nan,nan,nan
1014,25.35,1.201629650e-07,1.008355013e-07,nan,nan,nan,nan
1015,25.375,1.231007906e-07,1.032897339e-07,nan,nan,nan,nan
1016,25.4,1.261012132e-07,1.057958713e-07,nan,nan,nan,nan
1017,25.425,1.291653231e-07,1.083548039e-07,nan,nan,nan,nan
1018,25.45,1.322942189e-07,1.109674311e-07,nan,nan,nan,nan
1019,25.475,1.354890159e-07,1.136346641e-07,nan,nan,nan,nan
1020,25.5,1.387508461e-07,1.163574281e-07,nan,nan,nan,nan
1021,25.525,1.420808584e-07,1.191366597e-07,nan,nan,nan,nan
1022,25.55,1.454940954e-07,1.219733055e-07,nan,nan,nan,nan
1023,25.575,1.489854908e-07,1.248683182e-07,nan,nan,nan,nan
1024,25.6,1.525495375e-07,1.278226567e-07,nan,nan,nan,nan
1025,25.625,1.561874555e-07,1.308372932e-07,nan,nan,nan,nan
1026,25.65,1.599004857e-07,1.339132153e-07,nan,nan,nan,nan
1027,25.675,1.636898857e-07,1.370514245e-07,nan,nan,nan,nan
1028,25.7,1.675569237e-07,1.402529270e-07,nan,nan,nan,nan
1029,25.725,1.715028750e-07,1.435187348e-07,nan,nan,nan,nan
1030,25.75,1.755290271e-07,1.468519145e-07,nan,nan,nan,nan
1031,25.775,1.796366847e-07,1.502716465e-07,nan,nan,nan,nan
1032,25.8,1.838271697e-07,1.537597693e-07,nan,nan,nan,nan
1033,25.825,1.881018175e-07,1.573173682e-07,nan,nan,nan,nan
1034,25.85,1.924619730e-07,1.609455355e-07,nan,nan,nan,nan
1035,25.875,1.969089929e-07,1.646453772e-07,nan,nan,nan,nan
1036,25.9,2.014442510e-07,1.684180079e-07,nan,nan,nan,nan
1037,25.925,2.060691403e-07,1.722645568e-07,nan,nan,nan,nan
1038,25.95,2.107850665e-07,1.761861614e-07,nan,nan,nan,nan
1039,25.975,2.155934415e-07,1.801839655e-07,nan,nan,nan,nan
1040,26,2.204956833e-07,1.842591184e-07,nan,nan,nan,nan
1041,26.025,2.254933254e-07,1.884127869e-07,nan,nan,nan,nan
1042,26.05,2.306189763e-07,1.926461530e-07,nan,nan,nan,nan
1043,26.075,2.358441959e-07,1.969604116e-07,nan,nan,nan,nan
1044,26.1,2.411705080e-07,2.013567577e-07,nan,nan,nan,nan
1045,26.125,2.465994401e-07,2.058363942e-07,nan,nan,nan,nan
1046,26.15,2.521325249e-07,2.104005306e-07,nan,nan,nan,nan
1047,26.175,2.577713096e-07,2.150503923e-07,nan,nan,nan,nan
1048,26.2,2.635173634e-07,2.197872181e-07,nan,nan,nan,nan
1049,26.225,2.693722763e-07,2.246168662e-07,nan,nan,nan,nan
1050,26.25,2.753376478e-07,2.295639276e-07,nan,nan,nan,nan
1051,26.275,2.814150842e-07,2.346030625e-07,nan,nan,nan,nan
1052,26.3,2.876062014e-07,2.397355741e-07,nan,nan,nan,nan
1053,26.325,2.939126321e-07,2.449627828e-07,nan,nan,nan,nan
1054,26.35,3.003360261e-07,2.502860180e-07,nan,nan,nan,nan
1055,26.375,3.068780443e-07,2.557066124e-07,nan,nan,nan,nan
1056,26.4,3.135403532e-07,2.612259069e-07,nan,nan,nan,nan
1057,26.425,3.203246260e-07,2.668452502e-07,nan,nan,nan,nan
1058,26.45,3.272325552e-07,2.725660121e-07,nan,nan,nan,nan
1059,26.475,3.342658539e-07,2.783895701e-07,nan,nan,nan,nan
1060,26.5,3.414262517e-07,2.843173080e-07,nan,nan,nan,nan
1061,26.525,3.487154815e-07,2.903506064e-07,nan,nan,nan,nan
1062,26.55,3.561498110e-07,2.964908537e-07,nan,nan,nan,nan
1063,26.575,3.637490087e-07,3.027394476e-07,nan,nan,nan,nan
1064,26.6,3.714841225e-07,3.090978075e-07,nan,nan,nan,nan
1065,26.625,3.793569778e-07,3.155673628e-07,nan,nan,nan,nan
1066,26.65,3.873694162e-07,3.221495476e-07,nan,nan,nan,nan
1067,26.675,3.955232818e-07,3.288457921e-07,nan,nan,nan,nan
1068,26.7,4.038204177e-07,3.356575261e-07,nan,nan,nan,nan
1069,26.725,4.122626752e-07,3.426002483e-07,nan,nan,nan,nan
1070,26.75,4.208519223e-07,3.496946460e-07,nan,nan,nan,nan
1071,26.775,4.295900445e-07,3.569107236e-07,nan,nan,nan,nan
1072,26.8,4.384789359e-07,3.642499898e-07,nan,nan,nan,nan
1073,26.825,4.475204934e-07,3.717139596e-07,nan,nan,nan,nan
1074,26.85,4.567166197e-07,3.793041543e-07,nan,nan,nan,nan
1075,26.875,4.660692333e-07,3.870221092e-07,nan,nan,nan,nan
1076,26.9,4.755802677e-07,3.948693644e-07,nan,nan,nan,nan
1077,26.925,4.852516641e-07,4.028474592e-07,nan,nan,nan,nan
1078,26.95,4.950853613e-07,4.109579330e-07,nan,nan,nan,nan
1079,26.975,5.050832967e-07,4.192023257e-07,nan,nan,nan,nan
1080,27,5.152474173e-07,4.275821973e-07,nan,nan,nan,nan
1081,27.025,5.255796910e-07,4.360991223e-07,nan,nan,nan,nan
1082,27.05,5.360821036e-07,4.447546773e-07,nan,nan,nan,nan
1083,27.075,5.467566440e-07,4.535504290e-07,nan,nan,nan,nan
1084,27.1,5.576312806e-07,4.624879351e-07,nan,nan,nan,nan
1085,27.125,5.687251975e-07,4.715687633e-07,nan,nan,nan,nan
1086,27.15,5.799996939e-07,4.807944957e-07,nan,nan,nan,nan
1087,27.175,5.914568249e-07,4.901667251e-07,nan,nan,nan,nan
1088,27.2,6.030986596e-07,4.996870444e-07,nan,nan,nan,nan
1089,27.225,6.149272680e-07,5.093570405e-07,nan,nan,nan,nan
1090,27.25,6.269447150e-07,5.192043258e-07,nan,nan,nan,nan
1091,27.275,6.391530667e-07,5.292461918e-07,nan,nan,nan,nan
1092,27.3,6.515543983e-07,5.394448985e-07,nan,nan,nan,nan
1093,27.325,6.641507935e-07,5.498020923e-07,nan,nan,nan,nan
1094,27.35,6.769443376e-07,5.603194150e-07,nan,nan,nan,nan
1095,27.375,6.899371098e-07,5.709985034e-07,nan,nan,nan,nan
1096,27.4,7.031311888e-07,5.818409982e-07,nan,nan,nan,nan
1097,27.425,7.165286605e-07,5.928485539e-07,nan,nan,nan,nan
1098,27.45,7.301316235e-07,6.040228275e-07,nan,nan,nan,nan
1099,27.475,7.439421803e-07,6.153654644e-07,nan,nan,nan,nan
1100,27.5,7.579624235e-07,6.268780938e-07,nan,nan,nan,nan
1101,27.525,7.721944326e-07,6.385623461e-07,nan,nan,nan,nan
1102,27.55,7.866402831e-07,6.504198570e-07,nan,nan,nan,nan
1103,27.575,8.013020601e-07,6.624522721e-07,nan,nan,nan,nan
1104,27.6,8.161818615e-07,6.746612438e-07,nan,nan,nan,nan
1105,27.625,8.312817854e-07,6.870484058e-07,nan,nan,nan,nan
1106,27.65,8.466039175e-07,6.996153787e-07,nan,nan,nan,nan
1107,27.675,8.621503291e-07,7.123637723e-07,nan,nan,nan,nan
1108,27.7,8.780114680e-07,7.252952056e-07,nan,nan,nan,nan
1109,27.725,8.941142569e-07,7.384112989e-07,nan,nan,nan,nan
1110,27.75,9.104508606e-07,7.517136721e-07,nan,nan,nan,nan
1111,27.775,9.270234062e-07,7.652039266e-07,nan,nan,nan,nan
1112,27.8,9.438340093e-07,7.788995807e-07,nan,nan,nan,nan
1113,27.825,9.608847776e-07,7.928650699e-07,nan,nan,nan,nan
1114,27.85,9.781778176e-07,8.070262846e-07,nan,nan,nan,nan
1115,27.875,9.957152361e-07,8.213848628e-07,nan,nan,nan,nan
1116,27.9,1.013499129e-06,8.359424264e-07,nan,nan,nan,nan
1117,27.925,1.031531575e-06,8.507005823e-07,nan,nan,nan,nan
1118,27.95,1.049814640e-06,8.656609331e-07,nan,nan,nan,nan
1119,27.975,1.068350384e-06,8.808250855e-07,nan,nan,nan,nan
1120,28,1.087140869e-06,8.961946449e-07,nan,nan,nan,nan
1121,28.025,1.106188155e-06,9.117712022e-07,nan,nan,nan,nan
1122,28.05,1.125494283e-06,9.275563219e-07,nan,nan,nan,nan
1123,28.075,1.145061272e-06,9.435515493e-07,nan,nan,nan,nan
1124,28.1,1.164891122e-06,9.597584267e-07,nan,nan,nan,nan
1125,28.125,1.184985827e-06,9.761784978e-07,nan,nan,nan,nan
1126,28.15,1.205347378e-06,9.928133000e-07,nan,nan,nan,nan
1127,28.175,1.225977756e-06,1.009664353e-06,nan,nan,nan,nan
1128,28.2,1.246878923e-06,1.026733153e-06,nan,nan,nan,nan
1129,28.225,1.268052818e-06,1.044021180e-06,nan,nan,nan,nan
1130,28.25,1.289501366e-06,1.061529904e-06,nan,nan,nan,nan
1131,28.275,1.311226474e-06,1.079260785e-06,nan,nan,nan,nan
1132,28.3,1.333230043e-06,1.097215269e-06,nan,nan,nan,nan
1133,28.325,1.355569479e-06,1.115394784e-06,nan,nan,nan,nan
1134,28.35,1.378277532e-06,1.133800733e-06,nan,nan,nan,nan
1135,28.375,1.401273776e-06,1.152434512e-06,nan,nan,nan,nan
1136,28.4,1.424560097e-06,1.171336248e-06,nan,nan,nan,nan
1137,28.425,1.448138365e-06,1.190561497e-06,nan,nan,nan,nan
1138,28.45,1.472010426e-06,1.210022488e-06,nan,nan,nan,nan
1139,28.475,1.496178101e-06,1.229720587e-06,nan,nan,nan,nan
1140,28.5,1.520643178e-06,1.249657146e-06,nan,nan,nan,nan
1141,28.525,1.545407429e-06,1.269833507e-06,nan,nan,nan,nan
1142,28.55,1.570472609e-06,1.290251003e-06,nan,nan,nan,nan
1143,28.575,1.595840455e-06,1.310910942e-06,nan,nan,nan,nan
1144,28.6,1.621512678e-06,1.331814603e-06,nan,nan,nan,nan
1145,28.625,1.647490956e-06,1.352963233e-06,nan,nan,nan,nan
1146,28.65,1.673776936e-06,1.374358059e-06,nan,nan,nan,nan
1147,28.675,1.700372240e-06,1.396000293e-06,nan,nan,nan,nan
1148,28.7,1.727278471e-06,1.417891132e-06,nan,nan,nan,nan
1149,28.725,1.754497206e-06,1.440031745e-06,nan,nan,nan,nan
1150,28.75,1.782029987e-06,1.462423273e-06,nan,nan,nan,nan
1151,28.775,1.809878328e-06,1.485066823e-06,nan,nan,nan,nan
1152,28.8,1.838043712e-06,1.507963492e-06,nan,nan,nan,nan
1153,28.825,1.866527594e-06,1.531114346e-06,nan,nan,nan,nan
1154,28.85,1.895331400e-06,1.554520426e-06,nan,nan,nan,nan
1155,28.875,1.924456520e-06,1.578182739e-06,nan,nan,nan,nan
1156,28.9,1.953904310e-06,1.602102262e-06,nan,nan,nan,nan
1157,28.925,1.983676092e-06,1.626279955e-06,nan,nan,nan,nan
1158,28.95,2.013773158e-06,1.650716751e-06,nan,nan,nan,nan
1159,28.975,2.044196771e-06,1.675413556e-06,nan,nan,nan,nan
1160,29,2.074948157e-06,1.700371242e-06,nan,nan,nan,nan
1161,29.025,2.106065067e-06,1.725590644e-06,nan,nan,nan,nan
1162,29.05,2.137671515e-06,1.751122274e-06,nan,nan,nan,nan
1163,29.075,2.169614156e-06,1.777046064e-06,nan,nan,nan,nan
1164,29.1,2.201894124e-06,1.803238437e-06,nan,nan,nan,nan
1165,29.125,2.234512515e-06,1.829700169e-06,nan,nan,nan,nan
1166,29.15,2.267470384e-06,1.856431991e-06,nan,nan,nan,nan
1167,29.175,2.300768741e-06,1.883434602e-06,nan,nan,nan,nan
1168,29.2,2.334408559e-06,1.910708665e-06,nan,nan,nan,nan
1169,29.225,2.368390768e-06,1.938254816e-06,nan,nan,nan,nan
1170,29.25,2.402716260e-06,1.966073655e-06,nan,nan,nan,nan
1171,29.275,2.437385885e-06,1.994165749e-06,nan,nan,nan,nan
1172,29.3,2.472400445e-06,2.022531624e-06,nan,nan,nan,nan
1173,29.325,2.507760701e-06,2.051171774e-06,nan,nan,nan,nan
1174,29.35,2.543467373e-06,2.080086658e-06,nan,nan,nan,nan
1175,29.375,2.579521134e-06,2.109276698e-06,nan,nan,nan,nan
1176,29.4,2.615922615e-06,2.138742281e-06,nan,nan,nan,nan
1177,29.425,2.652672394e-06,2.168483750e-06,nan,nan,nan,nan
1178,29.45,2.689771005e-06,2.198501407e-06,nan,nan,nan,nan
1179,29.475,2.727218936e-06,2.228795521e-06,nan,nan,nan,nan
1180,29.5,2.765016633e-06,2.259366329e-06,nan,nan,nan,nan
1181,29.525,2.803164491e-06,2.290214028e-06,nan,nan,nan,nan
1182,29.55,2.841662855e-06,2.321338771e-06,nan,nan,nan,nan
1183,29.575,2.880512018e-06,2.352740666e-06,nan,nan,nan,nan
1184,29.6,2.919712225e-06,2.384419782e-06,nan,nan,nan,nan
1185,29.625,2.959263673e-06,2.416376153e-06,nan,nan,nan,nan
1186,29.65,2.999166511e-06,2.448609771e-06,nan,nan,nan,nan
1187,29.675,3.039420837e-06,2.481120589e-06,nan,nan,nan,nan
1188,29.7,3.080026694e-06,2.513908516e-06,nan,nan,nan,nan
1189,29.725,3.120984072e-06,2.546973416e-06,nan,nan,nan,nan
1190,29.75,3.162292910e-06,2.580315112e-06,nan,nan,nan,nan
1191,29.775,3.203953100e-06,2.614013231e-06,nan,nan,nan,nan
1192,29.8,3.245964473e-06,2.648143925e-06,nan,nan,nan,nan
1193,29.825,3.288347750e-06,2.682555679e-06,nan,nan,nan,nan
1194,29.85,3.331323751e-06,2.717248179e-06,nan,nan,nan,nan
1195,29.875,3.374655605e-06,2.752221069e-06,nan,nan,nan,nan
1196,29.9,3.418342967e-06,2.787473951e-06,nan,nan,nan,nan
1197,29.925,3.462385438e-06,2.823006377e-06,nan,nan,nan,nan
1198,29.95,3.506782554e-06,2.858817856e-06,nan,nan,nan,nan
1199,29.975,3.551533792e-06,2.894907848e-06,nan,nan,nan,nan
1200,30,3.596638576e-06,2.931275768e-06,nan,nan,nan,nan
1201,30.025,3.642096277e-06,2.967920990e-06,nan,nan,nan,nan
1202,30.05,3.687906214e-06,3.004842841e-06,nan,nan,nan,nan
1203,30.075,3.734067645e-06,3.042040604e-06,nan,nan,nan,nan
1204,30.1,3.780579760e-06,3.079513509e-06,nan,nan,nan,nan
1205,30.125,3.827441692e-06,3.117260739e-06,nan,nan,nan,nan
1206,30.15,3.874652517e-06,3.155281435e-06,nan,nan,nan,nan
1207,30.175,3.922211258e-06,3.193574689e-06,nan,nan,nan,nan
1208,30.2,3.970116881e-06,3.232139553e-06,nan,nan,nan,nan
1209,30.225,4.018368288e-06,3.270975023e-06,nan,nan,nan,nan
1210,30.25,4.066964317e-06,3.310080050e-06,nan,nan,nan,nan
1211,30.275,4.115903753e-06,3.349453539e-06,nan,nan,nan,nan
1212,30.3,4.165185319e-06,3.389094351e-06,nan,nan,nan,nan
1213,30.325,4.214807682e-06,3.429001295e-06,nan,nan,nan,nan
1214,30.35,4.264769444e-06,3.469173131e-06,nan,nan,nan,nan
1215,30.375,4.315069144e-06,3.509608572e-06,nan,nan,nan,nan
1216,30.4,4.365705259e-06,3.550306289e-06,nan,nan,nan,nan
1217,30.425,4.416676220e-06,3.591264905e-06,nan,nan,nan,nan
1218,30.45,4.467980396e-06,3.632482997e-06,nan,nan,nan,nan
1219,30.475,4.519616096e-06,3.673959089e-06,nan,nan,nan,nan
1220,30.5,4.571581556e-06,3.715691655e-06,nan,nan,nan,nan
1221,30.525,4.623874949e-06,3.757679122e-06,nan,nan,nan,nan
1222,30.55,4.676494391e-06,3.799919875e-06,nan,nan,nan,nan
1223,30.575,4.729437951e-06,3.842412257e-06,nan,nan,nan,nan
1224,30.6,4.782703640e-06,3.885197032e-06,nan,nan,nan,nan
1225,30.625,4.836289403e-06,3.928485965e-06,nan,nan,nan,nan
1226,30.65,4.890193119e-06,3.972026293e-06,nan,nan,nan,nan
1227,30.675,4.944412601e-06,4.015816172e-06,nan,nan,nan,nan
1228,30.7,4.998945611e-06,4.059853713e-06,nan,nan,nan,nan
1229,30.725,5.053789855e-06,4.104136981e-06,nan,nan,nan,nan
1230,30.75,5.108942980e-06,4.148663987e-06,nan,nan,nan,nan
1231,30.775,5.164402567e-06,4.193432700e-06,nan,nan,nan,nan
1232,30.8,5.220427002e-06,4.238441038e-06,nan,nan,nan,nan
1233,30.825,5.276830799e-06,4.283686879e-06,nan,nan,nan,nan
1234,30.85,5.333538633e-06,4.329168055e-06,nan,nan,nan,nan
1235,30.875,5.390547855e-06,4.374882341e-06,nan,nan,nan,nan
1236,30.9,5.447855743e-06,4.420827471e-06,nan,nan,nan,nan
1237,30.925,5.505459514e-06,4.467001126e-06,nan,nan,nan,nan
1238,30.95,5.563356329e-06,4.513400957e-06,nan,nan,nan,nan
1239,30.975,5.621543306e-06,4.560024572e-06,nan,nan,nan,nan
1240,31,5.680017510e-06,4.606869531e-06,nan,nan,nan,nan
1241,31.025,5.738775940e-06,4.653933338e-06,nan,nan,nan,nan
1242,31.05,5.797815526e-06,4.701213452e-06,nan,nan,nan,nan
1243,31.075,5.857133135e-06,4.748707287e-06,nan,nan,nan,nan
1244,31.1,5.916725585e-06,4.796412231e-06,nan,nan,nan,nan
1245,31.125,5.976589650e-06,4.844325625e-06,nan,nan,nan,nan
1246,31.15,6.036722052e-06,4.892444770e-06,nan,nan,nan,nan
1247,31.175,6.097119453e-06,4.940766911e-06,nan,nan,nan,nan
1248,31.2,6.157778450e-06,4.989289256e-06,nan,nan,nan,nan
1249,31.225,6.218695586e-06,5.038008969e-06,nan,nan,nan,nan
1250,31.25,6.279867359e-06,5.086923185e-06,nan,nan,nan,nan
1251,31.275,6.341290213e-06,5.136028992e-06,nan,nan,nan,nan
1252,31.3,6.402960542e-06,5.185323438e-06,nan,nan,nan,nan
1253,31.325,6.464874677e-06,5.234803526e-06,nan,nan,nan,nan
1254,31.35,6.527028900e-06,5.284466226e-06,nan,nan,nan,nan
1255,31.375,6.589419453e-06,5.334308482e-06,nan,nan,nan,nan
1256,31.4,6.652042532e-06,5.384327189e-06,nan,nan,nan,nan
1257,31.425,6.714894283e-06,5.434519204e-06,nan,nan,nan,nan
1258,31.45,6.777970789e-06,5.484881335e-06,nan,nan,nan,nan
1259,31.475,6.841268077e-06,5.535410359e-06,nan,nan,nan,nan
1260,31.5,6.904782134e-06,5.586103036e-06,nan,nan,nan,nan
1261,31.525,6.968508914e-06,5.636956090e-06,nan,nan,nan,nan
1262,31.55,7.032444336e-06,5.687966207e-06,nan,nan,nan,nan
1263,31.575,7.096584264e-06,5.739130029e-06,nan,nan,nan,nan
1264,31.6,7.160924503e-06,5.790458233e-06,nan,nan,nan,nan
1265,31.625,7.225460812e-06,5.842273096e-06,nan,nan,nan,nan
1266,31.65,7.290188912e-06,5.894235472e-06,nan,nan,nan,nan
1267,31.675,7.355104497e-06,5.946341860e-06,nan,nan,nan,nan
1268,31.7,7.420203217e-06,5.998588722e-06,nan,nan,nan,nan
1269,31.725,7.485480679e-06,6.050972482e-06,nan,nan,nan,nan
1270,31.75,7.550932442e-06,6.103489538e-06,nan,nan,nan,nan
1271,31.775,7.616554030e-06,6.156136265e-06,nan,nan,nan,nan
1272,31.8,7.682340940e-06,6.208909012e-06,nan,nan,nan,nan
1273,31.825,7.748288630e-06,6.261804090e-06,nan,nan,nan,nan
1274,31.85,7.814392515e-06,6.314817781e-06,nan,nan,nan,nan
1275,31.875,7.880647966e-06,6.367946342e-06,nan,nan,nan,nan
1276,31.9,7.947050325e-06,6.421186015e-06,nan,nan,nan,nan
1277,31.925,8.013594916e-06,6.474533025e-06,nan,nan,nan,nan
1278,31.95,8.080277038e-06,6.527983570e-06,nan,nan,nan,nan
1279,31.975,8.147091953e-06,6.581533808e-06,nan,nan,nan,nan
1280,32,8.214034877e-06,6.635179872e-06,nan,nan,nan,nan
1281,32.025,8.281100989e-06,6.688917872e-06,nan,nan,nan,nan
1282,32.05,8.348555322e-06,6.742743922e-06,nan,nan,nan,nan
1283,32.075,8.416236047e-06,6.796654120e-06,nan,nan,nan,nan
1284,32.1,8.484028549e-06,6.850644534e-06,nan,nan,nan,nan
1285,32.125,8.551927876e-06,6.904711204e-06,nan,nan,nan,nan
1286,32.15,8.619929039e-06,6.958850151e-06,nan,nan,nan,nan
1287,32.175,8.688027022e-06,7.013057386e-06,nan,nan,nan,nan
1288,32.2,8.756216796e-06,7.067328912e-06,nan,nan,nan,nan
1289,32.225,8.824493316e-06,7.121660718e-06,nan,nan,nan,nan
1290,32.25,8.892851517e-06,7.176048771e-06,nan,nan,nan,nan
1291,32.275,8.961286304e-06,7.230489025e-06,nan,nan,nan,nan
1292,32.3,9.029792566e-06,7.284977426e-06,nan,nan,nan,nan
1293,32.325,9.098365182e-06,7.339509917e-06,nan,nan,nan,nan
1294,32.35,9.166999022e-06,7.394082426e-06,nan,nan,nan,nan
1295,32.375,9.235688940e-06,7.448690866e-06,nan,nan,nan,nan
1296,32.4,9.304429762e-06,7.503331133e-06,nan,nan,nan,nan
1297,32.425,9.373216295e-06,7.557999119e-06,nan,nan,nan,nan
1298,32.45,9.442043342e-06,7.612690727e-06,nan,nan,nan,nan
1299,32.475,9.510905712e-06,7.667401861e-06,nan,nan,nan,nan
1300,32.5,9.579798213e-06,7.722128414e-06,nan,nan,nan,nan
1301,32.525,9.648715635e-06,7.776866256e-06,nan,nan,nan,nan
1302,32.55,9.717652748e-06,7.831611249e-06,nan,nan,nan,nan
1303,32.575,9.786604309e-06,7.886359263e-06,nan,nan,nan,nan
1304,32.6,9.855565079e-06,7.941106181e-06,nan,nan,nan,nan
1305,32.625,9.924529832e-06,7.995847892e-06,nan,nan,nan,nan
1306,32.65,9.993493343e-06,8.050580275e-06,nan,nan,nan,nan
1307,32.675,1.006245038e-05,8.105299205e-06,nan,nan,nan,nan
1308,32.7,1.013139570e-05,8.160000552e-06,nan,nan,nan,nan
1309,32.725,1.020032406e-05,8.214680203e-06,nan,nan,nan,nan
1310,32.75,1.026923023e-05,8.269334052e-06,nan,nan,nan,nan
1311,32.775,1.033810900e-05,8.323957997e-06,nan,nan,nan,nan
1312,32.8,1.040695514e-05,8.378547933e-06,nan,nan,nan,nan
1313,32.825,1.047576342e-05,8.433099763e-06,nan,nan,nan,nan
1314,32.85,1.054452864e-05,8.487609408e-06,nan,nan,nan,nan
1315,32.875,1.061324560e-05,8.542072808e-06,nan,nan,nan,nan
1316,32.9,1.068190913e-05,8.596485905e-06,nan,nan,nan,nan
1317,32.925,1.075051406e-05,8.650844641e-06,nan,nan,nan,nan
1318,32.95,1.081905522e-05,8.705259381e-06,nan,nan,nan,nan
1319,32.975,1.088752743e-05,8.759861244e-06,nan,nan,nan,nan
1320,33,1.095592556e-05,8.814398274e-06,nan,nan,nan,nan
1321,33.025,1.102424450e-05,8.868866436e-06,nan,nan,nan,nan
1322,33.05,1.109247915e-05,8.923261702e-06,nan,nan,nan,nan
1323,33.075,1.116062444e-05,8.977580046e-06,nan,nan,nan,nan
1324,33.1,1.122867530e-05,9.031817451e-06,nan,nan,nan,nan
1325,33.125,1.129662667e-05,9.085969931e-06,nan,nan,nan,nan
1326,33.15,1.136447353e-05,9.140033525e-06,nan,nan,nan,nan
1327,33.175,1.143221087e-05,9.194004297e-06,nan,nan,nan,nan
1328,33.2,1.149983373e-05,9.247878322e-06,nan,nan,nan,nan
1329,33.225,1.156733716e-05,9.301651692e-06,nan,nan,nan,nan
1330,33.25,1.163471623e-05,9.355320524e-06,nan,nan,nan,nan
1331,33.275,1.170196603e-05,9.408880966e-06,nan,nan,nan,nan
1332,33.3,1.176908171e-05,9.462329185e-06,nan,nan,nan,nan
1333,33.325,1.183605843e-05,9.515661369e-06,nan,nan,nan,nan
1334,33.35,1.190289136e-05,9.568873725e-06,nan,nan,nan,nan
1335,33.375,1.196957573e-05,9.621962492e-06,nan,nan,nan,nan
1336,33.4,1.203610677e-05,9.674923946e-06,nan,nan,nan,nan
1337,33.425,1.210247979e-05,9.727754400e-06,nan,nan,nan,nan
1338,33.45,1.216869012e-05,9.780450186e-06,nan,nan,nan,nan
1339,33.475,1.223473311e-05,9.833007650e-06,nan,nan,nan,nan
1340,33.5,1.230060416e-05,9.885423160e-06,nan,nan,nan,nan
1341,33.525,1.236629867e-05,9.937693128e-06,nan,nan,nan,nan
1342,33.55,1.243181212e-05,9.989814014e-06,nan,nan,nan,nan
1343,33.575,1.249714001e-05,1.004178231e-05,nan,nan,nan,nan
1344,33.6,1.256227790e-05,1.009359455e-05,nan,nan,nan,nan
1345,33.625,1.262722139e-05,1.014524725e-05,nan,nan,nan,nan
1346,33.65,1.269196611e-05,1.019673700e-05,nan,nan,nan,nan
1347,33.675,1.275650771e-05,1.024806041e-05,nan,nan,nan,nan
1348,33.7,1.282084191e-05,1.029921415e-05,nan,nan,nan,nan
1349,33.725,1.288496448e-05,1.035019489e-05,nan,nan,nan,nan
1350,33.75,1.294887122e-05,1.040099938e-05,nan,nan,nan,nan
1351,33.775,1.301255800e-05,1.045162437e-05,nan,nan,nan,nan
1352,33.8,1.307602070e-05,1.050206667e-05,nan,nan,nan,nan
1353,33.825,1.313925527e-05,1.055232313e-05,nan,nan,nan,nan
1354,33.85,1.320225773e-05,1.060239063e-05,nan,nan,nan,nan
1355,33.875,1.326502411e-05,1.065226609e-05,nan,nan,nan,nan
1356,33.9,1.332755051e-05,1.070194646e-05,nan,nan,nan,nan
1357,33.925,1.338983307e-05,1.075142874e-05,nan,nan,nan,nan
1358,33.95,1.345186798e-05,1.080070999e-05,nan,nan,nan,nan
1359,33.975,1.351365150e-05,1.084978731e-05,nan,nan,nan,nan
1360,34,1.357517995e-05,1.089865783e-05,nan,nan,nan,nan
1361,34.025,1.363644968e-05,1.094731872e-05,nan,nan,nan,nan
1362,34.05,1.369745710e-05,1.099576718e-05,nan,nan,nan,nan
1363,34.075,1.375819866e-05,1.104400048e-05,nan,nan,nan,nan
1364,34.1,1.381867090e-05,1.109201592e-05,nan,nan,nan,nan
1365,34.125,1.387887038e-05,1.113981088e-05,nan,nan,nan,nan
1366,34.15,1.393879376e-05,1.118738274e-05,nan,nan,nan,nan
1367,34.175,1.399846924e-05,1.123472895e-05,nan,nan,nan,nan
1368,34.2,1.405811106e-05,1.128184699e-05,nan,nan,nan,nan
1369,34.225,1.411746609e-05,1.132873440e-05,nan,nan,nan,nan
1370,34.25,1.417653116e-05,1.137538876e-05,nan,nan,nan,nan
1371,34.275,1.423530315e-05,1.142180771e-05,nan,nan,nan,nan
1372,34.3,1.429377903e-05,1.146798892e-05,nan,nan,nan,nan
1373,34.325,1.435195580e-05,1.151393011e-05,nan,nan,nan,nan
1374,34.35,1.440983052e-05,1.155962906e-05,nan,nan,nan,nan
1375,34.375,1.446740035e-05,1.160508360e-05,nan,nan,nan,nan
1376,34.4,1.452466248e-05,1.165029161e-05,nan,nan,nan,nan
1377,34.425,1.458161416e-05,1.169525099e-05,nan,nan,nan,nan
1378,34.45,1.463825273e-05,1.173995971e-05,nan,nan,nan,nan
1379,34.475,1.469457554e-05,1.178441577e-05,nan,nan,nan,nan
1380,34.5,1.475058005e-05,1.182861727e-05,nan,nan,nan,nan
1381,34.525,1.480626377e-05,1.187256233e-05,nan,nan,nan,nan
1382,34.55,1.486162428e-05,1.191624911e-05,nan,nan,nan,nan
1383,34.575,1.491665923e-05,1.195967583e-05,nan,nan,nan,nan
1384,34.6,1.497136630e-05,1.200284075e-05,nan,nan,nan,nan
1385,34.625,1.502574325e-05,1.204574217e-05,nan,nan,nan,nan
1386,34.65,1.507978792e-05,1.208837848e-05,nan,nan,nan,nan
1387,34.675,1.513349820e-05,1.213074811e-05,nan,nan,nan,nan
1388,34.7,1.518687205e-05,1.217284952e-05,nan,nan,nan,nan
1389,34.725,1.523990750e-05,1.221468122e-05,nan,nan,nan,nan
1390,34.75,1.529260262e-05,1.225624178e-05,nan,nan,nan,nan
1391,34.775,1.534495557e-05,1.229752984e-05,nan,nan,nan,nan
1392,34.8,1.539696458e-05,1.233854406e-05,nan,nan,nan,nan
1393,34.825,1.544862792e-05,1.237928316e-05,nan,nan,nan,nan
1394,34.85,1.549994394e-05,1.241974591e-05,nan,nan,nan,nan
1395,34.875,1.555091104e-05,1.245993113e-05,nan,nan,nan,nan
1396,34.9,1.560152770e-05,1.249983770e-05,nan,nan,nan,nan
1397,34.925,1.565179247e-05,1.253946456e-05,nan,nan,nan,nan
1398,34.95,1.570170395e-05,1.257881067e-05,nan,nan,nan,nan
1399,34.975,1.575126083e-05,1.261787506e-05,nan,nan,nan,nan
1400,35,1.580046181e-05,1.265665678e-05,nan,nan,nan,nan
1401,35.025,1.584930571e-05,1.269515497e-05,nan,nan,nan,nan
1402,35.05,1.589779137e-05,1.273336880e-05,nan,nan,nan,nan
1403,35.075,1.594591774e-05,1.277129751e-05,nan,nan,nan,nan
1404,35.1,1.599368381e-05,1.280894037e-05,nan,nan,nan,nan
1405,35.125,1.604108862e-05,1.284629669e-05,nan,nan,nan,nan
1406,35.15,1.608813130e-05,1.288336584e-05,nan,nan,nan,nan
1407,35.175,1.613481102e-05,1.292014724e-05,nan,nan,nan,nan
1408,35.2,1.618112702e-05,1.295664036e-05,nan,nan,nan,nan
1409,35.225,1.622707862e-05,1.299284473e-05,nan,nan,nan,nan
1410,35.25,1.627266517e-05,1.302875990e-05,nan,nan,nan,nan
1411,35.275,1.631788611e-05,1.306438549e-05,nan,nan,nan,nan
1412,35.3,1.636274092e-05,1.309972115e-05,nan,nan,nan,nan
1413,35.325,1.640722916e-05,1.313476660e-05,nan,nan,nan,nan
1414,35.35,1.645135045e-05,1.316952159e-05,nan,nan,nan,nan
1415,35.375,1.649510444e-05,1.320398592e-05,nan,nan,nan,nan
1416,35.4,1.653849088e-05,1.323815942e-05,nan,nan,nan,nan
1417,35.425,1.658150955e-05,1.327204200e-05,nan,nan,nan,nan
1418,35.45,1.662416031e-05,1.330580089e-05,nan,nan,nan,nan
1419,35.475,1.666644306e-05,1.333930939e-05,nan,nan,nan,nan
1420,35.5,1.670835779e-05,1.337252552e-05,nan,nan,nan,nan
1421,35.525,1.674990450e-05,1.340544932e-05,nan,nan,nan,nan
1422,35.55,1.679108328e-05,1.343808090e-05,nan,nan,nan,nan
1423,35.575,1.683189427e-05,1.347042042e-05,nan,nan,nan,nan
1424,35.6,1.687233766e-05,1.350246807e-05,nan,nan,nan,nan
1425,35.625,1.691241371e-05,1.353422409e-05,nan,nan,nan,nan
1426,35.65,1.695212272e-05,1.356568877e-05,nan,nan,nan,nan
1427,35.675,1.699146505e-05,1.359686241e-05,nan,nan,nan,nan
1428,35.7,1.703044112e-05,1.362774539e-05,nan,nan,nan,nan
1429,35.725,1.706905139e-05,1.365833811e-05,nan,nan,nan,nan
1430,35.75,1.710729637e-05,1.368864101e-05,nan,nan,nan,nan
1431,35.775,1.714517666e-05,1.371865459e-05,nan,nan,nan,nan
1432,35.8,1.718269285e-05,1.374837937e-05,nan,nan,nan,nan
1433,35.825,1.721984564e-05,1.377781591e-05,nan,nan,nan,nan
1434,35.85,1.725663574e-05,1.380696482e-05,nan,nan,nan,nan
1435,35.875,1.729306393e-05,1.383582675e-05,nan,nan,nan,nan
1436,35.9,1.732913104e-05,1.386440238e-05,nan,nan,nan,nan
1437,35.925,1.736483793e-05,1.389269242e-05,nan,nan,nan,nan
1438,35.95,1.740018551e-05,1.392069762e-05,nan,nan,nan,nan
1439,35.975,1.743517476e-05,1.394841877e-05,nan,nan,nan,nan
1440,36,1.746980668e-05,1.397585672e-05,nan,nan,nan,nan
1441,36.025,1.750408234e-05,1.400301232e-05,nan,nan,nan,nan
1442,36.05,1.753800284e-05,1.402988646e-05,nan,nan,nan,nan
1443,36.075,1.757156931e-05,1.405648007e-05,nan,nan,nan,nan
1444,36.1,1.760478294e-05,1.408279412e-05,nan,nan,nan,nan
1445,36.125,1.763764498e-05,1.410882961e-05,nan,nan,nan,nan
1446,36.15,1.767015669e-05,1.413458756e-05,nan,nan,nan,nan
1447,36.175,1.770231938e-05,1.416006904e-05,nan,nan,nan,nan
1448,36.2,1.773413440e-05,1.418527513e-05,nan,nan,nan,nan
1449,36.225,1.776560316e-05,1.421020696e-05,nan,nan,nan,nan
1450,36.25,1.779672708e-05,1.423486568e-05,nan,nan,nan,nan
1451,36.275,1.782750763e-05,1.425925247e-05,nan,nan,nan,nan
1452,36.3,1.785794632e-05,1.428336854e-05,nan,nan,nan,nan
1453,36.325,1.788804469e-05,1.430721513e-05,nan,nan,nan,nan
1454,36.35,1.791780432e-05,1.433079350e-05,nan,nan,nan,nan
1455,36.375,1.794722683e-05,1.435410495e-05,nan,nan,nan,nan
1456,36.4,1.797631386e-05,1.437715079e-05,nan,nan,nan,nan
1457,36.425,1.800506710e-05,1.439993237e-05,nan,nan,nan,nan
1458,36.45,1.803348824e-05,1.442245105e-05,nan,nan,nan,nan
1459,36.475,1.806157905e-05,1.444470823e-05,nan,nan,nan,nan
1460,36.5,1.808934129e-05,1.446670533e-05,nan,nan,nan,nan
1461,36.525,1.811677678e-05,1.448844378e-05,nan,nan,nan,nan
1462,36.55,1.814388735e-05,1.450992506e-05,nan,nan,nan,nan
1463,36.575,1.817067487e-05,1.453115064e-05,nan,nan,nan,nan
1464,36.6,1.819714121e-05,1.455212202e-05,nan,nan,nan,nan
1465,36.625,1.822328831e-05,1.457284074e-05,nan,nan,nan,nan
1466,36.65,1.824911810e-05,1.459330834e-05,nan,nan,nan,nan
1467,36.675,1.827463255e-05,1.461352638e-05,nan,nan,nan,nan
1468,36.7,1.829983367e-05,1.463349646e-05,nan,nan,nan,nan
1469,36.725,1.832472347e-05,1.465322017e-05,nan,nan,nan,nan
1470,36.75,1.834930399e-05,1.467269914e-05,nan,nan,nan,nan
1471,36.775,1.837357728e-05,1.469193499e-05,nan,nan,nan,nan
1472,36.8,1.839754545e-05,1.471092940e-05,nan,nan,nan,nan
1473,36.825,1.842121059e-05,1.472968402e-05,nan,nan,nan,nan
1474,36.85,1.844457482e-05,1.474820053e-05,nan,nan,nan,nan
1475,36.875,1.846764029e-05,1.476648065e-05,nan,nan,nan,nan
1476,36.9,1.849040916e-05,1.478452607e-05,nan,nan,nan,nan
1477,36.925,1.851288362e-05,1.480233854e-05,nan,nan,nan,nan
1478,36.95,1.853506586e-05,1.481991978e-05,nan,nan,nan,nan
1479,36.975,1.855695808e-05,1.483727156e-05,nan,nan,nan,nan
1480,37,1.857856253e-05,1.485439563e-05,nan,nan,nan,nan
1481,37.025,1.859988142e-05,1.487129376e-05,nan,nan,nan,nan
1482,37.05,1.862091704e-05,1.488796774e-05,nan,nan,nan,nan
1483,37.075,1.864167165e-05,1.490441938e-05,nan,nan,nan,nan
1484,37.1,1.866214752e-05,1.492065046e-05,nan,nan,nan,nan
1485,37.125,1.868234695e-05,1.493666281e-05,nan,nan,nan,nan
1486,37.15,1.870227224e-05,1.495245824e-05,nan,nan,nan,nan
1487,37.175,1.872192570e-05,1.496803858e-05,nan,nan,nan,nan
1488,37.2,1.874130966e-05,1.498340568e-05,nan,nan,nan,nan
1489,37.225,1.876042646e-05,1.499856136e-05,nan,nan,nan,nan
1490,37.25,1.877927842e-05,1.501350749e-05,nan,nan,nan,nan
1491,37.275,1.879786790e-05,1.502824591e-05,nan,nan,nan,nan
1492,37.3,1.881619725e-05,1.504277849e-05,nan,nan,nan,nan
1493,37.325,1.883426884e-05,1.505710709e-05,nan,nan,nan,nan
1494,37.35,1.885208502e-05,1.507123357e-05,nan,nan,nan,nan
1495,37.375,1.886964816e-05,1.508515980e-05,nan,nan,nan,nan
1496,37.4,1.888696063e-05,1.509888766e-05,nan,nan,nan,nan
1497,37.425,1.890402482e-05,1.511241904e-05,nan,nan,nan,nan
1498,37.45,1.892084312e-05,1.512575580e-05,nan,nan,nan,nan
1499,37.475,1.893741790e-05,1.513889984e-05,nan,nan,nan,nan
1500,37.5,1.895375155e-05,1.515185302e-05,nan,nan,nan,nan
1501,37.525,1.896984643e-05,1.516461722e-05,nan,nan,nan,nan
1502,37.55,1.898570494e-05,1.517719433e-05,nan,nan,nan,nan
1503,37.575,1.900132946e-05,1.518958624e-05,nan,nan,nan,nan
1504,37.6,1.901672239e-05,1.520179484e-05,nan,nan,nan,nan
1505,37.625,1.903188611e-05,1.521382199e-05,nan,nan,nan,nan
1506,37.65,1.904682300e-05,1.522566957e-05,nan,nan,nan,nan
1507,37.675,1.906153542e-05,1.523733946e-05,nan,nan,nan,nan
1508,37.7,1.907602576e-05,1.524883353e-05,nan,nan,nan,nan
1509,37.725,1.909029638e-05,1.526015366e-05,nan,nan,nan,nan
1510,37.75,1.910434967e-05,1.527130172e-05,nan,nan,nan,nan
1511,37.775,1.911818797e-05,1.528227956e-05,nan,nan,nan,nan
1512,37.8,1.913181365e-05,1.529308904e-05,nan,nan,nan,nan
1513,37.825,1.914522905e-05,1.530373204e-05,nan,nan,nan,nan
1514,37.85,1.915843653e-05,1.531421039e-05,nan,nan,nan,nan
1515,37.875,1.917143844e-05,1.532452595e-05,nan,nan,nan,nan
1516,37.9,1.918423710e-05,1.533468054e-05,nan,nan,nan,nan
1517,37.925,1.919683482e-05,1.534467600e-05,nan,nan,nan,nan
1518,37.95,1.920923393e-05,1.535451417e-05,nan,nan,nan,nan
1519,37.975,1.922143674e-05,1.536419687e-05,nan,nan,nan,nan
1520,38,1.923344556e-05,1.537372592e-05,nan,nan,nan,nan
1521,38.025,1.924526267e-05,1.538310312e-05,nan,nan,nan,nan
1522,38.05,1.925689037e-05,1.539233027e-05,nan,nan,nan,nan
1523,38.075,1.926833091e-05,1.540140916e-05,nan,nan,nan,nan
1524,38.1,1.927958655e-05,1.541034158e-05,nan,nan,nan,nan
1525,38.125,1.929065955e-05,1.541912930e-05,nan,nan,nan,nan
1526,38.15,1.930155216e-05,1.542777411e-05,nan,nan,nan,nan
1527,38.175,1.931226660e-05,1.543627775e-05,nan,nan,nan,nan
1528,38.2,1.932280509e-05,1.544464197e-05,nan,nan,nan,nan
1529,38.225,1.933316983e-05,1.545286851e-05,nan,nan,nan,nan
1530,38.25,1.934336302e-05,1.546095912e-05,nan,nan,nan,nan
1531,38.275,1.935338684e-05,1.546891551e-05,nan,nan,nan,nan
1532,38.3,1.936324346e-05,1.547673937e-05,nan,nan,nan,nan
1533,38.325,1.937293502e-05,1.548443243e-05,nan,nan,nan,nan
1534,38.35,1.938246367e-05,1.549199638e-05,nan,nan,nan,nan
1535,38.375,1.939183154e-05,1.549943289e-05,nan,nan,nan,nan
1536,38.4,1.940104075e-05,1.550674363e-05,nan,nan,nan,nan
1537,38.425,1.941009341e-05,1.551393026e-05,nan,nan,nan,nan
1538,38.45,1.941899157e-05,1.552099442e-05,nan,nan,nan,nan
1539,38.475,1.942773731e-05,1.552793774e-05,nan,nan,nan,nan
1540,38.5,1.943633268e-05,1.553476187e-05,nan,nan,nan,nan
1541,38.525,1.944477975e-05,1.554146841e-05,nan,nan,nan,nan
1542,38.55,1.945308053e-05,1.554805896e-05,nan,nan,nan,nan
1543,38.575,1.946123704e-05,1.555453510e-05,nan,nan,nan,nan
1544,38.6,1.946925125e-05,1.556089840e-05,nan,nan,nan,nan
1545,38.625,1.947712515e-05,1.556715043e-05,nan,nan,nan,nan
1546,38.65,1.948486069e-05,1.557329275e-05,nan,nan,nan,nan
1547,38.675,1.949245983e-05,1.557932689e-05,nan,nan,nan,nan
1548,38.7,1.949992450e-05,1.558525439e-05,nan,nan,nan,nan
1549,38.725,1.950725661e-05,1.559107674e-05,nan,nan,nan,nan
1550,38.75,1.951445805e-05,1.559679545e-05,nan,nan,nan,nan
1551,38.775,1.952153071e-05,1.560241201e-05,nan,nan,nan,nan
1552,38.8,1.952847646e-05,1.560792789e-05,nan,nan,nan,nan
1553,38.825,1.953529713e-05,1.561334455e-05,nan,nan,nan,nan
1554,38.85,1.954199455e-05,1.561866342e-05,nan,nan,nan,nan
1555,38.875,1.954857052e-05,1.562388596e-05,nan,nan,nan,nan
1556,38.9,1.955502685e-05,1.562901358e-05,nan,nan,nan,nan
1557,38.925,1.956136533e-05,1.563404770e-05,nan,nan,nan,nan
1558,38.95,1.956758772e-05,1.563898970e-05,nan,nan,nan,nan
1559,38.975,1.957369576e-05,1.564384096e-05,nan,nan,nan,nan
1560,39,1.957969116e-05,1.564860282e-05,nan,nan,nan,nan
1561,39.025,1.958557561e-05,1.565327667e-05,nan,nan,nan,nan
1562,39.05,1.959135083e-05,1.565786383e-05,nan,nan,nan,nan
1563,39.075,1.959701849e-05,1.566236565e-05,nan,nan,nan,nan
1564,39.1,1.960258026e-05,1.566678342e-05,nan,nan,nan,nan
1565,39.125,1.960803777e-05,1.567111844e-05,nan,nan,nan,nan
1566,39.15,1.961339262e-05,1.567537199e-05,nan,nan,nan,nan
1567,39.175,1.961864643e-05,1.567954533e-05,nan,nan,nan,nan
1568,39.2,1.962380077e-05,1.568363974e-05,nan,nan,nan,nan
1569,39.225,1.962885723e-05,1.568765645e-05,nan,nan,nan,nan
1570,39.25,1.963381734e-05,1.569159668e-05,nan,nan,nan,nan
1571,39.275,1.963868264e-05,1.569546166e-05,nan,nan,nan,nan
1572,39.3,1.964345464e-05,1.569925259e-05,nan,nan,nan,nan
1573,39.325,1.964813486e-05,1.570297066e-05,nan,nan,nan,nan
1574,39.35,1.965272477e-05,1.570661703e-05,nan,nan,nan,nan
1575,39.375,1.965722583e-05,1.571019285e-05,nan,nan,nan,nan
1576,39.4,1.966163946e-05,1.571369928e-05,nan,nan,nan,nan
1577,39.425,1.966596711e-05,1.571713745e-05,nan,nan,nan,nan
1578,39.45,1.967021018e-05,1.572050849e-05,nan,nan,nan,nan
1579,39.475,1.967437010e-05,1.572381351e-05,nan,nan,nan,nan
1580,39.5,1.967844823e-05,1.572705359e-05,nan,nan,nan,nan
1581,39.525,1.968244591e-05,1.573022980e-05,nan,nan,nan,nan
1582,39.55,1.968636449e-05,1.573334320e-05,nan,nan,nan,nan
1583,39.575,1.969020528e-05,1.573639485e-05,nan,nan,nan,nan
1584,39.6,1.969396961e-05,1.573938581e-05,nan,nan,nan,nan
1585,39.625,1.969765878e-05,1.574231708e-05,nan,nan,nan,nan
1586,39.65,1.970127406e-05,1.574518969e-05,nan,nan,nan,nan
1587,39.675,1.970481669e-05,1.574800462e-05,nan,nan,nan,nan
1588,39.7,1.970828793e-05,1.575076286e-05,nan,nan,nan,nan
1589,39.725,1.971168900e-05,1.575346539e-05,nan,nan,nan,nan
1590,39.75,1.971502110e-05,1.575611317e-05,nan,nan,nan,nan
1591,39.775,1.971828544e-05,1.575870714e-05,nan,nan,nan,nan
1592,39.8,1.972148318e-05,1.576124823e-05,nan,nan,nan,nan
1593,39.825,1.972461549e-05,1.576373739e-05,nan,nan,nan,nan
1594,39.85,1.972768352e-05,1.576617551e-05,nan,nan,nan,nan
1595,39.875,1.973068840e-05,1.576856349e-05,nan,nan,nan,nan
1596,39.9,1.973363125e-05,1.577090220e-05,nan,nan,nan,nan
1597,39.925,1.973651314e-05,1.577319252e-05,nan,nan,nan,nan
1598,39.95,1.973933516e-05,1.577543530e-05,nan,nan,nan,nan
1599,39.975,1.974209838e-05,1.577763142e-05,nan,nan,nan,nan
1600,40,1.974480387e-05,1.577978171e-05,nan,nan,nan,nan
1601,40.025,1.974745267e-05,1.578188699e-05,nan,nan,nan,nan
1602,40.05,1.975004580e-05,1.578394805e-05,nan,nan,nan,nan
1603,40.075,1.975258424e-05,1.578596569e-05,nan,nan,nan,nan
1604,40.1,1.975506899e-05,1.578794072e-05,nan,nan,nan,nan
1605,40.125,1.975750103e-05,1.578987391e-05,nan,nan,nan,nan
1606,40.15,1.975988134e-05,1.579176604e-05,nan,nan,nan,nan
1607,40.175,1.976221087e-05,1.579361785e-05,nan,nan,nan,nan
1608,40.2,1.976449055e-05,1.579543008e-05,nan,nan,nan,nan
1609,40.225,1.976672129e-05,1.579720347e-05,nan,nan,nan,nan
1610,40.25,1.976890401e-05,1.579893874e-05,nan,nan,nan,nan
1611,40.275,1.977103960e-05,1.580063660e-05,nan,nan,nan,nan
1612,40.3,1.977312895e-05,1.580229774e-05,nan,nan,nan,nan
1613,40.325,1.977517290e-05,1.580392285e-05,nan,nan,nan,nan
1614,40.35,1.977717232e-05,1.580551262e-05,nan,nan,nan,nan
1615,40.375,1.977912805e-05,1.580706773e-05,nan,nan,nan,nan
1616,40.4,1.978104093e-05,1.580858883e-05,nan,nan,nan,nan
1617,40.425,1.978291178e-05,1.581007656e-05,nan,nan,nan,nan
1618,40.45,1.978474139e-05,1.581153153e-05,nan,nan,nan,nan
1619,40.475,1.978653053e-05,1.581295439e-05,nan,nan,nan,nan
1620,40.5,1.978827997e-05,1.581434576e-05,nan,nan,nan,nan
1621,40.525,1.978999049e-05,1.581570626e-05,nan,nan,nan,nan
1622,40.55,1.979166287e-05,1.581703648e-05,nan,nan,nan,nan
1623,40.575,1.979329785e-05,1.581833702e-05,nan,nan,nan,nan
1624,40.6,1.979489613e-05,1.581960842e-05,nan,nan,nan,nan
1625,40.625,1.979645843e-05,1.582085127e-05,nan,nan,nan,nan
1626,40.65,1.979798544e-05,1.582206613e-05,nan,nan,nan,nan
1627,40.675,1.979947788e-05,1.582325355e-05,nan,nan,nan,nan
1628,40.7,1.980093643e-05,1.582441408e-05,nan,nan,nan,nan
1629,40.725,1.980236175e-05,1.582554825e-05,nan,nan,nan,nan
1630,40.75,1.980375451e-05,1.582665658e-05,nan,nan,nan,nan
1631,40.775,1.980511534e-05,1.582773959e-05,nan,nan,nan,nan
1632,40.8,1.980644491e-05,1.582879778e-05,nan,nan,nan,nan
1633,40.825,1.980774383e-05,1.582983166e-05,nan,nan,nan,nan
1634,40.85,1.980901271e-05,1.583084169e-05,nan,nan,nan,nan
1635,40.875,1.981025215e-05,1.583182837e-05,nan,nan,nan,nan
1636,40.9,1.981146275e-05,1.583279218e-05,nan,nan,nan,nan
1637,40.925,1.981264511e-05,1.583373359e-05,nan,nan,nan,nan
1638,40.95,1.981379981e-05,1.583465306e-05,nan,nan,nan,nan
1639,40.975,1.981492742e-05,1.583555102e-05,nan,nan,nan,nan
1640,41,1.981602848e-05,1.583642791e-05,nan,nan,nan,nan
1641,41.025,1.981710352e-05,1.583728416e-05,nan,nan,nan,nan
1642,41.05,1.981815309e-05,1.583812022e-05,nan,nan,nan,nan
1643,41.075,1.981917773e-05,1.583893650e-05,nan,nan,nan,nan
1644,41.1,1.982017796e-05,1.583973343e-05,nan,nan,nan,nan
1645,41.125,1.982115429e-05,1.584051138e-05,nan,nan,nan,nan
1646,41.15,1.982210721e-05,1.584127075e-05,nan,nan,nan,nan
1647,41.175,1.982303721e-05,1.584201195e-05,nan,nan,nan,nan
1648,41.2,1.982394478e-05,1.584273535e-05,nan,nan,nan,nan
1649,41.225,1.982483039e-05,1.584344134e-05,nan,nan,nan,nan
1650,41.25,1.982569451e-05,1.584413027e-05,nan,nan,nan,nan
1651,41.275,1.982653760e-05,1.584480252e-05,nan,nan,nan,nan
1652,41.3,1.982736010e-05,1.584545844e-05,nan,nan,nan,nan
1653,41.325,1.982816246e-05,1.584609839e-05,nan,nan,nan,nan
1654,41.35,1.982894512e-05,1.584672269e-05,nan,nan,nan,nan
1655,41.375,1.982970849e-05,1.584733169e-05,nan,nan,nan,nan
1656,41.4,1.983045299e-05,1.584792572e-05,nan,nan,nan,nan
1657,41.425,1.983117902e-05,1.584850509e-05,nan,nan,nan,nan
1658,41.45,1.983188700e-05,1.584907016e-05,nan,nan,nan,nan
1659,41.475,1.983257733e-05,1.584962123e-05,nan,nan,nan,nan
1660,41.5,1.983325040e-05,1.585015858e-05,nan,nan,nan,nan
1661,41.525,1.983390658e-05,1.585068253e-05,nan,nan,nan,nan
1662,41.55,1.983454623e-05,1.585119335e-05,nan,nan,nan,nan
1663,41.575,1.983516971e-05,1.585169135e-05,nan,nan,nan,nan
1664,41.6,1.983577741e-05,1.585217684e-05,nan,nan,nan,nan
1665,41.625,1.983636967e-05,1.585265008e-05,nan,nan,nan,nan
1666,41.65,1.983694685e-05,1.585311133e-05,nan,nan,nan,nan
1667,41.675,1.983750927e-05,1.585356087e-05,nan,nan,nan,nan
1668,41.7,1.983805726e-05,1.585399895e-05,nan,nan,nan,nan
1669,41.725,1.983859116e-05,1.585442585e-05,nan,nan,nan,nan
1670,41.75,1.983911129e-05,1.585484182e-05,nan,nan,nan,nan
1671,41.775,1.983961796e-05,1.585524709e-05,nan,nan,nan,nan
1672,41.8,1.984011146e-05,1.585564191e-05,nan,nan,nan,nan
1673,41.825,1.984059211e-05,1.585602653e-05,nan,nan,nan,nan
1674,41.85,1.984106021e-05,1.585640119e-05,nan,nan,nan,nan
1675,41.875,1.984151605e-05,1.585676612e-05,nan,nan,nan,nan
1676,41.9,1.984195993e-05,1.585712153e-05,nan,nan,nan,nan
1677,41.925,1.984239209e-05,1.585746762e-05,nan,nan,nan,nan
1678,41.95,1.984281281e-05,1.585780462e-05,nan,nan,nan,nan
1679,41.975,1.984322236e-05,1.585813276e-05,nan,nan,nan,nan
1680,42,1.984362102e-05,1.585845225e-05,nan,nan,nan,nan
1681,42.025,1.984400905e-05,1.585876330e-05,nan,nan,nan,nan
1682,42.05,1.984438670e-05,1.585906609e-05,nan,nan,nan,nan
1683,42.075,1.984475420e-05,1.585936080e-05,nan,nan,nan,nan
1684,42.1,1.984511179e-05,1.585964763e-05,nan,nan,nan,nan
1685,42.125,1.984545971e-05,1.585992677e-05,nan,nan,nan,nan
1686,42.15,1.984579820e-05,1.586019843e-05,nan,nan,nan,nan
1687,42.175,1.984612750e-05,1.586046277e-05,nan,nan,nan,nan
1688,42.2,1.984644781e-05,1.586071996e-05,nan,nan,nan,nan
1689,42.225,1.984675936e-05,1.586097018e-05,nan,nan,nan,nan
1690,42.25,1.984706236e-05,1.586121359e-05,nan,nan,nan,nan
1691,42.275,1.984735701e-05,1.586145037e-05,nan,nan,nan,nan
1692,42.3,1.984764354e-05,1.586168067e-05,nan,nan,nan,nan
1693,42.325,1.984792212e-05,1.586190464e-05,nan,nan,nan,nan
1694,42.35,1.984819296e-05,1.586212244e-05,nan,nan,nan,nan
1695,42.375,1.984845624e-05,1.586233424e-05,nan,nan,nan,nan
1696,42.4,1.984871216e-05,1.586254019e-05,nan,nan,nan,nan
1697,42.425,1.984896093e-05,1.586274043e-05,nan,nan,nan,nan
1698,42.45,1.984920270e-05,1.586293508e-05,nan,nan,nan,nan
1699,42.475,1.984943764e-05,1.586312428e-05,nan,nan,nan,nan
1700,42.5,1.984966592e-05,1.586330817e-05,nan,nan,nan,nan
1701,42.525,1.984988771e-05,1.586348690e-05,nan,nan,nan,nan
1702,42.55,1.985010319e-05,1.586366061e-05,nan,nan,nan,nan
1703,42.575,1.985031253e-05,1.586382941e-05,nan,nan,nan,nan
1704,42.6,1.985051587e-05,1.586399342e-05,nan,nan,nan,nan
1705,42.625,1.985071337e-05,1.586415276e-05,nan,nan,nan,nan
1706,42.65,1.985090516e-05,1.586430755e-05,nan,nan,nan,nan
1707,42.675,1.985109141e-05,1.586445792e-05,nan,nan,nan,nan
1708,42.7,1.985127225e-05,1.586460398e-05,nan,nan,nan,nan
1709,42.725,1.985144784e-05,1.586474583e-05,nan,nan,nan,nan
1710,42.75,1.985161830e-05,1.586488358e-05,nan,nan,nan,nan
1711,42.775,1.985178377e-05,1.586501735e-05,nan,nan,nan,nan
1712,42.8,1.985194439e-05,1.586514725e-05,nan,nan,nan,nan
1713,42.825,1.985210028e-05,1.586527335e-05,nan,nan,nan,nan
1714,42.85,1.985225156e-05,1.586539577e-05,nan,nan,nan,nan
1715,42.875,1.985239835e-05,1.586551459e-05,nan,nan,nan,nan
1716,42.9,1.985254078e-05,1.586562993e-05,nan,nan,nan,nan
1717,42.925,1.985267896e-05,1.586574188e-05,nan,nan,nan,nan
1718,42.95,1.985281301e-05,1.586585052e-05,nan,nan,nan,nan
1719,42.975,1.985294306e-05,1.586595595e-05,nan,nan,nan,nan
1720,43,1.985306919e-05,1.586605822e-05,nan,nan,nan,nan
1721,43.025,1.985319150e-05,1.586615744e-05,nan,nan,nan,nan
1722,43.05,1.985331011e-05,1.586625370e-05,nan,nan,nan,nan
1723,43.075,1.985342512e-05,1.586634708e-05,nan,nan,nan,nan
1724,43.1,1.985353663e-05,1.586643765e-05,nan,nan,nan,nan
1725,43.125,1.985364474e-05,1.586652549e-05,nan,nan,nan,nan
1726,43.15,1.985374954e-05,1.586661066e-05,nan,nan,nan,nan
1727,43.175,1.985385111e-05,1.586669325e-05,nan,nan,nan,nan
1728,43.2,1.985394956e-05,1.586677333e-05,nan,nan,nan,nan
1729,43.225,1.985404496e-05,1.586685096e-05,nan,nan,nan,nan
1730,43.25,1.985413740e-05,1.586692621e-05,nan,nan,nan,nan
1731,43.275,1.985422697e-05,1.586699916e-05,nan,nan,nan,nan
1732,43.3,1.985431374e-05,1.586706985e-05,nan,nan,nan,nan
1733,43.325,1.985439780e-05,1.586713838e-05,nan,nan,nan,nan
1734,43.35,1.985447923e-05,1.586720478e-05,nan,nan,nan,nan
1735,43.375,1.985455810e-05,1.586726911e-05,nan,nan,nan,nan
1736,43.4,1.985463447e-05,1.586733142e-05,nan,nan,nan,nan
1737,43.425,1.985470842e-05,1.586739179e-05,nan,nan,nan,nan
1738,43.45,1.985478001e-05,1.586745027e-05,nan,nan,nan,nan
1739,43.475,1.985484934e-05,1.586750693e-05,nan,nan,nan,nan
1740,43.5,1.985491646e-05,1.586756180e-05,nan,nan,nan,nan
1741,43.525,1.985498143e-05,1.586761493e-05,nan,nan,nan,nan
1742,43.55,1.985504431e-05,1.586766637e-05,nan,nan,nan,nan
1743,43.575,1.985510515e-05,1.586771616e-05,nan,nan,nan,nan
1744,43.6,1.985516402e-05,1.586776437e-05,nan,nan,nan,nan
1745,43.625,1.985522099e-05,1.586781106e-05,nan,nan,nan,nan
1746,43.65,1.985527611e-05,1.586785624e-05,nan,nan,nan,nan
1747,43.675,1.985532944e-05,1.586789997e-05,nan,nan,nan,nan
1748,43.7,1.985538101e-05,1.586796123e-05,nan,nan,nan,nan
1749,43.725,1.985543090e-05,1.586802763e-05,nan,nan,nan,nan
1750,43.75,1.985547914e-05,1.586809196e-05,nan,nan,nan,nan
1751,43.775,1.985552580e-05,1.586815427e-05,nan,nan,nan,nan
1752,43.8,1.985557090e-05,1.586821462e-05,nan,nan,nan,nan
1753,43.825,1.985561450e-05,1.586827308e-05,nan,nan,nan,nan
1754,43.85,1.985565666e-05,1.586832970e-05,nan,nan,nan,nan
1755,43.875,1.985569741e-05,1.586838455e-05,nan,nan,nan,nan
1756,43.9,1.985573681e-05,1.586843765e-05,nan,nan,nan,nan
1757,43.925,1.985577488e-05,1.586848906e-05,nan,nan,nan,nan
1758,43.95,1.985581165e-05,1.586853884e-05,nan,nan,nan,nan
1759,43.975,1.985584717e-05,1.586858702e-05,nan,nan,nan,nan
1760,44,1.985588150e-05,1.586863366e-05,nan,nan,nan,nan
1761,44.025,1.985591467e-05,1.586867880e-05,nan,nan,nan,nan
1762,44.05,1.985594671e-05,1.586872247e-05,nan,nan,nan,nan
1763,44.075,1.985597766e-05,1.586876475e-05,nan,nan,nan,nan
1764,44.1,1.985600754e-05,1.586880566e-05,nan,nan,nan,nan
1765,44.125,1.985603638e-05,1.586884524e-05,nan,nan,nan,nan
1766,44.15,1.985606423e-05,1.586888352e-05,nan,nan,nan,nan
1767,44.175,1.985609112e-05,1.586892054e-05,nan,nan,nan,nan
1768,44.2,1.985611708e-05,1.586895633e-05,nan,nan,nan,nan
1769,44.225,1.985614214e-05,1.586899097e-05,nan,nan,nan,nan
1770,44.25,1.985616632e-05,1.586902447e-05,nan,nan,nan,nan
1771,44.275,1.985618965e-05,1.586905687e-05,nan,nan,nan,nan
1772,44.3,1.985621218e-05,1.586908818e-05,nan,nan,nan,nan
1773,44.325,1.985623390e-05,1.586911844e-05,nan,nan,nan,nan
1774,44.35,1.985625485e-05,1.586914768e-05,nan,nan,nan,nan
1775,44.375,1.985627505e-05,1.586917596e-05,nan,nan,nan,nan
1776,44.4,1.985629454e-05,1.586920329e-05,nan,nan,nan,nan
1777,44.425,1.985631335e-05,1.586922969e-05,nan,nan,nan,nan
1778,44.45,1.985633149e-05,1.586925521e-05,nan,nan,nan,nan
1779,44.475,1.985634898e-05,1.586927986e-05,nan,nan,nan,nan
1780,44.5,1.985636582e-05,1.586930368e-05,nan,nan,nan,nan
1781,44.525,1.985638206e-05,1.586932668e-05,nan,nan,nan,nan
1782,44.55,1.985639771e-05,1.586934890e-05,nan,nan,nan,nan
1783,44.575,1.985641280e-05,1.586937034e-05,nan,nan,nan,nan
1784,44.6,1.985642735e-05,1.586939105e-05,nan,nan,nan,nan
1785,44.625,1.985644136e-05,1.586941106e-05,nan,nan,nan,nan
1786,44.65,1.985645486e-05,1.586943038e-05,nan,nan,nan,nan
1787,44.675,1.985646786e-05,1.586944904e-05,nan,nan,nan,nan
1788,44.7,1.985648038e-05,1.586946703e-05,nan,nan,nan,nan
1789,44.725,1.985649245e-05,1.586948438e-05,nan,nan,nan,nan
1790,44.75,1.985650407e-05,1.586950113e-05,nan,nan,nan,nan
1791,44.775,1.985651526e-05,1.586951730e-05,nan,nan,nan,nan
1792,44.8,1.985652603e-05,1.586953292e-05,nan,nan,nan,nan
1793,44.825,1.985653640e-05,1.586954799e-05,nan,nan,nan,nan
1794,44.85,1.985654638e-05,1.586956250e-05,nan,nan,nan,nan
1795,44.875,1.985655599e-05,1.586957650e-05,nan,nan,nan,nan
1796,44.9,1.985656523e-05,1.586959001e-05,nan,nan,nan,nan
1797,44.925,1.985657413e-05,1.586960303e-05,nan,nan,nan,nan
1798,44.95,1.985658269e-05,1.586961560e-05,nan,nan,nan,nan
1799,44.975,1.985659093e-05,1.586962771e-05,nan,nan,nan,nan
1800,45,1.985659886e-05,1.586963938e-05,nan,nan,nan,nan
1801,45.025,1.985660648e-05,1.586965064e-05,nan,nan,nan,nan
1802,45.05,1.985661381e-05,1.586966149e-05,nan,nan,nan,nan
1803,45.075,1.985662086e-05,1.586967195e-05,nan,nan,nan,nan
1804,45.1,1.985662764e-05,1.586968201e-05,nan,nan,nan,nan
1805,45.125,1.985663416e-05,1.586969171e-05,nan,nan,nan,nan
1806,45.15,1.985664043e-05,1.586970105e-05,nan,nan,nan,nan
1807,45.175,1.985664646e-05,1.586971007e-05,nan,nan,nan,nan
1808,45.2,1.985665225e-05,1.586971876e-05,nan,nan,nan,nan
1809,45.225,1.985665781e-05,1.586972712e-05,nan,nan,nan,nan
1810,45.25,1.985666316e-05,1.586973516e-05,nan,nan,nan,nan
1811,45.275,1.985666830e-05,1.586974289e-05,nan,nan,nan,nan
1812,45.3,1.985667324e-05,1.586975035e-05,nan,nan,nan,nan
1813,45.325,1.985667799e-05,1.586975754e-05,nan,nan,nan,nan
1814,45.35,1.985668255e-05,1.586976447e-05,nan,nan,nan,nan
1815,45.375,1.985668693e-05,1.586977113e-05,nan,nan,nan,nan
1816,45.4,1.985669113e-05,1.586977752e-05,nan,nan,nan,nan
1817,45.425,1.985669516e-05,1.586978368e-05,nan,nan,nan,nan
1818,45.45,1.985669904e-05,1.586978961e-05,nan,nan,nan,nan
1819,45.475,1.985670277e-05,1.586979532e-05,nan,nan,nan,nan
1820,45.5,1.985670635e-05,1.586980080e-05,nan,nan,nan,nan
1821,45.525,1.985670979e-05,1.586980608e-05,nan,nan,nan,nan
1822,45.55,1.985671308e-05,1.586981116e-05,nan,nan,nan,nan
1823,45.575,1.985671624e-05,1.586981605e-05,nan,nan,nan,nan
1824,45.6,1.985671927e-05,1.586982075e-05,nan,nan,nan,nan
1825,45.625,1.985672219e-05,1.586982526e-05,nan,nan,nan,nan
1826,45.65,1.985672499e-05,1.586982959e-05,nan,nan,nan,nan
1827,45.675,1.985672767e-05,1.586983376e-05,nan,nan,nan,nan
1828,45.7,1.985673025e-05,1.586983777e-05,nan,nan,nan,nan
1829,45.725,1.985673272e-05,1.586984164e-05,nan,nan,nan,nan
1830,45.75,1.985673509e-05,1.586984535e-05,nan,nan,nan,nan
1831,45.775,1.985673736e-05,1.586984891e-05,nan,nan,nan,nan
1832,45.8,1.985673954e-05,1.586985232e-05,nan,nan,nan,nan
1833,45.825,1.985674162e-05,1.586985560e-05,nan,nan,nan,nan
1834,45.85,1.985674363e-05,1.586985875e-05,nan,nan,nan,nan
1835,45.875,1.985674556e-05,1.586986179e-05,nan,nan,nan,nan
1836,45.9,1.985674741e-05,1.586986471e-05,nan,nan,nan,nan
1837,45.925,1.985674918e-05,1.586986750e-05,nan,nan,nan,nan
1838,45.95,1.985675087e-05,1.586987019e-05,nan,nan,nan,nan
1839,45.975,1.985675249e-05,1.586987276e-05,nan,nan,nan,nan
1840,46,1.985675404e-05,1.586987524e-05,nan,nan,nan,nan
1841,46.025,1.985675554e-05,1.586987761e-05,nan,nan,nan,nan
1842,46.05,1.985675698e-05,1.586987989e-05,nan,nan,nan,nan
1843,46.075,1.985675835e-05,1.586988208e-05,nan,nan,nan,nan
1844,46.1,1.985675967e-05,1.586988419e-05,nan,nan,nan,nan
1845,46.125,1.985676092e-05,1.586988621e-05,nan,nan,nan,nan
1846,46.15,1.985676213e-05,1.586988814e-05,nan,nan,nan,nan
1847,46.175,1.985676329e-05,1.586988998e-05,nan,nan,nan,nan
1848,46.2,1.985676439e-05,1.586989176e-05,nan,nan,nan,nan
1849,46.225,1.985676545e-05,1.586989347e-05,nan,nan,nan,nan
1850,46.25,1.985676647e-05,1.586989512e-05,nan,nan,nan,nan
1851,46.275,1.985676745e-05,1.586989670e-05,nan,nan,nan,nan
1852,46.3,1.985676839e-05,1.586989820e-05,nan,nan,nan,nan
1853,46.325,1.985676928e-05,1.586989964e-05,nan,nan,nan,nan
1854,46.35,1.985677013e-05,1.586990101e-05,nan,nan,nan,nan
1855,46.375,1.985677095e-05,1.586990234e-05,nan,nan,nan,nan
1856,46.4,1.985677173e-05,1.586990362e-05,nan,nan,nan,nan
1857,46.425,1.985677248e-05,1.586990484e-05,nan,nan,nan,nan
1858,46.45,1.985677320e-05,1.586990602e-05,nan,nan,nan,nan
1859,46.475,1.985677389e-05,1.586990714e-05,nan,nan,nan,nan
1860,46.5,1.985677455e-05,1.586990822e-05,nan,nan,nan,nan
1861,46.525,1.985677518e-05,1.586990924e-05,nan,nan,nan,nan
1862,46.55,1.985677578e-05,1.586991022e-05,nan,nan,nan,nan
1863,46.575,1.985677635e-05,1.586991116e-05,nan,nan,nan,nan
1864,46.6,1.985677691e-05,1.586991206e-05,nan,nan,nan,nan
1865,46.625,1.985677743e-05,1.586991294e-05,nan,nan,nan,nan
1866,46.65,1.985677793e-05,1.586991379e-05,nan,nan,nan,nan
1867,46.675,1.985677842e-05,1.586991459e-05,nan,nan,nan,nan
1868,46.7,1.985677888e-05,1.586991534e-05,nan,nan,nan,nan
1869,46.725,1.985677932e-05,1.586991605e-05,nan,nan,nan,nan
1870,46.75,1.985677974e-05,1.586991674e-05,nan,nan,nan,nan
1871,46.775,1.985678014e-05,1.586991742e-05,nan,nan,nan,nan
1872,46.8,1.985678052e-05,1.586991808e-05,nan,nan,nan,nan
1873,46.825,1.985678089e-05,1.586991870e-05,nan,nan,nan,nan
1874,46.85,1.985678124e-05,1.586991928e-05,nan,nan,nan,nan
1875,46.875,1.985678157e-05,1.586991983e-05,nan,nan,nan,nan
1876,46.9,1.985678189e-05,1.586992037e-05,nan,nan,nan,nan
1877,46.925,1.985678220e-05,1.586992088e-05,nan,nan,nan,nan
1878,46.95,1.985678249e-05,1.586992137e-05,nan,nan,nan,nan
1879,46.975,1.985678276e-05,1.586992184e-05,nan,nan,nan,nan
1880,47,1.985678302e-05,1.586992229e-05,nan,nan,nan,nan
1881,47.025,1.985678327e-05,1.586992273e-05,nan,nan,nan,nan
1882,47.05,1.985678351e-05,1.586992315e-05,nan,nan,nan,nan
1883,47.075,1.985678374e-05,1.586992355e-05,nan,nan,nan,nan
1884,47.1,1.985678396e-05,1.586992391e-05,nan,nan,nan,nan
1885,47.125,1.985678417e-05,1.586992426e-05,nan,nan,nan,nan
1886,47.15,1.985678436e-05,1.586992461e-05,nan,nan,nan,nan
1887,47.175,1.985678454e-05,1.586992495e-05,nan,nan,nan,nan
1888,47.2,1.985678472e-05,1.586992528e-05,nan,nan,nan,nan
1889,47.225,1.985678489e-05,1.586992558e-05,nan,nan,nan,nan
1890,47.25,1.985678505e-05,1.586992585e-05,nan,nan,nan,nan
1891,47.275,1.985678520e-05,1.586992612e-05,nan,nan,nan,nan
1892,47.3,1.985678535e-05,1.586992638e-05,nan,nan,nan,nan
1893,47.325,1.985678548e-05,1.586992664e-05,nan,nan,nan,nan
1894,47.35,1.985678561e-05,1.586992688e-05,nan,nan,nan,nan
1895,47.375,1.985678573e-05,1.586992711e-05,nan,nan,nan,nan
1896,47.4,1.985678585e-05,1.586992732e-05,nan,nan,nan,nan
1897,47.425,1.985678596e-05,1.586992753e-05,nan,nan,nan,nan
1898,47.45,1.985678606e-05,1.586992773e-05,nan,nan,nan,nan
1899,47.475,1.985678616e-05,1.586992792e-05,nan,nan,nan,nan
1900,47.5,1.985678626e-05,1.586992810e-05,nan,nan,nan,nan
1901,47.525,1.985678634e-05,1.586992827e-05,nan,nan,nan,nan
1902,47.55,1.985678642e-05,1.586992843e-05,nan,nan,nan,nan
1903,47.575,1.985678650e-05,1.586992860e-05,nan,nan,nan,nan
1904,47.6,1.985678657e-05,1.586992875e-05,nan,nan,nan,nan
1905,47.625,1.985678664e-05,1.586992889e-05,nan,nan,nan,nan
1906,47.65,1.985678671e-05,1.586992902e-05,nan,nan,nan,nan
1907,47.675,1.985678677e-05,1.586992914e-05,nan,nan,nan,nan
1908,47.7,1.985678683e-05,1.586992927e-05,nan,nan,nan,nan
1909,47.725,1.985678688e-05,1.586992939e-05,nan,nan,nan,nan
1910,47.75,1.985678693e-05,1.586992951e-05,nan,nan,nan,nan
1911,47.775,1.985678698e-05,1.586992961e-05,nan,nan,nan,nan
1912,47.8,1.985678702e-05,1.586992970e-05,nan,nan,nan,nan
1913,47.825,1.985678707e-05,1.586992980e-05,nan,nan,nan,nan
1914,47.85,1.985678711e-05,1.586992989e-05,nan,nan,nan,nan
1915,47.875,1.985678714e-05,1.586992998e-05,nan,nan,nan,nan
1916,47.9,1.985678717e-05,1.586993006e-05,nan,nan,nan,nan
1917,47.925,1.985678721e-05,1.586993013e-05,nan,nan,nan,nan
1918,47.95,1.985678724e-05,1.586993021e-05,nan,nan,nan,nan
1919,47.975,1.985678727e-05,1.586993028e-05,nan,nan,nan,nan
1920,48,1.985678729e-05,1.586993035e-05,nan,nan,nan,nan
1921,48.025,1.985678732e-05,1.586993041e-05,nan,nan,nan,nan
1922,48.05,1.985678734e-05,1.586993047e-05,nan,nan,nan,nan
1923,48.075,1.985678736e-05,1.586993052e-05,nan,nan,nan,nan
1924,48.1,1.985678738e-05,1.586993058e-05,nan,nan,nan,nan
1925,48.125,1.985678740e-05,1.586993063e-05,nan,nan,nan,nan
1926,48.15,1.985678742e-05,1.586993068e-05,nan,nan,nan,nan
1927,48.175,1.985678743e-05,1.586993071e-05,nan,nan,nan,nan
1928,48.2,1.985678746e-05,1.586993075e-05,nan,nan,nan,nan
1929,48.225,1.985678747e-05,1.586993080e-05,nan,nan,nan,nan
1930,48.25,1.985678749e-05,1.586993085e-05,nan,nan,nan,nan
1931,48.275,1.985678750e-05,1.586993089e-05,nan,nan,nan,nan
1932,48.3,1.985678750e-05,1.586993091e-05,nan,nan,nan,nan
1933,48.325,1.985678752e-05,1.586993094e-05,nan,nan,nan,nan
1934,48.35,1.985678754e-05,1.586993096e-05,nan,nan,nan,nan
1935,48.375,1.985678755e-05,1.586993100e-05,nan,nan,nan,nan
1936,48.4,1.985678756e-05,1.586993103e-05,nan,nan,nan,nan
1937,48.425,1.985678757e-05,1.586993106e-05,nan,nan,nan,nan
1938,48.45,1.985678757e-05,1.586993108e-05,nan,nan,nan,nan
1939,48.475,1.985678759e-05,1.586993110e-05,nan,nan,nan,nan
1940,48.5,1.985678760e-05,1.586993112e-05,nan,nan,nan,nan
1941,48.525,1.985678761e-05,1.586993114e-05,nan,nan,nan,nan
1942,48.55,1.985678762e-05,1.586993115e-05,nan,nan,nan,nan
1943,48.575,1.985678762e-05,1.586993117e-05,nan,nan,nan,nan
1944,48.6,1.985678763e-05,1.586993119e-05,nan,nan,nan,nan
1945,48.625,1.985678765e-05,1.586993121e-05,nan,nan,nan,nan
1946,48.65,1.985678766e-05,1.586993123e-05,nan,nan,nan,nan
1947,48.675,1.985678767e-05,1.586993125e-05,nan,nan,nan,nan
1948,48.7,1.985678767e-05,1.586993125e-05,nan,nan,nan,nan
1949,48.725,1.985678768e-05,1.586993125e-05,nan,nan,nan,nan
1950,48.75,1.985678769e-05,1.586993126e-05,nan,nan,nan,nan
1951,48.775,1.985678771e-05,1.586993128e-05,nan,nan,nan,nan
1952,48.8,1.985678772e-05,1.586993130e-05,nan,nan,nan,nan
1953,48.825,1.985678772e-05,1.586993131e-05,nan,nan,nan,nan
1954,48.85,1.985678772e-05,1.586993132e-05,nan,nan,nan,nan
1955,48.875,1.985678774e-05,1.586993132e-05,nan,nan,nan,nan
1956,48.9,1.985678776e-05,1.586993132e-05,nan,nan,nan,nan
1957,48.925,1.985678777e-05,1.586993133e-05,nan,nan,nan,nan
1958,48.95,1.985678777e-05,1.586993135e-05,nan,nan,nan,nan
1959,48.975,1.985678777e-05,1.586993135e-05,nan,nan,nan,nan
1960,49,1.985678778e-05,1.586993136e-05,nan,nan,nan,nan
1961,49.025,1.985678780e-05,1.586993137e-05,nan,nan,nan,nan
1962,49.05,1.985678782e-05,1.586993138e-05,nan,nan,nan,nan
1963,49.075,1.985678783e-05,1.586993138e-05,nan,nan,nan,nan
1964,49.1,1.985678783e-05,1.586993138e-05,nan,nan,nan,nan
1965,49.125,1.985678783e-05,1.586993138e-05,nan,nan,nan,nan
1966,49.15,1.985678784e-05,1.586993139e-05,nan,nan,nan,nan
1967,49.175,1.985678786e-05,1.586993141e-05,nan,nan,nan,nan
1968,49.2,1.985678788e-05,1.586993142e-05,nan,nan,nan,nan
1969,49.225,1.985678788e-05,1.586993142e-05,nan,nan,nan,nan
1970,49.25,1.985678789e-05,1.586993142e-05,nan,nan,nan,nan
1971,49.275,1.985678790e-05,1.586993142e-05,nan,nan,nan,nan
1972,49.3,1.985678791e-05,1.586993142e-05,nan,nan,nan,nan
1973,49.325,1.985678792e-05,1.586993143e-05,nan,nan,nan,nan
1974,49.35,1.985678793e-05,1.586993144e-05,nan,nan,nan,nan
1975,49.375,1.985678793e-05,1.586993145e-05,nan,nan,nan,nan
1976,49.4,1.985678794e-05,1.586993146e-05,nan,nan,nan,nan
1977,49.425,1.985678795e-05,1.586993146e-05,nan,nan,nan,nan
1978,49.45,1.985678797e-05,1.586993146e-05,nan,nan,nan,nan
1979,49.475,1.985678798e-05,1.586993146e-05,nan,nan,nan,nan
1980,49.5,1.985678798e-05,1.586993147e-05,nan,nan,nan,nan
1981,49.525,1.985678797e-05,1.586993148e-05,nan,nan,nan,nan
1982,49.55,1.985678798e-05,1.586993148e-05,nan,nan,nan,nan
1983,49.575,1.985678800e-05,1.586993149e-05,nan,nan,nan,nan
1984,49.6,1.985678802e-05,1.586993149e-05,nan,nan,nan,nan
1985,49.625,1.985678802e-05,1.586993149e-05,nan,nan,nan,nan
1986,49.65,1.985678802e-05,1.586993150e-05,nan,nan,nan,nan
1987,49.675,1.985678802e-05,1.586993150e-05,nan,nan,nan,nan
1988,49.7,1.985678802e-05,1.586993151e-05,nan,nan,nan,nan
1989,49.725,1.985678803e-05,1.586993151e-05,nan,nan,nan,nan
1990,49.75,1.985678804e-05,1.586993152e-05,nan,nan,nan,nan
1991,49.775,1.985678804e-05,1.586993152e-05,nan,nan,nan,nan
1992,49.8,1.985678804e-05,1.586993153e-05,nan,nan,nan,nan
1993,49.825,1.985678805e-05,1.586993153e-05,nan,nan,nan,nan
1994,49.85,1.985678806e-05,1.586993153e-05,nan,nan,nan,nan
1995,49.875,1.985678805e-05,1.586993153e-05,nan,nan,nan,nan
1996,49.9,1.985678805e-05,1.586993154e-05,nan,nan,nan,nan
1997,49.925,1.985678805e-05,1.586993155e-05,nan,nan,nan,nan
1998,49.95,1.985678805e-05,1.586993155e-05,nan,nan,nan,nan
1999,49.975,1.985678807e-05,1.586993156e-05,nan,nan,nan,nan
2000,50,1.985678807e-05,1.586993155e-05,nan,nan,nan,nan
2001,50.025,1.985678807e-05,1.586993155e-05,nan,nan,nan,nan
2002,50.05,1.985678805e-05,1.586993156e-05,nan,nan,nan,nan
2003,50.075,1.985678805e-05,1.586993157e-05,nan,nan,nan,nan
2004,50.1,1.985678805e-05,1.586993157e-05,nan,nan,nan,nan
2005,50.125,1.985678806e-05,1.586993157e-05,nan,nan,nan,nan
2006,50.15,1.985678806e-05,1.586993157e-05,nan,nan,nan,nan
2007,50.175,1.985678806e-05,1.586993157e-05,nan,nan,nan,nan
2008,50.2,1.985678805e-05,1.586993158e-05,nan,nan,nan,nan
2009,50.225,1.985678804e-05,1.586993159e-05,nan,nan,nan,nan
2010,50.25,1.985678804e-05,1.586993159e-05,nan,nan,nan,nan
2011,50.275,1.985678803e-05,1.586993158e-05,nan,nan,nan,nan
2012,50.3,1.985678803e-05,1.586993158e-05,nan,nan,nan,nan
2013,50.325,1.985678803e-05,1.586993159e-05,nan,nan,nan,nan
2014,50.35,1.985678803e-05,1.586993159e-05,nan,nan,nan,nan
2015,50.375,1.985678803e-05,1.586993160e-05,nan,nan,nan,nan
2016,50.4,1.985678802e-05,1.586993160e-05,nan,nan,nan,nan
2017,50.425,1.985678801e-05,1.586993159e-05,nan,nan,nan,nan
2018,50.45,1.985678800e-05,1.586993160e-05,nan,nan,nan,nan
2019,50.475,1.985678799e-05,1.586993160e-05,nan,nan,nan,nan
2020,50.5,1.985678799e-05,1.586993160e-05,nan,nan,nan,nan
2021,50.525,1.985678799e-05,1.586993160e-05,nan,nan,nan,nan
2022,50.55,1.985678799e-05,1.586993159e-05,nan,nan,nan,nan
2023,50.575,1.985678798e-05,1.586993159e-05,nan,nan,nan,nan
2024,50.6,1.985678797e-05,1.586993160e-05,nan,nan,nan,nan
2025,50.625,1.985678796e-05,1.586993161e-05,nan,nan,nan,nan
2026,50.65,1.985678795e-05,1.586993161e-05,nan,nan,nan,nan
2027,50.675,1.985678795e-05,1.586993159e-05,nan,nan,nan,nan
2028,50.7,1.985678795e-05,1.586993158e-05,nan,nan,nan,nan
2029,50.725,1.985678795e-05,1.586993159e-05,nan,nan,nan,nan
2030,50.75,1.985678794e-05,1.586993160e-05,nan,nan,nan,nan
2031,50.775,1.985678793e-05,1.586993161e-05,nan,nan,nan,nan
2032,50.8,1.985678792e-05,1.586993160e-05,nan,nan,nan,nan
2033,50.825,1.985678792e-05,1.586993159e-05,nan,nan,nan,nan
2034,50.85,1.985678792e-05,1.586993158e-05,nan,nan,nan,nan
2035,50.875,1.985678792e-05,1.586993159e-05,nan,nan,nan,nan
2036,50.9,1.985678791e-05,1.586993159e-05,nan,nan,nan,nan
2037,50.925,1.985678790e-05,1.586993159e-05,nan,nan,nan,nan
2038,50.95,1.985678789e-05,1.586993158e-05,nan,nan,nan,nan
2039,50.975,1.985678789e-05,1.586993158e-05,nan,nan,nan,nan
2040,51,1.985678789e-05,1.586993158e-05,nan,nan,nan,nan
2041,51.025,1.985678789e-05,1.586993159e-05,nan,nan,nan,nan
2042,51.05,1.985678788e-05,1.586993158e-05,nan,nan,nan,nan
2043,51.075,1.985678788e-05,1.586993157e-05,nan,nan,nan,nan
2044,51.1,1.985678787e-05,1.586993156e-05,nan,nan,nan,nan
2045,51.125,1.985678787e-05,1.586993156e-05,nan,nan,nan,nan
2046,51.15,1.985678787e-05,1.586993157e-05,nan,nan,nan,nan
2047,51.175,1.985678787e-05,1.586993158e-05,nan,nan,nan,nan
2048,51.2,1.985678786e-05,1.586993158e-05,nan,nan,nan,nan
2049,51.225,1.985678786e-05,1.586993156e-05,nan,nan,nan,nan
2050,51.25,1.985678787e-05,1.586993155e-05,nan,nan,nan,nan
2051,51.275,1.985678787e-05,1.586993155e-05,nan,nan,nan,nan
2052,51.3,1.985678786e-05,1.586993156e-05,nan,nan,nan,nan
2053,51.325,1.985678785e-05,1.586993156e-05,nan,nan,nan,nan
2054,51.35,1.985678785e-05,1.586993156e-05,nan,nan,nan,nan
2055,51.375,1.985678786e-05,1.586993155e-05,nan,nan,nan,nan
2056,51.4,1.985678787e-05,1.586993154e-05,nan,nan,nan,nan
2057,51.425,1.985678788e-05,1.586993154e-05,nan,nan,nan,nan
2058,51.45,1.985678786e-05,1.586993155e-05,nan,nan,nan,nan
2059,51.475,1.985678785e-05,1.586993155e-05,nan,nan,nan,nan
2060,51.5,1.985678785e-05,1.586993154e-05,nan,nan,nan,nan
2061,51.525,1.985678787e-05,1.586993153e-05,nan,nan,nan,nan
2062,51.55,1.985678788e-05,1.586993154e-05,nan,nan,nan,nan
2063,51.575,1.985678788e-05,1.586993154e-05,nan,nan,nan,nan
2064,51.6,1.985678788e-05,1.586993154e-05,nan,nan,nan,nan
2065,51.625,1.985678787e-05,1.586993154e-05,nan,nan,nan,nan
2066,51.65,1.985678788e-05,1.586993153e-05,nan,nan,nan,nan
2067,51.675,1.985678789e-05,1.586993153e-05,nan,nan,nan,nan
2068,51.7,1.985678789e-05,1.586993153e-05,nan,nan,nan,nan
2069,51.725,1.985678789e-05,1.586993154e-05,nan,nan,nan,nan
2070,51.75,1.985678789e-05,1.586993154e-05,nan,nan,nan,nan
2071,51.775,1.985678790e-05,1.586993153e-05,nan,nan,nan,nan
2072,51.8,1.985678792e-05,1.586993152e-05,nan,nan,nan,nan
2073,51.825,1.985678792e-05,1.586993152e-05,nan,nan,nan,nan
2074,51.85,1.985678791e-05,1.586993153e-05,nan,nan,nan,nan
2075,51.875,1.985678790e-05,1.586993153e-05,nan,nan,nan,nan
2076,51.9,1.985678791e-05,1.586993153e-05,nan,nan,nan,nan
2077,51.925,1.985678793e-05,1.586993152e-05,nan,nan,nan,nan
2078,51.95,1.985678795e-05,1.586993152e-05,nan,nan,nan,nan
2079,51.975,1.985678796e-05,1.586993153e-05,nan,nan,nan,nan
2080,52,1.985678794e-05,1.586993153e-05,nan,nan,nan,nan
2081,52.025,1.985678793e-05,1.586993153e-05,nan,nan,nan,nan
2082,52.05,1.985678793e-05,1.586993153e-05,nan,nan,nan,nan
2083,52.075,1.985678796e-05,1.586993152e-05,nan,nan,nan,nan
2084,52.1,1.985678798e-05,1.586993153e-05,nan,nan,nan,nan
2085,52.125,1.985678798e-05,1.586993154e-05,nan,nan,nan,nan
2086,52.15,1.985678797e-05,1.586993154e-05,nan,nan,nan,nan
2087,52.175,1.985678797e-05,1.586993154e-05,nan,nan,nan,nan
2088,52.2,1.985678798e-05,1.586993153e-05,nan,nan,nan,nan
2089,52.225,1.985678799e-05,1.586993153e-05,nan,nan,nan,nan
2090,52.25,1.985678799e-05,1.586993153e-05,nan,nan,nan,nan
2091,52.275,1.985678799e-05,1.586993154e-05,nan,nan,nan,nan
2092,52.3,1.985678799e-05,1.586993155e-05,nan,nan,nan,nan
2093,52.325,1.985678801e-05,1.586993154e-05,nan,nan,nan,nan
2094,52.35,1.985678802e-05,1.586993154e-05,nan,nan,nan,nan
2095,52.375,1.985678802e-05,1.586993154e-05,nan,nan,nan,nan
2096,52.4,1.985678800e-05,1.586993155e-05,nan,nan,nan,nan
2097,52.425,1.985678799e-05,1.586993156e-05,nan,nan,nan,nan
2098,52.45,1.985678800e-05,1.586993155e-05,nan,nan,nan,nan
2099,52.475,1.985678803e-05,1.586993155e-05,nan,nan,nan,nan
2100,52.5,1.985678804e-05,1.586993155e-05,nan,nan,nan,nan
2101,52.525,1.985678804e-05,1.586993155e-05,nan,nan,nan,nan
2102,52.55,1.985678802e-05,1.586993156e-05,nan,nan,nan,nan
2103,52.575,1.985678801e-05,1.586993157e-05,nan,nan,nan,nan
2104,52.6,1.985678801e-05,1.586993156e-05,nan,nan,nan,nan
2105,52.625,1.985678803e-05,1.586993155e-05,nan,nan,nan,nan
2106,52.65,1.985678804e-05,1.586993156e-05,nan,nan,nan,nan
2107,52.675,1.985678804e-05,1.586993157e-05,nan,nan,nan,nan
2108,52.7,1.985678803e-05,1.586993157e-05,nan,nan,nan,nan
2109,52.725,1.985678803e-05,1.586993157e-05,nan,nan,nan,nan
2110,52.75,1.985678803e-05,1.586993157e-05,nan,nan,nan,nan
2111,52.775,1.985678803e-05,1.586993157e-05,nan,nan,nan,nan
2112,52.8,1.985678802e-05,1.586993157e-05,nan,nan,nan,nan
2113,52.825,1.985678801e-05,1.586993158e-05,nan,nan,nan,nan
2114,52.85,1.985678802e-05,1.586993158e-05,nan,nan,nan,nan
2115,52.875,1.985678803e-05,1.586993158e-05,nan,nan,nan,nan
2116,52.9,1.985678804e-05,1.586993157e-05,nan,nan,nan,nan
2117,52.925,1.985678803e-05,1.586993158e-05,nan,nan,nan,nan
2118,52.95,1.985678801e-05,1.586993158e-05,nan,nan,nan,nan
2119,52.975,1.985678800e-05,1.586993159e-05,nan,nan,nan,nan
2120,53,1.985678801e-05,1.586993158e-05,nan,nan,nan,nan
2121,53.025,1.985678802e-05,1.586993158e-05,nan,nan,nan,nan
2122,53.05,1.985678802e-05,1.586993158e-05,nan,nan,nan,nan
2123,53.075,1.985678801e-05,1.586993159e-05,nan,nan,nan,nan
2124,53.1,1.985678799e-05,1.586993159e-05,nan,nan,nan,nan
2125,53.125,1.985678798e-05,1.586993159e-05,nan,nan,nan,nan
2126,53.15,1.985678799e-05,1.586993159e-05,nan,nan,nan,nan
2127,53.175,1.985678799e-05,1.586993158e-05,nan,nan,nan,nan
2128,53.2,1.985678799e-05,1.586993158e-05,nan,nan,nan,nan
2129,53.225,1.985678798e-05,1.586993159e-05,nan,nan,nan,nan
2130,53.25,1.985678798e-05,1.586993160e-05,nan,nan,nan,nan
2131,53.275,1.985678797e-05,1.586993159e-05,nan,nan,nan,nan
2132,53.3,1.985678797e-05,1.586993158e-05,nan,nan,nan,nan
2133,53.325,1.985678797e-05,1.586993158e-05,nan,nan,nan,nan
2134,53.35,1.985678796e-05,1.586993159e-05,nan,nan,nan,nan
2135,53.375,1.985678795e-05,1.586993159e-05,nan,nan,nan,nan
2136,53.4,1.985678796e-05,1.586993159e-05,nan,nan,nan,nan
2137,53.425,1.985678796e-05,1.586993158e-05,nan,nan,nan,nan
2138,53.45,1.985678795e-05,1.586993158e-05,nan,nan,nan,nan
2139,53.475,1.985678794e-05,1.586993158e-05,nan,nan,nan,nan
2140,53.5,1.985678793e-05,1.586993159e-05,nan,nan,nan,nan
2141,53.525,1.985678793e-05,1.586993159e-05,nan,nan,nan,nan
2142,53.55,1.985678793e-05,1.586993158e-05,nan,nan,nan,nan
2143,53.575,1.985678793e-05,1.586993157e-05,nan,nan,nan,nan
2144,53.6,1.985678793e-05,1.586993157e-05,nan,nan,nan,nan
2145,53.625,1.985678792e-05,1.586993158e-05,nan,nan,nan,nan
2146,53.65,1.985678791e-05,1.586993159e-05,nan,nan,nan,nan
2147,53.675,1.985678791e-05,1.586993158e-05,nan,nan,nan,nan
2148,53.7,1.985678791e-05,1.586993157e-05,nan,nan,nan,nan
2149,53.725,1.985678791e-05,1.586993156e-05,nan,nan,nan,nan
2150,53.75,1.985678791e-05,1.586993157e-05,nan,nan,nan,nan
2151,53.775,1.985678790e-05,1.586993157e-05,nan,nan,nan,nan
2152,53.8,1.985678790e-05,1.586993158e-05,nan,nan,nan,nan
2153,53.825,1.985678789e-05,1.586993157e-05,nan,nan,nan,nan
2154,53.85,1.985678789e-05,1.586993156e-05,nan,nan,nan,nan
2155,53.875,1.985678789e-05,1.586993156e-05,nan,nan,nan,nan
2156,53.9,1.985678789e-05,1.586993156e-05,nan,nan,nan,nan
2157,53.925,1.985678790e-05,1.586993157e-05,nan,nan,nan,nan
2158,53.95,1.985678790e-05,1.586993157e-05,nan,nan,nan,nan
2159,53.975,1.985678789e-05,1.586993156e-05,nan,nan,nan,nan
2160,54,1.985678788e-05,1.586993155e-05,nan,nan,nan,nan
2161,54.025,1.985678788e-05,1.586993155e-05,nan,nan,nan,nan
2162,54.05,1.985678788e-05,1.586993156e-05,nan,nan,nan,nan
2163,54.075,1.985678789e-05,1.586993156e-05,nan,nan,nan,nan
2164,54.1,1.985678789e-05,1.586993155e-05,nan,nan,nan,nan
2165,54.125,1.985678789e-05,1.586993155e-05,nan,nan,nan,nan
2166,54.15,1.985678789e-05,1.586993155e-05,nan,nan,nan,nan
2167,54.175,1.985678789e-05,1.586993155e-05,nan,nan,nan,nan
2168,54.2,1.985678789e-05,1.586993155e-05,nan,nan,nan,nan
2169,54.225,1.985678789e-05,1.586993155e-05,nan,nan,nan,nan
2170,54.25,1.985678789e-05,1.586993154e-05,nan,nan,nan,nan
2171,54.275,1.985678790e-05,1.586993154e-05,nan,nan,nan,nan
2172,54.3,1.985678791e-05,1.586993154e-05,nan,nan,nan,nan
2173,54.325,1.985678791e-05,1.586993155e-05,nan,nan,nan,nan
2174,54.35,1.985678790e-05,1.586993155e-05,nan,nan,nan,nan
2175,54.375,1.985678789e-05,1.586993154e-05,nan,nan,nan,nan
2176,54.4,1.985678789e-05,1.586993153e-05,nan,nan,nan,nan
2177,54.425,1.985678791e-05,1.586993153e-05,nan,nan,nan,nan
2178,54.45,1.985678793e-05,1.586993154e-05,nan,nan,nan,nan
2179,54.475,1.985678793e-05,1.586993155e-05,nan,nan,nan,nan
2180,54.5,1.985678792e-05,1.586993155e-05,nan,nan,nan,nan
2181,54.525,1.985678791e-05,1.586993154e-05,nan,nan,nan,nan
2182,54.55,1.985678791e-05,1.586993153e-05,nan,nan,nan,nan
2183,54.575,1.985678792e-05,1.586993153e-05,nan,nan,nan,nan
2184,54.6,1.985678794e-05,1.586993154e-05,nan,nan,nan,nan
2185,54.625,1.985678794e-05,1.586993155e-05,nan,nan,nan,nan
2186,54.65,1.985678794e-05,1.586993154e-05,nan,nan,nan,nan
2187,54.675,1.985678794e-05,1.586993154e-05,nan,nan,nan,nan
2188,54.7,1.985678795e-05,1.586993153e-05,nan,nan,nan,nan
2189,54.725,1.985678795e-05,1.586993154e-05,nan,nan,nan,nan
2190,54.75,1.985678795e-05,1.586993155e-05,nan,nan,nan,nan
2191,54.775,1.985678795e-05,1.586993155e-05,nan,nan,nan,nan
2192,54.8,1.985678795e-05,1.586993154e-05,nan,nan,nan,nan
2193,54.825,1.985678797e-05,1.586993153e-05,nan,nan,nan,nan
2194,54.85,1.985678798e-05,1.586993154e-05,nan,nan,nan,nan
2195,54.875,1.985678798e-05,1.586993154e-05,nan,nan,nan,nan
2196,54.9,1.985678797e-05,1.586993155e-05,nan,nan,nan,nan
2197,54.925,1.985678796e-05,1.586993155e-05,nan,nan,nan,nan
2198,54.95,1.985678796e-05,1.586993154e-05,nan,nan,nan,nan
2199,54.975,1.985678799e-05,1.586993154e-05,nan,nan,nan,nan
2200,55,1.985678801e-05,1.586993154e-05,nan,nan,nan,nan
2201,55.025,1.985678801e-05,1.586993155e-05,nan,nan,nan,nan
2202,55.05,1.985678799e-05,1.586993156e-05,nan,nan,nan,nan
2203,55.075,1.985678798e-05,1.586993155e-05,nan,nan,nan,nan
2204,55.1,1.985678798e-05,1.586993154e-05,nan,nan,nan,nan
2205,55.125,1.985678800e-05,1.586993154e-05,nan,nan,nan,nan
2206,55.15,1.985678801e-05,1.586993155e-05,nan,nan,nan,nan
2207,55.175,1.985678801e-05,1.586993156e-05,nan,nan,nan,nan
2208,55.2,1.985678800e-05,1.586993156e-05,nan,nan,nan,nan
2209,55.225,1.985678801e-05,1.586993156e-05,nan,nan,nan,nan
2210,55.25,1.985678801e-05,1.586993155e-05,nan,nan,nan,nan
2211,55.275,1.985678801e-05,1.586993155e-05,nan,nan,nan,nan
2212,55.3,1.985678800e-05,1.586993156e-05,nan,nan,nan,nan
2213,55.325,1.985678800e-05,1.586993157e-05,nan,nan,nan,nan
2214,55.35,1.985678801e-05,1.586993157e-05,nan,nan,nan,nan
2215,55.375,1.985678802e-05,1.586993156e-05,nan,nan,nan,nan
2216,55.4,1.985678803e-05,1.586993156e-05,nan,nan,nan,nan
2217,55.425,1.985678801e-05,1.586993157e-05,nan,nan,nan,nan
2218,55.45,1.985678799e-05,1.586993157e-05,nan,nan,nan,nan
2219,55.475,1.985678799e-05,1.586993157e-05,nan,nan,nan,nan
2220,55.5,1.985678800e-05,1.586993156e-05,nan,nan,nan,nan
2221,55.525,1.985678802e-05,1.586993156e-05,nan,nan,nan,nan
2222,55.55,1.985678803e-05,1.586993157e-05,nan,nan,nan,nan
2223,55.575,1.985678801e-05,1.586993158e-05,nan,nan,nan,nan
2224,55.6,1.985678799e-05,1.586993159e-05,nan,nan,nan,nan
2225,55.625,1.985678799e-05,1.586993158e-05,nan,nan,nan,nan
2226,55.65,1.985678800e-05,1.586993156e-05,nan,nan,nan,nan
2227,55.675,1.985678800e-05,1.586993156e-05,nan,nan,nan,nan
2228,55.7,1.985678800e-05,1.586993158e-05,nan,nan,nan,nan
2229,55.725,1.985678799e-05,1.586993159e-05,nan,nan,nan,nan
2230,55.75,1.985678799e-05,1.586993159e-05,nan,nan,nan,nan
2231,55.775,1.985678800e-05,1.586993158e-05,nan,nan,nan,nan
2232,55.8,1.985678800e-05,1.586993157e-05,nan,nan,nan,nan
2233,55.825,1.985678798e-05,1.586993157e-05,nan,nan,nan,nan
2234,55.85,1.985678797e-05,1.586993158e-05,nan,nan,nan,nan
2235,55.875,1.985678797e-05,1.586993159e-05,nan,nan,nan,nan
2236,55.9,1.985678798e-05,1.586993158e-05,nan,nan,nan,nan
2237,55.925,1.985678799e-05,1.586993157e-05,nan,nan,nan,nan
2238,55.95,1.985678798e-05,1.586993157e-05,nan,nan,nan,nan
2239,55.975,1.985678796e-05,1.586993158e-05,nan,nan,nan,nan
2240,56,1.985678795e-05,1.586993159e-05,nan,nan,nan,nan
2241,56.025,1.985678795e-05,1.586993158e-05,nan,nan,nan,nan
2242,56.05,1.985678796e-05,1.586993157e-05,nan,nan,nan,nan
2243,56.075,1.985678797e-05,1.586993157e-05,nan,nan,nan,nan
2244,56.1,1.985678796e-05,1.586993158e-05,nan,nan,nan,nan
2245,56.125,1.985678795e-05,1.586993159e-05,nan,nan,nan,nan
2246,56.15,1.985678794e-05,1.586993159e-05,nan,nan,nan,nan
2247,56.175,1.985678794e-05,1.586993158e-05,nan,nan,nan,nan
2248,56.2,1.985678794e-05,1.586993156e-05,nan,nan,nan,nan
2249,56.225,1.985678794e-05,1.586993156e-05,nan,nan,nan,nan
2250,56.25,1.985678793e-05,1.586993158e-05,nan,nan,nan,nan
2251,56.275,1.985678793e-05,1.586993159e-05,nan,nan,nan,nan
2252,56.3,1.985678794e-05,1.586993159e-05,nan,nan,nan,nan
2253,56.325,1.985678793e-05,1.586993157e-05,nan,nan,nan,nan
2254,56.35,1.985678792e-05,1.586993156e-05,nan,nan,nan,nan
2255,56.375,1.985678791e-05,1.586993156e-05,nan,nan,nan,nan
2256,56.4,1.985678791e-05,1.586993157e-05,nan,nan,nan,nan
2257,56.425,1.985678792e-05,1.586993158e-05,nan,nan,nan,nan
2258,56.45,1.985678793e-05,1.586993157e-05,nan,nan,nan,nan
2259,56.475,1.985678792e-05,1.586993156e-05,nan,nan,nan,nan
2260,56.5,1.985678791e-05,1.586993156e-05,nan,nan,nan,nan
2261,56.525,1.985678790e-05,1.586993157e-05,nan,nan,nan,nan
2262,56.55,1.985678790e-05,1.586993157e-05,nan,nan,nan,nan
2263,56.575,1.985678791e-05,1.586993156e-05,nan,nan,nan,nan
2264,56.6,1.985678792e-05,1.586993155e-05,nan,nan,nan,nan
2265,56.625,1.985678791e-05,1.586993155e-05,nan,nan,nan,nan
2266,56.65,1.985678790e-05,1.586993156e-05,nan,nan,nan,nan
2267,56.675,1.985678790e-05,1.586993158e-05,nan,nan,nan,nan
2268,56.7,1.985678790e-05,1.586993157e-05,nan,nan,nan,nan
2269,56.725,1.985678790e-05,1.586993155e-05,nan,nan,nan,nan
2270,56.75,1.985678790e-05,1.586993154e-05,nan,nan,nan,nan
2271,56.775,1.985678790e-05,1.586993154e-05,nan,nan,nan,nan
2272,56.8,1.985678790e-05,1.586993156e-05,nan,nan,nan,nan
2273,56.825,1.985678791e-05,1.586993157e-05,nan,nan,nan,nan
2274,56.85,1.985678791e-05,1.586993156e-05,nan,nan,nan,nan
2275,56.875,1.985678790e-05,1.586993155e-05,nan,nan,nan,nan
2276,56.9,1.985678790e-05,1.586993154e-05,nan,nan,nan,nan
2277,56.925,1.985678789e-05,1.586993155e-05,nan,nan,nan,nan
2278,56.95,1.985678790e-05,1.586993155e-05,nan,nan,nan,nan
2279,56.975,1.985678792e-05,1.586993155e-05,nan,nan,nan,nan
2280,57,1.985678792e-05,1.586993155e-05,nan,nan,nan,nan
2281,57.025,1.985678791e-05,1.586993154e-05,nan,nan,nan,nan
2282,57.05,1.985678791e-05,1.586993154e-05,nan,nan,nan,nan
2283,57.075,1.985678791e-05,1.586993155e-05,nan,nan,nan,nan
2284,57.1,1.985678791e-05,1.586993155e-05,nan,nan,nan,nan
2285,57.125,1.985678792e-05,1.586993154e-05,nan,nan,nan,nan
2286,57.15,1.985678793e-05,1.586993154e-05,nan,nan,nan,nan
2287,57.175,1.985678793e-05,1.586993154e-05,nan,nan,nan,nan
2288,57.2,1.985678793e-05,1.586993155e-05,nan,nan,nan,nan
2289,57.225,1.985678793e-05,1.586993156e-05,nan,nan,nan,nan
2290,57.25,1.985678793e-05,1.586993155e-05,nan,nan,nan,nan
2291,57.275,1.985678793e-05,1.586993154e-05,nan,nan,nan,nan
2292,57.3,1.985678793e-05,1.586993153e-05,nan,nan,nan,nan
2293,57.325,1.985678794e-05,1.586993154e-05,nan,nan,nan,nan
2294,57.35,1.985678795e-05,1.586993155e-05,nan,nan,nan,nan
2295,57.375,1.985678795e-05,1.586993156e-05,nan,nan,nan,nan
2296,57.4,1.985678795e-05,1.586993155e-05,nan,nan,nan,nan
2297,57.425,1.985678794e-05,1.586993154e-05,nan,nan,nan,nan
2298,57.45,1.985678794e-05,1.586993154e-05,nan,nan,nan,nan
2299,57.475,1.985678796e-05,1.586993154e-05,nan,nan,nan,nan
2300,57.5,1.985678797e-05,1.586993155e-05,nan,nan,nan,nan
2301,57.525,1.985678797e-05,1.586993155e-05,nan,nan,nan,nan
2302,57.55,1.985678797e-05,1.586993155e-05,nan,nan,nan,nan
2303,57.575,1.985678796e-05,1.586993154e-05,nan,nan,nan,nan
2304,57.6,1.985678796e-05,1.586993154e-05,nan,nan,nan,nan
2305,57.625,1.985678797e-05,1.586993155e-05,nan,nan,nan,nan
2306,57.65,1.985678798e-05,1.586993156e-05,nan,nan,nan,nan
2307,57.675,1.985678798e-05,1.586993155e-05,nan,nan,nan,nan
2308,57.7,1.985678798e-05,1.586993155e-05,nan,nan,nan,nan
2309,57.725,1.985678799e-05,1.586993155e-05,nan,nan,nan,nan
2310,57.75,1.985678799e-05,1.586993155e-05,nan,nan,nan,nan
2311,57.775,1.985678799e-05,1.586993156e-05,nan,nan,nan,nan
2312,57.8,1.985678798e-05,1.586993156e-05,nan,nan,nan,nan
2313,57.825,1.985678798e-05,1.586993156e-05,nan,nan,nan,nan
2314,57.85,1.985678799e-05,1.586993155e-05,nan,nan,nan,nan
2315,57.875,1.985678800e-05,1.586993155e-05,nan,nan,nan,nan
2316,57.9,1.985678800e-05,1.586993156e-05,nan,nan,nan,nan
2317,57.925,1.985678800e-05,1.586993156e-05,nan,nan,nan,nan
2318,57.95,1.985678799e-05,1.586993156e-05,nan,nan,nan,nan
2319,57.975,1.985678799e-05,1.586993156e-05,nan,nan,nan,nan
2320,58,1.985678800e-05,1.586993155e-05,nan,nan,nan,nan
2321,58.025,1.985678801e-05,1.586993156e-05,nan,nan,nan,nan
2322,58.05,1.985678801e-05,1.586993157e-05,nan,nan,nan,nan
2323,58.075,1.985678800e-05,1.586993158e-05,nan,nan,nan,nan
2324,58.1,1.985678799e-05,1.586993157e-05,nan,nan,nan,nan
2325,58.125,1.985678799e-05,1.586993156e-05,nan,nan,nan,nan
2326,58.15,1.985678800e-05,1.586993155e-05,nan,nan,nan,nan
2327,58.175,1.985678800e-05,1.586993156e-05,nan,nan,nan,nan
2328,58.2,1.985678800e-05,1.586993157e-05,nan,nan,nan,nan
2329,58.225,1.985678800e-05,1.586993158e-05,nan,nan,nan,nan
2330,58.25,1.985678800e-05,1.586993157e-05,nan,nan,nan,nan
2331,58.275,1.985678800e-05,1.586993157e-05,nan,nan,nan,nan
2332,58.3,1.985678800e-05,1.586993156e-05,nan,nan,nan,nan
2333,58.325,1.985678798e-05,1.586993157e-05,nan,nan,nan,nan
2334,58.35,1.985678798e-05,1.586993158e-05,nan,nan,nan,nan
2335,58.375,1.985678798e-05,1.586993158e-05,nan,nan,nan,nan
2336,58.4,1.985678800e-05,1.586993157e-05,nan,nan,nan,nan
2337,58.425,1.985678800e-05,1.586993157e-05,nan,nan,nan,nan
2338,58.45,1.985678799e-05,1.586993157e-05,nan,nan,nan,nan
2339,58.475,1.985678797e-05,1.586993158e-05,nan,nan,nan,nan
2340,58.5,1.985678796e-05,1.586993158e-05,nan,nan,nan,nan
2341,58.525,1.985678797e-05,1.586993157e-05,nan,nan,nan,nan
2342,58.55,1.985678798e-05,1.586993156e-05,nan,nan,nan,nan
2343,58.575,1.985678799e-05,1.586993157e-05,nan,nan,nan,nan
2344,58.6,1.985678798e-05,1.586993159e-05,nan,nan,nan,nan
2345,58.625,1.985678796e-05,1.586993160e-05,nan,nan,nan,nan
2346,58.65,1.985678796e-05,1.586993158e-05,nan,nan,nan,nan
2347,58.675,1.985678796e-05,1.586993156e-05,nan,nan,nan,nan
2348,58.7,1.985678796e-05,1.586993155e-05,nan,nan,nan,nan
2349,58.725,1.985678796e-05,1.586993156e-05,nan,nan,nan,nan
2350,58.75,1.985678795e-05,1.586993159e-05,nan,nan,nan,nan
2351,58.775,1.985678796e-05,1.586993159e-05,nan,nan,nan,nan
2352,58.8,1.985678796e-05,1.586993158e-05,nan,nan,nan,nan
2353,58.825,1.985678795e-05,1.586993156e-05,nan,nan,nan,nan
2354,58.85,1.985678794e-05,1.586993156e-05,nan,nan,nan,nan
2355,58.875,1.985678793e-05,1.586993157e-05,nan,nan,nan,nan
2356,58.9,1.985678793e-05,1.586993158e-05,nan,nan,nan,nan
2357,58.925,1.985678794e-05,1.586993158e-05,nan,nan,nan,nan
2358,58.95,1.985678795e-05,1.586993157e-05,nan,nan,nan,nan
2359,58.975,1.985678794e-05,1.586993156e-05,nan,nan,nan,nan
2360,59,1.985678792e-05,1.586993157e-05,nan,nan,nan,nan
2361,59.025,1.985678791e-05,1.586993158e-05,nan,nan,nan,nan
2362,59.05,1.985678791e-05,1.586993157e-05,nan,nan,nan,nan
2363,59.075,1.985678793e-05,1.586993156e-05,nan,nan,nan,nan
2364,59.1,1.985678794e-05,1.586993155e-05,nan,nan,nan,nan
2365,59.125,1.985678793e-05,1.586993156e-05,nan,nan,nan,nan
2366,59.15,1.985678792e-05,1.586993158e-05,nan,nan,nan,nan
2367,59.175,1.985678792e-05,1.586993159e-05,nan,nan,nan,nan
2368,59.2,1.985678792e-05,1.586993157e-05,nan,nan,nan,nan
2369,59.225,1.985678792e-05,1.586993154e-05,nan,nan,nan,nan
2370,59.25,1.985678791e-05,1.586993154e-05,nan,nan,nan,nan
2371,59.275,1.985678790e-05,1.586993156e-05,nan,nan,nan,nan
2372,59.3,1.985678791e-05,1.586993158e-05,nan,nan,nan,nan
2373,59.325,1.985678792e-05,1.586993158e-05,nan,nan,nan,nan
2374,59.35,1.985678793e-05,1.586993156e-05,nan,nan,nan,nan
2375,59.375,1.985678792e-05,1.586993155e-05,nan,nan,nan,nan
2376,59.4,1.985678790e-05,1.586993155e-05,nan,nan,nan,nan
2377,59.425,1.985678789e-05,1.586993156e-05,nan,nan,nan,nan
2378,59.45,1.985678790e-05,1.586993156e-05,nan,nan,nan,nan
2379,59.475,1.985678792e-05,1.586993156e-05,nan,nan,nan,nan
2380,59.5,1.985678793e-05,1.586993155e-05,nan,nan,nan,nan
2381,59.525,1.985678792e-05,1.586993156e-05,nan,nan,nan,nan
2382,59.55,1.985678790e-05,1.586993156e-05,nan,nan,nan,nan
2383,59.575,1.985678790e-05,1.586993156e-05,nan,nan,nan,nan
2384,59.6,1.985678791e-05,1.586993155e-05,nan,nan,nan,nan
2385,59.625,1.985678792e-05,1.586993153e-05,nan,nan,nan,nan
2386,59.65,1.985678793e-05,1.586993154e-05,nan,nan,nan,nan
2387,59.675,1.985678792e-05,1.586993156e-05,nan,nan,nan,nan
2388,59.7,1.985678792e-05,1.586993157e-05,nan,nan,nan,nan
2389,59.725,1.985678792e-05,1.586993157e-05,nan,nan,nan,nan
2390,59.75,1.985678792e-05,1.586993155e-05,nan,nan,nan,nan
2391,59.775,1.985678792e-05,1.586993153e-05,nan,nan,nan,nan
2392,59.8,1.985678792e-05,1.586993153e-05,nan,nan,nan,nan
2393,59.825,1.985678792e-05,1.586993155e-05,nan,nan,nan,nan
2394,59.85,1.985678794e-05,1.586993156e-05,nan,nan,nan,nan
2395,59.875,1.985678794e-05,1.586993156e-05,nan,nan,nan,nan
2396,59.9,1.985678794e-05,1.586993155e-05,nan,nan,nan,nan
2397,59.925,1.985678793e-05,1.586993154e-05,nan,nan,nan,nan
2398,59.95,1.985678792e-05,1.586993155e-05,nan,nan,nan,nan
2399,59.975,1.985678793e-05,1.586993155e-05,nan,nan,nan,nan
2400,60,1.985678794e-05,1.586993155e-05,nan,nan,nan,nan
2401,60.025,1.985678796e-05,1.586993154e-05,nan,nan,nan,nan
2402,60.05,1.985678796e-05,1.586993154e-05,nan,nan,nan,nan
2403,60.075,1.985678795e-05,1.586993155e-05,nan,nan,nan,nan
2404,60.1,1.985678794e-05,1.586993156e-05,nan,nan,nan,nan
2405,60.125,1.985678795e-05,1.586993156e-05,nan,nan,nan,nan
2406,60.15,1.985678796e-05,1.586993155e-05,nan,nan,nan,nan
2407,60.175,1.985678796e-05,1.586993154e-05,nan,nan,nan,nan
2408,60.2,1.985678797e-05,1.586993154e-05,nan,nan,nan,nan
2409,60.225,1.985678797e-05,1.586993155e-05,nan,nan,nan,nan
2410,60.25,1.985678797e-05,1.586993157e-05,nan,nan,nan,nan
2411,60.275,1.985678797e-05,1.586993156e-05,nan,nan,nan,nan
2412,60.3,1.985678797e-05,1.586993155e-05,nan,nan,nan,nan
2413,60.325,1.985678797e-05,1.586993154e-05,nan,nan,nan,nan
2414,60.35,1.985678797e-05,1.586993154e-05,nan,nan,nan,nan
2415,60.375,1.985678798e-05,1.586993155e-05,nan,nan,nan,nan
2416,60.4,1.985678798e-05,1.586993156e-05,nan,nan,nan,nan
2417,60.425,1.985678799e-05,1.586993156e-05,nan,nan,nan,nan
2418,60.45,1.985678798e-05,1.586993156e-05,nan,nan,nan,nan
2419,60.475,1.985678798e-05,1.586993155e-05,nan,nan,nan,nan
2420,60.5,1.985678798e-05,1.586993155e-05,nan,nan,nan,nan
2421,60.525,1.985678798e-05,1.586993156e-05,nan,nan,nan,nan
2422,60.55,1.985678799e-05,1.586993156e-05,nan,nan,nan,nan
2423,60.575,1.985678799e-05,1.586993156e-05,nan,nan,nan,nan
2424,60.6,1.985678799e-05,1.586993156e-05,nan,nan,nan,nan
2425,60.625,1.985678799e-05,1.586993156e-05,nan,nan,nan,nan
2426,60.65,1.985678799e-05,1.586993156e-05,nan,nan,nan,nan
2427,60.675,1.985678799e-05,1.586993156e-05,nan,nan,nan,nan
2428,60.7,1.985678799e-05,1.586993156e-05,nan,nan,nan,nan
2429,60.725,1.985678799e-05,1.586993156e-05,nan,nan,nan,nan
2430,60.75,1.985678800e-05,1.586993156e-05,nan,nan,nan,nan
2431,60.775,1.985678800e-05,1.586993156e-05,nan,nan,nan,nan
2432,60.8,1.985678799e-05,1.586993157e-05,nan,nan,nan,nan
2433,60.825,1.985678799e-05,1.586993157e-05,nan,nan,nan,nan
2434,60.85,1.985678798e-05,1.586993157e-05,nan,nan,nan,nan
2435,60.875,1.985678798e-05,1.586993156e-05,nan,nan,nan,nan
2436,60.9,1.985678799e-05,1.586993156e-05,nan,nan,nan,nan
2437,60.925,1.985678800e-05,1.586993157e-05,nan,nan,nan,nan
2438,60.95,1.985678799e-05,1.586993157e-05,nan,nan,nan,nan
2439,60.975,1.985678798e-05,1.586993157e-05,nan,nan,nan,nan
2440,61,1.985678798e-05,1.586993157e-05,nan,nan,nan,nan
2441,61.025,1.985678798e-05,1.586993156e-05,nan,nan,nan,nan
2442,61.05,1.985678799e-05,1.586993156e-05,nan,nan,nan,nan
2443,61.075,1.985678799e-05,1.586993157e-05,nan,nan,nan,nan
2444,61.1,1.985678798e-05,1.586993158e-05,nan,nan,nan,nan
2445,61.125,1.985678797e-05,1.586993158e-05,nan,nan,nan,nan
2446,61.15,1.985678797e-05,1.586993157e-05,nan,nan,nan,nan
2447,61.175,1.985678797e-05,1.586993156e-05,nan,nan,nan,nan
2448,61.2,1.985678797e-05,1.586993156e-05,nan,nan,nan,nan
2449,61.225,1.985678797e-05,1.586993157e-05,nan,nan,nan,nan
2450,61.25,1.985678797e-05,1.586993158e-05,nan,nan,nan,nan
2451,61.275,1.985678797e-05,1.586993158e-05,nan,nan,nan,nan
2452,61.3,1.985678797e-05,1.586993157e-05,nan,nan,nan,nan
2453,61.325,1.985678796e-05,1.586993157e-05,nan,nan,nan,nan
2454,61.35,1.985678796e-05,1.586993157e-05,nan,nan,nan,nan
2455,61.375,1.985678795e-05,1.586993158e-05,nan,nan,nan,nan
2456,61.4,1.985678795e-05,1.586993158e-05,nan,nan,nan,nan
2457,61.425,1.985678796e-05,1.586993157e-05,nan,nan,nan,nan
2458,61.45,1.985678796e-05,1.586993156e-05,nan,nan,nan,nan
2459,61.475,1.985678795e-05,1.586993157e-05,nan,nan,nan,nan
2460,61.5,1.985678794e-05,1.586993158e-05,nan,nan,nan,nan
2461,61.525,1.985678794e-05,1.586993158e-05,nan,nan,nan,nan
2462,61.55,1.985678794e-05,1.586993157e-05,nan,nan,nan,nan
2463,61.575,1.985678795e-05,1.586993156e-05,nan,nan,nan,nan
2464,61.6,1.985678795e-05,1.586993156e-05,nan,nan,nan,nan
2465,61.625,1.985678794e-05,1.586993157e-05,nan,nan,nan,nan
2466,61.65,1.985678793e-05,1.586993158e-05,nan,nan,nan,nan
2467,61.675,1.985678793e-05,1.586993158e-05,nan,nan,nan,nan
2468,61.7,1.985678793e-05,1.586993156e-05,nan,nan,nan,nan
2469,61.725,1.985678793e-05,1.586993155e-05,nan,nan,nan,nan
2470,61.75,1.985678792e-05,1.586993156e-05,nan,nan,nan,nan
2471,61.775,1.985678792e-05,1.586993157e-05,nan,nan,nan,nan
2472,61.8,1.985678793e-05,1.586993158e-05,nan,nan,nan,nan
2473,61.825,1.985678793e-05,1.586993157e-05,nan,nan,nan,nan
2474,61.85,1.985678793e-05,1.586993156e-05,nan,nan,nan,nan
2475,61.875,1.985678792e-05,1.586993155e-05,nan,nan,nan,nan
2476,61.9,1.985678791e-05,1.586993156e-05,nan,nan,nan,nan
2477,61.925,1.985678791e-05,1.586993157e-05,nan,nan,nan,nan
2478,61.95,1.985678792e-05,1.586993157e-05,nan,nan,nan,nan
2479,61.975,1.985678793e-05,1.586993156e-05,nan,nan,nan,nan
2480,62,1.985678793e-05,1.586993156e-05,nan,nan,nan,nan
2481,62.025,1.985678791e-05,1.586993156e-05,nan,nan,nan,nan
2482,62.05,1.985678790e-05,1.586993157e-05,nan,nan,nan,nan
2483,62.075,1.985678790e-05,1.586993156e-05,nan,nan,nan,nan
2484,62.1,1.985678792e-05,1.586993155e-05,nan,nan,nan,nan
2485,62.125,1.985678793e-05,1.586993154e-05,nan,nan,nan,nan
2486,62.15,1.985678792e-05,1.586993155e-05,nan,nan,nan,nan
2487,62.175,1.985678792e-05,1.586993157e-05,nan,nan,nan,nan
2488,62.2,1.985678791e-05,1.586993158e-05,nan,nan,nan,nan
2489,62.225,1.985678791e-05,1.586993156e-05,nan,nan,nan,nan
2490,62.25,1.985678792e-05,1.586993154e-05,nan,nan,nan,nan
2491,62.275,1.985678791e-05,1.586993153e-05,nan,nan,nan,nan
2492,62.3,1.985678792e-05,1.586993155e-05,nan,nan,nan,nan
2493,62.325,1.985678792e-05,1.586993156e-05,nan,nan,nan,nan
2494,62.35,1.985678793e-05,1.586993157e-05,nan,nan,nan,nan
2495,62.375,1.985678794e-05,1.586993155e-05,nan,nan,nan,nan
2496,62.4,1.985678793e-05,1.586993154e-05,nan,nan,nan,nan
2497,62.425,1.985678791e-05,1.586993154e-05,nan,nan,nan,nan
2498,62.45,1.985678791e-05,1.586993155e-05,nan,nan,nan,nan
2499,62.475,1.985678793e-05,1.586993156e-05,nan,nan,nan,nan
2500,62.5,1.985678794e-05,1.586993155e-05,nan,nan,nan,nan
2501,62.525,1.985678795e-05,1.586993154e-05,nan,nan,nan,nan
2502,62.55,1.985678794e-05,1.586993155e-05,nan,nan,nan,nan
2503,62.575,1.985678793e-05,1.586993156e-05,nan,nan,nan,nan
2504,62.6,1.985678793e-05,1.586993156e-05,nan,nan,nan,nan
2505,62.625,1.985678794e-05,1.586993155e-05,nan,nan,nan,nan
2506,62.65,1.985678795e-05,1.586993154e-05,nan,nan,nan,nan
2507,62.675,1.985678795e-05,1.586993154e-05,nan,nan,nan,nan
2508,62.7,1.985678795e-05,1.586993156e-05,nan,nan,nan,nan
2509,62.725,1.985678795e-05,1.586993157e-05,nan,nan,nan,nan
2510,62.75,1.985678795e-05,1.586993157e-05,nan,nan,nan,nan
2511,62.775,1.985678795e-05,1.586993155e-05,nan,nan,nan,nan
2512,62.8,1.985678795e-05,1.586993153e-05,nan,nan,nan,nan
2513,62.825,1.985678794e-05,1.586993153e-05,nan,nan,nan,nan
2514,62.85,1.985678795e-05,1.586993155e-05,nan,nan,nan,nan
2515,62.875,1.985678797e-05,1.586993156e-05,nan,nan,nan,nan
2516,62.9,1.985678798e-05,1.586993157e-05,nan,nan,nan,nan
2517,62.925,1.985678798e-05,1.586993156e-05,nan,nan,nan,nan
2518,62.95,1.985678796e-05,1.586993155e-05,nan,nan,nan,nan
2519,62.975,1.985678795e-05,1.586993155e-05,nan,nan,nan,nan
2520,63,1.985678796e-05,1.586993155e-05,nan,nan,nan,nan
2521,63.025,1.985678798e-05,1.586993155e-05,nan,nan,nan,nan
2522,63.05,1.985678799e-05,1.586993155e-05,nan,nan,nan,nan
2523,63.075,1.985678799e-05,1.586993156e-05,nan,nan,nan,nan
2524,63.1,1.985678798e-05,1.586993157e-05,nan,nan,nan,nan
2525,63.125,1.985678797e-05,1.586993157e-05,nan,nan,nan,nan
2526,63.15,1.985678797e-05,1.586993156e-05,nan,nan,nan,nan
2527,63.175,1.985678798e-05,1.586993155e-05,nan,nan,nan,nan
2528,63.2,1.985678799e-05,1.586993154e-05,nan,nan,nan,nan
2529,63.225,1.985678799e-05,1.586993156e-05,nan,nan,nan,nan
2530,63.25,1.985678799e-05,1.586993157e-05,nan,nan,nan,nan
2531,63.275,1.985678799e-05,1.586993157e-05,nan,nan,nan,nan
2532,63.3,1.985678799e-05,1.586993157e-05,nan,nan,nan,nan
2533,63.325,1.985678798e-05,1.586993156e-05,nan,nan,nan,nan
2534,63.35,1.985678797e-05,1.586993155e-05,nan,nan,nan,nan
2535,63.375,1.985678798e-05,1.586993156e-05,nan,nan,nan,nan
2536,63.4,1.985678799e-05,1.586993156e-05,nan,nan,nan,nan
2537,63.425,1.985678800e-05,1.586993157e-05,nan,nan,nan,nan
2538,63.45,1.985678800e-05,1.586993157e-05,nan,nan,nan,nan
2539,63.475,1.985678799e-05,1.586993157e-05,nan,nan,nan,nan
2540,63.5,1.985678798e-05,1.586993157e-05,nan,nan,nan,nan
2541,63.525,1.985678798e-05,1.586993156e-05,nan,nan,nan,nan
2542,63.55,1.985678798e-05,1.586993156e-05,nan,nan,nan,nan
2543,63.575,1.985678799e-05,1.586993156e-05,nan,nan,nan,nan
2544,63.6,1.985678799e-05,1.586993157e-05,nan,nan,nan,nan
2545,63.625,1.985678798e-05,1.586993158e-05,nan,nan,nan,nan
2546,63.65,1.985678798e-05,1.586993158e-05,nan,nan,nan,nan
2547,63.675,1.985678798e-05,1.586993157e-05,nan,nan,nan,nan
2548,63.7,1.985678798e-05,1.586993156e-05,nan,nan,nan,nan
2549,63.725,1.985678798e-05,1.586993156e-05,nan,nan,nan,nan
2550,63.75,1.985678797e-05,1.586993156e-05,nan,nan,nan,nan
2551,63.775,1.985678797e-05,1.586993157e-05,nan,nan,nan,nan
2552,63.8,1.985678798e-05,1.586993158e-05,nan,nan,nan,nan
2553,63.825,1.985678798e-05,1.586993158e-05,nan,nan,nan,nan
2554,63.85,1.985678797e-05,1.586993157e-05,nan,nan,nan,nan
2555,63.875,1.985678796e-05,1.586993157e-05,nan,nan,nan,nan
2556,63.9,1.985678796e-05,1.586993157e-05,nan,nan,nan,nan
2557,63.925,1.985678796e-05,1.586993156e-05,nan,nan,nan,nan
2558,63.95,1.985678797e-05,1.586993156e-05,nan,nan,nan,nan
2559,63.975,1.985678797e-05,1.586993157e-05,nan,nan,nan,nan
2560,64,1.985678796e-05,1.586993158e-05,nan,nan,nan,nan
2561,64.025,1.985678795e-05,1.586993158e-05,nan,nan,nan,nan
2562,64.05,1.985678795e-05,1.586993157e-05,nan,nan,nan,nan
2563,64.075,1.985678795e-05,1.586993156e-05,nan,nan,nan,nan
2564,64.1,1.985678796e-05,1.586993156e-05,nan,nan,nan,nan
2565,64.125,1.985678796e-05,1.586993157e-05,nan,nan,nan,nan
2566,64.15,1.985678795e-05,1.586993158e-05,nan,nan,nan,nan
2567,64.175,1.985678795e-05,1.586993158e-05,nan,nan,nan,nan
2568,64.2,1.985678794e-05,1.586993157e-05,nan,nan,nan,nan
2569,64.225,1.985678794e-05,1.586993156e-05,nan,nan,nan,nan
2570,64.25,1.985678794e-05,1.586993156e-05,nan,nan,nan,nan
2571,64.275,1.985678794e-05,1.586993157e-05,nan,nan,nan,nan
2572,64.3,1.985678793e-05,1.586993158e-05,nan,nan,nan,nan
2573,64.325,1.985678794e-05,1.586993157e-05,nan,nan,nan,nan
2574,64.35,1.985678794e-05,1.586993156e-05,nan,nan,nan,nan
2575,64.375,1.985678794e-05,1.586993156e-05,nan,nan,nan,nan
2576,64.4,1.985678793e-05,1.586993156e-05,nan,nan,nan,nan
2577,64.425,1.985678792e-05,1.586993157e-05,nan,nan,nan,nan
2578,64.45,1.985678792e-05,1.586993157e-05,nan,nan,nan,nan
2579,64.475,1.985678793e-05,1.586993156e-05,nan,nan,nan,nan
2580,64.5,1.985678793e-05,1.586993156e-05,nan,nan,nan,nan
2581,64.525,1.985678793e-05,1.586993157e-05,nan,nan,nan,nan
2582,64.55,1.985678792e-05,1.586993157e-05,nan,nan,nan,nan
2583,64.575,1.985678792e-05,1.586993157e-05,nan,nan,nan,nan
2584,64.6,1.985678792e-05,1.586993155e-05,nan,nan,nan,nan
2585,64.625,1.985678792e-05,1.586993155e-05,nan,nan,nan,nan
2586,64.65,1.985678792e-05,1.586993155e-05,nan,nan,nan,nan
2587,64.675,1.985678792e-05,1.586993157e-05,nan,nan,nan,nan
2588,64.7,1.985678792e-05,1.586993157e-05,nan,nan,nan,nan
2589,64.725,1.985678792e-05,1.586993156e-05,nan,nan,nan,nan
2590,64.75,1.985678792e-05,1.586993155e-05,nan,nan,nan,nan
2591,64.775,1.985678792e-05,1.586993154e-05,nan,nan,nan,nan
2592,64.8,1.985678792e-05,1.586993155e-05,nan,nan,nan,nan
2593,64.825,1.985678792e-05,1.586993156e-05,nan,nan,nan,nan
2594,64.85,1.985678792e-05,1.586993156e-05,nan,nan,nan,nan
2595,64.875,1.985678792e-05,1.586993156e-05,nan,nan,nan,nan
2596,64.9,1.985678792e-05,1.586993155e-05,nan,nan,nan,nan
2597,64.925,1.985678792e-05,1.586993155e-05,nan,nan,nan,nan
2598,64.95,1.985678792e-05,1.586993156e-05,nan,nan,nan,nan
2599,64.975,1.985678792e-05,1.586993156e-05,nan,nan,nan,nan
2600,65,1.985678792e-05,1.586993155e-05,nan,nan,nan,nan
2601,65.025,1.985678793e-05,1.586993155e-05,nan,nan,nan,nan
2602,65.05,1.985678793e-05,1.586993155e-05,nan,nan,nan,nan
2603,65.075,1.985678793e-05,1.586993156e-05,nan,nan,nan,nan
2604,65.1,1.985678793e-05,1.586993156e-05,nan,nan,nan,nan
2605,65.125,1.985678793e-05,1.586993155e-05,nan,nan,nan,nan
2606,65.15,1.985678793e-05,1.586993154e-05,nan,nan,nan,nan
2607,65.175,1.985678794e-05,1.586993154e-05,nan,nan,nan,nan
2608,65.2,1.985678794e-05,1.586993156e-05,nan,nan,nan,nan
2609,65.225,1.985678794e-05,1.586993157e-05,nan,nan,nan,nan
2610,65.25,1.985678794e-05,1.586993156e-05,nan,nan,nan,nan
2611,65.275,1.985678794e-05,1.586993155e-05,nan,nan,nan,nan
2612,65.3,1.985678794e-05,1.586993154e-05,nan,nan,nan,nan
2613,65.325,1.985678795e-05,1.586993154e-05,nan,nan,nan,nan
2614,65.35,1.985678795e-05,1.586993155e-05,nan,nan,nan,nan
2615,65.375,1.985678796e-05,1.586993156e-05,nan,nan,nan,nan
2616,65.4,1.985678795e-05,1.586993156e-05,nan,nan,nan,nan
2617,65.425,1.985678795e-05,1.586993155e-05,nan,nan,nan,nan
2618,65.45,1.985678795e-05,1.586993155e-05,nan,nan,nan,nan
2619,65.475,1.985678796e-05,1.586993155e-05,nan,nan,nan,nan
2620,65.5,1.985678797e-05,1.586993155e-05,nan,nan,nan,nan
2621,65.525,1.985678797e-05,1.586993155e-05,nan,nan,nan,nan
2622,65.55,1.985678796e-05,1.586993156e-05,nan,nan,nan,nan
2623,65.575,1.985678796e-05,1.586993156e-05,nan,nan,nan,nan
2624,65.6,1.985678796e-05,1.586993156e-05,nan,nan,nan,nan
2625,65.625,1.985678796e-05,1.586993156e-05,nan,nan,nan,nan
2626,65.65,1.985678797e-05,1.586993156e-05,nan,nan,nan,nan
2627,65.675,1.985678797e-05,1.586993155e-05,nan,nan,nan,nan
2628,65.7,1.985678797e-05,1.586993155e-05,nan,nan,nan,nan
2629,65.725,1.985678798e-05,1.586993156e-05,nan,nan,nan,nan
2630,65.75,1.985678798e-05,1.586993156e-05,nan,nan,nan,nan
2631,65.775,1.985678798e-05,1.586993156e-05,nan,nan,nan,nan
2632,65.8,1.985678798e-05,1.586993156e-05,nan,nan,nan,nan
2633,65.825,1.985678797e-05,1.586993155e-05,nan,nan,nan,nan
2634,65.85,1.985678797e-05,1.586993155e-05,nan,nan,nan,nan
2635,65.875,1.985678798e-05,1.586993156e-05,nan,nan,nan,nan
2636,65.9,1.985678799e-05,1.586993156e-05,nan,nan,nan,nan
2637,65.925,1.985678799e-05,1.586993157e-05,nan,nan,nan,nan
2638,65.95,1.985678798e-05,1.586993157e-05,nan,nan,nan,nan
2639,65.975,1.985678798e-05,1.586993156e-05,nan,nan,nan,nan
2640,66,1.985678798e-05,1.586993156e-05,nan,nan,nan,nan
2641,66.025,1.985678798e-05,1.586993155e-05,nan,nan,nan,nan
2642,66.05,1.985678799e-05,1.586993156e-05,nan,nan,nan,nan
2643,66.075,1.985678799e-05,1.586993157e-05,nan,nan,nan,nan
2644,66.1,1.985678798e-05,1.586993158e-05,nan,nan,nan,nan
2645,66.125,1.985678798e-05,1.586993158e-05,nan,nan,nan,nan
2646,66.15,1.985678798e-05,1.586993157e-05,nan,nan,nan,nan
2647,66.175,1.985678798e-05,1.586993155e-05,nan,nan,nan,nan
2648,66.2,1.985678798e-05,1.586993155e-05,nan,nan,nan,nan
2649,66.225,1.985678798e-05,1.586993156e-05,nan,nan,nan,nan
2650,66.25,1.985678798e-05,1.586993157e-05,nan,nan,nan,nan
2651,66.275,1.985678798e-05,1.586993158e-05,nan,nan,nan,nan
2652,66.3,1.985678798e-05,1.586993157e-05,nan,nan,nan,nan
2653,66.325,1.985678798e-05,1.586993157e-05,nan,nan,nan,nan
2654,66.35,1.985678797e-05,1.586993156e-05,nan,nan,nan,nan
2655,66.375,1.985678797e-05,1.586993156e-05,nan,nan,nan,nan
2656,66.4,1.985678797e-05,1.586993156e-05,nan,nan,nan,nan
2657,66.425,1.985678798e-05,1.586993156e-05,nan,nan,nan,nan
2658,66.45,1.985678798e-05,1.586993157e-05,nan,nan,nan,nan
2659,66.475,1.985678797e-05,1.586993157e-05,nan,nan,nan,nan
2660,66.5,1.985678796e-05,1.586993158e-05,nan,nan,nan,nan
2661,66.525,1.985678796e-05,1.586993158e-05,nan,nan,nan,nan
2662,66.55,1.985678796e-05,1.586993156e-05,nan,nan,nan,nan
2663,66.575,1.985678797e-05,1.586993156e-05,nan,nan,nan,nan
2664,66.6,1.985678797e-05,1.586993156e-05,nan,nan,nan,nan
2665,66.625,1.985678796e-05,1.586993158e-05,nan,nan,nan,nan
2666,66.65,1.985678796e-05,1.586993159e-05,nan,nan,nan,nan
2667,66.675,1.985678795e-05,1.586993158e-05,nan,nan,nan,nan
2668,66.7,1.985678795e-05,1.586993156e-05,nan,nan,nan,nan
2669,66.725,1.985678795e-05,1.586993155e-05,nan,nan,nan,nan
2670,66.75,1.985678795e-05,1.586993156e-05,nan,nan,nan,nan
2671,66.775,1.985678795e-05,1.586993157e-05,nan,nan,nan,nan
2672,66.8,1.985678795e-05,1.586993158e-05,nan,nan,nan,nan
2673,66.825,1.985678795e-05,1.586993158e-05,nan,nan,nan,nan
2674,66.85,1.985678795e-05,1.586993157e-05,nan,nan,nan,nan
2675,66.875,1.985678794e-05,1.586993156e-05,nan,nan,nan,nan
2676,66.9,1.985678794e-05,1.586993157e-05,nan,nan,nan,nan
2677,66.925,1.985678793e-05,1.586993157e-05,nan,nan,nan,nan
2678,66.95,1.985678794e-05,1.586993156e-05,nan,nan,nan,nan
2679,66.975,1.985678794e-05,1.586993156e-05,nan,nan,nan,nan
2680,67,1.985678794e-05,1.586993156e-05,nan,nan,nan,nan
2681,67.025,1.985678793e-05,1.586993158e-05,nan,nan,nan,nan
2682,67.05,1.985678793e-05,1.586993158e-05,nan,nan,nan,nan
2683,67.075,1.985678793e-05,1.586993157e-05,nan,nan,nan,nan
2684,67.1,1.985678793e-05,1.586993155e-05,nan,nan,nan,nan
2685,67.125,1.985678793e-05,1.586993155e-05,nan,nan,nan,nan
2686,67.15,1.985678793e-05,1.586993156e-05,nan,nan,nan,nan
2687,67.175,1.985678793e-05,1.586993158e-05,nan,nan,nan,nan
2688,67.2,1.985678793e-05,1.586993158e-05,nan,nan,nan,nan
2689,67.225,1.985678793e-05,1.586993156e-05,nan,nan,nan,nan
2690,67.25,1.985678792e-05,1.586993155e-05,nan,nan,nan,nan
2691,67.275,1.985678792e-05,1.586993154e-05,nan,nan,nan,nan
2692,67.3,1.985678792e-05,1.586993156e-05,nan,nan,nan,nan
2693,67.325,1.985678793e-05,1.586993157e-05,nan,nan,nan,nan
2694,67.35,1.985678793e-05,1.586993157e-05,nan,nan,nan,nan
2695,67.375,1.985678793e-05,1.586993156e-05,nan,nan,nan,nan
2696,67.4,1.985678792e-05,1.586993155e-05,nan,nan,nan,nan
2697,67.425,1.985678791e-05,1.586993156e-05,nan,nan,nan,nan
2698,67.45,1.985678792e-05,1.586993156e-05,nan,nan,nan,nan
2699,67.475,1.985678793e-05,1.586993156e-05,nan,nan,nan,nan
2700,67.5,1.985678793e-05,1.586993155e-05,nan,nan,nan,nan
2701,67.525,1.985678793e-05,1.586993155e-05,nan,nan,nan,nan
2702,67.55,1.985678792e-05,1.586993156e-05,nan,nan,nan,nan
2703,67.575,1.985678792e-05,1.586993157e-05,nan,nan,nan,nan
2704,67.6,1.985678793e-05,1.586993156e-05,nan,nan,nan,nan
2705,67.625,1.985678793e-05,1.586993154e-05,nan,nan,nan,nan
2706,67.65,1.985678793e-05,1.586993154e-05,nan,nan,nan,nan
2707,67.675,1.985678793e-05,1.586993155e-05,nan,nan,nan,nan
2708,67.7,1.985678793e-05,1.586993157e-05,nan,nan,nan,nan
2709,67.725,1.985678793e-05,1.586993157e-05,nan,nan,nan,nan
2710,67.75,1.985678794e-05,1.586993156e-05,nan,nan,nan,nan
2711,67.775,1.985678794e-05,1.586993154e-05,nan,nan,nan,nan
2712,67.8,1.985678793e-05,1.586993154e-05,nan,nan,nan,nan
2713,67.825,1.985678793e-05,1.586993155e-05,nan,nan,nan,nan
2714,67.85,1.985678794e-05,1.586993156e-05,nan,nan,nan,nan
2715,67.875,1.985678795e-05,1.586993156e-05,nan,nan,nan,nan
2716,67.9,1.985678795e-05,1.586993156e-05,nan,nan,nan,nan
2717,67.925,1.985678795e-05,1.586993155e-05,nan,nan,nan,nan
2718,67.95,1.985678794e-05,1.586993155e-05,nan,nan,nan,nan
2719,67.975,1.985678794e-05,1.586993156e-05,nan,nan,nan,nan
2720,68,1.985678795e-05,1.586993155e-05,nan,nan,nan,nan
2721,68.025,1.985678796e-05,1.586993155e-05,nan,nan,nan,nan
2722,68.05,1.985678796e-05,1.586993155e-05,nan,nan,nan,nan
2723,68.075,1.985678796e-05,1.586993156e-05,nan,nan,nan,nan
2724,68.1,1.985678795e-05,1.586993157e-05,nan,nan,nan,nan
2725,68.125,1.985678796e-05,1.586993156e-05,nan,nan,nan,nan
2726,68.15,1.985678796e-05,1.586993155e-05,nan,nan,nan,nan
2727,68.175,1.985678797e-05,1.586993154e-05,nan,nan,nan,nan
2728,68.2,1.985678797e-05,1.586993155e-05,nan,nan,nan,nan
2729,68.225,1.985678796e-05,1.586993156e-05,nan,nan,nan,nan
2730,68.25,1.985678796e-05,1.586993157e-05,nan,nan,nan,nan
2731,68.275,1.985678797e-05,1.586993157e-05,nan,nan,nan,nan
2732,68.3,1.985678798e-05,1.586993155e-05,nan,nan,nan,nan
2733,68.325,1.985678797e-05,1.586993154e-05,nan,nan,nan,nan
2734,68.35,1.985678797e-05,1.586993155e-05,nan,nan,nan,nan
2735,68.375,1.985678796e-05,1.586993156e-05,nan,nan,nan,nan
2736,68.4,1.985678797e-05,1.586993157e-05,nan,nan,nan,nan
2737,68.425,1.985678798e-05,1.586993157e-05,nan,nan,nan,nan
2738,68.45,1.985678798e-05,1.586993156e-05,nan,nan,nan,nan
2739,68.475,1.985678798e-05,1.586993156e-05,nan,nan,nan,nan
2740,68.5,1.985678798e-05,1.586993156e-05,nan,nan,nan,nan
2741,68.525,1.985678797e-05,1.586993156e-05,nan,nan,nan,nan
2742,68.55,1.985678798e-05,1.586993156e-05,nan,nan,nan,nan
2743,68.575,1.985678798e-05,1.586993156e-05,nan,nan,nan,nan
2744,68.6,1.985678799e-05,1.586993157e-05,nan,nan,nan,nan
2745,68.625,1.985678798e-05,1.586993158e-05,nan,nan,nan,nan
2746,68.65,1.985678798e-05,1.586993157e-05,nan,nan,nan,nan
2747,68.675,1.985678798e-05,1.586993156e-05,nan,nan,nan,nan
2748,68.7,1.985678798e-05,1.586993155e-05,nan,nan,nan,nan
2749,68.725,1.985678799e-05,1.586993155e-05,nan,nan,nan,nan
2750,68.75,1.985678798e-05,1.586993156e-05,nan,nan,nan,nan
2751,68.775,1.985678798e-05,1.586993158e-05,nan,nan,nan,nan
2752,68.8,1.985678798e-05,1.586993158e-05,nan,nan,nan,nan
2753,68.825,1.985678798e-05,1.586993157e-05,nan,nan,nan,nan
2754,68.85,1.985678798e-05,1.586993156e-05,nan,nan,nan,nan
2755,68.875,1.985678798e-05,1.586993156e-05,nan,nan,nan,nan
2756,68.9,1.985678798e-05,1.586993156e-05,nan,nan,nan,nan
2757,68.925,1.985678797e-05,1.586993157e-05,nan,nan,nan,nan
2758,68.95,1.985678798e-05,1.586993157e-05,nan,nan,nan,nan
2759,68.975,1.985678798e-05,1.586993157e-05,nan,nan,nan,nan
2760,69,1.985678798e-05,1.586993157e-05,nan,nan,nan,nan
2761,69.025,1.985678797e-05,1.586993157e-05,nan,nan,nan,nan
2762,69.05,1.985678797e-05,1.586993157e-05,nan,nan,nan,nan
2763,69.075,1.985678797e-05,1.586993157e-05,nan,nan,nan,nan
2764,69.1,1.985678797e-05,1.586993157e-05,nan,nan,nan,nan
2765,69.125,1.985678797e-05,1.586993157e-05,nan,nan,nan,nan
2766,69.15,1.985678797e-05,1.586993157e-05,nan,nan,nan,nan
2767,69.175,1.985678796e-05,1.586993157e-05,nan,nan,nan,nan
2768,69.2,1.985678796e-05,1.586993157e-05,nan,nan,nan,nan
2769,69.225,1.985678796e-05,1.586993156e-05,nan,nan,nan,nan
2770,69.25,1.985678796e-05,1.586993156e-05,nan,nan,nan,nan
2771,69.275,1.985678796e-05,1.586993157e-05,nan,nan,nan,nan
2772,69.3,1.985678796e-05,1.586993158e-05,nan,nan,nan,nan
2773,69.325,1.985678795e-05,1.586993158e-05,nan,nan,nan,nan
2774,69.35,1.985678795e-05,1.586993157e-05,nan,nan,nan,nan
2775,69.375,1.985678795e-05,1.586993157e-05,nan,nan,nan,nan
2776,69.4,1.985678796e-05,1.586993156e-05,nan,nan,nan,nan
2777,69.425,1.985678795e-05,1.586993156e-05,nan,nan,nan,nan
2778,69.45,1.985678794e-05,1.586993156e-05,nan,nan,nan,nan
2779,69.475,1.985678794e-05,1.586993157e-05,nan,nan,nan,nan
2780,69.5,1.985678794e-05,1.586993157e-05,nan,nan,nan,nan
2781,69.525,1.985678795e-05,1.586993158e-05,nan,nan,nan,nan
2782,69.55,1.985678795e-05,1.586993157e-05,nan,nan,nan,nan
2783,69.575,1.985678794e-05,1.586993156e-05,nan,nan,nan,nan
2784,69.6,1.985678793e-05,1.586993155e-05,nan,nan,nan,nan
2785,69.625,1.985678793e-05,1.586993156e-05,nan,nan,nan,nan
2786,69.65,1.985678794e-05,1.586993157e-05,nan,nan,nan,nan
2787,69.675,1.985678794e-05,1.586993158e-05,nan,nan,nan,nan
2788,69.7,1.985678794e-05,1.586993157e-05,nan,nan,nan,nan
2789,69.725,1.985678793e-05,1.586993156e-05,nan,nan,nan,nan
2790,69.75,1.985678792e-05,1.586993155e-05,nan,nan,nan,nan
2791,69.775,1.985678792e-05,1.586993156e-05,nan,nan,nan,nan
2792,69.8,1.985678793e-05,1.586993157e-05,nan,nan,nan,nan
2793,69.825,1.985678794e-05,1.586993157e-05,nan,nan,nan,nan
2794,69.85,1.985678793e-05,1.586993157e-05,nan,nan,nan,nan
2795,69.875,1.985678793e-05,1.586993156e-05,nan,nan,nan,nan
2796,69.9,1.985678792e-05,1.586993156e-05,nan,nan,nan,nan
2797,69.925,1.985678793e-05,1.586993156e-05,nan,nan,nan,nan
2798,69.95,1.985678793e-05,1.586993156e-05,nan,nan,nan,nan
2799,69.975,1.985678793e-05,1.586993155e-05,nan,nan,nan,nan
2800,70,1.985678792e-05,1.586993156e-05,nan,nan,nan,nan
2801,70.025,1.985678792e-05,1.586993156e-05,nan,nan,nan,nan
2802,70.05,1.985678792e-05,1.586993157e-05,nan,nan,nan,nan
2803,70.075,1.985678793e-05,1.586993156e-05,nan,nan,nan,nan
2804,70.1,1.985678793e-05,1.586993155e-05,nan,nan,nan,nan
2805,70.125,1.985678793e-05,1.586993154e-05,nan,nan,nan,nan
2806,70.15,1.985678792e-05,1.586993155e-05,nan,nan,nan,nan
2807,70.175,1.985678792e-05,1.586993156e-05,nan,nan,nan,nan
2808,70.2,1.985678793e-05,1.586993158e-05,nan,nan,nan,nan
2809,70.225,1.985678793e-05,1.586993157e-05,nan,nan,nan,nan
2810,70.25,1.985678794e-05,1.586993155e-05,nan,nan,nan,nan
2811,70.275,1.985678793e-05,1.586993154e-05,nan,nan,nan,nan
2812,70.3,1.985678793e-05,1.586993155e-05,nan,nan,nan,nan
2813,70.325,1.985678793e-05,1.586993155e-05,nan,nan,nan,nan
2814,70.35,1.985678794e-05,1.586993156e-05,nan,nan,nan,nan
2815,70.375,1.985678794e-05,1.586993156e-05,nan,nan,nan,nan
2816,70.4,1.985678794e-05,1.586993155e-05,nan,nan,nan,nan
2817,70.425,1.985678794e-05,1.586993156e-05,nan,nan,nan,nan
2818,70.45,1.985678794e-05,1.586993156e-05,nan,nan,nan,nan
2819,70.475,1.985678794e-05,1.586993156e-05,nan,nan,nan,nan
2820,70.5,1.985678795e-05,1.586993155e-05,nan,nan,nan,nan
2821,70.525,1.985678795e-05,1.586993154e-05,nan,nan,nan,nan
2822,70.55,1.985678794e-05,1.586993155e-05,nan,nan,nan,nan
2823,70.575,1.985678794e-05,1.586993156e-05,nan,nan,nan,nan
2824,70.6,1.985678795e-05,1.586993157e-05,nan,nan,nan,nan
2825,70.625,1.985678796e-05,1.586993156e-05,nan,nan,nan,nan
2826,70.65,1.985678796e-05,1.586993154e-05,nan,nan,nan,nan
2827,70.675,1.985678795e-05,1.586993154e-05,nan,nan,nan,nan
2828,70.7,1.985678795e-05,1.586993155e-05,nan,nan,nan,nan
2829,70.725,1.985678795e-05,1.586993157e-05,nan,nan,nan,nan
2830,70.75,1.985678796e-05,1.586993157e-05,nan,nan,nan,nan
2831,70.775,1.985678797e-05,1.586993156e-05,nan,nan,nan,nan
2832,70.8,1.985678797e-05,1.586993154e-05,nan,nan,nan,nan
2833,70.825,1.985678796e-05,1.586993155e-05,nan,nan,nan,nan
2834,70.85,1.985678796e-05,1.586993156e-05,nan,nan,nan,nan
2835,70.875,1.985678796e-05,1.586993156e-05,nan,nan,nan,nan
2836,70.9,1.985678797e-05,1.586993156e-05,nan,nan,nan,nan
2837,70.925,1.985678798e-05,1.586993156e-05,nan,nan,nan,nan
2838,70.95,1.985678798e-05,1.586993156e-05,nan,nan,nan,nan
2839,70.975,1.985678797e-05,1.586993156e-05,nan,nan,nan,nan
2840,71,1.985678797e-05,1.586993156e-05,nan,nan,nan,nan
2841,71.025,1.985678798e-05,1.586993156e-05,nan,nan,nan,nan
2842,71.05,1.985678798e-05,1.586993155e-05,nan,nan,nan,nan
2843,71.075,1.985678798e-05,1.586993155e-05,nan,nan,nan,nan
2844,71.1,1.985678797e-05,1.586993157e-05,nan,nan,nan,nan
2845,71.125,1.985678797e-05,1.586993157e-05,nan,nan,nan,nan
2846,71.15,1.985678797e-05,1.586993156e-05,nan,nan,nan,nan
2847,71.175,1.985678798e-05,1.586993155e-05,nan,nan,nan,nan
2848,71.2,1.985678799e-05,1.586993155e-05,nan,nan,nan,nan
2849,71.225,1.985678799e-05,1.586993156e-05,nan,nan,nan,nan
2850,71.25,1.985678798e-05,1.586993157e-05,nan,nan,nan,nan
2851,71.275,1.985678797e-05,1.586993157e-05,nan,nan,nan,nan
2852,71.3,1.985678797e-05,1.586993156e-05,nan,nan,nan,nan
2853,71.325,1.985678798e-05,1.586993155e-05,nan,nan,nan,nan
2854,71.35,1.985678799e-05,1.586993156e-05,nan,nan,nan,nan
2855,71.375,1.985678798e-05,1.586993157e-05,nan,nan,nan,nan
2856,71.4,1.985678797e-05,1.586993157e-05,nan,nan,nan,nan
2857,71.425,1.985678797e-05,1.586993157e-05,nan,nan,nan,nan
2858,71.45,1.985678798e-05,1.586993156e-05,nan,nan,nan,nan
2859,71.475,1.985678799e-05,1.586993156e-05,nan,nan,nan,nan
2860,71.5,1.985678799e-05,1.586993157e-05,nan,nan,nan,nan
2861,71.525,1.985678798e-05,1.586993157e-05,nan,nan,nan,nan
2862,71.55,1.985678797e-05,1.586993157e-05,nan,nan,nan,nan
2863,71.575,1.985678797e-05,1.586993156e-05,nan,nan,nan,nan
2864,71.6,1.985678797e-05,1.586993156e-05,nan,nan,nan,nan
2865,71.625,1.985678798e-05,1.586993157e-05,nan,nan,nan,nan
2866,71.65,1.985678797e-05,1.586993158e-05,nan,nan,nan,nan
2867,71.675,1.985678797e-05,1.586993157e-05,nan,nan,nan,nan
2868,71.7,1.985678797e-05,1.586993156e-05,nan,nan,nan,nan
2869,71.725,1.985678797e-05,1.586993155e-05,nan,nan,nan,nan
2870,71.75,1.985678797e-05,1.586993156e-05,nan,nan,nan,nan
2871,71.775,1.985678797e-05,1.586993158e-05,nan,nan,nan,nan
2872,71.8,1.985678796e-05,1.586993159e-05,nan,nan,nan,nan
2873,71.825,1.985678795e-05,1.586993158e-05,nan,nan,nan,nan
2874,71.85,1.985678795e-05,1.586993156e-05,nan,nan,nan,nan
2875,71.875,1.985678797e-05,1.586993155e-05,nan,nan,nan,nan
2876,71.9,1.985678797e-05,1.586993156e-05,nan,nan,nan,nan
2877,71.925,1.985678796e-05,1.586993157e-05,nan,nan,nan,nan
2878,71.95,1.985678794e-05,1.586993157e-05,nan,nan,nan,nan
2879,71.975,1.985678794e-05,1.586993157e-05,nan,nan,nan,nan
2880,72,1.985678795e-05,1.586993157e-05,nan,nan,nan,nan
2881,72.025,1.985678796e-05,1.586993157e-05,nan,nan,nan,nan
2882,72.05,1.985678795e-05,1.586993157e-05,nan,nan,nan,nan
2883,72.075,1.985678794e-05,1.586993156e-05,nan,nan,nan,nan
2884,72.1,1.985678794e-05,1.586993156e-05,nan,nan,nan,nan
2885,72.125,1.985678794e-05,1.586993156e-05,nan,nan,nan,nan
2886,72.15,1.985678795e-05,1.586993157e-05,nan,nan,nan,nan
2887,72.175,1.985678795e-05,1.586993157e-05,nan,nan,nan,nan
2888,72.2,1.985678794e-05,1.586993157e-05,nan,nan,nan,nan
2889,72.225,1.985678793e-05,1.586993156e-05,nan,nan,nan,nan
2890,72.25,1.985678793e-05,1.586993155e-05,nan,nan,nan,nan
2891,72.275,1.985678794e-05,1.586993156e-05,nan,nan,nan,nan
2892,72.3,1.985678795e-05,1.586993157e-05,nan,nan,nan,nan
2893,72.325,1.985678794e-05,1.586993157e-05,nan,nan,nan,nan
2894,72.35,1.985678792e-05,1.586993157e-05,nan,nan,nan,nan
2895,72.375,1.985678792e-05,1.586993156e-05,nan,nan,nan,nan
2896,72.4,1.985678793e-05,1.586993156e-05,nan,nan,nan,nan
2897,72.425,1.985678794e-05,1.586993155e-05,nan,nan,nan,nan
2898,72.45,1.985678794e-05,1.586993156e-05,nan,nan,nan,nan
2899,72.475,1.985678793e-05,1.586993156e-05,nan,nan,nan,nan
2900,72.5,1.985678791e-05,1.586993157e-05,nan,nan,nan,nan
2901,72.525,1.985678792e-05,1.586993157e-05,nan,nan,nan,nan
2902,72.55,1.985678793e-05,1.586993156e-05,nan,nan,nan,nan
2903,72.575,1.985678794e-05,1.586993156e-05,nan,nan,nan,nan
2904,72.6,1.985678793e-05,1.586993155e-05,nan,nan,nan,nan
2905,72.625,1.985678793e-05,1.586993155e-05,nan,nan,nan,nan
2906,72.65,1.985678792e-05,1.586993156e-05,nan,nan,nan,nan
2907,72.675,1.985678793e-05,1.586993157e-05,nan,nan,nan,nan
2908,72.7,1.985678793e-05,1.586993157e-05,nan,nan,nan,nan
2909,72.725,1.985678793e-05,1.586993156e-05,nan,nan,nan,nan
2910,72.75,1.985678792e-05,1.586993155e-05,nan,nan,nan,nan
2911,72.775,1.985678792e-05,1.586993155e-05,nan,nan,nan,nan
2912,72.8,1.985678793e-05,1.586993156e-05,nan,nan,nan,nan
2913,72.825,1.985678794e-05,1.586993156e-05,nan,nan,nan,nan
2914,72.85,1.985678794e-05,1.586993156e-05,nan,nan,nan,nan
2915,72.875,1.985678793e-05,1.586993156e-05,nan,nan,nan,nan
2916,72.9,1.985678792e-05,1.586993156e-05,nan,nan,nan,nan
2917,72.925,1.985678792e-05,1.586993156e-05,nan,nan,nan,nan
2918,72.95,1.985678794e-05,1.586993155e-05,nan,nan,nan,nan
2919,72.975,1.985678794e-05,1.586993155e-05,nan,nan,nan,nan
2920,73,1.985678794e-05,1.586993155e-05,nan,nan,nan,nan
2921,73.025,1.985678793e-05,1.586993156e-05,nan,nan,nan,nan
2922,73.05,1.985678793e-05,1.586993157e-05,nan,nan,nan,nan
2923,73.075,1.985678794e-05,1.586993157e-05,nan,nan,nan,nan
2924,73.1,1.985678795e-05,1.586993155e-05,nan,nan,nan,nan
2925,73.125,1.985678795e-05,1.586993154e-05,nan,nan,nan,nan
2926,73.15,1.985678795e-05,1.586993154e-05,nan,nan,nan,nan
2927,73.175,1.985678794e-05,1.586993156e-05,nan,nan,nan,nan
2928,73.2,1.985678795e-05,1.586993157e-05,nan,nan,nan,nan
2929,73.225,1.985678795e-05,1.586993157e-05,nan,nan,nan,nan
2930,73.25,1.985678796e-05,1.586993156e-05,nan,nan,nan,nan
2931,73.275,1.985678795e-05,1.586993154e-05,nan,nan,nan,nan
2932,73.3,1.985678794e-05,1.586993154e-05,nan,nan,nan,nan
2933,73.325,1.985678795e-05,1.586993155e-05,nan,nan,nan,nan
2934,73.35,1.985678796e-05,1.586993156e-05,nan,nan,nan,nan
2935,73.375,1.985678797e-05,1.586993156e-05,nan,nan,nan,nan
2936,73.4,1.985678797e-05,1.586993156e-05,nan,nan,nan,nan
2937,73.425,1.985678796e-05,1.586993156e-05,nan,nan,nan,nan
2938,73.45,1.985678795e-05,1.586993156e-05,nan,nan,nan,nan
2939,73.475,1.985678796e-05,1.586993156e-05,nan,nan,nan,nan
2940,73.5,1.985678797e-05,1.586993155e-05,nan,nan,nan,nan
2941,73.525,1.985678798e-05,1.586993154e-05,nan,nan,nan,nan
2942,73.55,1.985678797e-05,1.586993155e-05,nan,nan,nan,nan
2943,73.575,1.985678797e-05,1.586993157e-05,nan,nan,nan,nan
2944,73.6,1.985678796e-05,1.586993158e-05,nan,nan,nan,nan
2945,73.625,1.985678797e-05,1.586993157e-05,nan,nan,nan,nan
2946,73.65,1.985678798e-05,1.586993155e-05,nan,nan,nan,nan
2947,73.675,1.985678798e-05,1.586993154e-05,nan,nan,nan,nan
2948,73.7,1.985678797e-05,1.586993155e-05,nan,nan,nan,nan
2949,73.725,1.985678797e-05,1.586993157e-05,nan,nan,nan,nan
2950,73.75,1.985678798e-05,1.586993158e-05,nan,nan,nan,nan
2951,73.775,1.985678798e-05,1.586993157e-05,nan,nan,nan,nan
2952,73.8,1.985678798e-05,1.586993155e-05,nan,nan,nan,nan
2953,73.825,1.985678798e-05,1.586993155e-05,nan,nan,nan,nan
2954,73.85,1.985678797e-05,1.586993156e-05,nan,nan,nan,nan
2955,73.875,1.985678797e-05,1.586993157e-05,nan,nan,nan,nan
2956,73.9,1.985678798e-05,1.586993157e-05,nan,nan,nan,nan
2957,73.925,1.985678799e-05,1.586993156e-05,nan,nan,nan,nan
2958,73.95,1.985678799e-05,1.586993156e-05,nan,nan,nan,nan
2959,73.975,1.985678798e-05,1.586993157e-05,nan,nan,nan,nan
2960,74,1.985678797e-05,1.586993158e-05,nan,nan,nan,nan
2961,74.025,1.985678797e-05,1.586993157e-05,nan,nan,nan,nan
2962,74.05,1.985678798e-05,1.586993155e-05,nan,nan,nan,nan
2963,74.075,1.985678798e-05,1.586993155e-05,nan,nan,nan,nan
2964,74.1,1.985678798e-05,1.586993157e-05,nan,nan,nan,nan
2965,74.125,1.985678797e-05,1.586993159e-05,nan,nan,nan,nan
2966,74.15,1.985678797e-05,1.586993159e-05,nan,nan,nan,nan
2967,74.175,1.985678798e-05,1.586993157e-05,nan,nan,nan,nan
2968,74.2,1.985678798e-05,1.586993154e-05,nan,nan,nan,nan
2969,74.225,1.985678797e-05,1.586993154e-05,nan,nan,nan,nan
2970,74.25,1.985678797e-05,1.586993157e-05,nan,nan,nan,nan
2971,74.275,1.985678796e-05,1.586993159e-05,nan,nan,nan,nan
2972,74.3,1.985678797e-05,1.586993158e-05,nan,nan,nan,nan
2973,74.325,1.985678797e-05,1.586993157e-05,nan,nan,nan,nan
2974,74.35,1.985678797e-05,1.586993155e-05,nan,nan,nan,nan
2975,74.375,1.985678796e-05,1.586993156e-05,nan,nan,nan,nan
2976,74.4,1.985678795e-05,1.586993157e-05,nan,nan,nan,nan
2977,74.425,1.985678795e-05,1.586993157e-05,nan,nan,nan,nan
2978,74.45,1.985678796e-05,1.586993156e-05,nan,nan,nan,nan
2979,74.475,1.985678797e-05,1.586993156e-05,nan,nan,nan,nan
2980,74.5,1.985678796e-05,1.586993157e-05,nan,nan,nan,nan
2981,74.525,1.985678795e-05,1.586993158e-05,nan,nan,nan,nan
2982,74.55,1.985678795e-05,1.586993158e-05,nan,nan,nan,nan
2983,74.575,1.985678795e-05,1.586993156e-05,nan,nan,nan,nan
2984,74.6,1.985678795e-05,1.586993155e-05,nan,nan,nan,nan
2985,74.625,1.985678795e-05,1.586993156e-05,nan,nan,nan,nan
2986,74.65,1.985678795e-05,1.586993158e-05,nan,nan,nan,nan
2987,74.675,1.985678794e-05,1.586993158e-05,nan,nan,nan,nan
2988,74.7,1.985678794e-05,1.586993157e-05,nan,nan,nan,nan
2989,74.725,1.985678795e-05,1.586993155e-05,nan,nan,nan,nan
2990,74.75,1.985678795e-05,1.586993155e-05,nan,nan,nan,nan
2991,74.775,1.985678794e-05,1.586993156e-05,nan,nan,nan,nan
2992,74.8,1.985678793e-05,1.586993158e-05,nan,nan,nan,nan
2993,74.825,1.985678793e-05,1.586993158e-05,nan,nan,nan,nan
2994,74.85,1.985678794e-05,1.586993157e-05,nan,nan,nan,nan
2995,74.875,1.985678795e-05,1.586993155e-05,nan,nan,nan,nan
2996,74.9,1.985678795e-05,1.586993155e-05,nan,nan,nan,nan
2997,74.925,1.985678793e-05,1.586993156e-05,nan,nan,nan,nan
2998,74.95,1.985678792e-05,1.586993157e-05,nan,nan,nan,nan
2999,74.975,1.985678792e-05,1.586993156e-05,nan,nan,nan,nan
3000,75,1.985678793e-05,1.586993156e-05,nan,nan,nan,nan
3001,75.025,1.985678794e-05,1.586993156e-05,nan,nan,nan,nan
3002,75.05,1.985678794e-05,1.586993157e-05,nan,nan,nan,nan
3003,75.075,1.985678793e-05,1.586993157e-05,nan,nan,nan,nan
3004,75.1,1.985678792e-05,1.586993156e-05,nan,nan,nan,nan
3005,75.125,1.985678792e-05,1.586993155e-05,nan,nan,nan,nan
3006,75.15,1.985678793e-05,1.586993155e-05,nan,nan,nan,nan
3007,75.175,1.985678793e-05,1.586993156e-05,nan,nan,nan,nan
3008,75.2,1.985678793e-05,1.586993158e-05,nan,nan,nan,nan
3009,75.225,1.985678792e-05,1.586993157e-05,nan,nan,nan,nan
3010,75.25,1.985678793e-05,1.586993156e-05,nan,nan,nan,nan
3011,75.275,1.985678793e-05,1.586993154e-05,nan,nan,nan,nan
3012,75.3,1.985678793e-05,1.586993154e-05,nan,nan,nan,nan
3013,75.325,1.985678793e-05,1.586993156e-05,nan,nan,nan,nan
3014,75.35,1.985678792e-05,1.586993157e-05,nan,nan,nan,nan
3015,75.375,1.985678793e-05,1.586993157e-05,nan,nan,nan,nan
3016,75.4,1.985678794e-05,1.586993156e-05,nan,nan,nan,nan
3017,75.425,1.985678794e-05,1.586993155e-05,nan,nan,nan,nan
3018,75.45,1.985678794e-05,1.586993155e-05,nan,nan,nan,nan
3019,75.475,1.985678792e-05,1.586993156e-05,nan,nan,nan,nan
3020,75.5,1.985678792e-05,1.586993156e-05,nan,nan,nan,nan
3021,75.525,1.985678793e-05,1.586993156e-05,nan,nan,nan,nan
3022,75.55,1.985678794e-05,1.586993155e-05,nan,nan,nan,nan
3023,75.575,1.985678795e-05,1.586993155e-05,nan,nan,nan,nan
3024,75.6,1.985678794e-05,1.586993156e-05,nan,nan,nan,nan
3025,75.625,1.985678793e-05,1.586993156e-05,nan,nan,nan,nan
3026,75.65,1.985678793e-05,1.586993155e-05,nan,nan,nan,nan
3027,75.675,1.985678794e-05,1.586993155e-05,nan,nan,nan,nan
3028,75.7,1.985678795e-05,1.586993156e-05,nan,nan,nan,nan
3029,75.725,1.985678794e-05,1.586993156e-05,nan,nan,nan,nan
3030,75.75,1.985678794e-05,1.586993156e-05,nan,nan,nan,nan
3031,75.775,1.985678794e-05,1.586993156e-05,nan,nan,nan,nan
3032,75.8,1.985678795e-05,1.586993155e-05,nan,nan,nan,nan
3033,75.825,1.985678796e-05,1.586993154e-05,nan,nan,nan,nan
3034,75.85,1.985678795e-05,1.586993155e-05,nan,nan,nan,nan
3035,75.875,1.985678794e-05,1.586993156e-05,nan,nan,nan,nan
3036,75.9,1.985678794e-05,1.586993156e-05,nan,nan,nan,nan
3037,75.925,1.985678796e-05,1.586993156e-05,nan,nan,nan,nan
3038,75.95,1.985678797e-05,1.586993156e-05,nan,nan,nan,nan
3039,75.975,1.985678797e-05,1.586993155e-05,nan,nan,nan,nan
3040,76,1.985678796e-05,1.586993155e-05,nan,nan,nan,nan
3041,76.025,1.985678795e-05,1.586993155e-05,nan,nan,nan,nan
3042,76.05,1.985678795e-05,1.586993156e-05,nan,nan,nan,nan
3043,76.075,1.985678797e-05,1.586993156e-05,nan,nan,nan,nan
3044,76.1,1.985678798e-05,1.586993156e-05,nan,nan,nan,nan
3045,76.125,1.985678798e-05,1.586993156e-05,nan,nan,nan,nan
3046,76.15,1.985678797e-05,1.586993156e-05,nan,nan,nan,nan
3047,76.175,1.985678796e-05,1.586993156e-05,nan,nan,nan,nan
3048,76.2,1.985678797e-05,1.586993156e-05,nan,nan,nan,nan
3049,76.225,1.985678797e-05,1.586993156e-05,nan,nan,nan,nan
3050,76.25,1.985678797e-05,1.586993156e-05,nan,nan,nan,nan
3051,76.275,1.985678797e-05,1.586993156e-05,nan,nan,nan,nan
3052,76.3,1.985678798e-05,1.586993156e-05,nan,nan,nan,nan
3053,76.325,1.985678798e-05,1.586993156e-05,nan,nan,nan,nan
3054,76.35,1.985678798e-05,1.586993156e-05,nan,nan,nan,nan
3055,76.375,1.985678797e-05,1.586993156e-05,nan,nan,nan,nan
3056,76.4,1.985678797e-05,1.586993155e-05,nan,nan,nan,nan
3057,76.425,1.985678797e-05,1.586993156e-05,nan,nan,nan,nan
3058,76.45,1.985678798e-05,1.586993157e-05,nan,nan,nan,nan
3059,76.475,1.985678799e-05,1.586993157e-05,nan,nan,nan,nan
3060,76.5,1.985678799e-05,1.586993156e-05,nan,nan,nan,nan
3061,76.525,1.985678798e-05,1.586993156e-05,nan,nan,nan,nan
3062,76.55,1.985678797e-05,1.586993156e-05,nan,nan,nan,nan
3063,76.575,1.985678796e-05,1.586993156e-05,nan,nan,nan,nan
3064,76.6,1.985678797e-05,1.586993157e-05,nan,nan,nan,nan
3065,76.625,1.985678798e-05,1.586993157e-05,nan,nan,nan,nan
3066,76.65,1.985678799e-05,1.586993156e-05,nan,nan,nan,nan
3067,76.675,1.985678798e-05,1.586993155e-05,nan,nan,nan,nan
3068,76.7,1.985678798e-05,1.586993156e-05,nan,nan,nan,nan
3069,76.725,1.985678798e-05,1.586993157e-05,nan,nan,nan,nan
3070,76.75,1.985678797e-05,1.586993158e-05,nan,nan,nan,nan
3071,76.775,1.985678797e-05,1.586993157e-05,nan,nan,nan,nan
3072,76.8,1.985678796e-05,1.586993156e-05,nan,nan,nan,nan
3073,76.825,1.985678797e-05,1.586993156e-05,nan,nan,nan,nan
3074,76.85,1.985678798e-05,1.586993156e-05,nan,nan,nan,nan
3075,76.875,1.985678798e-05,1.586993157e-05,nan,nan,nan,nan
3076,76.9,1.985678797e-05,1.586993157e-05,nan,nan,nan,nan
3077,76.925,1.985678796e-05,1.586993156e-05,nan,nan,nan,nan
3078,76.95,1.985678795e-05,1.586993156e-05,nan,nan,nan,nan
3079,76.975,1.985678796e-05,1.586993156e-05,nan,nan,nan,nan
3080,77,1.985678797e-05,1.586993157e-05,nan,nan,nan,nan
3081,77.025,1.985678797e-05,1.586993157e-05,nan,nan,nan,nan
3082,77.05,1.985678797e-05,1.586993157e-05,nan,nan,nan,nan
3083,77.075,1.985678796e-05,1.586993156e-05,nan,nan,nan,nan
3084,77.1,1.985678795e-05,1.586993156e-05,nan,nan,nan,nan
3085,77.125,1.985678795e-05,1.586993157e-05,nan,nan,nan,nan
3086,77.15,1.985678795e-05,1.586993157e-05,nan,nan,nan,nan
3087,77.175,1.985678795e-05,1.586993157e-05,nan,nan,nan,nan
3088,77.2,1.985678796e-05,1.586993156e-05,nan,nan,nan,nan
3089,77.225,1.985678796e-05,1.586993156e-05,nan,nan,nan,nan
3090,77.25,1.985678796e-05,1.586993157e-05,nan,nan,nan,nan
3091,77.275,1.985678795e-05,1.586993158e-05,nan,nan,nan,nan
3092,77.3,1.985678794e-05,1.586993158e-05,nan,nan,nan,nan
3093,77.325,1.985678793e-05,1.586993157e-05,nan,nan,nan,nan
3094,77.35,1.985678794e-05,1.586993156e-05,nan,nan,nan,nan
3095,77.375,1.985678795e-05,1.586993156e-05,nan,nan,nan,nan
3096,77.4,1.985678795e-05,1.586993156e-05,nan,nan,nan,nan
3097,77.425,1.985678794e-05,1.586993157e-05,nan,nan,nan,nan
3098,77.45,1.985678793e-05,1.586993157e-05,nan,nan,nan,nan
3099,77.475,1.985678792e-05,1.586993156e-05,nan,nan,nan,nan
3100,77.5,1.985678793e-05,1.586993156e-05,nan,nan,nan,nan
3101,77.525,1.985678794e-05,1.586993156e-05,nan,nan,nan,nan
3102,77.55,1.985678794e-05,1.586993157e-05,nan,nan,nan,nan
3103,77.575,1.985678794e-05,1.586993156e-05,nan,nan,nan,nan
3104,77.6,1.985678793e-05,1.586993156e-05,nan,nan,nan,nan
3105,77.625,1.985678793e-05,1.586993156e-05,nan,nan,nan,nan
3106,77.65,1.985678793e-05,1.586993157e-05,nan,nan,nan,nan
3107,77.675,1.985678793e-05,1.586993157e-05,nan,nan,nan,nan
3108,77.7,1.985678792e-05,1.586993156e-05,nan,nan,nan,nan
3109,77.725,1.985678792e-05,1.586993156e-05,nan,nan,nan,nan
3110,77.75,1.985678793e-05,1.586993155e-05,nan,nan,nan,nan
3111,77.775,1.985678794e-05,1.586993155e-05,nan,nan,nan,nan
3112,77.8,1.985678794e-05,1.586993157e-05,nan,nan,nan,nan
3113,77.825,1.985678793e-05,1.586993157e-05,nan,nan,nan,nan
3114,77.85,1.985678792e-05,1.586993157e-05,nan,nan,nan,nan
3115,77.875,1.985678792e-05,1.586993156e-05,nan,nan,nan,nan
3116,77.9,1.985678793e-05,1.586993155e-05,nan,nan,nan,nan
3117,77.925,1.985678794e-05,1.586993155e-05,nan,nan,nan,nan
3118,77.95,1.985678794e-05,1.586993156e-05,nan,nan,nan,nan
3119,77.975,1.985678792e-05,1.586993156e-05,nan,nan,nan,nan
3120,78,1.985678792e-05,1.586993156e-05,nan,nan,nan,nan
3121,78.025,1.985678792e-05,1.586993156e-05,nan,nan,nan,nan
3122,78.05,1.985678794e-05,1.586993155e-05,nan,nan,nan,nan
3123,78.075,1.985678794e-05,1.586993155e-05,nan,nan,nan,nan
3124,78.1,1.985678794e-05,1.586993155e-05,nan,nan,nan,nan
3125,78.125,1.985678793e-05,1.586993155e-05,nan,nan,nan,nan
3126,78.15,1.985678793e-05,1.586993156e-05,nan,nan,nan,nan
3127,78.175,1.985678794e-05,1.586993157e-05,nan,nan,nan,nan
3128,78.2,1.985678794e-05,1.586993156e-05,nan,nan,nan,nan
3129,78.225,1.985678794e-05,1.586993156e-05,nan,nan,nan,nan
3130,78.25,1.985678793e-05,1.586993155e-05,nan,nan,nan,nan
3131,78.275,1.985678794e-05,1.586993155e-05,nan,nan,nan,nan
3132,78.3,1.985678795e-05,1.586993155e-05,nan,nan,nan,nan
3133,78.325,1.985678796e-05,1.586993156e-05,nan,nan,nan,nan
3134,78.35,1.985678795e-05,1.586993156e-05,nan,nan,nan,nan
3135,78.375,1.985678793e-05,1.586993156e-05,nan,nan,nan,nan
3136,78.4,1.985678793e-05,1.586993156e-05,nan,nan,nan,nan
3137,78.425,1.985678795e-05,1.586993156e-05,nan,nan,nan,nan
3138,78.45,1.985678797e-05,1.586993155e-05,nan,nan,nan,nan
3139,78.475,1.985678797e-05,1.586993155e-05,nan,nan,nan,nan
3140,78.5,1.985678796e-05,1.586993155e-05,nan,nan,nan,nan
3141,78.525,1.985678794e-05,1.586993156e-05,nan,nan,nan,nan
3142,78.55,1.985678794e-05,1.586993157e-05,nan,nan,nan,nan
3143,78.575,1.985678796e-05,1.586993156e-05,nan,nan,nan,nan
3144,78.6,1.985678797e-05,1.586993155e-05,nan,nan,nan,nan
3145,78.625,1.985678797e-05,1.586993154e-05,nan,nan,nan,nan
3146,78.65,1.985678796e-05,1.586993155e-05,nan,nan,nan,nan
3147,78.675,1.985678796e-05,1.586993156e-05,nan,nan,nan,nan
3148,78.7,1.985678796e-05,1.586993157e-05,nan,nan,nan,nan
3149,78.725,1.985678797e-05,1.586993157e-05,nan,nan,nan,nan
3150,78.75,1.985678797e-05,1.586993156e-05,nan,nan,nan,nan
3151,78.775,1.985678797e-05,1.586993155e-05,nan,nan,nan,nan
3152,78.8,1.985678796e-05,1.586993155e-05,nan,nan,nan,nan
3153,78.825,1.985678797e-05,1.586993156e-05,nan,nan,nan,nan
3154,78.85,1.985678798e-05,1.586993156e-05,nan,nan,nan,nan
3155,78.875,1.985678798e-05,1.586993156e-05,nan,nan,nan,nan
3156,78.9,1.985678797e-05,1.586993156e-05,nan,nan,nan,nan
3157,78.925,1.985678796e-05,1.586993157e-05,nan,nan,nan,nan
3158,78.95,1.985678796e-05,1.586993157e-05,nan,nan,nan,nan
3159,78.975,1.985678798e-05,1.586993156e-05,nan,nan,nan,nan
3160,79,1.985678799e-05,1.586993155e-05,nan,nan,nan,nan
3161,79.025,1.985678799e-05,1.586993155e-05,nan,nan,nan,nan
3162,79.05,1.985678798e-05,1.586993156e-05,nan,nan,nan,nan
3163,79.075,1.985678797e-05,1.586993158e-05,nan,nan,nan,nan
3164,79.1,1.985678797e-05,1.586993158e-05,nan,nan,nan,nan
3165,79.125,1.985678798e-05,1.586993157e-05,nan,nan,nan,nan
3166,79.15,1.985678798e-05,1.586993154e-05,nan,nan,nan,nan
3167,79.175,1.985678798e-05,1.586993154e-05,nan,nan,nan,nan
3168,79.2,1.985678798e-05,1.586993156e-05,nan,nan,nan,nan
3169,79.225,1.985678798e-05,1.586993158e-05,nan,nan,nan,nan
3170,79.25,1.985678798e-05,1.586993158e-05,nan,nan,nan,nan
3171,79.275,1.985678798e-05,1.586993157e-05,nan,nan,nan,nan
3172,79.3,1.985678797e-05,1.586993155e-05,nan,nan,nan,nan
3173,79.325,1.985678797e-05,1.586993155e-05,nan,nan,nan,nan
3174,79.35,1.985678797e-05,1.586993157e-05,nan,nan,nan,nan
3175,79.375,1.985678798e-05,1.586993158e-05,nan,nan,nan,nan
3176,79.4,1.985678798e-05,1.586993157e-05,nan,nan,nan,nan
3177,79.425,1.985678797e-05,1.586993156e-05,nan,nan,nan,nan
3178,79.45,1.985678797e-05,1.586993156e-05,nan,nan,nan,nan
3179,79.475,1.985678796e-05,1.586993157e-05,nan,nan,nan,nan
3180,79.5,1.985678796e-05,1.586993158e-05,nan,nan,nan,nan
3181,79.525,1.985678797e-05,1.586993156e-05,nan,nan,nan,nan
3182,79.55,1.985678797e-05,1.586993155e-05,nan,nan,nan,nan
3183,79.575,1.985678797e-05,1.586993155e-05,nan,nan,nan,nan
3184,79.6,1.985678796e-05,1.586993157e-05,nan,nan,nan,nan
3185,79.625,1.985678796e-05,1.586993159e-05,nan,nan,nan,nan
3186,79.65,1.985678796e-05,1.586993158e-05,nan,nan,nan,nan
3187,79.675,1.985678796e-05,1.586993156e-05,nan,nan,nan,nan
3188,79.7,1.985678796e-05,1.586993154e-05,nan,nan,nan,nan
3189,79.725,1.985678796e-05,1.586993155e-05,nan,nan,nan,nan
3190,79.75,1.985678795e-05,1.586993158e-05,nan,nan,nan,nan
3191,79.775,1.985678795e-05,1.586993159e-05,nan,nan,nan,nan
3192,79.8,1.985678795e-05,1.586993158e-05,nan,nan,nan,nan
3193,79.825,1.985678795e-05,1.586993156e-05,nan,nan,nan,nan
3194,79.85,1.985678795e-05,1.586993155e-05,nan,nan,nan,nan
3195,79.875,1.985678794e-05,1.586993156e-05,nan,nan,nan,nan
3196,79.9,1.985678794e-05,1.586993157e-05,nan,nan,nan,nan
3197,79.925,1.985678794e-05,1.586993157e-05,nan,nan,nan,nan
3198,79.95,1.985678794e-05,1.586993156e-05,nan,nan,nan,nan
3199,79.975,1.985678795e-05,1.586993156e-05,nan,nan,nan,nan
3200,80,1.985678794e-05,1.586993157e-05,nan,nan,nan,nan
3201,80.025,1.985678794e-05,1.586993158e-05,nan,nan,nan,nan
3202,80.05,1.985678794e-05,1.586993157e-05,nan,nan,nan,nan
3203,80.075,1.985678793e-05,1.586993155e-05,nan,nan,nan,nan
3204,80.1,1.985678794e-05,1.586993154e-05,nan,nan,nan,nan
3205,80.125,1.985678794e-05,1.586993156e-05,nan,nan,nan,nan
3206,80.15,1.985678793e-05,1.586993158e-05,nan,nan,nan,nan
3207,80.175,1.985678793e-05,1.586993159e-05,nan,nan,nan,nan
3208,80.2,1.985678793e-05,1.586993157e-05,nan,nan,nan,nan
3209,80.225,1.985678793e-05,1.586993154e-05,nan,nan,nan,nan
3210,80.25,1.985678793e-05,1.586993154e-05,nan,nan,nan,nan
3211,80.275,1.985678793e-05,1.586993156e-05,nan,nan,nan,nan
3212,80.3,1.985678793e-05,1.586993158e-05,nan,nan,nan,nan
3213,80.325,1.985678793e-05,1.586993158e-05,nan,nan,nan,nan
3214,80.35,1.985678793e-05,1.586993157e-05,nan,nan,nan,nan
3215,80.375,1.985678794e-05,1.586993155e-05,nan,nan,nan,nan
3216,80.4,1.985678793e-05,1.586993155e-05,nan,nan,nan,nan
3217,80.425,1.985678793e-05,1.586993156e-05,nan,nan,nan,nan
3218,80.45,1.985678792e-05,1.586993156e-05,nan,nan,nan,nan
3219,80.475,1.985678792e-05,1.586993156e-05,nan,nan,nan,nan
3220,80.5,1.985678793e-05,1.586993156e-05,nan,nan,nan,nan
3221,80.525,1.985678793e-05,1.586993156e-05,nan,nan,nan,nan
3222,80.55,1.985678793e-05,1.586993157e-05,nan,nan,nan,nan
3223,80.575,1.985678793e-05,1.586993156e-05,nan,nan,nan,nan
3224,80.6,1.985678793e-05,1.586993155e-05,nan,nan,nan,nan
3225,80.625,1.985678793e-05,1.586993154e-05,nan,nan,nan,nan
3226,80.65,1.985678793e-05,1.586993155e-05,nan,nan,nan,nan
3227,80.675,1.985678793e-05,1.586993156e-05,nan,nan,nan,nan
3228,80.7,1.985678793e-05,1.586993158e-05,nan,nan,nan,nan
3229,80.725,1.985678794e-05,1.586993157e-05,nan,nan,nan,nan
3230,80.75,1.985678794e-05,1.586993155e-05,nan,nan,nan,nan
3231,80.775,1.985678794e-05,1.586993154e-05,nan,nan,nan,nan
3232,80.8,1.985678794e-05,1.586993154e-05,nan,nan,nan,nan
3233,80.825,1.985678793e-05,1.586993156e-05,nan,nan,nan,nan
3234,80.85,1.985678793e-05,1.586993157e-05,nan,nan,nan,nan
3235,80.875,1.985678794e-05,1.586993156e-05,nan,nan,nan,nan
3236,80.9,1.985678795e-05,1.586993156e-05,nan,nan,nan,nan
3237,80.925,1.985678796e-05,1.586993155e-05,nan,nan,nan,nan
3238,80.95,1.985678795e-05,1.586993155e-05,nan,nan,nan,nan
3239,80.975,1.985678794e-05,1.586993155e-05,nan,nan,nan,nan
3240,81,1.985678794e-05,1.586993155e-05,nan,nan,nan,nan
3241,81.025,1.985678795e-05,1.586993156e-05,nan,nan,nan,nan
3242,81.05,1.985678796e-05,1.586993156e-05,nan,nan,nan,nan
3243,81.075,1.985678796e-05,1.586993156e-05,nan,nan,nan,nan
3244,81.1,1.985678796e-05,1.586993156e-05,nan,nan,nan,nan
3245,81.125,1.985678795e-05,1.586993155e-05,nan,nan,nan,nan
3246,81.15,1.985678795e-05,1.586993155e-05,nan,nan,nan,nan
3247,81.175,1.985678796e-05,1.586993155e-05,nan,nan,nan,nan
3248,81.2,1.985678796e-05,1.586993156e-05,nan,nan,nan,nan
3249,81.225,1.985678796e-05,1.586993157e-05,nan,nan,nan,nan
3250,81.25,1.985678797e-05,1.586993157e-05,nan,nan,nan,nan
3251,81.275,1.985678797e-05,1.586993156e-05,nan,nan,nan,nan
3252,81.3,1.985678797e-05,1.586993155e-05,nan,nan,nan,nan
3253,81.325,1.985678797e-05,1.586993155e-05,nan,nan,nan,nan
3254,81.35,1.985678796e-05,1.586993156e-05,nan,nan,nan,nan
3255,81.375,1.985678796e-05,1.586993156e-05,nan,nan,nan,nan
3256,81.4,1.985678797e-05,1.586993156e-05,nan,nan,nan,nan
3257,81.425,1.985678798e-05,1.586993156e-05,nan,nan,nan,nan
3258,81.45,1.985678799e-05,1.586993156e-05,nan,nan,nan,nan
3259,81.475,1.985678798e-05,1.586993156e-05,nan,nan,nan,nan
3260,81.5,1.985678797e-05,1.586993156e-05,nan,nan,nan,nan
3261,81.525,1.985678797e-05,1.586993156e-05,nan,nan,nan,nan
3262,81.55,1.985678797e-05,1.586993156e-05,nan,nan,nan,nan
3263,81.575,1.985678797e-05,1.586993157e-05,nan,nan,nan,nan
3264,81.6,1.985678798e-05,1.586993157e-05,nan,nan,nan,nan
3265,81.625,1.985678798e-05,1.586993156e-05,nan,nan,nan,nan
3266,81.65,1.985678798e-05,1.586993156e-05,nan,nan,nan,nan
3267,81.675,1.985678798e-05,1.586993155e-05,nan,nan,nan,nan
3268,81.7,1.985678797e-05,1.586993156e-05,nan,nan,nan,nan
3269,81.725,1.985678797e-05,1.586993157e-05,nan,nan,nan,nan
3270,81.75,1.985678797e-05,1.586993157e-05,nan,nan,nan,nan
3271,81.775,1.985678798e-05,1.586993157e-05,nan,nan,nan,nan
3272,81.8,1.985678798e-05,1.586993156e-05,nan,nan,nan,nan
3273,81.825,1.985678798e-05,1.586993156e-05,nan,nan,nan,nan
3274,81.85,1.985678798e-05,1.586993157e-05,nan,nan,nan,nan
3275,81.875,1.985678797e-05,1.586993156e-05,nan,nan,nan,nan
3276,81.9,1.985678796e-05,1.586993156e-05,nan,nan,nan,nan
3277,81.925,1.985678797e-05,1.586993156e-05,nan,nan,nan,nan
3278,81.95,1.985678798e-05,1.586993157e-05,nan,nan,nan,nan
3279,81.975,1.985678799e-05,1.586993157e-05,nan,nan,nan,nan
3280,82,1.985678798e-05,1.586993157e-05,nan,nan,nan,nan
3281,82.025,1.985678796e-05,1.586993156e-05,nan,nan,nan,nan
3282,82.05,1.985678796e-05,1.586993156e-05,nan,nan,nan,nan
3283,82.075,1.985678796e-05,1.586993156e-05,nan,nan,nan,nan
3284,82.1,1.985678797e-05,1.586993157e-05,nan,nan,nan,nan
3285,82.125,1.985678797e-05,1.586993158e-05,nan,nan,nan,nan
3286,82.15,1.985678797e-05,1.586993157e-05,nan,nan,nan,nan
3287,82.175,1.985678797e-05,1.586993156e-05,nan,nan,nan,nan
3288,82.2,1.985678797e-05,1.586993155e-05,nan,nan,nan,nan
3289,82.225,1.985678796e-05,1.586993156e-05,nan,nan,nan,nan
3290,82.25,1.985678795e-05,1.586993157e-05,nan,nan,nan,nan
3291,82.275,1.985678795e-05,1.586993158e-05,nan,nan,nan,nan
3292,82.3,1.985678795e-05,1.586993157e-05,nan,nan,nan,nan
3293,82.325,1.985678796e-05,1.586993156e-05,nan,nan,nan,nan
3294,82.35,1.985678797e-05,1.586993156e-05,nan,nan,nan,nan
3295,82.375,1.985678796e-05,1.586993157e-05,nan,nan,nan,nan
3296,82.4,1.985678794e-05,1.586993157e-05,nan,nan,nan,nan
3297,82.425,1.985678793e-05,1.586993157e-05,nan,nan,nan,nan
3298,82.45,1.985678793e-05,1.586993156e-05,nan,nan,nan,nan
3299,82.475,1.985678795e-05,1.586993156e-05,nan,nan,nan,nan
3300,82.5,1.985678796e-05,1.586993157e-05,nan,nan,nan,nan
3301,82.525,1.985678796e-05,1.586993157e-05,nan,nan,nan,nan
3302,82.55,1.985678794e-05,1.586993157e-05,nan,nan,nan,nan
3303,82.575,1.985678793e-05,1.586993156e-05,nan,nan,nan,nan
3304,82.6,1.985678794e-05,1.586993155e-05,nan,nan,nan,nan
3305,82.625,1.985678794e-05,1.586993156e-05,nan,nan,nan,nan
3306,82.65,1.985678794e-05,1.586993157e-05,nan,nan,nan,nan
3307,82.675,1.985678793e-05,1.586993157e-05,nan,nan,nan,nan
3308,82.7,1.985678793e-05,1.586993156e-05,nan,nan,nan,nan
3309,82.725,1.985678794e-05,1.586993155e-05,nan,nan,nan,nan
3310,82.75,1.985678794e-05,1.586993155e-05,nan,nan,nan,nan
3311,82.775,1.985678793e-05,1.586993156e-05,nan,nan,nan,nan
3312,82.8,1.985678792e-05,1.586993157e-05,nan,nan,nan,nan
3313,82.825,1.985678792e-05,1.586993157e-05,nan,nan,nan,nan
3314,82.85,1.985678793e-05,1.586993156e-05,nan,nan,nan,nan
3315,82.875,1.985678795e-05,1.586993155e-05,nan,nan,nan,nan
3316,82.9,1.985678795e-05,1.586993156e-05,nan,nan,nan,nan
3317,82.925,1.985678793e-05,1.586993157e-05,nan,nan,nan,nan
3318,82.95,1.985678791e-05,1.586993157e-05,nan,nan,nan,nan
3319,82.975,1.985678791e-05,1.586993156e-05,nan,nan,nan,nan
3320,83,1.985678793e-05,1.586993155e-05,nan,nan,nan,nan
3321,83.025,1.985678795e-05,1.586993155e-05,nan,nan,nan,nan
3322,83.05,1.985678795e-05,1.586993156e-05,nan,nan,nan,nan
3323,83.075,1.985678793e-05,1.586993156e-05,nan,nan,nan,nan
3324,83.1,1.985678792e-05,1.586993156e-05,nan,nan,nan,nan
3325,83.125,1.985678792e-05,1.586993156e-05,nan,nan,nan,nan
3326,83.15,1.985678793e-05,1.586993155e-05,nan,nan,nan,nan
3327,83.175,1.985678793e-05,1.586993156e-05,nan,nan,nan,nan
3328,83.2,1.985678793e-05,1.586993156e-05,nan,nan,nan,nan
3329,83.225,1.985678793e-05,1.586993156e-05,nan,nan,nan,nan
3330,83.25,1.985678794e-05,1.586993155e-05,nan,nan,nan,nan
3331,83.275,1.985678794e-05,1.586993155e-05,nan,nan,nan,nan
3332,83.3,1.985678794e-05,1.586993155e-05,nan,nan,nan,nan
3333,83.325,1.985678792e-05,1.586993156e-05,nan,nan,nan,nan
3334,83.35,1.985678792e-05,1.586993157e-05,nan,nan,nan,nan
3335,83.375,1.985678793e-05,1.586993156e-05,nan,nan,nan,nan
3336,83.4,1.985678795e-05,1.586993155e-05,nan,nan,nan,nan
3337,83.425,1.985678796e-05,1.586993155e-05,nan,nan,nan,nan
3338,83.45,1.985678795e-05,1.586993155e-05,nan,nan,nan,nan
3339,83.475,1.985678793e-05,1.586993156e-05,nan,nan,nan,nan
3340,83.5,1.985678793e-05,1.586993157e-05,nan,nan,nan,nan
3341,83.525,1.985678794e-05,1.586993156e-05,nan,nan,nan,nan
3342,83.55,1.985678796e-05,1.586993155e-05,nan,nan,nan,nan
3343,83.575,1.985678796e-05,1.586993155e-05,nan,nan,nan,nan
3344,83.6,1.985678796e-05,1.586993156e-05,nan,nan,nan,nan
3345,83.625,1.985678795e-05,1.586993157e-05,nan,nan,nan,nan
3346,83.65,1.985678795e-05,1.586993157e-05,nan,nan,nan,nan
3347,83.675,1.985678795e-05,1.586993156e-05,nan,nan,nan,nan
3348,83.7,1.985678796e-05,1.586993155e-05,nan,nan,nan,nan
3349,83.725,1.985678795e-05,1.586993155e-05,nan,nan,nan,nan
3350,83.75,1.985678796e-05,1.586993156e-05,nan,nan,nan,nan
3351,83.775,1.985678796e-05,1.586993156e-05,nan,nan,nan,nan
3352,83.8,1.985678797e-05,1.586993156e-05,nan,nan,nan,nan
3353,83.825,1.985678797e-05,1.586993156e-05,nan,nan,nan,nan
3354,83.85,1.985678796e-05,1.586993156e-05,nan,nan,nan,nan
3355,83.875,1.985678795e-05,1.586993156e-05,nan,nan,nan,nan
3356,83.9,1.985678796e-05,1.586993156e-05,nan,nan,nan,nan
3357,83.925,1.985678798e-05,1.586993156e-05,nan,nan,nan,nan
3358,83.95,1.985678799e-05,1.586993155e-05,nan,nan,nan,nan
3359,83.975,1.985678798e-05,1.586993155e-05,nan,nan,nan,nan
3360,84,1.985678797e-05,1.586993156e-05,nan,nan,nan,nan
3361,84.025,1.985678796e-05,1.586993157e-05,nan,nan,nan,nan
3362,84.05,1.985678796e-05,1.586993157e-05,nan,nan,nan,nan
3363,84.075,1.985678798e-05,1.586993156e-05,nan,nan,nan,nan
3364,84.1,1.985678799e-05,1.586993155e-05,nan,nan,nan,nan
3365,84.125,1.985678798e-05,1.586993155e-05,nan,nan,nan,nan
3366,84.15,1.985678798e-05,1.586993156e-05,nan,nan,nan,nan
3367,84.175,1.985678797e-05,1.586993157e-05,nan,nan,nan,nan
3368,84.2,1.985678798e-05,1.586993157e-05,nan,nan,nan,nan
3369,84.225,1.985678798e-05,1.586993156e-05,nan,nan,nan,nan
3370,84.25,1.985678797e-05,1.586993155e-05,nan,nan,nan,nan
3371,84.275,1.985678797e-05,1.586993155e-05,nan,nan,nan,nan
3372,84.3,1.985678798e-05,1.586993156e-05,nan,nan,nan,nan
3373,84.325,1.985678799e-05,1.586993157e-05,nan,nan,nan,nan
3374,84.35,1.985678799e-05,1.586993157e-05,nan,nan,nan,nan
3375,84.375,1.985678797e-05,1.586993156e-05,nan,nan,nan,nan
3376,84.4,1.985678796e-05,1.586993156e-05,nan,nan,nan,nan
3377,84.425,1.985678797e-05,1.586993156e-05,nan,nan,nan,nan
3378,84.45,1.985678798e-05,1.586993157e-05,nan,nan,nan,nan
3379,84.475,1.985678799e-05,1.586993156e-05,nan,nan,nan,nan
3380,84.5,1.985678799e-05,1.586993156e-05,nan,nan,nan,nan
3381,84.525,1.985678797e-05,1.586993156e-05,nan,nan,nan,nan
3382,84.55,1.985678796e-05,1.586993157e-05,nan,nan,nan,nan
3383,84.575,1.985678796e-05,1.586993158e-05,nan,nan,nan,nan
3384,84.6,1.985678797e-05,1.586993158e-05,nan,nan,nan,nan
3385,84.625,1.985678798e-05,1.586993156e-05,nan,nan,nan,nan
3386,84.65,1.985678797e-05,1.586993155e-05,nan,nan,nan,nan
3387,84.675,1.985678797e-05,1.586993155e-05,nan,nan,nan,nan
3388,84.7,1.985678797e-05,1.586993157e-05,nan,nan,nan,nan
3389,84.725,1.985678796e-05,1.586993158e-05,nan,nan,nan,nan
3390,84.75,1.985678796e-05,1.586993158e-05,nan,nan,nan,nan
3391,84.775,1.985678796e-05,1.586993156e-05,nan,nan,nan,nan
3392,84.8,1.985678795e-05,1.586993155e-05,nan,nan,nan,nan
3393,84.825,1.985678796e-05,1.586993156e-05,nan,nan,nan,nan
3394,84.85,1.985678797e-05,1.586993157e-05,nan,nan,nan,nan
3395,84.875,1.985678797e-05,1.586993157e-05,nan,nan,nan,nan
3396,84.9,1.985678795e-05,1.586993157e-05,nan,nan,nan,nan
3397,84.925,1.985678794e-05,1.586993157e-05,nan,nan,nan,nan
3398,84.95,1.985678794e-05,1.586993156e-05,nan,nan,nan,nan
3399,84.975,1.985678795e-05,1.586993157e-05,nan,nan,nan,nan
3400,85,1.985678796e-05,1.586993156e-05,nan,nan,nan,nan
3401,85.025,1.985678796e-05,1.586993156e-05,nan,nan,nan,nan
3402,85.05,1.985678795e-05,1.586993156e-05,nan,nan,nan,nan
3403,85.075,1.985678794e-05,1.586993156e-05,nan,nan,nan,nan
3404,85.1,1.985678794e-05,1.586993158e-05,nan,nan,nan,nan
3405,85.125,1.985678794e-05,1.586993158e-05,nan,nan,nan,nan
3406,85.15,1.985678794e-05,1.586993156e-05,nan,nan,nan,nan
3407,85.175,1.985678794e-05,1.586993155e-05,nan,nan,nan,nan
3408,85.2,1.985678794e-05,1.586993155e-05,nan,nan,nan,nan
3409,85.225,1.985678794e-05,1.586993156e-05,nan,nan,nan,nan
3410,85.25,1.985678794e-05,1.586993158e-05,nan,nan,nan,nan
3411,85.275,1.985678794e-05,1.586993158e-05,nan,nan,nan,nan
3412,85.3,1.985678793e-05,1.586993157e-05,nan,nan,nan,nan
3413,85.325,1.985678793e-05,1.586993155e-05,nan,nan,nan,nan
3414,85.35,1.985678793e-05,1.586993155e-05,nan,nan,nan,nan
3415,85.375,1.985678794e-05,1.586993156e-05,nan,nan,nan,nan
3416,85.4,1.985678794e-05,1.586993157e-05,nan,nan,nan,nan
3417,85.425,1.985678793e-05,1.586993157e-05,nan,nan,nan,nan
3418,85.45,1.985678792e-05,1.586993157e-05,nan,nan,nan,nan
3419,85.475,1.985678792e-05,1.586993156e-05,nan,nan,nan,nan
3420,85.5,1.985678793e-05,1.586993156e-05,nan,nan,nan,nan
3421,85.525,1.985678794e-05,1.586993156e-05,nan,nan,nan,nan
3422,85.55,1.985678793e-05,1.586993155e-05,nan,nan,nan,nan
3423,85.575,1.985678793e-05,1.586993155e-05,nan,nan,nan,nan
3424,85.6,1.985678792e-05,1.586993156e-05,nan,nan,nan,nan
3425,85.625,1.985678793e-05,1.586993157e-05,nan,nan,nan,nan
3426,85.65,1.985678793e-05,1.586993158e-05,nan,nan,nan,nan
3427,85.675,1.985678793e-05,1.586993157e-05,nan,nan,nan,nan
3428,85.7,1.985678793e-05,1.586993155e-05,nan,nan,nan,nan
3429,85.725,1.985678793e-05,1.586993154e-05,nan,nan,nan,nan
3430,85.75,1.985678793e-05,1.586993155e-05,nan,nan,nan,nan
3431,85.775,1.985678794e-05,1.586993156e-05,nan,nan,nan,nan
3432,85.8,1.985678793e-05,1.586993157e-05,nan,nan,nan,nan
3433,85.825,1.985678793e-05,1.586993157e-05,nan,nan,nan,nan
3434,85.85,1.985678793e-05,1.586993156e-05,nan,nan,nan,nan
3435,85.875,1.985678794e-05,1.586993155e-05,nan,nan,nan,nan
3436,85.9,1.985678794e-05,1.586993155e-05,nan,nan,nan,nan
3437,85.925,1.985678794e-05,1.586993155e-05,nan,nan,nan,nan
3438,85.95,1.985678794e-05,1.586993156e-05,nan,nan,nan,nan
3439,85.975,1.985678793e-05,1.586993156e-05,nan,nan,nan,nan
3440,86,1.985678794e-05,1.586993156e-05,nan,nan,nan,nan
3441,86.025,1.985678795e-05,1.586993156e-05,nan,nan,nan,nan
3442,86.05,1.985678795e-05,1.586993155e-05,nan,nan,nan,nan
3443,86.075,1.985678795e-05,1.586993155e-05,nan,nan,nan,nan
3444,86.1,1.985678794e-05,1.586993155e-05,nan,nan,nan,nan
3445,86.125,1.985678794e-05,1.586993156e-05,nan,nan,nan,nan
3446,86.15,1.985678795e-05,1.586993157e-05,nan,nan,nan,nan
3447,86.175,1.985678795e-05,1.586993157e-05,nan,nan,nan,nan
3448,86.2,1.985678796e-05,1.586993156e-05,nan,nan,nan,nan
3449,86.225,1.985678795e-05,1.586993155e-05,nan,nan,nan,nan
3450,86.25,1.985678795e-05,1.586993155e-05,nan,nan,nan,nan
3451,86.275,1.985678796e-05,1.586993155e-05,nan,nan,nan,nan
3452,86.3,1.985678796e-05,1.586993156e-05,nan,nan,nan,nan
3453,86.325,1.985678796e-05,1.586993156e-05,nan,nan,nan,nan
3454,86.35,1.985678796e-05,1.586993156e-05,nan,nan,nan,nan
3455,86.375,1.985678796e-05,1.586993156e-05,nan,nan,nan,nan
3456,86.4,1.985678797e-05,1.586993156e-05,nan,nan,nan,nan
3457,86.425,1.985678797e-05,1.586993156e-05,nan,nan,nan,nan
3458,86.45,1.985678797e-05,1.586993155e-05,nan,nan,nan,nan
3459,86.475,1.985678796e-05,1.586993155e-05,nan,nan,nan,nan
3460,86.5,1.985678796e-05,1.586993156e-05,nan,nan,nan,nan
3461,86.525,1.985678796e-05,1.586993157e-05,nan,nan,nan,nan
3462,86.55,1.985678797e-05,1.586993157e-05,nan,nan,nan,nan
3463,86.575,1.985678798e-05,1.586993156e-05,nan,nan,nan,nan
3464,86.6,1.985678798e-05,1.586993155e-05,nan,nan,nan,nan
3465,86.625,1.985678797e-05,1.586993155e-05,nan,nan,nan,nan
3466,86.65,1.985678797e-05,1.586993156e-05,nan,nan,nan,nan
3467,86.675,1.985678797e-05,1.586993157e-05,nan,nan,nan,nan
3468,86.7,1.985678797e-05,1.586993157e-05,nan,nan,nan,nan
3469,86.725,1.985678797e-05,1.586993156e-05,nan,nan,nan,nan
3470,86.75,1.985678798e-05,1.586993156e-05,nan,nan,nan,nan
3471,86.775,1.985678798e-05,1.586993155e-05,nan,nan,nan,nan
3472,86.8,1.985678798e-05,1.586993156e-05,nan,nan,nan,nan
3473,86.825,1.985678798e-05,1.586993157e-05,nan,nan,nan,nan
3474,86.85,1.985678797e-05,1.586993156e-05,nan,nan,nan,nan
3475,86.875,1.985678797e-05,1.586993156e-05,nan,nan,nan,nan
3476,86.9,1.985678797e-05,1.586993156e-05,nan,nan,nan,nan
3477,86.925,1.985678798e-05,1.586993157e-05,nan,nan,nan,nan
3478,86.95,1.985678799e-05,1.586993157e-05,nan,nan,nan,nan
3479,86.975,1.985678798e-05,1.586993156e-05,nan,nan,nan,nan
3480,87,1.985678797e-05,1.586993155e-05,nan,nan,nan,nan
3481,87.025,1.985678796e-05,1.586993156e-05,nan,nan,nan,nan
3482,87.05,1.985678797e-05,1.586993157e-05,nan,nan,nan,nan
3483,87.075,1.985678798e-05,1.586993158e-05,nan,nan,nan,nan
3484,87.1,1.985678798e-05,1.586993158e-05,nan,nan,nan,nan
3485,87.125,1.985678797e-05,1.586993156e-05,nan,nan,nan,nan
3486,87.15,1.985678797e-05,1.586993154e-05,nan,nan,nan,nan
3487,87.175,1.985678797e-05,1.586993155e-05,nan,nan,nan,nan
3488,87.2,1.985678797e-05,1.586993157e-05,nan,nan,nan,nan
3489,87.225,1.985678797e-05,1.586993159e-05,nan,nan,nan,nan
3490,87.25,1.985678797e-05,1.586993158e-05,nan,nan,nan,nan
3491,87.275,1.985678796e-05,1.586993156e-05,nan,nan,nan,nan
3492,87.3,1.985678796e-05,1.586993155e-05,nan,nan,nan,nan
3493,87.325,1.985678797e-05,1.586993156e-05,nan,nan,nan,nan
3494,87.35,1.985678797e-05,1.586993157e-05,nan,nan,nan,nan
3495,87.375,1.985678796e-05,1.586993157e-05,nan,nan,nan,nan
3496,87.4,1.985678795e-05,1.586993157e-05,nan,nan,nan,nan
3497,87.425,1.985678795e-05,1.586993156e-05,nan,nan,nan,nan
3498,87.45,1.985678796e-05,1.586993156e-05,nan,nan,nan,nan
3499,87.475,1.985678796e-05,1.586993157e-05,nan,nan,nan,nan
3500,87.5,1.985678796e-05,1.586993157e-05,nan,nan,nan,nan
3501,87.525,1.985678795e-05,1.586993156e-05,nan,nan,nan,nan
3502,87.55,1.985678794e-05,1.586993156e-05,nan,nan,nan,nan
3503,87.575,1.985678794e-05,1.586993156e-05,nan,nan,nan,nan
3504,87.6,1.985678795e-05,1.586993158e-05,nan,nan,nan,nan
3505,87.625,1.985678795e-05,1.586993158e-05,nan,nan,nan,nan
3506,87.65,1.985678794e-05,1.586993157e-05,nan,nan,nan,nan
3507,87.675,1.985678794e-05,1.586993155e-05,nan,nan,nan,nan
3508,87.7,1.985678794e-05,1.586993155e-05,nan,nan,nan,nan
3509,87.725,1.985678794e-05,1.586993156e-05,nan,nan,nan,nan
3510,87.75,1.985678794e-05,1.586993158e-05,nan,nan,nan,nan
3511,87.775,1.985678794e-05,1.586993158e-05,nan,nan,nan,nan
3512,87.8,1.985678794e-05,1.586993157e-05,nan,nan,nan,nan
3513,87.825,1.985678794e-05,1.586993155e-05,nan,nan,nan,nan
3514,87.85,1.985678794e-05,1.586993155e-05,nan,nan,nan,nan
3515,87.875,1.985678794e-05,1.586993156e-05,nan,nan,nan,nan
3516,87.9,1.985678793e-05,1.586993157e-05,nan,nan,nan,nan
3517,87.925,1.985678792e-05,1.586993157e-05,nan,nan,nan,nan
3518,87.95,1.985678793e-05,1.586993156e-05,nan,nan,nan,nan
3519,87.975,1.985678794e-05,1.586993156e-05,nan,nan,nan,nan
3520,88,1.985678794e-05,1.586993156e-05,nan,nan,nan,nan
3521,88.025,1.985678793e-05,1.586993156e-05,nan,nan,nan,nan
3522,88.05,1.985678793e-05,1.586993156e-05,nan,nan,nan,nan
3523,88.075,1.985678792e-05,1.586993155e-05,nan,nan,nan,nan
3524,88.1,1.985678793e-05,1.586993155e-05,nan,nan,nan,nan
3525,88.125,1.985678793e-05,1.586993157e-05,nan,nan,nan,nan
3526,88.15,1.985678793e-05,1.586993157e-05,nan,nan,nan,nan
3527,88.175,1.985678793e-05,1.586993157e-05,nan,nan,nan,nan
3528,88.2,1.985678793e-05,1.586993155e-05,nan,nan,nan,nan
3529,88.225,1.985678793e-05,1.586993154e-05,nan,nan,nan,nan
3530,88.25,1.985678793e-05,1.586993155e-05,nan,nan,nan,nan
3531,88.275,1.985678793e-05,1.586993156e-05,nan,nan,nan,nan
3532,88.3,1.985678793e-05,1.586993157e-05,nan,nan,nan,nan
3533,88.325,1.985678793e-05,1.586993157e-05,nan,nan,nan,nan
3534,88.35,1.985678794e-05,1.586993156e-05,nan,nan,nan,nan
3535,88.375,1.985678794e-05,1.586993155e-05,nan,nan,nan,nan
3536,88.4,1.985678793e-05,1.586993155e-05,nan,nan,nan,nan
3537,88.425,1.985678792e-05,1.586993156e-05,nan,nan,nan,nan
3538,88.45,1.985678792e-05,1.586993156e-05,nan,nan,nan,nan
3539,88.475,1.985678793e-05,1.586993156e-05,nan,nan,nan,nan
3540,88.5,1.985678795e-05,1.586993156e-05,nan,nan,nan,nan
3541,88.525,1.985678795e-05,1.586993156e-05,nan,nan,nan,nan
3542,88.55,1.985678794e-05,1.586993156e-05,nan,nan,nan,nan
3543,88.575,1.985678793e-05,1.586993155e-05,nan,nan,nan,nan
3544,88.6,1.985678793e-05,1.586993155e-05,nan,nan,nan,nan
3545,88.625,1.985678794e-05,1.586993155e-05,nan,nan,nan,nan
3546,88.65,1.985678795e-05,1.586993156e-05,nan,nan,nan,nan
3547,88.675,1.985678795e-05,1.586993156e-05,nan,nan,nan,nan
3548,88.7,1.985678795e-05,1.586993156e-05,nan,nan,nan,nan
3549,88.725,1.985678795e-05,1.586993156e-05,nan,nan,nan,nan
3550,88.75,1.985678795e-05,1.586993155e-05,nan,nan,nan,nan
3551,88.775,1.985678795e-05,1.586993155e-05,nan,nan,nan,nan
3552,88.8,1.985678795e-05,1.586993155e-05,nan,nan,nan,nan
3553,88.825,1.985678794e-05,1.586993156e-05,nan,nan,nan,nan
3554,88.85,1.985678795e-05,1.586993156e-05,nan,nan,nan,nan
3555,88.875,1.985678797e-05,1.586993156e-05,nan,nan,nan,nan
3556,88.9,1.985678798e-05,1.586993156e-05,nan,nan,nan,nan
3557,88.925,1.985678797e-05,1.586993156e-05,nan,nan,nan,nan
3558,88.95,1.985678795e-05,1.586993155e-05,nan,nan,nan,nan
3559,88.975,1.985678795e-05,1.586993155e-05,nan,nan,nan,nan
3560,89,1.985678796e-05,1.586993155e-05,nan,nan,nan,nan
3561,89.025,1.985678798e-05,1.586993156e-05,nan,nan,nan,nan
3562,89.05,1.985678798e-05,1.586993157e-05,nan,nan,nan,nan
3563,89.075,1.985678798e-05,1.586993157e-05,nan,nan,nan,nan
3564,89.1,1.985678796e-05,1.586993156e-05,nan,nan,nan,nan
3565,89.125,1.985678796e-05,1.586993155e-05,nan,nan,nan,nan
3566,89.15,1.985678797e-05,1.586993155e-05,nan,nan,nan,nan
3567,89.175,1.985678798e-05,1.586993156e-05,nan,nan,nan,nan
3568,89.2,1.985678798e-05,1.586993156e-05,nan,nan,nan,nan
3569,89.225,1.985678798e-05,1.586993157e-05,nan,nan,nan,nan
3570,89.25,1.985678797e-05,1.586993157e-05,nan,nan,nan,nan
3571,89.275,1.985678798e-05,1.586993156e-05,nan,nan,nan,nan
3572,89.3,1.985678798e-05,1.586993156e-05,nan,nan,nan,nan
3573,89.325,1.985678797e-05,1.586993156e-05,nan,nan,nan,nan
3574,89.35,1.985678797e-05,1.586993156e-05,nan,nan,nan,nan
3575,89.375,1.985678797e-05,1.586993156e-05,nan,nan,nan,nan
3576,89.4,1.985678798e-05,1.586993156e-05,nan,nan,nan,nan
3577,89.425,1.985678799e-05,1.586993157e-05,nan,nan,nan,nan
3578,89.45,1.985678799e-05,1.586993157e-05,nan,nan,nan,nan
3579,89.475,1.985678797e-05,1.586993156e-05,nan,nan,nan,nan
3580,89.5,1.985678796e-05,1.586993156e-05,nan,nan,nan,nan
3581,89.525,1.985678797e-05,1.586993156e-05,nan,nan,nan,nan
3582,89.55,1.985678798e-05,1.586993156e-05,nan,nan,nan,nan
3583,89.575,1.985678799e-05,1.586993157e-05,nan,nan,nan,nan
3584,89.6,1.985678798e-05,1.586993157e-05,nan,nan,nan,nan
3585,89.625,1.985678797e-05,1.586993156e-05,nan,nan,nan,nan
3586,89.65,1.985678797e-05,1.586993156e-05,nan,nan,nan,nan
3587,89.675,1.985678797e-05,1.586993156e-05,nan,nan,nan,nan
3588,89.7,1.985678797e-05,1.586993156e-05,nan,nan,nan,nan
3589,89.725,1.985678797e-05,1.586993156e-05,nan,nan,nan,nan
3590,89.75,1.985678797e-05,1.586993157e-05,nan,nan,nan,nan
3591,89.775,1.985678797e-05,1.586993157e-05,nan,nan,nan,nan
3592,89.8,1.985678797e-05,1.586993157e-05,nan,nan,nan,nan
3593,89.825,1.985678797e-05,1.586993157e-05,nan,nan,nan,nan
3594,89.85,1.985678796e-05,1.586993157e-05,nan,nan,nan,nan
3595,89.875,1.985678795e-05,1.586993156e-05,nan,nan,nan,nan
3596,89.9,1.985678795e-05,1.586993156e-05,nan,nan,nan,nan
3597,89.925,1.985678796e-05,1.586993156e-05,nan,nan,nan,nan
3598,89.95,1.985678797e-05,1.586993157e-05,nan,nan,nan,nan
3599,89.975,1.985678797e-05,1.586993157e-05,nan,nan,nan,nan
3600,90,1.985678795e-05,1.586993157e-05,nan,nan,nan,nan
