n,t,maxE_SF,maxH_SF,W_total,W_phys,divE_TF,divH_TF
1,0.025,0.000000000e+00,0.000000000e+00,nan,nan,nan,nan
2,0.05,0.000000000e+00,0.000000000e+00,nan,nan,nan,nan
3,0.075,0.000000000e+00,0.000000000e+00,nan,nan,nan,nan
4,0.1,0.000000000e+00,0.000000000e+00,nan,nan,nan,nan
5,0.125,0.000000000e+00,0.000000000e+00,nan,nan,nan,nan
6,0.15,0.000000000e+00,0.000000000e+00,nan,nan,nan,nan
7,0.175,0.000000000e+00,0.000000000e+00,nan,nan,nan,nan
8,0.2,0.000000000e+00,0.000000000e+00,nan,nan,nan,nan
9,0.225,0.000000000e+00,0.000000000e+00,nan,nan,nan,nan
10,0.25,0.000000000e+00,0.000000000e+00,nan,nan,nan,nan
11,0.275,0.000000000e+00,0.000000000e+00,nan,nan,nan,nan
12,0.3,0.000000000e+00,0.000000000e+00,nan,nan,nan,nan
13,0.325,0.000000000e+00,0.000000000e+00,nan,nan,nan,nan
14,0.35,0.000000000e+00,0.000000000e+00,nan,nan,nan,nan
15,0.375,0.000000000e+00,0.000000000e+00,nan,nan,nan,nan
16,0.4,0.000000000e+00,0.000000000e+00,nan,nan,nan,nan
17,0.425,0.000000000e+00,0.000000000e+00,nan,nan,nan,nan
18,0.45,0.000000000e+00,0.000000000e+00,nan,nan,nan,nan
19,0.475,0.000000000e+00,0.000000000e+00,nan,nan,nan,nan
20,0.5,0.000000000e+00,0.000000000e+00,nan,nan,nan,nan
21,0.525,0.000000000e+00,0.000000000e+00,nan,nan,nan,nan
22,0.55,0.000000000e+00,0.000000000e+00,nan,nan,nan,nan
23,0.575,0.000000000e+00,0.000000000e+00,nan,nan,nan,nan
24,0.6,0.000000000e+00,0.000000000e+00,nan,nan,nan,nan
25,0.625,0.000000000e+00,0.000000000e+00,nan,nan,nan,nan
26,0.65,0.000000000e+00,0.000000000e+00,nan,nan,nan,nan
27,0.675,0.000000000e+00,0.000000000e+00,nan,nan,nan,nan
28,0.7,0.000000000e+00,0.000000000e+00,nan,nan,nan,nan
29,0.725,0.000000000e+00,0.000000000e+00,nan,nan,nan,nan
30,0.75,0.000000000e+00,0.000000000e+00,nan,nan,nan,nan
31,0.775,0.000000000e+00,0.000000000e+00,nan,nan,nan,nan
32,0.8,0.000000000e+00,0.000000000e+00,nan,nan,nan,nan
33,0.825,0.000000000e+00,0.000000000e+00,nan,nan,nan,nan
34,0.85,0.000000000e+00,0.000000000e+00,nan,nan,nan,nan
35,0.875,0.000000000e+00,0.000000000e+00,nan,nan,nan,nan
36,0.9,0.000000000e+00,0.000000000e+00,nan,nan,nan,nan
37,0.925,0.000000000e+00,0.000000000e+00,nan,nan,nan,nan
38,0.95,0.000000000e+00,0.000000000e+00,nan,nan,nan,nan
39,0.975,0.000000000e+00,0.000000000e+00,nan,nan,nan,nan
40,1,0.000000000e+00,0.000000000e+00,nan,nan,nan,nan
41,1.025,0.000000000e+00,0.000000000e+00,nan,nan,nan,nan
42,1.05,0.000000000e+00,0.000000000e+00,nan,nan,nan,nan
43,1.075,6.681911775e-52,1.336382355e-51,nan,nan,nan,nan
44,1.1,2.154916548e-50,4.276423536e-50,nan,nan,nan,nan
45,1.125,6.894897713e-49,1.368455532e-48,nan,nan,nan,nan
46,1.15,1.146255864e-47,2.189528851e-47,nan,nan,nan,nan
47,1.175,9.281837399e-47,1.751623080e-46,nan,nan,nan,nan
48,1.2,1.443877278e-45,2.802596929e-45,nan,nan,nan,nan
49,1.225,1.151540291e-44,2.242077543e-44,nan,nan,nan,nan
50,1.25,9.722057126e-44,1.793662034e-43,nan,nan,nan,nan
51,1.275,6.729752426e-43,1.434929627e-42,nan,nan,nan,nan
52,1.3,2.732596042e-42,5.739718510e-42,nan,nan,nan,nan
53,1.325,2.329242740e-41,4.591774808e-41,nan,nan,nan,nan
54,1.35,1.777199131e-40,3.673419846e-40,nan,nan,nan,nan
55,1.375,4.251088588e-40,7.346839693e-40,nan,nan,nan,nan
56,1.4,3.042216951e-39,5.877471754e-39,nan,nan,nan,nan
57,1.425,1.198755199e-38,2.350988702e-38,nan,nan,nan,nan
58,1.45,7.344535208e-38,1.410593221e-37,nan,nan,nan,nan
59,1.475,2.010756701e-37,3.761581923e-37,nan,nan,nan,nan
60,1.5,7.433062641e-37,1.504632769e-36,nan,nan,nan,nan
61,1.525,1.441007373e-36,3.009265538e-36,nan,nan,nan,nan
62,1.55,6.908246142e-36,1.203706215e-35,nan,nan,nan,nan
63,1.575,2.056869728e-35,4.814824861e-35,nan,nan,nan,nan
64,1.6,9.835925671e-35,1.925929944e-34,nan,nan,nan,nan
65,1.625,2.328296177e-34,3.851859889e-34,nan,nan,nan,nan
66,1.65,4.375662228e-34,7.703719778e-34,nan,nan,nan,nan
67,1.675,1.528402387e-33,3.081487911e-33,nan,nan,nan,nan
68,1.7,3.598970441e-33,6.162975822e-33,nan,nan,nan,nan
69,1.725,4.688231807e-33,9.244463733e-33,nan,nan,nan,nan
70,1.75,1.515858022e-32,2.465190329e-32,nan,nan,nan,nan
71,1.775,2.541654569e-32,4.930380658e-32,nan,nan,nan,nan
72,1.8,6.222955996e-32,1.479114197e-31,nan,nan,nan,nan
73,1.825,9.195884391e-32,2.157041538e-31,nan,nan,nan,nan
74,1.85,1.555551925e-31,3.944304526e-31,nan,nan,nan,nan
75,1.875,3.276952600e-31,7.888609052e-31,nan,nan,nan,nan
76,1.9,7.759569232e-31,1.577721810e-30,nan,nan,nan,nan
77,1.925,6.436063999e-31,2.366582716e-30,nan,nan,nan,nan
78,1.95,1.427777815e-30,3.254051234e-30,nan,nan,nan,nan
79,1.975,2.324133093e-30,6.310887242e-30,nan,nan,nan,nan
80,2,3.365349659e-30,9.466330863e-30,nan,nan,nan,nan
81,2.025,3.693853334e-30,1.341063539e-29,nan,nan,nan,nan
82,2.05,4.849586061e-30,1.735493991e-29,nan,nan,nan,nan
83,2.075,7.721298518e-30,2.366582716e-29,nan,nan,nan,nan
84,2.1,6.422003858e-30,2.839899259e-29,nan,nan,nan,nan
85,2.125,6.501417987e-30,3.470987983e-29,nan,nan,nan,nan
86,2.15,9.850800033e-30,3.786532345e-29,nan,nan,nan,nan
87,2.175,9.594258635e-30,3.786532345e-29,nan,nan,nan,nan
88,2.2,1.603680098e-29,3.786532345e-29,nan,nan,nan,nan
89,2.225,2.101562380e-29,5.048709793e-29,nan,nan,nan,nan
90,2.25,3.637576258e-29,6.310887242e-29,nan,nan,nan,nan
91,2.275,2.943949730e-29,1.009741959e-28,nan,nan,nan,nan
92,2.3,4.225139199e-29,1.262177448e-28,nan,nan,nan,nan
93,2.325,4.663653957e-29,1.514612938e-28,nan,nan,nan,nan
94,2.35,4.615919441e-29,1.767048428e-28,nan,nan,nan,nan
95,2.375,4.818370813e-29,1.767048428e-28,nan,nan,nan,nan
96,2.4,7.372485786e-29,1.767048428e-28,nan,nan,nan,nan
97,2.425,9.042897980e-29,2.019483917e-28,nan,nan,nan,nan
98,2.45,5.611493386e-29,2.524354897e-28,nan,nan,nan,nan
99,2.475,9.772555331e-29,2.524354897e-28,nan,nan,nan,nan
100,2.5,9.798659465e-29,1.514612938e-28,nan,nan,nan,nan
101,2.525,1.006651987e-28,2.019483917e-28,nan,nan,nan,nan
102,2.55,1.117544639e-28,2.524354897e-28,nan,nan,nan,nan
103,2.575,1.150445795e-28,2.271919407e-28,nan,nan,nan,nan
104,2.6,1.006435020e-28,2.271919407e-28,nan,nan,nan,nan
105,2.625,9.333570458e-29,2.524354897e-28,nan,nan,nan,nan
106,2.65,1.070209466e-28,2.776790386e-28,nan,nan,nan,nan
107,2.675,1.062895170e-28,3.534096855e-28,nan,nan,nan,nan
108,2.7,1.043161335e-28,3.534096855e-28,nan,nan,nan,nan
109,2.725,1.124737048e-28,3.534096855e-28,nan,nan,nan,nan
110,2.75,1.080618062e-28,3.534096855e-28,nan,nan,nan,nan
111,2.775,1.412246639e-28,3.534096855e-28,nan,nan,nan,nan
112,2.8,1.056143472e-28,3.534096855e-28,nan,nan,nan,nan
113,2.825,1.327246088e-28,4.038967835e-28,nan,nan,nan,nan
114,2.85,1.437862565e-28,3.534096855e-28,nan,nan,nan,nan
115,2.875,1.782669699e-28,4.038967835e-28,nan,nan,nan,nan
116,2.9,2.093928545e-28,4.038967835e-28,nan,nan,nan,nan
117,2.925,2.514782709e-28,3.534096855e-28,nan,nan,nan,nan
118,2.95,2.631719783e-28,4.291403324e-28,nan,nan,nan,nan
119,2.975,2.039617860e-28,4.543838814e-28,nan,nan,nan,nan
120,3,2.304932166e-28,5.553580773e-28,nan,nan,nan,nan
121,3.025,3.297542138e-28,6.058451752e-28,nan,nan,nan,nan
122,3.05,3.008286917e-28,6.058451752e-28,nan,nan,nan,nan
123,3.075,2.050089220e-28,7.068193711e-28,nan,nan,nan,nan
124,3.1,2.451250391e-28,8.077935669e-28,nan,nan,nan,nan
125,3.125,2.438350798e-28,9.087677628e-28,nan,nan,nan,nan
126,3.15,3.556246508e-28,1.110716155e-27,nan,nan,nan,nan
127,3.175,3.451477919e-28,1.211690350e-27,nan,nan,nan,nan
128,3.2,3.551155252e-28,1.009741959e-27,nan,nan,nan,nan
129,3.225,4.236262679e-28,1.009741959e-27,nan,nan,nan,nan
130,3.25,5.031849903e-28,1.211690350e-27,nan,nan,nan,nan
131,3.275,5.646018263e-28,1.413638742e-27,nan,nan,nan,nan
132,3.3,6.076368941e-28,1.413638742e-27,nan,nan,nan,nan
133,3.325,5.125629802e-28,1.211690350e-27,nan,nan,nan,nan
134,3.35,4.970744148e-28,1.009741959e-27,nan,nan,nan,nan
135,3.375,4.879071242e-28,1.211690350e-27,nan,nan,nan,nan
136,3.4,6.437740556e-28,1.211690350e-27,nan,nan,nan,nan
137,3.425,4.381114264e-28,1.413638742e-27,nan,nan,nan,nan
138,3.45,4.734228574e-28,1.615587134e-27,nan,nan,nan,nan
139,3.475,6.867152227e-28,2.221432309e-27,nan,nan,nan,nan
140,3.5,6.356509339e-28,2.221432309e-27,nan,nan,nan,nan
141,3.525,6.211556704e-28,2.221432309e-27,nan,nan,nan,nan
142,3.55,7.005367683e-28,2.423380701e-27,nan,nan,nan,nan
143,3.575,7.204677746e-28,2.827277484e-27,nan,nan,nan,nan
144,3.6,7.834562516e-28,2.827277484e-27,nan,nan,nan,nan
145,3.625,1.244830394e-27,3.231174268e-27,nan,nan,nan,nan
146,3.65,1.122135887e-27,3.231174268e-27,nan,nan,nan,nan
147,3.675,9.077817093e-28,3.635071051e-27,nan,nan,nan,nan
148,3.7,9.509429853e-28,3.635071051e-27,nan,nan,nan,nan
149,3.725,1.308035490e-27,3.635071051e-27,nan,nan,nan,nan
150,3.75,1.339307455e-27,4.038967835e-27,nan,nan,nan,nan
151,3.775,1.010688737e-27,4.442864618e-27,nan,nan,nan,nan
152,3.8,1.682908220e-27,4.442864618e-27,nan,nan,nan,nan
153,3.825,1.442965872e-27,4.442864618e-27,nan,nan,nan,nan
154,3.85,1.710664353e-27,4.846761402e-27,nan,nan,nan,nan
155,3.875,1.933339872e-27,4.846761402e-27,nan,nan,nan,nan
156,3.9,1.589124857e-27,4.038967835e-27,nan,nan,nan,nan
157,3.925,1.594634099e-27,4.846761402e-27,nan,nan,nan,nan
158,3.95,2.324137797e-27,6.462348536e-27,nan,nan,nan,nan
159,3.975,3.131079657e-27,5.654554969e-27,nan,nan,nan,nan
160,4,1.765895343e-27,7.270142103e-27,nan,nan,nan,nan
161,4.025,3.235678807e-27,7.270142103e-27,nan,nan,nan,nan
162,4.05,3.176951107e-27,7.270142103e-27,nan,nan,nan,nan
163,4.075,2.955378799e-27,7.270142103e-27,nan,nan,nan,nan
164,4.1,2.798840945e-27,8.077935669e-27,nan,nan,nan,nan
165,4.125,3.088208456e-27,7.270142103e-27,nan,nan,nan,nan
166,4.15,2.910349569e-27,8.885729236e-27,nan,nan,nan,nan
167,4.175,3.505955231e-27,7.270142103e-27,nan,nan,nan,nan
168,4.2,4.424438851e-27,9.693522803e-27,nan,nan,nan,nan
169,4.225,4.300513967e-27,1.292469707e-26,nan,nan,nan,nan
170,4.25,3.929675472e-27,1.454028421e-26,nan,nan,nan,nan
171,4.275,5.529137740e-27,1.130910994e-26,nan,nan,nan,nan
172,4.3,5.393790261e-27,9.693522803e-27,nan,nan,nan,nan
173,4.325,3.966364781e-27,1.130910994e-26,nan,nan,nan,nan
174,4.35,4.799135145e-27,1.292469707e-26,nan,nan,nan,nan
175,4.375,5.675290320e-27,1.454028421e-26,nan,nan,nan,nan
176,4.4,7.271393124e-27,1.454028421e-26,nan,nan,nan,nan
177,4.425,7.033425542e-27,1.454028421e-26,nan,nan,nan,nan
178,4.45,6.895002529e-27,1.454028421e-26,nan,nan,nan,nan
179,4.475,6.638908184e-27,1.777145847e-26,nan,nan,nan,nan
180,4.5,8.365279880e-27,2.423380701e-26,nan,nan,nan,nan
181,4.525,5.443237490e-27,2.584939414e-26,nan,nan,nan,nan
182,4.55,8.815873583e-27,2.584939414e-26,nan,nan,nan,nan
183,4.575,1.061949320e-26,3.231174268e-26,nan,nan,nan,nan
184,4.6,9.657037572e-27,3.554291695e-26,nan,nan,nan,nan
185,4.625,8.843182591e-27,2.908056841e-26,nan,nan,nan,nan
186,4.65,8.448589819e-27,2.908056841e-26,nan,nan,nan,nan
187,4.675,8.308523837e-27,4.200526548e-26,nan,nan,nan,nan
188,4.7,1.258996925e-26,5.169878828e-26,nan,nan,nan,nan
189,4.725,1.607915621e-26,4.523643975e-26,nan,nan,nan,nan
190,4.75,1.483193580e-26,3.877409121e-26,nan,nan,nan,nan
191,4.775,1.357811250e-26,3.877409121e-26,nan,nan,nan,nan
192,4.8,1.788895215e-26,5.169878828e-26,nan,nan,nan,nan
193,4.825,1.642422329e-26,6.462348536e-26,nan,nan,nan,nan
194,4.85,1.992766154e-26,5.816113682e-26,nan,nan,nan,nan
195,4.875,1.659120236e-26,4.523643975e-26,nan,nan,nan,nan
196,4.9,1.691118417e-26,3.877409121e-26,nan,nan,nan,nan
197,4.925,2.118908163e-26,4.523643975e-26,nan,nan,nan,nan
198,4.95,2.535945648e-26,4.523643975e-26,nan,nan,nan,nan
199,4.975,1.901276307e-26,5.169878828e-26,nan,nan,nan,nan
200,5,2.160678616e-26,6.139231109e-26,nan,nan,nan,nan
201,5.025,2.087250405e-26,5.816113682e-26,nan,nan,nan,nan
202,5.05,2.354477025e-26,6.462348536e-26,nan,nan,nan,nan
203,5.075,2.891289937e-26,7.108583389e-26,nan,nan,nan,nan
204,5.1,2.450810438e-26,7.754818243e-26,nan,nan,nan,nan
205,5.125,3.118845562e-26,9.047287950e-26,nan,nan,nan,nan
206,5.15,3.209198978e-26,9.047287950e-26,nan,nan,nan,nan
207,5.175,3.005263950e-26,1.033975766e-25,nan,nan,nan,nan
208,5.2,3.733191774e-26,9.047287950e-26,nan,nan,nan,nan
209,5.225,4.639580057e-26,9.047287950e-26,nan,nan,nan,nan
210,5.25,3.000571251e-26,9.047287950e-26,nan,nan,nan,nan
211,5.275,4.410746538e-26,1.033975766e-25,nan,nan,nan,nan
212,5.3,4.242504299e-26,1.163222736e-25,nan,nan,nan,nan
213,5.325,4.263239183e-26,9.047287950e-26,nan,nan,nan,nan
214,5.35,5.157309620e-26,9.047287950e-26,nan,nan,nan,nan
215,5.375,4.701096288e-26,1.163222736e-25,nan,nan,nan,nan
216,5.4,5.491279313e-26,1.292469707e-25,nan,nan,nan,nan
217,5.425,5.149573101e-26,1.680210619e-25,nan,nan,nan,nan
218,5.45,5.281374732e-26,1.680210619e-25,nan,nan,nan,nan
219,5.475,7.177287561e-26,1.809457590e-25,nan,nan,nan,nan
220,5.5,6.929447159e-26,1.809457590e-25,nan,nan,nan,nan
221,5.525,6.072855041e-26,1.809457590e-25,nan,nan,nan,nan
222,5.55,7.541358327e-26,2.326445473e-25,nan,nan,nan,nan
223,5.575,6.781008022e-26,2.584939414e-25,nan,nan,nan,nan
224,5.6,1.021776670e-25,2.326445473e-25,nan,nan,nan,nan
225,5.625,8.848540894e-26,2.843433356e-25,nan,nan,nan,nan
226,5.65,9.605542315e-26,3.101927297e-25,nan,nan,nan,nan
227,5.675,8.415735970e-26,3.360421238e-25,nan,nan,nan,nan
228,5.7,8.260264961e-26,3.101927297e-25,nan,nan,nan,nan
229,5.725,1.148882311e-25,3.618915180e-25,nan,nan,nan,nan
230,5.75,1.374870513e-25,4.135903063e-25,nan,nan,nan,nan
231,5.775,1.169712550e-25,4.135903063e-25,nan,nan,nan,nan
232,5.8,1.366031828e-25,3.101927297e-25,nan,nan,nan,nan
233,5.825,2.150536700e-25,3.618915180e-25,nan,nan,nan,nan
234,5.85,2.650836865e-25,4.135903063e-25,nan,nan,nan,nan
235,5.875,1.894383410e-25,4.652890946e-25,nan,nan,nan,nan
236,5.9,2.033016532e-25,4.135903063e-25,nan,nan,nan,nan
237,5.925,1.543769663e-25,4.652890946e-25,nan,nan,nan,nan
238,5.95,1.726543108e-25,5.686866711e-25,nan,nan,nan,nan
239,5.975,2.087367718e-25,7.237830360e-25,nan,nan,nan,nan
240,6,2.024580669e-25,6.720842477e-25,nan,nan,nan,nan
241,6.025,1.909446546e-25,6.203854594e-25,nan,nan,nan,nan
242,6.05,1.857088572e-25,5.686866711e-25,nan,nan,nan,nan
243,6.075,1.753998741e-25,6.203854594e-25,nan,nan,nan,nan
244,6.1,2.118422026e-25,9.305781891e-25,nan,nan,nan,nan
245,6.125,2.539127197e-25,9.305781891e-25,nan,nan,nan,nan
246,6.15,2.984431880e-25,8.271806126e-25,nan,nan,nan,nan
247,6.175,2.619888293e-25,7.237830360e-25,nan,nan,nan,nan
248,6.2,2.964330642e-25,1.033975766e-24,nan,nan,nan,nan
249,6.225,3.136645650e-25,1.033975766e-24,nan,nan,nan,nan
250,6.25,3.253605301e-25,1.033975766e-24,nan,nan,nan,nan
251,6.275,3.580909651e-25,1.033975766e-24,nan,nan,nan,nan
252,6.3,2.989175942e-25,1.137373342e-24,nan,nan,nan,nan
253,6.325,3.202916039e-25,1.033975766e-24,nan,nan,nan,nan
254,6.35,3.282742518e-25,1.033975766e-24,nan,nan,nan,nan
255,6.375,3.206085014e-25,1.033975766e-24,nan,nan,nan,nan
256,6.4,4.516514955e-25,1.344168495e-24,nan,nan,nan,nan
257,6.425,5.951504185e-25,1.654361225e-24,nan,nan,nan,nan
258,6.45,6.203789341e-25,1.654361225e-24,nan,nan,nan,nan
259,6.475,5.519632594e-25,1.240770919e-24,nan,nan,nan,nan
260,6.5,5.857084657e-25,1.654361225e-24,nan,nan,nan,nan
261,6.525,5.474144262e-25,1.654361225e-24,nan,nan,nan,nan
262,6.55,7.028973807e-25,1.861156378e-24,nan,nan,nan,nan
263,6.575,7.226326591e-25,1.861156378e-24,nan,nan,nan,nan
264,6.6,7.568266517e-25,2.274746685e-24,nan,nan,nan,nan
265,6.625,8.700983446e-25,2.067951531e-24,nan,nan,nan,nan
266,6.65,6.675301426e-25,2.067951531e-24,nan,nan,nan,nan
267,6.675,1.206666282e-24,2.481541838e-24,nan,nan,nan,nan
268,6.7,8.889883091e-25,2.481541838e-24,nan,nan,nan,nan
269,6.725,9.547426453e-25,2.895132144e-24,nan,nan,nan,nan
270,6.75,8.400712263e-25,2.481541838e-24,nan,nan,nan,nan
271,6.775,9.943572935e-25,2.481541838e-24,nan,nan,nan,nan
272,6.8,1.255404407e-24,2.481541838e-24,nan,nan,nan,nan
273,6.825,9.526578317e-25,2.895132144e-24,nan,nan,nan,nan
274,6.85,1.128829968e-24,2.584939414e-24,nan,nan,nan,nan
275,6.875,1.264766290e-24,3.101927297e-24,nan,nan,nan,nan
276,6.9,1.196536299e-24,3.308722450e-24,nan,nan,nan,nan
277,6.925,1.712339773e-24,4.135903063e-24,nan,nan,nan,nan
278,6.95,2.139610503e-24,6.203854594e-24,nan,nan,nan,nan
279,6.975,3.628287486e-24,8.271806126e-24,nan,nan,nan,nan
280,7,7.107473420e-24,1.158052858e-23,nan,nan,nan,nan
281,7.025,1.206212630e-23,1.737079286e-23,nan,nan,nan,nan
282,7.05,2.174133115e-23,2.936491175e-23,nan,nan,nan,nan
283,7.075,3.809089224e-23,5.128519798e-23,nan,nan,nan,nan
284,7.1,6.568965135e-23,8.933550616e-23,nan,nan,nan,nan
285,7.125,1.160940118e-22,1.571643164e-22,nan,nan,nan,nan
286,7.15,2.030949669e-22,2.745205658e-22,nan,nan,nan,nan
287,7.175,3.523617887e-22,4.712861540e-22,nan,nan,nan,nan
288,7.2,5.991636204e-22,7.961613396e-22,nan,nan,nan,nan
289,7.225,1.004365737e-21,1.327211293e-21,nan,nan,nan,nan
290,7.25,1.656953148e-21,2.178793733e-21,nan,nan,nan,nan
291,7.275,2.689666108e-21,3.520067097e-21,nan,nan,nan,nan
292,7.3,4.294480192e-21,5.591740941e-21,nan,nan,nan,nan
293,7.325,6.742426303e-21,8.733372907e-21,nan,nan,nan,nan
294,7.35,1.039481491e-20,1.338874539e-20,nan,nan,nan,nan
295,7.375,1.571466165e-20,2.012282276e-20,nan,nan,nan,nan
296,7.4,2.326015874e-20,2.960313976e-20,nan,nan,nan,nan
297,7.425,3.364831016e-20,4.254686199e-20,nan,nan,nan,nan
298,7.45,4.752606961e-20,5.971913150e-20,nan,nan,nan,nan
299,7.475,6.533826265e-20,8.146736417e-20,nan,nan,nan,nan
300,7.5,8.691410554e-20,1.074176743e-19,nan,nan,nan,nan
301,7.525,1.110928789e-19,1.359802209e-19,nan,nan,nan,nan
302,7.55,1.358588613e-19,1.643558246e-19,nan,nan,nan,nan
303,7.575,1.559584864e-19,1.860875137e-19,nan,nan,nan,nan
304,7.6,1.653873131e-19,1.936148573e-19,nan,nan,nan,nan
305,7.625,1.595954037e-19,1.854241148e-19,nan,nan,nan,nan
306,7.65,1.639672641e-19,2.029686156e-19,nan,nan,nan,nan
307,7.675,2.722812966e-19,3.601544387e-19,nan,nan,nan,nan
308,7.7,5.457254496e-19,7.109451929e-19,nan,nan,nan,nan
309,7.725,1.006179339e-18,1.279203384e-18,nan,nan,nan,nan
310,7.75,1.686705228e-18,2.105938974e-18,nan,nan,nan,nan
311,7.775,2.618722615e-18,3.220801423e-18,nan,nan,nan,nan
312,7.8,3.809177642e-18,4.614293044e-18,nan,nan,nan,nan
313,7.825,5.229829711e-18,6.251496889e-18,nan,nan,nan,nan
314,7.85,6.747180233e-18,7.951746785e-18,nan,nan,nan,nan
315,7.875,8.188174795e-18,9.479453424e-18,nan,nan,nan,nan
316,7.9,9.201383302e-18,1.044515370e-17,nan,nan,nan,nan
317,7.925,9.418775531e-18,1.048449110e-17,nan,nan,nan,nan
318,7.95,8.811889535e-18,9.739585183e-18,nan,nan,nan,nan
319,7.975,9.160593910e-18,1.097342681e-17,nan,nan,nan,nan
320,8,1.487512606e-17,1.888520588e-17,nan,nan,nan,nan
321,8.025,2.735081946e-17,3.403778241e-17,nan,nan,nan,nan
322,8.05,4.590835349e-17,5.561066602e-17,nan,nan,nan,nan
323,8.075,6.970724810e-17,8.255130661e-17,nan,nan,nan,nan
324,8.1,9.716494923e-17,1.127917377e-16,nan,nan,nan,nan
325,8.125,1.251641784e-16,1.424913301e-16,nan,nan,nan,nan
326,8.15,1.490170327e-16,1.661598907e-16,nan,nan,nan,nan
327,8.175,1.629578178e-16,1.773280680e-16,nan,nan,nan,nan
328,8.2,1.611952559e-16,1.709053018e-16,nan,nan,nan,nan
329,8.225,1.525211573e-16,1.653218143e-16,nan,nan,nan,nan
330,8.25,1.536429078e-16,1.787344935e-16,nan,nan,nan,nan
331,8.275,2.434658393e-16,2.976185653e-16,nan,nan,nan,nan
332,8.3,4.160686696e-16,4.955030907e-16,nan,nan,nan,nan
333,8.325,6.438162283e-16,7.456437520e-16,nan,nan,nan,nan
334,8.35,8.992177637e-16,1.013323448e-15,nan,nan,nan,nan
335,8.375,1.143983111e-15,1.256686979e-15,nan,nan,nan,nan
336,8.4,1.330234142e-15,1.422894735e-15,nan,nan,nan,nan
337,8.425,1.405841625e-15,1.458305808e-15,nan,nan,nan,nan
338,8.45,1.337612667e-15,1.350037017e-15,nan,nan,nan,nan
339,8.475,1.321749426e-15,1.369873642e-15,nan,nan,nan,nan
340,8.5,1.242382315e-15,1.406032205e-15,nan,nan,nan,nan
341,8.525,1.905623390e-15,2.240916128e-15,nan,nan,nan,nan
342,8.55,3.035675382e-15,3.467043430e-15,nan,nan,nan,nan
343,8.575,4.355726000e-15,4.818083040e-15,nan,nan,nan,nan
344,8.6,5.631195923e-15,6.031900712e-15,nan,nan,nan,nan
345,8.625,6.588926489e-15,6.836612164e-15,nan,nan,nan,nan
346,8.65,6.976997939e-15,6.988872717e-15,nan,nan,nan,nan
347,8.675,6.634032987e-15,6.559448518e-15,nan,nan,nan,nan
348,8.7,6.641904021e-15,6.639717393e-15,nan,nan,nan,nan
349,8.725,6.251935625e-15,6.283097364e-15,nan,nan,nan,nan
350,8.75,6.984924102e-15,7.885249815e-15,nan,nan,nan,nan
351,8.775,1.060872931e-14,1.176173211e-14,nan,nan,nan,nan
352,8.8,1.481573059e-14,1.580322885e-14,nan,nan,nan,nan
353,8.825,1.853211603e-14,1.901844552e-14,nan,nan,nan,nan
354,8.85,2.084553335e-14,2.058951380e-14,nan,nan,nan,nan
355,8.875,2.110388791e-14,2.006995999e-14,nan,nan,nan,nan
356,8.9,2.023871030e-14,1.993179122e-14,nan,nan,nan,nan
357,8.925,2.028243871e-14,1.927091207e-14,nan,nan,nan,nan
358,8.95,1.961761065e-14,1.930856658e-14,nan,nan,nan,nan
359,8.975,1.950809703e-14,1.881315410e-14,nan,nan,nan,nan
360,9,2.472534470e-14,2.593489270e-14,nan,nan,nan,nan
361,9.025,3.207381774e-14,3.228410450e-14,nan,nan,nan,nan
362,9.05,3.736306877e-14,3.595525937e-14,nan,nan,nan,nan
363,9.075,3.915005220e-14,3.608178168e-14,nan,nan,nan,nan
364,9.1,3.705279430e-14,3.556076090e-14,nan,nan,nan,nan
365,9.125,3.847982429e-14,3.546641611e-14,nan,nan,nan,nan
366,9.15,3.667396666e-14,3.518982178e-14,nan,nan,nan,nan
367,9.175,3.776760876e-14,3.478803392e-14,nan,nan,nan,nan
368,9.2,3.623011135e-14,3.476195595e-14,nan,nan,nan,nan
369,9.225,3.707556927e-14,3.405073350e-14,nan,nan,nan,nan
370,9.25,3.580320108e-14,3.427350772e-14,nan,nan,nan,nan
371,9.275,3.810370684e-14,3.384993003e-14,nan,nan,nan,nan
372,9.3,3.849680013e-14,3.372791747e-14,nan,nan,nan,nan
373,9.325,3.874765213e-14,3.434575635e-14,nan,nan,nan,nan
374,9.35,3.875529368e-14,3.380617790e-14,nan,nan,nan,nan
375,9.375,3.926141232e-14,3.481212733e-14,nan,nan,nan,nan
376,9.4,3.887774233e-14,3.452887208e-14,nan,nan,nan,nan
377,9.425,3.974434298e-14,3.522328576e-14,nan,nan,nan,nan
378,9.45,3.902486269e-14,3.514112008e-14,nan,nan,nan,nan
379,9.475,4.016979086e-14,3.551635436e-14,nan,nan,nan,nan
380,9.5,3.905088945e-14,3.564413642e-14,nan,nan,nan,nan
381,9.525,4.046929155e-14,3.569369923e-14,nan,nan,nan,nan
382,9.55,3.930185103e-14,3.609144906e-14,nan,nan,nan,nan
383,9.575,4.064568269e-14,3.587442946e-14,nan,nan,nan,nan
384,9.6,3.971583640e-14,3.651948799e-14,nan,nan,nan,nan
385,9.625,4.079296269e-14,3.596706006e-14,nan,nan,nan,nan
386,9.65,4.015039608e-14,3.684131875e-14,nan,nan,nan,nan
387,9.675,4.088133692e-14,3.594991030e-14,nan,nan,nan,nan
388,9.7,4.049027230e-14,3.705899769e-14,nan,nan,nan,nan
389,9.725,4.085339171e-14,3.582616705e-14,nan,nan,nan,nan
390,9.75,4.072084105e-14,3.717706947e-14,nan,nan,nan,nan
391,9.775,4.071274066e-14,3.572042173e-14,nan,nan,nan,nan
392,9.8,4.084475288e-14,3.731905895e-14,nan,nan,nan,nan
393,9.825,4.048608306e-14,3.608116875e-14,nan,nan,nan,nan
394,9.85,4.091245921e-14,3.736209646e-14,nan,nan,nan,nan
395,9.875,4.026901409e-14,3.634993234e-14,nan,nan,nan,nan
396,9.9,4.096282530e-14,3.730892899e-14,nan,nan,nan,nan
397,9.925,4.060087117e-14,3.652864027e-14,nan,nan,nan,nan
398,9.95,4.464401133e-14,3.716254872e-14,nan,nan,nan,nan
399,9.975,4.487926814e-14,3.661939444e-14,nan,nan,nan,nan
400,10,4.518858774e-14,3.694294344e-14,nan,nan,nan,nan
401,10.025,4.538606362e-14,3.664630294e-14,nan,nan,nan,nan
402,10.05,4.555607613e-14,3.731437435e-14,nan,nan,nan,nan
403,10.075,4.568236479e-14,3.667733829e-14,nan,nan,nan,nan
404,10.1,4.577866592e-14,3.768266584e-14,nan,nan,nan,nan
405,10.125,4.583681514e-14,3.662562370e-14,nan,nan,nan,nan
406,10.15,4.570686655e-14,3.785611647e-14,nan,nan,nan,nan
407,10.175,4.567423266e-14,3.822686399e-14,nan,nan,nan,nan
408,10.2,4.558372658e-14,3.793423372e-14,nan,nan,nan,nan
409,10.225,4.548559773e-14,3.625193544e-14,nan,nan,nan,nan
410,10.25,4.521727425e-14,3.776583242e-14,nan,nan,nan,nan
411,10.275,4.500621732e-14,3.585186028e-14,nan,nan,nan,nan
412,10.3,4.463062711e-14,3.747408945e-14,nan,nan,nan,nan
413,10.325,4.610471183e-14,3.556772062e-14,nan,nan,nan,nan
414,10.35,4.623753516e-14,3.704937648e-14,nan,nan,nan,nan
415,10.375,4.802697410e-14,3.507693001e-14,nan,nan,nan,nan
416,10.4,4.772705474e-14,3.685634258e-14,nan,nan,nan,nan
417,10.425,4.978969844e-14,3.513617030e-14,nan,nan,nan,nan
418,10.45,4.881097076e-14,3.843831663e-14,nan,nan,nan,nan
419,10.475,5.114466089e-14,4.412273936e-14,nan,nan,nan,nan
420,10.5,6.209296622e-14,5.556779608e-14,nan,nan,nan,nan
421,10.525,7.134797292e-14,5.963974556e-14,nan,nan,nan,nan
422,10.55,7.007173913e-14,5.318944682e-14,nan,nan,nan,nan
423,10.575,6.824509266e-14,5.814597284e-14,nan,nan,nan,nan
424,10.6,6.825518245e-14,5.197207962e-14,nan,nan,nan,nan
425,10.625,6.487079335e-14,5.628349445e-14,nan,nan,nan,nan
426,10.65,6.592633682e-14,5.140420277e-14,nan,nan,nan,nan
427,10.675,6.127049298e-14,5.421706695e-14,nan,nan,nan,nan
428,10.7,6.357928881e-14,5.054275915e-14,nan,nan,nan,nan
429,10.725,6.286852960e-14,6.355303259e-14,nan,nan,nan,nan
430,10.75,7.561577431e-14,7.094157394e-14,nan,nan,nan,nan
431,10.775,7.858044094e-14,6.641289450e-14,nan,nan,nan,nan
432,10.8,7.661471422e-14,6.703170571e-14,nan,nan,nan,nan
433,10.825,8.136618174e-14,6.425732688e-14,nan,nan,nan,nan
434,10.85,9.260626209e-14,7.079710760e-14,nan,nan,nan,nan
435,10.875,9.914238811e-14,7.112050456e-14,nan,nan,nan,nan
436,10.9,9.408666944e-14,7.166538793e-14,nan,nan,nan,nan
437,10.925,9.892658675e-14,7.261532397e-14,nan,nan,nan,nan
438,10.95,9.430393039e-14,7.193685202e-14,nan,nan,nan,nan
439,10.975,9.843027056e-14,7.389064679e-14,nan,nan,nan,nan
440,11,9.427959735e-14,7.751117905e-14,nan,nan,nan,nan
441,11.025,9.979958938e-14,9.962679129e-14,nan,nan,nan,nan
442,11.05,1.314970438e-13,1.255525127e-13,nan,nan,nan,nan
443,11.075,1.562284065e-13,1.388823594e-13,nan,nan,nan,nan
444,11.1,1.614017397e-13,1.313795175e-13,nan,nan,nan,nan
445,11.125,1.478723633e-13,1.342275910e-13,nan,nan,nan,nan
446,11.15,1.562569876e-13,1.294065448e-13,nan,nan,nan,nan
447,11.175,1.446244655e-13,1.292985207e-13,nan,nan,nan,nan
448,11.2,1.502079299e-13,1.273681767e-13,nan,nan,nan,nan
449,11.225,1.420369906e-13,1.264841869e-13,nan,nan,nan,nan
450,11.25,1.714529187e-13,1.636108834e-13,nan,nan,nan,nan
451,11.275,2.004257889e-13,1.903129775e-13,nan,nan,nan,nan
452,11.3,2.185867459e-13,1.997795045e-13,nan,nan,nan,nan
453,11.325,2.267508421e-13,1.979950140e-13,nan,nan,nan,nan
454,11.35,2.367006554e-13,2.010547236e-13,nan,nan,nan,nan
455,11.375,2.571177011e-13,2.150006355e-13,nan,nan,nan,nan
456,11.4,2.785760360e-13,2.287104548e-13,nan,nan,nan,nan
457,11.425,2.887184059e-13,2.333105751e-13,nan,nan,nan,nan
458,11.45,2.848900810e-13,2.323651957e-13,nan,nan,nan,nan
459,11.475,2.818318343e-13,2.327810584e-13,nan,nan,nan,nan
460,11.5,2.767285936e-13,2.420109401e-13,nan,nan,nan,nan
461,11.525,2.935358906e-13,2.688239790e-13,nan,nan,nan,nan
462,11.55,3.373328367e-13,3.137034030e-13,nan,nan,nan,nan
463,11.575,3.949276318e-13,3.614814196e-13,nan,nan,nan,nan
464,11.6,4.434176583e-13,3.936353408e-13,nan,nan,nan,nan
465,11.625,4.689876684e-13,4.006234202e-13,nan,nan,nan,nan
466,11.65,4.729613097e-13,3.901568467e-13,nan,nan,nan,nan
467,11.675,4.697656347e-13,3.883145875e-13,nan,nan,nan,nan
468,11.7,4.800199864e-13,3.967272927e-13,nan,nan,nan,nan
469,11.725,5.096018077e-13,4.335133835e-13,nan,nan,nan,nan
470,11.75,5.547409199e-13,4.849016840e-13,nan,nan,nan,nan
471,11.775,6.047529074e-13,5.355194124e-13,nan,nan,nan,nan
472,11.8,6.495874948e-13,5.742869288e-13,nan,nan,nan,nan
473,11.825,6.874138982e-13,6.036567298e-13,nan,nan,nan,nan
474,11.85,7.282183820e-13,6.314358233e-13,nan,nan,nan,nan
475,11.875,7.759959617e-13,6.695739798e-13,nan,nan,nan,nan
476,11.9,8.311539502e-13,7.105254885e-13,nan,nan,nan,nan
477,11.925,8.796155647e-13,7.489530041e-13,nan,nan,nan,nan
478,11.95,9.180124447e-13,7.791742054e-13,nan,nan,nan,nan
479,11.975,9.480705267e-13,8.078612937e-13,nan,nan,nan,nan
480,12,9.838162510e-13,8.466061062e-13,nan,nan,nan,nan
481,12.025,1.038732993e-12,9.032191804e-13,nan,nan,nan,nan
482,12.05,1.118500794e-12,9.808522843e-13,nan,nan,nan,nan
483,12.075,1.213441534e-12,1.060576207e-12,nan,nan,nan,nan
484,12.1,1.303080305e-12,1.128416882e-12,nan,nan,nan,nan
485,12.125,1.377510373e-12,1.182524666e-12,nan,nan,nan,nan
486,12.15,1.442807290e-12,1.227480491e-12,nan,nan,nan,nan
487,12.175,1.506699299e-12,1.280104616e-12,nan,nan,nan,nan
488,12.2,1.585916241e-12,1.355692517e-12,nan,nan,nan,nan
489,12.225,1.684959457e-12,1.447742783e-12,nan,nan,nan,nan
490,12.25,1.793637416e-12,1.546267031e-12,nan,nan,nan,nan
491,12.275,1.903581770e-12,1.642411818e-12,nan,nan,nan,nan
492,12.3,2.014164834e-12,1.737517440e-12,nan,nan,nan,nan
493,12.325,2.131723697e-12,1.831572347e-12,nan,nan,nan,nan
494,12.35,2.255224688e-12,1.934315574e-12,nan,nan,nan,nan
495,12.375,2.390715288e-12,2.048045108e-12,nan,nan,nan,nan
496,12.4,2.530703271e-12,2.161051613e-12,nan,nan,nan,nan
497,12.425,2.663760108e-12,2.270785379e-12,nan,nan,nan,nan
498,12.45,2.793925222e-12,2.390415761e-12,nan,nan,nan,nan
499,12.475,2.943000524e-12,2.522392509e-12,nan,nan,nan,nan
500,12.5,3.112975703e-12,2.673148178e-12,nan,nan,nan,nan
501,12.525,3.305399966e-12,2.848459434e-12,nan,nan,nan,nan
502,12.55,3.523187493e-12,3.030405026e-12,nan,nan,nan,nan
503,12.575,3.739398943e-12,3.199655091e-12,nan,nan,nan,nan
504,12.6,3.940922372e-12,3.361620489e-12,nan,nan,nan,nan
505,12.625,4.144480628e-12,3.528258958e-12,nan,nan,nan,nan
506,12.65,4.362512340e-12,3.709125785e-12,nan,nan,nan,nan
507,12.675,4.599935252e-12,3.920747002e-12,nan,nan,nan,nan
508,12.7,4.869314995e-12,4.165245675e-12,nan,nan,nan,nan
509,12.725,5.164117916e-12,4.417788804e-12,nan,nan,nan,nan
510,12.75,5.463098400e-12,4.666467088e-12,nan,nan,nan,nan
511,12.775,5.762268501e-12,4.928103065e-12,nan,nan,nan,nan
512,12.8,6.092803440e-12,5.198510212e-12,nan,nan,nan,nan
513,12.825,6.439071528e-12,5.478270351e-12,nan,nan,nan,nan
514,12.85,6.795324175e-12,5.790535804e-12,nan,nan,nan,nan
515,12.875,7.184194565e-12,6.111630385e-12,nan,nan,nan,nan
516,12.9,7.575258086e-12,6.433885536e-12,nan,nan,nan,nan
517,12.925,7.969044580e-12,6.773962931e-12,nan,nan,nan,nan
518,12.95,8.396864248e-12,7.153390558e-12,nan,nan,nan,nan
519,12.975,8.876757660e-12,7.559179265e-12,nan,nan,nan,nan
520,13,9.387563695e-12,7.990691020e-12,nan,nan,nan,nan
521,13.025,9.926135569e-12,8.460599092e-12,nan,nan,nan,nan
522,13.05,1.050191353e-11,8.923345713e-12,nan,nan,nan,nan
523,13.075,1.107168532e-11,9.378727580e-12,nan,nan,nan,nan
524,13.1,1.164269857e-11,9.885022209e-12,nan,nan,nan,nan
525,13.125,1.228967340e-11,1.042051422e-11,nan,nan,nan,nan
526,13.15,1.296848983e-11,1.098746923e-11,nan,nan,nan,nan
527,13.175,1.367715023e-11,1.161468499e-11,nan,nan,nan,nan
528,13.2,1.445473242e-11,1.227180163e-11,nan,nan,nan,nan
529,13.225,1.526382635e-11,1.293338421e-11,nan,nan,nan,nan
530,13.25,1.608620918e-11,1.362603574e-11,nan,nan,nan,nan
531,13.275,1.696345141e-11,1.437753447e-11,nan,nan,nan,nan
532,13.3,1.791146538e-11,1.515058453e-11,nan,nan,nan,nan
533,13.325,1.888127316e-11,1.595615705e-11,nan,nan,nan,nan
534,13.35,1.988805568e-11,1.683902914e-11,nan,nan,nan,nan
535,13.375,2.098525854e-11,1.774097821e-11,nan,nan,nan,nan
536,13.4,2.211168608e-11,1.866781350e-11,nan,nan,nan,nan
537,13.425,2.327628426e-11,1.970828808e-11,nan,nan,nan,nan
538,13.45,2.459282031e-11,2.079583088e-11,nan,nan,nan,nan
539,13.475,2.595457077e-11,2.190377911e-11,nan,nan,nan,nan
540,13.5,2.733604665e-11,2.309134770e-11,nan,nan,nan,nan
541,13.525,2.882417156e-11,2.432796843e-11,nan,nan,nan,nan
542,13.55,3.037663950e-11,2.558836491e-11,nan,nan,nan,nan
543,13.575,3.196819731e-11,2.694049082e-11,nan,nan,nan,nan
544,13.6,3.368554059e-11,2.842326319e-11,nan,nan,nan,nan
545,13.625,3.554820810e-11,2.995250903e-11,nan,nan,nan,nan
546,13.65,3.745874919e-11,3.152968039e-11,nan,nan,nan,nan
547,13.675,3.943568116e-11,3.326068191e-11,nan,nan,nan,nan
548,13.7,4.160542177e-11,3.501938784e-11,nan,nan,nan,nan
549,13.725,4.382231153e-11,3.681179834e-11,nan,nan,nan,nan
550,13.75,4.608781974e-11,3.881484415e-11,nan,nan,nan,nan
551,13.775,4.862315548e-11,4.088579753e-11,nan,nan,nan,nan
552,13.8,5.122426411e-11,4.299896819e-11,nan,nan,nan,nan
553,13.825,5.387425665e-11,4.528717755e-11,nan,nan,nan,nan
554,13.85,5.676030967e-11,4.770803522e-11,nan,nan,nan,nan
555,13.875,5.981152334e-11,5.018957554e-11,nan,nan,nan,nan
556,13.9,6.294373027e-11,5.282653971e-11,nan,nan,nan,nan
557,13.925,6.628170221e-11,5.567741669e-11,nan,nan,nan,nan
558,13.95,6.986914814e-11,5.857485946e-11,nan,nan,nan,nan
559,13.975,7.351576400e-11,6.155465462e-11,nan,nan,nan,nan
560,14,7.728808056e-11,6.485049603e-11,nan,nan,nan,nan
561,14.025,8.145500212e-11,6.823046535e-11,nan,nan,nan,nan
562,14.05,8.573113447e-11,7.169469400e-11,nan,nan,nan,nan
563,14.075,9.010804941e-11,7.555492802e-11,nan,nan,nan,nan
564,14.1,9.499100977e-11,7.953244128e-11,nan,nan,nan,nan
565,14.125,1.000057140e-10,8.357197933e-11,nan,nan,nan,nan
566,14.15,1.051083128e-10,8.794199181e-11,nan,nan,nan,nan
567,14.175,1.106577810e-10,9.255815592e-11,nan,nan,nan,nan
568,14.2,1.165064350e-10,9.727346546e-11,nan,nan,nan,nan
569,14.225,1.224770861e-10,1.022749598e-10,nan,nan,nan,nan
570,14.25,1.288185386e-10,1.076783594e-10,nan,nan,nan,nan
571,14.275,1.356491770e-10,1.131873723e-10,nan,nan,nan,nan
572,14.3,1.426214740e-10,1.188734471e-10,nan,nan,nan,nan
573,14.325,1.498493590e-10,1.251800458e-10,nan,nan,nan,nan
574,14.35,1.578462029e-10,1.316185441e-10,nan,nan,nan,nan
575,14.375,1.660091834e-10,1.381653466e-10,nan,nan,nan,nan
576,14.4,1.743074129e-10,1.454303664e-10,nan,nan,nan,nan
577,14.425,1.835351614e-10,1.529031139e-10,nan,nan,nan,nan
578,14.45,1.930196482e-10,1.605138719e-10,nan,nan,nan,nan
579,14.475,2.026908002e-10,1.687874878e-10,nan,nan,nan,nan
580,14.5,2.132260858e-10,1.775360726e-10,nan,nan,nan,nan
581,14.525,2.243366113e-10,1.864501405e-10,nan,nan,nan,nan
582,14.55,2.356545369e-10,1.958675550e-10,nan,nan,nan,nan
583,14.575,2.476361763e-10,2.060243042e-10,nan,nan,nan,nan
584,14.6,2.605506643e-10,2.163597582e-10,nan,nan,nan,nan
585,14.625,2.737095485e-10,2.270299586e-10,nan,nan,nan,nan
586,14.65,2.873210863e-10,2.388549413e-10,nan,nan,nan,nan
587,14.675,3.023734721e-10,2.509119283e-10,nan,nan,nan,nan
588,14.7,3.177190328e-10,2.631650299e-10,nan,nan,nan,nan
589,14.725,3.333202910e-10,2.767826966e-10,nan,nan,nan,nan
590,14.75,3.506840536e-10,2.907954984e-10,nan,nan,nan,nan
591,14.775,3.685503893e-10,3.050434237e-10,nan,nan,nan,nan
592,14.8,3.867275940e-10,3.205023057e-10,nan,nan,nan,nan
593,14.825,4.064582061e-10,3.367855546e-10,nan,nan,nan,nan
594,14.85,4.272279908e-10,3.533339780e-10,nan,nan,nan,nan
595,14.875,4.483492002e-10,3.708329840e-10,nan,nan,nan,nan
596,14.9,4.707053104e-10,3.897383409e-10,nan,nan,nan,nan
597,14.925,4.948577392e-10,4.089851487e-10,nan,nan,nan,nan
598,14.95,5.194568347e-10,4.288337532e-10,nan,nan,nan,nan
599,14.975,5.448284948e-10,4.507942567e-10,nan,nan,nan,nan
600,15,5.728952244e-10,4.731199742e-10,nan,nan,nan,nan
601,15.025,6.014509280e-10,4.957621823e-10,nan,nan,nan,nan
602,15.05,6.304388161e-10,5.209600061e-10,nan,nan,nan,nan
603,15.075,6.626883261e-10,5.468619432e-10,nan,nan,nan,nan
604,15.1,6.958611527e-10,5.731710883e-10,nan,nan,nan,nan
605,15.125,7.295647141e-10,6.017146710e-10,nan,nan,nan,nan
606,15.15,7.660995196e-10,6.317522287e-10,nan,nan,nan,nan
607,15.175,8.045937193e-10,6.622450659e-10,nan,nan,nan,nan
608,15.2,8.437058999e-10,6.944830239e-10,nan,nan,nan,nan
609,15.225,8.850255701e-10,7.292730555e-10,nan,nan,nan,nan
610,15.25,9.296686935e-10,7.646105940e-10,nan,nan,nan,nan
611,15.275,9.750349786e-10,8.010032475e-10,nan,nan,nan,nan
612,15.3,1.021696870e-09,8.412654373e-10,nan,nan,nan,nan
613,15.325,1.073405826e-09,8.821774864e-10,nan,nan,nan,nan
614,15.35,1.125988471e-09,9.236486829e-10,nan,nan,nan,nan
615,15.375,1.179325380e-09,9.698258973e-10,nan,nan,nan,nan
616,15.4,1.238582054e-09,1.017194731e-09,nan,nan,nan,nan
617,15.425,1.299511488e-09,1.065195875e-09,nan,nan,nan,nan
618,15.45,1.361297966e-09,1.117256348e-09,nan,nan,nan,nan
619,15.475,1.428159218e-09,1.171994549e-09,nan,nan,nan,nan
620,15.5,1.498661827e-09,1.227510469e-09,nan,nan,nan,nan
621,15.525,1.570213559e-09,1.286200733e-09,nan,nan,nan,nan
622,15.55,1.645643134e-09,1.349496217e-09,nan,nan,nan,nan
623,15.575,1.727227335e-09,1.413690368e-09,nan,nan,nan,nan
624,15.6,1.810027478e-09,1.479732531e-09,nan,nan,nan,nan
625,15.625,1.894967806e-09,1.552800992e-09,nan,nan,nan,nan
626,15.65,1.989264320e-09,1.626938138e-09,nan,nan,nan,nan
627,15.675,2.085006381e-09,1.701960972e-09,nan,nan,nan,nan
628,15.7,2.181955109e-09,1.785517097e-09,nan,nan,nan,nan
629,15.725,2.289490416e-09,1.871101716e-09,nan,nan,nan,nan
630,15.75,2.400114241e-09,1.957731234e-09,nan,nan,nan,nan
631,15.775,2.512179197e-09,2.051715440e-09,nan,nan,nan,nan
632,15.8,2.633237088e-09,2.150458440e-09,nan,nan,nan,nan
633,15.825,2.761010596e-09,2.250435738e-09,nan,nan,nan,nan
634,15.85,2.890471884e-09,2.356022480e-09,nan,nan,nan,nan
635,15.875,3.026551305e-09,2.469819451e-09,nan,nan,nan,nan
636,15.9,3.173950636e-09,2.585075619e-09,nan,nan,nan,nan
637,15.925,3.323360359e-09,2.703555127e-09,nan,nan,nan,nan
638,15.95,3.476172526e-09,2.834682220e-09,nan,nan,nan,nan
639,15.975,3.646194201e-09,2.967540734e-09,nan,nan,nan,nan
640,16,3.818586731e-09,3.101769930e-09,nan,nan,nan,nan
641,16.025,3.992899852e-09,3.251279322e-09,nan,nan,nan,nan
642,16.05,4.185877200e-09,3.404232293e-09,nan,nan,nan,nan
643,16.075,4.384570587e-09,3.558829614e-09,nan,nan,nan,nan
644,16.1,4.585564634e-09,3.726512174e-09,nan,nan,nan,nan
645,16.125,4.802136863e-09,3.902549318e-09,nan,nan,nan,nan
646,16.15,5.031034634e-09,4.080531496e-09,nan,nan,nan,nan
647,16.175,5.262652357e-09,4.268355886e-09,nan,nan,nan,nan
648,16.2,5.505385740e-09,4.470789566e-09,nan,nan,nan,nan
649,16.225,5.768892841e-09,4.675530539e-09,nan,nan,nan,nan
650,16.25,6.035626619e-09,4.885674189e-09,nan,nan,nan,nan
651,16.275,6.307362096e-09,5.118305184e-09,nan,nan,nan,nan
652,16.3,6.610481947e-09,5.353644534e-09,nan,nan,nan,nan
653,16.325,6.917396010e-09,5.591076547e-09,nan,nan,nan,nan
654,16.35,7.227322006e-09,5.855580801e-09,nan,nan,nan,nan
655,16.375,7.569649050e-09,6.125960129e-09,nan,nan,nan,nan
656,16.4,7.922626542e-09,6.398846335e-09,nan,nan,nan,nan
657,16.425,8.279189286e-09,6.694613243e-09,nan,nan,nan,nan
658,16.45,8.662173046e-09,7.004980587e-09,nan,nan,nan,nan
659,16.475,9.067780160e-09,7.318310600e-09,nan,nan,nan,nan
660,16.5,9.477645407e-09,7.648588858e-09,nan,nan,nan,nan
661,16.525,9.905575502e-09,8.004651450e-09,nan,nan,nan,nan
662,16.55,1.037139234e-08,8.364254395e-09,nan,nan,nan,nan
663,16.575,1.084226442e-08,8.732662014e-09,nan,nan,nan,nan
664,16.6,1.131981502e-08,9.140861942e-09,nan,nan,nan,nan
665,16.625,1.185439259e-08,9.553236890e-09,nan,nan,nan,nan
666,16.65,1.239495023e-08,9.968667313e-09,nan,nan,nan,nan
667,16.675,1.294005033e-08,1.043126512e-08,nan,nan,nan,nan
668,16.7,1.354025145e-08,1.090385060e-08,nan,nan,nan,nan
669,16.725,1.416037604e-08,1.138009952e-08,nan,nan,nan,nan
670,16.75,1.478593169e-08,1.189577165e-08,nan,nan,nan,nan
671,16.775,1.545532300e-08,1.243699281e-08,nan,nan,nan,nan
672,16.8,1.616627470e-08,1.298261257e-08,nan,nan,nan,nan
673,16.825,1.688372087e-08,1.355676562e-08,nan,nan,nan,nan
674,16.85,1.762935444e-08,1.417616314e-08,nan,nan,nan,nan
675,16.875,1.844384142e-08,1.480077997e-08,nan,nan,nan,nan
676,16.9,1.926603138e-08,1.543917539e-08,nan,nan,nan,nan
677,16.925,2.009545080e-08,1.614755849e-08,nan,nan,nan,nan
678,16.95,2.102794717e-08,1.686218007e-08,nan,nan,nan,nan
679,16.975,2.196961354e-08,1.758103430e-08,nan,nan,nan,nan
680,17,2.291787795e-08,1.838076957e-08,nan,nan,nan,nan
681,17.025,2.395792764e-08,1.919775989e-08,nan,nan,nan,nan
682,17.05,2.503563491e-08,2.001987399e-08,nan,nan,nan,nan
683,17.075,2.612129581e-08,2.090864719e-08,nan,nan,nan,nan
684,17.1,2.727761142e-08,2.184206197e-08,nan,nan,nan,nan
685,17.125,2.851020071e-08,2.278167346e-08,nan,nan,nan,nan
686,17.15,2.975233636e-08,2.376815524e-08,nan,nan,nan,nan
687,17.175,3.103621203e-08,2.483385426e-08,nan,nan,nan,nan
688,17.2,3.244497889e-08,2.590700723e-08,nan,nan,nan,nan
689,17.225,3.386518555e-08,2.700051710e-08,nan,nan,nan,nan
690,17.25,3.529282159e-08,2.821643853e-08,nan,nan,nan,nan
691,17.275,3.689785834e-08,2.944126015e-08,nan,nan,nan,nan
692,17.3,3.852051032e-08,3.067148631e-08,nan,nan,nan,nan
693,17.325,4.015227002e-08,3.203807052e-08,nan,nan,nan,nan
694,17.35,4.193333620e-08,3.343506577e-08,nan,nan,nan,nan
695,17.375,4.378606694e-08,3.483878388e-08,nan,nan,nan,nan
696,17.4,4.564994278e-08,3.635287442e-08,nan,nan,nan,nan
697,17.425,4.762380841e-08,3.794516488e-08,nan,nan,nan,nan
698,17.45,4.973779162e-08,3.954566591e-08,nan,nan,nan,nan
699,17.475,5.186526441e-08,4.122090548e-08,nan,nan,nan,nan
700,17.5,5.404977367e-08,4.303454239e-08,nan,nan,nan,nan
701,17.525,5.646020886e-08,4.485822200e-08,nan,nan,nan,nan
702,17.55,5.888694187e-08,4.670934152e-08,nan,nan,nan,nan
703,17.575,6.132300060e-08,4.877373613e-08,nan,nan,nan,nan
704,17.6,6.404784921e-08,5.085027634e-08,nan,nan,nan,nan
705,17.625,6.681403398e-08,5.293291457e-08,nan,nan,nan,nan
706,17.65,6.959197808e-08,5.524108806e-08,nan,nan,nan,nan
707,17.675,7.260600189e-08,5.760395174e-08,nan,nan,nan,nan
708,17.7,7.575697628e-08,5.997466239e-08,nan,nan,nan,nan
709,17.725,7.892258392e-08,6.252385204e-08,nan,nan,nan,nan
710,17.75,8.225190436e-08,6.521068319e-08,nan,nan,nan,nan
711,17.775,8.583875546e-08,6.790748547e-08,nan,nan,nan,nan
712,17.8,8.944369395e-08,7.071912152e-08,nan,nan,nan,nan
713,17.825,9.311619782e-08,7.377231913e-08,nan,nan,nan,nan
714,17.85,9.719647805e-08,7.683795669e-08,nan,nan,nan,nan
715,17.875,1.012988703e-07,7.993468997e-08,nan,nan,nan,nan
716,17.9,1.054114072e-07,8.340181486e-08,nan,nan,nan,nan
717,17.925,1.099824352e-07,8.688436697e-08,nan,nan,nan,nan
718,17.95,1.146477773e-07,9.037200603e-08,nan,nan,nan,nan
719,17.975,1.193266236e-07,9.422487355e-08,nan,nan,nan,nan
720,18,1.243661433e-07,9.817837083e-08,nan,nan,nan,nan
721,18.025,1.296680666e-07,1.021392085e-07,nan,nan,nan,nan
722,18.05,1.349875103e-07,1.063807975e-07,nan,nan,nan,nan
723,18.075,1.405357128e-07,1.108658819e-07,nan,nan,nan,nan
724,18.1,1.465570038e-07,1.153610686e-07,nan,nan,nan,nan
725,18.125,1.526006171e-07,1.200241359e-07,nan,nan,nan,nan
726,18.15,1.586999583e-07,1.251088613e-07,nan,nan,nan,nan
727,18.175,1.655335990e-07,1.302070091e-07,nan,nan,nan,nan
728,18.2,1.723952994e-07,1.353260959e-07,nan,nan,nan,nan
729,18.225,1.792647256e-07,1.410867802e-07,nan,nan,nan,nan
730,18.25,1.868408541e-07,1.468648393e-07,nan,nan,nan,nan
731,18.275,1.946260407e-07,1.526428205e-07,nan,nan,nan,nan
732,18.3,2.024233402e-07,1.589982651e-07,nan,nan,nan,nan
733,18.325,2.107478658e-07,1.655424822e-07,nan,nan,nan,nan
734,18.35,2.195748676e-07,1.720893558e-07,nan,nan,nan,nan
735,18.375,2.284193765e-07,1.790632528e-07,nan,nan,nan,nan
736,18.4,2.375529213e-07,1.864702323e-07,nan,nan,nan,nan
737,18.425,2.475543687e-07,1.938832066e-07,nan,nan,nan,nan
738,18.45,2.575797917e-07,2.015246873e-07,nan,nan,nan,nan
739,18.475,2.675986234e-07,2.099025163e-07,nan,nan,nan,nan
740,18.5,2.789102681e-07,2.182904990e-07,nan,nan,nan,nan
741,18.525,2.902665719e-07,2.266625127e-07,nan,nan,nan,nan
742,18.55,3.016205786e-07,2.361206738e-07,nan,nan,nan,nan
743,18.575,3.140250809e-07,2.456054563e-07,nan,nan,nan,nan
744,18.6,3.268801812e-07,2.550763378e-07,nan,nan,nan,nan
745,18.625,3.397384329e-07,2.654351651e-07,nan,nan,nan,nan
746,18.65,3.533214020e-07,2.761529238e-07,nan,nan,nan,nan
747,18.675,3.678632390e-07,2.868595682e-07,nan,nan,nan,nan
748,18.7,3.824149868e-07,2.981884586e-07,nan,nan,nan,nan
749,18.725,3.972656588e-07,3.102913107e-07,nan,nan,nan,nan
750,18.75,4.137044280e-07,3.223867475e-07,nan,nan,nan,nan
751,18.775,4.301615129e-07,3.347581354e-07,nan,nan,nan,nan
752,18.8,4.465861355e-07,3.484159377e-07,nan,nan,nan,nan
753,18.825,4.649432505e-07,3.620709847e-07,nan,nan,nan,nan
754,18.85,4.835423946e-07,3.756801831e-07,nan,nan,nan,nan
755,18.875,5.021135742e-07,3.909619780e-07,nan,nan,nan,nan
756,18.9,5.221741403e-07,4.063673278e-07,nan,nan,nan,nan
757,18.925,5.431799025e-07,4.217279782e-07,nan,nan,nan,nan
758,18.95,5.641637944e-07,4.384087700e-07,nan,nan,nan,nan
759,18.975,5.860522553e-07,4.557770440e-07,nan,nan,nan,nan
760,19,6.097599539e-07,4.731026346e-07,nan,nan,nan,nan
761,19.025,6.334536924e-07,4.912831814e-07,nan,nan,nan,nan
762,19.05,6.572984666e-07,5.108513150e-07,nan,nan,nan,nan
763,19.075,6.840375758e-07,5.303799189e-07,nan,nan,nan,nan
764,19.1,7.107728140e-07,5.501642928e-07,nan,nan,nan,nan
765,19.125,7.374209138e-07,5.721961317e-07,nan,nan,nan,nan
766,19.15,7.668433648e-07,5.941929273e-07,nan,nan,nan,nan
767,19.175,7.969899783e-07,6.160844193e-07,nan,nan,nan,nan
768,19.2,8.270530024e-07,6.404770459e-07,nan,nan,nan,nan
769,19.225,8.590903756e-07,6.652372200e-07,nan,nan,nan,nan
770,19.25,8.930605355e-07,6.898904823e-07,nan,nan,nan,nan
771,19.275,9.269526667e-07,7.164241958e-07,nan,nan,nan,nan
772,19.3,9.617810607e-07,7.442760964e-07,nan,nan,nan,nan
773,19.325,1.000033782e-06,7.720206359e-07,nan,nan,nan,nan
774,19.35,1.038216560e-06,8.008383462e-07,nan,nan,nan,nan
775,19.375,1.076207563e-06,8.321470067e-07,nan,nan,nan,nan
776,19.4,1.119061679e-06,8.633491282e-07,nan,nan,nan,nan
777,19.425,1.162048813e-06,8.945964715e-07,nan,nan,nan,nan
778,19.45,1.204842040e-06,9.297672942e-07,nan,nan,nan,nan
779,19.475,1.251407298e-06,9.648341014e-07,nan,nan,nan,nan
780,19.5,1.299770318e-06,9.996837222e-07,nan,nan,nan,nan
781,19.525,1.347939460e-06,1.038141594e-06,nan,nan,nan,nan
782,19.55,1.398454720e-06,1.077525111e-06,nan,nan,nan,nan
783,19.575,1.452828940e-06,1.116683927e-06,nan,nan,nan,nan
784,19.6,1.507011973e-06,1.158368782e-06,nan,nan,nan,nan
785,19.625,1.561719118e-06,1.202570589e-06,nan,nan,nan,nan
786,19.65,1.622810272e-06,1.246541355e-06,nan,nan,nan,nan
787,19.675,1.683716130e-06,1.291649893e-06,nan,nan,nan,nan
788,19.7,1.744241170e-06,1.341226131e-06,nan,nan,nan,nan
789,19.725,1.811449135e-06,1.390566552e-06,nan,nan,nan,nan
790,19.75,1.879865137e-06,1.439508041e-06,nan,nan,nan,nan
791,19.775,1.947889547e-06,1.494863508e-06,nan,nan,nan,nan
792,19.8,2.020642163e-06,1.550191731e-06,nan,nan,nan,nan
793,19.825,2.097441892e-06,1.605101150e-06,nan,nan,nan,nan
794,19.85,2.173841875e-06,1.664979732e-06,nan,nan,nan,nan
795,19.875,2.252460737e-06,1.726980478e-06,nan,nan,nan,nan
796,19.9,2.338612957e-06,1.788543319e-06,nan,nan,nan,nan
797,19.925,2.424360589e-06,1.853207486e-06,nan,nan,nan,nan
798,19.95,2.509422516e-06,1.922638632e-06,nan,nan,nan,nan
799,19.975,2.605743507e-06,1.991613863e-06,nan,nan,nan,nan
800,20,2.701916294e-06,2.061325478e-06,nan,nan,nan,nan
801,20.025,2.797373610e-06,2.139025289e-06,nan,nan,nan,nan
802,20.05,2.901413153e-06,2.216252754e-06,nan,nan,nan,nan
803,20.075,3.009204675e-06,2.292750782e-06,nan,nan,nan,nan
804,20.1,3.116253178e-06,2.378164987e-06,nan,nan,nan,nan
805,20.125,3.228432870e-06,2.464573305e-06,nan,nan,nan,nan
806,20.15,3.349164351e-06,2.550211746e-06,nan,nan,nan,nan
807,20.175,3.469128295e-06,2.642260422e-06,nan,nan,nan,nan
808,20.2,3.589863028e-06,2.738875604e-06,nan,nan,nan,nan
809,20.225,3.724995787e-06,2.834680696e-06,nan,nan,nan,nan
810,20.25,3.859340471e-06,2.933705829e-06,nan,nan,nan,nan
811,20.275,3.992455416e-06,3.041660764e-06,nan,nan,nan,nan
812,20.3,4.140181550e-06,3.148766150e-06,nan,nan,nan,nan
813,20.325,4.290527364e-06,3.255101581e-06,nan,nan,nan,nan
814,20.35,4.439583468e-06,3.375646156e-06,nan,nan,nan,nan
815,20.375,4.598507652e-06,3.495303024e-06,nan,nan,nan,nan
816,20.4,4.766644940e-06,3.613671745e-06,nan,nan,nan,nan
817,20.425,4.933434761e-06,3.743781261e-06,nan,nan,nan,nan
818,20.45,5.104086107e-06,3.877369736e-06,nan,nan,nan,nan
819,20.475,5.291991762e-06,4.009594282e-06,nan,nan,nan,nan
820,20.5,5.478495455e-06,4.149264790e-06,nan,nan,nan,nan
821,20.525,5.662972987e-06,4.298305965e-06,nan,nan,nan,nan
822,20.55,5.871234123e-06,4.445906622e-06,nan,nan,nan,nan
823,20.575,6.079637456e-06,4.595562374e-06,nan,nan,nan,nan
824,20.6,6.285903025e-06,4.761731563e-06,nan,nan,nan,nan
825,20.625,6.509432794e-06,4.926383453e-06,nan,nan,nan,nan
826,20.65,6.742146627e-06,5.088956163e-06,nan,nan,nan,nan
827,20.675,6.972611570e-06,5.271566444e-06,nan,nan,nan,nan
828,20.7,7.212071188e-06,5.455114057e-06,nan,nan,nan,nan
829,20.725,7.471752928e-06,5.636451726e-06,nan,nan,nan,nan
830,20.75,7.729076315e-06,5.832051575e-06,nan,nan,nan,nan
831,20.775,7.985085047e-06,6.036524192e-06,nan,nan,nan,nan
832,20.8,8.274661382e-06,6.238652716e-06,nan,nan,nan,nan
833,20.825,8.561773168e-06,6.447770760e-06,nan,nan,nan,nan
834,20.85,8.845460054e-06,6.675399648e-06,nan,nan,nan,nan
835,20.875,9.157585468e-06,6.900547523e-06,nan,nan,nan,nan
836,20.9,9.477711874e-06,7.123674008e-06,nan,nan,nan,nan
837,20.925,9.794219701e-06,7.376910446e-06,nan,nan,nan,nan
838,20.95,1.012778151e-05,7.627527030e-06,nan,nan,nan,nan
839,20.975,1.048447220e-05,7.874666838e-06,nan,nan,nan,nan
840,21,1.083734950e-05,8.146636491e-06,nan,nan,nan,nan
841,21.025,1.119308498e-05,8.425412083e-06,nan,nan,nan,nan
842,21.05,1.159024265e-05,8.700490082e-06,nan,nan,nan,nan
843,21.075,1.198339274e-05,8.990594303e-06,nan,nan,nan,nan
844,21.1,1.237120061e-05,9.300481653e-06,nan,nan,nan,nan
845,21.125,1.280386078e-05,9.606443761e-06,nan,nan,nan,nan
846,21.15,1.324157408e-05,9.915264933e-06,nan,nan,nan,nan
847,21.175,1.367362765e-05,1.025950235e-05,nan,nan,nan,nan
848,21.2,1.413485493e-05,1.059958090e-05,nan,nan,nan,nan
849,21.225,1.462184372e-05,1.093431838e-05,nan,nan,nan,nan
850,21.25,1.510284948e-05,1.130975940e-05,nan,nan,nan,nan
851,21.275,1.559348824e-05,1.168749864e-05,nan,nan,nan,nan
852,21.3,1.613492449e-05,1.205954865e-05,nan,nan,nan,nan
853,21.325,1.667005052e-05,1.245908862e-05,nan,nan,nan,nan
854,21.35,1.719702526e-05,1.287837158e-05,nan,nan,nan,nan
855,21.375,1.779235968e-05,1.329160428e-05,nan,nan,nan,nan
856,21.4,1.838727663e-05,1.371590963e-05,nan,nan,nan,nan
857,21.425,1.897354343e-05,1.418098774e-05,nan,nan,nan,nan
858,21.45,1.960656365e-05,1.463964238e-05,nan,nan,nan,nan
859,21.475,2.026748898e-05,1.509025460e-05,nan,nan,nan,nan
860,21.5,2.091925224e-05,1.560478480e-05,nan,nan,nan,nan
861,21.525,2.159087370e-05,1.611350149e-05,nan,nan,nan,nan
862,21.55,2.232461927e-05,1.661364455e-05,nan,nan,nan,nan
863,21.575,2.304868005e-05,1.715988810e-05,nan,nan,nan,nan
864,21.6,2.376053496e-05,1.772374191e-05,nan,nan,nan,nan
865,21.625,2.457362694e-05,1.827846903e-05,nan,nan,nan,nan
866,21.65,2.537743474e-05,1.885714974e-05,nan,nan,nan,nan
867,21.675,2.616827759e-05,1.948168752e-05,nan,nan,nan,nan
868,21.7,2.703055861e-05,2.009652436e-05,nan,nan,nan,nan
869,21.725,2.792226696e-05,2.073254590e-05,nan,nan,nan,nan
870,21.75,2.880022760e-05,2.139964226e-05,nan,nan,nan,nan
871,21.775,2.971260843e-05,2.208045253e-05,nan,nan,nan,nan
872,21.8,3.070113470e-05,2.280014092e-05,nan,nan,nan,nan
873,21.825,3.167510948e-05,2.354100095e-05,nan,nan,nan,nan
874,21.85,3.263818082e-05,2.427023745e-05,nan,nan,nan,nan
875,21.875,3.373327039e-05,2.505595223e-05,nan,nan,nan,nan
876,21.9,3.481298682e-05,2.587811040e-05,nan,nan,nan,nan
877,21.925,3.587359878e-05,2.668802935e-05,nan,nan,nan,nan
878,21.95,3.703924898e-05,2.751516498e-05,nan,nan,nan,nan
879,21.975,3.823533534e-05,2.842685701e-05,nan,nan,nan,nan
880,22,3.941115291e-05,2.932569070e-05,nan,nan,nan,nan
881,22.025,4.064105774e-05,3.020859256e-05,nan,nan,nan,nan
882,22.05,4.196511761e-05,3.120420736e-05,nan,nan,nan,nan
883,22.075,4.326770871e-05,3.220095221e-05,nan,nan,nan,nan
884,22.1,4.456216727e-05,3.318087976e-05,nan,nan,nan,nan
885,22.125,4.602685935e-05,3.422826045e-05,nan,nan,nan,nan
886,22.15,4.746885065e-05,3.533273999e-05,nan,nan,nan,nan
887,22.175,4.888311370e-05,3.641950249e-05,nan,nan,nan,nan
888,22.2,5.044672662e-05,3.751830022e-05,nan,nan,nan,nan
889,22.225,5.204188997e-05,3.874123250e-05,nan,nan,nan,nan
890,22.25,5.360763215e-05,3.994553875e-05,nan,nan,nan,nan
891,22.275,5.525260426e-05,4.112708959e-05,nan,nan,nan,nan
892,22.3,5.701594883e-05,4.244791766e-05,nan,nan,nan,nan
893,22.325,5.874812347e-05,4.378144900e-05,nan,nan,nan,nan
894,22.35,6.047417447e-05,4.509096053e-05,nan,nan,nan,nan
895,22.375,6.242204539e-05,4.647564999e-05,nan,nan,nan,nan
896,22.4,6.433694611e-05,4.795113823e-05,nan,nan,nan,nan
897,22.425,6.621215088e-05,4.940131871e-05,nan,nan,nan,nan
898,22.45,6.829317935e-05,5.084870716e-05,nan,nan,nan,nan
899,22.475,7.040854627e-05,5.248001782e-05,nan,nan,nan,nan
900,22.5,7.248180336e-05,5.408471546e-05,nan,nan,nan,nan
901,22.525,7.466441732e-05,5.565729016e-05,nan,nan,nan,nan
902,22.55,7.699955047e-05,5.739506681e-05,nan,nan,nan,nan
903,22.575,7.929007709e-05,5.916935963e-05,nan,nan,nan,nan
904,22.6,8.157297784e-05,6.090975469e-05,nan,nan,nan,nan
905,22.625,8.414885806e-05,6.272489211e-05,nan,nan,nan,nan
906,22.65,8.667755723e-05,6.468518371e-05,nan,nan,nan,nan
907,22.675,8.915014103e-05,6.660976693e-05,nan,nan,nan,nan
908,22.7,9.189773258e-05,6.849978718e-05,nan,nan,nan,nan
909,22.725,9.468732314e-05,7.066390862e-05,nan,nan,nan,nan
910,22.75,9.741741529e-05,7.279048314e-05,nan,nan,nan,nan
911,22.775,1.002898924e-04,7.487220892e-05,nan,nan,nan,nan
912,22.8,1.033650473e-04,7.713910674e-05,nan,nan,nan,nan
913,22.825,1.063772025e-04,7.948702085e-05,nan,nan,nan,nan
914,22.85,1.093715985e-04,8.178763328e-05,nan,nan,nan,nan
915,22.875,1.127590917e-04,8.414626249e-05,nan,nan,nan,nan
916,22.9,1.160799721e-04,8.673652628e-05,nan,nan,nan,nan
917,22.925,1.193224542e-04,8.927698414e-05,nan,nan,nan,nan
918,22.95,1.229206029e-04,9.175874020e-05,nan,nan,nan,nan
919,22.975,1.265791355e-04,9.457823891e-05,nan,nan,nan,nan
920,23,1.301546014e-04,9.738129661e-05,nan,nan,nan,nan
921,23.025,1.339036027e-04,1.001223917e-04,nan,nan,nan,nan
922,23.05,1.379311469e-04,1.030535526e-04,nan,nan,nan,nan
923,23.075,1.418707929e-04,1.061438933e-04,nan,nan,nan,nan
924,23.1,1.457650751e-04,1.091689294e-04,nan,nan,nan,nan
925,23.125,1.501956002e-04,1.122060720e-04,nan,nan,nan,nan
926,23.15,1.545332401e-04,1.156104487e-04,nan,nan,nan,nan
927,23.175,1.587625556e-04,1.189461085e-04,nan,nan,nan,nan
928,23.2,1.634353213e-04,1.222014011e-04,nan,nan,nan,nan
929,23.225,1.682075763e-04,1.258290491e-04,nan,nan,nan,nan
930,23.25,1.728651564e-04,1.295042470e-04,nan,nan,nan,nan
931,23.275,1.777164538e-04,1.330946921e-04,nan,nan,nan,nan
932,23.3,1.829629539e-04,1.368502462e-04,nan,nan,nan,nan
933,23.325,1.880882091e-04,1.408962886e-04,nan,nan,nan,nan
934,23.35,1.931085384e-04,1.448530857e-04,nan,nan,nan,nan
935,23.375,1.988721348e-04,1.487271037e-04,nan,nan,nan,nan
936,23.4,2.045077065e-04,1.531778580e-04,nan,nan,nan,nan
937,23.425,2.099951664e-04,1.575347817e-04,nan,nan,nan,nan
938,23.45,2.160115727e-04,1.617827184e-04,nan,nan,nan,nan
939,23.475,2.222035606e-04,1.664073095e-04,nan,nan,nan,nan
940,23.5,2.282389117e-04,1.712008901e-04,nan,nan,nan,nan
941,23.525,2.344614859e-04,1.758796580e-04,nan,nan,nan,nan
942,23.55,2.412596875e-04,1.806457656e-04,nan,nan,nan,nan
943,23.575,2.478924394e-04,1.859154807e-04,nan,nan,nan,nan
944,23.6,2.543356140e-04,1.910644203e-04,nan,nan,nan,nan
945,23.625,2.617640827e-04,1.960743744e-04,nan,nan,nan,nan
946,23.65,2.690477078e-04,2.017456209e-04,nan,nan,nan,nan
947,23.675,2.761308371e-04,2.074072391e-04,nan,nan,nan,nan
948,23.7,2.838088832e-04,2.129224135e-04,nan,nan,nan,nan
949,23.725,2.918010867e-04,2.187614042e-04,nan,nan,nan,nan
950,23.75,2.995814932e-04,2.249815887e-04,nan,nan,nan,nan
951,23.775,3.074904160e-04,2.310476813e-04,nan,nan,nan,nan
952,23.8,3.162534190e-04,2.370359640e-04,nan,nan,nan,nan
953,23.825,3.247929540e-04,2.438642093e-04,nan,nan,nan,nan
954,23.85,3.330779995e-04,2.505305445e-04,nan,nan,nan,nan
955,23.875,3.425100679e-04,2.570115509e-04,nan,nan,nan,nan
956,23.9,3.518754134e-04,2.641351182e-04,nan,nan,nan,nan
957,23.925,3.609719478e-04,2.714548880e-04,nan,nan,nan,nan
958,23.95,3.706809461e-04,2.785796349e-04,nan,nan,nan,nan
959,23.975,3.809439315e-04,2.858776054e-04,nan,nan,nan,nan
960,24,3.909233020e-04,2.939081214e-04,nan,nan,nan,nan
961,24.025,4.008805250e-04,3.017336894e-04,nan,nan,nan,nan
962,24.05,4.121184592e-04,3.093264140e-04,nan,nan,nan,nan
963,24.075,4.230575103e-04,3.179811692e-04,nan,nan,nan,nan
964,24.1,4.336580575e-04,3.265690493e-04,nan,nan,nan,nan
965,24.125,4.455238419e-04,3.349119280e-04,nan,nan,nan,nan
966,24.15,4.575052685e-04,3.437684395e-04,nan,nan,nan,nan
967,24.175,4.691296165e-04,3.531848156e-04,nan,nan,nan,nan
968,24.2,4.812897970e-04,3.623437282e-04,nan,nan,nan,nan
969,24.225,4.944025140e-04,3.713677728e-04,nan,nan,nan,nan
970,24.25,5.071389819e-04,3.816838158e-04,nan,nan,nan,nan
971,24.275,5.195508666e-04,3.917296582e-04,nan,nan,nan,nan
972,24.3,5.338903951e-04,4.014698290e-04,nan,nan,nan,nan
973,24.325,5.478339323e-04,4.121725410e-04,nan,nan,nan,nan
974,24.35,5.613312076e-04,4.231815383e-04,nan,nan,nan,nan
975,24.375,5.761152097e-04,4.338693707e-04,nan,nan,nan,nan
976,24.4,5.913678058e-04,4.447610574e-04,nan,nan,nan,nan
977,24.425,6.061503109e-04,4.568150899e-04,nan,nan,nan,nan
978,24.45,6.212283120e-04,4.685321085e-04,nan,nan,nan,nan
979,24.475,6.378994235e-04,4.798702191e-04,nan,nan,nan,nan
980,24.5,6.540758932e-04,4.927498317e-04,nan,nan,nan,nan
981,24.525,6.696984637e-04,5.055835954e-04,nan,nan,nan,nan
982,24.55,6.875929792e-04,5.180193615e-04,nan,nan,nan,nan
983,24.575,7.052800938e-04,5.311089444e-04,nan,nan,nan,nan
984,24.6,7.223839588e-04,5.451534068e-04,nan,nan,nan,nan
985,24.625,7.406178892e-04,5.587803334e-04,nan,nan,nan,nan
986,24.65,7.599407454e-04,5.720191025e-04,nan,nan,nan,nan
987,24.675,7.786501070e-04,5.873749863e-04,nan,nan,nan,nan
988,24.7,7.971486013e-04,6.022933916e-04,nan,nan,nan,nan
989,24.725,8.182412014e-04,6.167216340e-04,nan,nan,nan,nan
990,24.75,8.386892047e-04,6.323854544e-04,nan,nan,nan,nan
991,24.775,8.584182746e-04,6.487028658e-04,nan,nan,nan,nan
992,24.8,8.803701167e-04,6.645062333e-04,nan,nan,nan,nan
993,24.825,9.026993666e-04,6.803253779e-04,nan,nan,nan,nan
994,24.85,9.242727418e-04,6.981569428e-04,nan,nan,nan,nan
995,24.875,9.465211804e-04,7.154500797e-04,nan,nan,nan,nan
996,24.9,9.708842768e-04,7.321430787e-04,nan,nan,nan,nan
997,24.925,9.944535095e-04,7.508074078e-04,nan,nan,nan,nan
998,24.95,1.017141999e-03,7.697130623e-04,nan,nan,nan,nan
999,24.975,1.043452887e-03,7.879896197e-04,nan,nan,nan,nan
1000,25,1.069180132e-03,8.068093387e-04,nan,nan,nan,nan
1001,25.025,1.093981871e-03,8.274588121e-04,nan,nan,nan,nan
1002,25.05,1.120619059e-03,8.474496162e-04,nan,nan,nan,nan
1003,25.075,1.148677657e-03,8.667097268e-04,nan,nan,nan,nan
1004,25.1,1.175764725e-03,8.888543624e-04,nan,nan,nan,nan
1005,25.125,1.202601140e-03,9.106991849e-04,nan,nan,nan,nan
1006,25.15,1.233176224e-03,9.317784549e-04,nan,nan,nan,nan
1007,25.175,1.262732552e-03,9.540697556e-04,nan,nan,nan,nan
1008,25.2,1.291162340e-03,9.779179400e-04,nan,nan,nan,nan
1009,25.225,1.322910594e-03,1.000964980e-03,nan,nan,nan,nan
1010,25.25,1.355132598e-03,1.023277594e-03,nan,nan,nan,nan
1011,25.275,1.386172725e-03,1.049288558e-03,nan,nan,nan,nan
1012,25.3,1.418119615e-03,1.074462129e-03,nan,nan,nan,nan
1013,25.325,1.453216851e-03,1.098709120e-03,nan,nan,nan,nan
1014,25.35,1.487075444e-03,1.124996283e-03,nan,nan,nan,nan
1015,25.375,1.519570472e-03,1.152465828e-03,nan,nan,nan,nan
1016,25.4,1.557241442e-03,1.178966259e-03,nan,nan,nan,nan
1017,25.425,1.594140526e-03,1.205228363e-03,nan,nan,nan,nan
1018,25.45,1.629609980e-03,1.235174547e-03,nan,nan,nan,nan
1019,25.475,1.667465975e-03,1.264108312e-03,nan,nan,nan,nan
1020,25.5,1.707642175e-03,1.291926395e-03,nan,nan,nan,nan
1021,25.525,1.746321006e-03,1.322788693e-03,nan,nan,nan,nan
1022,25.55,1.784152762e-03,1.354347566e-03,nan,nan,nan,nan
1023,25.575,1.827858025e-03,1.384740273e-03,nan,nan,nan,nan
1024,25.6,1.869996610e-03,1.415509919e-03,nan,nan,nan,nan
1025,25.625,1.910415212e-03,1.449898138e-03,nan,nan,nan,nan
1026,25.65,1.955068314e-03,1.483068812e-03,nan,nan,nan,nan
1027,25.675,2.000933206e-03,1.514902796e-03,nan,nan,nan,nan
1028,25.7,2.044997838e-03,1.550975221e-03,nan,nan,nan,nan
1029,25.725,2.089554949e-03,1.587140386e-03,nan,nan,nan,nan
1030,25.75,2.139429657e-03,1.621909324e-03,nan,nan,nan,nan
1031,25.775,2.187422008e-03,1.657794252e-03,nan,nan,nan,nan
1032,25.8,2.233355758e-03,1.697184233e-03,nan,nan,nan,nan
1033,25.825,2.285786257e-03,1.735117430e-03,nan,nan,nan,nan
1034,25.85,2.338005894e-03,1.771456836e-03,nan,nan,nan,nan
1035,25.875,2.388072407e-03,1.813429546e-03,nan,nan,nan,nan
1036,25.9,2.440303613e-03,1.854770883e-03,nan,nan,nan,nan
1037,25.925,2.497068806e-03,1.894448650e-03,nan,nan,nan,nan
1038,25.95,2.551584278e-03,1.936104482e-03,nan,nan,nan,nan
1039,25.975,2.603648121e-03,1.981113074e-03,nan,nan,nan,nan
1040,26,2.664929971e-03,2.024387173e-03,nan,nan,nan,nan
1041,26.025,2.724230295e-03,2.065769761e-03,nan,nan,nan,nan
1042,26.05,2.780968385e-03,2.114385927e-03,nan,nan,nan,nan
1043,26.075,2.841907202e-03,2.161530401e-03,nan,nan,nan,nan
1044,26.1,2.906348842e-03,2.206702063e-03,nan,nan,nan,nan
1045,26.125,2.968115310e-03,2.254828721e-03,nan,nan,nan,nan
1046,26.15,3.028315436e-03,2.306134377e-03,nan,nan,nan,nan
1047,26.175,3.098276312e-03,2.355384662e-03,nan,nan,nan,nan
1048,26.2,3.165446928e-03,2.402676796e-03,nan,nan,nan,nan
1049,26.225,3.229583206e-03,2.458451915e-03,nan,nan,nan,nan
1050,26.25,3.300345530e-03,2.512088033e-03,nan,nan,nan,nan
1051,26.275,3.373318627e-03,2.563395247e-03,nan,nan,nan,nan
1052,26.3,3.443126139e-03,2.618731209e-03,nan,nan,nan,nan
1053,26.325,3.512884043e-03,2.677078761e-03,nan,nan,nan,nan
1054,26.35,3.592081440e-03,2.733001866e-03,nan,nan,nan,nan
1055,26.375,3.667979632e-03,2.787214327e-03,nan,nan,nan,nan
1056,26.4,3.740301181e-03,2.850618048e-03,nan,nan,nan,nan
1057,26.425,3.822080208e-03,2.911500632e-03,nan,nan,nan,nan
1058,26.45,3.904513194e-03,2.969646086e-03,nan,nan,nan,nan
1059,26.475,3.983217908e-03,3.032960088e-03,nan,nan,nan,nan
1060,26.5,4.063651589e-03,3.099165852e-03,nan,nan,nan,nan
1061,26.525,4.153089117e-03,3.162524545e-03,nan,nan,nan,nan
1062,26.55,4.238644159e-03,3.224350335e-03,nan,nan,nan,nan
1063,26.575,4.320002413e-03,3.296263858e-03,nan,nan,nan,nan
1064,26.6,4.414060341e-03,3.365219172e-03,nan,nan,nan,nan
1065,26.625,4.506959764e-03,3.430971403e-03,nan,nan,nan,nan
1066,26.65,4.595488217e-03,3.503051135e-03,nan,nan,nan,nan
1067,26.675,4.687768157e-03,3.578008375e-03,nan,nan,nan,nan
1068,26.7,4.788533908e-03,3.649636725e-03,nan,nan,nan,nan
1069,26.725,4.884751732e-03,3.719772332e-03,nan,nan,nan,nan
1070,26.75,4.976066743e-03,3.801159507e-03,nan,nan,nan,nan
1071,26.775,5.083722676e-03,3.879090773e-03,nan,nan,nan,nan
1072,26.8,5.188178268e-03,3.953289396e-03,nan,nan,nan,nan
1073,26.825,5.287532057e-03,4.034926735e-03,nan,nan,nan,nan
1074,26.85,5.392866427e-03,4.119611526e-03,nan,nan,nan,nan
1075,26.875,5.506138436e-03,4.200420496e-03,nan,nan,nan,nan
1076,26.9,5.614106727e-03,4.279548769e-03,nan,nan,nan,nan
1077,26.925,5.716371897e-03,4.371462303e-03,nan,nan,nan,nan
1078,26.95,5.838985354e-03,4.459355650e-03,nan,nan,nan,nan
1079,26.975,5.956175531e-03,4.542917058e-03,nan,nan,nan,nan
1080,27,6.067436479e-03,4.634889345e-03,nan,nan,nan,nan
1081,27.025,6.187051673e-03,4.730366874e-03,nan,nan,nan,nan
1082,27.05,6.314103822e-03,4.821350388e-03,nan,nan,nan,nan
1083,27.075,6.434997611e-03,4.910119248e-03,nan,nan,nan,nan
1084,27.1,6.550646431e-03,5.013707345e-03,nan,nan,nan,nan
1085,27.125,6.688234367e-03,5.112638238e-03,nan,nan,nan,nan
1086,27.15,6.819432243e-03,5.206561816e-03,nan,nan,nan,nan
1087,27.175,6.943768133e-03,5.309608675e-03,nan,nan,nan,nan
1088,27.2,7.078883995e-03,5.417040021e-03,nan,nan,nan,nan
1089,27.225,7.221092442e-03,5.519281550e-03,nan,nan,nan,nan
1090,27.25,7.356180276e-03,5.618278037e-03,nan,nan,nan,nan
1091,27.275,7.486340082e-03,5.734791513e-03,nan,nan,nan,nan
1092,27.3,7.640301839e-03,5.845931699e-03,nan,nan,nan,nan
1093,27.325,7.786881829e-03,5.951306610e-03,nan,nan,nan,nan
1094,27.35,7.925552796e-03,6.066101806e-03,nan,nan,nan,nan
1095,27.375,8.077351894e-03,6.186751231e-03,nan,nan,nan,nan
1096,27.4,8.236202084e-03,6.301430950e-03,nan,nan,nan,nan
1097,27.425,8.386852870e-03,6.411150115e-03,nan,nan,nan,nan
1098,27.45,8.532497979e-03,6.541950019e-03,nan,nan,nan,nan
1099,27.475,8.704435248e-03,6.666575039e-03,nan,nan,nan,nan
1100,27.5,8.867880338e-03,6.784587633e-03,nan,nan,nan,nan
1101,27.525,9.022246006e-03,6.911705465e-03,nan,nan,nan,nan
1102,27.55,9.191836308e-03,7.046948260e-03,nan,nan,nan,nan
1103,27.575,9.368930656e-03,7.175350819e-03,nan,nan,nan,nan
1104,27.6,9.536621247e-03,7.296449828e-03,nan,nan,nan,nan
1105,27.625,9.698616707e-03,7.442724750e-03,nan,nan,nan,nan
1106,27.65,9.890256712e-03,7.582222052e-03,nan,nan,nan,nan
1107,27.675,1.007216647e-02,7.714163941e-03,nan,nan,nan,nan
1108,27.7,1.024369394e-02,7.854039690e-03,nan,nan,nan,nan
1109,27.725,1.043206427e-02,8.005370606e-03,nan,nan,nan,nan
1110,27.75,1.062913058e-02,8.148893556e-03,nan,nan,nan,nan
1111,27.775,1.081545419e-02,8.284093984e-03,nan,nan,nan,nan
1112,27.8,1.099450723e-02,8.444923643e-03,nan,nan,nan,nan
1113,27.825,1.120771152e-02,8.600801329e-03,nan,nan,nan,nan
1114,27.85,1.140981094e-02,8.748078176e-03,nan,nan,nan,nan
1115,27.875,1.160008367e-02,8.900962165e-03,nan,nan,nan,nan
1116,27.9,1.180805136e-02,9.070004451e-03,nan,nan,nan,nan
1117,27.925,1.202695203e-02,9.230167361e-03,nan,nan,nan,nan
1118,27.95,1.223362759e-02,9.380881081e-03,nan,nan,nan,nan
1119,27.975,1.243023110e-02,9.556570398e-03,nan,nan,nan,nan
1120,28,1.266700512e-02,9.730466634e-03,nan,nan,nan,nan
1121,28.025,1.289115435e-02,9.894607686e-03,nan,nan,nan,nan
1122,28.05,1.310188209e-02,1.006051255e-02,nan,nan,nan,nan
1123,28.075,1.333003227e-02,1.024902762e-02,nan,nan,nan,nan
1124,28.1,1.357277441e-02,1.042748190e-02,nan,nan,nan,nan
1125,28.125,1.380165685e-02,1.059524618e-02,nan,nan,nan,nan
1126,28.15,1.401602445e-02,1.078584388e-02,nan,nan,nan,nan
1127,28.175,1.427852791e-02,1.097953698e-02,nan,nan,nan,nan
1128,28.2,1.452673291e-02,1.116220536e-02,nan,nan,nan,nan
1129,28.225,1.475976269e-02,1.134084620e-02,nan,nan,nan,nan
1130,28.25,1.500837882e-02,1.155074393e-02,nan,nan,nan,nan
1131,28.275,1.527712521e-02,1.174928339e-02,nan,nan,nan,nan
1132,28.3,1.553021681e-02,1.193577173e-02,nan,nan,nan,nan
1133,28.325,1.576673468e-02,1.214100664e-02,nan,nan,nan,nan
1134,28.35,1.605276722e-02,1.235642582e-02,nan,nan,nan,nan
1135,28.375,1.632719145e-02,1.255942961e-02,nan,nan,nan,nan
1136,28.4,1.658451963e-02,1.275015682e-02,nan,nan,nan,nan
1137,28.425,1.685350487e-02,1.298350646e-02,nan,nan,nan,nan
1138,28.45,1.715058588e-02,1.320407855e-02,nan,nan,nan,nan
1139,28.475,1.743004873e-02,1.341111231e-02,nan,nan,nan,nan
1140,28.5,1.769088705e-02,1.363032217e-02,nan,nan,nan,nan
1141,28.525,1.800020600e-02,1.386955895e-02,nan,nan,nan,nan
1142,28.55,1.830318308e-02,1.409486302e-02,nan,nan,nan,nan
1143,28.575,1.858696866e-02,1.430543808e-02,nan,nan,nan,nan
1144,28.6,1.887575784e-02,1.455562925e-02,nan,nan,nan,nan
1145,28.625,1.920368433e-02,1.480034707e-02,nan,nan,nan,nan
1146,28.65,1.951185380e-02,1.502990788e-02,nan,nan,nan,nan
1147,28.675,1.979916717e-02,1.526196048e-02,nan,nan,nan,nan
1148,28.7,2.013120799e-02,1.552728071e-02,nan,nan,nan,nan
1149,28.725,2.046525540e-02,1.577701923e-02,nan,nan,nan,nan
1150,28.75,2.077783438e-02,1.601030563e-02,nan,nan,nan,nan
1151,28.775,2.108529663e-02,1.627528736e-02,nan,nan,nan,nan
1152,28.8,2.144677371e-02,1.654644219e-02,nan,nan,nan,nan
1153,28.825,2.178617300e-02,1.680068521e-02,nan,nan,nan,nan
1154,28.85,2.210229748e-02,1.704389192e-02,nan,nan,nan,nan
1155,28.875,2.245588924e-02,1.733774836e-02,nan,nan,nan,nan
1156,28.9,2.282372297e-02,1.761423805e-02,nan,nan,nan,nan
1157,28.925,2.316762391e-02,1.787241206e-02,nan,nan,nan,nan
1158,28.95,2.349195583e-02,1.815040501e-02,nan,nan,nan,nan
1159,28.975,2.388989753e-02,1.845047950e-02,nan,nan,nan,nan
1160,29,2.426325331e-02,1.873174720e-02,nan,nan,nan,nan
1161,29.025,2.461072292e-02,1.899322019e-02,nan,nan,nan,nan
1162,29.05,2.498397601e-02,1.930881459e-02,nan,nan,nan,nan
1163,29.075,2.538852609e-02,1.961456848e-02,nan,nan,nan,nan
1164,29.1,2.576648669e-02,1.989999907e-02,nan,nan,nan,nan
1165,29.125,2.611650794e-02,2.018853205e-02,nan,nan,nan,nan
1166,29.15,2.654264135e-02,2.052021382e-02,nan,nan,nan,nan
1167,29.175,2.695290023e-02,2.083105048e-02,nan,nan,nan,nan
1168,29.2,2.733446462e-02,2.111996963e-02,nan,nan,nan,nan
1169,29.225,2.772464945e-02,2.144789848e-02,nan,nan,nan,nan
1170,29.25,2.816907636e-02,2.178564015e-02,nan,nan,nan,nan
1171,29.275,2.858406095e-02,2.210090410e-02,nan,nan,nan,nan
1172,29.3,2.896814347e-02,2.239670911e-02,nan,nan,nan,nan
1173,29.325,2.941397138e-02,2.276290466e-02,nan,nan,nan,nan
1174,29.35,2.986431728e-02,2.310607120e-02,nan,nan,nan,nan
1175,29.375,3.028296027e-02,2.342504748e-02,nan,nan,nan,nan
1176,29.4,3.068637770e-02,2.376184527e-02,nan,nan,nan,nan
1177,29.425,3.117408933e-02,2.413452332e-02,nan,nan,nan,nan
1178,29.45,3.162930724e-02,2.448242071e-02,nan,nan,nan,nan
1179,29.475,3.205045677e-02,2.480433459e-02,nan,nan,nan,nan
1180,29.5,3.251206084e-02,2.518517075e-02,nan,nan,nan,nan
1181,29.525,3.300593290e-02,2.556365983e-02,nan,nan,nan,nan
1182,29.55,3.346489186e-02,2.591553479e-02,nan,nan,nan,nan
1183,29.575,3.388731159e-02,2.625677563e-02,nan,nan,nan,nan
1184,29.6,3.441140536e-02,2.666757830e-02,nan,nan,nan,nan
1185,29.625,3.491032979e-02,2.705114826e-02,nan,nan,nan,nan
1186,29.65,3.537181505e-02,2.740618830e-02,nan,nan,nan,nan
1187,29.675,3.584410507e-02,2.779283445e-02,nan,nan,nan,nan
1188,29.7,3.638521598e-02,2.820988561e-02,nan,nan,nan,nan
1189,29.725,3.688800168e-02,2.859774773e-02,nan,nan,nan,nan
1190,29.75,3.735071535e-02,2.895508142e-02,nan,nan,nan,nan
1191,29.775,3.788779962e-02,2.939029520e-02,nan,nan,nan,nan
1192,29.8,3.843418689e-02,2.981283156e-02,nan,nan,nan,nan
1193,29.825,3.893956047e-02,3.020413893e-02,nan,nan,nan,nan
1194,29.85,3.941612664e-02,3.059075722e-02,nan,nan,nan,nan
1195,29.875,4.000848113e-02,3.104987182e-02,nan,nan,nan,nan
1196,29.9,4.055889790e-02,3.147707266e-02,nan,nan,nan,nan
1197,29.925,4.106550481e-02,3.187092091e-02,nan,nan,nan,nan
1198,29.95,4.160878296e-02,3.230712521e-02,nan,nan,nan,nan
1199,29.975,4.220669177e-02,3.277219187e-02,nan,nan,nan,nan
1200,30,4.275981108e-02,3.320317983e-02,nan,nan,nan,nan
1201,30.025,4.326621718e-02,3.359860807e-02,nan,nan,nan,nan
1202,30.05,4.388068549e-02,3.408762317e-02,nan,nan,nan,nan
1203,30.075,4.448285123e-02,3.455779317e-02,nan,nan,nan,nan
1204,30.1,4.503726769e-02,3.499163534e-02,nan,nan,nan,nan
1205,30.125,4.557839533e-02,3.542130514e-02,nan,nan,nan,nan
1206,30.15,4.623220568e-02,3.593275077e-02,nan,nan,nan,nan
1207,30.175,4.683725374e-02,3.640712079e-02,nan,nan,nan,nan
1208,30.2,4.739148573e-02,3.684283010e-02,nan,nan,nan,nan
1209,30.225,4.800521899e-02,3.732584719e-02,nan,nan,nan,nan
1210,30.25,4.866358472e-02,3.784291069e-02,nan,nan,nan,nan
1211,30.275,4.927006554e-02,3.832052426e-02,nan,nan,nan,nan
1212,30.3,4.982255776e-02,3.875706118e-02,nan,nan,nan,nan
1213,30.325,5.051342543e-02,3.929664875e-02,nan,nan,nan,nan
1214,30.35,5.117493100e-02,3.981840577e-02,nan,nan,nan,nan
1215,30.375,5.178132278e-02,4.029825507e-02,nan,nan,nan,nan
1216,30.4,5.238369051e-02,4.076577164e-02,nan,nan,nan,nan
1217,30.425,5.310305902e-02,4.133396064e-02,nan,nan,nan,nan
1218,30.45,5.376621807e-02,4.185943659e-02,nan,nan,nan,nan
1219,30.475,5.437092991e-02,4.234046453e-02,nan,nan,nan,nan
1220,30.5,5.505116790e-02,4.286446077e-02,nan,nan,nan,nan
1221,30.525,5.577402446e-02,4.343792706e-02,nan,nan,nan,nan
1222,30.55,5.643728306e-02,4.396609924e-02,nan,nan,nan,nan
1223,30.575,5.703865856e-02,4.444720188e-02,nan,nan,nan,nan
1224,30.6,5.780125574e-02,4.503082673e-02,nan,nan,nan,nan
1225,30.625,5.852608523e-02,4.560858339e-02,nan,nan,nan,nan
1226,30.65,5.918782559e-02,4.613838347e-02,nan,nan,nan,nan
1227,30.675,5.984415450e-02,4.663501137e-02,nan,nan,nan,nan
1228,30.7,6.063363758e-02,4.726483868e-02,nan,nan,nan,nan
1229,30.725,6.135886260e-02,4.784585436e-02,nan,nan,nan,nan
1230,30.75,6.201740712e-02,4.837617115e-02,nan,nan,nan,nan
1231,30.775,6.275596211e-02,4.893155580e-02,nan,nan,nan,nan
1232,30.8,6.354784994e-02,4.956635079e-02,nan,nan,nan,nan
1233,30.825,6.427183502e-02,5.014955254e-02,nan,nan,nan,nan
1234,30.85,6.492545081e-02,5.067923502e-02,nan,nan,nan,nan
1235,30.875,6.575058109e-02,5.129637164e-02,nan,nan,nan,nan
1236,30.9,6.654328192e-02,5.193510078e-02,nan,nan,nan,nan
1237,30.925,6.726433807e-02,5.251937711e-02,nan,nan,nan,nan
1238,30.95,6.796256027e-02,5.304723777e-02,nan,nan,nan,nan
1239,30.975,6.882730487e-02,5.372911625e-02,nan,nan,nan,nan
1240,31,6.961917519e-02,5.437070874e-02,nan,nan,nan,nan
1241,31.025,7.033556481e-02,5.495491303e-02,nan,nan,nan,nan
1242,31.05,7.111916468e-02,5.552765449e-02,nan,nan,nan,nan
1243,31.075,7.198527495e-02,5.622932520e-02,nan,nan,nan,nan
1244,31.1,7.277462444e-02,5.687267637e-02,nan,nan,nan,nan
1245,31.125,7.348456665e-02,5.745563044e-02,nan,nan,nan,nan
1246,31.15,7.435764721e-02,5.809107148e-02,nan,nan,nan,nan
1247,31.175,7.522348145e-02,5.879641149e-02,nan,nan,nan,nan
1248,31.2,7.600857835e-02,5.944038645e-02,nan,nan,nan,nan
1249,31.225,7.673099882e-02,6.002088449e-02,nan,nan,nan,nan
1250,31.25,7.767688742e-02,6.072174669e-02,nan,nan,nan,nan
1251,31.275,7.854076425e-02,6.142966523e-02,nan,nan,nan,nan
1252,31.3,7.931984097e-02,6.207310276e-02,nan,nan,nan,nan
1253,31.325,8.012928527e-02,6.264991536e-02,nan,nan,nan,nan
1254,31.35,8.107561042e-02,6.341887234e-02,nan,nan,nan,nan
1255,31.375,8.193581443e-02,6.412825356e-02,nan,nan,nan,nan
1256,31.4,8.270707351e-02,6.476997017e-02,nan,nan,nan,nan
1257,31.425,8.360728912e-02,6.540315461e-02,nan,nan,nan,nan
1258,31.45,8.455238857e-02,6.618151392e-02,nan,nan,nan,nan
1259,31.475,8.540717628e-02,6.689122093e-02,nan,nan,nan,nan
1260,31.5,8.616879658e-02,6.753001515e-02,nan,nan,nan,nan
1261,31.525,8.716345850e-02,6.822779841e-02,nan,nan,nan,nan
1262,31.55,8.810564361e-02,6.900861051e-02,nan,nan,nan,nan
1263,31.575,8.895324966e-02,6.971748968e-02,nan,nan,nan,nan
1264,31.6,8.976260432e-02,7.035214654e-02,nan,nan,nan,nan
1265,31.625,9.079608726e-02,7.111681614e-02,nan,nan,nan,nan
1266,31.65,9.173364919e-02,7.189897563e-02,nan,nan,nan,nan
1267,31.675,9.257229270e-02,7.260586100e-02,nan,nan,nan,nan
1268,31.7,9.347180072e-02,7.323515659e-02,nan,nan,nan,nan
1269,31.725,9.450331773e-02,7.406890799e-02,nan,nan,nan,nan
1270,31.75,9.543453380e-02,7.485129820e-02,nan,nan,nan,nan
1271,31.775,9.626242498e-02,7.555501606e-02,nan,nan,nan,nan
1272,31.8,9.725525691e-02,7.622145838e-02,nan,nan,nan,nan
1273,31.825,9.828314387e-02,7.708264644e-02,nan,nan,nan,nan
1274,31.85,9.920628406e-02,7.786414399e-02,nan,nan,nan,nan
1275,31.875,1.000216309e-01,7.856351753e-02,nan,nan,nan,nan
1276,31.9,1.011108279e-01,7.929382934e-02,nan,nan,nan,nan
1277,31.925,1.021334148e-01,8.015647784e-02,nan,nan,nan,nan
1278,31.95,1.030467484e-01,8.093595722e-02,nan,nan,nan,nan
1279,31.975,1.039099759e-01,8.162981129e-02,nan,nan,nan,nan
1280,32,1.050362209e-01,8.242568971e-02,nan,nan,nan,nan
1281,32.025,1.060518385e-01,8.328872425e-02,nan,nan,nan,nan
1282,32.05,1.069536409e-01,8.406506255e-02,nan,nan,nan,nan
1283,32.075,1.079067916e-01,8.475222847e-02,nan,nan,nan,nan
1284,32.1,1.090290001e-01,8.561523612e-02,nan,nan,nan,nan
1285,32.125,1.100359864e-01,8.647758564e-02,nan,nan,nan,nan
1286,32.15,1.109245458e-01,8.724966723e-02,nan,nan,nan,nan
1287,32.175,1.119700179e-01,8.792898766e-02,nan,nan,nan,nan
1288,32.2,1.130865903e-01,8.886054087e-02,nan,nan,nan,nan
1289,32.225,1.140832974e-01,8.972114229e-02,nan,nan,nan,nan
1290,32.25,1.149569215e-01,9.048786363e-02,nan,nan,nan,nan
1291,32.275,1.160969306e-01,9.120683414e-02,nan,nan,nan,nan
1292,32.3,1.172062823e-01,9.215955465e-02,nan,nan,nan,nan
1293,32.325,1.181910828e-01,9.301735753e-02,nan,nan,nan,nan
1294,32.35,1.190581854e-01,9.377763184e-02,nan,nan,nan,nan
1295,32.375,1.202846696e-01,9.455755344e-02,nan,nan,nan,nan
1296,32.4,1.213852376e-01,9.551010950e-02,nan,nan,nan,nan
1297,32.425,1.223565317e-01,9.636408065e-02,nan,nan,nan,nan
1298,32.45,1.233093325e-01,9.711684267e-02,nan,nan,nan,nan
1299,32.475,1.245302446e-01,9.795851114e-02,nan,nan,nan,nan
1300,32.5,1.256204937e-01,9.890992204e-02,nan,nan,nan,nan
1301,32.525,1.265767153e-01,9.975905010e-02,nan,nan,nan,nan
1302,32.55,1.276166718e-01,1.005032607e-01,nan,nan,nan,nan
1303,32.575,1.288305403e-01,1.014072899e-01,nan,nan,nan,nan
1304,32.6,1.299089700e-01,1.023565970e-01,nan,nan,nan,nan
1305,32.625,1.308485930e-01,1.031998969e-01,nan,nan,nan,nan
1306,32.65,1.319769342e-01,1.039345476e-01,nan,nan,nan,nan
1307,32.675,1.331823226e-01,1.049013600e-01,nan,nan,nan,nan
1308,32.7,1.342474727e-01,1.058476307e-01,nan,nan,nan,nan
1309,32.725,1.351690178e-01,1.066841482e-01,nan,nan,nan,nan
1310,32.75,1.363867321e-01,1.074082658e-01,nan,nan,nan,nan
1311,32.775,1.375822445e-01,1.084380828e-01,nan,nan,nan,nan
1312,32.8,1.386327016e-01,1.093804155e-01,nan,nan,nan,nan
1313,32.825,1.395347419e-01,1.102092313e-01,nan,nan,nan,nan
1314,32.85,1.408425650e-01,1.109626584e-01,nan,nan,nan,nan
1315,32.875,1.420268520e-01,1.120147158e-01,nan,nan,nan,nan
1316,32.9,1.430612554e-01,1.129522433e-01,nan,nan,nan,nan
1317,32.925,1.440178426e-01,1.137724772e-01,nan,nan,nan,nan
1318,32.95,1.453408265e-01,1.145782082e-01,nan,nan,nan,nan
1319,32.975,1.465125912e-01,1.156284165e-01,nan,nan,nan,nan
1320,33,1.475296379e-01,1.165603104e-01,nan,nan,nan,nan
1321,33.025,1.485637444e-01,1.173711253e-01,nan,nan,nan,nan
1322,33.05,1.498778110e-01,1.182286674e-01,nan,nan,nan,nan
1323,33.075,1.510358139e-01,1.192762475e-01,nan,nan,nan,nan
1324,33.1,1.520342648e-01,1.202017218e-01,nan,nan,nan,nan
1325,33.125,1.531457499e-01,1.210023273e-01,nan,nan,nan,nan
1326,33.15,1.544497206e-01,1.219109668e-01,nan,nan,nan,nan
1327,33.175,1.555927852e-01,1.229551812e-01,nan,nan,nan,nan
1328,33.2,1.565714693e-01,1.238734958e-01,nan,nan,nan,nan
1329,33.225,1.577599142e-01,1.246631518e-01,nan,nan,nan,nan
1330,33.25,1.590526721e-01,1.256219488e-01,nan,nan,nan,nan
1331,33.275,1.601796893e-01,1.266621050e-01,nan,nan,nan,nan
1332,33.3,1.611375088e-01,1.275725690e-01,nan,nan,nan,nan
1333,33.325,1.624022096e-01,1.283505891e-01,nan,nan,nan,nan
1334,33.35,1.636827042e-01,1.293583731e-01,nan,nan,nan,nan
1335,33.375,1.647926369e-01,1.303938266e-01,nan,nan,nan,nan
1336,33.4,1.657285715e-01,1.312958014e-01,nan,nan,nan,nan
1337,33.425,1.670685333e-01,1.320615556e-01,nan,nan,nan,nan
1338,33.45,1.683357847e-01,1.331169222e-01,nan,nan,nan,nan
1339,33.475,1.694276716e-01,1.341470793e-01,nan,nan,nan,nan
1340,33.5,1.703407825e-01,1.350399815e-01,nan,nan,nan,nan
1341,33.525,1.717547152e-01,1.357928990e-01,nan,nan,nan,nan
1342,33.55,1.730078177e-01,1.368942071e-01,nan,nan,nan,nan
1343,33.575,1.740807774e-01,1.379185277e-01,nan,nan,nan,nan
1344,33.6,1.750370562e-01,1.388018315e-01,nan,nan,nan,nan
1345,33.625,1.764565253e-01,1.395414032e-01,nan,nan,nan,nan
1346,33.65,1.776946510e-01,1.406867738e-01,nan,nan,nan,nan
1347,33.675,1.787478851e-01,1.417047735e-01,nan,nan,nan,nan
1348,33.7,1.797611943e-01,1.425780129e-01,nan,nan,nan,nan
1349,33.725,1.811696820e-01,1.433342088e-01,nan,nan,nan,nan
1350,33.75,1.823920838e-01,1.444911091e-01,nan,nan,nan,nan
1351,33.775,1.834248795e-01,1.455023613e-01,nan,nan,nan,nan
1352,33.8,1.844930534e-01,1.463651321e-01,nan,nan,nan,nan
1353,33.825,1.858898595e-01,1.471501498e-01,nan,nan,nan,nan
1354,33.85,1.870958736e-01,1.483036472e-01,nan,nan,nan,nan
1355,33.875,1.881076065e-01,1.493077848e-01,nan,nan,nan,nan
1356,33.9,1.892281910e-01,1.501597459e-01,nan,nan,nan,nan
1357,33.925,1.906126962e-01,1.509710154e-01,nan,nan,nan,nan
1358,33.95,1.918017443e-01,1.521207760e-01,nan,nan,nan,nan
1359,33.975,1.927918801e-01,1.531174928e-01,nan,nan,nan,nan
1360,34,1.939621348e-01,1.539583678e-01,nan,nan,nan,nan
1361,34.025,1.953338021e-01,1.547930961e-01,nan,nan,nan,nan
1362,34.05,1.965053934e-01,1.559388441e-01,nan,nan,nan,nan
1363,34.075,1.974734895e-01,1.569278957e-01,nan,nan,nan,nan
1364,34.1,1.986903909e-01,1.577574736e-01,nan,nan,nan,nan
1365,34.125,2.000487677e-01,1.586126484e-01,nan,nan,nan,nan
1366,34.15,2.012024995e-01,1.597541673e-01,nan,nan,nan,nan
1367,34.175,2.021482060e-01,1.607353720e-01,nan,nan,nan,nan
1368,34.2,2.034084525e-01,1.615535078e-01,nan,nan,nan,nan
1369,34.225,2.047531711e-01,1.624259029e-01,nan,nan,nan,nan
1370,34.25,2.058887301e-01,1.635630356e-01,nan,nan,nan,nan
1371,34.275,2.068117905e-01,1.645362747e-01,nan,nan,nan,nan
1372,34.3,2.081118085e-01,1.653428897e-01,nan,nan,nan,nan
1373,34.325,2.094425868e-01,1.662290710e-01,nan,nan,nan,nan
1374,34.35,2.105597494e-01,1.673617204e-01,nan,nan,nan,nan
1375,34.375,2.114600003e-01,1.683269382e-01,nan,nan,nan,nan
1376,34.4,2.127959517e-01,1.691220197e-01,nan,nan,nan,nan
1377,34.425,2.141125934e-01,1.700183529e-01,nan,nan,nan,nan
1378,34.45,2.152112254e-01,1.711464816e-01,nan,nan,nan,nan
1379,34.475,2.160885968e-01,1.721036851e-01,nan,nan,nan,nan
1380,34.5,2.174563878e-01,1.728872863e-01,nan,nan,nan,nan
1381,34.525,2.187587820e-01,1.737899452e-01,nan,nan,nan,nan
1382,34.55,2.198388380e-01,1.749135750e-01,nan,nan,nan,nan
1383,34.575,2.206933521e-01,1.758628335e-01,nan,nan,nan,nan
1384,34.6,2.220886436e-01,1.766350722e-01,nan,nan,nan,nan
1385,34.625,2.233767641e-01,1.775400483e-01,nan,nan,nan,nan
1386,34.65,2.244382870e-01,1.786592595e-01,nan,nan,nan,nan
1387,34.675,2.252700568e-01,1.796007034e-01,nan,nan,nan,nan
1388,34.7,2.266882762e-01,1.803617615e-01,nan,nan,nan,nan
1389,34.725,2.279621802e-01,1.812648748e-01,nan,nan,nan,nan
1390,34.75,2.290052990e-01,1.823798051e-01,nan,nan,nan,nan
1391,34.775,2.298145272e-01,1.833136247e-01,nan,nan,nan,nan
1392,34.8,2.312508809e-01,1.840637463e-01,nan,nan,nan,nan
1393,34.825,2.325107076e-01,1.849606571e-01,nan,nan,nan,nan
1394,34.85,2.335356362e-01,1.860715002e-01,nan,nan,nan,nan
1395,34.875,2.343226124e-01,1.869979443e-01,nan,nan,nan,nan
1396,34.9,2.357721007e-01,1.877374341e-01,nan,nan,nan,nan
1397,34.925,2.370180689e-01,1.886236555e-01,nan,nan,nan,nan
1398,34.95,2.380251036e-01,1.897306595e-01,nan,nan,nan,nan
1399,34.975,2.387902023e-01,1.906500335e-01,nan,nan,nan,nan
1400,35,2.402476340e-01,1.913792549e-01,nan,nan,nan,nan
1401,35.025,2.414800403e-01,1.922501666e-01,nan,nan,nan,nan
1402,35.05,2.424695570e-01,1.933536321e-01,nan,nan,nan,nan
1403,35.075,2.432132348e-01,1.942662956e-01,nan,nan,nan,nan
1404,35.1,2.446732442e-01,1.949856683e-01,nan,nan,nan,nan
1405,35.125,2.458924597e-01,1.958365313e-01,nan,nan,nan,nan
1406,35.15,2.468649112e-01,1.969368088e-01,nan,nan,nan,nan
1407,35.175,2.475908547e-01,1.978431736e-01,nan,nan,nan,nan
1408,35.2,2.490447676e-01,1.985531711e-01,nan,nan,nan,nan
1409,35.225,2.502512352e-01,1.993791431e-01,nan,nan,nan,nan
1410,35.25,2.512071478e-01,2.004766311e-01,nan,nan,nan,nan
1411,35.275,2.519126898e-01,2.013771584e-01,nan,nan,nan,nan
1412,35.3,2.533581226e-01,2.020783049e-01,nan,nan,nan,nan
1413,35.325,2.545523532e-01,2.028744565e-01,nan,nan,nan,nan
1414,35.35,2.554923229e-01,2.039695985e-01,nan,nan,nan,nan
1415,35.375,2.561752450e-01,2.048647958e-01,nan,nan,nan,nan
1416,35.4,2.576093177e-01,2.055576637e-01,nan,nan,nan,nan
1417,35.425,2.587918869e-01,2.063189955e-01,nan,nan,nan,nan
1418,35.45,2.597165758e-01,2.074122768e-01,nan,nan,nan,nan
1419,35.475,2.603806523e-01,2.083026953e-01,nan,nan,nan,nan
1420,35.5,2.617944609e-01,2.089879015e-01,nan,nan,nan,nan
1421,35.525,2.629660047e-01,2.097093616e-01,nan,nan,nan,nan
1422,35.55,2.638761363e-01,2.108013069e-01,nan,nan,nan,nan
1423,35.575,2.645221786e-01,2.116875377e-01,nan,nan,nan,nan
1424,35.6,2.659097676e-01,2.123657402e-01,nan,nan,nan,nan
1425,35.625,2.670709783e-01,2.130422426e-01,nan,nan,nan,nan
1426,35.65,2.679673336e-01,2.141334120e-01,nan,nan,nan,nan
1427,35.675,2.685962109e-01,2.150160831e-01,nan,nan,nan,nan
1428,35.7,2.699515692e-01,2.156879777e-01,nan,nan,nan,nan
1429,35.725,2.711031911e-01,2.163144208e-01,nan,nan,nan,nan
1430,35.75,2.719866034e-01,2.174054067e-01,nan,nan,nan,nan
1431,35.775,2.725992383e-01,2.182851792e-01,nan,nan,nan,nan
1432,35.8,2.739163217e-01,2.189514953e-01,nan,nan,nan,nan
1433,35.825,2.750591462e-01,2.195227811e-01,nan,nan,nan,nan
1434,35.85,2.759304969e-01,2.206142048e-01,nan,nan,nan,nan
1435,35.875,2.765278600e-01,2.214917690e-01,nan,nan,nan,nan
1436,35.9,2.778006139e-01,2.221532663e-01,nan,nan,nan,nan
1437,35.925,2.789354750e-01,2.226643196e-01,nan,nan,nan,nan
1438,35.95,2.797956882e-01,2.237568273e-01,nan,nan,nan,nan
1439,35.975,2.803787932e-01,2.246328993e-01,nan,nan,nan,nan
1440,36,2.816011759e-01,2.252903632e-01,nan,nan,nan,nan
1441,36.025,2.827289450e-01,2.257361516e-01,nan,nan,nan,nan
1442,36.05,2.835789823e-01,2.268304107e-01,nan,nan,nan,nan
1443,36.075,2.841488808e-01,2.277057282e-01,nan,nan,nan,nan
1444,36.1,2.853148865e-01,2.283599663e-01,nan,nan,nan,nan
1445,36.125,2.864364676e-01,2.287912188e-01,nan,nan,nan,nan
1446,36.15,2.872773234e-01,2.298322150e-01,nan,nan,nan,nan
1447,36.175,2.878350992e-01,2.307075332e-01,nan,nan,nan,nan
1448,36.2,2.889387819e-01,2.313593709e-01,nan,nan,nan,nan
1449,36.225,2.900551064e-01,2.317858580e-01,nan,nan,nan,nan
1450,36.25,2.908878023e-01,2.327596312e-01,nan,nan,nan,nan
1451,36.275,2.914345661e-01,2.336357193e-01,nan,nan,nan,nan
1452,36.3,2.924700628e-01,2.342859956e-01,nan,nan,nan,nan
1453,36.325,2.935820845e-01,2.347086260e-01,nan,nan,nan,nan
1454,36.35,2.944076640e-01,2.356101894e-01,nan,nan,nan,nan
1455,36.375,2.949445485e-01,2.364878261e-01,nan,nan,nan,nan
1456,36.4,2.959061023e-01,2.371373897e-01,nan,nan,nan,nan
1457,36.425,2.970147921e-01,2.375570814e-01,nan,nan,nan,nan
1458,36.45,2.978343156e-01,2.383815660e-01,nan,nan,nan,nan
1459,36.475,2.983624693e-01,2.392615355e-01,nan,nan,nan,nan
1460,36.5,2.992444530e-01,2.399112406e-01,nan,nan,nan,nan
1461,36.525,3.003507940e-01,2.403289169e-01,nan,nan,nan,nan
1462,36.55,3.011653332e-01,2.410715907e-01,nan,nan,nan,nan
1463,36.575,3.016859156e-01,2.419546793e-01,nan,nan,nan,nan
1464,36.6,3.024828537e-01,2.426053815e-01,nan,nan,nan,nan
1465,36.625,3.035878361e-01,2.430219665e-01,nan,nan,nan,nan
1466,36.65,3.043984691e-01,2.436782542e-01,nan,nan,nan,nan
1467,36.675,3.049126450e-01,2.445652456e-01,nan,nan,nan,nan
1468,36.7,3.056192366e-01,2.452177978e-01,nan,nan,nan,nan
1469,36.725,3.067238526e-01,2.456342128e-01,nan,nan,nan,nan
1470,36.75,3.075316587e-01,2.461997139e-01,nan,nan,nan,nan
1471,36.775,3.080405933e-01,2.470913859e-01,nan,nan,nan,nan
1472,36.8,3.086517331e-01,2.477466345e-01,nan,nan,nan,nan
1473,36.825,3.097569720e-01,2.481637936e-01,nan,nan,nan,nan
1474,36.85,3.105630266e-01,2.486343010e-01,nan,nan,nan,nan
1475,36.875,3.110678803e-01,2.495314216e-01,nan,nan,nan,nan
1476,36.9,3.115786799e-01,2.501902025e-01,nan,nan,nan,nan
1477,36.925,3.126855233e-01,2.506090087e-01,nan,nan,nan,nan
1478,36.95,3.134908933e-01,2.509805260e-01,nan,nan,nan,nan
1479,36.975,3.139928164e-01,2.518838496e-01,nan,nan,nan,nan
1480,37,3.143986241e-01,2.525469846e-01,nan,nan,nan,nan
1481,37.025,3.155080415e-01,2.529683261e-01,nan,nan,nan,nan
1482,37.05,3.163137802e-01,2.532370842e-01,nan,nan,nan,nan
1483,37.075,3.168139088e-01,2.541473483e-01,nan,nan,nan,nan
1484,37.1,3.171103286e-01,2.548156415e-01,nan,nan,nan,nan
1485,37.125,3.182232728e-01,2.552403878e-01,nan,nan,nan,nan
1486,37.15,3.190304156e-01,2.554202621e-01,nan,nan,nan,nan
1487,37.175,3.195298662e-01,2.563207827e-01,nan,nan,nan,nan
1488,37.2,3.197200528e-01,2.569950168e-01,nan,nan,nan,nan
1489,37.225,3.208301791e-01,2.574240155e-01,nan,nan,nan,nan
1490,37.25,3.216397390e-01,2.576064829e-01,nan,nan,nan,nan
1491,37.275,3.221396046e-01,2.584032087e-01,nan,nan,nan,nan
1492,37.3,3.223282446e-01,2.590841422e-01,nan,nan,nan,nan
1493,37.325,3.233279419e-01,2.595182155e-01,nan,nan,nan,nan
1494,37.35,3.241409057e-01,2.597041609e-01,nan,nan,nan,nan
1495,37.375,3.246422515e-01,2.603938777e-01,nan,nan,nan,nan
1496,37.4,3.248304869e-01,2.610822415e-01,nan,nan,nan,nan
1497,37.425,3.257159662e-01,2.615221831e-01,nan,nan,nan,nan
1498,37.45,3.265332902e-01,2.617124619e-01,nan,nan,nan,nan
1499,37.475,3.270371495e-01,2.622922400e-01,nan,nan,nan,nan
1500,37.5,3.272260891e-01,2.629887344e-01,nan,nan,nan,nan
1501,37.525,3.279938830e-01,2.634353065e-01,nan,nan,nan,nan
1502,37.55,3.288164897e-01,2.636307415e-01,nan,nan,nan,nan
1503,37.575,3.293238602e-01,2.640979475e-01,nan,nan,nan,nan
1504,37.6,3.295145758e-01,2.648032399e-01,nan,nan,nan,nan
1505,37.625,3.301615516e-01,2.652571705e-01,nan,nan,nan,nan
1506,37.65,3.309903259e-01,2.654585493e-01,nan,nan,nan,nan
1507,37.675,3.315021667e-01,2.658108564e-01,nan,nan,nan,nan
1508,37.7,3.316956894e-01,2.665255784e-01,nan,nan,nan,nan
1509,37.725,3.322190613e-01,2.669875588e-01,nan,nan,nan,nan
1510,37.75,3.330548477e-01,2.671956312e-01,nan,nan,nan,nan
1511,37.775,3.335720754e-01,2.674310284e-01,nan,nan,nan,nan
1512,37.8,3.337693928e-01,2.681557740e-01,nan,nan,nan,nan
1513,37.825,3.341667315e-01,2.686264563e-01,nan,nan,nan,nan
1514,37.85,3.350103313e-01,2.688419320e-01,nan,nan,nan,nan
1515,37.875,3.355338178e-01,2.689587319e-01,nan,nan,nan,nan
1516,37.9,3.357358708e-01,2.696940550e-01,nan,nan,nan,nan
1517,37.925,3.360051126e-01,2.701740507e-01,nan,nan,nan,nan
1518,37.95,3.368572811e-01,2.703975969e-01,nan,nan,nan,nan
1519,37.975,3.373878507e-01,2.703944420e-01,nan,nan,nan,nan
1520,38,3.375955309e-01,2.711408551e-01,nan,nan,nan,nan
1521,38.025,3.377349845e-01,2.716307325e-01,nan,nan,nan,nan
1522,38.05,3.385964287e-01,2.718629725e-01,nan,nan,nan,nan
1523,38.075,3.391348559e-01,2.718367346e-01,nan,nan,nan,nan
1524,38.1,3.393490036e-01,2.724968123e-01,nan,nan,nan,nan
1525,38.125,3.393573550e-01,2.729970953e-01,nan,nan,nan,nan
1526,38.15,3.402287322e-01,2.732386068e-01,nan,nan,nan,nan
1527,38.175,3.407757395e-01,2.732205263e-01,nan,nan,nan,nan
1528,38.2,3.409971415e-01,2.737627680e-01,nan,nan,nan,nan
1529,38.225,3.408920333e-01,2.742739350e-01,nan,nan,nan,nan
1530,38.25,3.417553734e-01,2.745252488e-01,nan,nan,nan,nan
1531,38.275,3.423116300e-01,2.745159075e-01,nan,nan,nan,nan
1532,38.3,3.425410177e-01,2.749397651e-01,nan,nan,nan,nan
1533,38.325,3.424426578e-01,2.754622478e-01,nan,nan,nan,nan
1534,38.35,3.431777549e-01,2.757238464e-01,nan,nan,nan,nan
1535,38.375,3.437438752e-01,2.757237771e-01,nan,nan,nan,nan
1536,38.4,3.439819237e-01,2.760290453e-01,nan,nan,nan,nan
1537,38.425,3.438910462e-01,2.765632277e-01,nan,nan,nan,nan
1538,38.45,3.444974964e-01,2.768355449e-01,nan,nan,nan,nan
1539,38.475,3.450740390e-01,2.768452301e-01,nan,nan,nan,nan
1540,38.5,3.453213657e-01,2.770320450e-01,nan,nan,nan,nan
1541,38.525,3.452386457e-01,2.775782630e-01,nan,nan,nan,nan
1542,38.55,3.457164300e-01,2.778616834e-01,nan,nan,nan,nan
1543,38.575,3.463038967e-01,2.778815550e-01,nan,nan,nan,nan
1544,38.6,3.465610607e-01,2.779503915e-01,nan,nan,nan,nan
1545,38.625,3.464871131e-01,2.785089327e-01,nan,nan,nan,nan
1546,38.65,3.468365940e-01,2.788037909e-01,nan,nan,nan,nan
1547,38.675,3.474354296e-01,2.788342297e-01,nan,nan,nan,nan
1548,38.7,3.477029313e-01,2.787858969e-01,nan,nan,nan,nan
1549,38.725,3.476383107e-01,2.793570005e-01,nan,nan,nan,nan
1550,38.75,3.478602269e-01,2.796635815e-01,nan,nan,nan,nan
1551,38.775,3.484708189e-01,2.797049174e-01,nan,nan,nan,nan
1552,38.8,3.487490998e-01,2.795405527e-01,nan,nan,nan,nan
1553,38.825,3.486943001e-01,2.801244097e-01,nan,nan,nan,nan
1554,38.85,3.487897595e-01,2.804429489e-01,nan,nan,nan,nan
1555,38.875,3.494124386e-01,2.804954608e-01,nan,nan,nan,nan
1556,38.9,3.497018812e-01,2.802815020e-01,nan,nan,nan,nan
1557,38.925,3.496573359e-01,2.808132761e-01,nan,nan,nan,nan
1558,38.95,3.496278071e-01,2.811439597e-01,nan,nan,nan,nan
1559,38.975,3.502628470e-01,2.812078759e-01,nan,nan,nan,nan
1560,39,3.505637756e-01,2.810045939e-01,nan,nan,nan,nan
1561,39.025,3.505298581e-01,2.814258804e-01,nan,nan,nan,nan
1562,39.05,3.503771598e-01,2.817688461e-01,nan,nan,nan,nan
1563,39.075,3.510247785e-01,2.818443453e-01,nan,nan,nan,nan
1564,39.1,3.513374596e-01,2.816519587e-01,nan,nan,nan,nan
1565,39.125,3.513144842e-01,2.819646603e-01,nan,nan,nan,nan
1566,39.15,3.511280042e-01,2.823199981e-01,nan,nan,nan,nan
1567,39.175,3.517011334e-01,2.824072099e-01,nan,nan,nan,nan
1568,39.2,3.520257769e-01,2.822258869e-01,nan,nan,nan,nan
1569,39.225,3.520139992e-01,2.824322009e-01,nan,nan,nan,nan
1570,39.25,3.518486207e-01,2.827999543e-01,nan,nan,nan,nan
1571,39.275,3.522949677e-01,2.828989603e-01,nan,nan,nan,nan
1572,39.3,3.526317279e-01,2.827288200e-01,nan,nan,nan,nan
1573,39.325,3.526313466e-01,2.828312250e-01,nan,nan,nan,nan
1574,39.35,3.524856300e-01,2.832113921e-01,nan,nan,nan,nan
1575,39.375,3.528094819e-01,2.833222275e-01,nan,nan,nan,nan
1576,39.4,3.531584589e-01,2.831633413e-01,nan,nan,nan,nan
1577,39.425,3.531696169e-01,2.832366192e-01,nan,nan,nan,nan
1578,39.45,3.530421107e-01,2.835571182e-01,nan,nan,nan,nan
1579,39.475,3.532480086e-01,2.836797727e-01,nan,nan,nan,nan
1580,39.5,3.536092501e-01,2.835321653e-01,nan,nan,nan,nan
1581,39.525,3.536320363e-01,2.836189403e-01,nan,nan,nan,nan
1582,39.55,3.535212805e-01,2.838400566e-01,nan,nan,nan,nan
1583,39.575,3.536140004e-01,2.839744767e-01,nan,nan,nan,nan
1584,39.6,3.539875036e-01,2.838381281e-01,nan,nan,nan,nan
1585,39.625,3.540219545e-01,2.839372013e-01,nan,nan,nan,nan
1586,39.65,3.539264845e-01,2.840632377e-01,nan,nan,nan,nan
1587,39.675,3.539616926e-01,2.842093280e-01,nan,nan,nan,nan
1588,39.7,3.542967299e-01,2.840841752e-01,nan,nan,nan,nan
1589,39.725,3.543428322e-01,2.841943409e-01,nan,nan,nan,nan
1590,39.75,3.542611824e-01,2.842297859e-01,nan,nan,nan,nan
1591,39.775,3.543081585e-01,2.843874113e-01,nan,nan,nan,nan
1592,39.8,3.545405349e-01,2.842733502e-01,nan,nan,nan,nan
1593,39.825,3.545982270e-01,2.843933988e-01,nan,nan,nan,nan
1594,39.85,3.545289354e-01,2.843429069e-01,nan,nan,nan,nan
1595,39.875,3.545876345e-01,2.845118945e-01,nan,nan,nan,nan
1596,39.9,3.547226050e-01,2.844087822e-01,nan,nan,nan,nan
1597,39.925,3.547917800e-01,2.845375043e-01,nan,nan,nan,nan
1598,39.95,3.547333919e-01,2.844346259e-01,nan,nan,nan,nan
1599,39.975,3.548037223e-01,2.845860164e-01,nan,nan,nan,nan
1600,40,3.548466933e-01,2.844936731e-01,nan,nan,nan,nan
1601,40.025,3.549272015e-01,2.846298631e-01,nan,nan,nan,nan
1602,40.05,3.548782737e-01,2.845379095e-01,nan,nan,nan,nan
1603,40.075,3.549600996e-01,2.846670404e-01,nan,nan,nan,nan
1604,40.1,3.549166046e-01,2.845753863e-01,nan,nan,nan,nan
1605,40.125,3.550082555e-01,2.846972786e-01,nan,nan,nan,nan
1606,40.15,3.549673611e-01,2.846058346e-01,nan,nan,nan,nan
1607,40.175,3.550605052e-01,2.847283621e-01,nan,nan,nan,nan
1608,40.2,3.550113143e-01,2.846475933e-01,nan,nan,nan,nan
1609,40.225,3.551058489e-01,2.847766501e-01,nan,nan,nan,nan
1610,40.25,3.550481527e-01,2.846962507e-01,nan,nan,nan,nan
1611,40.275,3.551439752e-01,2.848183251e-01,nan,nan,nan,nan
1612,40.3,3.550775542e-01,2.847382021e-01,nan,nan,nan,nan
1613,40.325,3.551745625e-01,2.848530986e-01,nan,nan,nan,nan
1614,40.35,3.551224737e-01,2.847731601e-01,nan,nan,nan,nan
1615,40.375,3.552297614e-01,2.848806805e-01,nan,nan,nan,nan
1616,40.4,3.551715289e-01,2.848008358e-01,nan,nan,nan,nan
1617,40.425,3.552801778e-01,2.849195921e-01,nan,nan,nan,nan
1618,40.45,3.552135108e-01,2.848508135e-01,nan,nan,nan,nan
1619,40.475,3.553234153e-01,2.849656374e-01,nan,nan,nan,nan
1620,40.5,3.552480796e-01,2.848971111e-01,nan,nan,nan,nan
1621,40.525,3.553591351e-01,2.850047978e-01,nan,nan,nan,nan
1622,40.55,3.552748967e-01,2.849364304e-01,nan,nan,nan,nan
1623,40.575,3.553947114e-01,2.850367848e-01,nan,nan,nan,nan
1624,40.6,3.553271986e-01,2.849684851e-01,nan,nan,nan,nan
1625,40.625,3.554500406e-01,2.850613205e-01,nan,nan,nan,nan
1626,40.65,3.553741380e-01,2.850014245e-01,nan,nan,nan,nan
1627,40.675,3.554982032e-01,2.851087809e-01,nan,nan,nan,nan
1628,40.7,3.554136798e-01,2.850519144e-01,nan,nan,nan,nan
1629,40.725,3.555388629e-01,2.851521838e-01,nan,nan,nan,nan
1630,40.75,3.554454971e-01,2.850954534e-01,nan,nan,nan,nan
1631,40.775,3.555716951e-01,2.851884574e-01,nan,nan,nan,nan
1632,40.8,3.554780741e-01,2.851317724e-01,nan,nan,nan,nan
1633,40.825,3.556151845e-01,2.852173452e-01,nan,nan,nan,nan
1634,40.85,3.555297879e-01,2.851606174e-01,nan,nan,nan,nan
1635,40.875,3.556680926e-01,2.852475979e-01,nan,nan,nan,nan
1636,40.9,3.555741514e-01,2.852024568e-01,nan,nan,nan,nan
1637,40.925,3.557135457e-01,2.852951617e-01,nan,nan,nan,nan
1638,40.95,3.556108644e-01,2.852501388e-01,nan,nan,nan,nan
1639,40.975,3.557512465e-01,2.853356846e-01,nan,nan,nan,nan
1640,41,3.556396445e-01,2.852906898e-01,nan,nan,nan,nan
1641,41.025,3.557809153e-01,2.853689314e-01,nan,nan,nan,nan
1642,41.05,3.556803339e-01,2.853238771e-01,nan,nan,nan,nan
1643,41.075,3.558329625e-01,2.853946780e-01,nan,nan,nan,nan
1644,41.1,3.557294694e-01,2.853494787e-01,nan,nan,nan,nan
1645,41.125,3.558831657e-01,2.854338054e-01,nan,nan,nan,nan
1646,41.15,3.557710844e-01,2.854005662e-01,nan,nan,nan,nan
1647,41.175,3.559257473e-01,2.854786225e-01,nan,nan,nan,nan
1648,41.2,3.558049181e-01,2.854453981e-01,nan,nan,nan,nan
1649,41.225,3.559604486e-01,2.855162999e-01,nan,nan,nan,nan
1650,41.25,3.558307172e-01,2.854830022e-01,nan,nan,nan,nan
1651,41.275,3.559929055e-01,2.855466150e-01,nan,nan,nan,nan
1652,41.3,3.558798236e-01,2.855131569e-01,nan,nan,nan,nan
1653,41.325,3.560479187e-01,2.855693430e-01,nan,nan,nan,nan
1654,41.35,3.559264297e-01,2.855469594e-01,nan,nan,nan,nan
1655,41.375,3.560954738e-01,2.856175297e-01,nan,nan,nan,nan
1656,41.4,3.559654211e-01,2.855961563e-01,nan,nan,nan,nan
1657,41.425,3.561353137e-01,2.856597145e-01,nan,nan,nan,nan
1658,41.45,3.559965359e-01,2.856382539e-01,nan,nan,nan,nan
1659,41.475,3.561671773e-01,2.856946523e-01,nan,nan,nan,nan
1660,41.5,3.560255359e-01,2.856730149e-01,nan,nan,nan,nan
1661,41.525,3.562081271e-01,2.856990171e-01,nan,nan,nan,nan
1662,41.55,3.560772305e-01,2.856895798e-01,nan,nan,nan,nan
1663,41.575,3.562607533e-01,2.857526417e-01,nan,nan,nan,nan
1664,41.6,3.561214501e-01,2.857431946e-01,nan,nan,nan,nan
1665,41.625,3.563058007e-01,2.856904668e-01,nan,nan,nan,nan
1666,41.65,3.561484342e-01,2.856927970e-01,nan,nan,nan,nan
1667,41.675,3.562991674e-01,2.857614071e-01,nan,nan,nan,nan
1668,41.7,3.561669026e-01,2.857639064e-01,nan,nan,nan,nan
1669,41.725,3.563640809e-01,2.856373347e-01,nan,nan,nan,nan
1670,41.75,3.562191345e-01,2.856511433e-01,nan,nan,nan,nan
1671,41.775,3.562861522e-01,2.857241937e-01,nan,nan,nan,nan
1672,41.8,3.561596099e-01,2.857383616e-01,nan,nan,nan,nan
1673,41.825,3.563693444e-01,2.855429338e-01,nan,nan,nan,nan
1674,41.85,3.562365767e-01,2.855679015e-01,nan,nan,nan,nan
1675,41.875,3.562254785e-01,2.856442953e-01,nan,nan,nan,nan
1676,41.9,3.561033618e-01,2.856698220e-01,nan,nan,nan,nan
1677,41.925,3.563253442e-01,2.854214336e-01,nan,nan,nan,nan
1678,41.95,3.562044755e-01,2.854463855e-01,nan,nan,nan,nan
1679,41.975,3.561209409e-01,2.855250402e-01,nan,nan,nan,nan
1680,42,3.560098926e-01,2.855615871e-01,nan,nan,nan,nan
1681,42.025,3.562358636e-01,2.853239475e-01,nan,nan,nan,nan
1682,42.05,3.561265787e-01,2.852899270e-01,nan,nan,nan,nan
1683,42.075,3.559763424e-01,2.853697783e-01,nan,nan,nan,nan
1684,42.1,3.558763065e-01,2.854169803e-01,nan,nan,nan,nan
1685,42.125,3.561047013e-01,2.851897470e-01,nan,nan,nan,nan
1686,42.15,3.560066531e-01,2.851018617e-01,nan,nan,nan,nan
1687,42.175,3.557954795e-01,2.851818675e-01,nan,nan,nan,nan
1688,42.2,3.557060718e-01,2.852393358e-01,nan,nan,nan,nan
1689,42.225,3.559356571e-01,2.850221413e-01,nan,nan,nan,nan
1690,42.25,3.558484690e-01,2.848855160e-01,nan,nan,nan,nan
1691,42.275,3.555821276e-01,2.849646594e-01,nan,nan,nan,nan
1692,42.3,3.555029392e-01,2.850319844e-01,nan,nan,nan,nan
1693,42.325,3.557325161e-01,2.848244393e-01,nan,nan,nan,nan
1694,42.35,3.556557856e-01,2.846441929e-01,nan,nan,nan,nan
1695,42.375,3.553400258e-01,2.847214865e-01,nan,nan,nan,nan
1696,42.4,3.552706260e-01,2.847982401e-01,nan,nan,nan,nan
1697,42.425,3.554990344e-01,2.845999357e-01,nan,nan,nan,nan
1698,42.45,3.554323360e-01,2.843811585e-01,nan,nan,nan,nan
1699,42.475,3.550728622e-01,2.844556479e-01,nan,nan,nan,nan
1700,42.5,3.550128019e-01,2.845413867e-01,nan,nan,nan,nan
1701,42.525,3.552389240e-01,2.843518977e-01,nan,nan,nan,nan
1702,42.55,3.551818125e-01,2.840996289e-01,nan,nan,nan,nan
1703,42.575,3.547842597e-01,2.841703963e-01,nan,nan,nan,nan
1704,42.6,3.547330744e-01,2.842646640e-01,nan,nan,nan,nan
1705,42.625,3.549558386e-01,2.840835512e-01,nan,nan,nan,nan
1706,42.65,3.549078520e-01,2.838027572e-01,nan,nan,nan,nan
1707,42.675,3.545152563e-01,2.838689246e-01,nan,nan,nan,nan
1708,42.7,3.544349748e-01,2.839712548e-01,nan,nan,nan,nan
1709,42.725,3.546533589e-01,2.837980682e-01,nan,nan,nan,nan
1710,42.75,3.546140216e-01,2.834936204e-01,nan,nan,nan,nan
1711,42.775,3.542299113e-01,2.835543533e-01,nan,nan,nan,nan
1712,42.8,3.541219442e-01,2.836642721e-01,nan,nan,nan,nan
1713,42.825,3.543349795e-01,2.834985530e-01,nan,nan,nan,nan
1714,42.85,3.543038053e-01,2.831752073e-01,nan,nan,nan,nan
1715,42.875,3.539277114e-01,2.832297179e-01,nan,nan,nan,nan
1716,42.9,3.537973209e-01,2.833467467e-01,nan,nan,nan,nan
1717,42.925,3.540040948e-01,2.831880306e-01,nan,nan,nan,nan
1718,42.95,3.539805898e-01,2.828504071e-01,nan,nan,nan,nan
1719,42.975,3.536120348e-01,2.828979570e-01,nan,nan,nan,nan
1720,43,3.534643273e-01,2.830216147e-01,nan,nan,nan,nan
1721,43.025,3.536639869e-01,2.828694340e-01,nan,nan,nan,nan
1722,43.05,3.536476524e-01,2.825219976e-01,nan,nan,nan,nan
1723,43.075,3.532861528e-01,2.825619011e-01,nan,nan,nan,nan
1724,43.1,3.531260584e-01,2.826917067e-01,nan,nan,nan,nan
1725,43.125,3.533178131e-01,2.825455929e-01,nan,nan,nan,nan
1726,43.15,3.533081483e-01,2.821926351e-01,nan,nan,nan,nan
1727,43.175,3.529532178e-01,2.822242616e-01,nan,nan,nan,nan
1728,43.2,3.527854707e-01,2.823597367e-01,nan,nan,nan,nan
1729,43.225,3.529685946e-01,2.822192227e-01,nan,nan,nan,nan
1730,43.25,3.529650996e-01,2.818648448e-01,nan,nan,nan,nan
1731,43.275,3.526162512e-01,2.818876210e-01,nan,nan,nan,nan
1732,43.3,3.524453715e-01,2.820282918e-01,nan,nan,nan,nan
1733,43.325,3.526192060e-01,2.818929146e-01,nan,nan,nan,nan
1734,43.35,3.526213840e-01,2.815410112e-01,nan,nan,nan,nan
1735,43.375,3.522781332e-01,2.815544236e-01,nan,nan,nan,nan
1736,43.4,3.521084099e-01,2.816998230e-01,nan,nan,nan,nan
1737,43.425,3.522723656e-01,2.815691256e-01,nan,nan,nan,nan
1738,43.45,3.522797253e-01,2.812233702e-01,nan,nan,nan,nan
1739,43.475,3.519415925e-01,2.812269666e-01,nan,nan,nan,nan
1740,43.5,3.517770680e-01,2.813766368e-01,nan,nan,nan,nan
1741,43.525,3.519306262e-01,2.812501701e-01,nan,nan,nan,nan
1742,43.55,3.519426846e-01,2.809140022e-01,nan,nan,nan,nan
1743,43.575,3.516091969e-01,2.809073934e-01,nan,nan,nan,nan
1744,43.6,3.514536534e-01,2.810608870e-01,nan,nan,nan,nan
1745,43.625,3.515963679e-01,2.809382120e-01,nan,nan,nan,nan
1746,43.65,3.516126519e-01,2.806148252e-01,nan,nan,nan,nan
1747,43.675,3.512833459e-01,2.805976860e-01,nan,nan,nan,nan
1748,43.7,3.511402932e-01,2.807545683e-01,nan,nan,nan,nan
1749,43.725,3.512717907e-01,2.806352579e-01,nan,nan,nan,nan
1750,43.75,3.512918394e-01,2.803275897e-01,nan,nan,nan,nan
1751,43.775,3.509662629e-01,2.802996599e-01,nan,nan,nan,nan
1752,43.8,3.508389278e-01,2.804595105e-01,nan,nan,nan,nan
1753,43.825,3.509589089e-01,2.803431508e-01,nan,nan,nan,nan
1754,43.85,3.509822754e-01,2.800538745e-01,nan,nan,nan,nan
1755,43.875,3.506599897e-01,2.800149594e-01,nan,nan,nan,nan
1756,43.9,3.505513075e-01,2.801773733e-01,nan,nan,nan,nan
1757,43.925,3.506595466e-01,2.800635657e-01,nan,nan,nan,nan
1758,43.95,3.506857999e-01,2.797950830e-01,nan,nan,nan,nan
1759,43.975,3.503663809e-01,2.797450535e-01,nan,nan,nan,nan
1760,44,3.502789887e-01,2.799096428e-01,nan,nan,nan,nan
1761,44.025,3.503753342e-01,2.797980049e-01,nan,nan,nan,nan
1762,44.05,3.504040604e-01,2.795524414e-01,nan,nan,nan,nan
1763,44.075,3.500871005e-01,2.794912337e-01,nan,nan,nan,nan
1764,44.1,3.500233322e-01,2.796576288e-01,nan,nan,nan,nan
1765,44.125,3.501077057e-01,2.795477957e-01,nan,nan,nan,nan
1766,44.15,3.501385094e-01,2.793269972e-01,nan,nan,nan,nan
1767,44.175,3.498236192e-01,2.792546122e-01,nan,nan,nan,nan
1768,44.2,3.497855023e-01,2.794224627e-01,nan,nan,nan,nan
1769,44.225,3.498578977e-01,2.793140883e-01,nan,nan,nan,nan
1770,44.25,3.498904034e-01,2.791196194e-01,nan,nan,nan,nan
1771,44.275,3.495772125e-01,2.790361218e-01,nan,nan,nan,nan
1772,44.3,3.495664674e-01,2.792050973e-01,nan,nan,nan,nan
1773,44.325,3.496269492e-01,2.790978549e-01,nan,nan,nan,nan
1774,44.35,3.496608024e-01,2.789309991e-01,nan,nan,nan,nan
1775,44.375,3.493489606e-01,2.788365159e-01,nan,nan,nan,nan
1776,44.4,3.493670009e-01,2.790063070e-01,nan,nan,nan,nan
1777,44.425,3.494157031e-01,2.788998903e-01,nan,nan,nan,nan
1778,44.45,3.494505707e-01,2.787616519e-01,nan,nan,nan,nan
1779,44.475,3.491591590e-01,2.787555678e-01,nan,nan,nan,nan
1780,44.5,3.491876847e-01,2.788266894e-01,nan,nan,nan,nan
1781,44.525,3.492598976e-01,2.787208129e-01,nan,nan,nan,nan
1782,44.55,3.492603793e-01,2.787592178e-01,nan,nan,nan,nan
1783,44.575,3.492020432e-01,2.788455512e-01,nan,nan,nan,nan
1784,44.6,3.491108205e-01,2.789007628e-01,nan,nan,nan,nan
1785,44.625,3.493524234e-01,2.787857762e-01,nan,nan,nan,nan
1786,44.65,3.492485993e-01,2.788469026e-01,nan,nan,nan,nan
1787,44.675,3.492931457e-01,2.789391828e-01,nan,nan,nan,nan
1788,44.7,3.492079297e-01,2.789935802e-01,nan,nan,nan,nan
1789,44.725,3.494487033e-01,2.788786506e-01,nan,nan,nan,nan
1790,44.75,3.493440570e-01,2.789389271e-01,nan,nan,nan,nan
1791,44.775,3.493886859e-01,2.790352471e-01,nan,nan,nan,nan
1792,44.8,3.493074736e-01,2.790888806e-01,nan,nan,nan,nan
1793,44.825,3.495474675e-01,2.789745919e-01,nan,nan,nan,nan
1794,44.85,3.494420478e-01,2.790340662e-01,nan,nan,nan,nan
1795,44.875,3.494873745e-01,2.791325585e-01,nan,nan,nan,nan
1796,44.9,3.494082082e-01,2.791854842e-01,nan,nan,nan,nan
1797,44.925,3.496474788e-01,2.790723915e-01,nan,nan,nan,nan
1798,44.95,3.495413412e-01,2.791311181e-01,nan,nan,nan,nan
1799,44.975,3.495879492e-01,2.792299709e-01,nan,nan,nan,nan
1800,45,3.495089332e-01,2.792822501e-01,nan,nan,nan,nan
1801,45.025,3.497475423e-01,2.791708756e-01,nan,nan,nan,nan
1802,45.05,3.496407477e-01,2.792289145e-01,nan,nan,nan,nan
1803,45.075,3.496891851e-01,2.793263867e-01,nan,nan,nan,nan
1804,45.1,3.496085021e-01,2.793780846e-01,nan,nan,nan,nan
1805,45.125,3.498465157e-01,2.792689146e-01,nan,nan,nan,nan
1806,45.15,3.497391294e-01,2.793263305e-01,nan,nan,nan,nan
1807,45.175,3.497899049e-01,2.794207659e-01,nan,nan,nan,nan
1808,45.2,3.497058304e-01,2.794719507e-01,nan,nan,nan,nan
1809,45.225,3.499433180e-01,2.793654322e-01,nan,nan,nan,nan
1810,45.25,3.498354084e-01,2.794222929e-01,nan,nan,nan,nan
1811,45.275,3.498889884e-01,2.795121332e-01,nan,nan,nan,nan
1812,45.3,3.497999041e-01,2.795628752e-01,nan,nan,nan,nan
1813,45.325,3.500369372e-01,2.794594131e-01,nan,nan,nan,nan
1814,45.35,3.499285752e-01,2.795157891e-01,nan,nan,nan,nan
1815,45.375,3.499853810e-01,2.795995856e-01,nan,nan,nan,nan
1816,45.4,3.498897869e-01,2.796499559e-01,nan,nan,nan,nan
1817,45.425,3.501264383e-01,2.795499110e-01,nan,nan,nan,nan
1818,45.45,3.500176958e-01,2.796058742e-01,nan,nan,nan,nan
1819,45.475,3.500781012e-01,2.796822981e-01,nan,nan,nan,nan
1820,45.5,3.499763373e-01,2.797323680e-01,nan,nan,nan,nan
1821,45.525,3.502109691e-01,2.796360549e-01,nan,nan,nan,nan
1822,45.55,3.501019185e-01,2.796916776e-01,nan,nan,nan,nan
1823,45.575,3.501662476e-01,2.797595293e-01,nan,nan,nan,nan
1824,45.6,3.500641346e-01,2.798093694e-01,nan,nan,nan,nan
1825,45.625,3.502897658e-01,2.797170548e-01,nan,nan,nan,nan
1826,45.65,3.501804787e-01,2.797724092e-01,nan,nan,nan,nan
1827,45.675,3.502490049e-01,2.798306253e-01,nan,nan,nan,nan
1828,45.7,3.501466159e-01,2.798803047e-01,nan,nan,nan,nan
1829,45.725,3.503621572e-01,2.797922066e-01,nan,nan,nan,nan
1830,45.75,3.502527038e-01,2.798473636e-01,nan,nan,nan,nan
1831,45.775,3.503256486e-01,2.798950234e-01,nan,nan,nan,nan
1832,45.8,3.502230557e-01,2.799446090e-01,nan,nan,nan,nan
1833,45.825,3.504275681e-01,2.798608961e-01,nan,nan,nan,nan
1834,45.85,3.503180166e-01,2.799159247e-01,nan,nan,nan,nan
1835,45.875,3.503955491e-01,2.799522546e-01,nan,nan,nan,nan
1836,45.9,3.502928226e-01,2.800018103e-01,nan,nan,nan,nan
1837,45.925,3.504855219e-01,2.799226016e-01,nan,nan,nan,nan
1838,45.95,3.503759376e-01,2.799775683e-01,nan,nan,nan,nan
1839,45.975,3.504581743e-01,2.800019448e-01,nan,nan,nan,nan
1840,46,3.503553820e-01,2.800515313e-01,nan,nan,nan,nan
1841,46.025,3.505356419e-01,2.799768964e-01,nan,nan,nan,nan
1842,46.05,3.504260865e-01,2.800318644e-01,nan,nan,nan,nan
1843,46.075,3.505130920e-01,2.800438155e-01,nan,nan,nan,nan
1844,46.1,3.504102984e-01,2.800934894e-01,nan,nan,nan,nan
1845,46.125,3.505776514e-01,2.800234495e-01,nan,nan,nan,nan
1846,46.15,3.504681829e-01,2.800784781e-01,nan,nan,nan,nan
1847,46.175,3.505599704e-01,2.800776837e-01,nan,nan,nan,nan
1848,46.2,3.504572363e-01,2.801274972e-01,nan,nan,nan,nan
1849,46.225,3.506113735e-01,2.800620257e-01,nan,nan,nan,nan
1850,46.25,3.505020451e-01,2.801171703e-01,nan,nan,nan,nan
1851,46.275,3.505985782e-01,2.801034600e-01,nan,nan,nan,nan
1852,46.3,3.504959600e-01,2.801534607e-01,nan,nan,nan,nan
1853,46.325,3.506367292e-01,2.800924850e-01,nan,nan,nan,nan
1854,46.35,3.505275896e-01,2.801477962e-01,nan,nan,nan,nan
1855,46.375,3.506287836e-01,2.801211470e-01,nan,nan,nan,nan
1856,46.4,3.505263330e-01,2.801713774e-01,nan,nan,nan,nan
1857,46.425,3.506537351e-01,2.801147810e-01,nan,nan,nan,nan
1858,46.45,3.505448277e-01,2.801703044e-01,nan,nan,nan,nan
1859,46.475,3.506505520e-01,2.801308361e-01,nan,nan,nan,nan
1860,46.5,3.505483157e-01,2.801813335e-01,nan,nan,nan,nan
1861,46.525,3.506625001e-01,2.801289579e-01,nan,nan,nan,nan
1862,46.55,3.505538630e-01,2.801847340e-01,nan,nan,nan,nan
1863,46.575,3.506639434e-01,2.801327038e-01,nan,nan,nan,nan
1864,46.6,3.505619629e-01,2.801856588e-01,nan,nan,nan,nan
1865,46.625,3.506632211e-01,2.801351476e-01,nan,nan,nan,nan
1866,46.65,3.505675076e-01,2.801912114e-01,nan,nan,nan,nan
1867,46.675,3.506691089e-01,2.801352334e-01,nan,nan,nan,nan
1868,46.7,3.505704156e-01,2.801965674e-01,nan,nan,nan,nan
1869,46.725,3.506725705e-01,2.801335652e-01,nan,nan,nan,nan
1870,46.75,3.505775294e-01,2.801994834e-01,nan,nan,nan,nan
1871,46.775,3.506735124e-01,2.801379092e-01,nan,nan,nan,nan
1872,46.8,3.505851214e-01,2.801998699e-01,nan,nan,nan,nan
1873,46.825,3.506741222e-01,2.801399430e-01,nan,nan,nan,nan
1874,46.85,3.505900942e-01,2.802068460e-01,nan,nan,nan,nan
1875,46.875,3.506795834e-01,2.801395653e-01,nan,nan,nan,nan
1876,46.9,3.505923424e-01,2.802117304e-01,nan,nan,nan,nan
1877,46.925,3.506825553e-01,2.801390992e-01,nan,nan,nan,nan
1878,46.95,3.506011034e-01,2.802140998e-01,nan,nan,nan,nan
1879,46.975,3.506829194e-01,2.801430491e-01,nan,nan,nan,nan
1880,47,3.506081067e-01,2.802155309e-01,nan,nan,nan,nan
1881,47.025,3.506849388e-01,2.801446139e-01,nan,nan,nan,nan
1882,47.05,3.506123842e-01,2.802223471e-01,nan,nan,nan,nan
1883,47.075,3.506898963e-01,2.801436780e-01,nan,nan,nan,nan
1884,47.1,3.506153930e-01,2.802266625e-01,nan,nan,nan,nan
1885,47.125,3.506922574e-01,2.801445088e-01,nan,nan,nan,nan
1886,47.15,3.506243806e-01,2.802283673e-01,nan,nan,nan,nan
1887,47.175,3.506918955e-01,2.801479691e-01,nan,nan,nan,nan
1888,47.2,3.506306457e-01,2.802312796e-01,nan,nan,nan,nan
1889,47.225,3.506954731e-01,2.801489473e-01,nan,nan,nan,nan
1890,47.25,3.506340742e-01,2.802374980e-01,nan,nan,nan,nan
1891,47.275,3.506997783e-01,2.801473303e-01,nan,nan,nan,nan
1892,47.3,3.506388470e-01,2.802411218e-01,nan,nan,nan,nan
1893,47.325,3.507013738e-01,2.801495802e-01,nan,nan,nan,nan
1894,47.35,3.506470573e-01,2.802420529e-01,nan,nan,nan,nan
1895,47.375,3.507001474e-01,2.801524273e-01,nan,nan,nan,nan
1896,47.4,3.506524477e-01,2.802465543e-01,nan,nan,nan,nan
1897,47.425,3.507054215e-01,2.801527076e-01,nan,nan,nan,nan
1898,47.45,3.506549279e-01,2.802520653e-01,nan,nan,nan,nan
1899,47.475,3.507089350e-01,2.801503261e-01,nan,nan,nan,nan
1900,47.5,3.506615632e-01,2.802549169e-01,nan,nan,nan,nan
1901,47.525,3.507096615e-01,2.801540772e-01,nan,nan,nan,nan
1902,47.55,3.506688963e-01,2.802550348e-01,nan,nan,nan,nan
1903,47.575,3.507091404e-01,2.801562272e-01,nan,nan,nan,nan
1904,47.6,3.506733637e-01,2.802611632e-01,nan,nan,nan,nan
1905,47.625,3.507145403e-01,2.801557658e-01,nan,nan,nan,nan
1906,47.65,3.506749061e-01,2.802659265e-01,nan,nan,nan,nan
1907,47.675,3.507172086e-01,2.801538710e-01,nan,nan,nan,nan
1908,47.7,3.506833922e-01,2.802680127e-01,nan,nan,nan,nan
1909,47.725,3.507170711e-01,2.801578703e-01,nan,nan,nan,nan
1910,47.75,3.506898578e-01,2.802683972e-01,nan,nan,nan,nan
1911,47.775,3.507181707e-01,2.801593253e-01,nan,nan,nan,nan
1912,47.8,3.506934695e-01,2.802750704e-01,nan,nan,nan,nan
1913,47.825,3.507227794e-01,2.801581708e-01,nan,nan,nan,nan
1914,47.85,3.506959271e-01,2.802791382e-01,nan,nan,nan,nan
1915,47.875,3.507246648e-01,2.801576344e-01,nan,nan,nan,nan
1916,47.9,3.507044090e-01,2.802805504e-01,nan,nan,nan,nan
1917,47.925,3.507237748e-01,2.801610078e-01,nan,nan,nan,nan
1918,47.95,3.507101221e-01,2.802823518e-01,nan,nan,nan,nan
1919,47.975,3.507263821e-01,2.801618558e-01,nan,nan,nan,nan
1920,48,3.507130255e-01,2.802884165e-01,nan,nan,nan,nan
1921,48.025,3.507303106e-01,2.801601239e-01,nan,nan,nan,nan
1922,48.05,3.507170292e-01,2.802919062e-01,nan,nan,nan,nan
1923,48.075,3.507315579e-01,2.801608277e-01,nan,nan,nan,nan
1924,48.1,3.507248734e-01,2.802927719e-01,nan,nan,nan,nan
1925,48.125,3.507300742e-01,2.801636904e-01,nan,nan,nan,nan
1926,48.15,3.507299928e-01,2.802958597e-01,nan,nan,nan,nan
1927,48.175,3.507340282e-01,2.801640583e-01,nan,nan,nan,nan
1928,48.2,3.507323366e-01,2.803014430e-01,nan,nan,nan,nan
1929,48.225,3.507374346e-01,2.801629390e-01,nan,nan,nan,nan
1930,48.25,3.507377351e-01,2.803044744e-01,nan,nan,nan,nan
1931,48.275,3.507381939e-01,2.801711926e-01,nan,nan,nan,nan
1932,48.3,3.507450897e-01,2.803048899e-01,nan,nan,nan,nan
1933,48.325,3.507362374e-01,2.801768345e-01,nan,nan,nan,nan
1934,48.35,3.507497330e-01,2.803091645e-01,nan,nan,nan,nan
1935,48.375,3.507414144e-01,2.801762758e-01,nan,nan,nan,nan
1936,48.4,3.507487154e-01,2.803143619e-01,nan,nan,nan,nan
1937,48.425,3.507444189e-01,2.801866875e-01,nan,nan,nan,nan
1938,48.45,3.507583073e-01,2.803052988e-01,nan,nan,nan,nan
1939,48.475,3.507357662e-01,2.801728329e-01,nan,nan,nan,nan
1940,48.5,3.507435029e-01,2.803150694e-01,nan,nan,nan,nan
1941,48.525,3.507435000e-01,2.801878093e-01,nan,nan,nan,nan
1942,48.55,3.507578155e-01,2.802932218e-01,nan,nan,nan,nan
1943,48.575,3.507216293e-01,2.801612018e-01,nan,nan,nan,nan
1944,48.6,3.507298255e-01,2.803073159e-01,nan,nan,nan,nan
1945,48.625,3.507338184e-01,2.801804967e-01,nan,nan,nan,nan
1946,48.65,3.507485886e-01,2.802733531e-01,nan,nan,nan,nan
1947,48.675,3.506994613e-01,2.801419399e-01,nan,nan,nan,nan
1948,48.7,3.507081340e-01,2.802914833e-01,nan,nan,nan,nan
1949,48.725,3.507157934e-01,2.801651253e-01,nan,nan,nan,nan
1950,48.75,3.507310388e-01,2.802461814e-01,nan,nan,nan,nan
1951,48.775,3.506697904e-01,2.801180041e-01,nan,nan,nan,nan
1952,48.8,3.506789500e-01,2.802680266e-01,nan,nan,nan,nan
1953,48.825,3.506899187e-01,2.801421434e-01,nan,nan,nan,nan
1954,48.85,3.507056533e-01,2.802122570e-01,nan,nan,nan,nan
1955,48.875,3.506332077e-01,2.800869575e-01,nan,nan,nan,nan
1956,48.9,3.506428584e-01,2.802374661e-01,nan,nan,nan,nan
1957,48.925,3.506567557e-01,2.801120652e-01,nan,nan,nan,nan
1958,48.95,3.506729867e-01,2.801721848e-01,nan,nan,nan,nan
1959,48.975,3.505903599e-01,2.800493854e-01,nan,nan,nan,nan
1960,49,3.506004996e-01,2.802003814e-01,nan,nan,nan,nan
1961,49.025,3.506169251e-01,2.800754640e-01,nan,nan,nan,nan
1962,49.05,3.506336538e-01,2.801266165e-01,nan,nan,nan,nan
1963,49.075,3.505419400e-01,2.800059243e-01,nan,nan,nan,nan
1964,49.1,3.505525612e-01,2.801574029e-01,nan,nan,nan,nan
1965,49.125,3.505710995e-01,2.800329647e-01,nan,nan,nan,nan
1966,49.15,3.505883210e-01,2.800762425e-01,nan,nan,nan,nan
1967,49.175,3.504886797e-01,2.799572533e-01,nan,nan,nan,nan
1968,49.2,3.504997693e-01,2.801092043e-01,nan,nan,nan,nan
1969,49.225,3.505199947e-01,2.799852355e-01,nan,nan,nan,nan
1970,49.25,3.505376985e-01,2.800217840e-01,nan,nan,nan,nan
1971,49.275,3.504313405e-01,2.799040864e-01,nan,nan,nan,nan
1972,49.3,3.504428805e-01,2.800564946e-01,nan,nan,nan,nan
1973,49.325,3.504643608e-01,2.799329803e-01,nan,nan,nan,nan
1974,49.35,3.504825312e-01,2.799639842e-01,nan,nan,nan,nan
1975,49.375,3.503707044e-01,2.798471642e-01,nan,nan,nan,nan
1976,49.4,3.503826723e-01,2.800000098e-01,nan,nan,nan,nan
1977,49.425,3.504049739e-01,2.798769305e-01,nan,nan,nan,nan
1978,49.45,3.504235904e-01,2.799036003e-01,nan,nan,nan,nan
1979,49.475,3.503075658e-01,2.797872453e-01,nan,nan,nan,nan
1980,49.5,3.503199350e-01,2.799405042e-01,nan,nan,nan,nan
1981,49.525,3.503426268e-01,2.798178362e-01,nan,nan,nan,nan
1982,49.55,3.503616646e-01,2.798413953e-01,nan,nan,nan,nan
1983,49.575,3.502427224e-01,2.797250981e-01,nan,nan,nan,nan
1984,49.6,3.502554629e-01,2.798787425e-01,nan,nan,nan,nan
1985,49.625,3.502781209e-01,2.797564584e-01,nan,nan,nan,nan
1986,49.65,3.502975513e-01,2.797781294e-01,nan,nan,nan,nan
1987,49.675,3.501769667e-01,2.796614923e-01,nan,nan,nan,nan
1988,49.7,3.501900454e-01,2.798154913e-01,nan,nan,nan,nan
1989,49.725,3.502122566e-01,2.796935604e-01,nan,nan,nan,nan
1990,49.75,3.502320477e-01,2.797145526e-01,nan,nan,nan,nan
1991,49.775,3.501110780e-01,2.795971912e-01,nan,nan,nan,nan
1992,49.8,3.501244592e-01,2.797515109e-01,nan,nan,nan,nan
1993,49.825,3.501458258e-01,2.796298998e-01,nan,nan,nan,nan
1994,49.85,3.501659428e-01,2.796513967e-01,nan,nan,nan,nan
1995,49.875,3.500458140e-01,2.795329434e-01,nan,nan,nan,nan
1996,49.9,3.500594603e-01,2.796875479e-01,nan,nan,nan,nan
1997,49.925,3.500796031e-01,2.795662209e-01,nan,nan,nan,nan
1998,49.95,3.501000091e-01,2.795893680e-01,nan,nan,nan,nan
1999,49.975,3.499819038e-01,2.794694755e-01,nan,nan,nan,nan
2000,50,3.499957762e-01,2.796243271e-01,nan,nan,nan,nan
2001,50.025,3.500143384e-01,2.795032470e-01,nan,nan,nan,nan
2002,50.05,3.500349945e-01,2.795291404e-01,nan,nan,nan,nan
2003,50.075,3.499200403e-01,2.794074851e-01,nan,nan,nan,nan
2004,50.1,3.499340988e-01,2.795625448e-01,nan,nan,nan,nan
2005,50.125,3.499507493e-01,2.794416730e-01,nan,nan,nan,nan
2006,50.15,3.499716155e-01,2.794713495e-01,nan,nan,nan,nan
2007,50.175,3.498608742e-01,2.793476337e-01,nan,nan,nan,nan
2008,50.2,3.498750785e-01,2.795028621e-01,nan,nan,nan,nan
2009,50.225,3.498895144e-01,2.793821591e-01,nan,nan,nan,nan
2010,50.25,3.499105501e-01,2.794165858e-01,nan,nan,nan,nan
2011,50.275,3.498050075e-01,2.792905432e-01,nan,nan,nan,nan
2012,50.3,3.498193173e-01,2.794458982e-01,nan,nan,nan,nan
2013,50.325,3.498312668e-01,2.793253247e-01,nan,nan,nan,nan
2014,50.35,3.498524311e-01,2.793653904e-01,nan,nan,nan,nan
2015,50.375,3.497728228e-01,2.793111364e-01,nan,nan,nan,nan
2016,50.4,3.497673644e-01,2.793922255e-01,nan,nan,nan,nan
2017,50.425,3.498320574e-01,2.792846463e-01,nan,nan,nan,nan
2018,50.45,3.497978410e-01,2.793440122e-01,nan,nan,nan,nan
2019,50.475,3.498071540e-01,2.793467218e-01,nan,nan,nan,nan
2020,50.5,3.497197107e-01,2.794003391e-01,nan,nan,nan,nan
2021,50.525,3.498689071e-01,2.793195349e-01,nan,nan,nan,nan
2022,50.55,3.497633847e-01,2.793787254e-01,nan,nan,nan,nan
2023,50.575,3.498433805e-01,2.793835060e-01,nan,nan,nan,nan
2024,50.6,3.497448136e-01,2.794369684e-01,nan,nan,nan,nan
2025,50.625,3.499068470e-01,2.793559213e-01,nan,nan,nan,nan
2026,50.65,3.498011689e-01,2.794149477e-01,nan,nan,nan,nan
2027,50.675,3.498810058e-01,2.794210033e-01,nan,nan,nan,nan
2028,50.7,3.497822736e-01,2.794743244e-01,nan,nan,nan,nan
2029,50.725,3.499453766e-01,2.793933190e-01,nan,nan,nan,nan
2030,50.75,3.498395568e-01,2.794521941e-01,nan,nan,nan,nan
2031,50.775,3.499195275e-01,2.794587295e-01,nan,nan,nan,nan
2032,50.8,3.498206434e-01,2.795119241e-01,nan,nan,nan,nan
2033,50.825,3.499839995e-01,2.794312395e-01,nan,nan,nan,nan
2034,50.85,3.498780534e-01,2.794899777e-01,nan,nan,nan,nan
2035,50.875,3.499584434e-01,2.794962084e-01,nan,nan,nan,nan
2036,50.9,3.498594221e-01,2.795492925e-01,nan,nan,nan,nan
2037,50.925,3.500222290e-01,2.794691987e-01,nan,nan,nan,nan
2038,50.95,3.499161729e-01,2.795278155e-01,nan,nan,nan,nan
2039,50.975,3.499972574e-01,2.795329769e-01,nan,nan,nan,nan
2040,51,3.498981149e-01,2.795859672e-01,nan,nan,nan,nan
2041,51.025,3.500595937e-01,2.795067225e-01,nan,nan,nan,nan
2042,51.05,3.499534448e-01,2.795652343e-01,nan,nan,nan,nan
2043,51.075,3.500354856e-01,2.795685905e-01,nan,nan,nan,nan
2044,51.1,3.499362390e-01,2.796215042e-01,nan,nan,nan,nan
2045,51.125,3.500956429e-01,2.795433521e-01,nan,nan,nan,nan
2046,51.15,3.499894190e-01,2.796017762e-01,nan,nan,nan,nan
2047,51.175,3.500726618e-01,2.796026280e-01,nan,nan,nan,nan
2048,51.2,3.499733286e-01,2.796554829e-01,nan,nan,nan,nan
2049,51.225,3.501299520e-01,2.795786496e-01,nan,nan,nan,nan
2050,51.25,3.500236711e-01,2.796370036e-01,nan,nan,nan,nan
2051,51.275,3.501083427e-01,2.796346968e-01,nan,nan,nan,nan
2052,51.3,3.500089411e-01,2.796875106e-01,nan,nan,nan,nan
2053,51.325,3.501621268e-01,2.796122023e-01,nan,nan,nan,nan
2054,51.35,3.500558069e-01,2.796705043e-01,nan,nan,nan,nan
2055,51.375,3.501421128e-01,2.796644364e-01,nan,nan,nan,nan
2056,51.4,3.500426611e-01,2.797172267e-01,nan,nan,nan,nan
2057,51.425,3.501918076e-01,2.796436279e-01,nan,nan,nan,nan
2058,51.45,3.500854668e-01,2.797018959e-01,nan,nan,nan,nan
2059,51.475,3.501735890e-01,2.796915225e-01,nan,nan,nan,nan
2060,51.5,3.500741056e-01,2.797443067e-01,nan,nan,nan,nan
2061,51.525,3.502186734e-01,2.796725780e-01,nan,nan,nan,nan
2062,51.55,3.501123292e-01,2.797308296e-01,nan,nan,nan,nan
2063,51.575,3.502024248e-01,2.797156704e-01,nan,nan,nan,nan
2064,51.6,3.501029276e-01,2.797684651e-01,nan,nan,nan,nan
2065,51.625,3.502424448e-01,2.796987418e-01,nan,nan,nan,nan
2066,51.65,3.501361140e-01,2.797569944e-01,nan,nan,nan,nan
2067,51.675,3.502283132e-01,2.797366374e-01,nan,nan,nan,nan
2068,51.7,3.501288198e-01,2.797894587e-01,nan,nan,nan,nan
2069,51.725,3.502628863e-01,2.797218495e-01,nan,nan,nan,nan
2070,51.75,3.501565852e-01,2.797801196e-01,nan,nan,nan,nan
2071,51.775,3.502509903e-01,2.797542252e-01,nan,nan,nan,nan
2072,51.8,3.501515176e-01,2.798070882e-01,nan,nan,nan,nan
2073,51.825,3.502798091e-01,2.797416742e-01,nan,nan,nan,nan
2074,51.85,3.501735529e-01,2.797999778e-01,nan,nan,nan,nan
2075,51.875,3.502702377e-01,2.797682815e-01,nan,nan,nan,nan
2076,51.9,3.501708016e-01,2.798212002e-01,nan,nan,nan,nan
2077,51.925,3.502930719e-01,2.797580346e-01,nan,nan,nan,nan
2078,51.95,3.501868746e-01,2.798163864e-01,nan,nan,nan,nan
2079,51.975,3.502858838e-01,2.797787011e-01,nan,nan,nan,nan
2080,52,3.501864993e-01,2.798316882e-01,nan,nan,nan,nan
2081,52.025,3.503025822e-01,2.797707958e-01,nan,nan,nan,nan
2082,52.05,3.501964566e-01,2.798292096e-01,nan,nan,nan,nan
2083,52.075,3.502978056e-01,2.797854260e-01,nan,nan,nan,nan
2084,52.1,3.501984863e-01,2.798384931e-01,nan,nan,nan,nan
2085,52.125,3.503082962e-01,2.797798705e-01,nan,nan,nan,nan
2086,52.15,3.502022537e-01,2.798383586e-01,nan,nan,nan,nan
2087,52.175,3.503059290e-01,2.797884459e-01,nan,nan,nan,nan
2088,52.2,3.502066873e-01,2.798416028e-01,nan,nan,nan,nan
2089,52.225,3.503102188e-01,2.797852189e-01,nan,nan,nan,nan
2090,52.25,3.502095907e-01,2.798437924e-01,nan,nan,nan,nan
2091,52.275,3.503102289e-01,2.797877967e-01,nan,nan,nan,nan
2092,52.3,3.502110757e-01,2.798445183e-01,nan,nan,nan,nan
2093,52.325,3.503087409e-01,2.797868487e-01,nan,nan,nan,nan
2094,52.35,3.502163861e-01,2.798455169e-01,nan,nan,nan,nan
2095,52.375,3.503107286e-01,2.797844797e-01,nan,nan,nan,nan
2096,52.4,3.502201650e-01,2.798485622e-01,nan,nan,nan,nan
2097,52.425,3.503116093e-01,2.797848139e-01,nan,nan,nan,nan
2098,52.45,3.502223697e-01,2.798501489e-01,nan,nan,nan,nan
2099,52.475,3.503109993e-01,2.797847078e-01,nan,nan,nan,nan
2100,52.5,3.502255328e-01,2.798502330e-01,nan,nan,nan,nan
2101,52.525,3.503106761e-01,2.797831937e-01,nan,nan,nan,nan
2102,52.55,3.502301731e-01,2.798527868e-01,nan,nan,nan,nan
2103,52.575,3.503124216e-01,2.797812826e-01,nan,nan,nan,nan
2104,52.6,3.502332110e-01,2.798552214e-01,nan,nan,nan,nan
2105,52.625,3.503126718e-01,2.797820112e-01,nan,nan,nan,nan
2106,52.65,3.502345882e-01,2.798561365e-01,nan,nan,nan,nan
2107,52.675,3.503113580e-01,2.797813355e-01,nan,nan,nan,nan
2108,52.7,3.502395687e-01,2.798564400e-01,nan,nan,nan,nan
2109,52.725,3.503126362e-01,2.797791885e-01,nan,nan,nan,nan
2110,52.75,3.502434087e-01,2.798596988e-01,nan,nan,nan,nan
2111,52.775,3.503137157e-01,2.797787363e-01,nan,nan,nan,nan
2112,52.8,3.502455503e-01,2.798614184e-01,nan,nan,nan,nan
2113,52.825,3.503132066e-01,2.797788716e-01,nan,nan,nan,nan
2114,52.85,3.502482998e-01,2.798615373e-01,nan,nan,nan,nan
2115,52.875,3.503122133e-01,2.797775230e-01,nan,nan,nan,nan
2116,52.9,3.502529080e-01,2.798635396e-01,nan,nan,nan,nan
2117,52.925,3.503140823e-01,2.797748523e-01,nan,nan,nan,nan
2118,52.95,3.502557873e-01,2.798660343e-01,nan,nan,nan,nan
2119,52.975,3.503143391e-01,2.797757637e-01,nan,nan,nan,nan
2120,53,3.502568908e-01,2.798669094e-01,nan,nan,nan,nan
2121,53.025,3.503129085e-01,2.797751795e-01,nan,nan,nan,nan
2122,53.05,3.502616592e-01,2.798667023e-01,nan,nan,nan,nan
2123,53.075,3.503137221e-01,2.797730267e-01,nan,nan,nan,nan
2124,53.1,3.502652575e-01,2.798699444e-01,nan,nan,nan,nan
2125,53.125,3.503147083e-01,2.797719728e-01,nan,nan,nan,nan
2126,53.15,3.502670706e-01,2.798715582e-01,nan,nan,nan,nan
2127,53.175,3.503139953e-01,2.797721204e-01,nan,nan,nan,nan
2128,53.2,3.502696237e-01,2.798715018e-01,nan,nan,nan,nan
2129,53.225,3.503125909e-01,2.797706968e-01,nan,nan,nan,nan
2130,53.25,3.502739333e-01,2.798731173e-01,nan,nan,nan,nan
2131,53.275,3.503142773e-01,2.797676486e-01,nan,nan,nan,nan
2132,53.3,3.502764666e-01,2.798754609e-01,nan,nan,nan,nan
2133,53.325,3.503142686e-01,2.797683167e-01,nan,nan,nan,nan
2134,53.35,3.502772177e-01,2.798761467e-01,nan,nan,nan,nan
2135,53.375,3.503125248e-01,2.797676078e-01,nan,nan,nan,nan
2136,53.4,3.502818036e-01,2.798755332e-01,nan,nan,nan,nan
2137,53.425,3.503130235e-01,2.797652927e-01,nan,nan,nan,nan
2138,53.45,3.502850805e-01,2.798786080e-01,nan,nan,nan,nan
2139,53.475,3.503137187e-01,2.797637505e-01,nan,nan,nan,nan
2140,53.5,3.502866097e-01,2.798800520e-01,nan,nan,nan,nan
2141,53.525,3.503127114e-01,2.797637522e-01,nan,nan,nan,nan
2142,53.55,3.502888730e-01,2.798798553e-01,nan,nan,nan,nan
2143,53.575,3.503109404e-01,2.797621805e-01,nan,nan,nan,nan
2144,53.6,3.502929274e-01,2.798810030e-01,nan,nan,nan,nan
2145,53.625,3.503123522e-01,2.797590144e-01,nan,nan,nan,nan
2146,53.65,3.502952798e-01,2.798832293e-01,nan,nan,nan,nan
2147,53.675,3.503121097e-01,2.797591355e-01,nan,nan,nan,nan
2148,53.7,3.502959458e-01,2.798838573e-01,nan,nan,nan,nan
2149,53.725,3.503102072e-01,2.797583260e-01,nan,nan,nan,nan
2150,53.75,3.503000320e-01,2.798828889e-01,nan,nan,nan,nan
2151,53.775,3.503101896e-01,2.797559711e-01,nan,nan,nan,nan
2152,53.8,3.503032538e-01,2.798856981e-01,nan,nan,nan,nan
2153,53.825,3.503107467e-01,2.797537745e-01,nan,nan,nan,nan
2154,53.85,3.503048337e-01,2.798871853e-01,nan,nan,nan,nan
2155,53.875,3.503097028e-01,2.797537514e-01,nan,nan,nan,nan
2156,53.9,3.503064229e-01,2.798871177e-01,nan,nan,nan,nan
2157,53.925,3.503072612e-01,2.797522373e-01,nan,nan,nan,nan
2158,53.95,3.503105557e-01,2.798874819e-01,nan,nan,nan,nan
2159,53.975,3.503086545e-01,2.797555137e-01,nan,nan,nan,nan
2160,54,3.503130860e-01,2.798898589e-01,nan,nan,nan,nan
2161,54.025,3.503085061e-01,2.797577287e-01,nan,nan,nan,nan
2162,54.05,3.503140044e-01,2.798907191e-01,nan,nan,nan,nan
2163,54.075,3.503068023e-01,2.797608533e-01,nan,nan,nan,nan
2164,54.1,3.503172028e-01,2.798900448e-01,nan,nan,nan,nan
2165,54.125,3.503058639e-01,2.797655813e-01,nan,nan,nan,nan
2166,54.15,3.503207058e-01,2.798918923e-01,nan,nan,nan,nan
2167,54.175,3.503066387e-01,2.797621482e-01,nan,nan,nan,nan
2168,54.2,3.503171658e-01,2.798936961e-01,nan,nan,nan,nan
2169,54.225,3.503058965e-01,2.797693501e-01,nan,nan,nan,nan
2170,54.25,3.503232014e-01,2.798890790e-01,nan,nan,nan,nan
2171,54.275,3.503023995e-01,2.797594649e-01,nan,nan,nan,nan
2172,54.3,3.503130613e-01,2.798932916e-01,nan,nan,nan,nan
2173,54.325,3.503041110e-01,2.797690725e-01,nan,nan,nan,nan
2174,54.35,3.503215478e-01,2.798823951e-01,nan,nan,nan,nan
2175,54.375,3.502942211e-01,2.797529173e-01,nan,nan,nan,nan
2176,54.4,3.503050237e-01,2.798889190e-01,nan,nan,nan,nan
2177,54.425,3.502982751e-01,2.797648345e-01,nan,nan,nan,nan
2178,54.45,3.503158510e-01,2.798720010e-01,nan,nan,nan,nan
2179,54.475,3.502822853e-01,2.797426639e-01,nan,nan,nan,nan
2180,54.5,3.502932327e-01,2.798807127e-01,nan,nan,nan,nan
2181,54.525,3.502885440e-01,2.797567683e-01,nan,nan,nan,nan
2182,54.55,3.503062645e-01,2.798580997e-01,nan,nan,nan,nan
2183,54.575,3.502668166e-01,2.797289058e-01,nan,nan,nan,nan
2184,54.6,3.502779110e-01,2.798688511e-01,nan,nan,nan,nan
2185,54.625,3.502751179e-01,2.797450504e-01,nan,nan,nan,nan
2186,54.65,3.502929860e-01,2.798409332e-01,nan,nan,nan,nan
2187,54.675,3.502480786e-01,2.797118830e-01,nan,nan,nan,nan
2188,54.7,3.502593199e-01,2.798535539e-01,nan,nan,nan,nan
2189,54.725,3.502582380e-01,2.797298986e-01,nan,nan,nan,nan
2190,54.75,3.502762551e-01,2.798207791e-01,nan,nan,nan,nan
2191,54.775,3.502263700e-01,2.796918713e-01,nan,nan,nan,nan
2192,54.8,3.502377565e-01,2.798350787e-01,nan,nan,nan,nan
2193,54.825,3.502381834e-01,2.797115684e-01,nan,nan,nan,nan
2194,54.85,3.502563488e-01,2.797979466e-01,nan,nan,nan,nan
2195,54.875,3.502020205e-01,2.796691780e-01,nan,nan,nan,nan
2196,54.9,3.502135486e-01,2.798137172e-01,nan,nan,nan,nan
2197,54.925,3.502152672e-01,2.796903499e-01,nan,nan,nan,nan
2198,54.95,3.502335783e-01,2.797727720e-01,nan,nan,nan,nan
2199,54.975,3.501753865e-01,2.796441379e-01,nan,nan,nan,nan
2200,55,3.501870509e-01,2.797897911e-01,nan,nan,nan,nan
2201,55.025,3.501898315e-01,2.796665630e-01,nan,nan,nan,nan
2202,55.05,3.502082839e-01,2.797456146e-01,nan,nan,nan,nan
2203,55.075,3.501468460e-01,2.796171086e-01,nan,nan,nan,nan
2204,55.1,3.501586397e-01,2.797636479e-01,nan,nan,nan,nan
2205,55.125,3.501622432e-01,2.796405534e-01,nan,nan,nan,nan
2206,55.15,3.501808309e-01,2.797168517e-01,nan,nan,nan,nan
2207,55.175,3.501167935e-01,2.795884659e-01,nan,nan,nan,nan
2208,55.2,3.501287083e-01,2.797356560e-01,nan,nan,nan,nan
2209,55.225,3.501328894e-01,2.796126880e-01,nan,nan,nan,nan
2210,55.25,3.501516047e-01,2.796868736e-01,nan,nan,nan,nan
2211,55.275,3.500856353e-01,2.795585990e-01,nan,nan,nan,nan
2212,55.3,3.500976615e-01,2.797062000e-01,nan,nan,nan,nan
2213,55.325,3.501021715e-01,2.795833502e-01,nan,nan,nan,nan
2214,55.35,3.501210056e-01,2.796560789e-01,nan,nan,nan,nan
2215,55.375,3.500537843e-01,2.795279052e-01,nan,nan,nan,nan
2216,55.4,3.500659111e-01,2.796756759e-01,nan,nan,nan,nan
2217,55.425,3.500705009e-01,2.795529345e-01,nan,nan,nan,nan
2218,55.45,3.500894434e-01,2.796248693e-01,nan,nan,nan,nan
2219,55.475,3.500216545e-01,2.794967854e-01,nan,nan,nan,nan
2220,55.5,3.500338702e-01,2.796444858e-01,nan,nan,nan,nan
2221,55.525,3.500382934e-01,2.795218420e-01,nan,nan,nan,nan
2222,55.55,3.500573330e-01,2.795936449e-01,nan,nan,nan,nan
2223,55.575,3.499896560e-01,2.794656385e-01,nan,nan,nan,nan
2224,55.6,3.500019481e-01,2.796130332e-01,nan,nan,nan,nan
2225,55.625,3.500059641e-01,2.794904753e-01,nan,nan,nan,nan
2226,55.65,3.500250886e-01,2.795627987e-01,nan,nan,nan,nan
2227,55.675,3.499581905e-01,2.794348574e-01,nan,nan,nan,nan
2228,55.7,3.499705457e-01,2.795817176e-01,nan,nan,nan,nan
2229,55.725,3.499739223e-01,2.794592332e-01,nan,nan,nan,nan
2230,55.75,3.499931187e-01,2.795327128e-01,nan,nan,nan,nan
2231,55.775,3.499276456e-01,2.794048233e-01,nan,nan,nan,nan
2232,55.8,3.499400505e-01,2.795509304e-01,nan,nan,nan,nan
2233,55.825,3.499425665e-01,2.794285063e-01,nan,nan,nan,nan
2234,55.85,3.499618215e-01,2.795037530e-01,nan,nan,nan,nan
2235,55.875,3.498983912e-01,2.794010640e-01,nan,nan,nan,nan
2236,55.9,3.499108319e-01,2.795210494e-01,nan,nan,nan,nan
2237,55.925,3.499219482e-01,2.793986723e-01,nan,nan,nan,nan
2238,55.95,3.499315797e-01,2.794762650e-01,nan,nan,nan,nan
2239,55.975,3.499061870e-01,2.794217973e-01,nan,nan,nan,nan
2240,56,3.498832371e-01,2.794924348e-01,nan,nan,nan,nan
2241,56.025,3.499434307e-01,2.794035364e-01,nan,nan,nan,nan
2242,56.05,3.499027565e-01,2.794628300e-01,nan,nan,nan,nan
2243,56.075,3.499271390e-01,2.794433790e-01,nan,nan,nan,nan
2244,56.1,3.498575870e-01,2.794970908e-01,nan,nan,nan,nan
2245,56.125,3.499656679e-01,2.794247212e-01,nan,nan,nan,nan
2246,56.15,3.498756912e-01,2.794839507e-01,nan,nan,nan,nan
2247,56.175,3.499490485e-01,2.794655093e-01,nan,nan,nan,nan
2248,56.2,3.498505249e-01,2.795191667e-01,nan,nan,nan,nan
2249,56.225,3.499883517e-01,2.794466541e-01,nan,nan,nan,nan
2250,56.25,3.498828753e-01,2.795058249e-01,nan,nan,nan,nan
2251,56.275,3.499716091e-01,2.794878853e-01,nan,nan,nan,nan
2252,56.3,3.498730273e-01,2.795414945e-01,nan,nan,nan,nan
2253,56.325,3.500111724e-01,2.794690325e-01,nan,nan,nan,nan
2254,56.35,3.499056488e-01,2.795281505e-01,nan,nan,nan,nan
2255,56.375,3.499945104e-01,2.795102049e-01,nan,nan,nan,nan
2256,56.4,3.498958766e-01,2.795637726e-01,nan,nan,nan,nan
2257,56.425,3.500338230e-01,2.794915520e-01,nan,nan,nan,nan
2258,56.45,3.499282591e-01,2.795506236e-01,nan,nan,nan,nan
2259,56.475,3.500174419e-01,2.795321711e-01,nan,nan,nan,nan
2260,56.5,3.499187628e-01,2.795857043e-01,nan,nan,nan,nan
2261,56.525,3.500560028e-01,2.795139106e-01,nan,nan,nan,nan
2262,56.55,3.499504059e-01,2.795729428e-01,nan,nan,nan,nan
2263,56.575,3.500400967e-01,2.795534953e-01,nan,nan,nan,nan
2264,56.6,3.499413795e-01,2.796070014e-01,nan,nan,nan,nan
2265,56.625,3.500774216e-01,2.795358124e-01,nan,nan,nan,nan
2266,56.65,3.499717992e-01,2.795948125e-01,nan,nan,nan,nan
2267,56.675,3.500621763e-01,2.795739015e-01,nan,nan,nan,nan
2268,56.7,3.499634285e-01,2.796273882e-01,nan,nan,nan,nan
2269,56.725,3.500978033e-01,2.795569717e-01,nan,nan,nan,nan
2270,56.75,3.499921631e-01,2.796159473e-01,nan,nan,nan,nan
2271,56.775,3.500833935e-01,2.795931298e-01,nan,nan,nan,nan
2272,56.8,3.499846228e-01,2.796466045e-01,nan,nan,nan,nan
2273,56.825,3.501168893e-01,2.795771166e-01,nan,nan,nan,nan
2274,56.85,3.500112390e-01,2.796360752e-01,nan,nan,nan,nan
2275,56.875,3.501034768e-01,2.796109389e-01,nan,nan,nan,nan
2276,56.9,3.500046910e-01,2.796644093e-01,nan,nan,nan,nan
2277,56.925,3.501344416e-01,2.795959919e-01,nan,nan,nan,nan
2278,56.95,3.500287890e-01,2.796549413e-01,nan,nan,nan,nan
2279,56.975,3.501221732e-01,2.796271099e-01,nan,nan,nan,nan
2280,57,3.500233801e-01,2.796805834e-01,nan,nan,nan,nan
2281,57.025,3.501502462e-01,2.796133631e-01,nan,nan,nan,nan
2282,57.05,3.500445986e-01,2.796723109e-01,nan,nan,nan,nan
2283,57.075,3.501392518e-01,2.796414486e-01,nan,nan,nan,nan
2284,57.1,3.500404590e-01,2.796949324e-01,nan,nan,nan,nan
2285,57.125,3.501641148e-01,2.796290184e-01,nan,nan,nan,nan
2286,57.15,3.500584796e-01,2.796879720e-01,nan,nan,nan,nan
2287,57.175,3.501545059e-01,2.796537876e-01,nan,nan,nan,nan
2288,57.2,3.500557211e-01,2.797072885e-01,nan,nan,nan,nan
2289,57.225,3.501758877e-01,2.796427718e-01,nan,nan,nan,nan
2290,57.25,3.500702717e-01,2.797017384e-01,nan,nan,nan,nan
2291,57.275,3.501677564e-01,2.796639884e-01,nan,nan,nan,nan
2292,57.3,3.500689867e-01,2.797175128e-01,nan,nan,nan,nan
2293,57.325,3.501854354e-01,2.796544650e-01,nan,nan,nan,nan
2294,57.35,3.500798449e-01,2.797134513e-01,nan,nan,nan,nan
2295,57.375,3.501788530e-01,2.796719427e-01,nan,nan,nan,nan
2296,57.4,3.500801050e-01,2.797254966e-01,nan,nan,nan,nan
2297,57.425,3.501926596e-01,2.796639691e-01,nan,nan,nan,nan
2298,57.45,3.500871006e-01,2.797229816e-01,nan,nan,nan,nan
2299,57.475,3.501876760e-01,2.796775738e-01,nan,nan,nan,nan
2300,57.5,3.500889562e-01,2.797311627e-01,nan,nan,nan,nan
2301,57.525,3.501974945e-01,2.796711862e-01,nan,nan,nan,nan
2302,57.55,3.500919723e-01,2.797302307e-01,nan,nan,nan,nan
2303,57.575,3.501941378e-01,2.796808370e-01,nan,nan,nan,nan
2304,57.6,3.500954520e-01,2.797344656e-01,nan,nan,nan,nan
2305,57.625,3.501999072e-01,2.796760501e-01,nan,nan,nan,nan
2306,57.65,3.500978112e-01,2.797351317e-01,nan,nan,nan,nan
2307,57.675,3.501981837e-01,2.796817198e-01,nan,nan,nan,nan
2308,57.7,3.500995369e-01,2.797353922e-01,nan,nan,nan,nan
2309,57.725,3.501998977e-01,2.796785268e-01,nan,nan,nan,nan
2310,57.75,3.501035309e-01,2.797376502e-01,nan,nan,nan,nan
2311,57.775,3.501997917e-01,2.796802418e-01,nan,nan,nan,nan
2312,57.8,3.501063945e-01,2.797388290e-01,nan,nan,nan,nan
2313,57.825,3.501985868e-01,2.796786148e-01,nan,nan,nan,nan
2314,57.85,3.501081058e-01,2.797389115e-01,nan,nan,nan,nan
2315,57.875,3.501989729e-01,2.796764540e-01,nan,nan,nan,nan
2316,57.9,3.501113231e-01,2.797405534e-01,nan,nan,nan,nan
2317,57.925,3.501993813e-01,2.796763446e-01,nan,nan,nan,nan
2318,57.95,3.501146769e-01,2.797422433e-01,nan,nan,nan,nan
2319,57.975,3.501986920e-01,2.796752212e-01,nan,nan,nan,nan
2320,58,3.501168415e-01,2.797428222e-01,nan,nan,nan,nan
2321,58.025,3.501977483e-01,2.796730496e-01,nan,nan,nan,nan
2322,58.05,3.501188006e-01,2.797431648e-01,nan,nan,nan,nan
2323,58.075,3.501986656e-01,2.796721563e-01,nan,nan,nan,nan
2324,58.1,3.501226183e-01,2.797453522e-01,nan,nan,nan,nan
2325,58.125,3.501984737e-01,2.796715311e-01,nan,nan,nan,nan
2326,58.15,3.501252048e-01,2.797464063e-01,nan,nan,nan,nan
2327,58.175,3.501971179e-01,2.796698533e-01,nan,nan,nan,nan
2328,58.2,3.501265189e-01,2.797462836e-01,nan,nan,nan,nan
2329,58.225,3.501976200e-01,2.796676706e-01,nan,nan,nan,nan
2330,58.25,3.501301721e-01,2.797481245e-01,nan,nan,nan,nan
2331,58.275,3.501978948e-01,2.796675256e-01,nan,nan,nan,nan
2332,58.3,3.501331472e-01,2.797496262e-01,nan,nan,nan,nan
2333,58.325,3.501969742e-01,2.796663160e-01,nan,nan,nan,nan
2334,58.35,3.501348097e-01,2.797499207e-01,nan,nan,nan,nan
2335,58.375,3.501962091e-01,2.796639804e-01,nan,nan,nan,nan
2336,58.4,3.501372911e-01,2.797505241e-01,nan,nan,nan,nan
2337,58.425,3.501969119e-01,2.796631769e-01,nan,nan,nan,nan
2338,58.45,3.501406252e-01,2.797524437e-01,nan,nan,nan,nan
2339,58.475,3.501963877e-01,2.796624030e-01,nan,nan,nan,nan
2340,58.5,3.501426177e-01,2.797531310e-01,nan,nan,nan,nan
2341,58.525,3.501945769e-01,2.796604823e-01,nan,nan,nan,nan
2342,58.55,3.501439328e-01,2.797525520e-01,nan,nan,nan,nan
2343,58.575,3.501954803e-01,2.796584516e-01,nan,nan,nan,nan
2344,58.6,3.501476049e-01,2.797548245e-01,nan,nan,nan,nan
2345,58.625,3.501953170e-01,2.796580787e-01,nan,nan,nan,nan
2346,58.65,3.501499214e-01,2.797558866e-01,nan,nan,nan,nan
2347,58.675,3.501938472e-01,2.796565429e-01,nan,nan,nan,nan
2348,58.7,3.501508798e-01,2.797556736e-01,nan,nan,nan,nan
2349,58.725,3.501935595e-01,2.796537913e-01,nan,nan,nan,nan
2350,58.75,3.501540663e-01,2.797567422e-01,nan,nan,nan,nan
2351,58.775,3.501937299e-01,2.796533110e-01,nan,nan,nan,nan
2352,58.8,3.501567150e-01,2.797581707e-01,nan,nan,nan,nan
2353,58.825,3.501925887e-01,2.796521362e-01,nan,nan,nan,nan
2354,58.85,3.501580199e-01,2.797583291e-01,nan,nan,nan,nan
2355,58.875,3.501911190e-01,2.796497455e-01,nan,nan,nan,nan
2356,58.9,3.501600049e-01,2.797581810e-01,nan,nan,nan,nan
2357,58.925,3.501916079e-01,2.796480754e-01,nan,nan,nan,nan
2358,58.95,3.501630078e-01,2.797599788e-01,nan,nan,nan,nan
2359,58.975,3.501907967e-01,2.796472471e-01,nan,nan,nan,nan
2360,59,3.501646954e-01,2.797605250e-01,nan,nan,nan,nan
2361,59.025,3.501886745e-01,2.796452165e-01,nan,nan,nan,nan
2362,59.05,3.501654312e-01,2.797598263e-01,nan,nan,nan,nan
2363,59.075,3.501889479e-01,2.796423582e-01,nan,nan,nan,nan
2364,59.1,3.501688219e-01,2.797613189e-01,nan,nan,nan,nan
2365,59.125,3.501884823e-01,2.796418730e-01,nan,nan,nan,nan
2366,59.15,3.501709358e-01,2.797622782e-01,nan,nan,nan,nan
2367,59.175,3.501867434e-01,2.796402125e-01,nan,nan,nan,nan
2368,59.2,3.501718051e-01,2.797620265e-01,nan,nan,nan,nan
2369,59.225,3.501857623e-01,2.796373652e-01,nan,nan,nan,nan
2370,59.25,3.501741880e-01,2.797622092e-01,nan,nan,nan,nan
2371,59.275,3.501856694e-01,2.796360236e-01,nan,nan,nan,nan
2372,59.3,3.501767740e-01,2.797636130e-01,nan,nan,nan,nan
2373,59.325,3.501843514e-01,2.796347528e-01,nan,nan,nan,nan
2374,59.35,3.501781526e-01,2.797638440e-01,nan,nan,nan,nan
2375,59.375,3.501820765e-01,2.796323382e-01,nan,nan,nan,nan
2376,59.4,3.501791407e-01,2.797629159e-01,nan,nan,nan,nan
2377,59.425,3.501823914e-01,2.796297194e-01,nan,nan,nan,nan
2378,59.45,3.501822406e-01,2.797645567e-01,nan,nan,nan,nan
2379,59.475,3.501815344e-01,2.796315469e-01,nan,nan,nan,nan
2380,59.5,3.501841642e-01,2.797653029e-01,nan,nan,nan,nan
2381,59.525,3.501795135e-01,2.796337866e-01,nan,nan,nan,nan
2382,59.55,3.501849202e-01,2.797649186e-01,nan,nan,nan,nan
2383,59.575,3.501786853e-01,2.796356730e-01,nan,nan,nan,nan
2384,59.6,3.501873586e-01,2.797651349e-01,nan,nan,nan,nan
2385,59.625,3.501783262e-01,2.796396048e-01,nan,nan,nan,nan
2386,59.65,3.501898498e-01,2.797664219e-01,nan,nan,nan,nan
2387,59.675,3.501768454e-01,2.796372308e-01,nan,nan,nan,nan
2388,59.7,3.501879259e-01,2.797665988e-01,nan,nan,nan,nan
2389,59.725,3.501745866e-01,2.796428517e-01,nan,nan,nan,nan
2390,59.75,3.501921395e-01,2.797653677e-01,nan,nan,nan,nan
2391,59.775,3.501747538e-01,2.796362350e-01,nan,nan,nan,nan
2392,59.8,3.501858950e-01,2.797672103e-01,nan,nan,nan,nan
2393,59.825,3.501738310e-01,2.796435198e-01,nan,nan,nan,nan
2394,59.85,3.501917958e-01,2.797618047e-01,nan,nan,nan,nan
2395,59.875,3.501701238e-01,2.796327333e-01,nan,nan,nan,nan
2396,59.9,3.501813284e-01,2.797652659e-01,nan,nan,nan,nan
2397,59.925,3.501708326e-01,2.796416357e-01,nan,nan,nan,nan
2398,59.95,3.501888598e-01,2.797558139e-01,nan,nan,nan,nan
2399,59.975,3.501630515e-01,2.796268061e-01,nan,nan,nan,nan
2400,60,3.501743213e-01,2.797608261e-01,nan,nan,nan,nan
2401,60.025,3.501653138e-01,2.796372589e-01,nan,nan,nan,nan
2402,60.05,3.501834060e-01,2.797475071e-01,nan,nan,nan,nan
2403,60.075,3.501536638e-01,2.796185641e-01,nan,nan,nan,nan
2404,60.1,3.501649999e-01,2.797539832e-01,nan,nan,nan,nan
2405,60.125,3.501573822e-01,2.796304808e-01,nan,nan,nan,nan
2406,60.15,3.501755409e-01,2.797370254e-01,nan,nan,nan,nan
2407,60.175,3.501421166e-01,2.796081475e-01,nan,nan,nan,nan
2408,60.2,3.501535190e-01,2.797448599e-01,nan,nan,nan,nan
2409,60.225,3.501471757e-01,2.796214233e-01,nan,nan,nan,nan
2410,60.25,3.501654015e-01,2.797245364e-01,nan,nan,nan,nan
2411,60.275,3.501285923e-01,2.795957231e-01,nan,nan,nan,nan
2412,60.3,3.501400602e-01,2.797336073e-01,nan,nan,nan,nan
2413,60.325,3.501348602e-01,2.796102364e-01,nan,nan,nan,nan
2414,60.35,3.501531529e-01,2.797102324e-01,nan,nan,nan,nan
2415,60.375,3.501132971e-01,2.795814822e-01,nan,nan,nan,nan
2416,60.4,3.501248287e-01,2.797204027e-01,nan,nan,nan,nan
2417,60.425,3.501206274e-01,2.795970967e-01,nan,nan,nan,nan
2418,60.45,3.501389858e-01,2.796943270e-01,nan,nan,nan,nan
2419,60.475,3.500964578e-01,2.795656378e-01,nan,nan,nan,nan
2420,60.5,3.501080507e-01,2.797054468e-01,nan,nan,nan,nan
2421,60.525,3.501046921e-01,2.795822040e-01,nan,nan,nan,nan
2422,60.55,3.501231142e-01,2.796770525e-01,nan,nan,nan,nan
2423,60.575,3.500783191e-01,2.795484212e-01,nan,nan,nan,nan
2424,60.6,3.500899700e-01,2.796889609e-01,nan,nan,nan,nan
2425,60.625,3.500872884e-01,2.795657787e-01,nan,nan,nan,nan
2426,60.65,3.501057714e-01,2.796586565e-01,nan,nan,nan,nan
2427,60.675,3.500591398e-01,2.795300794e-01,nan,nan,nan,nan
2428,60.7,3.500708447e-01,2.796711839e-01,nan,nan,nan,nan
2429,60.725,3.500686673e-01,2.795480590e-01,nan,nan,nan,nan
2430,60.75,3.500872075e-01,2.796393983e-01,nan,nan,nan,nan
2431,60.775,3.500391892e-01,2.795108711e-01,nan,nan,nan,nan
2432,60.8,3.500509435e-01,2.796523687e-01,nan,nan,nan,nan
2433,60.825,3.500490927e-01,2.795292971e-01,nan,nan,nan,nan
2434,60.85,3.500676859e-01,2.796195456e-01,nan,nan,nan,nan
2435,60.875,3.500187436e-01,2.794910633e-01,nan,nan,nan,nan
2436,60.9,3.500305421e-01,2.796327790e-01,nan,nan,nan,nan
2437,60.925,3.500288377e-01,2.795097561e-01,nan,nan,nan,nan
2438,60.95,3.500474790e-01,2.795993707e-01,nan,nan,nan,nan
2439,60.975,3.499980828e-01,2.794709281e-01,nan,nan,nan,nan
2440,61,3.500099198e-01,2.796126854e-01,nan,nan,nan,nan
2441,61.025,3.500081814e-01,2.794897060e-01,nan,nan,nan,nan
2442,61.05,3.500268654e-01,2.795791472e-01,nan,nan,nan,nan
2443,61.075,3.499774857e-01,2.794507383e-01,nan,nan,nan,nan
2444,61.1,3.499893551e-01,2.795923622e-01,nan,nan,nan,nan
2445,61.125,3.499874047e-01,2.794694207e-01,nan,nan,nan,nan
2446,61.15,3.500061255e-01,2.795591460e-01,nan,nan,nan,nan
2447,61.175,3.499572272e-01,2.794307646e-01,nan,nan,nan,nan
2448,61.2,3.499691228e-01,2.795720833e-01,nan,nan,nan,nan
2449,61.225,3.499667868e-01,2.794491737e-01,nan,nan,nan,nan
2450,61.25,3.499855380e-01,2.795396317e-01,nan,nan,nan,nan
2451,61.275,3.499375746e-01,2.794416475e-01,nan,nan,nan,nan
2452,61.3,3.499494897e-01,2.795521190e-01,nan,nan,nan,nan
2453,61.325,3.499620979e-01,2.794292350e-01,nan,nan,nan,nan
2454,61.35,3.499653765e-01,2.795208597e-01,nan,nan,nan,nan
2455,61.375,3.499500148e-01,2.794565464e-01,nan,nan,nan,nan
2456,61.4,3.499307118e-01,2.795327321e-01,nan,nan,nan,nan
2457,61.425,3.499774896e-01,2.794419452e-01,nan,nan,nan,nan
2458,61.45,3.499459056e-01,2.795030723e-01,nan,nan,nan,nan
2459,61.475,3.499650118e-01,2.794720181e-01,nan,nan,nan,nan
2460,61.5,3.499130304e-01,2.795258378e-01,nan,nan,nan,nan
2461,61.525,3.499933722e-01,2.794571172e-01,nan,nan,nan,nan
2462,61.55,3.499273774e-01,2.795164381e-01,nan,nan,nan,nan
2463,61.575,3.499806555e-01,2.794878416e-01,nan,nan,nan,nan
2464,61.6,3.498966696e-01,2.795416352e-01,nan,nan,nan,nan
2465,61.625,3.500095196e-01,2.794727953e-01,nan,nan,nan,nan
2466,61.65,3.499100287e-01,2.795320877e-01,nan,nan,nan,nan
2467,61.675,3.499967216e-01,2.795037932e-01,nan,nan,nan,nan
2468,61.7,3.498982685e-01,2.795575641e-01,nan,nan,nan,nan
2469,61.725,3.500257040e-01,2.794887568e-01,nan,nan,nan,nan
2470,61.75,3.499203491e-01,2.795480239e-01,nan,nan,nan,nan
2471,61.775,3.500129823e-01,2.795196497e-01,nan,nan,nan,nan
2472,61.8,3.499145048e-01,2.795734016e-01,nan,nan,nan,nan
2473,61.825,3.500416997e-01,2.795047768e-01,nan,nan,nan,nan
2474,61.85,3.499363268e-01,2.795640222e-01,nan,nan,nan,nan
2475,61.875,3.500292094e-01,2.795351911e-01,nan,nan,nan,nan
2476,61.9,3.499307111e-01,2.795889279e-01,nan,nan,nan,nan
2477,61.925,3.500572855e-01,2.795206322e-01,nan,nan,nan,nan
2478,61.95,3.499518986e-01,2.795798597e-01,nan,nan,nan,nan
2479,61.975,3.500451773e-01,2.795502042e-01,nan,nan,nan,nan
2480,62,3.499466622e-01,2.796039299e-01,nan,nan,nan,nan
2481,62.025,3.500722481e-01,2.795361039e-01,nan,nan,nan,nan
2482,62.05,3.499668512e-01,2.795953175e-01,nan,nan,nan,nan
2483,62.075,3.500606663e-01,2.795644849e-01,nan,nan,nan,nan
2484,62.1,3.499621384e-01,2.796182036e-01,nan,nan,nan,nan
2485,62.125,3.500863849e-01,2.795509806e-01,nan,nan,nan,nan
2486,62.15,3.499809823e-01,2.796101842e-01,nan,nan,nan,nan
2487,62.175,3.500754654e-01,2.795778414e-01,nan,nan,nan,nan
2488,62.2,3.499769287e-01,2.796315571e-01,nan,nan,nan,nan
2489,62.225,3.500995069e-01,2.795650609e-01,nan,nan,nan,nan
2490,62.25,3.499941026e-01,2.796242588e-01,nan,nan,nan,nan
2491,62.275,3.500893750e-01,2.795900962e-01,nan,nan,nan,nan
2492,62.3,3.499908339e-01,2.796438131e-01,nan,nan,nan,nan
2493,62.325,3.501114407e-01,2.795781566e-01,nan,nan,nan,nan
2494,62.35,3.500060388e-01,2.796373530e-01,nan,nan,nan,nan
2495,62.375,3.501022102e-01,2.796010892e-01,nan,nan,nan,nan
2496,62.4,3.500036688e-01,2.796548111e-01,nan,nan,nan,nan
2497,62.425,3.501220312e-01,2.795900949e-01,nan,nan,nan,nan
2498,62.45,3.500166358e-01,2.796492937e-01,nan,nan,nan,nan
2499,62.475,3.501138023e-01,2.796106791e-01,nan,nan,nan,nan
2500,62.5,3.500152647e-01,2.796644098e-01,nan,nan,nan,nan
2501,62.525,3.501311437e-01,2.796007205e-01,nan,nan,nan,nan
2502,62.55,3.500257584e-01,2.796599256e-01,nan,nan,nan,nan
2503,62.575,3.501240019e-01,2.796187453e-01,nan,nan,nan,nan
2504,62.6,3.500254721e-01,2.796724885e-01,nan,nan,nan,nan
2505,62.625,3.501386650e-01,2.796098979e-01,nan,nan,nan,nan
2506,62.65,3.500332934e-01,2.796691133e-01,nan,nan,nan,nan
2507,62.675,3.501326802e-01,2.796251899e-01,nan,nan,nan,nan
2508,62.7,3.500341619e-01,2.796789488e-01,nan,nan,nan,nan
2509,62.725,3.501445054e-01,2.796175131e-01,nan,nan,nan,nan
2510,62.75,3.500391508e-01,2.796767422e-01,nan,nan,nan,nan
2511,62.775,3.501397307e-01,2.796299381e-01,nan,nan,nan,nan
2512,62.8,3.500412274e-01,2.796837159e-01,nan,nan,nan,nan
2513,62.825,3.501485992e-01,2.796234748e-01,nan,nan,nan,nan
2514,62.85,3.500432646e-01,2.796827209e-01,nan,nan,nan,nan
2515,62.875,3.501450707e-01,2.796329398e-01,nan,nan,nan,nan
2516,62.9,3.500465856e-01,2.796867391e-01,nan,nan,nan,nan
2517,62.925,3.501509061e-01,2.796277154e-01,nan,nan,nan,nan
2518,62.95,3.500489998e-01,2.796869815e-01,nan,nan,nan,nan
2519,62.975,3.501486420e-01,2.796341694e-01,nan,nan,nan,nan
2520,63,3.500505114e-01,2.796879927e-01,nan,nan,nan,nan
2521,63.025,3.501514108e-01,2.796301921e-01,nan,nan,nan,nan
2522,63.05,3.500538479e-01,2.796894810e-01,nan,nan,nan,nan
2523,63.075,3.501504119e-01,2.796336265e-01,nan,nan,nan,nan
2524,63.1,3.500565989e-01,2.796900762e-01,nan,nan,nan,nan
2525,63.125,3.501501235e-01,2.796308872e-01,nan,nan,nan,nan
2526,63.15,3.500584183e-01,2.796902009e-01,nan,nan,nan,nan
2527,63.175,3.501503727e-01,2.796313354e-01,nan,nan,nan,nan
2528,63.2,3.500609262e-01,2.796920445e-01,nan,nan,nan,nan
2529,63.225,3.501497290e-01,2.796298076e-01,nan,nan,nan,nan
2530,63.25,3.500639984e-01,2.796929910e-01,nan,nan,nan,nan
2531,63.275,3.501485424e-01,2.796274211e-01,nan,nan,nan,nan
2532,63.3,3.500661000e-01,2.796930190e-01,nan,nan,nan,nan
2533,63.325,3.501491418e-01,2.796269853e-01,nan,nan,nan,nan
2534,63.35,3.500677952e-01,2.796944215e-01,nan,nan,nan,nan
2535,63.375,3.501488488e-01,2.796258022e-01,nan,nan,nan,nan
2536,63.4,3.500711613e-01,2.796957056e-01,nan,nan,nan,nan
2537,63.425,3.501476262e-01,2.796237647e-01,nan,nan,nan,nan
2538,63.45,3.500735122e-01,2.796960451e-01,nan,nan,nan,nan
2539,63.475,3.501477100e-01,2.796224484e-01,nan,nan,nan,nan
2540,63.5,3.500748166e-01,2.796965924e-01,nan,nan,nan,nan
2541,63.525,3.501477483e-01,2.796216046e-01,nan,nan,nan,nan
2542,63.55,3.500780439e-01,2.796981909e-01,nan,nan,nan,nan
2543,63.575,3.501468302e-01,2.796199000e-01,nan,nan,nan,nan
2544,63.6,3.500806096e-01,2.796988144e-01,nan,nan,nan,nan
2545,63.625,3.501460552e-01,2.796177197e-01,nan,nan,nan,nan
2546,63.65,3.500820861e-01,2.796985287e-01,nan,nan,nan,nan
2547,63.675,3.501463932e-01,2.796171974e-01,nan,nan,nan,nan
2548,63.7,3.500846014e-01,2.797004124e-01,nan,nan,nan,nan
2549,63.725,3.501457420e-01,2.796158000e-01,nan,nan,nan,nan
2550,63.75,3.500873515e-01,2.797012906e-01,nan,nan,nan,nan
2551,63.775,3.501441437e-01,2.796134703e-01,nan,nan,nan,nan
2552,63.8,3.500889804e-01,2.797011278e-01,nan,nan,nan,nan
2553,63.825,3.501447423e-01,2.796125545e-01,nan,nan,nan,nan
2554,63.85,3.500907939e-01,2.797023348e-01,nan,nan,nan,nan
2555,63.875,3.501443183e-01,2.796114318e-01,nan,nan,nan,nan
2556,63.9,3.500937070e-01,2.797034414e-01,nan,nan,nan,nan
2557,63.925,3.501428164e-01,2.796093538e-01,nan,nan,nan,nan
2558,63.95,3.500954813e-01,2.797034860e-01,nan,nan,nan,nan
2559,63.975,3.501427529e-01,2.796076437e-01,nan,nan,nan,nan
2560,64,3.500965911e-01,2.797039262e-01,nan,nan,nan,nan
2561,64.025,3.501425201e-01,2.796067616e-01,nan,nan,nan,nan
2562,64.05,3.500996585e-01,2.797052419e-01,nan,nan,nan,nan
2563,64.075,3.501411879e-01,2.796049050e-01,nan,nan,nan,nan
2564,64.1,3.501015857e-01,2.797054862e-01,nan,nan,nan,nan
2565,64.125,3.501403869e-01,2.796024320e-01,nan,nan,nan,nan
2566,64.15,3.501023935e-01,2.797051625e-01,nan,nan,nan,nan
2567,64.175,3.501403175e-01,2.796017586e-01,nan,nan,nan,nan
2568,64.2,3.501052037e-01,2.797066780e-01,nan,nan,nan,nan
2569,64.225,3.501391416e-01,2.796001001e-01,nan,nan,nan,nan
2570,64.25,3.501073056e-01,2.797071258e-01,nan,nan,nan,nan
2571,64.275,3.501376151e-01,2.795974166e-01,nan,nan,nan,nan
2572,64.3,3.501083126e-01,2.797065101e-01,nan,nan,nan,nan
2573,64.325,3.501376942e-01,2.795963996e-01,nan,nan,nan,nan
2574,64.35,3.501103554e-01,2.797077477e-01,nan,nan,nan,nan
2575,64.375,3.501366756e-01,2.795949253e-01,nan,nan,nan,nan
2576,64.4,3.501126658e-01,2.797084141e-01,nan,nan,nan,nan
2577,64.425,3.501345538e-01,2.795924363e-01,nan,nan,nan,nan
2578,64.45,3.501139151e-01,2.797080413e-01,nan,nan,nan,nan
2579,64.475,3.501346489e-01,2.795906719e-01,nan,nan,nan,nan
2580,64.5,3.501151388e-01,2.797084612e-01,nan,nan,nan,nan
2581,64.525,3.501338030e-01,2.795893795e-01,nan,nan,nan,nan
2582,64.55,3.501176992e-01,2.797093709e-01,nan,nan,nan,nan
2583,64.575,3.501318891e-01,2.795870956e-01,nan,nan,nan,nan
2584,64.6,3.501192365e-01,2.797092735e-01,nan,nan,nan,nan
2585,64.625,3.501311955e-01,2.795845749e-01,nan,nan,nan,nan
2586,64.65,3.501197905e-01,2.797088391e-01,nan,nan,nan,nan
2587,64.675,3.501305498e-01,2.795834733e-01,nan,nan,nan,nan
2588,64.7,3.501224421e-01,2.797100227e-01,nan,nan,nan,nan
2589,64.725,3.501288811e-01,2.795814150e-01,nan,nan,nan,nan
2590,64.75,3.501243099e-01,2.797102354e-01,nan,nan,nan,nan
2591,64.775,3.501273608e-01,2.795783994e-01,nan,nan,nan,nan
2592,64.8,3.501252200e-01,2.797094965e-01,nan,nan,nan,nan
2593,64.825,3.501269510e-01,2.795772283e-01,nan,nan,nan,nan
2594,64.85,3.501269283e-01,2.797103991e-01,nan,nan,nan,nan
2595,64.875,3.501255679e-01,2.795787729e-01,nan,nan,nan,nan
2596,64.9,3.501291603e-01,2.797109539e-01,nan,nan,nan,nan
2597,64.925,3.501232262e-01,2.795816465e-01,nan,nan,nan,nan
2598,64.95,3.501304496e-01,2.797105834e-01,nan,nan,nan,nan
2599,64.975,3.501230453e-01,2.795815599e-01,nan,nan,nan,nan
2600,65,3.501311838e-01,2.797105278e-01,nan,nan,nan,nan
2601,65.025,3.501219851e-01,2.795857327e-01,nan,nan,nan,nan
2602,65.05,3.501338011e-01,2.797114498e-01,nan,nan,nan,nan
2603,65.075,3.501200048e-01,2.795824569e-01,nan,nan,nan,nan
2604,65.1,3.501312818e-01,2.797114646e-01,nan,nan,nan,nan
2605,65.125,3.501188693e-01,2.795879326e-01,nan,nan,nan,nan
2606,65.15,3.501352225e-01,2.797104305e-01,nan,nan,nan,nan
2607,65.175,3.501181613e-01,2.795814703e-01,nan,nan,nan,nan
2608,65.2,3.501294721e-01,2.797117348e-01,nan,nan,nan,nan
2609,65.225,3.501165609e-01,2.795882345e-01,nan,nan,nan,nan
2610,65.25,3.501347137e-01,2.797075579e-01,nan,nan,nan,nan
2611,65.275,3.501144525e-01,2.795786319e-01,nan,nan,nan,nan
2612,65.3,3.501257986e-01,2.797101196e-01,nan,nan,nan,nan
2613,65.325,3.501141133e-01,2.795866529e-01,nan,nan,nan,nan
2614,65.35,3.501323008e-01,2.797028898e-01,nan,nan,nan,nan
2615,65.375,3.501089481e-01,2.795739991e-01,nan,nan,nan,nan
2616,65.4,3.501203303e-01,2.797066597e-01,nan,nan,nan,nan
2617,65.425,3.501098125e-01,2.795832281e-01,nan,nan,nan,nan
2618,65.45,3.501280360e-01,2.796965079e-01,nan,nan,nan,nan
2619,65.475,3.501017417e-01,2.795676531e-01,nan,nan,nan,nan
2620,65.5,3.501131605e-01,2.797014208e-01,nan,nan,nan,nan
2621,65.525,3.501037362e-01,2.795780252e-01,nan,nan,nan,nan
2622,65.55,3.501219964e-01,2.796885168e-01,nan,nan,nan,nan
2623,65.575,3.500929495e-01,2.795596980e-01,nan,nan,nan,nan
2624,65.6,3.501044047e-01,2.796944924e-01,nan,nan,nan,nan
2625,65.625,3.500959855e-01,2.795711331e-01,nan,nan,nan,nan
2626,65.65,3.501142828e-01,2.796790424e-01,nan,nan,nan,nan
2627,65.675,3.500827087e-01,2.795502591e-01,nan,nan,nan,nan
2628,65.7,3.500941996e-01,2.796859863e-01,nan,nan,nan,nan
2629,65.725,3.500866841e-01,2.795626632e-01,nan,nan,nan,nan
2630,65.75,3.501050180e-01,2.796682299e-01,nan,nan,nan,nan
2631,65.775,3.500711748e-01,2.795394811e-01,nan,nan,nan,nan
2632,65.8,3.500827004e-01,2.796760350e-01,nan,nan,nan,nan
2633,65.825,3.500759753e-01,2.795527476e-01,nan,nan,nan,nan
2634,65.85,3.500943451e-01,2.796562414e-01,nan,nan,nan,nan
2635,65.875,3.500585200e-01,2.795275258e-01,nan,nan,nan,nan
2636,65.9,3.500700788e-01,2.796647898e-01,nan,nan,nan,nan
2637,65.925,3.500640210e-01,2.795415369e-01,nan,nan,nan,nan
2638,65.95,3.500824254e-01,2.796432541e-01,nan,nan,nan,nan
2639,65.975,3.500449305e-01,2.795145698e-01,nan,nan,nan,nan
2640,66,3.500565204e-01,2.796524185e-01,nan,nan,nan,nan
2641,66.025,3.500509986e-01,2.795291985e-01,nan,nan,nan,nan
2642,66.05,3.500694358e-01,2.796294573e-01,nan,nan,nan,nan
2643,66.075,3.500306036e-01,2.795008020e-01,nan,nan,nan,nan
2644,66.1,3.500422221e-01,2.796391028e-01,nan,nan,nan,nan
2645,66.125,3.500370985e-01,2.795159137e-01,nan,nan,nan,nan
2646,66.15,3.500555664e-01,2.796150497e-01,nan,nan,nan,nan
2647,66.175,3.500157451e-01,2.794864209e-01,nan,nan,nan,nan
2648,66.2,3.500273895e-01,2.796250358e-01,nan,nan,nan,nan
2649,66.225,3.500225217e-01,2.795018753e-01,nan,nan,nan,nan
2650,66.25,3.500410177e-01,2.796002368e-01,nan,nan,nan,nan
2651,66.275,3.500005662e-01,2.794716316e-01,nan,nan,nan,nan
2652,66.3,3.500122334e-01,2.796104193e-01,nan,nan,nan,nan
2653,66.325,3.500074768e-01,2.794872847e-01,nan,nan,nan,nan
2654,66.35,3.500259979e-01,2.795852280e-01,nan,nan,nan,nan
2655,66.375,3.499852808e-01,2.794566431e-01,nan,nan,nan,nan
2656,66.4,3.499969675e-01,2.795954612e-01,nan,nan,nan,nan
2657,66.425,3.499921767e-01,2.794723493e-01,nan,nan,nan,nan
2658,66.45,3.500107199e-01,2.795702335e-01,nan,nan,nan,nan
2659,66.475,3.499701025e-01,2.794498956e-01,nan,nan,nan,nan
2660,66.5,3.499818052e-01,2.795803718e-01,nan,nan,nan,nan
2661,66.525,3.499768364e-01,2.794572794e-01,nan,nan,nan,nan
2662,66.55,3.499953981e-01,2.795554615e-01,nan,nan,nan,nan
2663,66.575,3.499597484e-01,2.794610980e-01,nan,nan,nan,nan
2664,66.6,3.499669563e-01,2.795653619e-01,nan,nan,nan,nan
2665,66.625,3.499810391e-01,2.794488353e-01,nan,nan,nan,nan
2666,66.65,3.499802459e-01,2.795411155e-01,nan,nan,nan,nan
2667,66.675,3.499709315e-01,2.794728996e-01,nan,nan,nan,nan
2668,66.7,3.499526247e-01,2.795506391e-01,nan,nan,nan,nan
2669,66.725,3.499931961e-01,2.794602696e-01,nan,nan,nan,nan
2670,66.75,3.499654722e-01,2.795273912e-01,nan,nan,nan,nan
2671,66.775,3.499827724e-01,2.794851270e-01,nan,nan,nan,nan
2672,66.8,3.499390054e-01,2.795390088e-01,nan,nan,nan,nan
2673,66.825,3.500057068e-01,2.794722562e-01,nan,nan,nan,nan
2674,66.85,3.499512791e-01,2.795316323e-01,nan,nan,nan,nan
2675,66.875,3.499950967e-01,2.794976018e-01,nan,nan,nan,nan
2676,66.9,3.499262816e-01,2.795514689e-01,nan,nan,nan,nan
2677,66.925,3.500183891e-01,2.794846194e-01,nan,nan,nan,nan
2678,66.95,3.499378589e-01,2.795439792e-01,nan,nan,nan,nan
2679,66.975,3.500077242e-01,2.795101436e-01,nan,nan,nan,nan
2680,67,3.499146228e-01,2.795639980e-01,nan,nan,nan,nan
2681,67.025,3.500310601e-01,2.794971795e-01,nan,nan,nan,nan
2682,67.05,3.499257925e-01,2.795565250e-01,nan,nan,nan,nan
2683,67.075,3.500204719e-01,2.795225721e-01,nan,nan,nan,nan
2684,67.1,3.499220767e-01,2.795764162e-01,nan,nan,nan,nan
2685,67.125,3.500435380e-01,2.795097554e-01,nan,nan,nan,nan
2686,67.15,3.499382608e-01,2.795690888e-01,nan,nan,nan,nan
2687,67.175,3.500331562e-01,2.795347102e-01,nan,nan,nan,nan
2688,67.2,3.499347497e-01,2.795885464e-01,nan,nan,nan,nan
2689,67.225,3.500556455e-01,2.795221669e-01,nan,nan,nan,nan
2690,67.25,3.499503611e-01,2.795814905e-01,nan,nan,nan,nan
2691,67.275,3.500455960e-01,2.795463860e-01,nan,nan,nan,nan
2692,67.3,3.499471805e-01,2.796002167e-01,nan,nan,nan,nan
2693,67.325,3.500672116e-01,2.795342375e-01,nan,nan,nan,nan
2694,67.35,3.499619226e-01,2.795935539e-01,nan,nan,nan,nan
2695,67.375,3.500576148e-01,2.795574355e-01,nan,nan,nan,nan
2696,67.4,3.499591929e-01,2.796112632e-01,nan,nan,nan,nan
2697,67.425,3.500780744e-01,2.795457969e-01,nan,nan,nan,nan
2698,67.45,3.499727832e-01,2.796051085e-01,nan,nan,nan,nan
2699,67.475,3.500690436e-01,2.795677048e-01,nan,nan,nan,nan
2700,67.5,3.499706177e-01,2.796215319e-01,nan,nan,nan,nan
2701,67.525,3.500880831e-01,2.795566833e-01,nan,nan,nan,nan
2702,67.55,3.499827922e-01,2.796159926e-01,nan,nan,nan,nan
2703,67.575,3.500797228e-01,2.795770522e-01,nan,nan,nan,nan
2704,67.6,3.499812955e-01,2.796308813e-01,nan,nan,nan,nan
2705,67.625,3.500971003e-01,2.795667455e-01,nan,nan,nan,nan
2706,67.65,3.499918123e-01,2.796260551e-01,nan,nan,nan,nan
2707,67.675,3.500895048e-01,2.795853504e-01,nan,nan,nan,nan
2708,67.7,3.499910786e-01,2.796391838e-01,nan,nan,nan,nan
2709,67.725,3.501050038e-01,2.795758454e-01,nan,nan,nan,nan
2710,67.75,3.499997210e-01,2.796351578e-01,nan,nan,nan,nan
2711,67.775,3.500982559e-01,2.795924876e-01,nan,nan,nan,nan
2712,67.8,3.499998334e-01,2.796463278e-01,nan,nan,nan,nan
2713,67.825,3.501116881e-01,2.795838595e-01,nan,nan,nan,nan
2714,67.85,3.500064130e-01,2.796431770e-01,nan,nan,nan,nan
2715,67.875,3.501058582e-01,2.795983700e-01,nan,nan,nan,nan
2716,67.9,3.500074417e-01,2.796522189e-01,nan,nan,nan,nan
2717,67.925,3.501170663e-01,2.795906807e-01,nan,nan,nan,nan
2718,67.95,3.500118007e-01,2.796500056e-01,nan,nan,nan,nan
2719,67.975,3.501122109e-01,2.796029219e-01,nan,nan,nan,nan
2720,68,3.500138027e-01,2.796567816e-01,nan,nan,nan,nan
2721,68.025,3.501210703e-01,2.795962197e-01,nan,nan,nan,nan
2722,68.05,3.500158164e-01,2.796555542e-01,nan,nan,nan,nan
2723,68.075,3.501172320e-01,2.796060875e-01,nan,nan,nan,nan
2724,68.1,3.500188342e-01,2.796599599e-01,nan,nan,nan,nan
2725,68.125,3.501236527e-01,2.796004063e-01,nan,nan,nan,nan
2726,68.15,3.500210795e-01,2.796597523e-01,nan,nan,nan,nan
2727,68.175,3.501208590e-01,2.796078313e-01,nan,nan,nan,nan
2728,68.2,3.500225630e-01,2.796617179e-01,nan,nan,nan,nan
2729,68.225,3.501247866e-01,2.796031901e-01,nan,nan,nan,nan
2730,68.25,3.500257462e-01,2.796625494e-01,nan,nan,nan,nan
2731,68.275,3.501230500e-01,2.796081383e-01,nan,nan,nan,nan
2732,68.3,3.500282330e-01,2.796626037e-01,nan,nan,nan,nan
2733,68.325,3.501244660e-01,2.796045412e-01,nan,nan,nan,nan
2734,68.35,3.500299282e-01,2.796639153e-01,nan,nan,nan,nan
2735,68.375,3.501237839e-01,2.796070143e-01,nan,nan,nan,nan
2736,68.4,3.500325268e-01,2.796650136e-01,nan,nan,nan,nan
2737,68.425,3.501227062e-01,2.796044505e-01,nan,nan,nan,nan
2738,68.45,3.500352387e-01,2.796653279e-01,nan,nan,nan,nan
2739,68.475,3.501230607e-01,2.796044857e-01,nan,nan,nan,nan
2740,68.5,3.500371187e-01,2.796659831e-01,nan,nan,nan,nan
2741,68.525,3.501226430e-01,2.796029295e-01,nan,nan,nan,nan
2742,68.55,3.500391518e-01,2.796673451e-01,nan,nan,nan,nan
2743,68.575,3.501214336e-01,2.796006298e-01,nan,nan,nan,nan
2744,68.6,3.500420609e-01,2.796679060e-01,nan,nan,nan,nan
2745,68.625,3.501215148e-01,2.796000103e-01,nan,nan,nan,nan
2746,68.65,3.500440919e-01,2.796679141e-01,nan,nan,nan,nan
2747,68.675,3.501213564e-01,2.795987105e-01,nan,nan,nan,nan
2748,68.7,3.500455859e-01,2.796695252e-01,nan,nan,nan,nan
2749,68.725,3.501203899e-01,2.795966706e-01,nan,nan,nan,nan
2750,68.75,3.500486573e-01,2.796703095e-01,nan,nan,nan,nan
2751,68.775,3.501198216e-01,2.795954011e-01,nan,nan,nan,nan
2752,68.8,3.500508041e-01,2.796702349e-01,nan,nan,nan,nan
2753,68.825,3.501199024e-01,2.795943524e-01,nan,nan,nan,nan
2754,68.85,3.500520045e-01,2.796715261e-01,nan,nan,nan,nan
2755,68.875,3.501191480e-01,2.795925561e-01,nan,nan,nan,nan
2756,68.9,3.500549846e-01,2.796725051e-01,nan,nan,nan,nan
2757,68.925,3.501179596e-01,2.795906536e-01,nan,nan,nan,nan
2758,68.95,3.500572160e-01,2.796725916e-01,nan,nan,nan,nan
2759,68.975,3.501182478e-01,2.795898386e-01,nan,nan,nan,nan
2760,69,3.500584673e-01,2.796733146e-01,nan,nan,nan,nan
2761,69.025,3.501176674e-01,2.795882600e-01,nan,nan,nan,nan
2762,69.05,3.500610038e-01,2.796744581e-01,nan,nan,nan,nan
2763,69.075,3.501161629e-01,2.795858633e-01,nan,nan,nan,nan
2764,69.1,3.500632981e-01,2.796746797e-01,nan,nan,nan,nan
2765,69.125,3.501163525e-01,2.795851434e-01,nan,nan,nan,nan
2766,69.15,3.500645926e-01,2.796748567e-01,nan,nan,nan,nan
2767,69.175,3.501159058e-01,2.795837505e-01,nan,nan,nan,nan
2768,69.2,3.500666860e-01,2.796761374e-01,nan,nan,nan,nan
2769,69.225,3.501145028e-01,2.795815148e-01,nan,nan,nan,nan
2770,69.25,3.500690343e-01,2.796764752e-01,nan,nan,nan,nan
2771,69.275,3.501141746e-01,2.795802355e-01,nan,nan,nan,nan
2772,69.3,3.500703788e-01,2.796761217e-01,nan,nan,nan,nan
2773,69.325,3.501138253e-01,2.795789942e-01,nan,nan,nan,nan
2774,69.35,3.500720151e-01,2.796775194e-01,nan,nan,nan,nan
2775,69.375,3.501124974e-01,2.795768894e-01,nan,nan,nan,nan
2776,69.4,3.500744233e-01,2.796779648e-01,nan,nan,nan,nan
2777,69.425,3.501116768e-01,2.795750821e-01,nan,nan,nan,nan
2778,69.45,3.500758395e-01,2.796774544e-01,nan,nan,nan,nan
2779,69.475,3.501113971e-01,2.795739611e-01,nan,nan,nan,nan
2780,69.5,3.500769908e-01,2.796785914e-01,nan,nan,nan,nan
2781,69.525,3.501101304e-01,2.795719640e-01,nan,nan,nan,nan
2782,69.55,3.500794790e-01,2.796791472e-01,nan,nan,nan,nan
2783,69.575,3.501088308e-01,2.795696536e-01,nan,nan,nan,nan
2784,69.6,3.500810004e-01,2.796787602e-01,nan,nan,nan,nan
2785,69.625,3.501086057e-01,2.795686284e-01,nan,nan,nan,nan
2786,69.65,3.500816271e-01,2.796793525e-01,nan,nan,nan,nan
2787,69.675,3.501074011e-01,2.795667257e-01,nan,nan,nan,nan
2788,69.7,3.500842278e-01,2.796800332e-01,nan,nan,nan,nan
2789,69.725,3.501056215e-01,2.795639276e-01,nan,nan,nan,nan
2790,69.75,3.500858960e-01,2.796797948e-01,nan,nan,nan,nan
2791,69.775,3.501054507e-01,2.795629839e-01,nan,nan,nan,nan
2792,69.8,3.500866783e-01,2.796798140e-01,nan,nan,nan,nan
2793,69.825,3.501043234e-01,2.795611736e-01,nan,nan,nan,nan
2794,69.85,3.500887043e-01,2.796806436e-01,nan,nan,nan,nan
2795,69.875,3.501022478e-01,2.795584800e-01,nan,nan,nan,nan
2796,69.9,3.500905635e-01,2.796805857e-01,nan,nan,nan,nan
2797,69.925,3.501019465e-01,2.795570271e-01,nan,nan,nan,nan
2798,69.95,3.500915699e-01,2.796799973e-01,nan,nan,nan,nan
2799,69.975,3.501009244e-01,2.795553192e-01,nan,nan,nan,nan
2800,70,3.500929465e-01,2.796810063e-01,nan,nan,nan,nan
2801,70.025,3.500989971e-01,2.795527601e-01,nan,nan,nan,nan
2802,70.05,3.500950377e-01,2.796811628e-01,nan,nan,nan,nan
2803,70.075,3.500981208e-01,2.795507701e-01,nan,nan,nan,nan
2804,70.1,3.500963023e-01,2.796804891e-01,nan,nan,nan,nan
2805,70.125,3.500972397e-01,2.795491841e-01,nan,nan,nan,nan
2806,70.15,3.500969896e-01,2.796811518e-01,nan,nan,nan,nan
2807,70.175,3.500955011e-01,2.795500585e-01,nan,nan,nan,nan
2808,70.2,3.500993455e-01,2.796815543e-01,nan,nan,nan,nan
2809,70.225,3.500940098e-01,2.795532561e-01,nan,nan,nan,nan
2810,70.25,3.501008896e-01,2.796811520e-01,nan,nan,nan,nan
2811,70.275,3.500933087e-01,2.795522213e-01,nan,nan,nan,nan
2812,70.3,3.501008608e-01,2.796811088e-01,nan,nan,nan,nan
2813,70.325,3.500917964e-01,2.795564939e-01,nan,nan,nan,nan
2814,70.35,3.501035016e-01,2.796817822e-01,nan,nan,nan,nan
2815,70.375,3.500896533e-01,2.795528706e-01,nan,nan,nan,nan
2816,70.4,3.501008383e-01,2.796816675e-01,nan,nan,nan,nan
2817,70.425,3.500891687e-01,2.795582251e-01,nan,nan,nan,nan
2818,70.45,3.501045755e-01,2.796808998e-01,nan,nan,nan,nan
2819,70.475,3.500879124e-01,2.795520085e-01,nan,nan,nan,nan
2820,70.5,3.500992897e-01,2.796818590e-01,nan,nan,nan,nan
2821,70.525,3.500858794e-01,2.795584364e-01,nan,nan,nan,nan
2822,70.55,3.501041076e-01,2.796785284e-01,nan,nan,nan,nan
2823,70.575,3.500848494e-01,2.795496585e-01,nan,nan,nan,nan
2824,70.6,3.500962487e-01,2.796805378e-01,nan,nan,nan,nan
2825,70.625,3.500838664e-01,2.795571361e-01,nan,nan,nan,nan
2826,70.65,3.501021163e-01,2.796747129e-01,nan,nan,nan,nan
2827,70.675,3.500803478e-01,2.795458650e-01,nan,nan,nan,nan
2828,70.7,3.500917695e-01,2.796777337e-01,nan,nan,nan,nan
2829,70.725,3.500803689e-01,2.795543539e-01,nan,nan,nan,nan
2830,70.75,3.500986411e-01,2.796695180e-01,nan,nan,nan,nan
2831,70.775,3.500744823e-01,2.795406924e-01,nan,nan,nan,nan
2832,70.8,3.500859266e-01,2.796734977e-01,nan,nan,nan,nan
2833,70.825,3.500754477e-01,2.795501402e-01,nan,nan,nan,nan
2834,70.85,3.500937427e-01,2.796630276e-01,nan,nan,nan,nan
2835,70.875,3.500673463e-01,2.795342243e-01,nan,nan,nan,nan
2836,70.9,3.500788132e-01,2.796679003e-01,nan,nan,nan,nan
2837,70.925,3.500691833e-01,2.795445653e-01,nan,nan,nan,nan
2838,70.95,3.500875012e-01,2.796553436e-01,nan,nan,nan,nan
2839,70.975,3.500590510e-01,2.795265623e-01,nan,nan,nan,nan
2840,71,3.500705399e-01,2.796610310e-01,nan,nan,nan,nan
2841,71.025,3.500616747e-01,2.795377185e-01,nan,nan,nan,nan
2842,71.05,3.500800153e-01,2.796465839e-01,nan,nan,nan,nan
2843,71.075,3.500497228e-01,2.795178239e-01,nan,nan,nan,nan
2844,71.1,3.500612331e-01,2.796529967e-01,nan,nan,nan,nan
2845,71.125,3.500530379e-01,2.795297063e-01,nan,nan,nan,nan
2846,71.15,3.500714006e-01,2.796368809e-01,nan,nan,nan,nan
2847,71.175,3.500395023e-01,2.795081414e-01,nan,nan,nan,nan
2848,71.2,3.500510328e-01,2.796439202e-01,nan,nan,nan,nan
2849,71.225,3.500434041e-01,2.795206511e-01,nan,nan,nan,nan
2850,71.25,3.500617880e-01,2.796263797e-01,nan,nan,nan,nan
2851,71.275,3.500285415e-01,2.794976593e-01,nan,nan,nan,nan
2852,71.3,3.500400909e-01,2.796339381e-01,nan,nan,nan,nan
2853,71.325,3.500329177e-01,2.795106893e-01,nan,nan,nan,nan
2854,71.35,3.500513217e-01,2.796152355e-01,nan,nan,nan,nan
2855,71.375,3.500170021e-01,2.794865329e-01,nan,nan,nan,nan
2856,71.4,3.500285689e-01,2.796231989e-01,nan,nan,nan,nan
2857,71.425,3.500217343e-01,2.794999690e-01,nan,nan,nan,nan
2858,71.45,3.500401569e-01,2.796036118e-01,nan,nan,nan,nan
2859,71.475,3.500050529e-01,2.794749252e-01,nan,nan,nan,nan
2860,71.5,3.500166353e-01,2.796118609e-01,nan,nan,nan,nan
2861,71.525,3.500100182e-01,2.794886485e-01,nan,nan,nan,nan
2862,71.55,3.500284579e-01,2.795916777e-01,nan,nan,nan,nan
2863,71.575,3.499928673e-01,2.794630053e-01,nan,nan,nan,nan
2864,71.6,3.500044633e-01,2.796000899e-01,nan,nan,nan,nan
2865,71.625,3.499979402e-01,2.794768932e-01,nan,nan,nan,nan
2866,71.65,3.500163951e-01,2.795796057e-01,nan,nan,nan,nan
2867,71.675,3.499806210e-01,2.794597985e-01,nan,nan,nan,nan
2868,71.7,3.499922284e-01,2.795880568e-01,nan,nan,nan,nan
2869,71.725,3.499856753e-01,2.794648737e-01,nan,nan,nan,nan
2870,71.75,3.500041432e-01,2.795675691e-01,nan,nan,nan,nan
2871,71.775,3.499704840e-01,2.794690424e-01,nan,nan,nan,nan
2872,71.8,3.499801060e-01,2.795759349e-01,nan,nan,nan,nan
2873,71.825,3.499884553e-01,2.794580632e-01,nan,nan,nan,nan
2874,71.85,3.499918785e-01,2.795557395e-01,nan,nan,nan,nan
2875,71.875,3.499796713e-01,2.794788160e-01,nan,nan,nan,nan
2876,71.9,3.499682683e-01,2.795638977e-01,nan,nan,nan,nan
2877,71.925,3.499985219e-01,2.794674901e-01,nan,nan,nan,nan
2878,71.95,3.499797760e-01,2.795442845e-01,nan,nan,nan,nan
2879,71.975,3.499894373e-01,2.794889735e-01,nan,nan,nan,nan
2880,72,3.499568828e-01,2.795521164e-01,nan,nan,nan,nan
2881,72.025,3.500089087e-01,2.794774104e-01,nan,nan,nan,nan
2882,72.05,3.499680075e-01,2.795368231e-01,nan,nan,nan,nan
2883,72.075,3.499996360e-01,2.794993640e-01,nan,nan,nan,nan
2884,72.1,3.499461090e-01,2.795532758e-01,nan,nan,nan,nan
2885,72.125,3.500194618e-01,2.794876764e-01,nan,nan,nan,nan
2886,72.15,3.499567387e-01,2.795470782e-01,nan,nan,nan,nan
2887,72.175,3.500101156e-01,2.795098343e-01,nan,nan,nan,nan
2888,72.2,3.499360968e-01,2.795637378e-01,nan,nan,nan,nan
2889,72.225,3.500300259e-01,2.794981360e-01,nan,nan,nan,nan
2890,72.25,3.499461273e-01,2.795575284e-01,nan,nan,nan,nan
2891,72.275,3.500207213e-01,2.795202309e-01,nan,nan,nan,nan
2892,72.3,3.499269844e-01,2.795741276e-01,nan,nan,nan,nan
2893,72.325,3.500404464e-01,2.795086353e-01,nan,nan,nan,nan
2894,72.35,3.499363203e-01,2.795680197e-01,nan,nan,nan,nan
2895,72.375,3.500312975e-01,2.795304021e-01,nan,nan,nan,nan
2896,72.4,3.499329437e-01,2.795842935e-01,nan,nan,nan,nan
2897,72.425,3.500505716e-01,2.795190207e-01,nan,nan,nan,nan
2898,72.45,3.499453439e-01,2.795783986e-01,nan,nan,nan,nan
2899,72.475,3.500416896e-01,2.795402003e-01,nan,nan,nan,nan
2900,72.5,3.499433298e-01,2.795940881e-01,nan,nan,nan,nan
2901,72.525,3.500602550e-01,2.795291409e-01,nan,nan,nan,nan
2902,72.55,3.499550242e-01,2.795885141e-01,nan,nan,nan,nan
2903,72.575,3.500517466e-01,2.795494844e-01,nan,nan,nan,nan
2904,72.6,3.499533827e-01,2.796033702e-01,nan,nan,nan,nan
2905,72.625,3.500693575e-01,2.795388497e-01,nan,nan,nan,nan
2906,72.65,3.499641253e-01,2.795982196e-01,nan,nan,nan,nan
2907,72.675,3.500613236e-01,2.795581214e-01,nan,nan,nan,nan
2908,72.7,3.499629570e-01,2.796120069e-01,nan,nan,nan,nan
2909,72.725,3.500777489e-01,2.795480074e-01,nan,nan,nan,nan
2910,72.75,3.499725171e-01,2.796073758e-01,nan,nan,nan,nan
2911,72.775,3.500702831e-01,2.795659886e-01,nan,nan,nan,nan
2912,72.8,3.499719156e-01,2.796198754e-01,nan,nan,nan,nan
2913,72.825,3.500853106e-01,2.795564831e-01,nan,nan,nan,nan
2914,72.85,3.499800807e-01,2.796158517e-01,nan,nan,nan,nan
2915,72.875,3.500784976e-01,2.795729751e-01,nan,nan,nan,nan
2916,72.9,3.499801310e-01,2.796268649e-01,nan,nan,nan,nan
2917,72.925,3.500919366e-01,2.795641569e-01,nan,nan,nan,nan
2918,72.95,3.499867102e-01,2.796235274e-01,nan,nan,nan,nan
2919,72.975,3.500858512e-01,2.795789836e-01,nan,nan,nan,nan
2920,73,3.499874870e-01,2.796328778e-01,nan,nan,nan,nan
2921,73.025,3.500975350e-01,2.795709210e-01,nan,nan,nan,nan
2922,73.05,3.499923137e-01,2.796302949e-01,nan,nan,nan,nan
2923,73.075,3.500922411e-01,2.795839316e-01,nan,nan,nan,nan
2924,73.1,3.499938810e-01,2.796378318e-01,nan,nan,nan,nan
2925,73.125,3.501020298e-01,2.795766816e-01,nan,nan,nan,nan
2926,73.15,3.499968150e-01,2.796360604e-01,nan,nan,nan,nan
2927,73.175,3.500975795e-01,2.795877526e-01,nan,nan,nan,nan
2928,73.2,3.499992249e-01,2.796416600e-01,nan,nan,nan,nan
2929,73.225,3.501053612e-01,2.795813600e-01,nan,nan,nan,nan
2930,73.25,3.500009695e-01,2.796407452e-01,nan,nan,nan,nan
2931,73.275,3.501017940e-01,2.795903969e-01,nan,nan,nan,nan
2932,73.3,3.500034463e-01,2.796443128e-01,nan,nan,nan,nan
2933,73.325,3.501074872e-01,2.795848939e-01,nan,nan,nan,nan
2934,73.35,3.500060466e-01,2.796442868e-01,nan,nan,nan,nan
2935,73.375,3.501048293e-01,2.795918325e-01,nan,nan,nan,nan
2936,73.4,3.500079663e-01,2.796457579e-01,nan,nan,nan,nan
2937,73.425,3.501083834e-01,2.795872379e-01,nan,nan,nan,nan
2938,73.45,3.500099820e-01,2.796466397e-01,nan,nan,nan,nan
2939,73.475,3.501066478e-01,2.795920449e-01,nan,nan,nan,nan
2940,73.5,3.500127695e-01,2.796468209e-01,nan,nan,nan,nan
2941,73.525,3.501080435e-01,2.795883645e-01,nan,nan,nan,nan
2942,73.55,3.500148476e-01,2.796477762e-01,nan,nan,nan,nan
2943,73.575,3.501072298e-01,2.795910380e-01,nan,nan,nan,nan
2944,73.6,3.500164130e-01,2.796488695e-01,nan,nan,nan,nan
2945,73.625,3.501064797e-01,2.795882639e-01,nan,nan,nan,nan
2946,73.65,3.500193703e-01,2.796492555e-01,nan,nan,nan,nan
2947,73.675,3.501065736e-01,2.795888334e-01,nan,nan,nan,nan
2948,73.7,3.500215787e-01,2.796496941e-01,nan,nan,nan,nan
2949,73.725,3.501059682e-01,2.795869445e-01,nan,nan,nan,nan
2950,73.75,3.500230188e-01,2.796509956e-01,nan,nan,nan,nan
2951,73.775,3.501046960e-01,2.795854700e-01,nan,nan,nan,nan
2952,73.8,3.500258142e-01,2.796515721e-01,nan,nan,nan,nan
2953,73.825,3.501049941e-01,2.795844325e-01,nan,nan,nan,nan
2954,73.85,3.500281178e-01,2.796515053e-01,nan,nan,nan,nan
2955,73.875,3.501045918e-01,2.795827473e-01,nan,nan,nan,nan
2956,73.9,3.500296045e-01,2.796529998e-01,nan,nan,nan,nan
2957,73.925,3.501034559e-01,2.795807715e-01,nan,nan,nan,nan
2958,73.95,3.500320599e-01,2.796537434e-01,nan,nan,nan,nan
2959,73.975,3.501032984e-01,2.795799284e-01,nan,nan,nan,nan
2960,74,3.500344224e-01,2.796537063e-01,nan,nan,nan,nan
2961,74.025,3.501030793e-01,2.795784418e-01,nan,nan,nan,nan
2962,74.05,3.500359244e-01,2.796548552e-01,nan,nan,nan,nan
2963,74.075,3.501020982e-01,2.795762727e-01,nan,nan,nan,nan
2964,74.1,3.500380650e-01,2.796557366e-01,nan,nan,nan,nan
2965,74.125,3.501014656e-01,2.795753165e-01,nan,nan,nan,nan
2966,74.15,3.500404543e-01,2.796558032e-01,nan,nan,nan,nan
2967,74.175,3.501013978e-01,2.795740117e-01,nan,nan,nan,nan
2968,74.2,3.500419496e-01,2.796565290e-01,nan,nan,nan,nan
2969,74.225,3.501005335e-01,2.795720066e-01,nan,nan,nan,nan
2970,74.25,3.500437915e-01,2.796575176e-01,nan,nan,nan,nan
2971,74.275,3.500994632e-01,2.795705809e-01,nan,nan,nan,nan
2972,74.3,3.500461848e-01,2.796576615e-01,nan,nan,nan,nan
2973,74.325,3.500995078e-01,2.795694315e-01,nan,nan,nan,nan
2974,74.35,3.500476647e-01,2.796579878e-01,nan,nan,nan,nan
2975,74.375,3.500987200e-01,2.795675588e-01,nan,nan,nan,nan
2976,74.4,3.500492112e-01,2.796590560e-01,nan,nan,nan,nan
2977,74.425,3.500972519e-01,2.795656965e-01,nan,nan,nan,nan
2978,74.45,3.500515987e-01,2.796592579e-01,nan,nan,nan,nan
2979,74.475,3.500973677e-01,2.795646699e-01,nan,nan,nan,nan
2980,74.5,3.500530691e-01,2.796592013e-01,nan,nan,nan,nan
2981,74.525,3.500966202e-01,2.795628961e-01,nan,nan,nan,nan
2982,74.55,3.500543090e-01,2.796603290e-01,nan,nan,nan,nan
2983,74.575,3.500949665e-01,2.795606324e-01,nan,nan,nan,nan
2984,74.6,3.500566959e-01,2.796605798e-01,nan,nan,nan,nan
2985,74.625,3.500949404e-01,2.795596942e-01,nan,nan,nan,nan
2986,74.65,3.500581774e-01,2.796601470e-01,nan,nan,nan,nan
2987,74.675,3.500942057e-01,2.795579886e-01,nan,nan,nan,nan
2988,74.7,3.500590851e-01,2.796613242e-01,nan,nan,nan,nan
2989,74.725,3.500925549e-01,2.795554678e-01,nan,nan,nan,nan
2990,74.75,3.500614910e-01,2.796616266e-01,nan,nan,nan,nan
2991,74.775,3.500921979e-01,2.795544748e-01,nan,nan,nan,nan
2992,74.8,3.500630164e-01,2.796610640e-01,nan,nan,nan,nan
2993,74.825,3.500914614e-01,2.795528138e-01,nan,nan,nan,nan
2994,74.85,3.500637102e-01,2.796620413e-01,nan,nan,nan,nan
2995,74.875,3.500898144e-01,2.795503337e-01,nan,nan,nan,nan
2996,74.9,3.500660113e-01,2.796624097e-01,nan,nan,nan,nan
2997,74.925,3.500891254e-01,2.795489895e-01,nan,nan,nan,nan
2998,74.95,3.500676213e-01,2.796619357e-01,nan,nan,nan,nan
2999,74.975,3.500883871e-01,2.795473593e-01,nan,nan,nan,nan
3000,75,3.500684345e-01,2.796624921e-01,nan,nan,nan,nan
3001,75.025,3.500867595e-01,2.795449187e-01,nan,nan,nan,nan
3002,75.05,3.500702921e-01,2.796629504e-01,nan,nan,nan,nan
3003,75.075,3.500857229e-01,2.795432264e-01,nan,nan,nan,nan
3004,75.1,3.500720303e-01,2.796625967e-01,nan,nan,nan,nan
3005,75.125,3.500849976e-01,2.795416249e-01,nan,nan,nan,nan
3006,75.15,3.500730046e-01,2.796626982e-01,nan,nan,nan,nan
3007,75.175,3.500834176e-01,2.795392345e-01,nan,nan,nan,nan
3008,75.2,3.500743722e-01,2.796632771e-01,nan,nan,nan,nan
3009,75.225,3.500820058e-01,2.795371854e-01,nan,nan,nan,nan
3010,75.25,3.500762793e-01,2.796630774e-01,nan,nan,nan,nan
3011,75.275,3.500813206e-01,2.795356224e-01,nan,nan,nan,nan
3012,75.3,3.500774478e-01,2.796626884e-01,nan,nan,nan,nan
3013,75.325,3.500798246e-01,2.795333026e-01,nan,nan,nan,nan
3014,75.35,3.500782874e-01,2.796634208e-01,nan,nan,nan,nan
3015,75.375,3.500780020e-01,2.795315483e-01,nan,nan,nan,nan
3016,75.4,3.500803956e-01,2.796634068e-01,nan,nan,nan,nan
3017,75.425,3.500773925e-01,2.795346415e-01,nan,nan,nan,nan
3018,75.45,3.500817793e-01,2.796626651e-01,nan,nan,nan,nan
3019,75.475,3.500760201e-01,2.795337764e-01,nan,nan,nan,nan
3020,75.5,3.500820657e-01,2.796634105e-01,nan,nan,nan,nan
3021,75.525,3.500739017e-01,2.795377956e-01,nan,nan,nan,nan
3022,75.55,3.500843950e-01,2.796636074e-01,nan,nan,nan,nan
3023,75.575,3.500732531e-01,2.795347312e-01,nan,nan,nan,nan
3024,75.6,3.500824414e-01,2.796630915e-01,nan,nan,nan,nan
3025,75.625,3.500720416e-01,2.795396894e-01,nan,nan,nan,nan
3026,75.65,3.500857229e-01,2.796632691e-01,nan,nan,nan,nan
3027,75.675,3.500701210e-01,2.795344064e-01,nan,nan,nan,nan
3028,75.7,3.500815250e-01,2.796636920e-01,nan,nan,nan,nan
3029,75.725,3.500689404e-01,2.795403028e-01,nan,nan,nan,nan
3030,75.75,3.500857516e-01,2.796616627e-01,nan,nan,nan,nan
3031,75.775,3.500679189e-01,2.795328141e-01,nan,nan,nan,nan
3032,75.8,3.500793374e-01,2.796630100e-01,nan,nan,nan,nan
3033,75.825,3.500662142e-01,2.795396346e-01,nan,nan,nan,nan
3034,75.85,3.500844884e-01,2.796588189e-01,nan,nan,nan,nan
3035,75.875,3.500644845e-01,2.795299849e-01,nan,nan,nan,nan
3036,75.9,3.500759179e-01,2.796610629e-01,nan,nan,nan,nan
3037,75.925,3.500636702e-01,2.795377019e-01,nan,nan,nan,nan
3038,75.95,3.500819592e-01,2.796547861e-01,nan,nan,nan,nan
3039,75.975,3.500598749e-01,2.795259670e-01,nan,nan,nan,nan
3040,76,3.500713234e-01,2.796578863e-01,nan,nan,nan,nan
3041,76.025,3.500599040e-01,2.795345402e-01,nan,nan,nan,nan
3042,76.05,3.500782082e-01,2.796496296e-01,nan,nan,nan,nan
3043,76.075,3.500541639e-01,2.795208256e-01,nan,nan,nan,nan
3044,76.1,3.500656275e-01,2.796535333e-01,nan,nan,nan,nan
3045,76.125,3.500549775e-01,2.795302024e-01,nan,nan,nan,nan
3046,76.15,3.500732970e-01,2.796434310e-01,nan,nan,nan,nan
3047,76.175,3.500474408e-01,2.795146417e-01,nan,nan,nan,nan
3048,76.2,3.500589194e-01,2.796480741e-01,nan,nan,nan,nan
3049,76.225,3.500489690e-01,2.795247583e-01,nan,nan,nan,nan
3050,76.25,3.500673037e-01,2.796362861e-01,nan,nan,nan,nan
3051,76.275,3.500398094e-01,2.795075113e-01,nan,nan,nan,nan
3052,76.3,3.500513023e-01,2.796415941e-01,nan,nan,nan,nan
3053,76.325,3.500419721e-01,2.795182932e-01,nan,nan,nan,nan
3054,76.35,3.500603217e-01,2.796283043e-01,nan,nan,nan,nan
3055,76.375,3.500313857e-01,2.794995433e-01,nan,nan,nan,nan
3056,76.4,3.500428924e-01,2.796341933e-01,nan,nan,nan,nan
3057,76.425,3.500340940e-01,2.795109068e-01,nan,nan,nan,nan
3058,76.45,3.500524580e-01,2.796196062e-01,nan,nan,nan,nan
3059,76.475,3.500222968e-01,2.794908583e-01,nan,nan,nan,nan
3060,76.5,3.500338164e-01,2.796259845e-01,nan,nan,nan,nan
3061,76.525,3.500254545e-01,2.795027118e-01,nan,nan,nan,nan
3062,76.55,3.500438321e-01,2.796103224e-01,nan,nan,nan,nan
3063,76.575,3.500126789e-01,2.794815867e-01,nan,nan,nan,nan
3064,76.6,3.500242103e-01,2.796170914e-01,nan,nan,nan,nan
3065,76.625,3.500161833e-01,2.794938317e-01,nan,nan,nan,nan
3066,76.65,3.500345737e-01,2.796005913e-01,nan,nan,nan,nan
3067,76.675,3.500026747e-01,2.794718667e-01,nan,nan,nan,nan
3068,76.7,3.500142169e-01,2.796076471e-01,nan,nan,nan,nan
3069,76.725,3.500064189e-01,2.794843994e-01,nan,nan,nan,nan
3070,76.75,3.500248210e-01,2.795905570e-01,nan,nan,nan,nan
3071,76.775,3.499924323e-01,2.794620065e-01,nan,nan,nan,nan
3072,76.8,3.500039838e-01,2.795977922e-01,nan,nan,nan,nan
3073,76.825,3.499963062e-01,2.794745552e-01,nan,nan,nan,nan
3074,76.85,3.500147187e-01,2.795803671e-01,nan,nan,nan,nan
3075,76.875,3.499821020e-01,2.794696274e-01,nan,nan,nan,nan
3076,76.9,3.499936614e-01,2.795876721e-01,nan,nan,nan,nan
3077,76.925,3.499884774e-01,2.794644447e-01,nan,nan,nan,nan
3078,76.95,3.500044158e-01,2.795701710e-01,nan,nan,nan,nan
3079,76.975,3.499807890e-01,2.794777979e-01,nan,nan,nan,nan
3080,77,3.499834007e-01,2.795774356e-01,nan,nan,nan,nan
3081,77.025,3.499969313e-01,2.794675269e-01,nan,nan,nan,nan
3082,77.05,3.499940634e-01,2.795601172e-01,nan,nan,nan,nan
3083,77.075,3.499889002e-01,2.794863942e-01,nan,nan,nan,nan
3084,77.1,3.499733507e-01,2.795672322e-01,nan,nan,nan,nan
3085,77.125,3.500057556e-01,2.794758354e-01,nan,nan,nan,nan
3086,77.15,3.499838124e-01,2.795503513e-01,nan,nan,nan,nan
3087,77.175,3.499974802e-01,2.794952868e-01,nan,nan,nan,nan
3088,77.2,3.499636569e-01,2.795572103e-01,nan,nan,nan,nan
3089,77.225,3.500148173e-01,2.794845395e-01,nan,nan,nan,nan
3090,77.25,3.499738115e-01,2.795439705e-01,nan,nan,nan,nan
3091,77.275,3.500063994e-01,2.795043421e-01,nan,nan,nan,nan
3092,77.3,3.499544586e-01,2.795582778e-01,nan,nan,nan,nan
3093,77.325,3.500239809e-01,2.794935082e-01,nan,nan,nan,nan
3094,77.35,3.499642051e-01,2.795529320e-01,nan,nan,nan,nan
3095,77.375,3.500155238e-01,2.795134250e-01,nan,nan,nan,nan
3096,77.4,3.499458873e-01,2.795673553e-01,nan,nan,nan,nan
3097,77.425,3.500331097e-01,2.795026073e-01,nan,nan,nan,nan
3098,77.45,3.499551310e-01,2.795620249e-01,nan,nan,nan,nan
3099,77.475,3.500247170e-01,2.795224005e-01,nan,nan,nan,nan
3100,77.5,3.499380645e-01,2.795763263e-01,nan,nan,nan,nan
3101,77.525,3.500420682e-01,2.795117011e-01,nan,nan,nan,nan
3102,77.55,3.499467185e-01,2.795711135e-01,nan,nan,nan,nan
3103,77.575,3.500338423e-01,2.795311356e-01,nan,nan,nan,nan
3104,77.6,3.499355176e-01,2.795850583e-01,nan,nan,nan,nan
3105,77.625,3.500507241e-01,2.795206547e-01,nan,nan,nan,nan
3106,77.65,3.499455285e-01,2.795800629e-01,nan,nan,nan,nan
3107,77.675,3.500427644e-01,2.795395019e-01,nan,nan,nan,nan
3108,77.7,3.499444360e-01,2.795934224e-01,nan,nan,nan,nan
3109,77.725,3.500589502e-01,2.795293357e-01,nan,nan,nan,nan
3110,77.75,3.499537529e-01,2.795887410e-01,nan,nan,nan,nan
3111,77.775,3.500513519e-01,2.795473767e-01,nan,nan,nan,nan
3112,77.8,3.499530209e-01,2.796012963e-01,nan,nan,nan,nan
3113,77.825,3.500666263e-01,2.795376167e-01,nan,nan,nan,nan
3114,77.85,3.499614285e-01,2.795970201e-01,nan,nan,nan,nan
3115,77.875,3.500594787e-01,2.795546452e-01,nan,nan,nan,nan
3116,77.9,3.499611464e-01,2.796085650e-01,nan,nan,nan,nan
3117,77.925,3.500736408e-01,2.795453765e-01,nan,nan,nan,nan
3118,77.95,3.499684437e-01,2.796047793e-01,nan,nan,nan,nan
3119,77.975,3.500670264e-01,2.795612022e-01,nan,nan,nan,nan
3120,78,3.499686939e-01,2.796151234e-01,nan,nan,nan,nan
3121,78.025,3.500798925e-01,2.795525022e-01,nan,nan,nan,nan
3122,78.05,3.499746972e-01,2.796119055e-01,nan,nan,nan,nan
3123,78.075,3.500738854e-01,2.795669535e-01,nan,nan,nan,nan
3124,78.1,3.499755538e-01,2.796208771e-01,nan,nan,nan,nan
3125,78.125,3.500852919e-01,2.795588910e-01,nan,nan,nan,nan
3126,78.15,3.499800995e-01,2.796182960e-01,nan,nan,nan,nan
3127,78.175,3.500799570e-01,2.795718173e-01,nan,nan,nan,nan
3128,78.2,3.499816277e-01,2.796257444e-01,nan,nan,nan,nan
3129,78.225,3.500897627e-01,2.795644513e-01,nan,nan,nan,nan
3130,78.25,3.499845743e-01,2.796238591e-01,nan,nan,nan,nan
3131,78.275,3.500851548e-01,2.795757253e-01,nan,nan,nan,nan
3132,78.3,3.499868287e-01,2.796296570e-01,nan,nan,nan,nan
3133,78.325,3.500932427e-01,2.795691043e-01,nan,nan,nan,nan
3134,78.35,3.499884924e-01,2.796285159e-01,nan,nan,nan,nan
3135,78.375,3.500894054e-01,2.795786237e-01,nan,nan,nan,nan
3136,78.4,3.499910836e-01,2.796325608e-01,nan,nan,nan,nan
3137,78.425,3.500956846e-01,2.795727850e-01,nan,nan,nan,nan
3138,78.45,3.499934862e-01,2.796322015e-01,nan,nan,nan,nan
3139,78.475,3.500926501e-01,2.795804740e-01,nan,nan,nan,nan
3140,78.5,3.499952827e-01,2.796344174e-01,nan,nan,nan,nan
3141,78.525,3.500970570e-01,2.795754432e-01,nan,nan,nan,nan
3142,78.55,3.499975161e-01,2.796348654e-01,nan,nan,nan,nan
3143,78.575,3.500948453e-01,2.795812535e-01,nan,nan,nan,nan
3144,78.6,3.500000635e-01,2.796352039e-01,nan,nan,nan,nan
3145,78.625,3.500973442e-01,2.795770439e-01,nan,nan,nan,nan
3146,78.65,3.500019753e-01,2.796364727e-01,nan,nan,nan,nan
3147,78.675,3.500959632e-01,2.795809554e-01,nan,nan,nan,nan
3148,78.7,3.500038633e-01,2.796370927e-01,nan,nan,nan,nan
3149,78.725,3.500965471e-01,2.795775683e-01,nan,nan,nan,nan
3150,78.75,3.500065375e-01,2.796370637e-01,nan,nan,nan,nan
3151,78.775,3.500959921e-01,2.795795891e-01,nan,nan,nan,nan
3152,78.8,3.500085361e-01,2.796384476e-01,nan,nan,nan,nan
3153,78.825,3.500947817e-01,2.795770134e-01,nan,nan,nan,nan
3154,78.85,3.500101023e-01,2.796392362e-01,nan,nan,nan,nan
3155,78.875,3.500949366e-01,2.795771797e-01,nan,nan,nan,nan
3156,78.9,3.500128741e-01,2.796393568e-01,nan,nan,nan,nan
3157,78.925,3.500945505e-01,2.795753924e-01,nan,nan,nan,nan
3158,78.95,3.500149239e-01,2.796403360e-01,nan,nan,nan,nan
3159,78.975,3.500935058e-01,2.795737679e-01,nan,nan,nan,nan
3160,79,3.500162339e-01,2.796412782e-01,nan,nan,nan,nan
3161,79.025,3.500932357e-01,2.795727343e-01,nan,nan,nan,nan
3162,79.05,3.500190324e-01,2.796415248e-01,nan,nan,nan,nan
3163,79.075,3.500930128e-01,2.795711115e-01,nan,nan,nan,nan
3164,79.1,3.500210966e-01,2.796421201e-01,nan,nan,nan,nan
3165,79.125,3.500921143e-01,2.795690833e-01,nan,nan,nan,nan
3166,79.15,3.500223769e-01,2.796431918e-01,nan,nan,nan,nan
3167,79.175,3.500914383e-01,2.795682052e-01,nan,nan,nan,nan
3168,79.2,3.500249705e-01,2.796435353e-01,nan,nan,nan,nan
3169,79.225,3.500913583e-01,2.795667417e-01,nan,nan,nan,nan
3170,79.25,3.500270166e-01,2.796437735e-01,nan,nan,nan,nan
3171,79.275,3.500905747e-01,2.795646531e-01,nan,nan,nan,nan
3172,79.3,3.500282448e-01,2.796449447e-01,nan,nan,nan,nan
3173,79.325,3.500895236e-01,2.795635881e-01,nan,nan,nan,nan
3174,79.35,3.500306509e-01,2.796453547e-01,nan,nan,nan,nan
3175,79.375,3.500895546e-01,2.795622671e-01,nan,nan,nan,nan
3176,79.4,3.500326559e-01,2.796452640e-01,nan,nan,nan,nan
3177,79.425,3.500888474e-01,2.795603029e-01,nan,nan,nan,nan
3178,79.45,3.500338226e-01,2.796465036e-01,nan,nan,nan,nan
3179,79.475,3.500874595e-01,2.795588674e-01,nan,nan,nan,nan
3180,79.5,3.500360457e-01,2.796469526e-01,nan,nan,nan,nan
3181,79.525,3.500875622e-01,2.795576625e-01,nan,nan,nan,nan
3182,79.55,3.500379997e-01,2.796465914e-01,nan,nan,nan,nan
3183,79.575,3.500868909e-01,2.795557909e-01,nan,nan,nan,nan
3184,79.6,3.500391105e-01,2.796478384e-01,nan,nan,nan,nan
3185,79.625,3.500853949e-01,2.795540179e-01,nan,nan,nan,nan
3186,79.65,3.500411402e-01,2.796483066e-01,nan,nan,nan,nan
3187,79.675,3.500853401e-01,2.795528967e-01,nan,nan,nan,nan
3188,79.7,3.500430482e-01,2.796479521e-01,nan,nan,nan,nan
3189,79.725,3.500846681e-01,2.795510844e-01,nan,nan,nan,nan
3190,79.75,3.500441235e-01,2.796489267e-01,nan,nan,nan,nan
3191,79.775,3.500831478e-01,2.795490089e-01,nan,nan,nan,nan
3192,79.8,3.500459351e-01,2.796494044e-01,nan,nan,nan,nan
3193,79.825,3.500828513e-01,2.795479372e-01,nan,nan,nan,nan
3194,79.85,3.500478166e-01,2.796490596e-01,nan,nan,nan,nan
3195,79.875,3.500821511e-01,2.795461535e-01,nan,nan,nan,nan
3196,79.9,3.500488889e-01,2.796497566e-01,nan,nan,nan,nan
3197,79.925,3.500805924e-01,2.795438079e-01,nan,nan,nan,nan
3198,79.95,3.500504456e-01,2.796502461e-01,nan,nan,nan,nan
3199,79.975,3.500800682e-01,2.795427546e-01,nan,nan,nan,nan
3200,80,3.500523325e-01,2.796499255e-01,nan,nan,nan,nan
3201,80.025,3.500793249e-01,2.795409759e-01,nan,nan,nan,nan
3202,80.05,3.500534425e-01,2.796503283e-01,nan,nan,nan,nan
3203,80.075,3.500777286e-01,2.795384330e-01,nan,nan,nan,nan
3204,80.1,3.500546995e-01,2.796508434e-01,nan,nan,nan,nan
3205,80.125,3.500769760e-01,2.795373266e-01,nan,nan,nan,nan
3206,80.15,3.500566318e-01,2.796505714e-01,nan,nan,nan,nan
3207,80.175,3.500761898e-01,2.795355394e-01,nan,nan,nan,nan
3208,80.2,3.500578229e-01,2.796506539e-01,nan,nan,nan,nan
3209,80.225,3.500745713e-01,2.795329961e-01,nan,nan,nan,nan
3210,80.25,3.500587328e-01,2.796512182e-01,nan,nan,nan,nan
3211,80.275,3.500735753e-01,2.795316414e-01,nan,nan,nan,nan
3212,80.3,3.500607533e-01,2.796510259e-01,nan,nan,nan,nan
3213,80.325,3.500727608e-01,2.795298440e-01,nan,nan,nan,nan
3214,80.35,3.500620663e-01,2.796507554e-01,nan,nan,nan,nan
3215,80.375,3.500711481e-01,2.795273109e-01,nan,nan,nan,nan
3216,80.4,3.500627141e-01,2.796513992e-01,nan,nan,nan,nan
3217,80.425,3.500698813e-01,2.795256991e-01,nan,nan,nan,nan
3218,80.45,3.500647334e-01,2.796513201e-01,nan,nan,nan,nan
3219,80.475,3.500690658e-01,2.795239016e-01,nan,nan,nan,nan
3220,80.5,3.500662007e-01,2.796506619e-01,nan,nan,nan,nan
3221,80.525,3.500674954e-01,2.795213993e-01,nan,nan,nan,nan
3222,80.55,3.500670150e-01,2.796514180e-01,nan,nan,nan,nan
3223,80.575,3.500659222e-01,2.795202308e-01,nan,nan,nan,nan
3224,80.6,3.500686003e-01,2.796514832e-01,nan,nan,nan,nan
3225,80.625,3.500651413e-01,2.795236141e-01,nan,nan,nan,nan
3226,80.65,3.500702419e-01,2.796508765e-01,nan,nan,nan,nan
3227,80.675,3.500636529e-01,2.795220162e-01,nan,nan,nan,nan
3228,80.7,3.500698827e-01,2.796513038e-01,nan,nan,nan,nan
3229,80.725,3.500617348e-01,2.795262292e-01,nan,nan,nan,nan
3230,80.75,3.500723700e-01,2.796515383e-01,nan,nan,nan,nan
3231,80.775,3.500610276e-01,2.795226868e-01,nan,nan,nan,nan
3232,80.8,3.500700346e-01,2.796511159e-01,nan,nan,nan,nan
3233,80.825,3.500596583e-01,2.795277411e-01,nan,nan,nan,nan
3234,80.85,3.500733734e-01,2.796510800e-01,nan,nan,nan,nan
3235,80.875,3.500576354e-01,2.795222381e-01,nan,nan,nan,nan
3236,80.9,3.500690590e-01,2.796514986e-01,nan,nan,nan,nan
3237,80.925,3.500567626e-01,2.795281331e-01,nan,nan,nan,nan
3238,80.95,3.500732426e-01,2.796495139e-01,nan,nan,nan,nan
3239,80.975,3.500555419e-01,2.795206820e-01,nan,nan,nan,nan
3240,81,3.500669758e-01,2.796507602e-01,nan,nan,nan,nan
3241,81.025,3.500536926e-01,2.795274045e-01,nan,nan,nan,nan
3242,81.05,3.500719852e-01,2.796468682e-01,nan,nan,nan,nan
3243,81.075,3.500523766e-01,2.795180467e-01,nan,nan,nan,nan
3244,81.1,3.500638211e-01,2.796489170e-01,nan,nan,nan,nan
3245,81.125,3.500513218e-01,2.795255716e-01,nan,nan,nan,nan
3246,81.15,3.500696250e-01,2.796431871e-01,nan,nan,nan,nan
3247,81.175,3.500481912e-01,2.795143762e-01,nan,nan,nan,nan
3248,81.2,3.500596464e-01,2.796460013e-01,nan,nan,nan,nan
3249,81.225,3.500478882e-01,2.795226664e-01,nan,nan,nan,nan
3250,81.25,3.500662021e-01,2.796385296e-01,nan,nan,nan,nan
3251,81.275,3.500430523e-01,2.795097293e-01,nan,nan,nan,nan
3252,81.3,3.500545181e-01,2.796420611e-01,nan,nan,nan,nan
3253,81.325,3.500434473e-01,2.795187369e-01,nan,nan,nan,nan
3254,81.35,3.500617720e-01,2.796329691e-01,nan,nan,nan,nan
3255,81.375,3.500370402e-01,2.795041792e-01,nan,nan,nan,nan
3256,81.4,3.500485166e-01,2.796371593e-01,nan,nan,nan,nan
3257,81.425,3.500380695e-01,2.795138458e-01,nan,nan,nan,nan
3258,81.45,3.500564049e-01,2.796265918e-01,nan,nan,nan,nan
3259,81.475,3.500302479e-01,2.794978121e-01,nan,nan,nan,nan
3260,81.5,3.500417343e-01,2.796313727e-01,nan,nan,nan,nan
3261,81.525,3.500318384e-01,2.795080697e-01,nan,nan,nan,nan
3262,81.55,3.500501843e-01,2.796194956e-01,nan,nan,nan,nan
3263,81.575,3.500227792e-01,2.794907256e-01,nan,nan,nan,nan
3264,81.6,3.500342753e-01,2.796247908e-01,nan,nan,nan,nan
3265,81.625,3.500248500e-01,2.795014980e-01,nan,nan,nan,nan
3266,81.65,3.500432061e-01,2.796117886e-01,nan,nan,nan,nan
3267,81.675,3.500147477e-01,2.794830277e-01,nan,nan,nan,nan
3268,81.7,3.500262527e-01,2.796175144e-01,nan,nan,nan,nan
3269,81.725,3.500172111e-01,2.794942312e-01,nan,nan,nan,nan
3270,81.75,3.500355767e-01,2.796035874e-01,nan,nan,nan,nan
3271,81.775,3.500062746e-01,2.794748350e-01,nan,nan,nan,nan
3272,81.8,3.500177878e-01,2.796096539e-01,nan,nan,nan,nan
3273,81.825,3.500090374e-01,2.794863799e-01,nan,nan,nan,nan
3274,81.85,3.500274119e-01,2.795950154e-01,nan,nan,nan,nan
3275,81.875,3.499974870e-01,2.794662707e-01,nan,nan,nan,nan
3276,81.9,3.500090077e-01,2.796013281e-01,nan,nan,nan,nan
3277,81.925,3.500004521e-01,2.794780625e-01,nan,nan,nan,nan
3278,81.95,3.500188346e-01,2.795862010e-01,nan,nan,nan,nan
3279,81.975,3.499885165e-01,2.794720631e-01,nan,nan,nan,nan
3280,82,3.500000435e-01,2.795926622e-01,nan,nan,nan,nan
3281,82.025,3.499915838e-01,2.794694040e-01,nan,nan,nan,nan
3282,82.05,3.500099736e-01,2.795772755e-01,nan,nan,nan,nan
3283,82.075,3.499835879e-01,2.794791864e-01,nan,nan,nan,nan
3284,82.1,3.499910287e-01,2.795837854e-01,nan,nan,nan,nan
3285,82.125,3.499979458e-01,2.794696202e-01,nan,nan,nan,nan
3286,82.15,3.500009608e-01,2.795683714e-01,nan,nan,nan,nan
3287,82.175,3.499906277e-01,2.794867317e-01,nan,nan,nan,nan
3288,82.2,3.499820969e-01,2.795748300e-01,nan,nan,nan,nan
3289,82.225,3.500057056e-01,2.794768663e-01,nan,nan,nan,nan
3290,82.25,3.499919304e-01,2.795596201e-01,nan,nan,nan,nan
3291,82.275,3.499981283e-01,2.794945840e-01,nan,nan,nan,nan
3292,82.3,3.499733796e-01,2.795659286e-01,nan,nan,nan,nan
3293,82.325,3.500137193e-01,2.794845095e-01,nan,nan,nan,nan
3294,82.35,3.499830157e-01,2.795511506e-01,nan,nan,nan,nan
3295,82.375,3.500059751e-01,2.795026244e-01,nan,nan,nan,nan
3296,82.4,3.499650050e-01,2.795572125e-01,nan,nan,nan,nan
3297,82.425,3.500218655e-01,2.794924337e-01,nan,nan,nan,nan
3298,82.45,3.499743480e-01,2.795518753e-01,nan,nan,nan,nan
3299,82.475,3.500140490e-01,2.795107311e-01,nan,nan,nan,nan
3300,82.5,3.499570954e-01,2.795646812e-01,nan,nan,nan,nan
3301,82.525,3.500300212e-01,2.795005186e-01,nan,nan,nan,nan
3302,82.55,3.499660544e-01,2.795599555e-01,nan,nan,nan,nan
3303,82.575,3.500222277e-01,2.795187822e-01,nan,nan,nan,nan
3304,82.6,3.499497659e-01,2.795727289e-01,nan,nan,nan,nan
3305,82.625,3.500380640e-01,2.795086424e-01,nan,nan,nan,nan
3306,82.65,3.499582559e-01,2.795680752e-01,nan,nan,nan,nan
3307,82.675,3.500303882e-01,2.795266569e-01,nan,nan,nan,nan
3308,82.7,3.499431222e-01,2.795806009e-01,nan,nan,nan,nan
3309,82.725,3.500458732e-01,2.795166828e-01,nan,nan,nan,nan
3310,82.75,3.499510655e-01,2.795761123e-01,nan,nan,nan,nan
3311,82.775,3.500384078e-01,2.795342376e-01,nan,nan,nan,nan
3312,82.8,3.499401011e-01,2.795881797e-01,nan,nan,nan,nan
3313,82.825,3.500533324e-01,2.795245195e-01,nan,nan,nan,nan
3314,82.85,3.499481570e-01,2.795839465e-01,nan,nan,nan,nan
3315,82.875,3.500461667e-01,2.795414113e-01,nan,nan,nan,nan
3316,82.9,3.499478578e-01,2.795953525e-01,nan,nan,nan,nan
3317,82.925,3.500603309e-01,2.795320355e-01,nan,nan,nan,nan
3318,82.95,3.499551548e-01,2.795914608e-01,nan,nan,nan,nan
3319,82.975,3.500535492e-01,2.795480719e-01,nan,nan,nan,nan
3320,83,3.499552390e-01,2.796020129e-01,nan,nan,nan,nan
3321,83.025,3.500667652e-01,2.795391191e-01,nan,nan,nan,nan
3322,83.05,3.499615892e-01,2.795985436e-01,nan,nan,nan,nan
3323,83.075,3.500604460e-01,2.795541212e-01,nan,nan,nan,nan
3324,83.1,3.499621353e-01,2.796080628e-01,nan,nan,nan,nan
3325,83.125,3.500725406e-01,2.795456656e-01,nan,nan,nan,nan
3326,83.15,3.499673657e-01,2.796050902e-01,nan,nan,nan,nan
3327,83.175,3.500667551e-01,2.795594704e-01,nan,nan,nan,nan
3328,83.2,3.499684449e-01,2.796134136e-01,nan,nan,nan,nan
3329,83.225,3.500775728e-01,2.795515786e-01,nan,nan,nan,nan
3330,83.25,3.499723998e-01,2.796110042e-01,nan,nan,nan,nan
3331,83.275,3.500723842e-01,2.795640419e-01,nan,nan,nan,nan
3332,83.3,3.499740752e-01,2.796179874e-01,nan,nan,nan,nan
3333,83.325,3.500817891e-01,2.795567718e-01,nan,nan,nan,nan
3334,83.35,3.499766187e-01,2.796161991e-01,nan,nan,nan,nan
3335,83.375,3.500772511e-01,2.795677698e-01,nan,nan,nan,nan
3336,83.4,3.499789442e-01,2.796217184e-01,nan,nan,nan,nan
3337,83.425,3.500851291e-01,2.795611697e-01,nan,nan,nan,nan
3338,83.45,3.499807282e-01,2.796205995e-01,nan,nan,nan,nan
3339,83.475,3.500812857e-01,2.795706013e-01,nan,nan,nan,nan
3340,83.5,3.499829816e-01,2.796245536e-01,nan,nan,nan,nan
3341,83.525,3.500875458e-01,2.795647094e-01,nan,nan,nan,nan
3342,83.55,3.499854273e-01,2.796241425e-01,nan,nan,nan,nan
3343,83.575,3.500844304e-01,2.795724970e-01,nan,nan,nan,nan
3344,83.6,3.499873165e-01,2.796264537e-01,nan,nan,nan,nan
3345,83.625,3.500890065e-01,2.795673408e-01,nan,nan,nan,nan
3346,83.65,3.499892790e-01,2.796267778e-01,nan,nan,nan,nan
3347,83.675,3.500866414e-01,2.795734322e-01,nan,nan,nan,nan
3348,83.7,3.499918410e-01,2.796273937e-01,nan,nan,nan,nan
3349,83.725,3.500894928e-01,2.795690277e-01,nan,nan,nan,nan
3350,83.75,3.499938174e-01,2.796284694e-01,nan,nan,nan,nan
3351,83.775,3.500878890e-01,2.795733961e-01,nan,nan,nan,nan
3352,83.8,3.499955028e-01,2.796289370e-01,nan,nan,nan,nan
3353,83.825,3.500890011e-01,2.795697486e-01,nan,nan,nan,nan
3354,83.85,3.499981626e-01,2.796291953e-01,nan,nan,nan,nan
3355,83.875,3.500881581e-01,2.795723932e-01,nan,nan,nan,nan
3356,83.9,3.500001969e-01,2.796304174e-01,nan,nan,nan,nan
3357,83.925,3.500875425e-01,2.795694960e-01,nan,nan,nan,nan
3358,83.95,3.500016305e-01,2.796310251e-01,nan,nan,nan,nan
3359,83.975,3.500874484e-01,2.795704421e-01,nan,nan,nan,nan
3360,84,3.500043584e-01,2.796310078e-01,nan,nan,nan,nan
3361,84.025,3.500867471e-01,2.795682775e-01,nan,nan,nan,nan
3362,84.05,3.500064146e-01,2.796322918e-01,nan,nan,nan,nan
3363,84.075,3.500857744e-01,2.795675757e-01,nan,nan,nan,nan
3364,84.1,3.500077834e-01,2.796330245e-01,nan,nan,nan,nan
3365,84.125,3.500858186e-01,2.795661151e-01,nan,nan,nan,nan
3366,84.15,3.500103879e-01,2.796331041e-01,nan,nan,nan,nan
3367,84.175,3.500852536e-01,2.795640905e-01,nan,nan,nan,nan
3368,84.2,3.500124287e-01,2.796340753e-01,nan,nan,nan,nan
3369,84.225,3.500840480e-01,2.795630449e-01,nan,nan,nan,nan
3370,84.25,3.500137381e-01,2.796349087e-01,nan,nan,nan,nan
3371,84.275,3.500841056e-01,2.795617172e-01,nan,nan,nan,nan
3372,84.3,3.500162095e-01,2.796350557e-01,nan,nan,nan,nan
3373,84.325,3.500836567e-01,2.795598278e-01,nan,nan,nan,nan
3374,84.35,3.500182019e-01,2.796357414e-01,nan,nan,nan,nan
3375,84.375,3.500825380e-01,2.795584441e-01,nan,nan,nan,nan
3376,84.4,3.500194290e-01,2.796366455e-01,nan,nan,nan,nan
3377,84.425,3.500822886e-01,2.795572439e-01,nan,nan,nan,nan
3378,84.45,3.500217861e-01,2.796368294e-01,nan,nan,nan,nan
3379,84.475,3.500819241e-01,2.795554733e-01,nan,nan,nan,nan
3380,84.5,3.500237067e-01,2.796372582e-01,nan,nan,nan,nan
3381,84.525,3.500808540e-01,2.795537693e-01,nan,nan,nan,nan
3382,84.55,3.500248416e-01,2.796382017e-01,nan,nan,nan,nan
3383,84.575,3.500803357e-01,2.795526797e-01,nan,nan,nan,nan
3384,84.6,3.500270900e-01,2.796383951e-01,nan,nan,nan,nan
3385,84.625,3.500800166e-01,2.795510019e-01,nan,nan,nan,nan
3386,84.65,3.500289286e-01,2.796385925e-01,nan,nan,nan,nan
3387,84.675,3.500789548e-01,2.795490048e-01,nan,nan,nan,nan
3388,84.7,3.500299765e-01,2.796395477e-01,nan,nan,nan,nan
3389,84.725,3.500782077e-01,2.795479992e-01,nan,nan,nan,nan
3390,84.75,3.500321072e-01,2.796397306e-01,nan,nan,nan,nan
3391,84.775,3.500778932e-01,2.795463823e-01,nan,nan,nan,nan
3392,84.8,3.500338682e-01,2.796397149e-01,nan,nan,nan,nan
3393,84.825,3.500768033e-01,2.795441257e-01,nan,nan,nan,nan
3394,84.85,3.500348491e-01,2.796406611e-01,nan,nan,nan,nan
3395,84.875,3.500758638e-01,2.795431717e-01,nan,nan,nan,nan
3396,84.9,3.500368383e-01,2.796408238e-01,nan,nan,nan,nan
3397,84.925,3.500755169e-01,2.795415820e-01,nan,nan,nan,nan
3398,84.95,3.500385412e-01,2.796406032e-01,nan,nan,nan,nan
3399,84.975,3.500743717e-01,2.795393009e-01,nan,nan,nan,nan
3400,85,3.500394871e-01,2.796415302e-01,nan,nan,nan,nan
3401,85.025,3.500732672e-01,2.795381646e-01,nan,nan,nan,nan
3402,85.05,3.500412990e-01,2.796416750e-01,nan,nan,nan,nan
3403,85.075,3.500728601e-01,2.795365715e-01,nan,nan,nan,nan
3404,85.1,3.500429754e-01,2.796412460e-01,nan,nan,nan,nan
3405,85.125,3.500716451e-01,2.795342719e-01,nan,nan,nan,nan
3406,85.15,3.500439266e-01,2.796421553e-01,nan,nan,nan,nan
3407,85.175,3.500703906e-01,2.795329488e-01,nan,nan,nan,nan
3408,85.2,3.500455174e-01,2.796422961e-01,nan,nan,nan,nan
3409,85.225,3.500699082e-01,2.795313286e-01,nan,nan,nan,nan
3410,85.25,3.500472070e-01,2.796416901e-01,nan,nan,nan,nan
3411,85.275,3.500686238e-01,2.795289975e-01,nan,nan,nan,nan
3412,85.3,3.500482068e-01,2.796425486e-01,nan,nan,nan,nan
3413,85.325,3.500672194e-01,2.795275022e-01,nan,nan,nan,nan
3414,85.35,3.500495298e-01,2.796427093e-01,nan,nan,nan,nan
3415,85.375,3.500666615e-01,2.795258412e-01,nan,nan,nan,nan
3416,85.4,3.500512753e-01,2.796421525e-01,nan,nan,nan,nan
3417,85.425,3.500653229e-01,2.795234775e-01,nan,nan,nan,nan
3418,85.45,3.500523642e-01,2.796427325e-01,nan,nan,nan,nan
3419,85.475,3.500637542e-01,2.795218129e-01,nan,nan,nan,nan
3420,85.5,3.500533757e-01,2.796429435e-01,nan,nan,nan,nan
3421,85.525,3.500631354e-01,2.795201095e-01,nan,nan,nan,nan
3422,85.55,3.500552168e-01,2.796424694e-01,nan,nan,nan,nan
3423,85.575,3.500617702e-01,2.795177237e-01,nan,nan,nan,nan
3424,85.6,3.500564269e-01,2.796427359e-01,nan,nan,nan,nan
3425,85.625,3.500600106e-01,2.795158813e-01,nan,nan,nan,nan
3426,85.65,3.500570917e-01,2.796430301e-01,nan,nan,nan,nan
3427,85.675,3.500593580e-01,2.795141455e-01,nan,nan,nan,nan
3428,85.7,3.500590602e-01,2.796426701e-01,nan,nan,nan,nan
3429,85.725,3.500580024e-01,2.795138655e-01,nan,nan,nan,nan
3430,85.75,3.500604114e-01,2.796425905e-01,nan,nan,nan,nan
3431,85.775,3.500560169e-01,2.795128320e-01,nan,nan,nan,nan
3432,85.8,3.500607066e-01,2.796429988e-01,nan,nan,nan,nan
3433,85.825,3.500553660e-01,2.795167082e-01,nan,nan,nan,nan
3434,85.85,3.500628216e-01,2.796427779e-01,nan,nan,nan,nan
3435,85.875,3.500540597e-01,2.795139369e-01,nan,nan,nan,nan
3436,85.9,3.500613456e-01,2.796423262e-01,nan,nan,nan,nan
3437,85.925,3.500521137e-01,2.795185778e-01,nan,nan,nan,nan
3438,85.95,3.500642368e-01,2.796428728e-01,nan,nan,nan,nan
3439,85.975,3.500511998e-01,2.795140386e-01,nan,nan,nan,nan
3440,86,3.500609717e-01,2.796428063e-01,nan,nan,nan,nan
3441,86.025,3.500499798e-01,2.795194505e-01,nan,nan,nan,nan
3442,86.05,3.500646399e-01,2.796419665e-01,nan,nan,nan,nan
3443,86.075,3.500481567e-01,2.795131394e-01,nan,nan,nan,nan
3444,86.1,3.500595945e-01,2.796426660e-01,nan,nan,nan,nan
3445,86.125,3.500468975e-01,2.795193172e-01,nan,nan,nan,nan
3446,86.15,3.500640289e-01,2.796400763e-01,nan,nan,nan,nan
3447,86.175,3.500457931e-01,2.795112568e-01,nan,nan,nan,nan
3448,86.2,3.500572386e-01,2.796415252e-01,nan,nan,nan,nan
3449,86.225,3.500441108e-01,2.795181838e-01,nan,nan,nan,nan
3450,86.25,3.500624169e-01,2.796372345e-01,nan,nan,nan,nan
3451,86.275,3.500424897e-01,2.795084227e-01,nan,nan,nan,nan
3452,86.3,3.500539430e-01,2.796394050e-01,nan,nan,nan,nan
3453,86.325,3.500415182e-01,2.795160712e-01,nan,nan,nan,nan
3454,86.35,3.500598321e-01,2.796334871e-01,nan,nan,nan,nan
3455,86.375,3.500382995e-01,2.795046831e-01,nan,nan,nan,nan
3456,86.4,3.500497606e-01,2.796363407e-01,nan,nan,nan,nan
3457,86.425,3.500379949e-01,2.795130147e-01,nan,nan,nan,nan
3458,86.45,3.500563168e-01,2.796288937e-01,nan,nan,nan,nan
3459,86.475,3.500332885e-01,2.795000974e-01,nan,nan,nan,nan
3460,86.5,3.500447574e-01,2.796323818e-01,nan,nan,nan,nan
3461,86.525,3.500335974e-01,2.795090637e-01,nan,nan,nan,nan
3462,86.55,3.500519272e-01,2.796235260e-01,nan,nan,nan,nan
3463,86.575,3.500275349e-01,2.794947373e-01,nan,nan,nan,nan
3464,86.6,3.500390114e-01,2.796275908e-01,nan,nan,nan,nan
3465,86.625,3.500283947e-01,2.795042806e-01,nan,nan,nan,nan
3466,86.65,3.500467323e-01,2.796174672e-01,nan,nan,nan,nan
3467,86.675,3.500211275e-01,2.794886859e-01,nan,nan,nan,nan
3468,86.7,3.500326112e-01,2.796220426e-01,nan,nan,nan,nan
3469,86.725,3.500224676e-01,2.794987400e-01,nan,nan,nan,nan
3470,86.75,3.500408128e-01,2.796108106e-01,nan,nan,nan,nan
3471,86.775,3.500141645e-01,2.794820363e-01,nan,nan,nan,nan
3472,86.8,3.500256551e-01,2.796158228e-01,nan,nan,nan,nan
3473,86.825,3.500159074e-01,2.794925275e-01,nan,nan,nan,nan
3474,86.85,3.500342599e-01,2.796036579e-01,nan,nan,nan,nan
3475,86.875,3.500067523e-01,2.794748901e-01,nan,nan,nan,nan
3476,86.9,3.500182493e-01,2.796090269e-01,nan,nan,nan,nan
3477,86.925,3.500088146e-01,2.794857386e-01,nan,nan,nan,nan
3478,86.95,3.500271739e-01,2.795961178e-01,nan,nan,nan,nan
3479,86.975,3.499990033e-01,2.794693483e-01,nan,nan,nan,nan
3480,87,3.500105060e-01,2.796017586e-01,nan,nan,nan,nan
3481,87.025,3.500012973e-01,2.794784768e-01,nan,nan,nan,nan
3482,87.05,3.500196628e-01,2.795883046e-01,nan,nan,nan,nan
3483,87.075,3.499910347e-01,2.794752929e-01,nan,nan,nan,nan
3484,87.1,3.500025425e-01,2.795941284e-01,nan,nan,nan,nan
3485,87.125,3.499935678e-01,2.794708523e-01,nan,nan,nan,nan
3486,87.15,3.500118405e-01,2.795803361e-01,nan,nan,nan,nan
3487,87.175,3.499870595e-01,2.794817316e-01,nan,nan,nan,nan
3488,87.2,3.499944786e-01,2.795862514e-01,nan,nan,nan,nan
3489,87.225,3.500002474e-01,2.794726285e-01,nan,nan,nan,nan
3490,87.25,3.500038251e-01,2.795723320e-01,nan,nan,nan,nan
3491,87.275,3.499934061e-01,2.794885649e-01,nan,nan,nan,nan
3492,87.3,3.499864355e-01,2.795782465e-01,nan,nan,nan,nan
3493,87.325,3.500072753e-01,2.794791734e-01,nan,nan,nan,nan
3494,87.35,3.499957370e-01,2.795644122e-01,nan,nan,nan,nan
3495,87.375,3.500001831e-01,2.794956882e-01,nan,nan,nan,nan
3496,87.4,3.499785332e-01,2.795702338e-01,nan,nan,nan,nan
3497,87.425,3.500145435e-01,2.794860917e-01,nan,nan,nan,nan
3498,87.45,3.499876976e-01,2.795566949e-01,nan,nan,nan,nan
3499,87.475,3.500072863e-01,2.795029924e-01,nan,nan,nan,nan
3500,87.5,3.499708896e-01,2.795623329e-01,nan,nan,nan,nan
3501,87.525,3.500219413e-01,2.794932774e-01,nan,nan,nan,nan
3502,87.55,3.499798268e-01,2.795527298e-01,nan,nan,nan,nan
3503,87.575,3.500146069e-01,2.795103661e-01,nan,nan,nan,nan
3504,87.6,3.499636180e-01,2.795643287e-01,nan,nan,nan,nan
3505,87.625,3.500293559e-01,2.795006207e-01,nan,nan,nan,nan
3506,87.65,3.499722417e-01,2.795600695e-01,nan,nan,nan,nan
3507,87.675,3.500220333e-01,2.795176975e-01,nan,nan,nan,nan
3508,87.7,3.499568259e-01,2.795716573e-01,nan,nan,nan,nan
3509,87.725,3.500366749e-01,2.795080099e-01,nan,nan,nan,nan
3510,87.75,3.499650546e-01,2.795674555e-01,nan,nan,nan,nan
3511,87.775,3.500294525e-01,2.795248754e-01,nan,nan,nan,nan
3512,87.8,3.499506131e-01,2.795788331e-01,nan,nan,nan,nan
3513,87.825,3.500437876e-01,2.795153328e-01,nan,nan,nan,nan
3514,87.85,3.499583717e-01,2.795747758e-01,nan,nan,nan,nan
3515,87.875,3.500367522e-01,2.795317914e-01,nan,nan,nan,nan
3516,87.9,3.499450707e-01,2.795857477e-01,nan,nan,nan,nan
3517,87.925,3.500505867e-01,2.795224786e-01,nan,nan,nan,nan
3518,87.95,3.499522910e-01,2.795819197e-01,nan,nan,nan,nan
3519,87.975,3.500438221e-01,2.795383416e-01,nan,nan,nan,nan
3520,88,3.499455275e-01,2.795922970e-01,nan,nan,nan,nan
3521,88.025,3.500569702e-01,2.795293397e-01,nan,nan,nan,nan
3522,88.05,3.499518084e-01,2.795887793e-01,nan,nan,nan,nan
3523,88.075,3.500505557e-01,2.795444278e-01,nan,nan,nan,nan
3524,88.1,3.499522600e-01,2.795983829e-01,nan,nan,nan,nan
3525,88.125,3.500628424e-01,2.795358128e-01,nan,nan,nan,nan
3526,88.15,3.499576807e-01,2.795952518e-01,nan,nan,nan,nan
3527,88.175,3.500568520e-01,2.795499590e-01,nan,nan,nan,nan
3528,88.2,3.499585559e-01,2.796039146e-01,nan,nan,nan,nan
3529,88.225,3.500681161e-01,2.795418012e-01,nan,nan,nan,nan
3530,88.25,3.499629551e-01,2.796012401e-01,nan,nan,nan,nan
3531,88.275,3.500626171e-01,2.795548533e-01,nan,nan,nan,nan
3532,88.3,3.499643211e-01,2.796088099e-01,nan,nan,nan,nan
3533,88.325,3.500727131e-01,2.795472156e-01,nan,nan,nan,nan
3534,88.35,3.499675534e-01,2.796066551e-01,nan,nan,nan,nan
3535,88.375,3.500677651e-01,2.795590383e-01,nan,nan,nan,nan
3536,88.4,3.499694699e-01,2.796129965e-01,nan,nan,nan,nan
3537,88.425,3.500765659e-01,2.795519757e-01,nan,nan,nan,nan
3538,88.45,3.499714080e-01,2.796114164e-01,nan,nan,nan,nan
3539,88.475,3.500722200e-01,2.795624528e-01,nan,nan,nan,nan
3540,88.5,3.499739263e-01,2.796164133e-01,nan,nan,nan,nan
3541,88.525,3.500796183e-01,2.795560115e-01,nan,nan,nan,nan
3542,88.55,3.499759338e-01,2.796154540e-01,nan,nan,nan,nan
3543,88.575,3.500759164e-01,2.795650476e-01,nan,nan,nan,nan
3544,88.6,3.499776248e-01,2.796190108e-01,nan,nan,nan,nan
3545,88.625,3.500818266e-01,2.795592640e-01,nan,nan,nan,nan
3546,88.65,3.499802443e-01,2.796187089e-01,nan,nan,nan,nan
3547,88.675,3.500788009e-01,2.795667857e-01,nan,nan,nan,nan
3548,88.7,3.499823386e-01,2.796207521e-01,nan,nan,nan,nan
3549,88.725,3.500831601e-01,2.795616865e-01,nan,nan,nan,nan
3550,88.75,3.499839153e-01,2.796211342e-01,nan,nan,nan,nan
3551,88.775,3.500808322e-01,2.795676436e-01,nan,nan,nan,nan
3552,88.8,3.499864995e-01,2.796216137e-01,nan,nan,nan,nan
3553,88.825,3.500836012e-01,2.795632448e-01,nan,nan,nan,nan
3554,88.85,3.499886620e-01,2.796226959e-01,nan,nan,nan,nan
3555,88.875,3.500819822e-01,2.795676111e-01,nan,nan,nan,nan
3556,88.9,3.499902661e-01,2.796232007e-01,nan,nan,nan,nan
3557,88.925,3.500831462e-01,2.795639181e-01,nan,nan,nan,nan
3558,88.95,3.499926695e-01,2.796233730e-01,nan,nan,nan,nan
3559,88.975,3.500822364e-01,2.795666914e-01,nan,nan,nan,nan
3560,89,3.499948706e-01,2.796245806e-01,nan,nan,nan,nan
3561,89.025,3.500818049e-01,2.795636989e-01,nan,nan,nan,nan
3562,89.05,3.499964659e-01,2.796252043e-01,nan,nan,nan,nan
3563,89.075,3.500815938e-01,2.795649014e-01,nan,nan,nan,nan
3564,89.1,3.499987208e-01,2.796252343e-01,nan,nan,nan,nan
3565,89.125,3.500808044e-01,2.795625935e-01,nan,nan,nan,nan
3566,89.15,3.500009239e-01,2.796264004e-01,nan,nan,nan,nan
3567,89.175,3.500800670e-01,2.795622710e-01,nan,nan,nan,nan
3568,89.2,3.500024731e-01,2.796271278e-01,nan,nan,nan,nan
3569,89.225,3.500799735e-01,2.795606215e-01,nan,nan,nan,nan
3570,89.25,3.500046134e-01,2.796272333e-01,nan,nan,nan,nan
3571,89.275,3.500792990e-01,2.795588429e-01,nan,nan,nan,nan
3572,89.3,3.500067806e-01,2.796281381e-01,nan,nan,nan,nan
3573,89.325,3.500782612e-01,2.795578156e-01,nan,nan,nan,nan
3574,89.35,3.500082507e-01,2.796289446e-01,nan,nan,nan,nan
3575,89.375,3.500782792e-01,2.795562798e-01,nan,nan,nan,nan
3576,89.4,3.500103058e-01,2.796290962e-01,nan,nan,nan,nan
3577,89.425,3.500776996e-01,2.795542210e-01,nan,nan,nan,nan
3578,89.45,3.500124039e-01,2.796297675e-01,nan,nan,nan,nan
3579,89.475,3.500764794e-01,2.795532991e-01,nan,nan,nan,nan
3580,89.5,3.500137714e-01,2.796306230e-01,nan,nan,nan,nan
3581,89.525,3.500764905e-01,2.795518719e-01,nan,nan,nan,nan
3582,89.55,3.500157613e-01,2.796307897e-01,nan,nan,nan,nan
3583,89.575,3.500759741e-01,2.795498982e-01,nan,nan,nan,nan
3584,89.6,3.500177662e-01,2.796312567e-01,nan,nan,nan,nan
3585,89.625,3.500747806e-01,2.795487175e-01,nan,nan,nan,nan
3586,89.65,3.500190208e-01,2.796321300e-01,nan,nan,nan,nan
3587,89.675,3.500745753e-01,2.795473822e-01,nan,nan,nan,nan
3588,89.7,3.500209525e-01,2.796322841e-01,nan,nan,nan,nan
3589,89.725,3.500740831e-01,2.795454816e-01,nan,nan,nan,nan
3590,89.75,3.500228536e-01,2.796325729e-01,nan,nan,nan,nan
3591,89.775,3.500728762e-01,2.795440551e-01,nan,nan,nan,nan
3592,89.8,3.500240000e-01,2.796334358e-01,nan,nan,nan,nan
3593,89.825,3.500724945e-01,2.795427854e-01,nan,nan,nan,nan
3594,89.85,3.500258654e-01,2.796335573e-01,nan,nan,nan,nan
3595,89.875,3.500719858e-01,2.795409262e-01,nan,nan,nan,nan
3596,89.9,3.500276670e-01,2.796336867e-01,nan,nan,nan,nan
3597,89.925,3.500707291e-01,2.795392870e-01,nan,nan,nan,nan
3598,89.95,3.500287247e-01,2.796345185e-01,nan,nan,nan,nan
3599,89.975,3.500702074e-01,2.795380506e-01,nan,nan,nan,nan
3600,90,3.500305011e-01,2.796345976e-01,nan,nan,nan,nan
3601,90.025,3.500696453e-01,2.795361996e-01,nan,nan,nan,nan
3602,90.05,3.500322222e-01,2.796345760e-01,nan,nan,nan,nan
3603,90.075,3.500683117e-01,2.795343823e-01,nan,nan,nan,nan
3604,90.1,3.500332228e-01,2.796353665e-01,nan,nan,nan,nan
3605,90.125,3.500676772e-01,2.795331456e-01,nan,nan,nan,nan
3606,90.15,3.500348756e-01,2.796354053e-01,nan,nan,nan,nan
3607,90.175,3.500670342e-01,2.795312722e-01,nan,nan,nan,nan
3608,90.2,3.500365474e-01,2.796352294e-01,nan,nan,nan,nan
3609,90.225,3.500656092e-01,2.795293088e-01,nan,nan,nan,nan
3610,90.25,3.500375309e-01,2.796359803e-01,nan,nan,nan,nan
3611,90.275,3.500648767e-01,2.795280408e-01,nan,nan,nan,nan
3612,90.3,3.500390170e-01,2.796359926e-01,nan,nan,nan,nan
3613,90.325,3.500641377e-01,2.795261217e-01,nan,nan,nan,nan
3614,90.35,3.500406790e-01,2.796356476e-01,nan,nan,nan,nan
3615,90.375,3.500626219e-01,2.795240373e-01,nan,nan,nan,nan
3616,90.4,3.500416883e-01,2.796363721e-01,nan,nan,nan,nan
3617,90.425,3.500617912e-01,2.795227142e-01,nan,nan,nan,nan
3618,90.45,3.500429620e-01,2.796363818e-01,nan,nan,nan,nan
3619,90.475,3.500609564e-01,2.795207362e-01,nan,nan,nan,nan
3620,90.5,3.500446567e-01,2.796358430e-01,nan,nan,nan,nan
3621,90.525,3.500593651e-01,2.795185459e-01,nan,nan,nan,nan
3622,90.55,3.500457318e-01,2.796365644e-01,nan,nan,nan,nan
3623,90.575,3.500584215e-01,2.795171540e-01,nan,nan,nan,nan
3624,90.6,3.500467503e-01,2.796366019e-01,nan,nan,nan,nan
3625,90.625,3.500575056e-01,2.795151157e-01,nan,nan,nan,nan
3626,90.65,3.500485172e-01,2.796359852e-01,nan,nan,nan,nan
3627,90.675,3.500558667e-01,2.795128228e-01,nan,nan,nan,nan
3628,90.7,3.500496901e-01,2.796365864e-01,nan,nan,nan,nan
3629,90.725,3.500547830e-01,2.795113604e-01,nan,nan,nan,nan
3630,90.75,3.500504187e-01,2.796366846e-01,nan,nan,nan,nan
3631,90.775,3.500538135e-01,2.795092722e-01,nan,nan,nan,nan
3632,90.8,3.500522892e-01,2.796361591e-01,nan,nan,nan,nan
3633,90.825,3.500521633e-01,2.795071734e-01,nan,nan,nan,nan
3634,90.85,3.500535796e-01,2.796364699e-01,nan,nan,nan,nan
3635,90.875,3.500509040e-01,2.795061985e-01,nan,nan,nan,nan
3636,90.9,3.500539962e-01,2.796366596e-01,nan,nan,nan,nan
3637,90.925,3.500499167e-01,2.795099781e-01,nan,nan,nan,nan
3638,90.95,3.500559895e-01,2.796362502e-01,nan,nan,nan,nan
3639,90.975,3.500482952e-01,2.795074179e-01,nan,nan,nan,nan
3640,91,3.500547882e-01,2.796362447e-01,nan,nan,nan,nan
3641,91.025,3.500468215e-01,2.795119039e-01,nan,nan,nan,nan
3642,91.05,3.500574994e-01,2.796365504e-01,nan,nan,nan,nan
3643,91.075,3.500458557e-01,2.795077231e-01,nan,nan,nan,nan
3644,91.1,3.500546566e-01,2.796362724e-01,nan,nan,nan,nan
3645,91.125,3.500443002e-01,2.795129248e-01,nan,nan,nan,nan
3646,91.15,3.500580897e-01,2.796359345e-01,nan,nan,nan,nan
3647,91.175,3.500425758e-01,2.795071125e-01,nan,nan,nan,nan
3648,91.2,3.500536064e-01,2.796363709e-01,nan,nan,nan,nan
3649,91.225,3.500416685e-01,2.795130285e-01,nan,nan,nan,nan
3650,91.25,3.500577547e-01,2.796344150e-01,nan,nan,nan,nan
3651,91.275,3.500402087e-01,2.795055986e-01,nan,nan,nan,nan
3652,91.3,3.500516566e-01,2.796355533e-01,nan,nan,nan,nan
3653,91.325,3.500382054e-01,2.795122164e-01,nan,nan,nan,nan
3654,91.35,3.500565024e-01,2.796320176e-01,nan,nan,nan,nan
3655,91.375,3.500373857e-01,2.795032070e-01,nan,nan,nan,nan
3656,91.4,3.500488395e-01,2.796338351e-01,nan,nan,nan,nan
3657,91.425,3.500360391e-01,2.795105039e-01,nan,nan,nan,nan
3658,91.45,3.500543550e-01,2.796287814e-01,nan,nan,nan,nan
3659,91.475,3.500337408e-01,2.794999767e-01,nan,nan,nan,nan
3660,91.5,3.500452005e-01,2.796312450e-01,nan,nan,nan,nan
3661,91.525,3.500330258e-01,2.795079198e-01,nan,nan,nan,nan
3662,91.55,3.500513476e-01,2.796247581e-01,nan,nan,nan,nan
3663,91.575,3.500293316e-01,2.794959593e-01,nan,nan,nan,nan
3664,91.6,3.500407973e-01,2.796278251e-01,nan,nan,nan,nan
3665,91.625,3.500292008e-01,2.795045058e-01,nan,nan,nan,nan
3666,91.65,3.500475286e-01,2.796200107e-01,nan,nan,nan,nan
3667,91.675,3.500242273e-01,2.794912177e-01,nan,nan,nan,nan
3668,91.7,3.500356987e-01,2.796236296e-01,nan,nan,nan,nan
3669,91.725,3.500246244e-01,2.795003162e-01,nan,nan,nan,nan
3670,91.75,3.500429582e-01,2.796146134e-01,nan,nan,nan,nan
3671,91.775,3.500185070e-01,2.794858260e-01,nan,nan,nan,nan
3672,91.8,3.500299840e-01,2.796187242e-01,nan,nan,nan,nan
3673,91.825,3.500193682e-01,2.794954167e-01,nan,nan,nan,nan
3674,91.85,3.500377078e-01,2.796086495e-01,nan,nan,nan,nan
3675,91.875,3.500122591e-01,2.794798675e-01,nan,nan,nan,nan
3676,91.9,3.500237414e-01,2.796131853e-01,nan,nan,nan,nan
3677,91.925,3.500135136e-01,2.794898834e-01,nan,nan,nan,nan
3678,91.95,3.500318588e-01,2.796022109e-01,nan,nan,nan,nan
3679,91.975,3.500055795e-01,2.794734340e-01,nan,nan,nan,nan
3680,92,3.500170668e-01,2.796070983e-01,nan,nan,nan,nan
3681,92.025,3.500071508e-01,2.794838018e-01,nan,nan,nan,nan
3682,92.05,3.500255013e-01,2.795953963e-01,nan,nan,nan,nan
3683,92.075,3.499985706e-01,2.794733428e-01,nan,nan,nan,nan
3684,92.1,3.500100623e-01,2.796005569e-01,nan,nan,nan,nan
3685,92.125,3.500003775e-01,2.794772654e-01,nan,nan,nan,nan
3686,92.15,3.500187329e-01,2.795883097e-01,nan,nan,nan,nan
3687,92.175,3.499913390e-01,2.794788860e-01,nan,nan,nan,nan
3688,92.2,3.500028348e-01,2.795936612e-01,nan,nan,nan,nan
3689,92.225,3.499970285e-01,2.794704222e-01,nan,nan,nan,nan
3690,92.25,3.500116570e-01,2.795810588e-01,nan,nan,nan,nan
3691,92.275,3.499908100e-01,2.794848764e-01,nan,nan,nan,nan
3692,92.3,3.499954939e-01,2.795865162e-01,nan,nan,nan,nan
3693,92.325,3.500032335e-01,2.794760728e-01,nan,nan,nan,nan
3694,92.35,3.500043814e-01,2.795737537e-01,nan,nan,nan,nan
3695,92.375,3.499967090e-01,2.794912211e-01,nan,nan,nan,nan
3696,92.4,3.499881510e-01,2.795792306e-01,nan,nan,nan,nan
3697,92.425,3.500097486e-01,2.794821529e-01,nan,nan,nan,nan
3698,92.45,3.499970165e-01,2.795665048e-01,nan,nan,nan,nan
3699,92.475,3.500029958e-01,2.794978223e-01,nan,nan,nan,nan
3700,92.5,3.499809167e-01,2.795719147e-01,nan,nan,nan,nan
3701,92.525,3.500164735e-01,2.794885687e-01,nan,nan,nan,nan
3702,92.55,3.499896736e-01,2.795594213e-01,nan,nan,nan,nan
3703,92.575,3.500095734e-01,2.795045785e-01,nan,nan,nan,nan
3704,92.6,3.499739002e-01,2.795646789e-01,nan,nan,nan,nan
3705,92.625,3.500233049e-01,2.794952213e-01,nan,nan,nan,nan
3706,92.65,3.499824635e-01,2.795546806e-01,nan,nan,nan,nan
3707,92.675,3.500163405e-01,2.795113861e-01,nan,nan,nan,nan
3708,92.7,3.499672065e-01,2.795653568e-01,nan,nan,nan,nan
3709,92.725,3.500301380e-01,2.795020083e-01,nan,nan,nan,nan
3710,92.75,3.499754946e-01,2.795614648e-01,nan,nan,nan,nan
3711,92.775,3.500231933e-01,2.795181408e-01,nan,nan,nan,nan
3712,92.8,3.499609357e-01,2.795721095e-01,nan,nan,nan,nan
3713,92.825,3.500368685e-01,2.795088258e-01,nan,nan,nan,nan
3714,92.85,3.499688713e-01,2.795682799e-01,nan,nan,nan,nan
3715,92.875,3.500300269e-01,2.795247398e-01,nan,nan,nan,nan
3716,92.9,3.499551813e-01,2.795787069e-01,nan,nan,nan,nan
3717,92.925,3.500433939e-01,2.795155698e-01,nan,nan,nan,nan
3718,92.95,3.499626925e-01,2.795750219e-01,nan,nan,nan,nan
3719,92.975,3.500367370e-01,2.795310827e-01,nan,nan,nan,nan
3720,93,3.499500285e-01,2.795850486e-01,nan,nan,nan,nan
3721,93.025,3.500496151e-01,2.795221373e-01,nan,nan,nan,nan
3722,93.05,3.499570500e-01,2.795815879e-01,nan,nan,nan,nan
3723,93.075,3.500432215e-01,2.795370732e-01,nan,nan,nan,nan
3724,93.1,3.499455532e-01,2.795910384e-01,nan,nan,nan,nan
3725,93.125,3.500554379e-01,2.795284287e-01,nan,nan,nan,nan
3726,93.15,3.499520273e-01,2.795878782e-01,nan,nan,nan,nan
3727,93.175,3.500493820e-01,2.795426208e-01,nan,nan,nan,nan
3728,93.2,3.499510962e-01,2.795965858e-01,nan,nan,nan,nan
3729,93.225,3.500607743e-01,2.795343486e-01,nan,nan,nan,nan
3730,93.25,3.499556225e-01,2.795937975e-01,nan,nan,nan,nan
3731,93.275,3.500551253e-01,2.795476420e-01,nan,nan,nan,nan
3732,93.3,3.499568392e-01,2.796016073e-01,nan,nan,nan,nan
3733,93.325,3.500655442e-01,2.795398077e-01,nan,nan,nan,nan
3734,93.35,3.499603929e-01,2.795992565e-01,nan,nan,nan,nan
3735,93.375,3.500603650e-01,2.795520614e-01,nan,nan,nan,nan
3736,93.4,3.499620790e-01,2.796060275e-01,nan,nan,nan,nan
3737,93.425,3.500696764e-01,2.795447238e-01,nan,nan,nan,nan
3738,93.45,3.499645260e-01,2.796041730e-01,nan,nan,nan,nan
3739,93.475,3.500650222e-01,2.795558134e-01,nan,nan,nan,nan
3740,93.5,3.499667369e-01,2.796097807e-01,nan,nan,nan,nan
3741,93.525,3.500731093e-01,2.795490234e-01,nan,nan,nan,nan
3742,93.55,3.499684913e-01,2.796084735e-01,nan,nan,nan,nan
3743,93.575,3.500690277e-01,2.795588422e-01,nan,nan,nan,nan
3744,93.6,3.499707434e-01,2.796128112e-01,nan,nan,nan,nan
3745,93.625,3.500757925e-01,2.795526425e-01,nan,nan,nan,nan
3746,93.65,3.499730332e-01,2.796120940e-01,nan,nan,nan,nan
3747,93.675,3.500723218e-01,2.795611036e-01,nan,nan,nan,nan
3748,93.7,3.499748515e-01,2.796150747e-01,nan,nan,nan,nan
3749,93.725,3.500776870e-01,2.795555277e-01,nan,nan,nan,nan
3750,93.75,3.499769099e-01,2.796149810e-01,nan,nan,nan,nan
3751,93.775,3.500748564e-01,2.795625652e-01,nan,nan,nan,nan
3752,93.8,3.499792739e-01,2.796165388e-01,nan,nan,nan,nan
3753,93.825,3.500787661e-01,2.795576369e-01,nan,nan,nan,nan
3754,93.85,3.499811377e-01,2.796170925e-01,nan,nan,nan,nan
3755,93.875,3.500765948e-01,2.795632069e-01,nan,nan,nan,nan
3756,93.9,3.499830178e-01,2.796171832e-01,nan,nan,nan,nan
3757,93.925,3.500790156e-01,2.795589401e-01,nan,nan,nan,nan
3758,93.95,3.499854371e-01,2.796183982e-01,nan,nan,nan,nan
3759,93.975,3.500775127e-01,2.795630209e-01,nan,nan,nan,nan
3760,94,3.499873163e-01,2.796190587e-01,nan,nan,nan,nan
3761,94.025,3.500784338e-01,2.795594195e-01,nan,nan,nan,nan
3762,94.05,3.499890450e-01,2.796191668e-01,nan,nan,nan,nan
3763,94.075,3.500775982e-01,2.795620126e-01,nan,nan,nan,nan
3764,94.1,3.499914894e-01,2.796202045e-01,nan,nan,nan,nan
3765,94.125,3.500770321e-01,2.795590702e-01,nan,nan,nan,nan
3766,94.15,3.499933473e-01,2.796209678e-01,nan,nan,nan,nan
3767,94.175,3.500768525e-01,2.795601995e-01,nan,nan,nan,nan
3768,94.2,3.499949583e-01,2.796211599e-01,nan,nan,nan,nan
3769,94.225,3.500761202e-01,2.795578997e-01,nan,nan,nan,nan
3770,94.25,3.499973907e-01,2.796219520e-01,nan,nan,nan,nan
3771,94.275,3.500752892e-01,2.795576116e-01,nan,nan,nan,nan
3772,94.3,3.499991895e-01,2.796228025e-01,nan,nan,nan,nan
3773,94.325,3.500752100e-01,2.795559281e-01,nan,nan,nan,nan
3774,94.35,3.500007177e-01,2.796230542e-01,nan,nan,nan,nan
3775,94.375,3.500745754e-01,2.795542906e-01,nan,nan,nan,nan
3776,94.4,3.500031000e-01,2.796236236e-01,nan,nan,nan,nan
3777,94.425,3.500734851e-01,2.795531879e-01,nan,nan,nan,nan
3778,94.45,3.500048061e-01,2.796245367e-01,nan,nan,nan,nan
3779,94.475,3.500735003e-01,2.795516016e-01,nan,nan,nan,nan
3780,94.5,3.500062820e-01,2.796248181e-01,nan,nan,nan,nan
3781,94.525,3.500729433e-01,2.795497230e-01,nan,nan,nan,nan
3782,94.55,3.500085804e-01,2.796251933e-01,nan,nan,nan,nan
3783,94.575,3.500717707e-01,2.795487099e-01,nan,nan,nan,nan
3784,94.6,3.500101701e-01,2.796261386e-01,nan,nan,nan,nan
3785,94.625,3.500717030e-01,2.795472158e-01,nan,nan,nan,nan
3786,94.65,3.500116148e-01,2.796264186e-01,nan,nan,nan,nan
3787,94.675,3.500711917e-01,2.795451996e-01,nan,nan,nan,nan
3788,94.7,3.500138049e-01,2.796266293e-01,nan,nan,nan,nan
3789,94.725,3.500700285e-01,2.795441735e-01,nan,nan,nan,nan
3790,94.75,3.500152673e-01,2.796275753e-01,nan,nan,nan,nan
3791,94.775,3.500697862e-01,2.795427549e-01,nan,nan,nan,nan
3792,94.8,3.500166888e-01,2.796278261e-01,nan,nan,nan,nan
3793,94.825,3.500692817e-01,2.795407951e-01,nan,nan,nan,nan
3794,94.85,3.500187596e-01,2.796278990e-01,nan,nan,nan,nan
3795,94.875,3.500680874e-01,2.795395630e-01,nan,nan,nan,nan
3796,94.9,3.500200991e-01,2.796288174e-01,nan,nan,nan,nan
3797,94.925,3.500677108e-01,2.795381939e-01,nan,nan,nan,nan
3798,94.95,3.500214903e-01,2.796290187e-01,nan,nan,nan,nan
3799,94.975,3.500671724e-01,2.795362589e-01,nan,nan,nan,nan
3800,95,3.500234458e-01,2.796289729e-01,nan,nan,nan,nan
3801,95.025,3.500659107e-01,2.795348534e-01,nan,nan,nan,nan
3802,95.05,3.500246812e-01,2.796298431e-01,nan,nan,nan,nan
3803,95.075,3.500654361e-01,2.795335018e-01,nan,nan,nan,nan
3804,95.1,3.500260206e-01,2.796299848e-01,nan,nan,nan,nan
3805,95.125,3.500648270e-01,2.795315583e-01,nan,nan,nan,nan
3806,95.15,3.500278793e-01,2.796298293e-01,nan,nan,nan,nan
3807,95.175,3.500634707e-01,2.795300141e-01,nan,nan,nan,nan
3808,95.2,3.500290422e-01,2.796306408e-01,nan,nan,nan,nan
3809,95.225,3.500629256e-01,2.795286462e-01,nan,nan,nan,nan
3810,95.25,3.500302957e-01,2.796307248e-01,nan,nan,nan,nan
3811,95.275,3.500622180e-01,2.795266639e-01,nan,nan,nan,nan
3812,95.3,3.500320887e-01,2.796304569e-01,nan,nan,nan,nan
3813,95.325,3.500607528e-01,2.795250126e-01,nan,nan,nan,nan
3814,95.35,3.500332185e-01,2.796312111e-01,nan,nan,nan,nan
3815,95.375,3.500601517e-01,2.795235978e-01,nan,nan,nan,nan
3816,95.4,3.500343442e-01,2.796312512e-01,nan,nan,nan,nan
3817,95.425,3.500593310e-01,2.795215536e-01,nan,nan,nan,nan
3818,95.45,3.500361105e-01,2.796308562e-01,nan,nan,nan,nan
3819,95.475,3.500577573e-01,2.795198199e-01,nan,nan,nan,nan
3820,95.5,3.500372499e-01,2.796315665e-01,nan,nan,nan,nan
3821,95.525,3.500571002e-01,2.795183345e-01,nan,nan,nan,nan
3822,95.55,3.500382028e-01,2.796315864e-01,nan,nan,nan,nan
3823,95.575,3.500561663e-01,2.795162153e-01,nan,nan,nan,nan
3824,95.6,3.500399847e-01,2.796310400e-01,nan,nan,nan,nan
3825,95.625,3.500544995e-01,2.795144138e-01,nan,nan,nan,nan
3826,95.65,3.500411733e-01,2.796317296e-01,nan,nan,nan,nan
3827,95.675,3.500537716e-01,2.795128445e-01,nan,nan,nan,nan
3828,95.7,3.500419114e-01,2.796317596e-01,nan,nan,nan,nan
3829,95.725,3.500527396e-01,2.795106491e-01,nan,nan,nan,nan
3830,95.75,3.500437481e-01,2.796311605e-01,nan,nan,nan,nan
3831,95.775,3.500510076e-01,2.795087827e-01,nan,nan,nan,nan
3832,95.8,3.500450176e-01,2.796317296e-01,nan,nan,nan,nan
3833,95.825,3.500501815e-01,2.795071279e-01,nan,nan,nan,nan
3834,95.85,3.500457539e-01,2.796318026e-01,nan,nan,nan,nan
3835,95.875,3.500490788e-01,2.795048670e-01,nan,nan,nan,nan
3836,95.9,3.500474298e-01,2.796312768e-01,nan,nan,nan,nan
3837,95.925,3.500473182e-01,2.795029268e-01,nan,nan,nan,nan
3838,95.95,3.500487995e-01,2.796315985e-01,nan,nan,nan,nan
3839,95.975,3.500463582e-01,2.795013496e-01,nan,nan,nan,nan
3840,96,3.500490188e-01,2.796317451e-01,nan,nan,nan,nan
3841,96.025,3.500452209e-01,2.795051816e-01,nan,nan,nan,nan
3842,96.05,3.500510466e-01,2.796313177e-01,nan,nan,nan,nan
3843,96.075,3.500434716e-01,2.795024922e-01,nan,nan,nan,nan
3844,96.1,3.500497628e-01,2.796313661e-01,nan,nan,nan,nan
3845,96.125,3.500423386e-01,2.795069867e-01,nan,nan,nan,nan
3846,96.15,3.500524636e-01,2.796316109e-01,nan,nan,nan,nan
3847,96.175,3.500412062e-01,2.795027892e-01,nan,nan,nan,nan
3848,96.2,3.500496529e-01,2.796312968e-01,nan,nan,nan,nan
3849,96.225,3.500395056e-01,2.795079559e-01,nan,nan,nan,nan
3850,96.25,3.500530315e-01,2.796310563e-01,nan,nan,nan,nan
3851,96.275,3.500381632e-01,2.795022387e-01,nan,nan,nan,nan
3852,96.3,3.500486935e-01,2.796314139e-01,nan,nan,nan,nan
3853,96.325,3.500370728e-01,2.795080769e-01,nan,nan,nan,nan
3854,96.35,3.500527441e-01,2.796296648e-01,nan,nan,nan,nan
3855,96.375,3.500354508e-01,2.795008515e-01,nan,nan,nan,nan
3856,96.4,3.500469014e-01,2.796306831e-01,nan,nan,nan,nan
3857,96.425,3.500338702e-01,2.795073503e-01,nan,nan,nan,nan
3858,96.45,3.500516083e-01,2.796274598e-01,nan,nan,nan,nan
3859,96.475,3.500328512e-01,2.794986510e-01,nan,nan,nan,nan
3860,96.5,3.500443063e-01,2.796291180e-01,nan,nan,nan,nan
3861,96.525,3.500313256e-01,2.795057896e-01,nan,nan,nan,nan
3862,96.55,3.500496437e-01,2.796244771e-01,nan,nan,nan,nan
3863,96.575,3.500294903e-01,2.794956729e-01,nan,nan,nan,nan
3864,96.6,3.500409500e-01,2.796267448e-01,nan,nan,nan,nan
3865,96.625,3.500285600e-01,2.795034210e-01,nan,nan,nan,nan
3866,96.65,3.500468828e-01,2.796207644e-01,nan,nan,nan,nan
3867,96.675,3.500254213e-01,2.794919648e-01,nan,nan,nan,nan
3868,96.7,3.500368856e-01,2.796236018e-01,nan,nan,nan,nan
3869,96.725,3.500250422e-01,2.795002826e-01,nan,nan,nan,nan
3870,96.75,3.500433696e-01,2.796163800e-01,nan,nan,nan,nan
3871,96.775,3.500207081e-01,2.794875849e-01,nan,nan,nan,nan
3872,96.8,3.500321769e-01,2.796197389e-01,nan,nan,nan,nan
3873,96.825,3.500208276e-01,2.794964243e-01,nan,nan,nan,nan
3874,96.85,3.500391596e-01,2.796113926e-01,nan,nan,nan,nan
3875,96.875,3.500154243e-01,2.794826019e-01,nan,nan,nan,nan
3876,96.9,3.500268974e-01,2.796152169e-01,nan,nan,nan,nan
3877,96.925,3.500159824e-01,2.794919069e-01,nan,nan,nan,nan
3878,96.95,3.500343189e-01,2.796058795e-01,nan,nan,nan,nan
3879,96.975,3.500096516e-01,2.794770930e-01,nan,nan,nan,nan
3880,97,3.500211289e-01,2.796101062e-01,nan,nan,nan,nan
3881,97.025,3.500105819e-01,2.794868006e-01,nan,nan,nan,nan
3882,97.05,3.500289228e-01,2.795999260e-01,nan,nan,nan,nan
3883,97.075,3.500034792e-01,2.794725503e-01,nan,nan,nan,nan
3884,97.1,3.500149604e-01,2.796044863e-01,nan,nan,nan,nan
3885,97.125,3.500047098e-01,2.794811848e-01,nan,nan,nan,nan
3886,97.15,3.500230548e-01,2.795936239e-01,nan,nan,nan,nan
3887,97.175,3.499970021e-01,2.794773731e-01,nan,nan,nan,nan
3888,97.2,3.500084868e-01,2.795984438e-01,nan,nan,nan,nan
3889,97.225,3.499984565e-01,2.794751463e-01,nan,nan,nan,nan
3890,97.25,3.500168054e-01,2.795870700e-01,nan,nan,nan,nan
3891,97.275,3.499903197e-01,2.794826729e-01,nan,nan,nan,nan
3892,97.3,3.500018075e-01,2.795920717e-01,nan,nan,nan,nan
3893,97.325,3.500007386e-01,2.794743652e-01,nan,nan,nan,nan
3894,97.35,3.500102707e-01,2.795803644e-01,nan,nan,nan,nan
3895,97.375,3.499946967e-01,2.794883672e-01,nan,nan,nan,nan
3896,97.4,3.499950246e-01,2.795854679e-01,nan,nan,nan,nan
3897,97.425,3.500066195e-01,2.794797551e-01,nan,nan,nan,nan
3898,97.45,3.500035508e-01,2.795736097e-01,nan,nan,nan,nan
3899,97.475,3.500003063e-01,2.794943677e-01,nan,nan,nan,nan
3900,97.5,3.499882414e-01,2.795787333e-01,nan,nan,nan,nan
3901,97.525,3.500127637e-01,2.794855237e-01,nan,nan,nan,nan
3902,97.55,3.499967482e-01,2.795669087e-01,nan,nan,nan,nan
3903,97.575,3.500062540e-01,2.795005813e-01,nan,nan,nan,nan
3904,97.6,3.499815612e-01,2.795719705e-01,nan,nan,nan,nan
3905,97.625,3.500190762e-01,2.794915815e-01,nan,nan,nan,nan
3906,97.65,3.499899668e-01,2.795603630e-01,nan,nan,nan,nan
3907,97.675,3.500124477e-01,2.795069121e-01,nan,nan,nan,nan
3908,97.7,3.499750853e-01,2.795652826e-01,nan,nan,nan,nan
3909,97.725,3.500254596e-01,2.794978347e-01,nan,nan,nan,nan
3910,97.75,3.499833094e-01,2.795572988e-01,nan,nan,nan,nan
3911,97.775,3.500187915e-01,2.795132625e-01,nan,nan,nan,nan
3912,97.8,3.499689115e-01,2.795672390e-01,nan,nan,nan,nan
3913,97.825,3.500318158e-01,2.795041868e-01,nan,nan,nan,nan
3914,97.85,3.499768769e-01,2.795636487e-01,nan,nan,nan,nan
3915,97.875,3.500251879e-01,2.795195350e-01,nan,nan,nan,nan
3916,97.9,3.499631331e-01,2.795735099e-01,nan,nan,nan,nan
3917,97.925,3.500380470e-01,2.795105401e-01,nan,nan,nan,nan
3918,97.95,3.499707666e-01,2.795700001e-01,nan,nan,nan,nan
3919,97.975,3.500315383e-01,2.795256334e-01,nan,nan,nan,nan
3920,98,3.499578367e-01,2.795796070e-01,nan,nan,nan,nan
3921,98.025,3.500440578e-01,2.795167970e-01,nan,nan,nan,nan
3922,98.05,3.499650704e-01,2.795762554e-01,nan,nan,nan,nan
3923,98.075,3.500377453e-01,2.795314643e-01,nan,nan,nan,nan
3924,98.1,3.499531017e-01,2.795854371e-01,nan,nan,nan,nan
3925,98.125,3.500497565e-01,2.795228616e-01,nan,nan,nan,nan
3926,98.15,3.499598739e-01,2.795823189e-01,nan,nan,nan,nan
3927,98.175,3.500437140e-01,2.795369389e-01,nan,nan,nan,nan
3928,98.2,3.499489986e-01,2.795909111e-01,nan,nan,nan,nan
3929,98.225,3.500550561e-01,2.795286412e-01,nan,nan,nan,nan
3930,98.25,3.499552546e-01,2.795880977e-01,nan,nan,nan,nan
3931,98.275,3.500493533e-01,2.795419738e-01,nan,nan,nan,nan
3932,98.3,3.499510747e-01,2.795959459e-01,nan,nan,nan,nan
3933,98.325,3.500598763e-01,2.795340478e-01,nan,nan,nan,nan
3934,98.35,3.499547316e-01,2.795935039e-01,nan,nan,nan,nan
3935,98.375,3.500545773e-01,2.795464928e-01,nan,nan,nan,nan
3936,98.4,3.499562984e-01,2.796004652e-01,nan,nan,nan,nan
3937,98.425,3.500641440e-01,2.795389992e-01,nan,nan,nan,nan
3938,98.45,3.499589998e-01,2.795984553e-01,nan,nan,nan,nan
3939,98.475,3.500593068e-01,2.795504276e-01,nan,nan,nan,nan
3940,98.5,3.499610280e-01,2.796044006e-01,nan,nan,nan,nan
3941,98.525,3.500677951e-01,2.795434205e-01,nan,nan,nan,nan
3942,98.55,3.499626516e-01,2.796028769e-01,nan,nan,nan,nan
3943,98.575,3.500634704e-01,2.795537191e-01,nan,nan,nan,nan
3944,98.6,3.499651921e-01,2.796076931e-01,nan,nan,nan,nan
3945,98.625,3.500707749e-01,2.795472450e-01,nan,nan,nan,nan
3946,98.65,3.499672818e-01,2.796067021e-01,nan,nan,nan,nan
3947,98.675,3.500670053e-01,2.795563184e-01,nan,nan,nan,nan
3948,98.7,3.499689459e-01,2.796102937e-01,nan,nan,nan,nan
3949,98.725,3.500730392e-01,2.795504153e-01,nan,nan,nan,nan
3950,98.75,3.499713388e-01,2.796098735e-01,nan,nan,nan,nan
3951,98.775,3.500698590e-01,2.795581871e-01,nan,nan,nan,nan
3952,98.8,3.499734851e-01,2.796121640e-01,nan,nan,nan,nan
3953,98.825,3.500745549e-01,2.795528845e-01,nan,nan,nan,nan
3954,98.85,3.499751769e-01,2.796123441e-01,nan,nan,nan,nan
3955,98.875,3.500719890e-01,2.795592982e-01,nan,nan,nan,nan
3956,98.9,3.499774324e-01,2.796132771e-01,nan,nan,nan,nan
3957,98.925,3.500753006e-01,2.795546161e-01,nan,nan,nan,nan
3958,98.95,3.499796162e-01,2.796140774e-01,nan,nan,nan,nan
3959,98.975,3.500733646e-01,2.795596365e-01,nan,nan,nan,nan
3960,99,3.499813054e-01,2.796143486e-01,nan,nan,nan,nan
3961,99.025,3.500752666e-01,2.795555853e-01,nan,nan,nan,nan
3962,99.05,3.499834508e-01,2.796150487e-01,nan,nan,nan,nan
3963,99.075,3.500739663e-01,2.795591986e-01,nan,nan,nan,nan
3964,99.1,3.499856418e-01,2.796159433e-01,nan,nan,nan,nan
3965,99.125,3.500744554e-01,2.795557792e-01,nan,nan,nan,nan
3966,99.15,3.499872917e-01,2.796163017e-01,nan,nan,nan,nan
3967,99.175,3.500737869e-01,2.795579931e-01,nan,nan,nan,nan
3968,99.2,3.499893609e-01,2.796167715e-01,nan,nan,nan,nan
3969,99.225,3.500728813e-01,2.795551965e-01,nan,nan,nan,nan
3970,99.25,3.499915221e-01,2.796177561e-01,nan,nan,nan,nan
3971,99.275,3.500728308e-01,2.795560404e-01,nan,nan,nan,nan
3972,99.3,3.499930945e-01,2.796181862e-01,nan,nan,nan,nan
3973,99.325,3.500722513e-01,2.795538482e-01,nan,nan,nan,nan
3974,99.35,3.499951230e-01,2.796184400e-01,nan,nan,nan,nan
3975,99.375,3.500711263e-01,2.795533724e-01,nan,nan,nan,nan
3976,99.4,3.499972159e-01,2.796194987e-01,nan,nan,nan,nan
3977,99.425,3.500711502e-01,2.795517567e-01,nan,nan,nan,nan
3978,99.45,3.499986774e-01,2.796199761e-01,nan,nan,nan,nan
3979,99.475,3.500706538e-01,2.795500317e-01,nan,nan,nan,nan
3980,99.5,3.500006960e-01,2.796200373e-01,nan,nan,nan,nan
3981,99.525,3.500695939e-01,2.795489561e-01,nan,nan,nan,nan
3982,99.55,3.500026869e-01,2.796211452e-01,nan,nan,nan,nan
3983,99.575,3.500694074e-01,2.795474231e-01,nan,nan,nan,nan
3984,99.6,3.500040134e-01,2.796216395e-01,nan,nan,nan,nan
3985,99.625,3.500689740e-01,2.795454910e-01,nan,nan,nan,nan
3986,99.65,3.500060434e-01,2.796215372e-01,nan,nan,nan,nan
3987,99.675,3.500679477e-01,2.795444906e-01,nan,nan,nan,nan
3988,99.7,3.500079079e-01,2.796226639e-01,nan,nan,nan,nan
3989,99.725,3.500675823e-01,2.795430353e-01,nan,nan,nan,nan
3990,99.75,3.500090885e-01,2.796231438e-01,nan,nan,nan,nan
3991,99.775,3.500671800e-01,2.795410829e-01,nan,nan,nan,nan
3992,99.8,3.500111382e-01,2.796229540e-01,nan,nan,nan,nan
3993,99.825,3.500661485e-01,2.795399720e-01,nan,nan,nan,nan
3994,99.85,3.500128653e-01,2.796240220e-01,nan,nan,nan,nan
3995,99.875,3.500656429e-01,2.795385778e-01,nan,nan,nan,nan
3996,99.9,3.500139042e-01,2.796244596e-01,nan,nan,nan,nan
3997,99.925,3.500652326e-01,2.795366672e-01,nan,nan,nan,nan
3998,99.95,3.500159668e-01,2.796242042e-01,nan,nan,nan,nan
3999,99.975,3.500641555e-01,2.795353845e-01,nan,nan,nan,nan
4000,100,3.500175603e-01,2.796251903e-01,nan,nan,nan,nan
4001,100.025,3.500635502e-01,2.795340254e-01,nan,nan,nan,nan
4002,100.05,3.500184765e-01,2.796255648e-01,nan,nan,nan,nan
4003,100.075,3.500630912e-01,2.795321250e-01,nan,nan,nan,nan
4004,100.1,3.500205305e-01,2.796252342e-01,nan,nan,nan,nan
4005,100.125,3.500619321e-01,2.795307033e-01,nan,nan,nan,nan
4006,100.15,3.500220090e-01,2.796261470e-01,nan,nan,nan,nan
4007,100.175,3.500612637e-01,2.795293473e-01,nan,nan,nan,nan
4008,100.2,3.500228339e-01,2.796264483e-01,nan,nan,nan,nan
4009,100.225,3.500607191e-01,2.795274239e-01,nan,nan,nan,nan
4010,100.25,3.500248455e-01,2.796260444e-01,nan,nan,nan,nan
4011,100.275,3.500594506e-01,2.795258976e-01,nan,nan,nan,nan
4012,100.3,3.500262401e-01,2.796268807e-01,nan,nan,nan,nan
4013,100.325,3.500587467e-01,2.795245110e-01,nan,nan,nan,nan
4014,100.35,3.500270132e-01,2.796271105e-01,nan,nan,nan,nan
4015,100.375,3.500580889e-01,2.795225344e-01,nan,nan,nan,nan
4016,100.4,3.500289403e-01,2.796266473e-01,nan,nan,nan,nan
4017,100.425,3.500566966e-01,2.795209350e-01,nan,nan,nan,nan
4018,100.45,3.500302903e-01,2.796273921e-01,nan,nan,nan,nan
4019,100.475,3.500559720e-01,2.795194874e-01,nan,nan,nan,nan
4020,100.5,3.500310541e-01,2.796275641e-01,nan,nan,nan,nan
4021,100.525,3.500551860e-01,2.795174344e-01,nan,nan,nan,nan
4022,100.55,3.500328520e-01,2.796270654e-01,nan,nan,nan,nan
4023,100.575,3.500536704e-01,2.795157863e-01,nan,nan,nan,nan
4024,100.6,3.500341995e-01,2.796276938e-01,nan,nan,nan,nan
4025,100.625,3.500529251e-01,2.795142543e-01,nan,nan,nan,nan
4026,100.65,3.500349938e-01,2.796278314e-01,nan,nan,nan,nan
4027,100.675,3.500520112e-01,2.795121119e-01,nan,nan,nan,nan
4028,100.7,3.500366203e-01,2.796273279e-01,nan,nan,nan,nan
4029,100.725,3.500503875e-01,2.795104296e-01,nan,nan,nan,nan
4030,100.75,3.500380048e-01,2.796278085e-01,nan,nan,nan,nan
4031,100.775,3.500496067e-01,2.795087998e-01,nan,nan,nan,nan
4032,100.8,3.500388612e-01,2.796279419e-01,nan,nan,nan,nan
4033,100.825,3.500485798e-01,2.795065669e-01,nan,nan,nan,nan
4034,100.85,3.500402824e-01,2.796274666e-01,nan,nan,nan,nan
4035,100.875,3.500468761e-01,2.795048531e-01,nan,nan,nan,nan
4036,100.9,3.500417352e-01,2.796277655e-01,nan,nan,nan,nan
4037,100.925,3.500460324e-01,2.795031241e-01,nan,nan,nan,nan
4038,100.95,3.500426731e-01,2.796279274e-01,nan,nan,nan,nan
4039,100.975,3.500449201e-01,2.795008116e-01,nan,nan,nan,nan
4040,101,3.500438676e-01,2.796275114e-01,nan,nan,nan,nan
4041,101.025,3.500431728e-01,2.794993666e-01,nan,nan,nan,nan
4042,101.05,3.500454077e-01,2.796275968e-01,nan,nan,nan,nan
4043,101.075,3.500422305e-01,2.794977203e-01,nan,nan,nan,nan
4044,101.1,3.500452277e-01,2.796278180e-01,nan,nan,nan,nan
4045,101.125,3.500410689e-01,2.795017024e-01,nan,nan,nan,nan
4046,101.15,3.500473926e-01,2.796274860e-01,nan,nan,nan,nan
4047,101.175,3.500393180e-01,2.794986658e-01,nan,nan,nan,nan
4048,101.2,3.500457966e-01,2.796273326e-01,nan,nan,nan,nan
4049,101.225,3.500382380e-01,2.795032771e-01,nan,nan,nan,nan
4050,101.25,3.500485997e-01,2.796276372e-01,nan,nan,nan,nan
4051,101.275,3.500370666e-01,2.794988201e-01,nan,nan,nan,nan
4052,101.3,3.500455678e-01,2.796274043e-01,nan,nan,nan,nan
4053,101.325,3.500353497e-01,2.795040685e-01,nan,nan,nan,nan
4054,101.35,3.500490124e-01,2.796269965e-01,nan,nan,nan,nan
4055,101.375,3.500340953e-01,2.794981826e-01,nan,nan,nan,nan
4056,101.4,3.500445468e-01,2.796273993e-01,nan,nan,nan,nan
4057,101.425,3.500329515e-01,2.795040666e-01,nan,nan,nan,nan
4058,101.45,3.500486265e-01,2.796255757e-01,nan,nan,nan,nan
4059,101.475,3.500312984e-01,2.794967652e-01,nan,nan,nan,nan
4060,101.5,3.500427512e-01,2.796266028e-01,nan,nan,nan,nan
4061,101.525,3.500298408e-01,2.795032735e-01,nan,nan,nan,nan
4062,101.55,3.500474500e-01,2.796233984e-01,nan,nan,nan,nan
4063,101.575,3.500287540e-01,2.794945914e-01,nan,nan,nan,nan
4064,101.6,3.500402104e-01,2.796250291e-01,nan,nan,nan,nan
4065,101.625,3.500271825e-01,2.795017032e-01,nan,nan,nan,nan
4066,101.65,3.500455027e-01,2.796204998e-01,nan,nan,nan,nan
4067,101.675,3.500255051e-01,2.794916964e-01,nan,nan,nan,nan
4068,101.7,3.500369652e-01,2.796227040e-01,nan,nan,nan,nan
4069,101.725,3.500244927e-01,2.794993817e-01,nan,nan,nan,nan
4070,101.75,3.500428166e-01,2.796169261e-01,nan,nan,nan,nan
4071,101.775,3.500216031e-01,2.794881263e-01,nan,nan,nan,nan
4072,101.8,3.500330668e-01,2.796196650e-01,nan,nan,nan,nan
4073,101.825,3.500211068e-01,2.794963464e-01,nan,nan,nan,nan
4074,101.85,3.500394344e-01,2.796127335e-01,nan,nan,nan,nan
4075,101.875,3.500171094e-01,2.794839373e-01,nan,nan,nan,nan
4076,101.9,3.500285767e-01,2.796159604e-01,nan,nan,nan,nan
4077,101.925,3.500170783e-01,2.794926454e-01,nan,nan,nan,nan
4078,101.95,3.500354096e-01,2.796079877e-01,nan,nan,nan,nan
4079,101.975,3.500120941e-01,2.794791949e-01,nan,nan,nan,nan
4080,102,3.500235648e-01,2.796116484e-01,nan,nan,nan,nan
4081,102.025,3.500124705e-01,2.794883370e-01,nan,nan,nan,nan
4082,102.05,3.500308053e-01,2.796027625e-01,nan,nan,nan,nan
4083,102.075,3.500066352e-01,2.794739731e-01,nan,nan,nan,nan
4084,102.1,3.500181092e-01,2.796067964e-01,nan,nan,nan,nan
4085,102.125,3.500073552e-01,2.794834884e-01,nan,nan,nan,nan
4086,102.15,3.500256934e-01,2.795971392e-01,nan,nan,nan,nan
4087,102.175,3.500008173e-01,2.794766972e-01,nan,nan,nan,nan
4088,102.2,3.500122944e-01,2.796014799e-01,nan,nan,nan,nan
4089,102.225,3.500018118e-01,2.794781753e-01,nan,nan,nan,nan
4090,102.25,3.500201533e-01,2.795912046e-01,nan,nan,nan,nan
4091,102.275,3.499947303e-01,2.794814338e-01,nan,nan,nan,nan
4092,102.3,3.500062102e-01,2.795957813e-01,nan,nan,nan,nan
4093,102.325,3.499992601e-01,2.794735401e-01,nan,nan,nan,nan
4094,102.35,3.500142708e-01,2.795850503e-01,nan,nan,nan,nan
4095,102.375,3.499936238e-01,2.794865890e-01,nan,nan,nan,nan
4096,102.4,3.499999503e-01,2.795897887e-01,nan,nan,nan,nan
4097,102.425,3.500046115e-01,2.794783645e-01,nan,nan,nan,nan
4098,102.45,3.500081366e-01,2.795787709e-01,nan,nan,nan,nan
4099,102.475,3.499986750e-01,2.794920823e-01,nan,nan,nan,nan
4100,102.5,3.499936110e-01,2.795835944e-01,nan,nan,nan,nan
4101,102.525,3.500102617e-01,2.794835939e-01,nan,nan,nan,nan
4102,102.55,3.500018451e-01,2.795724629e-01,nan,nan,nan,nan
4103,102.575,3.500040942e-01,2.794978281e-01,nan,nan,nan,nan
4104,102.6,3.499872894e-01,2.795772936e-01,nan,nan,nan,nan
4105,102.625,3.500161228e-01,2.794891467e-01,nan,nan,nan,nan
4106,102.65,3.499954930e-01,2.795662227e-01,nan,nan,nan,nan
4107,102.675,3.500097971e-01,2.795037372e-01,nan,nan,nan,nan
4108,102.7,3.499810822e-01,2.795709830e-01,nan,nan,nan,nan
4109,102.725,3.500221038e-01,2.794949366e-01,nan,nan,nan,nan
4110,102.75,3.499891776e-01,2.795601457e-01,nan,nan,nan,nan
4111,102.775,3.500156949e-01,2.795097181e-01,nan,nan,nan,nan
4112,102.8,3.499750840e-01,2.795647590e-01,nan,nan,nan,nan
4113,102.825,3.500281121e-01,2.795008737e-01,nan,nan,nan,nan
4114,102.85,3.499829952e-01,2.795603412e-01,nan,nan,nan,nan
4115,102.875,3.500216964e-01,2.795156783e-01,nan,nan,nan,nan
4116,102.9,3.499693862e-01,2.795696589e-01,nan,nan,nan,nan
4117,102.925,3.500340550e-01,2.795068661e-01,nan,nan,nan,nan
4118,102.95,3.499770403e-01,2.795663319e-01,nan,nan,nan,nan
4119,102.975,3.500277085e-01,2.795215257e-01,nan,nan,nan,nan
4120,103,3.499640753e-01,2.795755051e-01,nan,nan,nan,nan
4121,103.025,3.500398409e-01,2.795128212e-01,nan,nan,nan,nan
4122,103.05,3.499714032e-01,2.795722855e-01,nan,nan,nan,nan
4123,103.075,3.500336386e-01,2.795271704e-01,nan,nan,nan,nan
4124,103.1,3.499592315e-01,2.795811489e-01,nan,nan,nan,nan
4125,103.125,3.500453806e-01,2.795186471e-01,nan,nan,nan,nan
4126,103.15,3.499661695e-01,2.795781102e-01,nan,nan,nan,nan
4127,103.175,3.500393953e-01,2.795325257e-01,nan,nan,nan,nan
4128,103.2,3.499549278e-01,2.795865035e-01,nan,nan,nan,nan
4129,103.225,3.500505893e-01,2.795242543e-01,nan,nan,nan,nan
4130,103.25,3.499614182e-01,2.795837165e-01,nan,nan,nan,nan
4131,103.275,3.500448900e-01,2.795375095e-01,nan,nan,nan,nan
4132,103.3,3.499512289e-01,2.795914869e-01,nan,nan,nan,nan
4133,103.325,3.500553871e-01,2.795295566e-01,nan,nan,nan,nan
4134,103.35,3.499572208e-01,2.795890182e-01,nan,nan,nan,nan
4135,103.375,3.500500387e-01,2.795420455e-01,nan,nan,nan,nan
4136,103.4,3.499517652e-01,2.795960229e-01,nan,nan,nan,nan
4137,103.425,3.500597010e-01,2.795344729e-01,nan,nan,nan,nan
4138,103.45,3.499545616e-01,2.795939342e-01,nan,nan,nan,nan
4139,103.475,3.500547624e-01,2.795460648e-01,nan,nan,nan,nan
4140,103.5,3.499564888e-01,2.796000424e-01,nan,nan,nan,nan
4141,103.525,3.500634652e-01,2.795389281e-01,nan,nan,nan,nan
4142,103.55,3.499583262e-01,2.795983894e-01,nan,nan,nan,nan
4143,103.575,3.500589892e-01,2.795495063e-01,nan,nan,nan,nan
4144,103.6,3.499607158e-01,2.796034845e-01,nan,nan,nan,nan
4145,103.625,3.500666229e-01,2.795428544e-01,nan,nan,nan,nan
4146,103.65,3.499626907e-01,2.796023161e-01,nan,nan,nan,nan
4147,103.675,3.500626550e-01,2.795523182e-01,nan,nan,nan,nan
4148,103.7,3.499643820e-01,2.796062972e-01,nan,nan,nan,nan
4149,103.725,3.500691265e-01,2.795461924e-01,nan,nan,nan,nan
4150,103.75,3.499668282e-01,2.796056547e-01,nan,nan,nan,nan
4151,103.775,3.500657043e-01,2.795544583e-01,nan,nan,nan,nan
4152,103.8,3.499688460e-01,2.796084383e-01,nan,nan,nan,nan
4153,103.825,3.500709389e-01,2.795488917e-01,nan,nan,nan,nan
4154,103.85,3.499704480e-01,2.796083549e-01,nan,nan,nan,nan
4155,103.875,3.500680914e-01,2.795558950e-01,nan,nan,nan,nan
4156,103.9,3.499728914e-01,2.796098764e-01,nan,nan,nan,nan
4157,103.925,3.500720334e-01,2.795509121e-01,nan,nan,nan,nan
4158,103.95,3.499749327e-01,2.796103764e-01,nan,nan,nan,nan
4159,103.975,3.500697808e-01,2.795566076e-01,nan,nan,nan,nan
4160,104,3.499765182e-01,2.796105906e-01,nan,nan,nan,nan
4161,104.025,3.500723948e-01,2.795522238e-01,nan,nan,nan,nan
4162,104.05,3.499788834e-01,2.796116895e-01,nan,nan,nan,nan
4163,104.075,3.500707481e-01,2.795565866e-01,nan,nan,nan,nan
4164,104.1,3.499809179e-01,2.796122713e-01,nan,nan,nan,nan
4165,104.125,3.500720189e-01,2.795528080e-01,nan,nan,nan,nan
4166,104.15,3.499824499e-01,2.796123400e-01,nan,nan,nan,nan
4167,104.175,3.500709796e-01,2.795558340e-01,nan,nan,nan,nan
4168,104.2,3.499847714e-01,2.796134581e-01,nan,nan,nan,nan
4169,104.225,3.500709133e-01,2.795526573e-01,nan,nan,nan,nan
4170,104.25,3.499867617e-01,2.796141174e-01,nan,nan,nan,nan
4171,104.275,3.500704736e-01,2.795543628e-01,nan,nan,nan,nan
4172,104.3,3.499882021e-01,2.796142449e-01,nan,nan,nan,nan
4173,104.325,3.500695128e-01,2.795517756e-01,nan,nan,nan,nan
4174,104.35,3.499905155e-01,2.796151767e-01,nan,nan,nan,nan
4175,104.375,3.500692393e-01,2.795521974e-01,nan,nan,nan,nan
4176,104.4,3.499924233e-01,2.796158979e-01,nan,nan,nan,nan
4177,104.425,3.500688762e-01,2.795501780e-01,nan,nan,nan,nan
4178,104.45,3.499937384e-01,2.796160595e-01,nan,nan,nan,nan
4179,104.475,3.500679883e-01,2.795493727e-01,nan,nan,nan,nan
4180,104.5,3.499960749e-01,2.796168285e-01,nan,nan,nan,nan
4181,104.525,3.500675132e-01,2.795478907e-01,nan,nan,nan,nan
4182,104.55,3.499978662e-01,2.796175866e-01,nan,nan,nan,nan
4183,104.575,3.500672207e-01,2.795459468e-01,nan,nan,nan,nan
4184,104.6,3.499991020e-01,2.796177522e-01,nan,nan,nan,nan
4185,104.625,3.500663858e-01,2.795449506e-01,nan,nan,nan,nan
4186,104.65,3.500014131e-01,2.796183873e-01,nan,nan,nan,nan
4187,104.675,3.500657291e-01,2.795435382e-01,nan,nan,nan,nan
4188,104.7,3.500030635e-01,2.796191519e-01,nan,nan,nan,nan
4189,104.725,3.500654868e-01,2.795416651e-01,nan,nan,nan,nan
4190,104.75,3.500043259e-01,2.796192903e-01,nan,nan,nan,nan
4191,104.775,3.500646731e-01,2.795404836e-01,nan,nan,nan,nan
4192,104.8,3.500065034e-01,2.796198218e-01,nan,nan,nan,nan
4193,104.825,3.500638666e-01,2.795391358e-01,nan,nan,nan,nan
4194,104.85,3.500080017e-01,2.796205613e-01,nan,nan,nan,nan
4195,104.875,3.500636427e-01,2.795373172e-01,nan,nan,nan,nan
4196,104.9,3.500092996e-01,2.796206446e-01,nan,nan,nan,nan
4197,104.925,3.500628114e-01,2.795359675e-01,nan,nan,nan,nan
4198,104.95,3.500113321e-01,2.796210992e-01,nan,nan,nan,nan
4199,104.975,3.500618941e-01,2.795346677e-01,nan,nan,nan,nan
4200,105,3.500126822e-01,2.796217855e-01,nan,nan,nan,nan
4201,105.025,3.500616492e-01,2.795328780e-01,nan,nan,nan,nan
4202,105.05,3.500140096e-01,2.796217930e-01,nan,nan,nan,nan
4203,105.075,3.500607598e-01,2.795313869e-01,nan,nan,nan,nan
4204,105.1,3.500159006e-01,2.796221904e-01,nan,nan,nan,nan
4205,105.125,3.500597724e-01,2.795301091e-01,nan,nan,nan,nan
4206,105.15,3.500171211e-01,2.796228026e-01,nan,nan,nan,nan
4207,105.175,3.500594659e-01,2.795283165e-01,nan,nan,nan,nan
4208,105.2,3.500184575e-01,2.796227244e-01,nan,nan,nan,nan
4209,105.225,3.500584818e-01,2.795267168e-01,nan,nan,nan,nan
4210,105.25,3.500202253e-01,2.796230737e-01,nan,nan,nan,nan
4211,105.275,3.500574612e-01,2.795254290e-01,nan,nan,nan,nan
4212,105.3,3.500213471e-01,2.796236014e-01,nan,nan,nan,nan
4213,105.325,3.500570561e-01,2.795236003e-01,nan,nan,nan,nan
4214,105.35,3.500226595e-01,2.796234394e-01,nan,nan,nan,nan
4215,105.375,3.500559498e-01,2.795219263e-01,nan,nan,nan,nan
4216,105.4,3.500243348e-01,2.796237378e-01,nan,nan,nan,nan
4217,105.425,3.500549238e-01,2.795205951e-01,nan,nan,nan,nan
4218,105.45,3.500253972e-01,2.796241827e-01,nan,nan,nan,nan
4219,105.475,3.500543924e-01,2.795187001e-01,nan,nan,nan,nan
4220,105.5,3.500266443e-01,2.796239504e-01,nan,nan,nan,nan
4221,105.525,3.500531494e-01,2.795169833e-01,nan,nan,nan,nan
4222,105.55,3.500282661e-01,2.796241836e-01,nan,nan,nan,nan
4223,105.575,3.500521330e-01,2.795155781e-01,nan,nan,nan,nan
4224,105.6,3.500293113e-01,2.796245589e-01,nan,nan,nan,nan
4225,105.625,3.500514604e-01,2.795135936e-01,nan,nan,nan,nan
4226,105.65,3.500304490e-01,2.796242802e-01,nan,nan,nan,nan
4227,105.675,3.500500812e-01,2.795118585e-01,nan,nan,nan,nan
4228,105.7,3.500320592e-01,2.796244237e-01,nan,nan,nan,nan
4229,105.725,3.500490745e-01,2.795103560e-01,nan,nan,nan,nan
4230,105.75,3.500331266e-01,2.796247528e-01,nan,nan,nan,nan
4231,105.775,3.500482607e-01,2.795082691e-01,nan,nan,nan,nan
4232,105.8,3.500341136e-01,2.796244580e-01,nan,nan,nan,nan
4233,105.825,3.500467606e-01,2.795065299e-01,nan,nan,nan,nan
4234,105.85,3.500357513e-01,2.796244808e-01,nan,nan,nan,nan
4235,105.875,3.500457489e-01,2.795049168e-01,nan,nan,nan,nan
4236,105.9,3.500368723e-01,2.796247938e-01,nan,nan,nan,nan
4237,105.925,3.500448090e-01,2.795027266e-01,nan,nan,nan,nan
4238,105.95,3.500376753e-01,2.796245158e-01,nan,nan,nan,nan
4239,105.975,3.500432157e-01,2.795009858e-01,nan,nan,nan,nan
4240,106,3.500393717e-01,2.796243845e-01,nan,nan,nan,nan
4241,106.025,3.500421719e-01,2.794992609e-01,nan,nan,nan,nan
4242,106.05,3.500405652e-01,2.796247139e-01,nan,nan,nan,nan
4243,106.075,3.500411334e-01,2.794969781e-01,nan,nan,nan,nan
4244,106.1,3.500411636e-01,2.796244835e-01,nan,nan,nan,nan
4245,106.125,3.500394835e-01,2.794971034e-01,nan,nan,nan,nan
4246,106.15,3.500429372e-01,2.796241667e-01,nan,nan,nan,nan
4247,106.175,3.500383718e-01,2.794948994e-01,nan,nan,nan,nan
4248,106.2,3.500422222e-01,2.796245431e-01,nan,nan,nan,nan
4249,106.225,3.500372709e-01,2.794990994e-01,nan,nan,nan,nan
4250,106.25,3.500445954e-01,2.796243850e-01,nan,nan,nan,nan
4251,106.275,3.500356043e-01,2.794955690e-01,nan,nan,nan,nan
4252,106.3,3.500425329e-01,2.796238577e-01,nan,nan,nan,nan
4253,106.325,3.500343856e-01,2.795003718e-01,nan,nan,nan,nan
4254,106.35,3.500455159e-01,2.796243053e-01,nan,nan,nan,nan
4255,106.375,3.500332619e-01,2.794954917e-01,nan,nan,nan,nan
4256,106.4,3.500420927e-01,2.796242343e-01,nan,nan,nan,nan
4257,106.425,3.500316162e-01,2.795009026e-01,nan,nan,nan,nan
4258,106.45,3.500456862e-01,2.796234813e-01,nan,nan,nan,nan
4259,106.475,3.500302539e-01,2.794946703e-01,nan,nan,nan,nan
4260,106.5,3.500409099e-01,2.796240146e-01,nan,nan,nan,nan
4261,106.525,3.500291446e-01,2.795006854e-01,nan,nan,nan,nan
4262,106.55,3.500451056e-01,2.796219274e-01,nan,nan,nan,nan
4263,106.575,3.500275496e-01,2.794931191e-01,nan,nan,nan,nan
4264,106.6,3.500390045e-01,2.796230518e-01,nan,nan,nan,nan
4265,106.625,3.500260148e-01,2.794997252e-01,nan,nan,nan,nan
4266,106.65,3.500437846e-01,2.796196689e-01,nan,nan,nan,nan
4267,106.675,3.500249495e-01,2.794908635e-01,nan,nan,nan,nan
4268,106.7,3.500364073e-01,2.796213622e-01,nan,nan,nan,nan
4269,106.725,3.500234232e-01,2.794980384e-01,nan,nan,nan,nan
4270,106.75,3.500417452e-01,2.796167424e-01,nan,nan,nan,nan
4271,106.775,3.500216991e-01,2.794879398e-01,nan,nan,nan,nan
4272,106.8,3.500331598e-01,2.796189735e-01,nan,nan,nan,nan
4273,106.825,3.500206954e-01,2.794956526e-01,nan,nan,nan,nan
4274,106.85,3.500390204e-01,2.796131940e-01,nan,nan,nan,nan
4275,106.875,3.500178498e-01,2.794843944e-01,nan,nan,nan,nan
4276,106.9,3.500293134e-01,2.796159240e-01,nan,nan,nan,nan
4277,106.925,3.500173255e-01,2.794926060e-01,nan,nan,nan,nan
4278,106.95,3.500356534e-01,2.796090799e-01,nan,nan,nan,nan
4279,106.975,3.500134621e-01,2.794802831e-01,nan,nan,nan,nan
4280,107,3.500249285e-01,2.796122619e-01,nan,nan,nan,nan
4281,107.025,3.500133668e-01,2.794889468e-01,nan,nan,nan,nan
4282,107.05,3.500316976e-01,2.796044644e-01,nan,nan,nan,nan
4283,107.075,3.500086045e-01,2.794756703e-01,nan,nan,nan,nan
4284,107.1,3.500200737e-01,2.796080448e-01,nan,nan,nan,nan
4285,107.125,3.500088813e-01,2.794847327e-01,nan,nan,nan,nan
4286,107.15,3.500272150e-01,2.795994195e-01,nan,nan,nan,nan
4287,107.175,3.500033529e-01,2.794765509e-01,nan,nan,nan,nan
4288,107.2,3.500148247e-01,2.796033389e-01,nan,nan,nan,nan
4289,107.225,3.500039392e-01,2.794800295e-01,nan,nan,nan,nan
4290,107.25,3.500222756e-01,2.795940239e-01,nan,nan,nan,nan
4291,107.275,3.499977888e-01,2.794808291e-01,nan,nan,nan,nan
4292,107.3,3.500092630e-01,2.795982173e-01,nan,nan,nan,nan
4293,107.325,3.499986173e-01,2.794749106e-01,nan,nan,nan,nan
4294,107.35,3.500169564e-01,2.795883611e-01,nan,nan,nan,nan
4295,107.375,3.499931614e-01,2.794855391e-01,nan,nan,nan,nan
4296,107.4,3.500034748e-01,2.795927598e-01,nan,nan,nan,nan
4297,107.425,3.500033707e-01,2.794776411e-01,nan,nan,nan,nan
4298,107.45,3.500113399e-01,2.795825188e-01,nan,nan,nan,nan
4299,107.475,3.499977536e-01,2.794906071e-01,nan,nan,nan,nan
4300,107.5,3.499975496e-01,2.795870510e-01,nan,nan,nan,nan
4301,107.525,3.500086039e-01,2.794824235e-01,nan,nan,nan,nan
4302,107.55,3.500055131e-01,2.795765871e-01,nan,nan,nan,nan
4303,107.575,3.500027319e-01,2.794959538e-01,nan,nan,nan,nan
4304,107.6,3.499915788e-01,2.795811791e-01,nan,nan,nan,nan
4305,107.625,3.500140768e-01,2.794875510e-01,nan,nan,nan,nan
4306,107.65,3.499995661e-01,2.795706576e-01,nan,nan,nan,nan
4307,107.675,3.500080184e-01,2.795014959e-01,nan,nan,nan,nan
4308,107.7,3.499856544e-01,2.795752347e-01,nan,nan,nan,nan
4309,107.725,3.500197042e-01,2.794929435e-01,nan,nan,nan,nan
4310,107.75,3.499935904e-01,2.795648213e-01,nan,nan,nan,nan
4311,107.775,3.500135307e-01,2.795071470e-01,nan,nan,nan,nan
4312,107.8,3.499798672e-01,2.795693093e-01,nan,nan,nan,nan
4313,107.825,3.500253985e-01,2.794985171e-01,nan,nan,nan,nan
4314,107.85,3.499876780e-01,2.795591678e-01,nan,nan,nan,nan
4315,107.875,3.500191828e-01,2.795128193e-01,nan,nan,nan,nan
4316,107.9,3.499743060e-01,2.795668043e-01,nan,nan,nan,nan
4317,107.925,3.500310714e-01,2.795041849e-01,nan,nan,nan,nan
4318,107.95,3.499819196e-01,2.795636549e-01,nan,nan,nan,nan
4319,107.975,3.500248869e-01,2.795184250e-01,nan,nan,nan,nan
4320,108,3.499690558e-01,2.795724088e-01,nan,nan,nan,nan
4321,108.025,3.500366350e-01,2.795098590e-01,nan,nan,nan,nan
4322,108.05,3.499764035e-01,2.795693277e-01,nan,nan,nan,nan
4323,108.075,3.500305546e-01,2.795238772e-01,nan,nan,nan,nan
4324,108.1,3.499641968e-01,2.795778600e-01,nan,nan,nan,nan
4325,108.125,3.500420032e-01,2.795154516e-01,nan,nan,nan,nan
4326,108.15,3.499712138e-01,2.795749191e-01,nan,nan,nan,nan
4327,108.175,3.500360981e-01,2.795290917e-01,nan,nan,nan,nan
4328,108.2,3.499598027e-01,2.795830738e-01,nan,nan,nan,nan
4329,108.225,3.500470932e-01,2.795208759e-01,nan,nan,nan,nan
4330,108.25,3.499664297e-01,2.795803426e-01,nan,nan,nan,nan
4331,108.275,3.500414316e-01,2.795339882e-01,nan,nan,nan,nan
4332,108.3,3.499559402e-01,2.795879698e-01,nan,nan,nan,nan
4333,108.325,3.500518267e-01,2.795260485e-01,nan,nan,nan,nan
4334,108.35,3.499621239e-01,2.795855144e-01,nan,nan,nan,nan
4335,108.375,3.500464731e-01,2.795384913e-01,nan,nan,nan,nan
4336,108.4,3.499526675e-01,2.795924726e-01,nan,nan,nan,nan
4337,108.425,3.500561308e-01,2.795308895e-01,nan,nan,nan,nan
4338,108.45,3.499583615e-01,2.795903549e-01,nan,nan,nan,nan
4339,108.475,3.500511448e-01,2.795425320e-01,nan,nan,nan,nan
4340,108.5,3.499528753e-01,2.795965133e-01,nan,nan,nan,nan
4341,108.525,3.500599398e-01,2.795353245e-01,nan,nan,nan,nan
4342,108.55,3.499551991e-01,2.795947898e-01,nan,nan,nan,nan
4343,108.575,3.500553752e-01,2.795460485e-01,nan,nan,nan,nan
4344,108.6,3.499571056e-01,2.796000301e-01,nan,nan,nan,nan
4345,108.625,3.500631954e-01,2.795392857e-01,nan,nan,nan,nan
4346,108.65,3.499590227e-01,2.795987511e-01,nan,nan,nan,nan
4347,108.675,3.500590994e-01,2.795489873e-01,nan,nan,nan,nan
4348,108.7,3.499608300e-01,2.796029693e-01,nan,nan,nan,nan
4349,108.725,3.500658483e-01,2.795427125e-01,nan,nan,nan,nan
4350,108.75,3.499631769e-01,2.796021782e-01,nan,nan,nan,nan
4351,108.775,3.500622607e-01,2.795513039e-01,nan,nan,nan,nan
4352,108.8,3.499651260e-01,2.796052866e-01,nan,nan,nan,nan
4353,108.825,3.500678585e-01,2.795455529e-01,nan,nan,nan,nan
4354,108.85,3.499668144e-01,2.796050190e-01,nan,nan,nan,nan
4355,108.875,3.500648113e-01,2.795529635e-01,nan,nan,nan,nan
4356,108.9,3.499692017e-01,2.796069471e-01,nan,nan,nan,nan
4357,108.925,3.500691961e-01,2.795477638e-01,nan,nan,nan,nan
4358,108.95,3.499711635e-01,2.796072308e-01,nan,nan,nan,nan
4359,108.975,3.500667127e-01,2.795539417e-01,nan,nan,nan,nan
4360,109,3.499727503e-01,2.796079265e-01,nan,nan,nan,nan
4361,109.025,3.500698415e-01,2.795493123e-01,nan,nan,nan,nan
4362,109.05,3.499751585e-01,2.796087802e-01,nan,nan,nan,nan
4363,109.075,3.500679367e-01,2.795542246e-01,nan,nan,nan,nan
4364,109.1,3.499771022e-01,2.796091350e-01,nan,nan,nan,nan
4365,109.125,3.500697861e-01,2.795501757e-01,nan,nan,nan,nan
4366,109.15,3.499786160e-01,2.796096447e-01,nan,nan,nan,nan
4367,109.175,3.500684657e-01,2.795538092e-01,nan,nan,nan,nan
4368,109.2,3.499810142e-01,2.796105721e-01,nan,nan,nan,nan
4369,109.225,3.500690321e-01,2.795503417e-01,nan,nan,nan,nan
4370,109.25,3.499829026e-01,2.796109939e-01,nan,nan,nan,nan
4371,109.275,3.500682927e-01,2.795527031e-01,nan,nan,nan,nan
4372,109.3,3.499843785e-01,2.796113208e-01,nan,nan,nan,nan
4373,109.325,3.500675925e-01,2.795498092e-01,nan,nan,nan,nan
4374,109.35,3.499867292e-01,2.796123174e-01,nan,nan,nan,nan
4375,109.375,3.500674218e-01,2.795509249e-01,nan,nan,nan,nan
4376,109.4,3.499885237e-01,2.796127905e-01,nan,nan,nan,nan
4377,109.425,3.500667504e-01,2.795485877e-01,nan,nan,nan,nan
4378,109.45,3.499899983e-01,2.796129493e-01,nan,nan,nan,nan
4379,109.475,3.500658678e-01,2.795485034e-01,nan,nan,nan,nan
4380,109.5,3.499922628e-01,2.796139993e-01,nan,nan,nan,nan
4381,109.525,3.500657624e-01,2.795466975e-01,nan,nan,nan,nan
4382,109.55,3.499939293e-01,2.796144988e-01,nan,nan,nan,nan
4383,109.575,3.500651534e-01,2.795454773e-01,nan,nan,nan,nan
4384,109.6,3.499954345e-01,2.796145135e-01,nan,nan,nan,nan
4385,109.625,3.500640942e-01,2.795441693e-01,nan,nan,nan,nan
4386,109.65,3.499975785e-01,2.796155917e-01,nan,nan,nan,nan
4387,109.675,3.500640481e-01,2.795424272e-01,nan,nan,nan,nan
4388,109.7,3.499990926e-01,2.796160873e-01,nan,nan,nan,nan
4389,109.725,3.500634812e-01,2.795410433e-01,nan,nan,nan,nan
4390,109.75,3.500006509e-01,2.796159874e-01,nan,nan,nan,nan
4391,109.775,3.500623500e-01,2.795397927e-01,nan,nan,nan,nan
4392,109.8,3.500026497e-01,2.796170632e-01,nan,nan,nan,nan
4393,109.825,3.500622586e-01,2.795381096e-01,nan,nan,nan,nan
4394,109.85,3.500040000e-01,2.796175235e-01,nan,nan,nan,nan
4395,109.875,3.500617020e-01,2.795365677e-01,nan,nan,nan,nan
4396,109.9,3.500056207e-01,2.796173465e-01,nan,nan,nan,nan
4397,109.925,3.500605445e-01,2.795353697e-01,nan,nan,nan,nan
4398,109.95,3.500074628e-01,2.796183812e-01,nan,nan,nan,nan
4399,109.975,3.500603621e-01,2.795337292e-01,nan,nan,nan,nan
4400,110,3.500086532e-01,2.796187779e-01,nan,nan,nan,nan
