n,t,maxE_SF,maxH_SF,W_total,W_phys,divE_TF,divH_TF
1,0.025,0.000000000e+00,0.000000000e+00,nan,nan,nan,nan
2,0.05,0.000000000e+00,0.000000000e+00,nan,nan,nan,nan
3,0.075,0.000000000e+00,0.000000000e+00,nan,nan,nan,nan
4,0.1,0.000000000e+00,0.000000000e+00,nan,nan,nan,nan
5,0.125,0.000000000e+00,0.000000000e+00,nan,nan,nan,nan
6,0.15,0.000000000e+00,0.000000000e+00,nan,nan,nan,nan
7,0.175,0.000000000e+00,0.000000000e+00,nan,nan,nan,nan
8,0.2,0.000000000e+00,0.000000000e+00,nan,nan,nan,nan
9,0.225,0.000000000e+00,0.000000000e+00,nan,nan,nan,nan
10,0.25,0.000000000e+00,0.000000000e+00,nan,nan,nan,nan
11,0.275,0.000000000e+00,0.000000000e+00,nan,nan,nan,nan
12,0.3,0.000000000e+00,0.000000000e+00,nan,nan,nan,nan
13,0.325,0.000000000e+00,0.000000000e+00,nan,nan,nan,nan
14,0.35,0.000000000e+00,0.000000000e+00,nan,nan,nan,nan
15,0.375,0.000000000e+00,0.000000000e+00,nan,nan,nan,nan
16,0.4,0.000000000e+00,0.000000000e+00,nan,nan,nan,nan
17,0.425,0.000000000e+00,0.000000000e+00,nan,nan,nan,nan
18,0.45,0.000000000e+00,0.000000000e+00,nan,nan,nan,nan
19,0.475,0.000000000e+00,0.000000000e+00,nan,nan,nan,nan
20,0.5,0.000000000e+00,0.000000000e+00,nan,nan,0.000000e+00,0.000000e+00
21,0.525,0.000000000e+00,0.000000000e+00,nan,nan,nan,nan
22,0.55,0.000000000e+00,0.000000000e+00,nan,nan,nan,nan
23,0.575,0.000000000e+00,0.000000000e+00,nan,nan,nan,nan
24,0.6,0.000000000e+00,0.000000000e+00,nan,nan,nan,nan
25,0.625,0.000000000e+00,0.000000000e+00,nan,nan,nan,nan
26,0.65,0.000000000e+00,0.000000000e+00,nan,nan,nan,nan
27,0.675,0.000000000e+00,0.000000000e+00,nan,nan,nan,nan
28,0.7,0.000000000e+00,0.000000000e+00,nan,nan,nan,nan
29,0.725,0.000000000e+00,0.000000000e+00,nan,nan,nan,nan
30,0.75,0.000000000e+00,0.000000000e+00,nan,nan,nan,nan
31,0.775,0.000000000e+00,0.000000000e+00,nan,nan,nan,nan
32,0.8,0.000000000e+00,0.000000000e+00,nan,nan,nan,nan
33,0.825,0.000000000e+00,0.000000000e+00,nan,nan,nan,nan
34,0.85,0.000000000e+00,0.000000000e+00,nan,nan,nan,nan
35,0.875,0.000000000e+00,0.000000000e+00,nan,nan,nan,nan
36,0.9,0.000000000e+00,0.000000000e+00,nan,nan,nan,nan
37,0.925,0.000000000e+00,0.000000000e+00,nan,nan,nan,nan
38,0.95,0.000000000e+00,0.000000000e+00,nan,nan,nan,nan
39,0.975,0.000000000e+00,0.000000000e+00,nan,nan,nan,nan
40,1,0.000000000e+00,0.000000000e+00,nan,nan,0.000000e+00,0.000000e+00
41,1.025,0.000000000e+00,0.000000000e+00,nan,nan,nan,nan
42,1.05,0.000000000e+00,0.000000000e+00,nan,nan,nan,nan
43,1.075,2.672764710e-51,2.672764710e-51,nan,nan,nan,nan
44,1.1,8.552847072e-50,8.552847072e-50,nan,nan,nan,nan
45,1.125,1.689187297e-48,2.736911063e-48,nan,nan,nan,nan
46,1.15,3.282088245e-47,3.284293276e-47,nan,nan,nan,nan
47,1.175,3.058498113e-46,3.503246161e-46,nan,nan,nan,nan
48,1.2,4.291817993e-45,5.605193857e-45,nan,nan,nan,nan
49,1.225,3.573379574e-44,4.484155086e-44,nan,nan,nan,nan
50,1.25,3.197088768e-43,3.587324069e-43,nan,nan,nan,nan
51,1.275,1.546442331e-42,1.434929627e-42,nan,nan,nan,nan
52,1.3,1.139421404e-41,1.721915553e-41,nan,nan,nan,nan
53,1.325,7.754434866e-41,9.183549616e-41,nan,nan,nan,nan
54,1.35,3.483163747e-40,4.591774808e-40,nan,nan,nan,nan
55,1.375,1.756700248e-39,2.204051908e-39,nan,nan,nan,nan
56,1.4,7.737452166e-39,1.175494351e-38,nan,nan,nan,nan
57,1.425,4.054818948e-38,5.877471754e-38,nan,nan,nan,nan
58,1.45,1.289717699e-37,1.880790961e-37,nan,nan,nan,nan
59,1.475,4.687779111e-37,9.403954807e-37,nan,nan,nan,nan
60,1.5,1.722464049e-36,2.633107346e-36,nan,nan,3.761582e-36,6.612156e-37
61,1.525,5.687640670e-36,1.128474577e-35,nan,nan,nan,nan
62,1.55,1.846076007e-35,3.761581923e-35,nan,nan,nan,nan
63,1.575,4.920412722e-35,1.083335594e-34,nan,nan,nan,nan
64,1.6,1.503692723e-34,3.611118646e-34,nan,nan,nan,nan
65,1.625,4.694011157e-34,9.629649722e-34,nan,nan,nan,nan
66,1.65,1.393542124e-33,2.696301922e-33,nan,nan,nan,nan
67,1.675,3.364941903e-33,7.703719778e-33,nan,nan,nan,nan
68,1.7,8.211163113e-33,1.848892747e-32,nan,nan,nan,nan
69,1.725,1.938787535e-32,4.468157471e-32,nan,nan,nan,nan
70,1.75,4.093293047e-32,9.860761315e-32,nan,nan,nan,nan
71,1.775,9.089605422e-32,2.341930812e-31,nan,nan,nan,nan
72,1.8,2.091656909e-31,5.423418723e-31,nan,nan,nan,nan
73,1.825,3.684062184e-31,9.860761315e-31,nan,nan,nan,nan
74,1.85,6.776771060e-31,2.070759876e-30,nan,nan,nan,nan
75,1.875,1.334212733e-30,3.944304526e-30,nan,nan,nan,nan
76,1.9,2.376268288e-30,7.494178600e-30,nan,nan,nan,nan
77,1.925,4.367899997e-30,1.222734403e-29,nan,nan,nan,nan
78,1.95,7.621951231e-30,2.287696625e-29,nan,nan,nan,nan
79,1.975,1.334119279e-29,3.628760164e-29,nan,nan,nan,nan
80,2,2.221587798e-29,5.995342880e-29,nan,nan,1.301620e-28,8.283040e-29
81,2.025,3.513347530e-29,8.993014320e-29,nan,nan,nan,nan
82,2.05,5.544664361e-29,1.262177448e-28,nan,nan,nan,nan
83,2.075,8.256373723e-29,1.711828164e-28,nan,nan,nan,nan
84,2.1,1.153014648e-28,2.429691588e-28,nan,nan,nan,nan
85,2.125,1.594776755e-28,3.218552493e-28,nan,nan,nan,nan
86,2.15,2.083870516e-28,3.849641217e-28,nan,nan,nan,nan
87,2.175,2.494078187e-28,4.417621069e-28,nan,nan,nan,nan
88,2.2,2.809622549e-28,4.543838814e-28,nan,nan,nan,nan
89,2.225,3.440711273e-28,4.291403324e-28,nan,nan,nan,nan
90,2.25,3.377602401e-28,4.543838814e-28,nan,nan,nan,nan
91,2.275,3.814261634e-28,4.796274304e-28,nan,nan,nan,nan
92,2.3,4.192914868e-28,6.058451752e-28,nan,nan,nan,nan
93,2.325,3.440994038e-28,8.582806649e-28,nan,nan,nan,nan
94,2.35,4.198300507e-28,1.060229057e-27,nan,nan,nan,nan
95,2.375,4.327956631e-28,1.060229057e-27,nan,nan,nan,nan
96,2.4,4.616526306e-28,1.236933899e-27,nan,nan,nan,nan
97,2.425,5.889541083e-28,1.363151644e-27,nan,nan,nan,nan
98,2.45,7.404154021e-28,1.363151644e-27,nan,nan,nan,nan
99,2.475,7.909025001e-28,1.363151644e-27,nan,nan,nan,nan
100,2.5,8.666331470e-28,1.514612938e-27,nan,nan,7.446847e-27,6.563323e-27
101,2.525,9.928508918e-28,1.666074232e-27,nan,nan,nan,nan
102,2.55,1.018094441e-27,1.716561330e-27,nan,nan,nan,nan
103,2.575,1.119068637e-27,1.716561330e-27,nan,nan,nan,nan
104,2.6,1.119068637e-27,1.868022624e-27,nan,nan,nan,nan
105,2.625,1.197873369e-27,2.069971015e-27,nan,nan,nan,nan
106,2.65,1.399821761e-27,2.221432309e-27,nan,nan,nan,nan
107,2.675,1.425065310e-27,2.271919407e-27,nan,nan,nan,nan
108,2.7,1.349334663e-27,2.423380701e-27,nan,nan,nan,nan
109,2.725,1.510118154e-27,2.827277484e-27,nan,nan,nan,nan
110,2.75,1.762553644e-27,3.231174268e-27,nan,nan,nan,nan
111,2.775,1.838284290e-27,3.534096855e-27,nan,nan,nan,nan
112,2.8,1.787797193e-27,3.635071051e-27,nan,nan,nan,nan
113,2.825,1.661579448e-27,3.736045247e-27,nan,nan,nan,nan
114,2.85,1.510118154e-27,3.837019443e-27,nan,nan,nan,nan
115,2.875,1.721005766e-27,4.341890422e-27,nan,nan,nan,nan
116,2.9,1.973441255e-27,4.846761402e-27,nan,nan,nan,nan
117,2.925,2.211896536e-27,5.048709793e-27,nan,nan,nan,nan
118,2.95,2.767254613e-27,5.654554969e-27,nan,nan,nan,nan
119,2.975,3.272125592e-27,6.058451752e-27,nan,nan,nan,nan
120,3,3.474073984e-27,6.260400144e-27,nan,nan,2.524355e-26,2.221432e-26
121,3.025,3.827483670e-27,7.068193711e-27,nan,nan,nan,nan
122,3.05,3.877970767e-27,7.068193711e-27,nan,nan,nan,nan
123,3.075,3.887912887e-27,6.260400144e-27,nan,nan,nan,nan
124,3.1,4.190835475e-27,6.866245319e-27,nan,nan,nan,nan
125,3.125,4.897654846e-27,7.270142103e-27,nan,nan,nan,nan
126,3.15,4.695706454e-27,7.875987278e-27,nan,nan,nan,nan
127,3.175,4.824434915e-27,9.289626020e-27,nan,nan,nan,nan
128,3.2,5.402525825e-27,1.050131637e-26,nan,nan,nan,nan
129,3.225,5.733202678e-27,1.130910994e-26,nan,nan,nan,nan
130,3.25,6.137099461e-27,1.332859385e-26,nan,nan,nan,nan
131,3.275,6.137099461e-27,1.454028421e-26,nan,nan,nan,nan
132,3.3,6.137099461e-27,1.494418099e-26,nan,nan,nan,nan
133,3.325,5.868836161e-27,1.454028421e-26,nan,nan,nan,nan
134,3.35,6.089386328e-27,1.454028421e-26,nan,nan,nan,nan
135,3.375,5.685489545e-27,1.575197456e-26,nan,nan,nan,nan
136,3.4,6.938889965e-27,1.615587134e-26,nan,nan,nan,nan
137,3.425,8.352528707e-27,1.655976812e-26,nan,nan,nan,nan
138,3.45,9.564219057e-27,1.696366491e-26,nan,nan,nan,nan
139,3.475,9.968115841e-27,2.059873596e-26,nan,nan,nan,nan
140,3.5,1.138175458e-26,2.019483917e-26,nan,nan,8.986703e-26,8.885729e-26
141,3.525,1.400708368e-26,2.100263274e-26,nan,nan,nan,nan
142,3.55,1.380513528e-26,2.423380701e-26,nan,nan,nan,nan
143,3.575,1.318934799e-26,2.261821987e-26,nan,nan,nan,nan
144,3.6,1.480493512e-26,2.665718771e-26,nan,nan,nan,nan
145,3.625,1.561272869e-26,2.746498128e-26,nan,nan,nan,nan
146,3.65,1.728891398e-26,2.827277484e-26,nan,nan,nan,nan
147,3.675,1.728891398e-26,3.069615554e-26,nan,nan,nan,nan
148,3.7,1.809670755e-26,3.554291695e-26,nan,nan,nan,nan
149,3.725,2.052008825e-26,4.038967835e-26,nan,nan,nan,nan
150,3.75,2.173177860e-26,4.281305905e-26,nan,nan,nan,nan
151,3.775,2.011619146e-26,4.523643975e-26,nan,nan,nan,nan
152,3.8,2.253957217e-26,4.846761402e-26,nan,nan,nan,nan
153,3.825,2.213567538e-26,4.523643975e-26,nan,nan,nan,nan
154,3.85,1.943872820e-26,4.685202688e-26,nan,nan,nan,nan
155,3.875,2.166000150e-26,5.492996255e-26,nan,nan,nan,nan
156,3.9,2.489322528e-26,5.654554969e-26,nan,nan,nan,nan
157,3.925,2.691270920e-26,5.816113682e-26,nan,nan,nan,nan
158,3.95,3.256726417e-26,6.139231109e-26,nan,nan,nan,nan
159,3.975,3.902961270e-26,6.623907249e-26,nan,nan,nan,nan
160,4,4.226078697e-26,7.593259529e-26,nan,nan,3.392733e-25,2.908057e-25
161,4.025,4.226078697e-26,7.431700816e-26,nan,nan,nan,nan
162,4.05,4.226078697e-26,7.431700816e-26,nan,nan,nan,nan
163,4.075,4.387637411e-26,7.431700816e-26,nan,nan,nan,nan
164,4.1,4.736992598e-26,7.754818243e-26,nan,nan,nan,nan
165,4.125,5.140889382e-26,8.077935669e-26,nan,nan,nan,nan
166,4.15,5.464006809e-26,9.208846663e-26,nan,nan,nan,nan
167,4.175,4.898551312e-26,1.050131637e-25,nan,nan,nan,nan
168,4.2,5.566494253e-26,1.163222736e-25,nan,nan,nan,nan
169,4.225,5.889611680e-26,1.260157964e-25,nan,nan,nan,nan
170,4.25,6.374287820e-26,1.357093192e-25,nan,nan,nan,nan
171,4.275,6.697405247e-26,1.486340163e-25,nan,nan,nan,nan
172,4.3,6.051170394e-26,1.647898877e-25,nan,nan,nan,nan
173,4.325,6.174578708e-26,1.583275391e-25,nan,nan,nan,nan
174,4.35,5.851461281e-26,1.550963649e-25,nan,nan,nan,nan
175,4.375,6.498944906e-26,1.615587134e-25,nan,nan,nan,nan
176,4.4,7.582853510e-26,1.809457590e-25,nan,nan,nan,nan
177,4.425,9.359999357e-26,1.971016303e-25,nan,nan,nan,nan
178,4.45,1.016779292e-25,2.067951531e-25,nan,nan,nan,nan
179,4.475,1.113714520e-25,2.197198502e-25,nan,nan,nan,nan
180,4.5,1.259117362e-25,2.261821987e-25,nan,nan,1.098599e-24,1.033976e-24
181,4.525,1.356052591e-25,2.132575017e-25,nan,nan,nan,nan
182,4.55,1.323740848e-25,2.326445473e-25,nan,nan,nan,nan
183,4.575,1.383216202e-25,2.584939414e-25,nan,nan,nan,nan
184,4.6,1.447839688e-25,2.649562900e-25,nan,nan,nan,nan
185,4.625,1.641710144e-25,2.584939414e-25,nan,nan,nan,nan
186,4.65,1.680938755e-25,2.649562900e-25,nan,nan,nan,nan
187,4.675,1.842497468e-25,3.166550782e-25,nan,nan,nan,nan
188,4.7,1.842497468e-25,3.683538665e-25,nan,nan,nan,nan
189,4.725,1.971744439e-25,4.006656092e-25,nan,nan,nan,nan
190,4.75,2.100991410e-25,4.652890946e-25,nan,nan,nan,nan
191,4.775,2.359485351e-25,4.782137916e-25,nan,nan,nan,nan
192,4.8,2.165614895e-25,4.523643975e-25,nan,nan,nan,nan
193,4.825,1.939432697e-25,4.523643975e-25,nan,nan,nan,nan
194,4.85,1.947621579e-25,4.782137916e-25,nan,nan,nan,nan
195,4.875,1.951590726e-25,5.169878828e-25,nan,nan,nan,nan
196,4.9,2.116071352e-25,5.686866711e-25,nan,nan,nan,nan
197,4.925,2.245318323e-25,5.816113682e-25,nan,nan,nan,nan
198,4.95,3.085423633e-25,5.945360653e-25,nan,nan,nan,nan
199,4.975,3.667035001e-25,6.720842477e-25,nan,nan,nan,nan
200,5,3.731658486e-25,7.237830360e-25,nan,nan,3.877409e-24,2.972680e-24
201,5.025,3.860905457e-25,6.979336418e-25,nan,nan,nan,nan
202,5.05,4.442516825e-25,7.496324301e-25,nan,nan,nan,nan
203,5.075,4.505220248e-25,7.754818243e-25,nan,nan,nan,nan
204,5.1,4.505220248e-25,7.754818243e-25,nan,nan,nan,nan
205,5.125,4.699090704e-25,7.884065213e-25,nan,nan,nan,nan
206,5.15,5.086831616e-25,9.305781891e-25,nan,nan,nan,nan
207,5.175,5.345325557e-25,1.008126372e-24,nan,nan,nan,nan
208,5.2,5.216078587e-25,1.085674554e-24,nan,nan,nan,nan
209,5.225,5.682604479e-25,1.240770919e-24,nan,nan,nan,nan
210,5.25,6.328839332e-25,1.421716678e-24,nan,nan,nan,nan
211,5.275,6.458086303e-25,1.550963649e-24,nan,nan,nan,nan
212,5.3,5.553357508e-25,1.447566072e-24,nan,nan,nan,nan
213,5.325,5.155826030e-25,1.395867284e-24,nan,nan,nan,nan
214,5.35,5.567768743e-25,1.499264860e-24,nan,nan,nan,nan
215,5.375,5.557967534e-25,1.602662437e-24,nan,nan,nan,nan
216,5.4,6.850437241e-25,1.706060013e-24,nan,nan,nan,nan
217,5.425,8.659894831e-25,1.706060013e-24,nan,nan,nan,nan
218,5.45,9.952364538e-25,1.757758802e-24,nan,nan,nan,nan
219,5.475,1.098634030e-24,2.067951531e-24,nan,nan,nan,nan
220,5.5,1.202031607e-24,2.119650320e-24,nan,nan,1.176147e-23,8.788794e-24
221,5.525,1.227881001e-24,2.171349108e-24,nan,nan,nan,nan
222,5.55,1.202031607e-24,2.274746685e-24,nan,nan,nan,nan
223,5.575,1.187481381e-24,2.326445473e-24,nan,nan,nan,nan
224,5.6,1.265029563e-24,2.481541838e-24,nan,nan,nan,nan
225,5.625,1.368427140e-24,2.481541838e-24,nan,nan,nan,nan
226,5.65,1.502013490e-24,2.584939414e-24,nan,nan,nan,nan
227,5.675,1.657109855e-24,2.843433356e-24,nan,nan,nan,nan
228,5.7,1.424465308e-24,3.412120027e-24,nan,nan,nan,nan
229,5.725,1.605411067e-24,3.825710333e-24,nan,nan,nan,nan
230,5.75,1.993151979e-24,3.825710333e-24,nan,nan,nan,nan
231,5.775,1.967302585e-24,4.135903063e-24,nan,nan,nan,nan
232,5.8,1.682959249e-24,4.135903063e-24,nan,nan,nan,nan
233,5.825,1.659398509e-24,4.239300639e-24,nan,nan,nan,nan
234,5.85,1.701230575e-24,4.239300639e-24,nan,nan,nan,nan
235,5.875,1.682599221e-24,4.446095792e-24,nan,nan,nan,nan
236,5.9,1.968597367e-24,4.756288522e-24,nan,nan,nan,nan
237,5.925,2.509779833e-24,5.169878828e-24,nan,nan,nan,nan
238,5.95,2.871671351e-24,5.583469135e-24,nan,nan,nan,nan
239,5.975,3.181864081e-24,5.376673982e-24,nan,nan,nan,nan
240,6,3.440358022e-24,5.376673982e-24,nan,nan,2.895132e-23,2.895132e-23
241,6.025,3.543755599e-24,6.203854594e-24,nan,nan,nan,nan
242,6.05,3.336960446e-24,6.410649747e-24,nan,nan,nan,nan
243,6.075,3.647153175e-24,5.997059441e-24,nan,nan,nan,nan
244,6.1,3.973511719e-24,6.410649747e-24,nan,nan,nan,nan
245,6.125,4.180306872e-24,7.031035207e-24,nan,nan,nan,nan
246,6.15,4.180306872e-24,7.444625513e-24,nan,nan,nan,nan
247,6.175,4.180306872e-24,8.478601279e-24,nan,nan,nan,nan
248,6.2,4.737384021e-24,9.719372197e-24,nan,nan,nan,nan
249,6.225,4.737384021e-24,1.116693827e-23,nan,nan,nan,nan
250,6.25,5.564564634e-24,1.137373342e-23,nan,nan,nan,nan
251,6.275,5.461167057e-24,1.158052858e-23,nan,nan,nan,nan
252,6.3,4.575258855e-24,1.282129949e-23,nan,nan,nan,nan
253,6.325,4.228794879e-24,1.282129949e-23,nan,nan,nan,nan
254,6.35,4.934210214e-24,1.323488980e-23,nan,nan,nan,nan
255,6.375,4.876118613e-24,1.406207041e-23,nan,nan,nan,nan
256,6.4,5.518880429e-24,1.447566072e-23,nan,nan,nan,nan
257,6.425,6.759651348e-24,1.447566072e-23,nan,nan,nan,nan
258,6.45,8.207217419e-24,1.447566072e-23,nan,nan,nan,nan
259,6.475,8.620807726e-24,1.737079286e-23,nan,nan,nan,nan
260,6.5,8.620807726e-24,1.861156378e-23,nan,nan,8.323505e-23,6.824240e-23
261,6.525,9.241193185e-24,1.861156378e-23,nan,nan,nan,nan
262,6.55,9.861578645e-24,1.819797348e-23,nan,nan,nan,nan
263,6.575,9.659216414e-24,1.902515409e-23,nan,nan,nan,nan
264,6.6,1.152037279e-23,1.902515409e-23,nan,nan,nan,nan
265,6.625,1.214075825e-23,1.985233470e-23,nan,nan,nan,nan
266,6.65,1.246457999e-23,2.233387654e-23,nan,nan,nan,nan
267,6.675,1.308496545e-23,2.398823776e-23,nan,nan,nan,nan
268,6.7,1.391214606e-23,2.812414083e-23,nan,nan,nan,nan
269,6.725,1.411894121e-23,3.143286328e-23,nan,nan,nan,nan
270,6.75,1.453253152e-23,3.474158573e-23,nan,nan,nan,nan
271,6.775,1.453253152e-23,3.556876634e-23,nan,nan,nan,nan
272,6.8,1.473932667e-23,3.308722450e-23,nan,nan,nan,nan
273,6.825,1.308496545e-23,3.226004389e-23,nan,nan,nan,nan
274,6.85,1.248828144e-23,3.474158573e-23,nan,nan,nan,nan
275,6.875,1.423651904e-23,3.639594695e-23,nan,nan,nan,nan
276,6.9,1.899280757e-23,3.887748879e-23,nan,nan,nan,nan
277,6.925,2.064716879e-23,3.970466940e-23,nan,nan,nan,nan
278,6.95,2.271512032e-23,4.301339185e-23,nan,nan,nan,nan
279,6.975,2.602384277e-23,4.135903063e-23,nan,nan,nan,nan
280,7,2.685102339e-23,4.301339185e-23,nan,nan,2.316106e-22,2.150670e-22
281,7.025,2.685102339e-23,4.797647553e-23,nan,nan,nan,nan
282,7.05,2.726461369e-23,4.797647553e-23,nan,nan,nan,nan
283,7.075,2.933256522e-23,4.466775308e-23,nan,nan,nan,nan
284,7.1,3.031040928e-23,4.963083675e-23,nan,nan,nan,nan
285,7.125,3.279195112e-23,5.293955920e-23,nan,nan,nan,nan
286,7.15,3.155118020e-23,5.624828165e-23,nan,nan,nan,nan
287,7.175,3.043248959e-23,6.121136533e-23,nan,nan,nan,nan
288,7.2,3.704993449e-23,7.113753268e-23,nan,nan,nan,nan
289,7.225,4.118583756e-23,7.940933881e-23,nan,nan,nan,nan
290,7.25,3.787711511e-23,8.271806126e-23,nan,nan,nan,nan
291,7.275,3.539557327e-23,8.271806126e-23,nan,nan,nan,nan
292,7.3,3.622275388e-23,8.602678371e-23,nan,nan,nan,nan
293,7.325,3.374121204e-23,8.602678371e-23,nan,nan,nan,nan
294,7.35,3.499712514e-23,8.933550616e-23,nan,nan,nan,nan
295,7.375,3.665148636e-23,9.595295106e-23,nan,nan,nan,nan
296,7.4,4.278724443e-23,9.926167351e-23,nan,nan,nan,nan
297,7.425,5.188623117e-23,1.058791184e-22,nan,nan,nan,nan
298,7.45,5.105905056e-23,1.158052858e-22,nan,nan,nan,nan
299,7.475,6.015803730e-23,1.224227307e-22,nan,nan,nan,nan
300,7.5,7.504728832e-23,1.224227307e-22,nan,nan,6.110797e-22,5.293956e-22
301,7.525,7.008420465e-23,1.224227307e-22,nan,nan,nan,nan
302,7.55,6.941655332e-23,1.323488980e-22,nan,nan,nan,nan
303,7.575,7.437963700e-23,1.389663429e-22,nan,nan,nan,nan
304,7.6,7.768835945e-23,1.455837878e-22,nan,nan,nan,nan
305,7.625,7.768835945e-23,1.455837878e-22,nan,nan,nan,nan
306,7.65,8.099708190e-23,1.588186776e-22,nan,nan,nan,nan
307,7.675,9.323101198e-23,1.786710123e-22,nan,nan,nan,nan
308,7.7,1.064659018e-22,1.952146246e-22,nan,nan,nan,nan
309,7.725,9.984845689e-23,2.117582368e-22,nan,nan,nan,nan
310,7.75,9.819409566e-23,2.316105715e-22,nan,nan,nan,nan
311,7.775,9.984845689e-23,2.514629062e-22,nan,nan,nan,nan
312,7.8,1.048115406e-22,2.382280164e-22,nan,nan,nan,nan
313,7.825,9.819409566e-23,2.316105715e-22,nan,nan,nan,nan
314,7.85,8.284081110e-23,2.316105715e-22,nan,nan,nan,nan
315,7.875,1.043475070e-22,2.316105715e-22,nan,nan,nan,nan
316,7.9,1.142736744e-22,2.779326858e-22,nan,nan,nan,nan
317,7.925,1.275085642e-22,2.911675756e-22,nan,nan,nan,nan
318,7.95,1.639045111e-22,2.845501307e-22,nan,nan,nan,nan
319,7.975,1.837568458e-22,3.110199103e-22,nan,nan,nan,nan
320,8,1.738306785e-22,3.308722450e-22,nan,nan,1.505469e-21,1.720536e-21
321,8.025,1.936830132e-22,3.044024654e-22,nan,nan,nan,nan
322,8.05,1.837568458e-22,3.044024654e-22,nan,nan,nan,nan
323,8.075,1.863890511e-22,3.176373552e-22,nan,nan,nan,nan
324,8.1,2.128588307e-22,3.374896899e-22,nan,nan,nan,nan
325,8.125,2.095501083e-22,3.705769144e-22,nan,nan,nan,nan
326,8.15,2.128588307e-22,3.904292491e-22,nan,nan,nan,nan
327,8.175,2.327111654e-22,4.499862532e-22,nan,nan,nan,nan
328,8.2,2.194762756e-22,5.161607022e-22,nan,nan,nan,nan
329,8.225,2.297830172e-22,5.691002614e-22,nan,nan,nan,nan
330,8.25,2.562527968e-22,5.558653716e-22,nan,nan,nan,nan
331,8.275,2.496353519e-22,5.691002614e-22,nan,nan,nan,nan
332,8.3,2.330917397e-22,6.088049308e-22,nan,nan,nan,nan
333,8.325,2.132394050e-22,6.352747104e-22,nan,nan,nan,nan
334,8.35,2.260758466e-22,6.220398206e-22,nan,nan,nan,nan
335,8.375,2.827730197e-22,6.617444900e-22,nan,nan,nan,nan
336,8.4,3.290951340e-22,6.882142696e-22,nan,nan,nan,nan
337,8.425,3.489474687e-22,6.617444900e-22,nan,nan,nan,nan
338,8.45,3.687998034e-22,7.411538288e-22,nan,nan,nan,nan
339,8.475,4.349742524e-22,7.940933881e-22,nan,nan,nan,nan
340,8.5,4.614440320e-22,8.205631677e-22,nan,nan,3.978739e-21,4.235165e-21
341,8.525,4.812963667e-22,8.205631677e-22,nan,nan,nan,nan
342,8.55,4.945312565e-22,8.470329473e-22,nan,nan,nan,nan
343,8.575,5.077661463e-22,8.735027269e-22,nan,nan,nan,nan
344,8.6,5.646909451e-22,8.999725065e-22,nan,nan,nan,nan
345,8.625,5.514560553e-22,9.264422861e-22,nan,nan,nan,nan
346,8.65,5.208833887e-22,9.793818453e-22,nan,nan,nan,nan
347,8.675,5.870578377e-22,1.058791184e-21,nan,nan,nan,nan
348,8.7,6.532322867e-22,1.138200523e-21,nan,nan,nan,nan
349,8.725,6.929369561e-22,1.270549421e-21,nan,nan,nan,nan
350,8.75,6.267625071e-22,1.402898319e-21,nan,nan,nan,nan
351,8.775,5.738229479e-22,1.376428539e-21,nan,nan,nan,nan
352,8.8,5.738229479e-22,1.482307658e-21,nan,nan,nan,nan
353,8.825,5.738229479e-22,1.535247217e-21,nan,nan,nan,nan
354,8.85,5.526440814e-22,1.482307658e-21,nan,nan,nan,nan
355,8.875,5.874209848e-22,1.641126335e-21,nan,nan,nan,nan
356,8.9,6.313821179e-22,1.694065895e-21,nan,nan,nan,nan
357,8.925,6.933001032e-22,1.694065895e-21,nan,nan,nan,nan
358,8.95,8.785885604e-22,1.747005454e-21,nan,nan,nan,nan
359,8.975,8.918234502e-22,1.905824131e-21,nan,nan,nan,nan
360,9,9.614572851e-22,2.064642809e-21,nan,nan,8.867376e-21,8.999725e-21
361,9.025,1.001161954e-21,1.852884572e-21,nan,nan,nan,nan
362,9.05,1.107041073e-21,1.958763691e-21,nan,nan,nan,nan
363,9.075,1.318799310e-21,2.064642809e-21,nan,nan,nan,nan
364,9.1,1.371738869e-21,2.064642809e-21,nan,nan,nan,nan
365,9.125,1.292329530e-21,2.223461487e-21,nan,nan,nan,nan
366,9.15,1.345269089e-21,2.382280164e-21,nan,nan,nan,nan
367,9.175,1.371738869e-21,2.699917519e-21,nan,nan,nan,nan
368,9.2,1.355575831e-21,2.964615315e-21,nan,nan,nan,nan
369,9.225,1.408515390e-21,3.176373552e-21,nan,nan,nan,nan
370,9.25,1.408515390e-21,3.176373552e-21,nan,nan,nan,nan
371,9.275,1.461454949e-21,3.494010907e-21,nan,nan,nan,nan
372,9.3,1.355575831e-21,3.811648263e-21,nan,nan,nan,nan
373,9.325,1.196757153e-21,3.705769144e-21,nan,nan,nan,nan
374,9.35,1.345286516e-21,3.388131789e-21,nan,nan,nan,nan
375,9.375,1.557044753e-21,3.811648263e-21,nan,nan,nan,nan
376,9.4,1.689393651e-21,4.129285618e-21,nan,nan,nan,nan
377,9.425,1.980561227e-21,4.023406499e-21,nan,nan,nan,nan
378,9.45,2.351138141e-21,4.552802091e-21,nan,nan,nan,nan
379,9.475,2.404077701e-21,4.870439447e-21,nan,nan,nan,nan
380,9.5,2.457017260e-21,4.764560328e-21,nan,nan,2.329341e-20,2.117582e-20
381,9.525,2.668775497e-21,4.764560328e-21,nan,nan,nan,nan
382,9.55,2.880533733e-21,4.764560328e-21,nan,nan,nan,nan
383,9.575,3.092291970e-21,4.870439447e-21,nan,nan,nan,nan
384,9.6,2.721715056e-21,4.658681210e-21,nan,nan,nan,nan
385,9.625,2.674828688e-21,5.082197684e-21,nan,nan,nan,nan
386,9.65,3.081007385e-21,5.293955920e-21,nan,nan,nan,nan
387,9.675,3.345705181e-21,6.140988868e-21,nan,nan,nan,nan
388,9.7,3.345705181e-21,6.988021815e-21,nan,nan,nan,nan
389,9.725,3.504523858e-21,7.199780052e-21,nan,nan,nan,nan
390,9.75,3.504523858e-21,7.623296525e-21,nan,nan,nan,nan
391,9.775,3.398644740e-21,8.258571236e-21,nan,nan,nan,nan
392,9.8,3.116170397e-21,8.258571236e-21,nan,nan,nan,nan
393,9.825,3.050936326e-21,8.258571236e-21,nan,nan,nan,nan
394,9.85,3.050936326e-21,9.105604183e-21,nan,nan,nan,nan
395,9.875,3.463527975e-21,8.893845946e-21,nan,nan,nan,nan
396,9.9,3.834104889e-21,8.893845946e-21,nan,nan,nan,nan
397,9.925,3.939984007e-21,9.317362420e-21,nan,nan,nan,nan
398,9.95,4.998775192e-21,8.893845946e-21,nan,nan,nan,nan
399,9.975,5.316412547e-21,9.529120657e-21,nan,nan,nan,nan
400,10,5.634049902e-21,1.143494479e-20,nan,nan,6.140989e-20,5.505714e-20
401,10.025,6.375203731e-21,1.101142831e-20,nan,nan,nan,nan
402,10.05,6.163445494e-21,1.058791184e-20,nan,nan,nan,nan
403,10.075,6.226461884e-21,1.058791184e-20,nan,nan,nan,nan
404,10.1,6.861736594e-21,1.143494479e-20,nan,nan,nan,nan
405,10.125,7.285253068e-21,1.185846126e-20,nan,nan,nan,nan
406,10.15,6.861736594e-21,1.312901068e-20,nan,nan,nan,nan
407,10.175,7.169414766e-21,1.439956010e-20,nan,nan,nan,nan
408,10.2,7.804689477e-21,1.567010952e-20,nan,nan,nan,nan
409,10.225,7.487052121e-21,1.651714247e-20,nan,nan,nan,nan
410,10.25,7.698810358e-21,1.736417542e-20,nan,nan,nan,nan
411,10.275,8.334085069e-21,1.863472484e-20,nan,nan,nan,nan
412,10.3,7.487052121e-21,1.905824131e-20,nan,nan,nan,nan
413,10.325,6.483084579e-21,1.778769189e-20,nan,nan,nan,nan
414,10.35,6.866303515e-21,1.821120837e-20,nan,nan,nan,nan
415,10.375,7.925094699e-21,1.905824131e-20,nan,nan,nan,nan
416,10.4,9.195644120e-21,1.905824131e-20,nan,nan,nan,nan
417,10.425,1.131322649e-20,2.032879073e-20,nan,nan,nan,nan
418,10.45,1.110146825e-20,2.117582368e-20,nan,nan,nan,nan
419,10.475,1.279553415e-20,2.371692252e-20,nan,nan,nan,nan
420,10.5,1.512487475e-20,2.371692252e-20,nan,nan,1.334077e-19,1.185846e-19
421,10.525,1.470135828e-20,2.371692252e-20,nan,nan,nan,nan
422,10.55,1.427784180e-20,2.541098842e-20,nan,nan,nan,nan
423,10.575,1.343080886e-20,2.371692252e-20,nan,nan,nan,nan
424,10.6,1.416519458e-20,2.541098842e-20,nan,nan,nan,nan
425,10.625,1.501222752e-20,2.541098842e-20,nan,nan,nan,nan
426,10.65,1.395343634e-20,2.795208726e-20,nan,nan,nan,nan
427,10.675,1.569757968e-20,3.049318610e-20,nan,nan,nan,nan
428,10.7,1.654461262e-20,3.472835084e-20,nan,nan,nan,nan
429,10.725,1.612109615e-20,3.726944968e-20,nan,nan,nan,nan
430,10.75,1.696812910e-20,3.811648263e-20,nan,nan,nan,nan
431,10.775,1.696812910e-20,3.726944968e-20,nan,nan,nan,nan
432,10.8,1.485054673e-20,3.811648263e-20,nan,nan,nan,nan
433,10.825,1.479993147e-20,3.811648263e-20,nan,nan,nan,nan
434,10.85,1.515543274e-20,4.235164736e-20,nan,nan,nan,nan
435,10.875,1.641873647e-20,4.404571326e-20,nan,nan,nan,nan
436,10.9,1.904099327e-20,4.404571326e-20,nan,nan,nan,nan
437,10.925,2.242912506e-20,4.828087799e-20,nan,nan,nan,nan
438,10.95,2.327615801e-20,4.743384505e-20,nan,nan,nan,nan
439,10.975,2.497022390e-20,5.251604273e-20,nan,nan,nan,nan
440,11,2.920538864e-20,5.251604273e-20,nan,nan,3.091670e-19,2.371692e-19
441,11.025,2.835835569e-20,4.912791094e-20,nan,nan,nan,nan
442,11.05,2.831218424e-20,5.421010862e-20,nan,nan,nan,nan
443,11.075,2.793483922e-20,5.082197684e-20,nan,nan,nan,nan
444,11.1,2.915921719e-20,5.251604273e-20,nan,nan,nan,nan
445,11.125,3.170031603e-20,5.759824041e-20,nan,nan,nan,nan
446,11.15,3.381789840e-20,6.098637220e-20,nan,nan,nan,nan
447,11.175,3.326489514e-20,6.945670167e-20,nan,nan,nan,nan
448,11.2,3.326489514e-20,7.623296525e-20,nan,nan,nan,nan
449,11.225,3.580599398e-20,8.300922883e-20,nan,nan,nan,nan
450,11.25,3.919412577e-20,8.470329473e-20,nan,nan,nan,nan
451,11.275,3.326489514e-20,8.639736062e-20,nan,nan,nan,nan
452,11.3,3.062618115e-20,8.809142651e-20,nan,nan,nan,nan
453,11.325,3.111369785e-20,8.978549241e-20,nan,nan,nan,nan
454,11.35,3.354896172e-20,8.300922883e-20,nan,nan,nan,nan
455,11.375,3.956971621e-20,8.809142651e-20,nan,nan,nan,nan
456,11.4,4.380488095e-20,9.825582188e-20,nan,nan,nan,nan
457,11.425,4.465191390e-20,9.825582188e-20,nan,nan,nan,nan
458,11.45,5.312224337e-20,1.118083490e-19,nan,nan,nan,nan
459,11.475,5.989850695e-20,1.151964808e-19,nan,nan,nan,nan
460,11.5,5.735740811e-20,1.050320855e-19,nan,nan,6.035110e-19,5.759824e-19
461,11.525,5.227521042e-20,9.486769009e-20,nan,nan,nan,nan
462,11.55,5.722159982e-20,1.118083490e-19,nan,nan,nan,nan
463,11.575,6.315083045e-20,1.219727444e-19,nan,nan,nan,nan
464,11.6,6.230379750e-20,1.151964808e-19,nan,nan,nan,nan
465,11.625,6.230379750e-20,1.151964808e-19,nan,nan,nan,nan
466,11.65,6.146548297e-20,1.185846126e-19,nan,nan,nan,nan
467,11.675,6.993581244e-20,1.456896669e-19,nan,nan,nan,nan
468,11.7,7.671207602e-20,1.592421941e-19,nan,nan,nan,nan
469,11.725,7.840614192e-20,1.660184577e-19,nan,nan,nan,nan
470,11.75,8.010020781e-20,1.626303259e-19,nan,nan,nan,nan
471,11.775,7.501801013e-20,1.592421941e-19,nan,nan,nan,nan
472,11.8,6.231251592e-20,1.694065895e-19,nan,nan,nan,nan
473,11.825,6.084675971e-20,1.761828530e-19,nan,nan,nan,nan
474,11.85,6.634910686e-20,1.829591166e-19,nan,nan,nan,nan
475,11.875,7.143130455e-20,1.897353802e-19,nan,nan,nan,nan
476,11.9,8.498383170e-20,1.829591166e-19,nan,nan,nan,nan
477,11.925,9.853635886e-20,1.965116438e-19,nan,nan,nan,nan
478,11.95,1.036185565e-19,2.100641709e-19,nan,nan,nan,nan
479,11.975,1.070066883e-19,2.303929617e-19,nan,nan,nan,nan
480,12,1.171710837e-19,2.236166981e-19,nan,nan,1.185846e-18,1.118083e-18
481,12.025,1.307236109e-19,2.168404345e-19,nan,nan,nan,nan
482,12.05,1.197288768e-19,2.100641709e-19,nan,nan,nan,nan
483,12.075,1.281992063e-19,2.303929617e-19,nan,nan,nan,nan
484,12.1,1.281992063e-19,2.371692252e-19,nan,nan,nan,nan
485,12.125,1.298932722e-19,2.371692252e-19,nan,nan,nan,nan
486,12.15,1.269464082e-19,2.778268067e-19,nan,nan,nan,nan
487,12.175,1.404989354e-19,2.913793339e-19,nan,nan,nan,nan
488,12.2,1.472751990e-19,3.320369153e-19,nan,nan,nan,nan
489,12.225,1.438870672e-19,3.726944968e-19,nan,nan,nan,nan
490,12.25,1.371108036e-19,3.591419696e-19,nan,nan,nan,nan
491,12.275,1.404989354e-19,3.320369153e-19,nan,nan,nan,nan
492,12.3,1.320286059e-19,3.388131789e-19,nan,nan,nan,nan
493,12.325,1.393222010e-19,3.388131789e-19,nan,nan,nan,nan
494,12.35,1.359340692e-19,3.659182332e-19,nan,nan,nan,nan
495,12.375,1.723024260e-19,3.659182332e-19,nan,nan,nan,nan
496,12.4,1.926312168e-19,3.523657061e-19,nan,nan,nan,nan
497,12.425,2.027956121e-19,3.523657061e-19,nan,nan,nan,nan
498,12.45,2.197362711e-19,4.201283418e-19,nan,nan,nan,nan
499,12.475,2.434531936e-19,4.743384505e-19,nan,nan,nan,nan
500,12.5,2.603938525e-19,4.472333962e-19,nan,nan,2.625802e-18,2.846031e-18
501,12.525,2.536175890e-19,4.201283418e-19,nan,nan,nan,nan
502,12.55,2.502294572e-19,4.201283418e-19,nan,nan,nan,nan
503,12.575,2.354955654e-19,4.201283418e-19,nan,nan,nan,nan
504,12.6,2.659887515e-19,4.472333962e-19,nan,nan,nan,nan
505,12.625,2.490480926e-19,4.472333962e-19,nan,nan,nan,nan
506,12.65,2.262663308e-19,5.149960319e-19,nan,nan,nan,nan
507,12.675,2.737001758e-19,5.556536134e-19,nan,nan,nan,nan
508,12.7,3.008052301e-19,5.692061406e-19,nan,nan,nan,nan
509,12.725,2.872527030e-19,6.098637220e-19,nan,nan,nan,nan
510,12.75,2.601476487e-19,6.234162492e-19,nan,nan,nan,nan
511,12.775,2.770883076e-19,6.369687763e-19,nan,nan,nan,nan
512,12.8,2.838645712e-19,6.369687763e-19,nan,nan,nan,nan
513,12.825,2.452307570e-19,6.369687763e-19,nan,nan,nan,nan
514,12.85,2.520070206e-19,7.047314121e-19,nan,nan,nan,nan
515,12.875,2.609549265e-19,7.589415207e-19,nan,nan,nan,nan
516,12.9,2.948362444e-19,7.860465751e-19,nan,nan,nan,nan
517,12.925,3.490463530e-19,7.318364664e-19,nan,nan,nan,nan
518,12.95,4.371377795e-19,8.131516294e-19,nan,nan,nan,nan
519,12.975,4.574665703e-19,8.131516294e-19,nan,nan,nan,nan
520,13,3.769092554e-19,8.131516294e-19,nan,nan,4.641741e-18,4.878910e-18
521,13.025,4.514481548e-19,8.673617380e-19,nan,nan,nan,nan
522,13.05,4.913478881e-19,8.944667923e-19,nan,nan,nan,nan
523,13.075,4.913478881e-19,8.131516294e-19,nan,nan,nan,nan
524,13.1,5.327633177e-19,8.673617380e-19,nan,nan,nan,nan
525,13.125,5.124345270e-19,8.673617380e-19,nan,nan,nan,nan
526,13.15,4.921057363e-19,9.757819552e-19,nan,nan,nan,nan
527,13.175,5.297105747e-19,1.111307227e-18,nan,nan,nan,nan
528,13.2,4.755004660e-19,1.273937553e-18,nan,nan,nan,nan
529,13.225,4.755004660e-19,1.328147661e-18,nan,nan,nan,nan
530,13.25,5.500393654e-19,1.246832498e-18,nan,nan,nan,nan
531,13.275,5.161580475e-19,1.273937553e-18,nan,nan,nan,nan
532,13.3,5.008816681e-19,1.382357770e-18,nan,nan,nan,nan
533,13.325,4.873291410e-19,1.355252716e-18,nan,nan,nan,nan
534,13.35,4.861281330e-19,1.382357770e-18,nan,nan,nan,nan
535,13.375,5.267857145e-19,1.409462824e-18,nan,nan,nan,nan
536,13.4,6.216534045e-19,1.436567879e-18,nan,nan,nan,nan
537,13.425,7.436261489e-19,1.436567879e-18,nan,nan,nan,nan
538,13.45,8.113887847e-19,1.463672933e-18,nan,nan,nan,nan
539,13.475,8.520463662e-19,1.626303259e-18,nan,nan,nan,nan
540,13.5,8.791514205e-19,1.572093150e-18,nan,nan,9.859464e-18,8.673617e-18
541,13.525,8.791514205e-19,1.517883041e-18,nan,nan,nan,nan
542,13.55,8.927039477e-19,1.572093150e-18,nan,nan,nan,nan
543,13.575,8.724643418e-19,1.572093150e-18,nan,nan,nan,nan
544,13.6,8.724643418e-19,1.626303259e-18,nan,nan,nan,nan
545,13.625,9.402269776e-19,1.680513367e-18,nan,nan,nan,nan
546,13.65,9.305742264e-19,1.897353802e-18,nan,nan,nan,nan
547,13.675,9.576792807e-19,1.843143693e-18,nan,nan,nan,nan
548,13.7,9.034691721e-19,2.005774019e-18,nan,nan,nan,nan
549,13.725,9.847843350e-19,2.059984128e-18,nan,nan,nan,nan
550,13.75,9.847843350e-19,2.168404345e-18,nan,nan,nan,nan
551,13.775,9.034691721e-19,2.331034671e-18,nan,nan,nan,nan
552,13.8,8.492590635e-19,2.276824562e-18,nan,nan,nan,nan
553,13.825,8.584296713e-19,2.222614454e-18,nan,nan,nan,nan
554,13.85,8.430327178e-19,2.547875105e-18,nan,nan,nan,nan
555,13.875,9.436634820e-19,2.602085214e-18,nan,nan,nan,nan
556,13.9,1.079188754e-18,2.385244779e-18,nan,nan,nan,nan
557,13.925,1.106293808e-18,2.493664997e-18,nan,nan,nan,nan
558,13.95,1.296029188e-18,2.656295323e-18,nan,nan,nan,nan
559,13.975,1.675499948e-18,3.035766083e-18,nan,nan,nan,nan
560,14,1.594184785e-18,3.144186300e-18,nan,nan,1.761829e-17,1.626303e-17
561,14.025,1.467040659e-18,2.818925648e-18,nan,nan,nan,nan
562,14.05,1.385725496e-18,3.035766083e-18,nan,nan,nan,nan
563,14.075,1.575460876e-18,2.710505431e-18,nan,nan,nan,nan
564,14.1,1.873616473e-18,2.818925648e-18,nan,nan,nan,nan
565,14.125,1.738091202e-18,3.089976192e-18,nan,nan,nan,nan
566,14.15,1.759602414e-18,3.144186300e-18,nan,nan,nan,nan
567,14.175,1.949337794e-18,3.469446952e-18,nan,nan,nan,nan
568,14.2,2.084863066e-18,4.011548038e-18,nan,nan,nan,nan
569,14.225,2.084863066e-18,4.119968255e-18,nan,nan,nan,nan
570,14.25,1.732497360e-18,4.336808690e-18,nan,nan,nan,nan
571,14.275,1.705392305e-18,4.445228907e-18,nan,nan,nan,nan
572,14.3,1.786707468e-18,4.228388473e-18,nan,nan,nan,nan
573,14.325,1.488551871e-18,4.119968255e-18,nan,nan,nan,nan
574,14.35,1.507333093e-18,4.336808690e-18,nan,nan,nan,nan
575,14.375,2.010787438e-18,4.445228907e-18,nan,nan,nan,nan
576,14.4,2.254732927e-18,4.228388473e-18,nan,nan,nan,nan
577,14.425,2.146312710e-18,4.228388473e-18,nan,nan,nan,nan
578,14.45,2.525783470e-18,4.662069342e-18,nan,nan,nan,nan
579,14.475,2.742623904e-18,5.095750211e-18,nan,nan,nan,nan
580,14.5,2.688413796e-18,5.095750211e-18,nan,nan,3.089976e-17,3.469447e-17
581,14.525,2.688413796e-18,5.421010862e-18,nan,nan,nan,nan
582,14.55,2.688413796e-18,5.204170428e-18,nan,nan,nan,nan
583,14.575,2.678338585e-18,5.204170428e-18,nan,nan,nan,nan
584,14.6,2.949389128e-18,4.987329993e-18,nan,nan,nan,nan
585,14.625,2.878750005e-18,5.204170428e-18,nan,nan,nan,nan
586,14.65,2.824539896e-18,5.637851297e-18,nan,nan,nan,nan
587,14.675,2.624128477e-18,6.396792818e-18,nan,nan,nan,nan
588,14.7,2.932960114e-18,6.505213035e-18,nan,nan,nan,nan
589,14.725,3.366640983e-18,6.722053469e-18,nan,nan,nan,nan
590,14.75,3.204010657e-18,7.372574773e-18,nan,nan,nan,nan
591,14.775,2.553489353e-18,7.372574773e-18,nan,nan,nan,nan
592,14.8,2.556142957e-18,6.722053469e-18,nan,nan,nan,nan
593,14.825,2.619993504e-18,7.155734338e-18,nan,nan,nan,nan
594,14.85,2.642968644e-18,7.806255642e-18,nan,nan,nan,nan
595,14.875,3.174748265e-18,8.023096076e-18,nan,nan,nan,nan
596,14.9,3.662639243e-18,8.239936511e-18,nan,nan,nan,nan
597,14.925,4.204740329e-18,8.023096076e-18,nan,nan,nan,nan
598,14.95,4.855261632e-18,8.890457814e-18,nan,nan,nan,nan
599,14.975,4.746841415e-18,8.890457814e-18,nan,nan,nan,nan
600,15,4.855261632e-18,7.806255642e-18,nan,nan,5.854692e-17,5.204170e-17
601,15.025,5.288942501e-18,8.239936511e-18,nan,nan,nan,nan
602,15.05,4.692631307e-18,9.107298249e-18,nan,nan,nan,nan
603,15.075,4.258950438e-18,8.456776945e-18,nan,nan,nan,nan
604,15.1,4.443514435e-18,8.890457814e-18,nan,nan,nan,nan
605,15.125,4.877195304e-18,8.673617380e-18,nan,nan,nan,nan
606,15.15,5.030843656e-18,9.540979118e-18,nan,nan,nan,nan
607,15.175,5.464524525e-18,1.084202172e-17,nan,nan,nan,nan
608,15.2,5.572944743e-18,1.127570259e-17,nan,nan,nan,nan
609,15.225,4.922423439e-18,1.170938346e-17,nan,nan,nan,nan
610,15.25,4.301435784e-18,1.344410694e-17,nan,nan,nan,nan
611,15.275,4.488742570e-18,1.344410694e-17,nan,nan,nan,nan
612,15.3,5.030843656e-18,1.257674520e-17,nan,nan,nan,nan
613,15.325,4.787044664e-18,1.257674520e-17,nan,nan,nan,nan
614,15.35,5.003885099e-18,1.301042607e-17,nan,nan,nan,nan
615,15.375,4.678624447e-18,1.257674520e-17,nan,nan,nan,nan
616,15.4,5.402307359e-18,1.257674520e-17,nan,nan,nan,nan
617,15.425,6.486509531e-18,1.301042607e-17,nan,nan,nan,nan
618,15.45,6.811770183e-18,1.344410694e-17,nan,nan,nan,nan
619,15.475,6.486509531e-18,1.474514955e-17,nan,nan,nan,nan
620,15.5,7.353871269e-18,1.561251128e-17,nan,nan,9.568084e-17,8.673617e-17
621,15.525,7.137030835e-18,1.474514955e-17,nan,nan,nan,nan
622,15.55,7.345490125e-18,1.301042607e-17,nan,nan,nan,nan
623,15.575,8.212851863e-18,1.344410694e-17,nan,nan,nan,nan
624,15.6,8.104431645e-18,1.387778781e-17,nan,nan,nan,nan
625,15.625,8.689396023e-18,1.474514955e-17,nan,nan,nan,nan
626,15.65,8.906236458e-18,1.691355389e-17,nan,nan,nan,nan
627,15.675,8.906236458e-18,1.864827737e-17,nan,nan,nan,nan
628,15.7,9.123076892e-18,1.778091563e-17,nan,nan,nan,nan
629,15.725,8.472555589e-18,1.864827737e-17,nan,nan,nan,nan
630,15.75,8.255715154e-18,2.081668171e-17,nan,nan,nan,nan
631,15.775,9.014656675e-18,2.038300084e-17,nan,nan,nan,nan
632,15.8,7.930454503e-18,1.864827737e-17,nan,nan,nan,nan
633,15.825,7.043728537e-18,1.908195824e-17,nan,nan,nan,nan
634,15.85,7.464280180e-18,1.994931997e-17,nan,nan,nan,nan
635,15.875,7.982507274e-18,2.038300084e-17,nan,nan,nan,nan
636,15.9,9.717230750e-18,2.211772432e-17,nan,nan,nan,nan
637,15.925,1.166879466e-17,2.211772432e-17,nan,nan,nan,nan
638,15.95,1.145195423e-17,2.168404345e-17,nan,nan,nan,nan
639,15.975,1.210247553e-17,2.341876693e-17,nan,nan,nan,nan
640,16,1.362035857e-17,2.515349040e-17,nan,nan,1.723881e-16,1.604619e-16
641,16.025,1.470456074e-17,2.428612866e-17,nan,nan,nan,nan
642,16.05,1.296983727e-17,2.428612866e-17,nan,nan,nan,nan
643,16.075,1.217607821e-17,2.428612866e-17,nan,nan,nan,nan
644,16.1,1.174239734e-17,2.428612866e-17,nan,nan,nan,nan
645,16.125,1.130871647e-17,2.515349040e-17,nan,nan,nan,nan
646,16.15,1.260975908e-17,2.428612866e-17,nan,nan,nan,nan
647,16.175,1.208451052e-17,2.775557562e-17,nan,nan,nan,nan
648,16.2,1.165082966e-17,3.035766083e-17,nan,nan,nan,nan
649,16.225,1.208451052e-17,3.295974604e-17,nan,nan,nan,nan
650,16.25,1.186767009e-17,3.382710778e-17,nan,nan,nan,nan
651,16.275,1.143398922e-17,3.295974604e-17,nan,nan,nan,nan
652,16.3,1.132063330e-17,3.209238431e-17,nan,nan,nan,nan
653,16.325,1.262167591e-17,3.209238431e-17,nan,nan,nan,nan
654,16.35,1.153747374e-17,3.035766083e-17,nan,nan,nan,nan
655,16.375,1.077795014e-17,3.122502257e-17,nan,nan,nan,nan
656,16.4,1.514318625e-17,3.382710778e-17,nan,nan,nan,nan
657,16.425,1.601054799e-17,3.382710778e-17,nan,nan,nan,nan
658,16.45,1.601054799e-17,3.469446952e-17,nan,nan,nan,nan
659,16.475,1.817895234e-17,3.382710778e-17,nan,nan,nan,nan
660,16.5,1.947999494e-17,3.642919300e-17,nan,nan,2.558717e-16,2.428613e-16
661,16.525,1.861263320e-17,3.903127821e-17,nan,nan,nan,nan
662,16.55,1.984176720e-17,3.729655473e-17,nan,nan,nan,nan
663,16.575,2.287753328e-17,3.556183126e-17,nan,nan,nan,nan
664,16.6,2.287753328e-17,3.469446952e-17,nan,nan,nan,nan
665,16.625,2.070912893e-17,3.469446952e-17,nan,nan,nan,nan
666,16.65,2.187473440e-17,3.903127821e-17,nan,nan,nan,nan
667,16.675,2.317577700e-17,4.336808690e-17,nan,nan,nan,nan
668,16.7,2.360945787e-17,4.423544864e-17,nan,nan,nan,nan
669,16.725,2.360945787e-17,5.030698080e-17,nan,nan,nan,nan
670,16.75,2.100737266e-17,5.724587471e-17,nan,nan,nan,nan
671,16.775,2.144105353e-17,5.724587471e-17,nan,nan,nan,nan
672,16.8,2.144105353e-17,4.857225733e-17,nan,nan,nan,nan
673,16.825,1.927264918e-17,4.336808690e-17,nan,nan,nan,nan
674,16.85,1.808761033e-17,4.683753385e-17,nan,nan,nan,nan
675,16.875,2.112337642e-17,4.857225733e-17,nan,nan,nan,nan
676,16.9,2.589386598e-17,5.204170428e-17,nan,nan,nan,nan
677,16.925,2.589386598e-17,5.551115123e-17,nan,nan,nan,nan
678,16.95,2.676122771e-17,6.245004514e-17,nan,nan,nan,nan
679,16.975,3.109803640e-17,5.898059818e-17,nan,nan,nan,nan
680,17,3.109803640e-17,5.551115123e-17,nan,nan,4.033232e-16,3.989864e-16
681,17.025,2.961818066e-17,5.377642776e-17,nan,nan,nan,nan
682,17.05,2.979699380e-17,5.551115123e-17,nan,nan,nan,nan
683,17.075,3.005186153e-17,6.071532166e-17,nan,nan,nan,nan
684,17.1,3.135290414e-17,5.898059818e-17,nan,nan,nan,nan
685,17.125,3.135290414e-17,5.724587471e-17,nan,nan,nan,nan
686,17.15,2.875081892e-17,6.071532166e-17,nan,nan,nan,nan
687,17.175,3.399555880e-17,6.591949209e-17,nan,nan,nan,nan
688,17.2,3.226083533e-17,6.591949209e-17,nan,nan,nan,nan
689,17.225,2.978461975e-17,7.459310947e-17,nan,nan,nan,nan
690,17.25,3.226083533e-17,8.326672685e-17,nan,nan,nan,nan
691,17.275,3.356187794e-17,7.979727989e-17,nan,nan,nan,nan
692,17.3,2.696548246e-17,7.459310947e-17,nan,nan,nan,nan
693,17.325,2.609812072e-17,7.632783294e-17,nan,nan,nan,nan
694,17.35,2.468416537e-17,7.459310947e-17,nan,nan,nan,nan
695,17.375,3.118937841e-17,7.459310947e-17,nan,nan,nan,nan
696,17.4,3.552618709e-17,7.806255642e-17,nan,nan,nan,nan
697,17.425,3.899563405e-17,8.153200337e-17,nan,nan,nan,nan
698,17.45,4.419980447e-17,8.326672685e-17,nan,nan,nan,nan
699,17.475,4.419980447e-17,8.326672685e-17,nan,nan,nan,nan
700,17.5,4.246508100e-17,8.153200337e-17,nan,nan,6.288373e-16,5.898060e-16
701,17.525,4.333244274e-17,8.500145032e-17,nan,nan,nan,nan
702,17.55,4.784806456e-17,8.500145032e-17,nan,nan,nan,nan
703,17.575,4.698070283e-17,7.979727989e-17,nan,nan,nan,nan
704,17.6,4.958278804e-17,7.979727989e-17,nan,nan,nan,nan
705,17.625,5.391959673e-17,8.153200337e-17,nan,nan,nan,nan
706,17.65,4.784806456e-17,8.673617380e-17,nan,nan,nan,nan
707,17.675,4.540192154e-17,9.714451465e-17,nan,nan,nan,nan
708,17.7,5.320817718e-17,1.110223025e-16,nan,nan,nan,nan
709,17.725,5.234081544e-17,1.075528555e-16,nan,nan,nan,nan
710,17.75,4.800400675e-17,1.075528555e-16,nan,nan,nan,nan
711,17.775,4.626928328e-17,1.110223025e-16,nan,nan,nan,nan
712,17.8,4.540192154e-17,1.075528555e-16,nan,nan,nan,nan
713,17.825,3.933038937e-17,1.144917494e-16,nan,nan,nan,nan
714,17.85,3.902769262e-17,1.214306433e-16,nan,nan,nan,nan
715,17.875,4.221534384e-17,1.144917494e-16,nan,nan,nan,nan
716,17.9,4.395006731e-17,1.144917494e-16,nan,nan,nan,nan
717,17.925,5.522576991e-17,1.249000903e-16,nan,nan,nan,nan
718,17.95,6.216466381e-17,1.249000903e-16,nan,nan,nan,nan
719,17.975,5.522576991e-17,1.179611964e-16,nan,nan,nan,nan
720,18,5.262368469e-17,1.283695372e-16,nan,nan,9.627715e-16,9.020562e-16
721,18.025,6.086183795e-17,1.214306433e-16,nan,nan,nan,nan
722,18.05,7.300490228e-17,1.283695372e-16,nan,nan,nan,nan
723,18.075,6.433128490e-17,1.249000903e-16,nan,nan,nan,nan
724,18.1,5.825975274e-17,1.144917494e-16,nan,nan,nan,nan
725,18.125,6.635899365e-17,1.249000903e-16,nan,nan,nan,nan
726,18.15,6.953545533e-17,1.422473250e-16,nan,nan,nan,nan
727,18.175,6.115482322e-17,1.422473250e-16,nan,nan,nan,nan
728,18.2,6.462427018e-17,1.422473250e-16,nan,nan,nan,nan
729,18.225,6.462427018e-17,1.595945598e-16,nan,nan,nan,nan
730,18.25,6.982844060e-17,1.665334537e-16,nan,nan,nan,nan
731,18.275,6.549163191e-17,1.700029006e-16,nan,nan,nan,nan
732,18.3,6.176837219e-17,1.700029006e-16,nan,nan,nan,nan
733,18.325,5.258739095e-17,1.595945598e-16,nan,nan,nan,nan
734,18.35,6.114300452e-17,1.630640067e-16,nan,nan,nan,nan
735,18.375,6.981662190e-17,1.630640067e-16,nan,nan,nan,nan
736,18.4,8.022496275e-17,1.630640067e-16,nan,nan,nan,nan
737,18.425,8.369440971e-17,1.665334537e-16,nan,nan,nan,nan
738,18.45,8.716385666e-17,1.630640067e-16,nan,nan,nan,nan
739,18.475,9.930692099e-17,1.734723476e-16,nan,nan,nan,nan
740,18.5,9.930692099e-17,1.908195824e-16,nan,nan,1.483189e-15,1.595946e-15
741,18.525,8.542913318e-17,1.700029006e-16,nan,nan,nan,nan
742,18.55,8.656255245e-17,1.665334537e-16,nan,nan,nan,nan
743,18.575,9.150066535e-17,1.734723476e-16,nan,nan,nan,nan
744,18.6,9.523616983e-17,1.595945598e-16,nan,nan,nan,nan
745,18.625,9.176672288e-17,1.665334537e-16,nan,nan,nan,nan
746,18.65,8.482782897e-17,1.838806885e-16,nan,nan,nan,nan
747,18.675,9.967301654e-17,2.012279232e-16,nan,nan,nan,nan
748,18.7,1.066119104e-16,1.942890293e-16,nan,nan,nan,nan
749,18.725,9.099939916e-17,2.081668171e-16,nan,nan,nan,nan
750,18.75,9.027444269e-17,2.428612866e-16,nan,nan,nan,nan
751,18.775,8.752995220e-17,2.359223927e-16,nan,nan,nan,nan
752,18.8,8.319314351e-17,2.081668171e-16,nan,nan,nan,nan
753,18.825,7.993155791e-17,1.873501354e-16,nan,nan,nan,nan
754,18.85,7.095547742e-17,2.012279232e-16,nan,nan,nan,nan
755,18.875,9.237306048e-17,2.289834988e-16,nan,nan,nan,nan
756,18.9,9.560552457e-17,2.289834988e-16,nan,nan,nan,nan
757,18.925,9.734024804e-17,2.428612866e-16,nan,nan,nan,nan
758,18.95,1.042791419e-16,2.498001805e-16,nan,nan,nan,nan
759,18.975,1.042791419e-16,2.428612866e-16,nan,nan,nan,nan
760,19,1.158850982e-16,2.498001805e-16,nan,nan,1.977585e-15,2.220446e-15
761,19.025,1.332323330e-16,2.359223927e-16,nan,nan,nan,nan
762,19.05,1.332323330e-16,2.567390744e-16,nan,nan,nan,nan
763,19.075,1.262934391e-16,2.498001805e-16,nan,nan,nan,nan
764,19.1,1.210892686e-16,2.428612866e-16,nan,nan,nan,nan
765,19.125,1.297628860e-16,2.428612866e-16,nan,nan,nan,nan
766,19.15,1.410469708e-16,2.567390744e-16,nan,nan,nan,nan
767,19.175,1.445164178e-16,2.775557562e-16,nan,nan,nan,nan
768,19.2,1.358428004e-16,3.053113318e-16,nan,nan,nan,nan
769,19.225,1.341080769e-16,3.261280135e-16,nan,nan,nan,nan
770,19.25,1.289039065e-16,2.983724379e-16,nan,nan,nan,nan
771,19.275,1.150261187e-16,3.122502257e-16,nan,nan,nan,nan
772,19.3,1.037641151e-16,3.261280135e-16,nan,nan,nan,nan
773,19.325,1.176419029e-16,3.053113318e-16,nan,nan,nan,nan
774,19.35,1.141724560e-16,2.983724379e-16,nan,nan,nan,nan
775,19.375,1.306132587e-16,3.261280135e-16,nan,nan,nan,nan
776,19.4,1.410215996e-16,3.122502257e-16,nan,nan,nan,nan
777,19.425,1.514299404e-16,3.053113318e-16,nan,nan,nan,nan
778,19.45,1.687771752e-16,3.122502257e-16,nan,nan,nan,nan
779,19.475,1.653077282e-16,3.538835891e-16,nan,nan,nan,nan
780,19.5,1.653077282e-16,3.400058013e-16,nan,nan,3.035766e-15,3.469447e-15
781,19.525,1.757160691e-16,2.775557562e-16,nan,nan,nan,nan
782,19.55,1.618382813e-16,3.053113318e-16,nan,nan,nan,nan
783,19.575,1.565478027e-16,3.122502257e-16,nan,nan,nan,nan
784,19.6,1.600172496e-16,2.914335440e-16,nan,nan,nan,nan
785,19.625,1.464834453e-16,3.191891196e-16,nan,nan,nan,nan
786,19.65,1.846473618e-16,3.261280135e-16,nan,nan,nan,nan
787,19.675,1.742390209e-16,3.261280135e-16,nan,nan,nan,nan
788,19.7,1.673001270e-16,3.538835891e-16,nan,nan,nan,nan
789,19.725,1.742390209e-16,3.747002708e-16,nan,nan,nan,nan
790,19.75,1.673001270e-16,3.885780586e-16,nan,nan,nan,nan
791,19.775,1.646646965e-16,4.024558464e-16,nan,nan,nan,nan
792,19.8,1.438480148e-16,3.469446952e-16,nan,nan,nan,nan
793,19.825,1.439784629e-16,3.885780586e-16,nan,nan,nan,nan
794,19.85,1.641228009e-16,4.163336342e-16,nan,nan,nan,nan
795,19.875,1.423089608e-16,4.163336342e-16,nan,nan,nan,nan
796,19.9,1.661057708e-16,4.024558464e-16,nan,nan,nan,nan
797,19.925,1.730446647e-16,3.885780586e-16,nan,nan,nan,nan
798,19.95,1.973307934e-16,4.302114220e-16,nan,nan,nan,nan
799,19.975,1.869224525e-16,4.163336342e-16,nan,nan,nan,nan
800,20,2.003173424e-16,4.024558464e-16,nan,nan,4.059253e-15,4.718448e-15
801,20.025,1.968478954e-16,4.024558464e-16,nan,nan,nan,nan
802,20.05,2.146780282e-16,3.885780586e-16,nan,nan,nan,nan
803,20.075,2.523590467e-16,3.747002708e-16,nan,nan,nan,nan
804,20.1,2.488895997e-16,4.024558464e-16,nan,nan,nan,nan
805,20.125,2.176645771e-16,4.440892099e-16,nan,nan,nan,nan
806,20.15,2.349659840e-16,4.440892099e-16,nan,nan,nan,nan
807,20.175,2.210881962e-16,4.579669977e-16,nan,nan,nan,nan
808,20.2,2.245576431e-16,4.718447855e-16,nan,nan,nan,nan
809,20.225,2.280270901e-16,4.996003611e-16,nan,nan,nan,nan
810,20.25,2.131937454e-16,5.551115123e-16,nan,nan,nan,nan
811,20.275,2.072104084e-16,5.689893001e-16,nan,nan,nan,nan
812,20.3,1.933326206e-16,5.551115123e-16,nan,nan,nan,nan
813,20.325,1.767645524e-16,5.273559367e-16,nan,nan,nan,nan
814,20.35,2.145711645e-16,4.996003611e-16,nan,nan,nan,nan
815,20.375,2.423267401e-16,4.857225733e-16,nan,nan,nan,nan
816,20.4,2.666128687e-16,4.996003611e-16,nan,nan,nan,nan
817,20.425,2.770212096e-16,5.134781489e-16,nan,nan,nan,nan
818,20.45,3.013073383e-16,6.106226635e-16,nan,nan,nan,nan
819,20.475,3.221240200e-16,6.245004514e-16,nan,nan,nan,nan
820,20.5,2.874295504e-16,5.967448757e-16,nan,nan,5.848187e-15,5.551115e-15
821,20.525,2.908989974e-16,5.273559367e-16,nan,nan,nan,nan
822,20.55,2.908989974e-16,5.412337245e-16,nan,nan,nan,nan
823,20.575,2.879598823e-16,5.134781489e-16,nan,nan,nan,nan
824,20.6,2.602043066e-16,5.412337245e-16,nan,nan,nan,nan
825,20.625,2.461040778e-16,5.967448757e-16,nan,nan,nan,nan
826,20.65,2.924746560e-16,5.828670879e-16,nan,nan,nan,nan
827,20.675,2.577801865e-16,5.689893001e-16,nan,nan,nan,nan
828,20.7,2.461040778e-16,6.245004514e-16,nan,nan,nan,nan
829,20.725,2.599818656e-16,6.245004514e-16,nan,nan,nan,nan
830,20.75,2.475468704e-16,6.661338148e-16,nan,nan,nan,nan
831,20.775,2.683635521e-16,5.828670879e-16,nan,nan,nan,nan
832,20.8,2.406079765e-16,6.383782392e-16,nan,nan,nan,nan
833,20.825,2.126957847e-16,6.106226635e-16,nan,nan,nan,nan
834,20.85,2.196346786e-16,5.967448757e-16,nan,nan,nan,nan
835,20.875,2.683891686e-16,6.383782392e-16,nan,nan,nan,nan
836,20.9,2.614502747e-16,6.522560270e-16,nan,nan,nan,nan
837,20.925,2.627146681e-16,6.106226635e-16,nan,nan,nan,nan
838,20.95,3.218514129e-16,6.661338148e-16,nan,nan,nan,nan
839,20.975,3.773625641e-16,7.077671782e-16,nan,nan,nan,nan
840,21,3.206976649e-16,6.938893904e-16,nan,nan,7.355228e-15,7.494005e-15
841,21.025,3.415143466e-16,6.938893904e-16,nan,nan,nan,nan
842,21.05,3.553921344e-16,6.800116026e-16,nan,nan,nan,nan
843,21.075,3.565458824e-16,6.106226635e-16,nan,nan,nan,nan
844,21.1,3.206976649e-16,5.967448757e-16,nan,nan,nan,nan
845,21.125,3.478144895e-16,6.245004514e-16,nan,nan,nan,nan
846,21.15,3.547533834e-16,7.216449660e-16,nan,nan,nan,nan
847,21.175,3.547533834e-16,7.771561172e-16,nan,nan,nan,nan
848,21.2,4.172034285e-16,8.326672685e-16,nan,nan,nan,nan
849,21.225,3.963867468e-16,8.604228441e-16,nan,nan,nan,nan
850,21.25,3.339367017e-16,8.049116929e-16,nan,nan,nan,nan
851,21.275,3.374061486e-16,8.049116929e-16,nan,nan,nan,nan
852,21.3,3.443450425e-16,8.881784197e-16,nan,nan,nan,nan
853,21.325,3.360182731e-16,8.604228441e-16,nan,nan,nan,nan
854,21.35,2.920766396e-16,7.494005416e-16,nan,nan,nan,nan
855,21.375,3.665085464e-16,8.049116929e-16,nan,nan,nan,nan
856,21.4,3.942641220e-16,8.326672685e-16,nan,nan,nan,nan
857,21.425,3.595696525e-16,7.771561172e-16,nan,nan,nan,nan
858,21.45,4.289585915e-16,8.049116929e-16,nan,nan,nan,nan
859,21.475,4.775308489e-16,7.771561172e-16,nan,nan,nan,nan
860,21.5,4.358974854e-16,8.049116929e-16,nan,nan,9.089951e-15,1.026956e-14
861,21.525,4.150808037e-16,7.771561172e-16,nan,nan,nan,nan
862,21.55,4.762451420e-16,8.326672685e-16,nan,nan,nan,nan
863,21.575,4.484895664e-16,8.604228441e-16,nan,nan,nan,nan
864,21.6,3.860395213e-16,8.604228441e-16,nan,nan,nan,nan
865,21.625,3.860395213e-16,8.049116929e-16,nan,nan,nan,nan
866,21.65,4.433278358e-16,8.049116929e-16,nan,nan,nan,nan
867,21.675,3.878166845e-16,8.326672685e-16,nan,nan,nan,nan
868,21.7,3.512864641e-16,8.604228441e-16,nan,nan,nan,nan
869,21.725,3.808777906e-16,8.604228441e-16,nan,nan,nan,nan
870,21.75,4.225111541e-16,8.881784197e-16,nan,nan,nan,nan
871,21.775,3.850508109e-16,8.881784197e-16,nan,nan,nan,nan
872,21.8,3.537862723e-16,9.159339953e-16,nan,nan,nan,nan
873,21.825,3.330117345e-16,9.159339953e-16,nan,nan,nan,nan
874,21.85,3.732968060e-16,9.159339953e-16,nan,nan,nan,nan
875,21.875,4.288079572e-16,9.436895709e-16,nan,nan,nan,nan
876,21.9,4.102545999e-16,1.026956298e-15,nan,nan,nan,nan
877,21.925,4.288079572e-16,9.159339953e-16,nan,nan,nan,nan
878,21.95,5.328913658e-16,1.054711873e-15,nan,nan,nan,nan
879,21.975,5.467691536e-16,1.082467449e-15,nan,nan,nan,nan
880,22,4.916221373e-16,9.714451465e-16,nan,nan,1.115427e-14,1.165734e-14
881,22.025,4.635024267e-16,8.326672685e-16,nan,nan,nan,nan
882,22.05,4.777443495e-16,8.881784197e-16,nan,nan,nan,nan
883,22.075,5.401943947e-16,8.604228441e-16,nan,nan,nan,nan
884,22.1,4.985610312e-16,8.881784197e-16,nan,nan,nan,nan
885,22.125,4.877849900e-16,8.881784197e-16,nan,nan,nan,nan
886,22.15,4.916221373e-16,1.165734176e-15,nan,nan,nan,nan
887,22.175,5.124388191e-16,1.221245327e-15,nan,nan,nan,nan
888,22.2,5.502350351e-16,1.137978600e-15,nan,nan,nan,nan
889,22.225,5.224794595e-16,1.165734176e-15,nan,nan,nan,nan
890,22.25,4.531121077e-16,1.304512054e-15,nan,nan,nan,nan
891,22.275,4.253565321e-16,1.387778781e-15,nan,nan,nan,nan
892,22.3,3.975793692e-16,1.249000903e-15,nan,nan,nan,nan
893,22.325,4.114787443e-16,1.165734176e-15,nan,nan,nan,nan
894,22.35,4.808676833e-16,1.165734176e-15,nan,nan,nan,nan
895,22.375,4.531121077e-16,1.054711873e-15,nan,nan,nan,nan
896,22.4,4.175202586e-16,9.714451465e-16,nan,nan,nan,nan
897,22.425,5.007869855e-16,1.026956298e-15,nan,nan,nan,nan
898,22.45,5.840537123e-16,1.137978600e-15,nan,nan,nan,nan
899,22.475,5.701759245e-16,1.221245327e-15,nan,nan,nan,nan
900,22.5,5.178785055e-16,1.332267630e-15,nan,nan,1.458902e-14,1.332268e-14
901,22.525,5.456340811e-16,1.276756478e-15,nan,nan,nan,nan
902,22.55,6.187481818e-16,1.221245327e-15,nan,nan,nan,nan
903,22.575,5.872674445e-16,1.221245327e-15,nan,nan,nan,nan
904,22.6,6.011452323e-16,1.193489751e-15,nan,nan,nan,nan
905,22.625,5.317562933e-16,1.193489751e-15,nan,nan,nan,nan
906,22.65,5.109396116e-16,1.137978600e-15,nan,nan,nan,nan
907,22.675,5.529406754e-16,1.332267630e-15,nan,nan,nan,nan
908,22.7,6.223296144e-16,1.193489751e-15,nan,nan,nan,nan
909,22.725,5.945740388e-16,1.137978600e-15,nan,nan,nan,nan
910,22.75,5.460017815e-16,1.276756478e-15,nan,nan,nan,nan
911,22.775,5.321239937e-16,1.387778781e-15,nan,nan,nan,nan
912,22.8,4.766128425e-16,1.304512054e-15,nan,nan,nan,nan
913,22.825,4.526974241e-16,1.304512054e-15,nan,nan,nan,nan
914,22.85,4.380236757e-16,1.276756478e-15,nan,nan,nan,nan
915,22.875,5.009095382e-16,1.193489751e-15,nan,nan,nan,nan
916,22.9,5.559848721e-16,1.249000903e-15,nan,nan,nan,nan
917,22.925,6.670071745e-16,1.276756478e-15,nan,nan,nan,nan
918,22.95,5.748514175e-16,1.332267630e-15,nan,nan,nan,nan
919,22.975,6.253738111e-16,1.165734176e-15,nan,nan,nan,nan
920,23,7.502739014e-16,1.221245327e-15,nan,nan,1.901257e-14,1.831868e-14
921,23.025,6.392515989e-16,1.415534356e-15,nan,nan,nan,nan
922,23.05,5.654563053e-16,1.304512054e-15,nan,nan,nan,nan
923,23.075,6.903563956e-16,1.276756478e-15,nan,nan,nan,nan
924,23.1,5.932118809e-16,1.137978600e-15,nan,nan,nan,nan
925,23.125,5.679075305e-16,1.276756478e-15,nan,nan,nan,nan
926,23.15,6.347315501e-16,1.332267630e-15,nan,nan,nan,nan
927,23.175,5.956631061e-16,1.415534356e-15,nan,nan,nan,nan
928,23.2,6.650520452e-16,1.415534356e-15,nan,nan,nan,nan
929,23.225,6.234186817e-16,1.498801083e-15,nan,nan,nan,nan
930,23.25,6.372964696e-16,1.693090113e-15,nan,nan,nan,nan
931,23.275,5.956631061e-16,1.609823386e-15,nan,nan,nan,nan
932,23.3,5.008715510e-16,1.443289932e-15,nan,nan,nan,nan
933,23.325,5.398482815e-16,1.498801083e-15,nan,nan,nan,nan
934,23.35,5.537260693e-16,1.443289932e-15,nan,nan,nan,nan
935,23.375,5.560812963e-16,1.554312234e-15,nan,nan,nan,nan
936,23.4,5.258668955e-16,1.443289932e-15,nan,nan,nan,nan
937,23.425,6.393480231e-16,1.332267630e-15,nan,nan,nan,nan
938,23.45,7.364925378e-16,1.332267630e-15,nan,nan,nan,nan
939,23.475,7.503703256e-16,1.498801083e-15,nan,nan,nan,nan
940,23.5,6.948591743e-16,1.609823386e-15,nan,nan,2.151057e-14,2.053913e-14
941,23.525,7.120591145e-16,1.554312234e-15,nan,nan,nan,nan
942,23.55,8.508369926e-16,1.387778781e-15,nan,nan,nan,nan
943,23.575,8.092036292e-16,1.443289932e-15,nan,nan,nan,nan
944,23.6,6.287923877e-16,1.498801083e-15,nan,nan,nan,nan
945,23.625,6.645050790e-16,1.387778781e-15,nan,nan,nan,nan
946,23.65,7.814480536e-16,1.387778781e-15,nan,nan,nan,nan
947,23.675,8.022647353e-16,1.498801083e-15,nan,nan,nan,nan
948,23.7,7.061384424e-16,1.554312234e-15,nan,nan,nan,nan
949,23.725,7.477718058e-16,1.554312234e-15,nan,nan,nan,nan
950,23.75,7.616495936e-16,1.720845688e-15,nan,nan,nan,nan
951,23.775,7.755273814e-16,1.720845688e-15,nan,nan,nan,nan
952,23.8,6.089939277e-16,1.609823386e-15,nan,nan,nan,nan
953,23.825,5.648983588e-16,1.498801083e-15,nan,nan,nan,nan
954,23.85,7.334387498e-16,1.665334537e-15,nan,nan,nan,nan
955,23.875,6.918053864e-16,1.554312234e-15,nan,nan,nan,nan
956,23.9,8.306132824e-16,1.554312234e-15,nan,nan,nan,nan
957,23.925,8.722466458e-16,1.720845688e-15,nan,nan,nan,nan
958,23.95,7.473465555e-16,1.776356839e-15,nan,nan,nan,nan
959,23.975,8.722466458e-16,1.609823386e-15,nan,nan,nan,nan
960,24,1.011024524e-15,1.443289932e-15,nan,nan,2.498002e-14,2.664535e-14
961,24.025,7.889799189e-16,1.554312234e-15,nan,nan,nan,nan
962,24.05,7.557337866e-16,1.443289932e-15,nan,nan,nan,nan
963,24.075,8.112449378e-16,1.554312234e-15,nan,nan,nan,nan
964,24.1,7.473465555e-16,1.609823386e-15,nan,nan,nan,nan
965,24.125,7.431146016e-16,1.665334537e-15,nan,nan,nan,nan
966,24.15,8.541369040e-16,1.942890293e-15,nan,nan,nan,nan
967,24.175,7.476805206e-16,1.831867991e-15,nan,nan,nan,nan
968,24.2,6.415609422e-16,1.942890293e-15,nan,nan,nan,nan
969,24.225,7.153590260e-16,1.942890293e-15,nan,nan,nan,nan
970,24.25,7.986257528e-16,1.831867991e-15,nan,nan,nan,nan
971,24.275,6.707994747e-16,1.831867991e-15,nan,nan,nan,nan
972,24.3,6.679300842e-16,1.942890293e-15,nan,nan,nan,nan
973,24.325,6.261149978e-16,1.942890293e-15,nan,nan,nan,nan
974,24.35,6.864324152e-16,1.665334537e-15,nan,nan,nan,nan
975,24.375,7.147000741e-16,1.804112415e-15,nan,nan,nan,nan
976,24.4,6.730667107e-16,1.776356839e-15,nan,nan,nan,nan
977,24.425,8.062098285e-16,1.776356839e-15,nan,nan,nan,nan
978,24.45,9.367446790e-16,1.887379142e-15,nan,nan,nan,nan
979,24.475,1.061644769e-15,2.220446049e-15,nan,nan,nan,nan
980,24.5,9.367446790e-16,2.109423747e-15,nan,nan,2.498002e-14,3.219647e-14
981,24.525,8.798936108e-16,1.887379142e-15,nan,nan,nan,nan
982,24.55,9.770381255e-16,1.831867991e-15,nan,nan,nan,nan
983,24.575,9.215269743e-16,1.776356839e-15,nan,nan,nan,nan
984,24.6,8.382602474e-16,1.720845688e-15,nan,nan,nan,nan
985,24.625,9.308935527e-16,1.831867991e-15,nan,nan,nan,nan
986,24.65,9.447713405e-16,1.720845688e-15,nan,nan,nan,nan
987,24.675,9.308935527e-16,1.665334537e-15,nan,nan,nan,nan
988,24.7,8.476268259e-16,2.109423747e-15,nan,nan,nan,nan
989,24.725,9.308935527e-16,2.164934898e-15,nan,nan,nan,nan
990,24.75,1.028038067e-15,1.942890293e-15,nan,nan,nan,nan
991,24.775,9.308935527e-16,1.831867991e-15,nan,nan,nan,nan
992,24.8,7.681332194e-16,1.942890293e-15,nan,nan,nan,nan
993,24.825,7.898376971e-16,1.998401444e-15,nan,nan,nan,nan
994,24.85,8.592266361e-16,2.109423747e-15,nan,nan,nan,nan
995,24.875,7.958887950e-16,1.942890293e-15,nan,nan,nan,nan
996,24.9,9.655964528e-16,1.665334537e-15,nan,nan,nan,nan
997,24.925,1.007229816e-15,1.831867991e-15,nan,nan,nan,nan
998,24.95,8.684519382e-16,1.776356839e-15,nan,nan,nan,nan
999,24.975,9.378408772e-16,1.831867991e-15,nan,nan,nan,nan
1000,25,1.062740967e-15,1.998401444e-15,nan,nan,3.219647e-14,3.719247e-14
1001,25.025,9.239630894e-16,1.942890293e-15,nan,nan,nan,nan
1002,25.05,1.129783536e-15,1.720845688e-15,nan,nan,nan,nan
1003,25.075,1.004883446e-15,1.776356839e-15,nan,nan,nan,nan
1004,25.1,8.684519382e-16,1.887379142e-15,nan,nan,nan,nan
1005,25.125,8.105944165e-16,1.942890293e-15,nan,nan,nan,nan
1006,25.15,8.903492566e-16,2.053912596e-15,nan,nan,nan,nan
1007,25.175,9.181048322e-16,2.109423747e-15,nan,nan,nan,nan
1008,25.2,9.736159835e-16,1.887379142e-15,nan,nan,nan,nan
1009,25.225,8.764714688e-16,2.053912596e-15,nan,nan,nan,nan
1010,25.25,7.773030542e-16,2.275957200e-15,nan,nan,nan,nan
1011,25.275,8.050586298e-16,2.275957200e-15,nan,nan,nan,nan
1012,25.3,8.764714688e-16,1.998401444e-15,nan,nan,nan,nan
1013,25.325,7.952635817e-16,1.942890293e-15,nan,nan,nan,nan
1014,25.35,7.051725952e-16,2.053912596e-15,nan,nan,nan,nan
1015,25.375,7.203921355e-16,2.109423747e-15,nan,nan,nan,nan
1016,25.4,7.926465915e-16,2.220446049e-15,nan,nan,nan,nan
1017,25.425,8.620355306e-16,2.053912596e-15,nan,nan,nan,nan
1018,25.45,1.011825679e-15,1.998401444e-15,nan,nan,nan,nan
1019,25.475,9.285589526e-16,2.109423747e-15,nan,nan,nan,nan
1020,25.5,9.175466818e-16,2.275957200e-15,nan,nan,3.115563e-14,3.497203e-14
1021,25.525,9.840701038e-16,2.220446049e-15,nan,nan,nan,nan
1022,25.55,1.150603558e-15,1.942890293e-15,nan,nan,nan,nan
1023,25.575,9.554625023e-16,2.386979503e-15,nan,nan,nan,nan
1024,25.6,9.588117587e-16,2.053912596e-15,nan,nan,nan,nan
1025,25.625,9.554625023e-16,1.998401444e-15,nan,nan,nan,nan
1026,25.65,8.999513510e-16,2.109423747e-15,nan,nan,nan,nan
1027,25.675,9.865673343e-16,2.164934898e-15,nan,nan,nan,nan
1028,25.7,1.083711849e-15,2.275957200e-15,nan,nan,nan,nan
1029,25.725,9.865673343e-16,2.386979503e-15,nan,nan,nan,nan
1030,25.75,9.310561831e-16,2.386979503e-15,nan,nan,nan,nan
1031,25.775,8.755450318e-16,2.331468352e-15,nan,nan,nan,nan
1032,25.8,9.150591314e-16,2.386979503e-15,nan,nan,nan,nan
1033,25.825,9.919328659e-16,2.553512957e-15,nan,nan,nan,nan
1034,25.85,9.076635776e-16,2.164934898e-15,nan,nan,nan,nan
1035,25.875,9.968485804e-16,2.164934898e-15,nan,nan,nan,nan
1036,25.9,9.135818536e-16,2.109423747e-15,nan,nan,nan,nan
1037,25.925,8.580707024e-16,2.275957200e-15,nan,nan,nan,nan
1038,25.95,1.121748671e-15,2.220446049e-15,nan,nan,nan,nan
1039,25.975,1.191137610e-15,1.887379142e-15,nan,nan,nan,nan
1040,26,1.121748671e-15,2.053912596e-15,nan,nan,3.358425e-14,3.774758e-14
1041,26.025,1.177259822e-15,2.053912596e-15,nan,nan,nan,nan
1042,26.05,1.066237519e-15,1.998401444e-15,nan,nan,nan,nan
1043,26.075,1.108072388e-15,1.970645869e-15,nan,nan,nan,nan
1044,26.1,1.024805661e-15,2.053912596e-15,nan,nan,nan,nan
1045,26.125,1.040999148e-15,2.109423747e-15,nan,nan,nan,nan
1046,26.15,1.276921541e-15,2.109423747e-15,nan,nan,nan,nan
1047,26.175,1.165899239e-15,2.164934898e-15,nan,nan,nan,nan
1048,26.2,9.643290105e-16,2.275957200e-15,nan,nan,nan,nan
1049,26.225,8.769409476e-16,2.386979503e-15,nan,nan,nan,nan
1050,26.25,9.854879972e-16,2.275957200e-15,nan,nan,nan,nan
1051,26.275,1.054876936e-15,2.053912596e-15,nan,nan,nan,nan
1052,26.3,9.022212704e-16,1.998401444e-15,nan,nan,nan,nan
1053,26.325,8.371974031e-16,2.164934898e-15,nan,nan,nan,nan
1054,26.35,9.367721478e-16,1.942890293e-15,nan,nan,nan,nan
1055,26.375,9.116198107e-16,2.109423747e-15,nan,nan,nan,nan
1056,26.4,1.002548128e-15,2.275957200e-15,nan,nan,nan,nan
1057,26.425,8.602015390e-16,2.220446049e-15,nan,nan,nan,nan
1058,26.45,9.608735260e-16,2.386979503e-15,nan,nan,nan,nan
1059,26.475,1.141326006e-15,2.442490654e-15,nan,nan,nan,nan
1060,26.5,1.169081581e-15,2.498001805e-15,nan,nan,3.885781e-14,4.107825e-14
1061,26.525,9.851016293e-16,2.498001805e-15,nan,nan,nan,nan
1062,26.55,9.721863208e-16,2.331468352e-15,nan,nan,nan,nan
1063,26.575,1.333008804e-15,2.220446049e-15,nan,nan,nan,nan
1064,26.6,1.097086411e-15,2.275957200e-15,nan,nan,nan,nan
1065,26.625,1.076407037e-15,2.220446049e-15,nan,nan,nan,nan
1066,26.65,1.187429339e-15,2.220446049e-15,nan,nan,nan,nan
1067,26.675,9.999418964e-16,2.164934898e-15,nan,nan,nan,nan
1068,26.7,9.444307452e-16,2.220446049e-15,nan,nan,nan,nan
1069,26.725,1.090284825e-15,2.275957200e-15,nan,nan,nan,nan
1070,26.75,1.090284825e-15,2.331468352e-15,nan,nan,nan,nan
1071,26.775,9.178459609e-16,2.442490654e-15,nan,nan,nan,nan
1072,26.8,1.027816157e-15,2.498001805e-15,nan,nan,nan,nan
1073,26.825,1.001593653e-15,2.664535259e-15,nan,nan,nan,nan
1074,26.85,9.862927491e-16,2.331468352e-15,nan,nan,nan,nan
1075,26.875,1.031811188e-15,2.275957200e-15,nan,nan,nan,nan
1076,26.9,1.124960672e-15,2.053912596e-15,nan,nan,nan,nan
1077,26.925,1.218765283e-15,2.109423747e-15,nan,nan,nan,nan
1078,26.95,1.107742981e-15,2.442490654e-15,nan,nan,nan,nan
1079,26.975,1.246520859e-15,2.498001805e-15,nan,nan,nan,nan
1080,27,1.260398647e-15,2.275957200e-15,nan,nan,4.520689e-14,4.662937e-14
1081,27.025,1.186622835e-15,2.109423747e-15,nan,nan,nan,nan
1082,27.05,1.177131920e-15,2.109423747e-15,nan,nan,nan,nan
1083,27.075,1.099591553e-15,1.998401444e-15,nan,nan,nan,nan
1084,27.1,1.070560761e-15,1.915134717e-15,nan,nan,nan,nan
1085,27.125,1.089478320e-15,2.164934898e-15,nan,nan,nan,nan
1086,27.15,1.032277481e-15,2.275957200e-15,nan,nan,nan,nan
1087,27.175,1.069391693e-15,2.386979503e-15,nan,nan,nan,nan
1088,27.2,1.060821636e-15,2.331468352e-15,nan,nan,nan,nan
1089,27.225,1.189843062e-15,2.386979503e-15,nan,nan,nan,nan
1090,27.25,9.722471782e-16,2.553512957e-15,nan,nan,nan,nan
1091,27.275,9.277325498e-16,2.553512957e-15,nan,nan,nan,nan
1092,27.3,8.915559549e-16,2.331468352e-15,nan,nan,nan,nan
1093,27.325,8.847938785e-16,2.053912596e-15,nan,nan,nan,nan
1094,27.35,1.041291740e-15,2.220446049e-15,nan,nan,nan,nan
1095,27.375,8.665600395e-16,2.164934898e-15,nan,nan,nan,nan
1096,27.4,1.056546253e-15,2.442490654e-15,nan,nan,nan,nan
1097,27.425,1.129833463e-15,2.498001805e-15,nan,nan,nan,nan
1098,27.45,1.351878068e-15,2.386979503e-15,nan,nan,nan,nan
1099,27.475,1.129833463e-15,2.331468352e-15,nan,nan,nan,nan
1100,27.5,1.136516701e-15,2.498001805e-15,nan,nan,5.023759e-14,4.996004e-14
1101,27.525,1.062229311e-15,3.053113318e-15,nan,nan,nan,nan
1102,27.55,1.324122492e-15,2.942091015e-15,nan,nan,nan,nan
1103,27.575,1.312029492e-15,2.386979503e-15,nan,nan,nan,nan
1104,27.6,1.173251614e-15,2.331468352e-15,nan,nan,nan,nan
1105,27.625,1.138287199e-15,2.331468352e-15,nan,nan,nan,nan
1106,27.65,1.105626285e-15,2.331468352e-15,nan,nan,nan,nan
1107,27.675,1.117740462e-15,2.664535259e-15,nan,nan,nan,nan
1108,27.7,1.020595948e-15,2.609024108e-15,nan,nan,nan,nan
1109,27.725,1.163784753e-15,2.498001805e-15,nan,nan,nan,nan
1110,27.75,1.202770800e-15,2.331468352e-15,nan,nan,nan,nan
1111,27.775,1.161137437e-15,2.331468352e-15,nan,nan,nan,nan
1112,27.8,1.034332919e-15,2.720046410e-15,nan,nan,nan,nan
1113,27.825,1.099321040e-15,2.775557562e-15,nan,nan,nan,nan
1114,27.85,1.024346710e-15,2.775557562e-15,nan,nan,nan,nan
1115,27.875,1.011660164e-15,2.442490654e-15,nan,nan,nan,nan
1116,27.9,1.205079586e-15,2.331468352e-15,nan,nan,nan,nan
1117,27.925,1.321113968e-15,2.442490654e-15,nan,nan,nan,nan
1118,27.95,1.154580515e-15,2.664535259e-15,nan,nan,nan,nan
1119,27.975,1.161309183e-15,2.442490654e-15,nan,nan,nan,nan
1120,28,1.210091666e-15,2.664535259e-15,nan,nan,6.050715e-14,5.662137e-14
1121,28.025,1.196213878e-15,2.664535259e-15,nan,nan,nan,nan
1122,28.05,1.085191576e-15,2.442490654e-15,nan,nan,nan,nan
1123,28.075,1.122302090e-15,2.164934898e-15,nan,nan,nan,nan
1124,28.1,1.075764932e-15,2.109423747e-15,nan,nan,nan,nan
1125,28.125,1.242298386e-15,2.498001805e-15,nan,nan,nan,nan
1126,28.15,1.417962691e-15,2.331468352e-15,nan,nan,nan,nan
1127,28.175,1.237836283e-15,2.386979503e-15,nan,nan,nan,nan
1128,28.2,1.114095310e-15,2.664535259e-15,nan,nan,nan,nan
1129,28.225,1.104356398e-15,2.609024108e-15,nan,nan,nan,nan
1130,28.25,1.154284723e-15,2.331468352e-15,nan,nan,nan,nan
1131,28.275,1.071017996e-15,2.442490654e-15,nan,nan,nan,nan
1132,28.3,1.036369846e-15,2.553512957e-15,nan,nan,nan,nan
1133,28.325,1.092684468e-15,2.720046410e-15,nan,nan,nan,nan
1134,28.35,1.065121726e-15,2.442490654e-15,nan,nan,nan,nan
1135,28.375,1.308303946e-15,2.442490654e-15,nan,nan,nan,nan
1136,28.4,1.265112984e-15,2.442490654e-15,nan,nan,nan,nan
1137,28.425,1.331385360e-15,2.831068713e-15,nan,nan,nan,nan
1138,28.45,1.161843443e-15,2.942091015e-15,nan,nan,nan,nan
1139,28.475,1.442342022e-15,3.330669074e-15,nan,nan,nan,nan
1140,28.5,1.552269632e-15,2.997602166e-15,nan,nan,6.411538e-14,6.661338e-14
1141,28.525,1.728722278e-15,3.275157923e-15,nan,nan,nan,nan
1142,28.55,1.592200018e-15,3.219646771e-15,nan,nan,nan,nan
1143,28.575,1.519800000e-15,3.608224830e-15,nan,nan,nan,nan
1144,28.6,1.409764491e-15,3.108624469e-15,nan,nan,nan,nan
1145,28.625,1.629090484e-15,2.498001805e-15,nan,nan,nan,nan
1146,28.65,1.542085921e-15,2.664535259e-15,nan,nan,nan,nan
1147,28.675,1.402462668e-15,2.886579864e-15,nan,nan,nan,nan
1148,28.7,1.426368749e-15,2.997602166e-15,nan,nan,nan,nan
1149,28.725,1.334877310e-15,2.498001805e-15,nan,nan,nan,nan
1150,28.75,1.407621102e-15,2.775557562e-15,nan,nan,nan,nan
1151,28.775,1.628990849e-15,2.886579864e-15,nan,nan,nan,nan
1152,28.8,1.486444833e-15,2.720046410e-15,nan,nan,nan,nan
1153,28.825,1.556545185e-15,2.831068713e-15,nan,nan,nan,nan
1154,28.85,1.787293811e-15,2.581268532e-15,nan,nan,nan,nan
1155,28.875,1.487861309e-15,2.609024108e-15,nan,nan,nan,nan
1156,28.9,1.656050876e-15,2.997602166e-15,nan,nan,nan,nan
1157,28.925,2.035448765e-15,3.441691376e-15,nan,nan,nan,nan
1158,28.95,2.177218274e-15,3.441691376e-15,nan,nan,nan,nan
1159,28.975,2.035083500e-15,2.997602166e-15,nan,nan,nan,nan
1160,29,1.905659247e-15,2.942091015e-15,nan,nan,6.730727e-14,7.327472e-14
1161,29.025,1.800786968e-15,2.664535259e-15,nan,nan,nan,nan
1162,29.05,1.851795430e-15,2.553512957e-15,nan,nan,nan,nan
1163,29.075,1.963349544e-15,2.775557562e-15,nan,nan,nan,nan
1164,29.1,1.864503444e-15,2.831068713e-15,nan,nan,nan,nan
1165,29.125,2.029293447e-15,3.386180225e-15,nan,nan,nan,nan
1166,29.15,2.456754884e-15,3.441691376e-15,nan,nan,nan,nan
1167,29.175,2.548563127e-15,3.552713679e-15,nan,nan,nan,nan
1168,29.2,2.599004122e-15,4.329869796e-15,nan,nan,nan,nan
1169,29.225,2.523686387e-15,3.885780586e-15,nan,nan,nan,nan
1170,29.25,2.584825521e-15,3.386180225e-15,nan,nan,nan,nan
1171,29.275,2.514373555e-15,3.552713679e-15,nan,nan,nan,nan
1172,29.3,2.547373860e-15,3.774758284e-15,nan,nan,nan,nan
1173,29.325,2.593444393e-15,3.608224830e-15,nan,nan,nan,nan
1174,29.35,2.468658820e-15,3.552713679e-15,nan,nan,nan,nan
1175,29.375,2.974796465e-15,4.329869796e-15,nan,nan,nan,nan
1176,29.4,3.060824791e-15,4.329869796e-15,nan,nan,nan,nan
1177,29.425,3.295502258e-15,4.385380947e-15,nan,nan,nan,nan
1178,29.45,3.517682471e-15,4.607425552e-15,nan,nan,nan,nan
1179,29.475,3.504897993e-15,4.773959006e-15,nan,nan,nan,nan
1180,29.5,3.525571754e-15,4.940492460e-15,nan,nan,7.188694e-14,7.216450e-14
1181,29.525,3.644365344e-15,5.162537065e-15,nan,nan,nan,nan
1182,29.55,3.641028727e-15,4.996003611e-15,nan,nan,nan,nan
1183,29.575,3.824966759e-15,4.773959006e-15,nan,nan,nan,nan
1184,29.6,3.842068857e-15,4.940492460e-15,nan,nan,nan,nan
1185,29.625,3.775480831e-15,5.107025913e-15,nan,nan,nan,nan
1186,29.65,4.031314041e-15,5.107025913e-15,nan,nan,nan,nan
1187,29.675,3.971509218e-15,5.495603972e-15,nan,nan,nan,nan
1188,29.7,4.426356403e-15,5.828670879e-15,nan,nan,nan,nan
1189,29.725,4.976213441e-15,6.550315845e-15,nan,nan,nan,nan
1190,29.75,5.402803647e-15,6.605826997e-15,nan,nan,nan,nan
1191,29.775,5.688227181e-15,6.328271240e-15,nan,nan,nan,nan
1192,29.8,5.490379856e-15,6.383782392e-15,nan,nan,nan,nan
1193,29.825,5.530415744e-15,5.939693182e-15,nan,nan,nan,nan
1194,29.85,5.524153150e-15,6.272760089e-15,nan,nan,nan,nan
1195,29.875,6.018512536e-15,6.272760089e-15,nan,nan,nan,nan
1196,29.9,6.263562751e-15,7.216449660e-15,nan,nan,nan,nan
1197,29.925,6.809821374e-15,7.605027719e-15,nan,nan,nan,nan
1198,29.95,7.030934437e-15,8.382183836e-15,nan,nan,nan,nan
1199,29.975,7.316226953e-15,7.771561172e-15,nan,nan,nan,nan
1200,30,8.061673123e-15,8.770761895e-15,nan,nan,6.966649e-14,7.549517e-14
1201,30.025,8.222814912e-15,8.992806499e-15,nan,nan,nan,nan
1202,30.05,8.882601339e-15,9.270362256e-15,nan,nan,nan,nan
1203,30.075,9.497429018e-15,9.714451465e-15,nan,nan,nan,nan
1204,30.1,9.851910727e-15,9.936496070e-15,nan,nan,nan,nan
1205,30.125,1.010578136e-14,1.049160758e-14,nan,nan,nan,nan
1206,30.15,1.061721245e-14,1.082467449e-14,nan,nan,nan,nan
1207,30.175,1.081102922e-14,1.132427485e-14,nan,nan,nan,nan
1208,30.2,1.120058538e-14,1.115774140e-14,nan,nan,nan,nan
1209,30.225,1.130382831e-14,1.165734176e-14,nan,nan,nan,nan
1210,30.25,1.169916348e-14,1.199040867e-14,nan,nan,nan,nan
1211,30.275,1.228334948e-14,1.282307593e-14,nan,nan,nan,nan
1212,30.3,1.343239068e-14,1.426636587e-14,nan,nan,nan,nan
1213,30.325,1.457639241e-14,1.526556659e-14,nan,nan,nan,nan
1214,30.35,1.489098159e-14,1.471045508e-14,nan,nan,nan,nan
1215,30.375,1.511957022e-14,1.454392162e-14,nan,nan,nan,nan
1216,30.4,1.548584675e-14,1.570965580e-14,nan,nan,nan,nan
1217,30.425,1.662355327e-14,1.659783422e-14,nan,nan,nan,nan
1218,30.45,1.766707430e-14,1.765254609e-14,nan,nan,nan,nan
1219,30.475,1.876817160e-14,1.820765760e-14,nan,nan,nan,nan
1220,30.5,1.926811844e-14,1.904032487e-14,nan,nan,7.049916e-14,7.549517e-14
1221,30.525,1.962684934e-14,1.965094754e-14,nan,nan,nan,nan
1222,30.55,2.021306725e-14,2.009503675e-14,nan,nan,nan,nan
1223,30.575,2.168683332e-14,2.159383783e-14,nan,nan,nan,nan
1224,30.6,2.310785610e-14,2.314815006e-14,nan,nan,nan,nan
1225,30.625,2.440688775e-14,2.359223927e-14,nan,nan,nan,nan
1226,30.65,2.532746148e-14,2.398081733e-14,nan,nan,nan,nan
1227,30.675,2.621969243e-14,2.503552921e-14,nan,nan,nan,nan
1228,30.7,2.775405327e-14,2.703393065e-14,nan,nan,nan,nan
1229,30.725,2.886564714e-14,2.753353101e-14,nan,nan,nan,nan
1230,30.75,2.986853450e-14,2.786659792e-14,nan,nan,nan,nan
1231,30.775,3.125183890e-14,2.936539900e-14,nan,nan,nan,nan
1232,30.8,3.244524575e-14,3.108624469e-14,nan,nan,nan,nan
1233,30.825,3.435040719e-14,3.197442311e-14,nan,nan,nan,nan
1234,30.85,3.624595865e-14,3.380629110e-14,nan,nan,nan,nan
1235,30.875,3.843339504e-14,3.597122600e-14,nan,nan,nan,nan
1236,30.9,4.050899218e-14,3.774758284e-14,nan,nan,nan,nan
1237,30.925,4.204313250e-14,3.885780586e-14,nan,nan,nan,nan
1238,30.95,4.373783874e-14,4.046762925e-14,nan,nan,nan,nan
1239,30.975,4.605701005e-14,4.291011990e-14,nan,nan,nan,nan
1240,31,4.858458089e-14,4.529709940e-14,nan,nan,7.355228e-14,7.549517e-14
1241,31.025,5.082975865e-14,4.629630013e-14,nan,nan,nan,nan
1242,31.05,5.250473006e-14,4.768407891e-14,nan,nan,nan,nan
1243,31.075,5.429787225e-14,4.957145805e-14,nan,nan,nan,nan
1244,31.1,5.672625785e-14,5.201394870e-14,nan,nan,nan,nan
1245,31.125,5.921072149e-14,5.417888360e-14,nan,nan,nan,nan
1246,31.15,6.283568053e-14,5.778710843e-14,nan,nan,nan,nan
1247,31.175,6.633761115e-14,6.167288902e-14,nan,nan,nan,nan
1248,31.2,6.978970468e-14,6.378231276e-14,nan,nan,nan,nan
1249,31.225,7.274107100e-14,6.639133687e-14,nan,nan,nan,nan
1250,31.25,7.561259410e-14,6.883382753e-14,nan,nan,nan,nan
1251,31.275,7.894573394e-14,7.233103005e-14,nan,nan,nan,nan
1252,31.3,8.211244580e-14,7.466249841e-14,nan,nan,nan,nan
1253,31.325,8.564328329e-14,7.777112287e-14,nan,nan,nan,nan
1254,31.35,8.956679295e-14,8.132383655e-14,nan,nan,nan,nan
1255,31.375,9.373138550e-14,8.570921750e-14,nan,nan,nan,nan
1256,31.4,9.787106866e-14,8.981704269e-14,nan,nan,nan,nan
1257,31.425,1.029527337e-13,9.381384558e-14,nan,nan,nan,nan
1258,31.45,1.078844040e-13,9.875433804e-14,nan,nan,nan,nan
1259,31.475,1.135535711e-13,1.036948305e-13,nan,nan,nan,nan
1260,31.5,1.188838076e-13,1.079691891e-13,nan,nan,8.076873e-14,7.993606e-14
1261,31.525,1.242804246e-13,1.119104809e-13,nan,nan,nan,nan
1262,31.55,1.292187682e-13,1.168509733e-13,nan,nan,nan,nan
1263,31.575,1.344754391e-13,1.215139100e-13,nan,nan,nan,nan
1264,31.6,1.396785581e-13,1.261213356e-13,nan,nan,nan,nan
1265,31.625,1.459358750e-13,1.315059173e-13,nan,nan,nan,nan
1266,31.65,1.535826455e-13,1.395550342e-13,nan,nan,nan,nan
1267,31.675,1.610685064e-13,1.464939281e-13,nan,nan,nan,nan
1268,31.7,1.689721664e-13,1.516564652e-13,nan,nan,nan,nan
1269,31.725,1.767175309e-13,1.590394483e-13,nan,nan,nan,nan
1270,31.75,1.841429083e-13,1.660893645e-13,nan,nan,nan,nan
1271,31.775,1.922308775e-13,1.727507026e-13,nan,nan,nan,nan
1272,31.8,2.007576936e-13,1.796340854e-13,nan,nan,nan,nan
1273,31.825,2.095919233e-13,1.881828027e-13,nan,nan,nan,nan
1274,31.85,2.188459328e-13,1.973976538e-13,nan,nan,nan,nan
1275,31.875,2.291203766e-13,2.048916592e-13,nan,nan,nan,nan
1276,31.9,2.389938218e-13,2.138289545e-13,nan,nan,nan,nan
1277,31.925,2.492127369e-13,2.240430064e-13,nan,nan,nan,nan
1278,31.95,2.600853147e-13,2.341460359e-13,nan,nan,nan,nan
1279,31.975,2.722176928e-13,2.439715097e-13,nan,nan,nan,nan
1280,32,2.847627773e-13,2.554623180e-13,nan,nan,9.020562e-14,8.548717e-14
1281,32.025,2.984888887e-13,2.679523270e-13,nan,nan,nan,nan
1282,32.05,3.123227050e-13,2.793876241e-13,nan,nan,nan,nan
1283,32.075,3.259031907e-13,2.902678098e-13,nan,nan,nan,nan
1284,32.1,3.389899647e-13,3.022027073e-13,nan,nan,nan,nan
1285,32.125,3.530574006e-13,3.153588501e-13,nan,nan,nan,nan
1286,32.15,3.682108887e-13,3.295141937e-13,nan,nan,nan,nan
1287,32.175,3.849015185e-13,3.445022045e-13,nan,nan,nan,nan
1288,32.2,4.033175629e-13,3.606559495e-13,nan,nan,nan,nan
1289,32.225,4.218652551e-13,3.780309399e-13,nan,nan,nan,nan
1290,32.25,4.400366061e-13,3.940736626e-13,nan,nan,nan,nan
1291,32.275,4.590859230e-13,4.093947403e-13,nan,nan,nan,nan
1292,32.3,4.787808607e-13,4.274358645e-13,nan,nan,nan,nan
1293,32.325,4.998256058e-13,4.467537451e-13,nan,nan,nan,nan
1294,32.35,5.218452157e-13,4.658495811e-13,nan,nan,nan,nan
1295,32.375,5.448259416e-13,4.857780844e-13,nan,nan,nan,nan
1296,32.4,5.679738613e-13,5.064837438e-13,nan,nan,nan,nan
1297,32.425,5.920021414e-13,5.279110482e-13,nan,nan,nan,nan
1298,32.45,6.170283271e-13,5.497269306e-13,nan,nan,nan,nan
1299,32.475,6.439852560e-13,5.736522368e-13,nan,nan,nan,nan
1300,32.5,6.727084716e-13,6.004086117e-13,nan,nan,9.686696e-14,8.992806e-14
1301,32.525,7.028254245e-13,6.266653862e-13,nan,nan,nan,nan
1302,32.55,7.338736321e-13,6.535327834e-13,nan,nan,nan,nan
1303,32.575,7.653732881e-13,6.806777364e-13,nan,nan,nan,nan
1304,32.6,7.976811452e-13,7.089329124e-13,nan,nan,nan,nan
1305,32.625,8.308745706e-13,7.387979117e-13,nan,nan,nan,nan
1306,32.65,8.652514972e-13,7.682188219e-13,nan,nan,nan,nan
1307,32.675,9.026204773e-13,8.019140907e-13,nan,nan,nan,nan
1308,32.7,9.418195317e-13,8.379408278e-13,nan,nan,nan,nan
1309,32.725,9.831693736e-13,8.744116542e-13,nan,nan,nan,nan
1310,32.75,1.025620050e-12,9.109379917e-13,nan,nan,nan,nan
1311,32.775,1.069360120e-12,9.497402864e-13,nan,nan,nan,nan
1312,32.8,1.114801170e-12,9.895417818e-13,nan,nan,nan,nan
1313,32.825,1.161919427e-12,1.030786567e-12,nan,nan,nan,nan
1314,32.85,1.210953163e-12,1.073641176e-12,nan,nan,nan,nan
1315,32.875,1.262123733e-12,1.120270543e-12,nan,nan,nan,nan
1316,32.9,1.315144718e-12,1.166566843e-12,nan,nan,nan,nan
1317,32.925,1.370153385e-12,1.214639500e-12,nan,nan,nan,nan
1318,32.95,1.426960967e-12,1.264710559e-12,nan,nan,nan,nan
1319,32.975,1.486816120e-12,1.318500864e-12,nan,nan,nan,nan
1320,33,1.549760727e-12,1.373845482e-12,nan,nan,9.464651e-14,8.881784e-14
1321,33.025,1.615970092e-12,1.432298724e-12,nan,nan,nan,nan
1322,33.05,1.684278284e-12,1.492472812e-12,nan,nan,nan,nan
1323,33.075,1.754931403e-12,1.555255924e-12,nan,nan,nan,nan
1324,33.1,1.827548004e-12,1.617872503e-12,nan,nan,nan,nan
1325,33.125,1.902626247e-12,1.683486683e-12,nan,nan,nan,nan
1326,33.15,1.980696241e-12,1.752487044e-12,nan,nan,nan,nan
1327,33.175,2.063135503e-12,1.826760965e-12,nan,nan,nan,nan
1328,33.2,2.148948138e-12,1.901534485e-12,nan,nan,nan,nan
1329,33.225,2.237880283e-12,1.980415831e-12,nan,nan,nan,nan
1330,33.25,2.330981595e-12,2.062294779e-12,nan,nan,nan,nan
1331,33.275,2.427278414e-12,2.147504397e-12,nan,nan,nan,nan
1332,33.3,2.527850697e-12,2.235989172e-12,nan,nan,nan,nan
1333,33.325,2.632182874e-12,2.326971948e-12,nan,nan,nan,nan
1334,33.35,2.740627318e-12,2.422229084e-12,nan,nan,nan,nan
1335,33.375,2.852475876e-12,2.520872400e-12,nan,nan,nan,nan
1336,33.4,2.967828660e-12,2.622291273e-12,nan,nan,nan,nan
1337,33.425,3.087590807e-12,2.726652237e-12,nan,nan,nan,nan
1338,33.45,3.212878896e-12,2.838174140e-12,nan,nan,nan,nan
1339,33.475,3.344237325e-12,2.954247957e-12,nan,nan,nan,nan
1340,33.5,3.481710924e-12,3.074762667e-12,nan,nan,9.797718e-14,8.992806e-14
1341,33.525,3.624681812e-12,3.200051335e-12,nan,nan,nan,nan
1342,33.55,3.772228724e-12,3.328837206e-12,nan,nan,nan,nan
1343,33.575,3.924252781e-12,3.463396236e-12,nan,nan,nan,nan
1344,33.6,4.081828472e-12,3.600231224e-12,nan,nan,nan,nan
1345,33.625,4.246103994e-12,3.744338173e-12,nan,nan,nan,nan
1346,33.65,4.416648101e-12,3.895161971e-12,nan,nan,nan,nan
1347,33.675,4.594001639e-12,4.050038083e-12,nan,nan,nan,nan
1348,33.7,4.778901348e-12,4.211797577e-12,nan,nan,nan,nan
1349,33.725,4.969945125e-12,4.380273921e-12,nan,nan,nan,nan
1350,33.75,5.168494831e-12,4.555800182e-12,nan,nan,nan,nan
1351,33.775,5.375723800e-12,4.737099601e-12,nan,nan,nan,nan
1352,33.8,5.590625570e-12,4.924616270e-12,nan,nan,nan,nan
1353,33.825,5.814160808e-12,5.120515123e-12,nan,nan,nan,nan
1354,33.85,6.045483284e-12,5.323019803e-12,nan,nan,nan,nan
1355,33.875,6.284687215e-12,5.531963776e-12,nan,nan,nan,nan
1356,33.9,6.531895834e-12,5.747624598e-12,nan,nan,nan,nan
1357,33.925,6.787831513e-12,5.974332140e-12,nan,nan,nan,nan
1358,33.95,7.055334965e-12,6.208866754e-12,nan,nan,nan,nan
1359,33.975,7.334486380e-12,6.453892976e-12,nan,nan,nan,nan
1360,34,7.625179830e-12,6.708023026e-12,nan,nan,9.131584e-14,9.658940e-14
1361,34.025,7.926502762e-12,6.971423439e-12,nan,nan,nan,nan
1362,34.05,8.237834357e-12,7.242650923e-12,nan,nan,nan,nan
1363,34.075,8.558678975e-12,7.522649170e-12,nan,nan,nan,nan
1364,34.1,8.890364770e-12,7.814637826e-12,nan,nan,nan,nan
1365,34.125,9.236409882e-12,8.118949957e-12,nan,nan,nan,nan
1366,34.15,9.597466481e-12,8.434031251e-12,nan,nan,nan,nan
1367,34.175,9.972136530e-12,8.760769887e-12,nan,nan,nan,nan
1368,34.2,1.035958154e-11,9.099054843e-12,nan,nan,nan,nan
1369,34.225,1.076073983e-11,9.448941629e-12,nan,nan,nan,nan
1370,34.25,1.117587214e-11,9.811651491e-12,nan,nan,nan,nan
1371,34.275,1.160605429e-11,1.019084817e-11,nan,nan,nan,nan
1372,34.3,1.205461666e-11,1.058347854e-11,nan,nan,nan,nan
1373,34.325,1.252144312e-11,1.099070834e-11,nan,nan,nan,nan
1374,34.35,1.300366258e-11,1.140965100e-11,nan,nan,nan,nan
1375,34.375,1.350225534e-11,1.184224940e-11,nan,nan,nan,nan
1376,34.4,1.401679171e-11,1.229077951e-11,nan,nan,nan,nan
1377,34.425,1.454979081e-11,1.275612949e-11,nan,nan,nan,nan
1378,34.45,1.510246086e-11,1.324218513e-11,nan,nan,nan,nan
1379,34.475,1.567832330e-11,1.374844683e-11,nan,nan,nan,nan
1380,34.5,1.627891492e-11,1.427116758e-11,nan,nan,8.881784e-14,1.043610e-13
1381,34.525,1.689995235e-11,1.481048617e-11,nan,nan,nan,nan
1382,34.55,1.754119366e-11,1.536709648e-11,nan,nan,nan,nan
1383,34.575,1.820320555e-11,1.594210874e-11,nan,nan,nan,nan
1384,34.6,1.888753255e-11,1.653757686e-11,nan,nan,nan,nan
1385,34.625,1.959597164e-11,1.715835807e-11,nan,nan,nan,nan
1386,34.65,2.033082183e-11,1.780373071e-11,nan,nan,nan,nan
1387,34.675,2.109827366e-11,1.847133557e-11,nan,nan,nan,nan
1388,34.7,2.189212530e-11,1.916106163e-11,nan,nan,nan,nan
1389,34.725,2.271313235e-11,1.987388032e-11,nan,nan,nan,nan
1390,34.75,2.356261777e-11,2.061084636e-11,nan,nan,nan,nan
1391,34.775,2.443988841e-11,2.137440225e-11,nan,nan,nan,nan
1392,34.8,2.534806542e-11,2.216704598e-11,nan,nan,nan,nan
1393,34.825,2.628675176e-11,2.299088697e-11,nan,nan,nan,nan
1394,34.85,2.726506505e-11,2.384070719e-11,nan,nan,nan,nan
1395,34.875,2.827711335e-11,2.471883809e-11,nan,nan,nan,nan
1396,34.9,2.932341391e-11,2.562558499e-11,nan,nan,nan,nan
1397,34.925,3.040515084e-11,2.656450060e-11,nan,nan,nan,nan
1398,34.95,3.152471974e-11,2.753572370e-11,nan,nan,nan,nan
1399,34.975,3.268259626e-11,2.854563808e-11,nan,nan,nan,nan
1400,35,3.387909642e-11,2.959252288e-11,nan,nan,9.270362e-14,1.051936e-13
1401,35.025,3.512139738e-11,3.067404664e-11,nan,nan,nan,nan
1402,35.05,3.641080317e-11,3.179095875e-11,nan,nan,nan,nan
1403,35.075,3.774171680e-11,3.294331474e-11,nan,nan,nan,nan
1404,35.1,3.911772896e-11,3.413530569e-11,nan,nan,nan,nan
1405,35.125,4.054003052e-11,3.536662629e-11,nan,nan,nan,nan
1406,35.15,4.201007415e-11,3.664138437e-11,nan,nan,nan,nan
1407,35.175,4.352817121e-11,3.796932213e-11,nan,nan,nan,nan
1408,35.2,4.509753906e-11,3.934005899e-11,nan,nan,nan,nan
1409,35.225,4.673359944e-11,4.075587090e-11,nan,nan,nan,nan
1410,35.25,4.842422573e-11,4.221861749e-11,nan,nan,nan,nan
1411,35.275,5.017105537e-11,4.372915918e-11,nan,nan,nan,nan
1412,35.3,5.197457722e-11,4.528724618e-11,nan,nan,nan,nan
1413,35.325,5.383533108e-11,4.689476585e-11,nan,nan,nan,nan
1414,35.35,5.575521821e-11,4.856842706e-11,nan,nan,nan,nan
1415,35.375,5.773695416e-11,5.029984762e-11,nan,nan,nan,nan
1416,35.4,5.979886084e-11,5.208766751e-11,nan,nan,nan,nan
1417,35.425,6.193661849e-11,5.393460678e-11,nan,nan,nan,nan
1418,35.45,6.414418976e-11,5.584149809e-11,nan,nan,nan,nan
1419,35.475,6.642313207e-11,5.780770307e-11,nan,nan,nan,nan
1420,35.5,6.877290705e-11,5.983541440e-11,nan,nan,9.325873e-14,1.176836e-13
1421,35.525,7.119660033e-11,6.193631719e-11,nan,nan,nan,nan
1422,35.55,7.369741469e-11,6.411668418e-11,nan,nan,nan,nan
1423,35.575,7.628449283e-11,6.636721728e-11,nan,nan,nan,nan
1424,35.6,7.897606944e-11,6.868985936e-11,nan,nan,nan,nan
1425,35.625,8.175467805e-11,7.108713618e-11,nan,nan,nan,nan
1426,35.65,8.462167346e-11,7.355793752e-11,nan,nan,nan,nan
1427,35.675,8.757930966e-11,7.610659325e-11,nan,nan,nan,nan
1428,35.7,9.062986960e-11,7.873575403e-11,nan,nan,nan,nan
1429,35.725,9.377710408e-11,8.147703345e-11,nan,nan,nan,nan
1430,35.75,9.702296618e-11,8.430274534e-11,nan,nan,nan,nan
1431,35.775,1.003944870e-10,8.721665057e-11,nan,nan,nan,nan
1432,35.8,1.038828547e-10,9.021988712e-11,nan,nan,nan,nan
1433,35.825,1.074793033e-10,9.331557749e-11,nan,nan,nan,nan
1434,35.85,1.111872415e-10,9.650730215e-11,nan,nan,nan,nan
1435,35.875,1.150117740e-10,9.979873872e-11,nan,nan,nan,nan
1436,35.9,1.189563862e-10,1.032130353e-10,nan,nan,nan,nan
1437,35.925,1.230244910e-10,1.067503030e-10,nan,nan,nan,nan
1438,35.95,1.272205316e-10,1.103945130e-10,nan,nan,nan,nan
1439,35.975,1.315875974e-10,1.141493983e-10,nan,nan,nan,nan
1440,36,1.360872940e-10,1.180177484e-10,nan,nan,9.270362e-14,1.187939e-13
1441,36.025,1.407252409e-10,1.220031437e-10,nan,nan,nan,nan
1442,36.05,1.455060403e-10,1.261107330e-10,nan,nan,nan,nan
1443,36.075,1.504343006e-10,1.303451860e-10,nan,nan,nan,nan
1444,36.1,1.555127465e-10,1.347539719e-10,nan,nan,nan,nan
1445,36.125,1.607448561e-10,1.392958734e-10,nan,nan,nan,nan
1446,36.15,1.661584798e-10,1.439749500e-10,nan,nan,nan,nan
1447,36.175,1.717719847e-10,1.487949139e-10,nan,nan,nan,nan
1448,36.2,1.775571141e-10,1.537600186e-10,nan,nan,nan,nan
1449,36.225,1.835177474e-10,1.588730328e-10,nan,nan,nan,nan
1450,36.25,1.896565615e-10,1.641370373e-10,nan,nan,nan,nan
1451,36.275,1.959783348e-10,1.695815433e-10,nan,nan,nan,nan
1452,36.3,2.024877881e-10,1.752231901e-10,nan,nan,nan,nan
1453,36.325,2.091909364e-10,1.810339934e-10,nan,nan,nan,nan
1454,36.35,2.161446679e-10,1.870185951e-10,nan,nan,nan,nan
1455,36.375,2.233334665e-10,1.931807977e-10,nan,nan,nan,nan
1456,36.4,2.307374997e-10,1.995243762e-10,nan,nan,nan,nan
1457,36.425,2.383603007e-10,2.060525917e-10,nan,nan,nan,nan
1458,36.45,2.462066308e-10,2.127697046e-10,nan,nan,nan,nan
1459,36.475,2.542830296e-10,2.197387203e-10,nan,nan,nan,nan
1460,36.5,2.625962168e-10,2.269325561e-10,nan,nan,9.742207e-14,1.176836e-13
1461,36.525,2.711527388e-10,2.343383543e-10,nan,nan,nan,nan
1462,36.55,2.800430027e-10,2.419609547e-10,nan,nan,nan,nan
1463,36.575,2.892088221e-10,2.498041843e-10,nan,nan,nan,nan
1464,36.6,2.986425393e-10,2.578728099e-10,nan,nan,nan,nan
1465,36.625,3.083503085e-10,2.661729691e-10,nan,nan,nan,nan
1466,36.65,3.183396559e-10,2.747099111e-10,nan,nan,nan,nan
1467,36.675,3.286181359e-10,2.835909294e-10,nan,nan,nan,nan
1468,36.7,3.391920457e-10,2.927283407e-10,nan,nan,nan,nan
1469,36.725,3.500694064e-10,3.021263344e-10,nan,nan,nan,nan
1470,36.75,3.613769736e-10,3.117915288e-10,nan,nan,nan,nan
1471,36.775,3.730130589e-10,3.217313026e-10,nan,nan,nan,nan
1472,36.8,3.849838425e-10,3.319534383e-10,nan,nan,nan,nan
1473,36.825,3.972982687e-10,3.424650567e-10,nan,nan,nan,nan
1474,36.85,4.099646086e-10,3.532971311e-10,nan,nan,nan,nan
1475,36.875,4.229911331e-10,3.645342153e-10,nan,nan,nan,nan
1476,36.9,4.363839878e-10,3.760879906e-10,nan,nan,nan,nan
1477,36.925,4.501525603e-10,3.879640914e-10,nan,nan,nan,nan
1478,36.95,4.644638094e-10,4.001727630e-10,nan,nan,nan,nan
1479,36.975,4.791794149e-10,4.127221342e-10,nan,nan,nan,nan
1480,37,4.943113252e-10,4.256215311e-10,nan,nan,9.769963e-14,1.254552e-13
1481,37.025,5.098680940e-10,4.388785620e-10,nan,nan,nan,nan
1482,37.05,5.258600672e-10,4.525468403e-10,nan,nan,nan,nan
1483,37.075,5.422965142e-10,4.667039810e-10,nan,nan,nan,nan
1484,37.1,5.591875358e-10,4.812524268e-10,nan,nan,nan,nan
1485,37.125,5.765444821e-10,4.962024819e-10,nan,nan,nan,nan
1486,37.15,5.945731271e-10,5.115623619e-10,nan,nan,nan,nan
1487,37.175,6.131090707e-10,5.273428222e-10,nan,nan,nan,nan
1488,37.2,6.321567326e-10,5.435522935e-10,nan,nan,nan,nan
1489,37.225,6.517264942e-10,5.602001640e-10,nan,nan,nan,nan
1490,37.25,6.718324791e-10,5.773609785e-10,nan,nan,nan,nan
1491,37.275,6.924887482e-10,5.951255044e-10,nan,nan,nan,nan
1492,37.3,7.137077399e-10,6.133736852e-10,nan,nan,nan,nan
1493,37.325,7.355018067e-10,6.321152213e-10,nan,nan,nan,nan
1494,37.35,7.580956411e-10,6.513588974e-10,nan,nan,nan,nan
1495,37.375,7.813427983e-10,6.711161626e-10,nan,nan,nan,nan
1496,37.4,8.052179620e-10,6.913996181e-10,nan,nan,nan,nan
1497,37.425,8.297369588e-10,7.122237383e-10,nan,nan,nan,nan
1498,37.45,8.549168858e-10,7.336683622e-10,nan,nan,nan,nan
1499,37.475,8.807721959e-10,7.558683263e-10,nan,nan,nan,nan
1500,37.5,9.073176054e-10,7.786576522e-10,nan,nan,9.548785e-14,1.232348e-13
1501,37.525,9.345659737e-10,8.020506759e-10,nan,nan,nan,nan
1502,37.55,9.627313272e-10,8.260595263e-10,nan,nan,nan,nan
1503,37.575,9.917686789e-10,8.506991778e-10,nan,nan,nan,nan
1504,37.6,1.021578372e-09,8.759840769e-10,nan,nan,nan,nan
1505,37.625,1.052177352e-09,9.019276159e-10,nan,nan,nan,nan
1506,37.65,1.083581899e-09,9.285856251e-10,nan,nan,nan,nan
1507,37.675,1.115808646e-09,9.562081404e-10,nan,nan,nan,nan
1508,37.7,1.148877038e-09,9.845520788e-10,nan,nan,nan,nan
1509,37.725,1.182806625e-09,1.013634246e-09,nan,nan,nan,nan
1510,37.75,1.217738155e-09,1.043469242e-09,nan,nan,nan,nan
1511,37.775,1.253862792e-09,1.074073414e-09,nan,nan,nan,nan
1512,37.8,1.290927935e-09,1.105460321e-09,nan,nan,nan,nan
1513,37.825,1.328952046e-09,1.137645339e-09,nan,nan,nan,nan
1514,37.85,1.367956473e-09,1.170647537e-09,nan,nan,nan,nan
1515,37.875,1.407963279e-09,1.204845640e-09,nan,nan,nan,nan
1516,37.9,1.448995569e-09,1.239957997e-09,nan,nan,nan,nan
1517,37.925,1.491076510e-09,1.275965944e-09,nan,nan,nan,nan
1518,37.95,1.534226618e-09,1.312885189e-09,nan,nan,nan,nan
1519,37.975,1.578919870e-09,1.350735357e-09,nan,nan,nan,nan
1520,38,1.624811791e-09,1.389534404e-09,nan,nan,1.026956e-13,1.243450e-13
1521,38.025,1.671869446e-09,1.429303481e-09,nan,nan,nan,nan
1522,38.05,1.720118649e-09,1.470062211e-09,nan,nan,nan,nan
1523,38.075,1.769584126e-09,1.512117764e-09,nan,nan,nan,nan
1524,38.1,1.820291320e-09,1.555435281e-09,nan,nan,nan,nan
1525,38.125,1.872264748e-09,1.599829685e-09,nan,nan,nan,nan
1526,38.15,1.925531320e-09,1.645326736e-09,nan,nan,nan,nan
1527,38.175,1.980345773e-09,1.691948220e-09,nan,nan,nan,nan
1528,38.2,2.036935604e-09,1.739718147e-09,nan,nan,nan,nan
1529,38.225,2.094937638e-09,1.788658499e-09,nan,nan,nan,nan
1530,38.25,2.154378502e-09,1.838791952e-09,nan,nan,nan,nan
1531,38.275,2.215285870e-09,1.890229445e-09,nan,nan,nan,nan
1532,38.3,2.277689140e-09,1.943445738e-09,nan,nan,nan,nan
1533,38.325,2.341618272e-09,1.997959936e-09,nan,nan,nan,nan
1534,38.35,2.407106204e-09,2.053802128e-09,nan,nan,nan,nan
1535,38.375,2.474185223e-09,2.110997599e-09,nan,nan,nan,nan
1536,38.4,2.543468589e-09,2.169571328e-09,nan,nan,nan,nan
1537,38.425,2.614663391e-09,2.229547547e-09,nan,nan,nan,nan
1538,38.45,2.687585635e-09,2.290954731e-09,nan,nan,nan,nan
1539,38.475,2.762271051e-09,2.353819917e-09,nan,nan,nan,nan
1540,38.5,2.838754877e-09,2.418640149e-09,nan,nan,1.068590e-13,1.310063e-13
1541,38.525,2.917073271e-09,2.485312567e-09,nan,nan,nan,nan
1542,38.55,2.997262618e-09,2.553571660e-09,nan,nan,nan,nan
1543,38.575,3.079357267e-09,2.623447015e-09,nan,nan,nan,nan
1544,38.6,3.163394112e-09,2.694967999e-09,nan,nan,nan,nan
1545,38.625,3.250387291e-09,2.768169138e-09,nan,nan,nan,nan
1546,38.65,3.339484265e-09,2.843082131e-09,nan,nan,nan,nan
1547,38.675,3.430693162e-09,2.919738312e-09,nan,nan,nan,nan
1548,38.7,3.524053785e-09,2.998169213e-09,nan,nan,nan,nan
1549,38.725,3.619606482e-09,3.079327765e-09,nan,nan,nan,nan
1550,38.75,3.717390359e-09,3.162420020e-09,nan,nan,nan,nan
1551,38.775,3.817448087e-09,3.247437402e-09,nan,nan,nan,nan
1552,38.8,3.919824063e-09,3.334416798e-09,nan,nan,nan,nan
1553,38.825,4.024665525e-09,3.423396011e-09,nan,nan,nan,nan
1554,38.85,4.133079309e-09,3.514412039e-09,nan,nan,nan,nan
1555,38.875,4.244006855e-09,3.607500243e-09,nan,nan,nan,nan
1556,38.9,4.357496228e-09,3.702693901e-09,nan,nan,nan,nan
1557,38.925,4.473592698e-09,3.800240456e-09,nan,nan,nan,nan
1558,38.95,4.592345012e-09,3.900976764e-09,nan,nan,nan,nan
1559,38.975,4.713801969e-09,4.003998050e-09,nan,nan,nan,nan
1560,39,4.838013195e-09,4.109345364e-09,nan,nan,1.057487e-13,1.365574e-13
1561,39.025,4.965028974e-09,4.217060923e-09,nan,nan,nan,nan
1562,39.05,5.094994201e-09,4.327185471e-09,nan,nan,nan,nan
1563,39.075,5.229346897e-09,4.439760976e-09,nan,nan,nan,nan
1564,39.1,5.366735832e-09,4.554830707e-09,nan,nan,nan,nan
1565,39.125,5.507216812e-09,4.672440823e-09,nan,nan,nan,nan
1566,39.15,5.650843828e-09,4.793024866e-09,nan,nan,nan,nan
1567,39.175,5.797671360e-09,4.917347973e-09,nan,nan,nan,nan
1568,39.2,5.947754397e-09,5.044414386e-09,nan,nan,nan,nan
1569,39.225,6.101150611e-09,5.174273399e-09,nan,nan,nan,nan
1570,39.25,6.257919803e-09,5.306975387e-09,nan,nan,nan,nan
1571,39.275,6.418123465e-09,5.442566731e-09,nan,nan,nan,nan
1572,39.3,6.583565023e-09,5.581099000e-09,nan,nan,nan,nan
1573,39.325,6.752852120e-09,5.722617102e-09,nan,nan,nan,nan
1574,39.35,6.925845392e-09,5.867169667e-09,nan,nan,nan,nan
1575,39.375,7.102607894e-09,6.015208331e-09,nan,nan,nan,nan
1576,39.4,7.283205632e-09,6.167845568e-09,nan,nan,nan,nan
1577,39.425,7.467706110e-09,6.323764179e-09,nan,nan,nan,nan
1578,39.45,7.656175733e-09,6.483017845e-09,nan,nan,nan,nan
1579,39.475,7.848681069e-09,6.645661355e-09,nan,nan,nan,nan
1580,39.5,8.045285799e-09,6.811747888e-09,nan,nan,1.067202e-13,1.321165e-13
1581,39.525,8.247432735e-09,6.981335010e-09,nan,nan,nan,nan
1582,39.55,8.454936144e-09,7.154478232e-09,nan,nan,nan,nan
1583,39.575,8.666864511e-09,7.331236784e-09,nan,nan,nan,nan
1584,39.6,8.883291617e-09,7.511729017e-09,nan,nan,nan,nan
1585,39.625,9.104289203e-09,7.698164051e-09,nan,nan,nan,nan
1586,39.65,9.329931583e-09,7.888492248e-09,nan,nan,nan,nan
1587,39.675,9.560294723e-09,8.082778280e-09,nan,nan,nan,nan
1588,39.7,9.795456152e-09,8.281086872e-09,nan,nan,nan,nan
1589,39.725,1.003549395e-08,8.483481750e-09,nan,nan,nan,nan
1590,39.75,1.028072412e-08,8.690024811e-09,nan,nan,nan,nan
1591,39.775,1.053376258e-08,8.900778115e-09,nan,nan,nan,nan
1592,39.8,1.079204801e-08,9.115806165e-09,nan,nan,nan,nan
1593,39.825,1.105566362e-08,9.335175744e-09,nan,nan,nan,nan
1594,39.85,1.132469564e-08,9.560823744e-09,nan,nan,nan,nan
1595,39.875,1.159923129e-08,9.791958577e-09,nan,nan,nan,nan
1596,39.9,1.187935549e-08,1.002776834e-08,nan,nan,nan,nan
1597,39.925,1.216515527e-08,1.026832036e-08,nan,nan,nan,nan
1598,39.95,1.245671426e-08,1.051368526e-08,nan,nan,nan,nan
1599,39.975,1.275412134e-08,1.076393769e-08,nan,nan,nan,nan
1600,40,1.305896725e-08,1.101914882e-08,nan,nan,1.108835e-13,1.287859e-13
1601,40.025,1.337212108e-08,1.127939364e-08,nan,nan,nan,nan
1602,40.05,1.369156227e-08,1.154474372e-08,nan,nan,nan,nan
1603,40.075,1.401738373e-08,1.181577181e-08,nan,nan,nan,nan
1604,40.1,1.434968115e-08,1.209500949e-08,nan,nan,nan,nan
1605,40.125,1.468855200e-08,1.237972996e-08,nan,nan,nan,nan
1606,40.15,1.503409675e-08,1.267001565e-08,nan,nan,nan,nan
1607,40.175,1.538641387e-08,1.296594881e-08,nan,nan,nan,nan
1608,40.2,1.574560227e-08,1.326760629e-08,nan,nan,nan,nan
1609,40.225,1.611175841e-08,1.357506796e-08,nan,nan,nan,nan
1610,40.25,1.648744168e-08,1.388841253e-08,nan,nan,nan,nan
1611,40.275,1.687251658e-08,1.420772588e-08,nan,nan,nan,nan
1612,40.3,1.726506600e-08,1.453309301e-08,nan,nan,nan,nan
1613,40.325,1.766520078e-08,1.486641987e-08,nan,nan,nan,nan
1614,40.35,1.807302989e-08,1.520842957e-08,nan,nan,nan,nan
1615,40.375,1.848866177e-08,1.555692919e-08,nan,nan,nan,nan
1616,40.4,1.891220350e-08,1.591200494e-08,nan,nan,nan,nan
1617,40.425,1.934376435e-08,1.627374596e-08,nan,nan,nan,nan
1618,40.45,1.978345611e-08,1.664224258e-08,nan,nan,nan,nan
1619,40.475,2.023139129e-08,1.701758956e-08,nan,nan,nan,nan
1620,40.5,2.069027195e-08,1.739987654e-08,nan,nan,1.172673e-13,1.343370e-13
1621,40.525,2.116077190e-08,1.778919523e-08,nan,nan,nan,nan
1622,40.55,2.164009714e-08,1.818563478e-08,nan,nan,nan,nan
1623,40.575,2.212836820e-08,1.859197979e-08,nan,nan,nan,nan
1624,40.6,2.262570907e-08,1.900819807e-08,nan,nan,nan,nan
1625,40.625,2.313224058e-08,1.943203859e-08,nan,nan,nan,nan
1626,40.65,2.364808697e-08,1.986359999e-08,nan,nan,nan,nan
1627,40.675,2.417336641e-08,2.030297908e-08,nan,nan,nan,nan
1628,40.7,2.470820258e-08,2.075027666e-08,nan,nan,nan,nan
1629,40.725,2.525271789e-08,2.120559278e-08,nan,nan,nan,nan
1630,40.75,2.580810577e-08,2.166903101e-08,nan,nan,nan,nan
1631,40.775,2.637930983e-08,2.214069483e-08,nan,nan,nan,nan
1632,40.8,2.696086312e-08,2.262068505e-08,nan,nan,nan,nan
1633,40.825,2.755289632e-08,2.311158431e-08,nan,nan,nan,nan
1634,40.85,2.815554183e-08,2.361488455e-08,nan,nan,nan,nan
1635,40.875,2.876893288e-08,2.412707273e-08,nan,nan,nan,nan
1636,40.9,2.939320520e-08,2.464825544e-08,nan,nan,nan,nan
1637,40.925,3.002849651e-08,2.517854503e-08,nan,nan,nan,nan
1638,40.95,3.067494378e-08,2.571805274e-08,nan,nan,nan,nan
1639,40.975,3.133268225e-08,2.626688411e-08,nan,nan,nan,nan
1640,41,3.200184806e-08,2.682515082e-08,nan,nan,1.135203e-13,1.398881e-13
1641,41.025,3.268757888e-08,2.739296079e-08,nan,nan,nan,nan
1642,41.05,3.338865744e-08,2.797042931e-08,nan,nan,nan,nan
1643,41.075,3.410192350e-08,2.855795417e-08,nan,nan,nan,nan
1644,41.1,3.482752114e-08,2.916268554e-08,nan,nan,nan,nan
1645,41.125,3.556559599e-08,2.977770186e-08,nan,nan,nan,nan
1646,41.15,3.631629441e-08,3.040312424e-08,nan,nan,nan,nan
1647,41.175,3.707976539e-08,3.103907303e-08,nan,nan,nan,nan
1648,41.2,3.785615983e-08,3.168566753e-08,nan,nan,nan,nan
1649,41.225,3.864562821e-08,3.234302631e-08,nan,nan,nan,nan
1650,41.25,3.944831888e-08,3.301126944e-08,nan,nan,nan,nan
1651,41.275,4.026437841e-08,3.369051121e-08,nan,nan,nan,nan
1652,41.3,4.110174797e-08,3.438086871e-08,nan,nan,nan,nan
1653,41.325,4.195558831e-08,3.508246010e-08,nan,nan,nan,nan
1654,41.35,4.282365016e-08,3.579920860e-08,nan,nan,nan,nan
1655,41.375,4.370609506e-08,3.653300212e-08,nan,nan,nan,nan
1656,41.4,4.460308232e-08,3.727874620e-08,nan,nan,nan,nan
1657,41.425,4.551477099e-08,3.803656645e-08,nan,nan,nan,nan
1658,41.45,4.644131948e-08,3.880658889e-08,nan,nan,nan,nan
1659,41.475,4.738288757e-08,3.958894262e-08,nan,nan,nan,nan
1660,41.5,4.833963577e-08,4.038375057e-08,nan,nan,1.150469e-13,1.476597e-13
1661,41.525,4.931172431e-08,4.119114372e-08,nan,nan,nan,nan
1662,41.55,5.029931228e-08,4.201124543e-08,nan,nan,nan,nan
1663,41.575,5.131024493e-08,4.284418126e-08,nan,nan,nan,nan
1664,41.6,5.234211692e-08,4.369007645e-08,nan,nan,nan,nan
1665,41.625,5.339043962e-08,4.455468522e-08,nan,nan,nan,nan
1666,41.65,5.445538508e-08,4.543823090e-08,nan,nan,nan,nan
1667,41.675,5.553712333e-08,4.633553080e-08,nan,nan,nan,nan
1668,41.7,5.663582438e-08,4.724671493e-08,nan,nan,nan,nan
1669,41.725,5.775165499e-08,4.817191696e-08,nan,nan,nan,nan
1670,41.75,5.888478266e-08,4.911126972e-08,nan,nan,nan,nan
1671,41.775,6.003537646e-08,5.006490766e-08,nan,nan,nan,nan
1672,41.8,6.120360854e-08,5.103296036e-08,nan,nan,nan,nan
1673,41.825,6.238964860e-08,5.201556835e-08,nan,nan,nan,nan
1674,41.85,6.359570679e-08,5.301286016e-08,nan,nan,nan,nan
1675,41.875,6.483311938e-08,5.402496317e-08,nan,nan,nan,nan
1676,41.9,6.608938399e-08,5.505581385e-08,nan,nan,nan,nan
1677,41.925,6.736468150e-08,5.611148296e-08,nan,nan,nan,nan
1678,41.95,6.865918913e-08,5.718283297e-08,nan,nan,nan,nan
1679,41.975,6.997308597e-08,5.826999960e-08,nan,nan,nan,nan
1680,42,7.130654844e-08,5.937312259e-08,nan,nan,1.165734e-13,1.509903e-13
1681,42.025,7.265975069e-08,6.049233875e-08,nan,nan,nan,nan
1682,42.05,7.403286957e-08,6.162778521e-08,nan,nan,nan,nan
1683,42.075,7.542608264e-08,6.277959946e-08,nan,nan,nan,nan
1684,42.1,7.683956634e-08,6.394791913e-08,nan,nan,nan,nan
1685,42.125,7.827349415e-08,6.513287881e-08,nan,nan,nan,nan
1686,42.15,7.973301391e-08,6.633460786e-08,nan,nan,nan,nan
1687,42.175,8.122684934e-08,6.755323906e-08,nan,nan,nan,nan
1688,42.2,8.274227147e-08,6.880034054e-08,nan,nan,nan,nan
1689,42.225,8.427946598e-08,7.006966168e-08,nan,nan,nan,nan
1690,42.25,8.583861684e-08,7.135683683e-08,nan,nan,nan,nan
1691,42.275,8.741990833e-08,7.266200214e-08,nan,nan,nan,nan
1692,42.3,8.902351747e-08,7.398529733e-08,nan,nan,nan,nan
1693,42.325,9.064962245e-08,7.532685792e-08,nan,nan,nan,nan
1694,42.35,9.229840082e-08,7.668682250e-08,nan,nan,nan,nan
1695,42.375,9.397003035e-08,7.806532626e-08,nan,nan,nan,nan
1696,42.4,9.566468978e-08,7.946250480e-08,nan,nan,nan,nan
1697,42.425,9.738255418e-08,8.087849362e-08,nan,nan,nan,nan
1698,42.45,9.912379680e-08,8.231342463e-08,nan,nan,nan,nan
1699,42.475,1.009102984e-07,8.376742605e-08,nan,nan,nan,nan
1700,42.5,1.027215844e-07,8.525493733e-08,nan,nan,1.204592e-13,1.509903e-13
1701,42.525,1.045574952e-07,8.676718632e-08,nan,nan,nan,nan
1702,42.55,1.064182135e-07,8.829952364e-08,nan,nan,nan,nan
1703,42.575,1.083039169e-07,8.985208277e-08,nan,nan,nan,nan
1704,42.6,1.102147822e-07,9.142500024e-08,nan,nan,nan,nan
1705,42.625,1.121509855e-07,9.301840992e-08,nan,nan,nan,nan
1706,42.65,1.141127054e-07,9.463244660e-08,nan,nan,nan,nan
1707,42.675,1.161001181e-07,9.626724440e-08,nan,nan,nan,nan
1708,42.7,1.181133996e-07,9.792293337e-08,nan,nan,nan,nan
1709,42.725,1.201527192e-07,9.959963959e-08,nan,nan,nan,nan
1710,42.75,1.222182428e-07,1.012974898e-07,nan,nan,nan,nan
1711,42.775,1.243154950e-07,1.030166016e-07,nan,nan,nan,nan
1712,42.8,1.264605301e-07,1.047646563e-07,nan,nan,nan,nan
1713,42.825,1.286330855e-07,1.065498239e-07,nan,nan,nan,nan
1714,42.85,1.308333381e-07,1.083573303e-07,nan,nan,nan,nan
1715,42.875,1.330614608e-07,1.101873043e-07,nan,nan,nan,nan
1716,42.9,1.353176232e-07,1.120398727e-07,nan,nan,nan,nan
1717,42.925,1.376019948e-07,1.139151609e-07,nan,nan,nan,nan
1718,42.95,1.399147425e-07,1.158132885e-07,nan,nan,nan,nan
1719,42.975,1.422560316e-07,1.177343832e-07,nan,nan,nan,nan
1720,43,1.446260264e-07,1.196785641e-07,nan,nan,1.224021e-13,1.521006e-13
1721,43.025,1.470248850e-07,1.216459461e-07,nan,nan,nan,nan
1722,43.05,1.494527645e-07,1.236366437e-07,nan,nan,nan,nan
1723,43.075,1.519098209e-07,1.256507710e-07,nan,nan,nan,nan
1724,43.1,1.543962093e-07,1.276884453e-07,nan,nan,nan,nan
1725,43.125,1.569392706e-07,1.297608134e-07,nan,nan,nan,nan
1726,43.15,1.595171079e-07,1.318733825e-07,nan,nan,nan,nan
1727,43.175,1.621256527e-07,1.340106037e-07,nan,nan,nan,nan
1728,43.2,1.647650579e-07,1.361725870e-07,nan,nan,nan,nan
1729,43.225,1.674354767e-07,1.383594457e-07,nan,nan,nan,nan
1730,43.25,1.701370615e-07,1.405712878e-07,nan,nan,nan,nan
1731,43.275,1.728699662e-07,1.428082269e-07,nan,nan,nan,nan
1732,43.3,1.756343371e-07,1.450703645e-07,nan,nan,nan,nan
1733,43.325,1.784303158e-07,1.473578004e-07,nan,nan,nan,nan
1734,43.35,1.812580405e-07,1.496706305e-07,nan,nan,nan,nan
1735,43.375,1.841176458e-07,1.520089511e-07,nan,nan,nan,nan
1736,43.4,1.870092690e-07,1.543728589e-07,nan,nan,nan,nan
1737,43.425,1.899330417e-07,1.567624468e-07,nan,nan,nan,nan
1738,43.45,1.928890920e-07,1.591777975e-07,nan,nan,nan,nan
1739,43.475,1.959098880e-07,1.616477146e-07,nan,nan,nan,nan
1740,43.5,1.989691455e-07,1.641476480e-07,nan,nan,1.251776e-13,1.543210e-13
1741,43.525,2.020620725e-07,1.666744729e-07,nan,nan,nan,nan
1742,43.55,2.051887993e-07,1.692282774e-07,nan,nan,nan,nan
1743,43.575,2.083494536e-07,1.718091489e-07,nan,nan,nan,nan
1744,43.6,2.115441526e-07,1.744171648e-07,nan,nan,nan,nan
1745,43.625,2.147730121e-07,1.770524021e-07,nan,nan,nan,nan
1746,43.65,2.180361438e-07,1.797149347e-07,nan,nan,nan,nan
1747,43.675,2.213336576e-07,1.824048400e-07,nan,nan,nan,nan
1748,43.7,2.246656651e-07,1.851221911e-07,nan,nan,nan,nan
1749,43.725,2.280322722e-07,1.878670576e-07,nan,nan,nan,nan
1750,43.75,2.314335781e-07,1.906394926e-07,nan,nan,nan,nan
1751,43.775,2.348696739e-07,1.934395606e-07,nan,nan,nan,nan
1752,43.8,2.383406511e-07,1.962673166e-07,nan,nan,nan,nan
1753,43.825,2.418505681e-07,1.991488255e-07,nan,nan,nan,nan
1754,43.85,2.454357550e-07,2.020702974e-07,nan,nan,nan,nan
1755,43.875,2.490571912e-07,2.050205640e-07,nan,nan,nan,nan
1756,43.9,2.527149643e-07,2.079996773e-07,nan,nan,nan,nan
1757,43.925,2.564091578e-07,2.110076853e-07,nan,nan,nan,nan
1758,43.95,2.601398515e-07,2.140446369e-07,nan,nan,nan,nan
1759,43.975,2.639071226e-07,2.171105793e-07,nan,nan,nan,nan
1760,44,2.677110429e-07,2.202055481e-07,nan,nan,1.304512e-13,1.532108e-13
1761,44.025,2.715516798e-07,2.233295775e-07,nan,nan,nan,nan
1762,44.05,2.754290934e-07,2.264826974e-07,nan,nan,nan,nan
1763,44.075,2.793433390e-07,2.296649381e-07,nan,nan,nan,nan
1764,44.1,2.832944717e-07,2.328763232e-07,nan,nan,nan,nan
1765,44.125,2.872825414e-07,2.361168803e-07,nan,nan,nan,nan
1766,44.15,2.913075986e-07,2.393866249e-07,nan,nan,nan,nan
1767,44.175,2.953696834e-07,2.426855736e-07,nan,nan,nan,nan
1768,44.2,2.994688296e-07,2.460429169e-07,nan,nan,nan,nan
1769,44.225,3.036243114e-07,2.494446183e-07,nan,nan,nan,nan
1770,44.25,3.078496611e-07,2.528765536e-07,nan,nan,nan,nan
1771,44.275,3.121133463e-07,2.563387319e-07,nan,nan,nan,nan
1772,44.3,3.164153945e-07,2.598311604e-07,nan,nan,nan,nan
1773,44.325,3.207558311e-07,2.633538365e-07,nan,nan,nan,nan
1774,44.35,3.251346733e-07,2.669067495e-07,nan,nan,nan,nan
1775,44.375,3.295519319e-07,2.704898944e-07,nan,nan,nan,nan
1776,44.4,3.340076152e-07,2.741032583e-07,nan,nan,nan,nan
1777,44.425,3.385017265e-07,2.777468209e-07,nan,nan,nan,nan
1778,44.45,3.430342642e-07,2.814205620e-07,nan,nan,nan,nan
1779,44.475,3.476052198e-07,2.851244544e-07,nan,nan,nan,nan
1780,44.5,3.522145792e-07,2.888584678e-07,nan,nan,1.382228e-13,1.632028e-13
1781,44.525,3.568623234e-07,2.926225674e-07,nan,nan,nan,nan
1782,44.55,3.615484333e-07,2.964167187e-07,nan,nan,nan,nan
1783,44.575,3.662728830e-07,3.002408815e-07,nan,nan,nan,nan
1784,44.6,3.710356411e-07,3.041273676e-07,nan,nan,nan,nan
1785,44.625,3.758366665e-07,3.080624314e-07,nan,nan,nan,nan
1786,44.65,3.807053923e-07,3.120284112e-07,nan,nan,nan,nan
1787,44.675,3.856431205e-07,3.160252566e-07,nan,nan,nan,nan
1788,44.7,3.906202159e-07,3.200529154e-07,nan,nan,nan,nan
1789,44.725,3.956366307e-07,3.241113232e-07,nan,nan,nan,nan
1790,44.75,4.006923099e-07,3.282004190e-07,nan,nan,nan,nan
1791,44.775,4.057871904e-07,3.323201305e-07,nan,nan,nan,nan
1792,44.8,4.109212011e-07,3.364703775e-07,nan,nan,nan,nan
1793,44.825,4.160942678e-07,3.406510794e-07,nan,nan,nan,nan
1794,44.85,4.213063121e-07,3.448621585e-07,nan,nan,nan,nan
1795,44.875,4.265572493e-07,3.491035236e-07,nan,nan,nan,nan
1796,44.9,4.318469910e-07,3.533750844e-07,nan,nan,nan,nan
1797,44.925,4.371754397e-07,3.576767371e-07,nan,nan,nan,nan
1798,44.95,4.425424936e-07,3.620083855e-07,nan,nan,nan,nan
1799,44.975,4.479480453e-07,3.663699216e-07,nan,nan,nan,nan
1800,45,4.533919851e-07,3.707612390e-07,nan,nan,1.307288e-13,1.565414e-13
1801,45.025,4.588741966e-07,3.752032185e-07,nan,nan,nan,nan
1802,45.05,4.643945536e-07,3.797115473e-07,nan,nan,nan,nan
1803,45.075,4.699529246e-07,3.842503715e-07,nan,nan,nan,nan
1804,45.1,4.755577546e-07,3.888195671e-07,nan,nan,nan,nan
1805,45.125,4.812601257e-07,3.934190074e-07,nan,nan,nan,nan
1806,45.15,4.870013443e-07,3.980485636e-07,nan,nan,nan,nan
1807,45.175,4.927812658e-07,4.027080957e-07,nan,nan,nan,nan
1808,45.2,4.985997361e-07,4.073974612e-07,nan,nan,nan,nan
1809,45.225,5.044565926e-07,4.121165066e-07,nan,nan,nan,nan
1810,45.25,5.103516685e-07,4.168650822e-07,nan,nan,nan,nan
1811,45.275,5.162847950e-07,4.216430318e-07,nan,nan,nan,nan
1812,45.3,5.222557958e-07,4.264501949e-07,nan,nan,nan,nan
1813,45.325,5.282644896e-07,4.312864040e-07,nan,nan,nan,nan
1814,45.35,5.343106875e-07,4.361514931e-07,nan,nan,nan,nan
1815,45.375,5.403941939e-07,4.410452818e-07,nan,nan,nan,nan
1816,45.4,5.465148097e-07,4.459675950e-07,nan,nan,nan,nan
1817,45.425,5.526723305e-07,4.509182474e-07,nan,nan,nan,nan
1818,45.45,5.588665472e-07,4.558970519e-07,nan,nan,nan,nan
1819,45.475,5.650972406e-07,4.609038163e-07,nan,nan,nan,nan
1820,45.5,5.713641876e-07,4.659685992e-07,nan,nan,1.329492e-13,1.665335e-13
1821,45.525,5.776671563e-07,4.710956537e-07,nan,nan,nan,nan
1822,45.55,5.840059159e-07,4.762511097e-07,nan,nan,nan,nan
1823,45.575,5.903802285e-07,4.814347623e-07,nan,nan,nan,nan
1824,45.6,5.967898528e-07,4.866463949e-07,nan,nan,nan,nan
1825,45.625,6.032929556e-07,4.918857885e-07,nan,nan,nan,nan
1826,45.65,6.098499072e-07,4.971527175e-07,nan,nan,nan,nan
1827,45.675,6.164425864e-07,5.024469537e-07,nan,nan,nan,nan
1828,45.7,6.230707236e-07,5.077682633e-07,nan,nan,nan,nan
1829,45.725,6.297340489e-07,5.131164143e-07,nan,nan,nan,nan
1830,45.75,6.364322849e-07,5.184911691e-07,nan,nan,nan,nan
1831,45.775,6.431651473e-07,5.238922800e-07,nan,nan,nan,nan
1832,45.8,6.499323433e-07,5.293194959e-07,nan,nan,nan,nan
1833,45.825,6.567335767e-07,5.347725638e-07,nan,nan,nan,nan
1834,45.85,6.635685464e-07,5.402512271e-07,nan,nan,nan,nan
1835,45.875,6.704369463e-07,5.457552251e-07,nan,nan,nan,nan
1836,45.9,6.773384635e-07,5.512842886e-07,nan,nan,nan,nan
1837,45.925,6.842727800e-07,5.568381484e-07,nan,nan,nan,nan
1838,45.95,6.912395710e-07,5.624165300e-07,nan,nan,nan,nan
1839,45.975,6.982385086e-07,5.680191590e-07,nan,nan,nan,nan
1840,46,7.052692626e-07,5.736457507e-07,nan,nan,1.429412e-13,1.709743e-13
1841,46.025,7.123314963e-07,5.793224290e-07,nan,nan,nan,nan
1842,46.05,7.194248644e-07,5.850673281e-07,nan,nan,nan,nan
1843,46.075,7.265490140e-07,5.908362660e-07,nan,nan,nan,nan
1844,46.1,7.337035894e-07,5.966289398e-07,nan,nan,nan,nan
1845,46.125,7.408882324e-07,6.024450482e-07,nan,nan,nan,nan
1846,46.15,7.481025810e-07,6.082842840e-07,nan,nan,nan,nan
1847,46.175,7.553462698e-07,6.141463352e-07,nan,nan,nan,nan
1848,46.2,7.626656894e-07,6.200308866e-07,nan,nan,nan,nan
1849,46.225,7.700510153e-07,6.259376161e-07,nan,nan,nan,nan
1850,46.25,7.774655614e-07,6.318661964e-07,nan,nan,nan,nan
1851,46.275,7.849089322e-07,6.378163028e-07,nan,nan,nan,nan
1852,46.3,7.923807310e-07,6.437876039e-07,nan,nan,nan,nan
1853,46.325,7.998805538e-07,6.497797666e-07,nan,nan,nan,nan
1854,46.35,8.074079923e-07,6.557924535e-07,nan,nan,nan,nan
1855,46.375,8.149626333e-07,6.618253219e-07,nan,nan,nan,nan
1856,46.4,8.225440588e-07,6.678780288e-07,nan,nan,nan,nan
1857,46.425,8.301518473e-07,6.739502264e-07,nan,nan,nan,nan
1858,46.45,8.377855737e-07,6.800415643e-07,nan,nan,nan,nan
1859,46.475,8.454448062e-07,6.861516877e-07,nan,nan,nan,nan
1860,46.5,8.531291064e-07,6.922802359e-07,nan,nan,1.423861e-13,1.776357e-13
1861,46.525,8.608380326e-07,6.984268482e-07,nan,nan,nan,nan
1862,46.55,8.685711416e-07,7.045911660e-07,nan,nan,nan,nan
1863,46.575,8.763279888e-07,7.107728225e-07,nan,nan,nan,nan
1864,46.6,8.841081260e-07,7.169714515e-07,nan,nan,nan,nan
1865,46.625,8.919110962e-07,7.231915155e-07,nan,nan,nan,nan
1866,46.65,8.997364384e-07,7.294983134e-07,nan,nan,nan,nan
1867,46.675,9.075836837e-07,7.358217003e-07,nan,nan,nan,nan
1868,46.7,9.154523641e-07,7.421612915e-07,nan,nan,nan,nan
1869,46.725,9.233420124e-07,7.485167030e-07,nan,nan,nan,nan
1870,46.75,9.312521569e-07,7.548875371e-07,nan,nan,nan,nan
1871,46.775,9.391823220e-07,7.612734009e-07,nan,nan,nan,nan
1872,46.8,9.471320221e-07,7.676738937e-07,nan,nan,nan,nan
1873,46.825,9.551007731e-07,7.740886150e-07,nan,nan,nan,nan
1874,46.85,9.630880882e-07,7.805171638e-07,nan,nan,nan,nan
1875,46.875,9.710934749e-07,7.869591319e-07,nan,nan,nan,nan
1876,46.9,9.791922550e-07,7.934141148e-07,nan,nan,nan,nan
1877,46.925,9.873195527e-07,7.998817024e-07,nan,nan,nan,nan
1878,46.95,9.954641229e-07,8.063614797e-07,nan,nan,nan,nan
1879,46.975,1.003625451e-06,8.128530373e-07,nan,nan,nan,nan
1880,47,1.011803024e-06,8.193559614e-07,nan,nan,1.509903e-13,1.842970e-13
1881,47.025,1.019996324e-06,8.258698386e-07,nan,nan,nan,nan
1882,47.05,1.028204829e-06,8.323942441e-07,nan,nan,nan,nan
1883,47.075,1.036428007e-06,8.389287547e-07,nan,nan,nan,nan
1884,47.1,1.044665328e-06,8.454729463e-07,nan,nan,nan,nan
1885,47.125,1.052916260e-06,8.520264019e-07,nan,nan,nan,nan
1886,47.15,1.061180276e-06,8.585886979e-07,nan,nan,nan,nan
1887,47.175,1.069456844e-06,8.651594109e-07,nan,nan,nan,nan
1888,47.2,1.077745429e-06,8.717381075e-07,nan,nan,nan,nan
1889,47.225,1.086045486e-06,8.783243594e-07,nan,nan,nan,nan
1890,47.25,1.094356472e-06,8.849177340e-07,nan,nan,nan,nan
1891,47.275,1.102677843e-06,8.915178011e-07,nan,nan,nan,nan
1892,47.3,1.111009058e-06,8.981241319e-07,nan,nan,nan,nan
1893,47.325,1.119349571e-06,9.047362964e-07,nan,nan,nan,nan
1894,47.35,1.127698835e-06,9.113538560e-07,nan,nan,nan,nan
1895,47.375,1.136056299e-06,9.180122596e-07,nan,nan,nan,nan
1896,47.4,1.144421410e-06,9.247145920e-07,nan,nan,nan,nan
1897,47.425,1.152793618e-06,9.314214295e-07,nan,nan,nan,nan
1898,47.45,1.161172374e-06,9.381323260e-07,nan,nan,nan,nan
1899,47.475,1.169557123e-06,9.448468294e-07,nan,nan,nan,nan
1900,47.5,1.177947306e-06,9.515644885e-07,nan,nan,1.501577e-13,1.887379e-13
1901,47.525,1.186342366e-06,9.582848526e-07,nan,nan,nan,nan
1902,47.55,1.194741743e-06,9.650074766e-07,nan,nan,nan,nan
1903,47.575,1.203144886e-06,9.717319130e-07,nan,nan,nan,nan
1904,47.6,1.211551238e-06,9.784577130e-07,nan,nan,nan,nan
1905,47.625,1.219960245e-06,9.851844260e-07,nan,nan,nan,nan
1906,47.65,1.228371343e-06,9.919115984e-07,nan,nan,nan,nan
1907,47.675,1.236783970e-06,9.986387786e-07,nan,nan,nan,nan
1908,47.7,1.245197564e-06,1.005365515e-06,nan,nan,nan,nan
1909,47.725,1.253611570e-06,1.012091366e-06,nan,nan,nan,nan
1910,47.75,1.262025428e-06,1.018815883e-06,nan,nan,nan,nan
1911,47.775,1.270438584e-06,1.025538615e-06,nan,nan,nan,nan
1912,47.8,1.278900225e-06,1.032259116e-06,nan,nan,nan,nan
1913,47.825,1.287390479e-06,1.038976937e-06,nan,nan,nan,nan
1914,47.85,1.295878512e-06,1.045691633e-06,nan,nan,nan,nan
1915,47.875,1.304363749e-06,1.052402757e-06,nan,nan,nan,nan
1916,47.9,1.312845620e-06,1.059109864e-06,nan,nan,nan,nan
1917,47.925,1.321323551e-06,1.065812509e-06,nan,nan,nan,nan
1918,47.95,1.329796968e-06,1.072510248e-06,nan,nan,nan,nan
1919,47.975,1.338265302e-06,1.079202639e-06,nan,nan,nan,nan
1920,48,1.346727984e-06,1.085889249e-06,nan,nan,1.484923e-13,1.920686e-13
1921,48.025,1.355184454e-06,1.092569640e-06,nan,nan,nan,nan
1922,48.05,1.363634144e-06,1.099243369e-06,nan,nan,nan,nan
1923,48.075,1.372076487e-06,1.105909995e-06,nan,nan,nan,nan
1924,48.1,1.380510913e-06,1.112569082e-06,nan,nan,nan,nan
1925,48.125,1.388936858e-06,1.119220197e-06,nan,nan,nan,nan
1926,48.15,1.397353762e-06,1.125862913e-06,nan,nan,nan,nan
1927,48.175,1.405761072e-06,1.132496800e-06,nan,nan,nan,nan
1928,48.2,1.414158232e-06,1.139121433e-06,nan,nan,nan,nan
1929,48.225,1.422544685e-06,1.145736380e-06,nan,nan,nan,nan
1930,48.25,1.430919875e-06,1.152341214e-06,nan,nan,nan,nan
1931,48.275,1.439283249e-06,1.158935511e-06,nan,nan,nan,nan
1932,48.3,1.447634258e-06,1.165518853e-06,nan,nan,nan,nan
1933,48.325,1.455972357e-06,1.172090824e-06,nan,nan,nan,nan
1934,48.35,1.464297000e-06,1.178651005e-06,nan,nan,nan,nan
1935,48.375,1.472607645e-06,1.185198982e-06,nan,nan,nan,nan
1936,48.4,1.480903752e-06,1.191791549e-06,nan,nan,nan,nan
1937,48.425,1.489184786e-06,1.198377541e-06,nan,nan,nan,nan
1938,48.45,1.497450213e-06,1.204950011e-06,nan,nan,nan,nan
1939,48.475,1.505699506e-06,1.211508543e-06,nan,nan,nan,nan
1940,48.5,1.513932128e-06,1.218052716e-06,nan,nan,1.482148e-13,2.020606e-13
1941,48.525,1.522147554e-06,1.224582120e-06,nan,nan,nan,nan
1942,48.55,1.530345259e-06,1.231096348e-06,nan,nan,nan,nan
1943,48.575,1.538524728e-06,1.237594997e-06,nan,nan,nan,nan
1944,48.6,1.546685448e-06,1.244077672e-06,nan,nan,nan,nan
1945,48.625,1.554826910e-06,1.250543968e-06,nan,nan,nan,nan
1946,48.65,1.562948602e-06,1.256993485e-06,nan,nan,nan,nan
1947,48.675,1.571050014e-06,1.263425822e-06,nan,nan,nan,nan
1948,48.7,1.579130639e-06,1.269840594e-06,nan,nan,nan,nan
1949,48.725,1.587189985e-06,1.276237420e-06,nan,nan,nan,nan
1950,48.75,1.595227558e-06,1.282615914e-06,nan,nan,nan,nan
1951,48.775,1.603242871e-06,1.288975697e-06,nan,nan,nan,nan
1952,48.8,1.611235434e-06,1.295316389e-06,nan,nan,nan,nan
1953,48.825,1.619204763e-06,1.301637613e-06,nan,nan,nan,nan
1954,48.85,1.627150378e-06,1.307939006e-06,nan,nan,nan,nan
1955,48.875,1.635071807e-06,1.314220198e-06,nan,nan,nan,nan
1956,48.9,1.642968581e-06,1.320480827e-06,nan,nan,nan,nan
1957,48.925,1.650840233e-06,1.326720531e-06,nan,nan,nan,nan
1958,48.95,1.658686298e-06,1.332938953e-06,nan,nan,nan,nan
1959,48.975,1.666506318e-06,1.339135743e-06,nan,nan,nan,nan
1960,49,1.674299845e-06,1.345310560e-06,nan,nan,1.459943e-13,1.987299e-13
1961,49.025,1.682066432e-06,1.351463059e-06,nan,nan,nan,nan
1962,49.05,1.689805638e-06,1.357592899e-06,nan,nan,nan,nan
1963,49.075,1.697517021e-06,1.363699738e-06,nan,nan,nan,nan
1964,49.1,1.705200142e-06,1.369783243e-06,nan,nan,nan,nan
1965,49.125,1.712854573e-06,1.375843087e-06,nan,nan,nan,nan
1966,49.15,1.720479892e-06,1.381878951e-06,nan,nan,nan,nan
1967,49.175,1.728075683e-06,1.387890519e-06,nan,nan,nan,nan
1968,49.2,1.735641532e-06,1.393877473e-06,nan,nan,nan,nan
1969,49.225,1.743177029e-06,1.399839499e-06,nan,nan,nan,nan
1970,49.25,1.750681769e-06,1.405776290e-06,nan,nan,nan,nan
1971,49.275,1.758155352e-06,1.411687542e-06,nan,nan,nan,nan
1972,49.3,1.765597385e-06,1.417572959e-06,nan,nan,nan,nan
1973,49.325,1.773007482e-06,1.423432249e-06,nan,nan,nan,nan
1974,49.35,1.780385261e-06,1.429265120e-06,nan,nan,nan,nan
1975,49.375,1.787730341e-06,1.435071288e-06,nan,nan,nan,nan
1976,49.4,1.795042353e-06,1.440850473e-06,nan,nan,nan,nan
1977,49.425,1.802320930e-06,1.446602401e-06,nan,nan,nan,nan
1978,49.45,1.809598880e-06,1.452326803e-06,nan,nan,nan,nan
1979,49.475,1.816849137e-06,1.458023408e-06,nan,nan,nan,nan
1980,49.5,1.824064271e-06,1.463691952e-06,nan,nan,1.473821e-13,1.976197e-13
1981,49.525,1.831243929e-06,1.469332179e-06,nan,nan,nan,nan
1982,49.55,1.838387767e-06,1.474943835e-06,nan,nan,nan,nan
1983,49.575,1.845495449e-06,1.480526676e-06,nan,nan,nan,nan
1984,49.6,1.852566645e-06,1.486080464e-06,nan,nan,nan,nan
1985,49.625,1.859601029e-06,1.491604956e-06,nan,nan,nan,nan
1986,49.65,1.866598277e-06,1.497099918e-06,nan,nan,nan,nan
1987,49.675,1.873558074e-06,1.502565113e-06,nan,nan,nan,nan
1988,49.7,1.880480112e-06,1.508000324e-06,nan,nan,nan,nan
1989,49.725,1.887364091e-06,1.513405334e-06,nan,nan,nan,nan
1990,49.75,1.894209715e-06,1.518779927e-06,nan,nan,nan,nan
1991,49.775,1.901016698e-06,1.524123896e-06,nan,nan,nan,nan
1992,49.8,1.907784755e-06,1.529437035e-06,nan,nan,nan,nan
1993,49.825,1.914513608e-06,1.534719143e-06,nan,nan,nan,nan
1994,49.85,1.921202990e-06,1.539970027e-06,nan,nan,nan,nan
1995,49.875,1.927852636e-06,1.545189496e-06,nan,nan,nan,nan
1996,49.9,1.934462289e-06,1.550377367e-06,nan,nan,nan,nan
1997,49.925,1.941031697e-06,1.555533458e-06,nan,nan,nan,nan
1998,49.95,1.947560616e-06,1.560657595e-06,nan,nan,nan,nan
1999,49.975,1.954048807e-06,1.565749605e-06,nan,nan,nan,nan
2000,50,1.960496042e-06,1.570809332e-06,nan,nan,1.512679e-13,2.042810e-13
2001,50.025,1.966902097e-06,1.575836614e-06,nan,nan,nan,nan
2002,50.05,1.973266755e-06,1.580831293e-06,nan,nan,nan,nan
2003,50.075,1.979589800e-06,1.585793219e-06,nan,nan,nan,nan
2004,50.1,1.985871025e-06,1.590722243e-06,nan,nan,nan,nan
2005,50.125,1.992110232e-06,1.595618229e-06,nan,nan,nan,nan
2006,50.15,1.998307234e-06,1.600481044e-06,nan,nan,nan,nan
2007,50.175,2.004461845e-06,1.605310563e-06,nan,nan,nan,nan
2008,50.2,2.010573887e-06,1.610106658e-06,nan,nan,nan,nan
2009,50.225,2.016643186e-06,1.614869205e-06,nan,nan,nan,nan
2010,50.25,2.022669575e-06,1.619598091e-06,nan,nan,nan,nan
2011,50.275,2.028652894e-06,1.624293202e-06,nan,nan,nan,nan
2012,50.3,2.034592994e-06,1.628954441e-06,nan,nan,nan,nan
2013,50.325,2.040489728e-06,1.633581704e-06,nan,nan,nan,nan
2014,50.35,2.046342958e-06,1.638174898e-06,nan,nan,nan,nan
2015,50.375,2.052152549e-06,1.642733932e-06,nan,nan,nan,nan
2016,50.4,2.057918376e-06,1.647258720e-06,nan,nan,nan,nan
2017,50.425,2.063640322e-06,1.651749186e-06,nan,nan,nan,nan
2018,50.45,2.069318273e-06,1.656205254e-06,nan,nan,nan,nan
2019,50.475,2.074952124e-06,1.660626851e-06,nan,nan,nan,nan
2020,50.5,2.080541771e-06,1.665013913e-06,nan,nan,1.570966e-13,2.098322e-13
2021,50.525,2.086087120e-06,1.669366375e-06,nan,nan,nan,nan
2022,50.55,2.091588086e-06,1.673684189e-06,nan,nan,nan,nan
2023,50.575,2.097044592e-06,1.677967299e-06,nan,nan,nan,nan
2024,50.6,2.102456565e-06,1.682215667e-06,nan,nan,nan,nan
2025,50.625,2.107823937e-06,1.686429247e-06,nan,nan,nan,nan
2026,50.65,2.113146643e-06,1.690608003e-06,nan,nan,nan,nan
2027,50.675,2.118424627e-06,1.694751896e-06,nan,nan,nan,nan
2028,50.7,2.123657844e-06,1.698860909e-06,nan,nan,nan,nan
2029,50.725,2.128846253e-06,1.702935020e-06,nan,nan,nan,nan
2030,50.75,2.133989821e-06,1.706974208e-06,nan,nan,nan,nan
2031,50.775,2.139088517e-06,1.710978462e-06,nan,nan,nan,nan
2032,50.8,2.144142314e-06,1.714947774e-06,nan,nan,nan,nan
2033,50.825,2.149151201e-06,1.718882141e-06,nan,nan,nan,nan
2034,50.85,2.154115164e-06,1.722781565e-06,nan,nan,nan,nan
2035,50.875,2.159034203e-06,1.726646050e-06,nan,nan,nan,nan
2036,50.9,2.163908314e-06,1.730475606e-06,nan,nan,nan,nan
2037,50.925,2.168737507e-06,1.734270248e-06,nan,nan,nan,nan
2038,50.95,2.173521795e-06,1.738029996e-06,nan,nan,nan,nan
2039,50.975,2.178261200e-06,1.741754875e-06,nan,nan,nan,nan
2040,51,2.182955754e-06,1.745444918e-06,nan,nan,1.620926e-13,1.987299e-13
2041,51.025,2.187605485e-06,1.749100153e-06,nan,nan,nan,nan
2042,51.05,2.192210429e-06,1.752720615e-06,nan,nan,nan,nan
2043,51.075,2.196770627e-06,1.756306344e-06,nan,nan,nan,nan
2044,51.1,2.201286128e-06,1.759857386e-06,nan,nan,nan,nan
2045,51.125,2.205756992e-06,1.763373796e-06,nan,nan,nan,nan
2046,51.15,2.210183282e-06,1.766855628e-06,nan,nan,nan,nan
2047,51.175,2.214565067e-06,1.770302940e-06,nan,nan,nan,nan
2048,51.2,2.218902412e-06,1.773715792e-06,nan,nan,nan,nan
2049,51.225,2.223195399e-06,1.777094249e-06,nan,nan,nan,nan
2050,51.25,2.227444108e-06,1.780438382e-06,nan,nan,nan,nan
2051,51.275,2.231648629e-06,1.783748267e-06,nan,nan,nan,nan
2052,51.3,2.235809059e-06,1.787023982e-06,nan,nan,nan,nan
2053,51.325,2.239925499e-06,1.790265611e-06,nan,nan,nan,nan
2054,51.35,2.243998050e-06,1.793473239e-06,nan,nan,nan,nan
2055,51.375,2.248026824e-06,1.796646956e-06,nan,nan,nan,nan
2056,51.4,2.252011939e-06,1.799786859e-06,nan,nan,nan,nan
2057,51.425,2.255953517e-06,1.802893043e-06,nan,nan,nan,nan
2058,51.45,2.259851680e-06,1.805965609e-06,nan,nan,nan,nan
2059,51.475,2.263706559e-06,1.809004659e-06,nan,nan,nan,nan
2060,51.5,2.267518285e-06,1.812010302e-06,nan,nan,1.587619e-13,1.998401e-13
2061,51.525,2.271287003e-06,1.814982657e-06,nan,nan,nan,nan
2062,51.55,2.275012862e-06,1.817921839e-06,nan,nan,nan,nan
2063,51.575,2.278696015e-06,1.820827965e-06,nan,nan,nan,nan
2064,51.6,2.282336615e-06,1.823701159e-06,nan,nan,nan,nan
2065,51.625,2.285934819e-06,1.826541541e-06,nan,nan,nan,nan
2066,51.65,2.289490786e-06,1.829349244e-06,nan,nan,nan,nan
2067,51.675,2.293004686e-06,1.832124396e-06,nan,nan,nan,nan
2068,51.7,2.296476697e-06,1.834867142e-06,nan,nan,nan,nan
2069,51.725,2.299906999e-06,1.837577620e-06,nan,nan,nan,nan
2070,51.75,2.303295773e-06,1.840255969e-06,nan,nan,nan,nan
2071,51.775,2.306643204e-06,1.842902333e-06,nan,nan,nan,nan
2072,51.8,2.309949479e-06,1.845516861e-06,nan,nan,nan,nan
2073,51.825,2.313214795e-06,1.848099704e-06,nan,nan,nan,nan
2074,51.85,2.316439350e-06,1.850651018e-06,nan,nan,nan,nan
2075,51.875,2.319623348e-06,1.853170958e-06,nan,nan,nan,nan
2076,51.9,2.322766991e-06,1.855659682e-06,nan,nan,nan,nan
2077,51.925,2.325870490e-06,1.858117355e-06,nan,nan,nan,nan
2078,51.95,2.328934061e-06,1.860544144e-06,nan,nan,nan,nan
2079,51.975,2.331957926e-06,1.862940218e-06,nan,nan,nan,nan
2080,52,2.334942305e-06,1.865305746e-06,nan,nan,1.540434e-13,1.976197e-13
2081,52.025,2.337887419e-06,1.867640897e-06,nan,nan,nan,nan
2082,52.05,2.340793492e-06,1.869945845e-06,nan,nan,nan,nan
2083,52.075,2.343660755e-06,1.872220770e-06,nan,nan,nan,nan
2084,52.1,2.346489445e-06,1.874465856e-06,nan,nan,nan,nan
2085,52.125,2.349279807e-06,1.876681289e-06,nan,nan,nan,nan
2086,52.15,2.352032083e-06,1.878867249e-06,nan,nan,nan,nan
2087,52.175,2.354746512e-06,1.881023923e-06,nan,nan,nan,nan
2088,52.2,2.357423338e-06,1.883151495e-06,nan,nan,nan,nan
2089,52.225,2.360062809e-06,1.885250158e-06,nan,nan,nan,nan
2090,52.25,2.362665182e-06,1.887320112e-06,nan,nan,nan,nan
2091,52.275,2.365230714e-06,1.889361548e-06,nan,nan,nan,nan
2092,52.3,2.367759664e-06,1.891374666e-06,nan,nan,nan,nan
2093,52.325,2.370252290e-06,1.893359660e-06,nan,nan,nan,nan
2094,52.35,2.372708855e-06,1.895316733e-06,nan,nan,nan,nan
2095,52.375,2.375129626e-06,1.897246091e-06,nan,nan,nan,nan
2096,52.4,2.377514875e-06,1.899147936e-06,nan,nan,nan,nan
2097,52.425,2.379864870e-06,1.901022473e-06,nan,nan,nan,nan
2098,52.45,2.382179879e-06,1.902869906e-06,nan,nan,nan,nan
2099,52.475,2.384460177e-06,1.904690444e-06,nan,nan,nan,nan
2100,52.5,2.386706039e-06,1.906484302e-06,nan,nan,1.557088e-13,1.898481e-13
2101,52.525,2.388917752e-06,1.908251697e-06,nan,nan,nan,nan
2102,52.55,2.391095597e-06,1.909992841e-06,nan,nan,nan,nan
2103,52.575,2.393239858e-06,1.911707942e-06,nan,nan,nan,nan
2104,52.6,2.395350815e-06,1.913397215e-06,nan,nan,nan,nan
2105,52.625,2.397456275e-06,1.915060874e-06,nan,nan,nan,nan
2106,52.65,2.399529326e-06,1.916699142e-06,nan,nan,nan,nan
2107,52.675,2.401570024e-06,1.918312240e-06,nan,nan,nan,nan
2108,52.7,2.403578652e-06,1.919900394e-06,nan,nan,nan,nan
2109,52.725,2.405555496e-06,1.921463819e-06,nan,nan,nan,nan
2110,52.75,2.407500836e-06,1.923002733e-06,nan,nan,nan,nan
2111,52.775,2.409414958e-06,1.924517360e-06,nan,nan,nan,nan
2112,52.8,2.411298147e-06,1.926007924e-06,nan,nan,nan,nan
2113,52.825,2.413150695e-06,1.927474653e-06,nan,nan,nan,nan
2114,52.85,2.414972893e-06,1.928917773e-06,nan,nan,nan,nan
2115,52.875,2.416765030e-06,1.930337504e-06,nan,nan,nan,nan
2116,52.9,2.418527395e-06,1.931734071e-06,nan,nan,nan,nan
2117,52.925,2.420260282e-06,1.933107711e-06,nan,nan,nan,nan
2118,52.95,2.421963988e-06,1.934458647e-06,nan,nan,nan,nan
2119,52.975,2.423638809e-06,1.935787108e-06,nan,nan,nan,nan
2120,53,2.425285038e-06,1.937093318e-06,nan,nan,1.582068e-13,1.920686e-13
2121,53.025,2.426902963e-06,1.938377501e-06,nan,nan,nan,nan
2122,53.05,2.428492877e-06,1.939639889e-06,nan,nan,nan,nan
2123,53.075,2.430055080e-06,1.940880715e-06,nan,nan,nan,nan
2124,53.1,2.431589872e-06,1.942100212e-06,nan,nan,nan,nan
2125,53.125,2.433097556e-06,1.943298609e-06,nan,nan,nan,nan
2126,53.15,2.434578424e-06,1.944476128e-06,nan,nan,nan,nan
2127,53.175,2.436032769e-06,1.945632998e-06,nan,nan,nan,nan
2128,53.2,2.437460885e-06,1.946769446e-06,nan,nan,nan,nan
2129,53.225,2.438863069e-06,1.947885705e-06,nan,nan,nan,nan
2130,53.25,2.440239623e-06,1.948982010e-06,nan,nan,nan,nan
2131,53.275,2.441590844e-06,1.950058587e-06,nan,nan,nan,nan
2132,53.3,2.442917031e-06,1.951115662e-06,nan,nan,nan,nan
2133,53.325,2.444218476e-06,1.952153464e-06,nan,nan,nan,nan
2134,53.35,2.445495476e-06,1.953172220e-06,nan,nan,nan,nan
2135,53.375,2.446748327e-06,1.954172162e-06,nan,nan,nan,nan
2136,53.4,2.447977327e-06,1.955153515e-06,nan,nan,nan,nan
2137,53.425,2.449182767e-06,1.956116503e-06,nan,nan,nan,nan
2138,53.45,2.450364939e-06,1.957061351e-06,nan,nan,nan,nan
2139,53.475,2.451524136e-06,1.957988286e-06,nan,nan,nan,nan
2140,53.5,2.452660654e-06,1.958897541e-06,nan,nan,1.576517e-13,1.953993e-13
2141,53.525,2.453774790e-06,1.959789343e-06,nan,nan,nan,nan
2142,53.55,2.454866838e-06,1.960663910e-06,nan,nan,nan,nan
2143,53.575,2.455937084e-06,1.961521458e-06,nan,nan,nan,nan
2144,53.6,2.456985811e-06,1.962362210e-06,nan,nan,nan,nan
2145,53.625,2.458013305e-06,1.963186391e-06,nan,nan,nan,nan
2146,53.65,2.459019859e-06,1.963994229e-06,nan,nan,nan,nan
2147,53.675,2.460005765e-06,1.964785943e-06,nan,nan,nan,nan
2148,53.7,2.460971311e-06,1.965561753e-06,nan,nan,nan,nan
2149,53.725,2.461916778e-06,1.966321873e-06,nan,nan,nan,nan
2150,53.75,2.462842446e-06,1.967066515e-06,nan,nan,nan,nan
2151,53.775,2.463748592e-06,1.967795899e-06,nan,nan,nan,nan
2152,53.8,2.464635503e-06,1.968510243e-06,nan,nan,nan,nan
2153,53.825,2.465503458e-06,1.969209764e-06,nan,nan,nan,nan
2154,53.85,2.466352734e-06,1.969894671e-06,nan,nan,nan,nan
2155,53.875,2.467183608e-06,1.970565174e-06,nan,nan,nan,nan
2156,53.9,2.467996354e-06,1.971221486e-06,nan,nan,nan,nan
2157,53.925,2.468791244e-06,1.971863822e-06,nan,nan,nan,nan
2158,53.95,2.469568557e-06,1.972492392e-06,nan,nan,nan,nan
2159,53.975,2.470328561e-06,1.973107392e-06,nan,nan,nan,nan
2160,54,2.471071520e-06,1.973709030e-06,nan,nan,1.570966e-13,1.965095e-13
2161,54.025,2.471797697e-06,1.974297508e-06,nan,nan,nan,nan
2162,54.05,2.472507357e-06,1.974873035e-06,nan,nan,nan,nan
2163,54.075,2.473200769e-06,1.975435820e-06,nan,nan,nan,nan
2164,54.1,2.473878201e-06,1.975986061e-06,nan,nan,nan,nan
2165,54.125,2.474539909e-06,1.976523955e-06,nan,nan,nan,nan
2166,54.15,2.475186149e-06,1.977049690e-06,nan,nan,nan,nan
2167,54.175,2.475817169e-06,1.977563465e-06,nan,nan,nan,nan
2168,54.2,2.476433225e-06,1.978065478e-06,nan,nan,nan,nan
2169,54.225,2.477034571e-06,1.978555926e-06,nan,nan,nan,nan
2170,54.25,2.477621464e-06,1.979035005e-06,nan,nan,nan,nan
2171,54.275,2.478194148e-06,1.979502895e-06,nan,nan,nan,nan
2172,54.3,2.478752867e-06,1.979959787e-06,nan,nan,nan,nan
2173,54.325,2.479297864e-06,1.980405866e-06,nan,nan,nan,nan
2174,54.35,2.479829380e-06,1.980841323e-06,nan,nan,nan,nan
2175,54.375,2.480347659e-06,1.981266340e-06,nan,nan,nan,nan
2176,54.4,2.480852935e-06,1.981681096e-06,nan,nan,nan,nan
2177,54.425,2.481345442e-06,1.982085769e-06,nan,nan,nan,nan
2178,54.45,2.481825409e-06,1.982480540e-06,nan,nan,nan,nan
2179,54.475,2.482293071e-06,1.982865590e-06,nan,nan,nan,nan
2180,54.5,2.482748660e-06,1.983241098e-06,nan,nan,1.545986e-13,1.942890e-13
2181,54.525,2.483192404e-06,1.983607237e-06,nan,nan,nan,nan
2182,54.55,2.483624524e-06,1.983964172e-06,nan,nan,nan,nan
2183,54.575,2.484045235e-06,1.984312062e-06,nan,nan,nan,nan
2184,54.6,2.484454755e-06,1.984651087e-06,nan,nan,nan,nan
2185,54.625,2.484853302e-06,1.984981416e-06,nan,nan,nan,nan
2186,54.65,2.485241097e-06,1.985303220e-06,nan,nan,nan,nan
2187,54.675,2.485618354e-06,1.985616655e-06,nan,nan,nan,nan
2188,54.7,2.485985280e-06,1.985921882e-06,nan,nan,nan,nan
2189,54.725,2.486342080e-06,1.986219059e-06,nan,nan,nan,nan
2190,54.75,2.486688954e-06,1.986508338e-06,nan,nan,nan,nan
2191,54.775,2.487026110e-06,1.986789883e-06,nan,nan,nan,nan
2192,54.8,2.487353747e-06,1.987063848e-06,nan,nan,nan,nan
2193,54.825,2.487672063e-06,1.987330383e-06,nan,nan,nan,nan
2194,54.85,2.487981253e-06,1.987589640e-06,nan,nan,nan,nan
2195,54.875,2.488281509e-06,1.987841764e-06,nan,nan,nan,nan
2196,54.9,2.488573022e-06,1.988086906e-06,nan,nan,nan,nan
2197,54.925,2.488855981e-06,1.988325211e-06,nan,nan,nan,nan
2198,54.95,2.489130572e-06,1.988556818e-06,nan,nan,nan,nan
2199,54.975,2.489396974e-06,1.988781865e-06,nan,nan,nan,nan
2200,55,2.489655365e-06,1.989000492e-06,nan,nan,1.579292e-13,1.953993e-13
2201,55.025,2.489905923e-06,1.989212840e-06,nan,nan,nan,nan
2202,55.05,2.490148829e-06,1.989419049e-06,nan,nan,nan,nan
2203,55.075,2.490384259e-06,1.989619253e-06,nan,nan,nan,nan
2204,55.1,2.490612381e-06,1.989813580e-06,nan,nan,nan,nan
2205,55.125,2.490833362e-06,1.990002156e-06,nan,nan,nan,nan
2206,55.15,2.491047361e-06,1.990185104e-06,nan,nan,nan,nan
2207,55.175,2.491254544e-06,1.990362558e-06,nan,nan,nan,nan
2208,55.2,2.491455073e-06,1.990534645e-06,nan,nan,nan,nan
2209,55.225,2.491649109e-06,1.990701487e-06,nan,nan,nan,nan
2210,55.25,2.491836808e-06,1.990863206e-06,nan,nan,nan,nan
2211,55.275,2.492018323e-06,1.991019916e-06,nan,nan,nan,nan
2212,55.3,2.492193802e-06,1.991171736e-06,nan,nan,nan,nan
2213,55.325,2.492363394e-06,1.991318778e-06,nan,nan,nan,nan
2214,55.35,2.492527247e-06,1.991461160e-06,nan,nan,nan,nan
2215,55.375,2.492685503e-06,1.991598992e-06,nan,nan,nan,nan
2216,55.4,2.492838304e-06,1.991732383e-06,nan,nan,nan,nan
2217,55.425,2.492985787e-06,1.991861441e-06,nan,nan,nan,nan
2218,55.45,2.493128091e-06,1.991986277e-06,nan,nan,nan,nan
2219,55.475,2.493265352e-06,1.992106995e-06,nan,nan,nan,nan
2220,55.5,2.493397702e-06,1.992223697e-06,nan,nan,1.651457e-13,1.987299e-13
2221,55.525,2.493525270e-06,1.992336481e-06,nan,nan,nan,nan
2222,55.55,2.493648181e-06,1.992445442e-06,nan,nan,nan,nan
2223,55.575,2.493766556e-06,1.992550680e-06,nan,nan,nan,nan
2224,55.6,2.493880523e-06,1.992652296e-06,nan,nan,nan,nan
2225,55.625,2.493990202e-06,1.992750388e-06,nan,nan,nan,nan
2226,55.65,2.494095716e-06,1.992845046e-06,nan,nan,nan,nan
2227,55.675,2.494197178e-06,1.992936354e-06,nan,nan,nan,nan
2228,55.7,2.494294698e-06,1.993024403e-06,nan,nan,nan,nan
2229,55.725,2.494388388e-06,1.993109282e-06,nan,nan,nan,nan
2230,55.75,2.494478360e-06,1.993191075e-06,nan,nan,nan,nan
2231,55.775,2.494564720e-06,1.993269872e-06,nan,nan,nan,nan
2232,55.8,2.494647577e-06,1.993345755e-06,nan,nan,nan,nan
2233,55.825,2.494727030e-06,1.993418799e-06,nan,nan,nan,nan
2234,55.85,2.494803179e-06,1.993489089e-06,nan,nan,nan,nan
2235,55.875,2.494876126e-06,1.993556697e-06,nan,nan,nan,nan
2236,55.9,2.494945966e-06,1.993621708e-06,nan,nan,nan,nan
2237,55.925,2.495012797e-06,1.993684192e-06,nan,nan,nan,nan
2238,55.95,2.495076708e-06,1.993744219e-06,nan,nan,nan,nan
2239,55.975,2.495137788e-06,1.993801861e-06,nan,nan,nan,nan
2240,56,2.495196128e-06,1.993857192e-06,nan,nan,1.718070e-13,2.098322e-13
2241,56.025,2.495251816e-06,1.993910284e-06,nan,nan,nan,nan
2242,56.05,2.495304939e-06,1.993961202e-06,nan,nan,nan,nan
2243,56.075,2.495355580e-06,1.994010013e-06,nan,nan,nan,nan
2244,56.1,2.495403816e-06,1.994056775e-06,nan,nan,nan,nan
2245,56.125,2.495449725e-06,1.994101551e-06,nan,nan,nan,nan
2246,56.15,2.495493384e-06,1.994144405e-06,nan,nan,nan,nan
2247,56.175,2.495534874e-06,1.994185402e-06,nan,nan,nan,nan
2248,56.2,2.495574269e-06,1.994224602e-06,nan,nan,nan,nan
2249,56.225,2.495611639e-06,1.994262059e-06,nan,nan,nan,nan
2250,56.25,2.495647055e-06,1.994297827e-06,nan,nan,nan,nan
2251,56.275,2.495680582e-06,1.994331962e-06,nan,nan,nan,nan
2252,56.3,2.495712289e-06,1.994364517e-06,nan,nan,nan,nan
2253,56.325,2.495742243e-06,1.994395548e-06,nan,nan,nan,nan
2254,56.35,2.495770507e-06,1.994425104e-06,nan,nan,nan,nan
2255,56.375,2.495797141e-06,1.994453233e-06,nan,nan,nan,nan
2256,56.4,2.495822206e-06,1.994479985e-06,nan,nan,nan,nan
2257,56.425,2.495845760e-06,1.994505410e-06,nan,nan,nan,nan
2258,56.45,2.495867865e-06,1.994529556e-06,nan,nan,nan,nan
2259,56.475,2.495888575e-06,1.994552465e-06,nan,nan,nan,nan
2260,56.5,2.495907941e-06,1.994574177e-06,nan,nan,1.729172e-13,2.003953e-13
2261,56.525,2.495926015e-06,1.994594736e-06,nan,nan,nan,nan
2262,56.55,2.495942848e-06,1.994614185e-06,nan,nan,nan,nan
2263,56.575,2.495958493e-06,1.994632568e-06,nan,nan,nan,nan
2264,56.6,2.495973002e-06,1.994649927e-06,nan,nan,nan,nan
2265,56.625,2.495986422e-06,1.994666298e-06,nan,nan,nan,nan
2266,56.65,2.495998792e-06,1.994681716e-06,nan,nan,nan,nan
2267,56.675,2.496010157e-06,1.994696210e-06,nan,nan,nan,nan
2268,56.7,2.496020560e-06,1.994709824e-06,nan,nan,nan,nan
2269,56.725,2.496030046e-06,1.994722594e-06,nan,nan,nan,nan
2270,56.75,2.496038656e-06,1.994734553e-06,nan,nan,nan,nan
2271,56.775,2.496046429e-06,1.994745732e-06,nan,nan,nan,nan
2272,56.8,2.496053403e-06,1.994756163e-06,nan,nan,nan,nan
2273,56.825,2.496059613e-06,1.994765876e-06,nan,nan,nan,nan
2274,56.85,2.496065098e-06,1.994774903e-06,nan,nan,nan,nan
2275,56.875,2.496069891e-06,1.994783270e-06,nan,nan,nan,nan
2276,56.9,2.496074024e-06,1.994791003e-06,nan,nan,nan,nan
2277,56.925,2.496077529e-06,1.994798133e-06,nan,nan,nan,nan
2278,56.95,2.496080437e-06,1.994804684e-06,nan,nan,nan,nan
2279,56.975,2.496082782e-06,1.994810685e-06,nan,nan,nan,nan
2280,57,2.496084596e-06,1.994816162e-06,nan,nan,1.698641e-13,2.053913e-13
2281,57.025,2.496085905e-06,1.994821138e-06,nan,nan,nan,nan
2282,57.05,2.496086734e-06,1.994825633e-06,nan,nan,nan,nan
2283,57.075,2.496087104e-06,1.994829664e-06,nan,nan,nan,nan
2284,57.1,2.496087045e-06,1.994833260e-06,nan,nan,nan,nan
2285,57.125,2.496091403e-06,1.994836443e-06,nan,nan,nan,nan
2286,57.15,2.496096250e-06,1.994839235e-06,nan,nan,nan,nan
2287,57.175,2.496100404e-06,1.994841655e-06,nan,nan,nan,nan
2288,57.2,2.496103895e-06,1.994843717e-06,nan,nan,nan,nan
2289,57.225,2.496106751e-06,1.994845437e-06,nan,nan,nan,nan
2290,57.25,2.496109007e-06,1.994846840e-06,nan,nan,nan,nan
2291,57.275,2.496110698e-06,1.994847941e-06,nan,nan,nan,nan
2292,57.3,2.496116449e-06,1.994848756e-06,nan,nan,nan,nan
2293,57.325,2.496124703e-06,1.994853301e-06,nan,nan,nan,nan
2294,57.35,2.496132065e-06,1.994857396e-06,nan,nan,nan,nan
2295,57.375,2.496138569e-06,1.994861027e-06,nan,nan,nan,nan
2296,57.4,2.496144258e-06,1.994864222e-06,nan,nan,nan,nan
2297,57.425,2.496149171e-06,1.994867004e-06,nan,nan,nan,nan
2298,57.45,2.496153354e-06,1.994869394e-06,nan,nan,nan,nan
2299,57.475,2.496156845e-06,1.994871410e-06,nan,nan,nan,nan
2300,57.5,2.496159671e-06,1.994873067e-06,nan,nan,1.734723e-13,2.087219e-13
2301,57.525,2.496161863e-06,1.994874387e-06,nan,nan,nan,nan
2302,57.55,2.496163449e-06,1.994875390e-06,nan,nan,nan,nan
2303,57.575,2.496164465e-06,1.994876094e-06,nan,nan,nan,nan
2304,57.6,2.496164948e-06,1.994876510e-06,nan,nan,nan,nan
2305,57.625,2.496168275e-06,1.994876655e-06,nan,nan,nan,nan
2306,57.65,2.496174976e-06,1.994876546e-06,nan,nan,nan,nan
2307,57.675,2.496180815e-06,1.994876201e-06,nan,nan,nan,nan
2308,57.7,2.496185830e-06,1.994876160e-06,nan,nan,nan,nan
2309,57.725,2.496190065e-06,1.994878523e-06,nan,nan,nan,nan
2310,57.75,2.496193560e-06,1.994880490e-06,nan,nan,nan,nan
2311,57.775,2.496196356e-06,1.994882081e-06,nan,nan,nan,nan
2312,57.8,2.496198486e-06,1.994883314e-06,nan,nan,nan,nan
2313,57.825,2.496199981e-06,1.994884213e-06,nan,nan,nan,nan
2314,57.85,2.496200873e-06,1.994884800e-06,nan,nan,nan,nan
2315,57.875,2.496201195e-06,1.994885088e-06,nan,nan,nan,nan
2316,57.9,2.496200980e-06,1.994885090e-06,nan,nan,nan,nan
2317,57.925,2.496200259e-06,1.994888145e-06,nan,nan,nan,nan
2318,57.95,2.496199062e-06,1.994891390e-06,nan,nan,nan,nan
2319,57.975,2.496197413e-06,1.994894172e-06,nan,nan,nan,nan
2320,58,2.496195343e-06,1.994896516e-06,nan,nan,1.734723e-13,2.120526e-13
2321,58.025,2.496192877e-06,1.994898444e-06,nan,nan,nan,nan
2322,58.05,2.496190042e-06,1.994899977e-06,nan,nan,nan,nan
2323,58.075,2.496186859e-06,1.994901129e-06,nan,nan,nan,nan
2324,58.1,2.496183348e-06,1.994901922e-06,nan,nan,nan,nan
2325,58.125,2.496179533e-06,1.994902378e-06,nan,nan,nan,nan
2326,58.15,2.496175438e-06,1.994902521e-06,nan,nan,nan,nan
2327,58.175,2.496171087e-06,1.994902371e-06,nan,nan,nan,nan
2328,58.2,2.496166500e-06,1.994901942e-06,nan,nan,nan,nan
2329,58.225,2.496161695e-06,1.994901242e-06,nan,nan,nan,nan
2330,58.25,2.496156684e-06,1.994900289e-06,nan,nan,nan,nan
2331,58.275,2.496151484e-06,1.994899100e-06,nan,nan,nan,nan
2332,58.3,2.496146115e-06,1.994897696e-06,nan,nan,nan,nan
2333,58.325,2.496140597e-06,1.994896091e-06,nan,nan,nan,nan
2334,58.35,2.496134945e-06,1.994894299e-06,nan,nan,nan,nan
2335,58.375,2.496129172e-06,1.994892327e-06,nan,nan,nan,nan
2336,58.4,2.496123291e-06,1.994890191e-06,nan,nan,nan,nan
2337,58.425,2.496117315e-06,1.994887902e-06,nan,nan,nan,nan
2338,58.45,2.496111258e-06,1.994885475e-06,nan,nan,nan,nan
2339,58.475,2.496105132e-06,1.994882918e-06,nan,nan,nan,nan
2340,58.5,2.496098948e-06,1.994880241e-06,nan,nan,1.826317e-13,2.187139e-13
2341,58.525,2.496092715e-06,1.994877454e-06,nan,nan,nan,nan
2342,58.55,2.496086446e-06,1.994874572e-06,nan,nan,nan,nan
2343,58.575,2.496080152e-06,1.994871605e-06,nan,nan,nan,nan
2344,58.6,2.496073844e-06,1.994868562e-06,nan,nan,nan,nan
2345,58.625,2.496067530e-06,1.994865444e-06,nan,nan,nan,nan
2346,58.65,2.496061213e-06,1.994862257e-06,nan,nan,nan,nan
2347,58.675,2.496054901e-06,1.994859012e-06,nan,nan,nan,nan
2348,58.7,2.496048602e-06,1.994855724e-06,nan,nan,nan,nan
2349,58.725,2.496042331e-06,1.994852401e-06,nan,nan,nan,nan
2350,58.75,2.496036093e-06,1.994849048e-06,nan,nan,nan,nan
2351,58.775,2.496029892e-06,1.994845665e-06,nan,nan,nan,nan
2352,58.8,2.496023732e-06,1.994842256e-06,nan,nan,nan,nan
2353,58.825,2.496017615e-06,1.994838829e-06,nan,nan,nan,nan
2354,58.85,2.496011549e-06,1.994835393e-06,nan,nan,nan,nan
2355,58.875,2.496005541e-06,1.994831954e-06,nan,nan,nan,nan
2356,58.9,2.495999596e-06,1.994828516e-06,nan,nan,nan,nan
2357,58.925,2.495993716e-06,1.994825081e-06,nan,nan,nan,nan
2358,58.95,2.495987905e-06,1.994821654e-06,nan,nan,nan,nan
2359,58.975,2.495982166e-06,1.994818241e-06,nan,nan,nan,nan
2360,59,2.495976504e-06,1.994814846e-06,nan,nan,1.842970e-13,2.198242e-13
2361,59.025,2.495970923e-06,1.994811471e-06,nan,nan,nan,nan
2362,59.05,2.495965422e-06,1.994808115e-06,nan,nan,nan,nan
2363,59.075,2.495960000e-06,1.994804782e-06,nan,nan,nan,nan
2364,59.1,2.495954664e-06,1.994801480e-06,nan,nan,nan,nan
2365,59.125,2.495949416e-06,1.994798214e-06,nan,nan,nan,nan
2366,59.15,2.495944262e-06,1.994794987e-06,nan,nan,nan,nan
2367,59.175,2.495939201e-06,1.994791797e-06,nan,nan,nan,nan
2368,59.2,2.495934230e-06,1.994788638e-06,nan,nan,nan,nan
2369,59.225,2.495929349e-06,1.994785516e-06,nan,nan,nan,nan
2370,59.25,2.495924559e-06,1.994782437e-06,nan,nan,nan,nan
2371,59.275,2.495919865e-06,1.994779406e-06,nan,nan,nan,nan
2372,59.3,2.495915269e-06,1.994776424e-06,nan,nan,nan,nan
2373,59.325,2.495910771e-06,1.994773488e-06,nan,nan,nan,nan
2374,59.35,2.495906367e-06,1.994770597e-06,nan,nan,nan,nan
2375,59.375,2.495902057e-06,1.994767753e-06,nan,nan,nan,nan
2376,59.4,2.495897842e-06,1.994764960e-06,nan,nan,nan,nan
2377,59.425,2.495893725e-06,1.994762219e-06,nan,nan,nan,nan
2378,59.45,2.495889702e-06,1.994759528e-06,nan,nan,nan,nan
2379,59.475,2.495885774e-06,1.994756887e-06,nan,nan,nan,nan
2380,59.5,2.495881939e-06,1.994754298e-06,nan,nan,1.837419e-13,2.275957e-13
2381,59.525,2.495878199e-06,1.994751765e-06,nan,nan,nan,nan
2382,59.55,2.495874554e-06,1.994749287e-06,nan,nan,nan,nan
2383,59.575,2.495871004e-06,1.994746862e-06,nan,nan,nan,nan
2384,59.6,2.495867543e-06,1.994744485e-06,nan,nan,nan,nan
2385,59.625,2.495864169e-06,1.994742157e-06,nan,nan,nan,nan
2386,59.65,2.495860882e-06,1.994739881e-06,nan,nan,nan,nan
2387,59.675,2.495857685e-06,1.994737662e-06,nan,nan,nan,nan
2388,59.7,2.495854579e-06,1.994735501e-06,nan,nan,nan,nan
2389,59.725,2.495851561e-06,1.994733395e-06,nan,nan,nan,nan
2390,59.75,2.495848628e-06,1.994731336e-06,nan,nan,nan,nan
2391,59.775,2.495845777e-06,1.994729324e-06,nan,nan,nan,nan
2392,59.8,2.495843005e-06,1.994727362e-06,nan,nan,nan,nan
2393,59.825,2.495840313e-06,1.994725453e-06,nan,nan,nan,nan
2394,59.85,2.495837704e-06,1.994723597e-06,nan,nan,nan,nan
2395,59.875,2.495835173e-06,1.994721791e-06,nan,nan,nan,nan
2396,59.9,2.495832720e-06,1.994720034e-06,nan,nan,nan,nan
2397,59.925,2.495830340e-06,1.994718324e-06,nan,nan,nan,nan
2398,59.95,2.495828035e-06,1.994716662e-06,nan,nan,nan,nan
2399,59.975,2.495825802e-06,1.994715047e-06,nan,nan,nan,nan
2400,60,2.495823641e-06,1.994713478e-06,nan,nan,1.784684e-13,2.253753e-13
2401,60.025,2.495821547e-06,1.994711951e-06,nan,nan,nan,nan
2402,60.05,2.495819519e-06,1.994710470e-06,nan,nan,nan,nan
2403,60.075,2.495817559e-06,1.994709034e-06,nan,nan,nan,nan
2404,60.1,2.495815665e-06,1.994707647e-06,nan,nan,nan,nan
2405,60.125,2.495813836e-06,1.994706303e-06,nan,nan,nan,nan
2406,60.15,2.495812070e-06,1.994704998e-06,nan,nan,nan,nan
2407,60.175,2.495810360e-06,1.994703727e-06,nan,nan,nan,nan
2408,60.2,2.495808707e-06,1.994702496e-06,nan,nan,nan,nan
2409,60.225,2.495807110e-06,1.994701305e-06,nan,nan,nan,nan
2410,60.25,2.495805572e-06,1.994700158e-06,nan,nan,nan,nan
2411,60.275,2.495804091e-06,1.994699051e-06,nan,nan,nan,nan
2412,60.3,2.495802663e-06,1.994697980e-06,nan,nan,nan,nan
2413,60.325,2.495801285e-06,1.994696940e-06,nan,nan,nan,nan
2414,60.35,2.495799955e-06,1.994695933e-06,nan,nan,nan,nan
2415,60.375,2.495798673e-06,1.994694961e-06,nan,nan,nan,nan
2416,60.4,2.495797439e-06,1.994694489e-06,nan,nan,nan,nan
2417,60.425,2.495796249e-06,1.994694157e-06,nan,nan,nan,nan
2418,60.45,2.495795106e-06,1.994693838e-06,nan,nan,nan,nan
2419,60.475,2.495794006e-06,1.994693536e-06,nan,nan,nan,nan
2420,60.5,2.495792947e-06,1.994693247e-06,nan,nan,1.804112e-13,2.287059e-13
2421,60.525,2.495791931e-06,1.994692970e-06,nan,nan,nan,nan
2422,60.55,2.495790953e-06,1.994692703e-06,nan,nan,nan,nan
2423,60.575,2.495790013e-06,1.994692449e-06,nan,nan,nan,nan
2424,60.6,2.495789106e-06,1.994692209e-06,nan,nan,nan,nan
2425,60.625,2.495788235e-06,1.994691980e-06,nan,nan,nan,nan
2426,60.65,2.495787400e-06,1.994691754e-06,nan,nan,nan,nan
2427,60.675,2.495786603e-06,1.994691533e-06,nan,nan,nan,nan
2428,60.7,2.495785836e-06,1.994691321e-06,nan,nan,nan,nan
2429,60.725,2.495785100e-06,1.994691124e-06,nan,nan,nan,nan
2430,60.75,2.495784390e-06,1.994690944e-06,nan,nan,nan,nan
2431,60.775,2.495783709e-06,1.994690772e-06,nan,nan,nan,nan
2432,60.8,2.495783057e-06,1.994690602e-06,nan,nan,nan,nan
2433,60.825,2.495782435e-06,1.994690432e-06,nan,nan,nan,nan
2434,60.85,2.495781840e-06,1.994690267e-06,nan,nan,nan,nan
2435,60.875,2.495781268e-06,1.994690114e-06,nan,nan,nan,nan
2436,60.9,2.495780719e-06,1.994689974e-06,nan,nan,nan,nan
2437,60.925,2.495780193e-06,1.994689843e-06,nan,nan,nan,nan
2438,60.95,2.495779690e-06,1.994689714e-06,nan,nan,nan,nan
2439,60.975,2.495779209e-06,1.994689589e-06,nan,nan,nan,nan
2440,61,2.495778748e-06,1.994689468e-06,nan,nan,1.793010e-13,2.309264e-13
2441,61.025,2.495778308e-06,1.994689355e-06,nan,nan,nan,nan
2442,61.05,2.495777886e-06,1.994689247e-06,nan,nan,nan,nan
2443,61.075,2.495777485e-06,1.994689141e-06,nan,nan,nan,nan
2444,61.1,2.495777103e-06,1.994689039e-06,nan,nan,nan,nan
2445,61.125,2.495776735e-06,1.994688944e-06,nan,nan,nan,nan
2446,61.15,2.495776382e-06,1.994688860e-06,nan,nan,nan,nan
2447,61.175,2.495776044e-06,1.994688781e-06,nan,nan,nan,nan
2448,61.2,2.495775722e-06,1.994688700e-06,nan,nan,nan,nan
2449,61.225,2.495775417e-06,1.994688617e-06,nan,nan,nan,nan
2450,61.25,2.495775129e-06,1.994688534e-06,nan,nan,nan,nan
2451,61.275,2.495774851e-06,1.994688460e-06,nan,nan,nan,nan
2452,61.3,2.495774584e-06,1.994688399e-06,nan,nan,nan,nan
2453,61.325,2.495774327e-06,1.994688344e-06,nan,nan,nan,nan
2454,61.35,2.495774085e-06,1.994688288e-06,nan,nan,nan,nan
2455,61.375,2.495773855e-06,1.994688227e-06,nan,nan,nan,nan
2456,61.4,2.495773637e-06,1.994688166e-06,nan,nan,nan,nan
2457,61.425,2.495773427e-06,1.994688110e-06,nan,nan,nan,nan
2458,61.45,2.495773226e-06,1.994688061e-06,nan,nan,nan,nan
2459,61.475,2.495773035e-06,1.994688017e-06,nan,nan,nan,nan
2460,61.5,2.495772854e-06,1.994687974e-06,nan,nan,1.815215e-13,2.331468e-13
2461,61.525,2.495772682e-06,1.994687932e-06,nan,nan,nan,nan
2462,61.55,2.495772517e-06,1.994687892e-06,nan,nan,nan,nan
2463,61.575,2.495772359e-06,1.994687856e-06,nan,nan,nan,nan
2464,61.6,2.495772209e-06,1.994687821e-06,nan,nan,nan,nan
2465,61.625,2.495772069e-06,1.994687783e-06,nan,nan,nan,nan
2466,61.65,2.495771938e-06,1.994687745e-06,nan,nan,nan,nan
2467,61.675,2.495771810e-06,1.994687712e-06,nan,nan,nan,nan
2468,61.7,2.495771707e-06,1.994687687e-06,nan,nan,nan,nan
2469,61.725,2.495771645e-06,1.994687667e-06,nan,nan,nan,nan
2470,61.75,2.495771586e-06,1.994687644e-06,nan,nan,nan,nan
2471,61.775,2.495771532e-06,1.994687616e-06,nan,nan,nan,nan
2472,61.8,2.495771479e-06,1.994687585e-06,nan,nan,nan,nan
2473,61.825,2.495771426e-06,1.994687558e-06,nan,nan,nan,nan
2474,61.85,2.495771378e-06,1.994687539e-06,nan,nan,nan,nan
2475,61.875,2.495771336e-06,1.994687525e-06,nan,nan,nan,nan
2476,61.9,2.495771299e-06,1.994687512e-06,nan,nan,nan,nan
2477,61.925,2.495771262e-06,1.994687494e-06,nan,nan,nan,nan
2478,61.95,2.495771223e-06,1.994687473e-06,nan,nan,nan,nan
2479,61.975,2.495771182e-06,1.994687455e-06,nan,nan,nan,nan
2480,62,2.495771145e-06,1.994687440e-06,nan,nan,1.820766e-13,2.364775e-13
2481,62.025,2.495771114e-06,1.994687426e-06,nan,nan,nan,nan
2482,62.05,2.495771089e-06,1.994687412e-06,nan,nan,nan,nan
2483,62.075,2.495771065e-06,1.994687400e-06,nan,nan,nan,nan
2484,62.1,2.495771038e-06,1.994687390e-06,nan,nan,nan,nan
2485,62.125,2.495771010e-06,1.994687384e-06,nan,nan,nan,nan
2486,62.15,2.495770985e-06,1.994687375e-06,nan,nan,nan,nan
2487,62.175,2.495770963e-06,1.994687362e-06,nan,nan,nan,nan
2488,62.2,2.495770945e-06,1.994687347e-06,nan,nan,nan,nan
2489,62.225,2.495770926e-06,1.994687334e-06,nan,nan,nan,nan
2490,62.25,2.495770907e-06,1.994687328e-06,nan,nan,nan,nan
2491,62.275,2.495770890e-06,1.994687328e-06,nan,nan,nan,nan
2492,62.3,2.495770876e-06,1.994687327e-06,nan,nan,nan,nan
2493,62.325,2.495770862e-06,1.994687320e-06,nan,nan,nan,nan
2494,62.35,2.495770848e-06,1.994687307e-06,nan,nan,nan,nan
2495,62.375,2.495770833e-06,1.994687295e-06,nan,nan,nan,nan
2496,62.4,2.495770819e-06,1.994687290e-06,nan,nan,nan,nan
2497,62.425,2.495770809e-06,1.994687289e-06,nan,nan,nan,nan
2498,62.45,2.495770801e-06,1.994687288e-06,nan,nan,nan,nan
2499,62.475,2.495770794e-06,1.994687284e-06,nan,nan,nan,nan
2500,62.5,2.495770784e-06,1.994687279e-06,nan,nan,1.815215e-13,2.414735e-13
2501,62.525,2.495770773e-06,1.994687275e-06,nan,nan,nan,nan
2502,62.55,2.495770763e-06,1.994687273e-06,nan,nan,nan,nan
2503,62.575,2.495770756e-06,1.994687270e-06,nan,nan,nan,nan
2504,62.6,2.495770752e-06,1.994687264e-06,nan,nan,nan,nan
2505,62.625,2.495770748e-06,1.994687259e-06,nan,nan,nan,nan
2506,62.65,2.495770743e-06,1.994687259e-06,nan,nan,nan,nan
2507,62.675,2.495770736e-06,1.994687262e-06,nan,nan,nan,nan
2508,62.7,2.495770730e-06,1.994687264e-06,nan,nan,nan,nan
2509,62.725,2.495770727e-06,1.994687261e-06,nan,nan,nan,nan
2510,62.75,2.495770724e-06,1.994687252e-06,nan,nan,nan,nan
2511,62.775,2.495770720e-06,1.994687245e-06,nan,nan,nan,nan
2512,62.8,2.495770717e-06,1.994687246e-06,nan,nan,nan,nan
2513,62.825,2.495770714e-06,1.994687250e-06,nan,nan,nan,nan
2514,62.85,2.495770714e-06,1.994687254e-06,nan,nan,nan,nan
2515,62.875,2.495770713e-06,1.994687253e-06,nan,nan,nan,nan
2516,62.9,2.495770711e-06,1.994687248e-06,nan,nan,nan,nan
2517,62.925,2.495770707e-06,1.994687244e-06,nan,nan,nan,nan
2518,62.95,2.495770705e-06,1.994687243e-06,nan,nan,nan,nan
2519,62.975,2.495770704e-06,1.994687244e-06,nan,nan,nan,nan
2520,63,2.495770705e-06,1.994687245e-06,nan,nan,1.812439e-13,2.381428e-13
2521,63.025,2.495770706e-06,1.994687244e-06,nan,nan,nan,nan
2522,63.05,2.495770705e-06,1.994687243e-06,nan,nan,nan,nan
2523,63.075,2.495770703e-06,1.994687245e-06,nan,nan,nan,nan
2524,63.1,2.495770701e-06,1.994687247e-06,nan,nan,nan,nan
2525,63.125,2.495770700e-06,1.994687246e-06,nan,nan,nan,nan
2526,63.15,2.495770701e-06,1.994687241e-06,nan,nan,nan,nan
2527,63.175,2.495770702e-06,1.994687236e-06,nan,nan,nan,nan
2528,63.2,2.495770702e-06,1.994687236e-06,nan,nan,nan,nan
2529,63.225,2.495770701e-06,1.994687242e-06,nan,nan,nan,nan
2530,63.25,2.495770702e-06,1.994687247e-06,nan,nan,nan,nan
2531,63.275,2.495770702e-06,1.994687247e-06,nan,nan,nan,nan
2532,63.3,2.495770702e-06,1.994687241e-06,nan,nan,nan,nan
2533,63.325,2.495770700e-06,1.994687235e-06,nan,nan,nan,nan
2534,63.35,2.495770700e-06,1.994687234e-06,nan,nan,nan,nan
2535,63.375,2.495770701e-06,1.994687239e-06,nan,nan,nan,nan
2536,63.4,2.495770704e-06,1.994687244e-06,nan,nan,nan,nan
2537,63.425,2.495770706e-06,1.994687246e-06,nan,nan,nan,nan
2538,63.45,2.495770705e-06,1.994687243e-06,nan,nan,nan,nan
2539,63.475,2.495770703e-06,1.994687241e-06,nan,nan,nan,nan
2540,63.5,2.495770702e-06,1.994687240e-06,nan,nan,1.856848e-13,2.425837e-13
2541,63.525,2.495770703e-06,1.994687240e-06,nan,nan,nan,nan
2542,63.55,2.495770706e-06,1.994687239e-06,nan,nan,nan,nan
2543,63.575,2.495770709e-06,1.994687237e-06,nan,nan,nan,nan
2544,63.6,2.495770708e-06,1.994687238e-06,nan,nan,nan,nan
2545,63.625,2.495770706e-06,1.994687241e-06,nan,nan,nan,nan
2546,63.65,2.495770705e-06,1.994687245e-06,nan,nan,nan,nan
2547,63.675,2.495770705e-06,1.994687244e-06,nan,nan,nan,nan
2548,63.7,2.495770707e-06,1.994687239e-06,nan,nan,nan,nan
2549,63.725,2.495770707e-06,1.994687235e-06,nan,nan,nan,nan
2550,63.75,2.495770708e-06,1.994687234e-06,nan,nan,nan,nan
2551,63.775,2.495770707e-06,1.994687239e-06,nan,nan,nan,nan
2552,63.8,2.495770708e-06,1.994687244e-06,nan,nan,nan,nan
2553,63.825,2.495770708e-06,1.994687246e-06,nan,nan,nan,nan
2554,63.85,2.495770708e-06,1.994687243e-06,nan,nan,nan,nan
2555,63.875,2.495770706e-06,1.994687238e-06,nan,nan,nan,nan
2556,63.9,2.495770704e-06,1.994687236e-06,nan,nan,nan,nan
2557,63.925,2.495770705e-06,1.994687237e-06,nan,nan,nan,nan
2558,63.95,2.495770708e-06,1.994687239e-06,nan,nan,nan,nan
2559,63.975,2.495770711e-06,1.994687240e-06,nan,nan,nan,nan
2560,64,2.495770709e-06,1.994687240e-06,nan,nan,1.901257e-13,2.403633e-13
2561,64.025,2.495770707e-06,1.994687240e-06,nan,nan,nan,nan
2562,64.05,2.495770704e-06,1.994687241e-06,nan,nan,nan,nan
2563,64.075,2.495770703e-06,1.994687240e-06,nan,nan,nan,nan
2564,64.1,2.495770705e-06,1.994687238e-06,nan,nan,nan,nan
2565,64.125,2.495770707e-06,1.994687235e-06,nan,nan,nan,nan
2566,64.15,2.495770707e-06,1.994687236e-06,nan,nan,nan,nan
2567,64.175,2.495770706e-06,1.994687238e-06,nan,nan,nan,nan
2568,64.2,2.495770704e-06,1.994687242e-06,nan,nan,nan,nan
2569,64.225,2.495770703e-06,1.994687243e-06,nan,nan,nan,nan
2570,64.25,2.495770703e-06,1.994687238e-06,nan,nan,nan,nan
2571,64.275,2.495770701e-06,1.994687233e-06,nan,nan,nan,nan
2572,64.3,2.495770701e-06,1.994687232e-06,nan,nan,nan,nan
2573,64.325,2.495770701e-06,1.994687234e-06,nan,nan,nan,nan
2574,64.35,2.495770703e-06,1.994687238e-06,nan,nan,nan,nan
2575,64.375,2.495770703e-06,1.994687239e-06,nan,nan,nan,nan
2576,64.4,2.495770702e-06,1.994687237e-06,nan,nan,nan,nan
2577,64.425,2.495770699e-06,1.994687234e-06,nan,nan,nan,nan
2578,64.45,2.495770697e-06,1.994687233e-06,nan,nan,nan,nan
2579,64.475,2.495770697e-06,1.994687233e-06,nan,nan,nan,nan
2580,64.5,2.495770700e-06,1.994687233e-06,nan,nan,1.842970e-13,2.481348e-13
2581,64.525,2.495770701e-06,1.994687233e-06,nan,nan,nan,nan
2582,64.55,2.495770700e-06,1.994687233e-06,nan,nan,nan,nan
2583,64.575,2.495770697e-06,1.994687235e-06,nan,nan,nan,nan
2584,64.6,2.495770695e-06,1.994687237e-06,nan,nan,nan,nan
2585,64.625,2.495770694e-06,1.994687237e-06,nan,nan,nan,nan
2586,64.65,2.495770695e-06,1.994687235e-06,nan,nan,nan,nan
2587,64.675,2.495770696e-06,1.994687230e-06,nan,nan,nan,nan
2588,64.7,2.495770696e-06,1.994687229e-06,nan,nan,nan,nan
2589,64.725,2.495770696e-06,1.994687233e-06,nan,nan,nan,nan
2590,64.75,2.495770696e-06,1.994687237e-06,nan,nan,nan,nan
2591,64.775,2.495770695e-06,1.994687238e-06,nan,nan,nan,nan
2592,64.8,2.495770693e-06,1.994687235e-06,nan,nan,nan,nan
2593,64.825,2.495770691e-06,1.994687230e-06,nan,nan,nan,nan
2594,64.85,2.495770690e-06,1.994687228e-06,nan,nan,nan,nan
2595,64.875,2.495770692e-06,1.994687231e-06,nan,nan,nan,nan
2596,64.9,2.495770695e-06,1.994687234e-06,nan,nan,nan,nan
2597,64.925,2.495770695e-06,1.994687236e-06,nan,nan,nan,nan
2598,64.95,2.495770693e-06,1.994687235e-06,nan,nan,nan,nan
2599,64.975,2.495770690e-06,1.994687234e-06,nan,nan,nan,nan
2600,65,2.495770689e-06,1.994687233e-06,nan,nan,1.817990e-13,2.448042e-13
2601,65.025,2.495770690e-06,1.994687234e-06,nan,nan,nan,nan
2602,65.05,2.495770692e-06,1.994687233e-06,nan,nan,nan,nan
2603,65.075,2.495770694e-06,1.994687233e-06,nan,nan,nan,nan
2604,65.1,2.495770692e-06,1.994687232e-06,nan,nan,nan,nan
2605,65.125,2.495770690e-06,1.994687233e-06,nan,nan,nan,nan
2606,65.15,2.495770689e-06,1.994687235e-06,nan,nan,nan,nan
2607,65.175,2.495770690e-06,1.994687235e-06,nan,nan,nan,nan
2608,65.2,2.495770691e-06,1.994687233e-06,nan,nan,nan,nan
2609,65.225,2.495770691e-06,1.994687230e-06,nan,nan,nan,nan
2610,65.25,2.495770691e-06,1.994687230e-06,nan,nan,nan,nan
2611,65.275,2.495770691e-06,1.994687233e-06,nan,nan,nan,nan
2612,65.3,2.495770692e-06,1.994687236e-06,nan,nan,nan,nan
2613,65.325,2.495770693e-06,1.994687238e-06,nan,nan,nan,nan
2614,65.35,2.495770691e-06,1.994687236e-06,nan,nan,nan,nan
2615,65.375,2.495770689e-06,1.994687232e-06,nan,nan,nan,nan
2616,65.4,2.495770688e-06,1.994687231e-06,nan,nan,nan,nan
2617,65.425,2.495770690e-06,1.994687232e-06,nan,nan,nan,nan
2618,65.45,2.495770694e-06,1.994687234e-06,nan,nan,nan,nan
2619,65.475,2.495770695e-06,1.994687235e-06,nan,nan,nan,nan
2620,65.5,2.495770692e-06,1.994687235e-06,nan,nan,1.823541e-13,2.475797e-13
2621,65.525,2.495770690e-06,1.994687235e-06,nan,nan,nan,nan
2622,65.55,2.495770689e-06,1.994687235e-06,nan,nan,nan,nan
2623,65.575,2.495770692e-06,1.994687234e-06,nan,nan,nan,nan
2624,65.6,2.495770696e-06,1.994687234e-06,nan,nan,nan,nan
2625,65.625,2.495770696e-06,1.994687233e-06,nan,nan,nan,nan
2626,65.65,2.495770695e-06,1.994687234e-06,nan,nan,nan,nan
2627,65.675,2.495770693e-06,1.994687236e-06,nan,nan,nan,nan
2628,65.7,2.495770693e-06,1.994687239e-06,nan,nan,nan,nan
2629,65.725,2.495770693e-06,1.994687239e-06,nan,nan,nan,nan
2630,65.75,2.495770694e-06,1.994687237e-06,nan,nan,nan,nan
2631,65.775,2.495770693e-06,1.994687234e-06,nan,nan,nan,nan
2632,65.8,2.495770695e-06,1.994687234e-06,nan,nan,nan,nan
2633,65.825,2.495770697e-06,1.994687236e-06,nan,nan,nan,nan
2634,65.85,2.495770699e-06,1.994687238e-06,nan,nan,nan,nan
2635,65.875,2.495770699e-06,1.994687238e-06,nan,nan,nan,nan
2636,65.9,2.495770696e-06,1.994687238e-06,nan,nan,nan,nan
2637,65.925,2.495770694e-06,1.994687236e-06,nan,nan,nan,nan
2638,65.95,2.495770694e-06,1.994687236e-06,nan,nan,nan,nan
2639,65.975,2.495770698e-06,1.994687236e-06,nan,nan,nan,nan
2640,66,2.495770702e-06,1.994687237e-06,nan,nan,1.859624e-13,2.564615e-13
2641,66.025,2.495770702e-06,1.994687237e-06,nan,nan,nan,nan
2642,66.05,2.495770699e-06,1.994687237e-06,nan,nan,nan,nan
2643,66.075,2.495770696e-06,1.994687239e-06,nan,nan,nan,nan
2644,66.1,2.495770696e-06,1.994687239e-06,nan,nan,nan,nan
2645,66.125,2.495770697e-06,1.994687238e-06,nan,nan,nan,nan
2646,66.15,2.495770700e-06,1.994687237e-06,nan,nan,nan,nan
2647,66.175,2.495770701e-06,1.994687237e-06,nan,nan,nan,nan
2648,66.2,2.495770701e-06,1.994687237e-06,nan,nan,nan,nan
2649,66.225,2.495770701e-06,1.994687238e-06,nan,nan,nan,nan
2650,66.25,2.495770701e-06,1.994687239e-06,nan,nan,nan,nan
2651,66.275,2.495770701e-06,1.994687239e-06,nan,nan,nan,nan
2652,66.3,2.495770699e-06,1.994687236e-06,nan,nan,nan,nan
2653,66.325,2.495770698e-06,1.994687235e-06,nan,nan,nan,nan
2654,66.35,2.495770699e-06,1.994687237e-06,nan,nan,nan,nan
2655,66.375,2.495770702e-06,1.994687238e-06,nan,nan,nan,nan
2656,66.4,2.495770704e-06,1.994687238e-06,nan,nan,nan,nan
2657,66.425,2.495770705e-06,1.994687237e-06,nan,nan,nan,nan
2658,66.45,2.495770702e-06,1.994687237e-06,nan,nan,nan,nan
2659,66.475,2.495770698e-06,1.994687237e-06,nan,nan,nan,nan
2660,66.5,2.495770698e-06,1.994687238e-06,nan,nan,1.970646e-13,2.586820e-13
2661,66.525,2.495770700e-06,1.994687237e-06,nan,nan,nan,nan
2662,66.55,2.495770703e-06,1.994687236e-06,nan,nan,nan,nan
2663,66.575,2.495770704e-06,1.994687236e-06,nan,nan,nan,nan
2664,66.6,2.495770703e-06,1.994687237e-06,nan,nan,nan,nan
2665,66.625,2.495770701e-06,1.994687239e-06,nan,nan,nan,nan
2666,66.65,2.495770701e-06,1.994687239e-06,nan,nan,nan,nan
2667,66.675,2.495770702e-06,1.994687236e-06,nan,nan,nan,nan
2668,66.7,2.495770701e-06,1.994687235e-06,nan,nan,nan,nan
2669,66.725,2.495770701e-06,1.994687236e-06,nan,nan,nan,nan
2670,66.75,2.495770702e-06,1.994687238e-06,nan,nan,nan,nan
2671,66.775,2.495770703e-06,1.994687240e-06,nan,nan,nan,nan
2672,66.8,2.495770704e-06,1.994687239e-06,nan,nan,nan,nan
2673,66.825,2.495770704e-06,1.994687236e-06,nan,nan,nan,nan
2674,66.85,2.495770700e-06,1.994687235e-06,nan,nan,nan,nan
2675,66.875,2.495770698e-06,1.994687236e-06,nan,nan,nan,nan
2676,66.9,2.495770698e-06,1.994687238e-06,nan,nan,nan,nan
2677,66.925,2.495770701e-06,1.994687238e-06,nan,nan,nan,nan
2678,66.95,2.495770704e-06,1.994687238e-06,nan,nan,nan,nan
2679,66.975,2.495770703e-06,1.994687236e-06,nan,nan,nan,nan
2680,67,2.495770699e-06,1.994687236e-06,nan,nan,1.948441e-13,2.564615e-13
2681,67.025,2.495770697e-06,1.994687237e-06,nan,nan,nan,nan
2682,67.05,2.495770697e-06,1.994687237e-06,nan,nan,nan,nan
2683,67.075,2.495770700e-06,1.994687237e-06,nan,nan,nan,nan
2684,67.1,2.495770701e-06,1.994687235e-06,nan,nan,nan,nan
2685,67.125,2.495770702e-06,1.994687236e-06,nan,nan,nan,nan
2686,67.15,2.495770699e-06,1.994687237e-06,nan,nan,nan,nan
2687,67.175,2.495770699e-06,1.994687238e-06,nan,nan,nan,nan
2688,67.2,2.495770699e-06,1.994687237e-06,nan,nan,nan,nan
2689,67.225,2.495770698e-06,1.994687235e-06,nan,nan,nan,nan
2690,67.25,2.495770697e-06,1.994687233e-06,nan,nan,nan,nan
2691,67.275,2.495770696e-06,1.994687233e-06,nan,nan,nan,nan
2692,67.3,2.495770697e-06,1.994687235e-06,nan,nan,nan,nan
2693,67.325,2.495770700e-06,1.994687236e-06,nan,nan,nan,nan
2694,67.35,2.495770703e-06,1.994687237e-06,nan,nan,nan,nan
2695,67.375,2.495770700e-06,1.994687235e-06,nan,nan,nan,nan
2696,67.4,2.495770696e-06,1.994687234e-06,nan,nan,nan,nan
2697,67.425,2.495770692e-06,1.994687234e-06,nan,nan,nan,nan
2698,67.45,2.495770693e-06,1.994687235e-06,nan,nan,nan,nan
2699,67.475,2.495770697e-06,1.994687235e-06,nan,nan,nan,nan
2700,67.5,2.495770702e-06,1.994687234e-06,nan,nan,1.940115e-13,2.525757e-13
2701,67.525,2.495770700e-06,1.994687234e-06,nan,nan,nan,nan
2702,67.55,2.495770696e-06,1.994687236e-06,nan,nan,nan,nan
2703,67.575,2.495770691e-06,1.994687237e-06,nan,nan,nan,nan
2704,67.6,2.495770691e-06,1.994687236e-06,nan,nan,nan,nan
2705,67.625,2.495770695e-06,1.994687233e-06,nan,nan,nan,nan
2706,67.65,2.495770698e-06,1.994687231e-06,nan,nan,nan,nan
2707,67.675,2.495770699e-06,1.994687232e-06,nan,nan,nan,nan
2708,67.7,2.495770698e-06,1.994687235e-06,nan,nan,nan,nan
2709,67.725,2.495770696e-06,1.994687237e-06,nan,nan,nan,nan
2710,67.75,2.495770697e-06,1.994687238e-06,nan,nan,nan,nan
2711,67.775,2.495770697e-06,1.994687235e-06,nan,nan,nan,nan
2712,67.8,2.495770694e-06,1.994687233e-06,nan,nan,nan,nan
2713,67.825,2.495770693e-06,1.994687235e-06,nan,nan,nan,nan
2714,67.85,2.495770694e-06,1.994687236e-06,nan,nan,nan,nan
2715,67.875,2.495770698e-06,1.994687239e-06,nan,nan,nan,nan
2716,67.9,2.495770700e-06,1.994687237e-06,nan,nan,nan,nan
2717,67.925,2.495770699e-06,1.994687235e-06,nan,nan,nan,nan
2718,67.95,2.495770694e-06,1.994687234e-06,nan,nan,nan,nan
2719,67.975,2.495770690e-06,1.994687235e-06,nan,nan,nan,nan
2720,68,2.495770691e-06,1.994687235e-06,nan,nan,1.965095e-13,2.631229e-13
2721,68.025,2.495770695e-06,1.994687236e-06,nan,nan,nan,nan
2722,68.05,2.495770700e-06,1.994687236e-06,nan,nan,nan,nan
2723,68.075,2.495770700e-06,1.994687236e-06,nan,nan,nan,nan
2724,68.1,2.495770697e-06,1.994687237e-06,nan,nan,nan,nan
2725,68.125,2.495770693e-06,1.994687238e-06,nan,nan,nan,nan
2726,68.15,2.495770693e-06,1.994687237e-06,nan,nan,nan,nan
2727,68.175,2.495770695e-06,1.994687234e-06,nan,nan,nan,nan
2728,68.2,2.495770696e-06,1.994687232e-06,nan,nan,nan,nan
2729,68.225,2.495770696e-06,1.994687234e-06,nan,nan,nan,nan
2730,68.25,2.495770695e-06,1.994687237e-06,nan,nan,nan,nan
2731,68.275,2.495770697e-06,1.994687239e-06,nan,nan,nan,nan
2732,68.3,2.495770699e-06,1.994687238e-06,nan,nan,nan,nan
2733,68.325,2.495770698e-06,1.994687235e-06,nan,nan,nan,nan
2734,68.35,2.495770694e-06,1.994687232e-06,nan,nan,nan,nan
2735,68.375,2.495770692e-06,1.994687232e-06,nan,nan,nan,nan
2736,68.4,2.495770692e-06,1.994687235e-06,nan,nan,nan,nan
2737,68.425,2.495770698e-06,1.994687238e-06,nan,nan,nan,nan
2738,68.45,2.495770702e-06,1.994687239e-06,nan,nan,nan,nan
2739,68.475,2.495770702e-06,1.994687237e-06,nan,nan,nan,nan
2740,68.5,2.495770695e-06,1.994687236e-06,nan,nan,1.990075e-13,2.664535e-13
2741,68.525,2.495770691e-06,1.994687235e-06,nan,nan,nan,nan
2742,68.55,2.495770691e-06,1.994687234e-06,nan,nan,nan,nan
2743,68.575,2.495770697e-06,1.994687234e-06,nan,nan,nan,nan
2744,68.6,2.495770700e-06,1.994687235e-06,nan,nan,nan,nan
2745,68.625,2.495770700e-06,1.994687236e-06,nan,nan,nan,nan
2746,68.65,2.495770696e-06,1.994687238e-06,nan,nan,nan,nan
2747,68.675,2.495770695e-06,1.994687239e-06,nan,nan,nan,nan
2748,68.7,2.495770696e-06,1.994687237e-06,nan,nan,nan,nan
2749,68.725,2.495770698e-06,1.994687234e-06,nan,nan,nan,nan
2750,68.75,2.495770698e-06,1.994687232e-06,nan,nan,nan,nan
2751,68.775,2.495770697e-06,1.994687235e-06,nan,nan,nan,nan
2752,68.8,2.495770697e-06,1.994687240e-06,nan,nan,nan,nan
2753,68.825,2.495770700e-06,1.994687243e-06,nan,nan,nan,nan
2754,68.85,2.495770703e-06,1.994687241e-06,nan,nan,nan,nan
2755,68.875,2.495770701e-06,1.994687237e-06,nan,nan,nan,nan
2756,68.9,2.495770696e-06,1.994687234e-06,nan,nan,nan,nan
2757,68.925,2.495770692e-06,1.994687234e-06,nan,nan,nan,nan
2758,68.95,2.495770693e-06,1.994687235e-06,nan,nan,nan,nan
2759,68.975,2.495770701e-06,1.994687238e-06,nan,nan,nan,nan
2760,69,2.495770705e-06,1.994687239e-06,nan,nan,2.013667e-13,2.708944e-13
2761,69.025,2.495770706e-06,1.994687239e-06,nan,nan,nan,nan
2762,69.05,2.495770700e-06,1.994687239e-06,nan,nan,nan,nan
2763,69.075,2.495770695e-06,1.994687238e-06,nan,nan,nan,nan
2764,69.1,2.495770695e-06,1.994687236e-06,nan,nan,nan,nan
2765,69.125,2.495770698e-06,1.994687235e-06,nan,nan,nan,nan
2766,69.15,2.495770702e-06,1.994687234e-06,nan,nan,nan,nan
2767,69.175,2.495770702e-06,1.994687237e-06,nan,nan,nan,nan
2768,69.2,2.495770701e-06,1.994687241e-06,nan,nan,nan,nan
2769,69.225,2.495770699e-06,1.994687241e-06,nan,nan,nan,nan
2770,69.25,2.495770700e-06,1.994687237e-06,nan,nan,nan,nan
2771,69.275,2.495770698e-06,1.994687233e-06,nan,nan,nan,nan
2772,69.3,2.495770697e-06,1.994687231e-06,nan,nan,nan,nan
2773,69.325,2.495770695e-06,1.994687234e-06,nan,nan,nan,nan
2774,69.35,2.495770699e-06,1.994687239e-06,nan,nan,nan,nan
2775,69.375,2.495770704e-06,1.994687241e-06,nan,nan,nan,nan
2776,69.4,2.495770707e-06,1.994687238e-06,nan,nan,nan,nan
2777,69.425,2.495770704e-06,1.994687235e-06,nan,nan,nan,nan
2778,69.45,2.495770697e-06,1.994687233e-06,nan,nan,nan,nan
2779,69.475,2.495770692e-06,1.994687234e-06,nan,nan,nan,nan
2780,69.5,2.495770693e-06,1.994687236e-06,nan,nan,1.990075e-13,2.808864e-13
2781,69.525,2.495770700e-06,1.994687237e-06,nan,nan,nan,nan
2782,69.55,2.495770705e-06,1.994687238e-06,nan,nan,nan,nan
2783,69.575,2.495770704e-06,1.994687239e-06,nan,nan,nan,nan
2784,69.6,2.495770699e-06,1.994687240e-06,nan,nan,nan,nan
2785,69.625,2.495770695e-06,1.994687239e-06,nan,nan,nan,nan
2786,69.65,2.495770696e-06,1.994687235e-06,nan,nan,nan,nan
2787,69.675,2.495770697e-06,1.994687231e-06,nan,nan,nan,nan
2788,69.7,2.495770699e-06,1.994687232e-06,nan,nan,nan,nan
2789,69.725,2.495770699e-06,1.994687237e-06,nan,nan,nan,nan
2790,69.75,2.495770700e-06,1.994687243e-06,nan,nan,nan,nan
2791,69.775,2.495770704e-06,1.994687244e-06,nan,nan,nan,nan
2792,69.8,2.495770703e-06,1.994687238e-06,nan,nan,nan,nan
2793,69.825,2.495770700e-06,1.994687232e-06,nan,nan,nan,nan
2794,69.85,2.495770695e-06,1.994687230e-06,nan,nan,nan,nan
2795,69.875,2.495770693e-06,1.994687234e-06,nan,nan,nan,nan
2796,69.9,2.495770697e-06,1.994687240e-06,nan,nan,nan,nan
2797,69.925,2.495770704e-06,1.994687240e-06,nan,nan,nan,nan
2798,69.95,2.495770707e-06,1.994687237e-06,nan,nan,nan,nan
2799,69.975,2.495770703e-06,1.994687234e-06,nan,nan,nan,nan
2800,70,2.495770696e-06,1.994687235e-06,nan,nan,1.987299e-13,2.775558e-13
2801,70.025,2.495770692e-06,1.994687236e-06,nan,nan,nan,nan
2802,70.05,2.495770693e-06,1.994687236e-06,nan,nan,nan,nan
2803,70.075,2.495770700e-06,1.994687234e-06,nan,nan,nan,nan
2804,70.1,2.495770704e-06,1.994687234e-06,nan,nan,nan,nan
2805,70.125,2.495770703e-06,1.994687237e-06,nan,nan,nan,nan
2806,70.15,2.495770698e-06,1.994687241e-06,nan,nan,nan,nan
2807,70.175,2.495770695e-06,1.994687241e-06,nan,nan,nan,nan
2808,70.2,2.495770694e-06,1.994687236e-06,nan,nan,nan,nan
2809,70.225,2.495770695e-06,1.994687230e-06,nan,nan,nan,nan
2810,70.25,2.495770695e-06,1.994687230e-06,nan,nan,nan,nan
2811,70.275,2.495770695e-06,1.994687235e-06,nan,nan,nan,nan
2812,70.3,2.495770698e-06,1.994687241e-06,nan,nan,nan,nan
2813,70.325,2.495770703e-06,1.994687242e-06,nan,nan,nan,nan
2814,70.35,2.495770704e-06,1.994687236e-06,nan,nan,nan,nan
2815,70.375,2.495770699e-06,1.994687230e-06,nan,nan,nan,nan
2816,70.4,2.495770691e-06,1.994687230e-06,nan,nan,nan,nan
2817,70.425,2.495770689e-06,1.994687234e-06,nan,nan,nan,nan
2818,70.45,2.495770694e-06,1.994687238e-06,nan,nan,nan,nan
2819,70.475,2.495770703e-06,1.994687238e-06,nan,nan,nan,nan
2820,70.5,2.495770707e-06,1.994687236e-06,nan,nan,1.992850e-13,2.775558e-13
2821,70.525,2.495770703e-06,1.994687235e-06,nan,nan,nan,nan
2822,70.55,2.495770695e-06,1.994687235e-06,nan,nan,nan,nan
2823,70.575,2.495770691e-06,1.994687236e-06,nan,nan,nan,nan
2824,70.6,2.495770692e-06,1.994687234e-06,nan,nan,nan,nan
2825,70.625,2.495770697e-06,1.994687231e-06,nan,nan,nan,nan
2826,70.65,2.495770700e-06,1.994687232e-06,nan,nan,nan,nan
2827,70.675,2.495770699e-06,1.994687237e-06,nan,nan,nan,nan
2828,70.7,2.495770697e-06,1.994687242e-06,nan,nan,nan,nan
2829,70.725,2.495770696e-06,1.994687242e-06,nan,nan,nan,nan
2830,70.75,2.495770697e-06,1.994687235e-06,nan,nan,nan,nan
2831,70.775,2.495770696e-06,1.994687229e-06,nan,nan,nan,nan
2832,70.8,2.495770693e-06,1.994687230e-06,nan,nan,nan,nan
2833,70.825,2.495770692e-06,1.994687236e-06,nan,nan,nan,nan
2834,70.85,2.495770697e-06,1.994687241e-06,nan,nan,nan,nan
2835,70.875,2.495770703e-06,1.994687242e-06,nan,nan,nan,nan
2836,70.9,2.495770704e-06,1.994687239e-06,nan,nan,nan,nan
2837,70.925,2.495770698e-06,1.994687234e-06,nan,nan,nan,nan
2838,70.95,2.495770690e-06,1.994687234e-06,nan,nan,nan,nan
2839,70.975,2.495770687e-06,1.994687235e-06,nan,nan,nan,nan
2840,71,2.495770693e-06,1.994687237e-06,nan,nan,1.990075e-13,2.770006e-13
2841,71.025,2.495770702e-06,1.994687236e-06,nan,nan,nan,nan
2842,71.05,2.495770707e-06,1.994687236e-06,nan,nan,nan,nan
2843,71.075,2.495770702e-06,1.994687237e-06,nan,nan,nan,nan
2844,71.1,2.495770695e-06,1.994687239e-06,nan,nan,nan,nan
2845,71.125,2.495770691e-06,1.994687238e-06,nan,nan,nan,nan
2846,71.15,2.495770694e-06,1.994687234e-06,nan,nan,nan,nan
2847,71.175,2.495770698e-06,1.994687229e-06,nan,nan,nan,nan
2848,71.2,2.495770700e-06,1.994687231e-06,nan,nan,nan,nan
2849,71.225,2.495770699e-06,1.994687239e-06,nan,nan,nan,nan
2850,71.25,2.495770698e-06,1.994687243e-06,nan,nan,nan,nan
2851,71.275,2.495770699e-06,1.994687241e-06,nan,nan,nan,nan
2852,71.3,2.495770698e-06,1.994687235e-06,nan,nan,nan,nan
2853,71.325,2.495770696e-06,1.994687229e-06,nan,nan,nan,nan
2854,71.35,2.495770691e-06,1.994687230e-06,nan,nan,nan,nan
2855,71.375,2.495770691e-06,1.994687236e-06,nan,nan,nan,nan
2856,71.4,2.495770698e-06,1.994687241e-06,nan,nan,nan,nan
2857,71.425,2.495770704e-06,1.994687240e-06,nan,nan,nan,nan
2858,71.45,2.495770706e-06,1.994687236e-06,nan,nan,nan,nan
2859,71.475,2.495770699e-06,1.994687233e-06,nan,nan,nan,nan
2860,71.5,2.495770692e-06,1.994687233e-06,nan,nan,2.065015e-13,2.747802e-13
2861,71.525,2.495770690e-06,1.994687234e-06,nan,nan,nan,nan
2862,71.55,2.495770695e-06,1.994687234e-06,nan,nan,nan,nan
2863,71.575,2.495770702e-06,1.994687233e-06,nan,nan,nan,nan
2864,71.6,2.495770703e-06,1.994687235e-06,nan,nan,nan,nan
2865,71.625,2.495770700e-06,1.994687239e-06,nan,nan,nan,nan
2866,71.65,2.495770696e-06,1.994687241e-06,nan,nan,nan,nan
2867,71.675,2.495770695e-06,1.994687238e-06,nan,nan,nan,nan
2868,71.7,2.495770696e-06,1.994687231e-06,nan,nan,nan,nan
2869,71.725,2.495770697e-06,1.994687228e-06,nan,nan,nan,nan
2870,71.75,2.495770696e-06,1.994687232e-06,nan,nan,nan,nan
2871,71.775,2.495770696e-06,1.994687240e-06,nan,nan,nan,nan
2872,71.8,2.495770698e-06,1.994687245e-06,nan,nan,nan,nan
2873,71.825,2.495770702e-06,1.994687243e-06,nan,nan,nan,nan
2874,71.85,2.495770702e-06,1.994687235e-06,nan,nan,nan,nan
2875,71.875,2.495770697e-06,1.994687230e-06,nan,nan,nan,nan
2876,71.9,2.495770691e-06,1.994687231e-06,nan,nan,nan,nan
2877,71.925,2.495770691e-06,1.994687235e-06,nan,nan,nan,nan
2878,71.95,2.495770698e-06,1.994687239e-06,nan,nan,nan,nan
2879,71.975,2.495770705e-06,1.994687240e-06,nan,nan,nan,nan
2880,72,2.495770706e-06,1.994687239e-06,nan,nan,2.162159e-13,2.775558e-13
2881,72.025,2.495770699e-06,1.994687239e-06,nan,nan,nan,nan
2882,72.05,2.495770692e-06,1.994687238e-06,nan,nan,nan,nan
2883,72.075,2.495770691e-06,1.994687235e-06,nan,nan,nan,nan
2884,72.1,2.495770697e-06,1.994687232e-06,nan,nan,nan,nan
2885,72.125,2.495770703e-06,1.994687233e-06,nan,nan,nan,nan
2886,72.15,2.495770702e-06,1.994687238e-06,nan,nan,nan,nan
2887,72.175,2.495770699e-06,1.994687245e-06,nan,nan,nan,nan
2888,72.2,2.495770697e-06,1.994687245e-06,nan,nan,nan,nan
2889,72.225,2.495770697e-06,1.994687239e-06,nan,nan,nan,nan
2890,72.25,2.495770697e-06,1.994687231e-06,nan,nan,nan,nan
2891,72.275,2.495770697e-06,1.994687227e-06,nan,nan,nan,nan
2892,72.3,2.495770694e-06,1.994687232e-06,nan,nan,nan,nan
2893,72.325,2.495770696e-06,1.994687240e-06,nan,nan,nan,nan
2894,72.35,2.495770701e-06,1.994687244e-06,nan,nan,nan,nan
2895,72.375,2.495770706e-06,1.994687241e-06,nan,nan,nan,nan
2896,72.4,2.495770705e-06,1.994687234e-06,nan,nan,nan,nan
2897,72.425,2.495770697e-06,1.994687231e-06,nan,nan,nan,nan
2898,72.45,2.495770690e-06,1.994687232e-06,nan,nan,nan,nan
2899,72.475,2.495770692e-06,1.994687235e-06,nan,nan,nan,nan
2900,72.5,2.495770699e-06,1.994687236e-06,nan,nan,2.231548e-13,2.819966e-13
2901,72.525,2.495770707e-06,1.994687237e-06,nan,nan,nan,nan
2902,72.55,2.495770706e-06,1.994687238e-06,nan,nan,nan,nan
2903,72.575,2.495770699e-06,1.994687240e-06,nan,nan,nan,nan
2904,72.6,2.495770692e-06,1.994687239e-06,nan,nan,nan,nan
2905,72.625,2.495770692e-06,1.994687234e-06,nan,nan,nan,nan
2906,72.65,2.495770696e-06,1.994687229e-06,nan,nan,nan,nan
2907,72.675,2.495770699e-06,1.994687229e-06,nan,nan,nan,nan
2908,72.7,2.495770700e-06,1.994687235e-06,nan,nan,nan,nan
2909,72.725,2.495770699e-06,1.994687243e-06,nan,nan,nan,nan
2910,72.75,2.495770700e-06,1.994687245e-06,nan,nan,nan,nan
2911,72.775,2.495770702e-06,1.994687238e-06,nan,nan,nan,nan
2912,72.8,2.495770699e-06,1.994687229e-06,nan,nan,nan,nan
2913,72.825,2.495770694e-06,1.994687227e-06,nan,nan,nan,nan
2914,72.85,2.495770690e-06,1.994687232e-06,nan,nan,nan,nan
2915,72.875,2.495770694e-06,1.994687240e-06,nan,nan,nan,nan
2916,72.9,2.495770702e-06,1.994687243e-06,nan,nan,nan,nan
2917,72.925,2.495770708e-06,1.994687240e-06,nan,nan,nan,nan
2918,72.95,2.495770705e-06,1.994687236e-06,nan,nan,nan,nan
2919,72.975,2.495770696e-06,1.994687234e-06,nan,nan,nan,nan
2920,73,2.495770689e-06,1.994687235e-06,nan,nan,2.253753e-13,2.819966e-13
2921,73.025,2.495770690e-06,1.994687234e-06,nan,nan,nan,nan
2922,73.05,2.495770697e-06,1.994687233e-06,nan,nan,nan,nan
2923,73.075,2.495770704e-06,1.994687234e-06,nan,nan,nan,nan
2924,73.1,2.495770704e-06,1.994687239e-06,nan,nan,nan,nan
2925,73.125,2.495770699e-06,1.994687242e-06,nan,nan,nan,nan
2926,73.15,2.495770695e-06,1.994687240e-06,nan,nan,nan,nan
2927,73.175,2.495770695e-06,1.994687233e-06,nan,nan,nan,nan
2928,73.2,2.495770697e-06,1.994687226e-06,nan,nan,nan,nan
2929,73.225,2.495770697e-06,1.994687227e-06,nan,nan,nan,nan
2930,73.25,2.495770696e-06,1.994687235e-06,nan,nan,nan,nan
2931,73.275,2.495770697e-06,1.994687244e-06,nan,nan,nan,nan
2932,73.3,2.495770700e-06,1.994687245e-06,nan,nan,nan,nan
2933,73.325,2.495770701e-06,1.994687236e-06,nan,nan,nan,nan
2934,73.35,2.495770698e-06,1.994687228e-06,nan,nan,nan,nan
2935,73.375,2.495770693e-06,1.994687228e-06,nan,nan,nan,nan
2936,73.4,2.495770689e-06,1.994687234e-06,nan,nan,nan,nan
2937,73.425,2.495770694e-06,1.994687240e-06,nan,nan,nan,nan
2938,73.45,2.495770702e-06,1.994687240e-06,nan,nan,nan,nan
2939,73.475,2.495770705e-06,1.994687236e-06,nan,nan,nan,nan
2940,73.5,2.495770701e-06,1.994687234e-06,nan,nan,2.292611e-13,2.875478e-13
2941,73.525,2.495770693e-06,1.994687235e-06,nan,nan,nan,nan
2942,73.55,2.495770689e-06,1.994687236e-06,nan,nan,nan,nan
2943,73.575,2.495770692e-06,1.994687234e-06,nan,nan,nan,nan
2944,73.6,2.495770698e-06,1.994687230e-06,nan,nan,nan,nan
2945,73.625,2.495770701e-06,1.994687232e-06,nan,nan,nan,nan
2946,73.65,2.495770700e-06,1.994687237e-06,nan,nan,nan,nan
2947,73.675,2.495770698e-06,1.994687243e-06,nan,nan,nan,nan
2948,73.7,2.495770697e-06,1.994687242e-06,nan,nan,nan,nan
2949,73.725,2.495770697e-06,1.994687233e-06,nan,nan,nan,nan
2950,73.75,2.495770695e-06,1.994687227e-06,nan,nan,nan,nan
2951,73.775,2.495770692e-06,1.994687228e-06,nan,nan,nan,nan
2952,73.8,2.495770693e-06,1.994687237e-06,nan,nan,nan,nan
2953,73.825,2.495770698e-06,1.994687244e-06,nan,nan,nan,nan
2954,73.85,2.495770705e-06,1.994687244e-06,nan,nan,nan,nan
2955,73.875,2.495770705e-06,1.994687238e-06,nan,nan,nan,nan
2956,73.9,2.495770698e-06,1.994687231e-06,nan,nan,nan,nan
2957,73.925,2.495770689e-06,1.994687230e-06,nan,nan,nan,nan
2958,73.95,2.495770686e-06,1.994687235e-06,nan,nan,nan,nan
2959,73.975,2.495770695e-06,1.994687239e-06,nan,nan,nan,nan
2960,74,2.495770704e-06,1.994687239e-06,nan,nan,2.317591e-13,2.930989e-13
2961,74.025,2.495770707e-06,1.994687238e-06,nan,nan,nan,nan
2962,74.05,2.495770702e-06,1.994687239e-06,nan,nan,nan,nan
2963,74.075,2.495770692e-06,1.994687239e-06,nan,nan,nan,nan
2964,74.1,2.495770690e-06,1.994687237e-06,nan,nan,nan,nan
2965,74.125,2.495770694e-06,1.994687232e-06,nan,nan,nan,nan
2966,74.15,2.495770700e-06,1.994687229e-06,nan,nan,nan,nan
2967,74.175,2.495770702e-06,1.994687232e-06,nan,nan,nan,nan
2968,74.2,2.495770700e-06,1.994687239e-06,nan,nan,nan,nan
2969,74.225,2.495770698e-06,1.994687243e-06,nan,nan,nan,nan
2970,74.25,2.495770699e-06,1.994687241e-06,nan,nan,nan,nan
2971,74.275,2.495770699e-06,1.994687233e-06,nan,nan,nan,nan
2972,74.3,2.495770696e-06,1.994687228e-06,nan,nan,nan,nan
2973,74.325,2.495770691e-06,1.994687231e-06,nan,nan,nan,nan
2974,74.35,2.495770693e-06,1.994687237e-06,nan,nan,nan,nan
2975,74.375,2.495770699e-06,1.994687242e-06,nan,nan,nan,nan
2976,74.4,2.495770705e-06,1.994687240e-06,nan,nan,nan,nan
2977,74.425,2.495770706e-06,1.994687236e-06,nan,nan,nan,nan
2978,74.45,2.495770697e-06,1.994687232e-06,nan,nan,nan,nan
2979,74.475,2.495770688e-06,1.994687232e-06,nan,nan,nan,nan
2980,74.5,2.495770687e-06,1.994687234e-06,nan,nan,2.375877e-13,2.908784e-13
2981,74.525,2.495770695e-06,1.994687234e-06,nan,nan,nan,nan
2982,74.55,2.495770704e-06,1.994687234e-06,nan,nan,nan,nan
2983,74.575,2.495770707e-06,1.994687236e-06,nan,nan,nan,nan
2984,74.6,2.495770702e-06,1.994687240e-06,nan,nan,nan,nan
2985,74.625,2.495770695e-06,1.994687241e-06,nan,nan,nan,nan
2986,74.65,2.495770693e-06,1.994687237e-06,nan,nan,nan,nan
2987,74.675,2.495770694e-06,1.994687230e-06,nan,nan,nan,nan
2988,74.7,2.495770697e-06,1.994687228e-06,nan,nan,nan,nan
2989,74.725,2.495770698e-06,1.994687232e-06,nan,nan,nan,nan
2990,74.75,2.495770698e-06,1.994687241e-06,nan,nan,nan,nan
2991,74.775,2.495770701e-06,1.994687245e-06,nan,nan,nan,nan
2992,74.8,2.495770702e-06,1.994687241e-06,nan,nan,nan,nan
2993,74.825,2.495770699e-06,1.994687233e-06,nan,nan,nan,nan
2994,74.85,2.495770694e-06,1.994687229e-06,nan,nan,nan,nan
2995,74.875,2.495770690e-06,1.994687232e-06,nan,nan,nan,nan
2996,74.9,2.495770692e-06,1.994687237e-06,nan,nan,nan,nan
2997,74.925,2.495770702e-06,1.994687241e-06,nan,nan,nan,nan
2998,74.95,2.495770709e-06,1.994687240e-06,nan,nan,nan,nan
2999,74.975,2.495770706e-06,1.994687238e-06,nan,nan,nan,nan
3000,75,2.495770697e-06,1.994687237e-06,nan,nan,2.275957e-13,2.908784e-13
3001,75.025,2.495770688e-06,1.994687236e-06,nan,nan,nan,nan
3002,75.05,2.495770689e-06,1.994687235e-06,nan,nan,nan,nan
3003,75.075,2.495770696e-06,1.994687233e-06,nan,nan,nan,nan
3004,75.1,2.495770704e-06,1.994687234e-06,nan,nan,nan,nan
3005,75.125,2.495770705e-06,1.994687238e-06,nan,nan,nan,nan
3006,75.15,2.495770700e-06,1.994687244e-06,nan,nan,nan,nan
3007,75.175,2.495770696e-06,1.994687243e-06,nan,nan,nan,nan
3008,75.2,2.495770695e-06,1.994687237e-06,nan,nan,nan,nan
3009,75.225,2.495770696e-06,1.994687229e-06,nan,nan,nan,nan
3010,75.25,2.495770695e-06,1.994687228e-06,nan,nan,nan,nan
3011,75.275,2.495770696e-06,1.994687234e-06,nan,nan,nan,nan
3012,75.3,2.495770698e-06,1.994687243e-06,nan,nan,nan,nan
3013,75.325,2.495770703e-06,1.994687245e-06,nan,nan,nan,nan
3014,75.35,2.495770705e-06,1.994687239e-06,nan,nan,nan,nan
3015,75.375,2.495770700e-06,1.994687232e-06,nan,nan,nan,nan
3016,75.4,2.495770692e-06,1.994687229e-06,nan,nan,nan,nan
3017,75.425,2.495770689e-06,1.994687232e-06,nan,nan,nan,nan
3018,75.45,2.495770693e-06,1.994687236e-06,nan,nan,nan,nan
3019,75.475,2.495770703e-06,1.994687237e-06,nan,nan,nan,nan
3020,75.5,2.495770708e-06,1.994687237e-06,nan,nan,2.184364e-13,2.908784e-13
3021,75.525,2.495770705e-06,1.994687238e-06,nan,nan,nan,nan
3022,75.55,2.495770698e-06,1.994687239e-06,nan,nan,nan,nan
3023,75.575,2.495770691e-06,1.994687238e-06,nan,nan,nan,nan
3024,75.6,2.495770692e-06,1.994687232e-06,nan,nan,nan,nan
3025,75.625,2.495770697e-06,1.994687228e-06,nan,nan,nan,nan
3026,75.65,2.495770702e-06,1.994687230e-06,nan,nan,nan,nan
3027,75.675,2.495770702e-06,1.994687239e-06,nan,nan,nan,nan
3028,75.7,2.495770700e-06,1.994687245e-06,nan,nan,nan,nan
3029,75.725,2.495770699e-06,1.994687244e-06,nan,nan,nan,nan
3030,75.75,2.495770699e-06,1.994687235e-06,nan,nan,nan,nan
3031,75.775,2.495770697e-06,1.994687227e-06,nan,nan,nan,nan
3032,75.8,2.495770693e-06,1.994687227e-06,nan,nan,nan,nan
3033,75.825,2.495770693e-06,1.994687236e-06,nan,nan,nan,nan
3034,75.85,2.495770698e-06,1.994687244e-06,nan,nan,nan,nan
3035,75.875,2.495770704e-06,1.994687244e-06,nan,nan,nan,nan
3036,75.9,2.495770705e-06,1.994687238e-06,nan,nan,nan,nan
3037,75.925,2.495770700e-06,1.994687232e-06,nan,nan,nan,nan
3038,75.95,2.495770691e-06,1.994687232e-06,nan,nan,nan,nan
3039,75.975,2.495770688e-06,1.994687235e-06,nan,nan,nan,nan
3040,76,2.495770694e-06,1.994687236e-06,nan,nan,2.156608e-13,2.953193e-13
3041,76.025,2.495770703e-06,1.994687237e-06,nan,nan,nan,nan
3042,76.05,2.495770708e-06,1.994687238e-06,nan,nan,nan,nan
3043,76.075,2.495770703e-06,1.994687240e-06,nan,nan,nan,nan
3044,76.1,2.495770696e-06,1.994687241e-06,nan,nan,nan,nan
3045,76.125,2.495770693e-06,1.994687238e-06,nan,nan,nan,nan
3046,76.15,2.495770694e-06,1.994687230e-06,nan,nan,nan,nan
3047,76.175,2.495770697e-06,1.994687226e-06,nan,nan,nan,nan
3048,76.2,2.495770698e-06,1.994687230e-06,nan,nan,nan,nan
3049,76.225,2.495770699e-06,1.994687240e-06,nan,nan,nan,nan
3050,76.25,2.495770700e-06,1.994687247e-06,nan,nan,nan,nan
3051,76.275,2.495770700e-06,1.994687243e-06,nan,nan,nan,nan
3052,76.3,2.495770700e-06,1.994687233e-06,nan,nan,nan,nan
3053,76.325,2.495770695e-06,1.994687227e-06,nan,nan,nan,nan
3054,76.35,2.495770690e-06,1.994687228e-06,nan,nan,nan,nan
3055,76.375,2.495770691e-06,1.994687236e-06,nan,nan,nan,nan
3056,76.4,2.495770698e-06,1.994687242e-06,nan,nan,nan,nan
3057,76.425,2.495770705e-06,1.994687241e-06,nan,nan,nan,nan
3058,76.45,2.495770706e-06,1.994687236e-06,nan,nan,nan,nan
3059,76.475,2.495770698e-06,1.994687233e-06,nan,nan,nan,nan
3060,76.5,2.495770689e-06,1.994687233e-06,nan,nan,2.153833e-13,2.964295e-13
3061,76.525,2.495770688e-06,1.994687233e-06,nan,nan,nan,nan
3062,76.55,2.495770695e-06,1.994687234e-06,nan,nan,nan,nan
3063,76.575,2.495770703e-06,1.994687234e-06,nan,nan,nan,nan
3064,76.6,2.495770705e-06,1.994687238e-06,nan,nan,nan,nan
3065,76.625,2.495770701e-06,1.994687242e-06,nan,nan,nan,nan
3066,76.65,2.495770696e-06,1.994687242e-06,nan,nan,nan,nan
3067,76.675,2.495770695e-06,1.994687236e-06,nan,nan,nan,nan
3068,76.7,2.495770695e-06,1.994687227e-06,nan,nan,nan,nan
3069,76.725,2.495770696e-06,1.994687225e-06,nan,nan,nan,nan
3070,76.75,2.495770697e-06,1.994687233e-06,nan,nan,nan,nan
3071,76.775,2.495770697e-06,1.994687243e-06,nan,nan,nan,nan
3072,76.8,2.495770700e-06,1.994687248e-06,nan,nan,nan,nan
3073,76.825,2.495770703e-06,1.994687241e-06,nan,nan,nan,nan
3074,76.85,2.495770701e-06,1.994687230e-06,nan,nan,nan,nan
3075,76.875,2.495770694e-06,1.994687227e-06,nan,nan,nan,nan
3076,76.9,2.495770689e-06,1.994687232e-06,nan,nan,nan,nan
3077,76.925,2.495770691e-06,1.994687240e-06,nan,nan,nan,nan
3078,76.95,2.495770700e-06,1.994687243e-06,nan,nan,nan,nan
3079,76.975,2.495770707e-06,1.994687240e-06,nan,nan,nan,nan
3080,77,2.495770705e-06,1.994687237e-06,nan,nan,2.164935e-13,3.019807e-13
3081,77.025,2.495770697e-06,1.994687237e-06,nan,nan,nan,nan
3082,77.05,2.495770690e-06,1.994687237e-06,nan,nan,nan,nan
3083,77.075,2.495770689e-06,1.994687237e-06,nan,nan,nan,nan
3084,77.1,2.495770696e-06,1.994687233e-06,nan,nan,nan,nan
3085,77.125,2.495770703e-06,1.994687233e-06,nan,nan,nan,nan
3086,77.15,2.495770703e-06,1.994687237e-06,nan,nan,nan,nan
3087,77.175,2.495770700e-06,1.994687243e-06,nan,nan,nan,nan
3088,77.2,2.495770699e-06,1.994687243e-06,nan,nan,nan,nan
3089,77.225,2.495770698e-06,1.994687236e-06,nan,nan,nan,nan
3090,77.25,2.495770697e-06,1.994687229e-06,nan,nan,nan,nan
3091,77.275,2.495770693e-06,1.994687228e-06,nan,nan,nan,nan
3092,77.3,2.495770693e-06,1.994687234e-06,nan,nan,nan,nan
3093,77.325,2.495770697e-06,1.994687243e-06,nan,nan,nan,nan
3094,77.35,2.495770705e-06,1.994687245e-06,nan,nan,nan,nan
3095,77.375,2.495770708e-06,1.994687240e-06,nan,nan,nan,nan
3096,77.4,2.495770701e-06,1.994687232e-06,nan,nan,nan,nan
3097,77.425,2.495770691e-06,1.994687230e-06,nan,nan,nan,nan
3098,77.45,2.495770687e-06,1.994687233e-06,nan,nan,nan,nan
3099,77.475,2.495770692e-06,1.994687236e-06,nan,nan,nan,nan
3100,77.5,2.495770703e-06,1.994687237e-06,nan,nan,2.237099e-13,3.008704e-13
3101,77.525,2.495770709e-06,1.994687236e-06,nan,nan,nan,nan
3102,77.55,2.495770706e-06,1.994687236e-06,nan,nan,nan,nan
3103,77.575,2.495770695e-06,1.994687238e-06,nan,nan,nan,nan
3104,77.6,2.495770690e-06,1.994687238e-06,nan,nan,nan,nan
3105,77.625,2.495770693e-06,1.994687233e-06,nan,nan,nan,nan
3106,77.65,2.495770698e-06,1.994687230e-06,nan,nan,nan,nan
3107,77.675,2.495770701e-06,1.994687232e-06,nan,nan,nan,nan
3108,77.7,2.495770699e-06,1.994687240e-06,nan,nan,nan,nan
3109,77.725,2.495770698e-06,1.994687246e-06,nan,nan,nan,nan
3110,77.75,2.495770698e-06,1.994687242e-06,nan,nan,nan,nan
3111,77.775,2.495770699e-06,1.994687233e-06,nan,nan,nan,nan
3112,77.8,2.495770696e-06,1.994687227e-06,nan,nan,nan,nan
3113,77.825,2.495770692e-06,1.994687230e-06,nan,nan,nan,nan
3114,77.85,2.495770691e-06,1.994687237e-06,nan,nan,nan,nan
3115,77.875,2.495770697e-06,1.994687244e-06,nan,nan,nan,nan
3116,77.9,2.495770705e-06,1.994687243e-06,nan,nan,nan,nan
3117,77.925,2.495770707e-06,1.994687237e-06,nan,nan,nan,nan
3118,77.95,2.495770700e-06,1.994687232e-06,nan,nan,nan,nan
3119,77.975,2.495770691e-06,1.994687233e-06,nan,nan,nan,nan
3120,78,2.495770689e-06,1.994687237e-06,nan,nan,2.195466e-13,3.008704e-13
3121,78.025,2.495770695e-06,1.994687238e-06,nan,nan,nan,nan
3122,78.05,2.495770704e-06,1.994687237e-06,nan,nan,nan,nan
3123,78.075,2.495770706e-06,1.994687237e-06,nan,nan,nan,nan
3124,78.1,2.495770701e-06,1.994687239e-06,nan,nan,nan,nan
3125,78.125,2.495770694e-06,1.994687241e-06,nan,nan,nan,nan
3126,78.15,2.495770693e-06,1.994687239e-06,nan,nan,nan,nan
3127,78.175,2.495770696e-06,1.994687232e-06,nan,nan,nan,nan
3128,78.2,2.495770699e-06,1.994687229e-06,nan,nan,nan,nan
3129,78.225,2.495770699e-06,1.994687233e-06,nan,nan,nan,nan
3130,78.25,2.495770697e-06,1.994687241e-06,nan,nan,nan,nan
3131,78.275,2.495770699e-06,1.994687246e-06,nan,nan,nan,nan
3132,78.3,2.495770702e-06,1.994687241e-06,nan,nan,nan,nan
3133,78.325,2.495770702e-06,1.994687233e-06,nan,nan,nan,nan
3134,78.35,2.495770696e-06,1.994687227e-06,nan,nan,nan,nan
3135,78.375,2.495770690e-06,1.994687230e-06,nan,nan,nan,nan
3136,78.4,2.495770691e-06,1.994687237e-06,nan,nan,nan,nan
3137,78.425,2.495770699e-06,1.994687241e-06,nan,nan,nan,nan
3138,78.45,2.495770706e-06,1.994687241e-06,nan,nan,nan,nan
3139,78.475,2.495770707e-06,1.994687237e-06,nan,nan,nan,nan
3140,78.5,2.495770699e-06,1.994687235e-06,nan,nan,2.201017e-13,3.064216e-13
3141,78.525,2.495770689e-06,1.994687234e-06,nan,nan,nan,nan
3142,78.55,2.495770689e-06,1.994687234e-06,nan,nan,nan,nan
3143,78.575,2.495770697e-06,1.994687234e-06,nan,nan,nan,nan
3144,78.6,2.495770704e-06,1.994687234e-06,nan,nan,nan,nan
3145,78.625,2.495770705e-06,1.994687237e-06,nan,nan,nan,nan
3146,78.65,2.495770700e-06,1.994687240e-06,nan,nan,nan,nan
3147,78.675,2.495770695e-06,1.994687241e-06,nan,nan,nan,nan
3148,78.7,2.495770695e-06,1.994687236e-06,nan,nan,nan,nan
3149,78.725,2.495770697e-06,1.994687230e-06,nan,nan,nan,nan
3150,78.75,2.495770699e-06,1.994687229e-06,nan,nan,nan,nan
3151,78.775,2.495770698e-06,1.994687235e-06,nan,nan,nan,nan
3152,78.8,2.495770698e-06,1.994687241e-06,nan,nan,nan,nan
3153,78.825,2.495770701e-06,1.994687243e-06,nan,nan,nan,nan
3154,78.85,2.495770703e-06,1.994687240e-06,nan,nan,nan,nan
3155,78.875,2.495770700e-06,1.994687234e-06,nan,nan,nan,nan
3156,78.9,2.495770693e-06,1.994687231e-06,nan,nan,nan,nan
3157,78.925,2.495770688e-06,1.994687233e-06,nan,nan,nan,nan
3158,78.95,2.495770691e-06,1.994687236e-06,nan,nan,nan,nan
3159,78.975,2.495770701e-06,1.994687239e-06,nan,nan,nan,nan
3160,79,2.495770707e-06,1.994687241e-06,nan,nan,2.126077e-13,3.030909e-13
3161,79.025,2.495770705e-06,1.994687240e-06,nan,nan,nan,nan
3162,79.05,2.495770697e-06,1.994687239e-06,nan,nan,nan,nan
3163,79.075,2.495770691e-06,1.994687236e-06,nan,nan,nan,nan
3164,79.1,2.495770691e-06,1.994687233e-06,nan,nan,nan,nan
3165,79.125,2.495770697e-06,1.994687231e-06,nan,nan,nan,nan
3166,79.15,2.495770702e-06,1.994687235e-06,nan,nan,nan,nan
3167,79.175,2.495770703e-06,1.994687239e-06,nan,nan,nan,nan
3168,79.2,2.495770701e-06,1.994687241e-06,nan,nan,nan,nan
3169,79.225,2.495770699e-06,1.994687239e-06,nan,nan,nan,nan
3170,79.25,2.495770697e-06,1.994687234e-06,nan,nan,nan,nan
3171,79.275,2.495770695e-06,1.994687231e-06,nan,nan,nan,nan
3172,79.3,2.495770694e-06,1.994687232e-06,nan,nan,nan,nan
3173,79.325,2.495770695e-06,1.994687235e-06,nan,nan,nan,nan
3174,79.35,2.495770699e-06,1.994687239e-06,nan,nan,nan,nan
3175,79.375,2.495770704e-06,1.994687238e-06,nan,nan,nan,nan
3176,79.4,2.495770705e-06,1.994687237e-06,nan,nan,nan,nan
3177,79.425,2.495770699e-06,1.994687234e-06,nan,nan,nan,nan
3178,79.45,2.495770691e-06,1.994687233e-06,nan,nan,nan,nan
3179,79.475,2.495770689e-06,1.994687232e-06,nan,nan,nan,nan
3180,79.5,2.495770693e-06,1.994687232e-06,nan,nan,2.151057e-13,2.986500e-13
3181,79.525,2.495770700e-06,1.994687235e-06,nan,nan,nan,nan
3182,79.55,2.495770704e-06,1.994687240e-06,nan,nan,nan,nan
3183,79.575,2.495770702e-06,1.994687242e-06,nan,nan,nan,nan
3184,79.6,2.495770697e-06,1.994687240e-06,nan,nan,nan,nan
3185,79.625,2.495770694e-06,1.994687232e-06,nan,nan,nan,nan
3186,79.65,2.495770694e-06,1.994687228e-06,nan,nan,nan,nan
3187,79.675,2.495770697e-06,1.994687230e-06,nan,nan,nan,nan
3188,79.7,2.495770697e-06,1.994687237e-06,nan,nan,nan,nan
3189,79.725,2.495770699e-06,1.994687244e-06,nan,nan,nan,nan
3190,79.75,2.495770701e-06,1.994687243e-06,nan,nan,nan,nan
3191,79.775,2.495770702e-06,1.994687237e-06,nan,nan,nan,nan
3192,79.8,2.495770699e-06,1.994687232e-06,nan,nan,nan,nan
3193,79.825,2.495770696e-06,1.994687231e-06,nan,nan,nan,nan
3194,79.85,2.495770693e-06,1.994687235e-06,nan,nan,nan,nan
3195,79.875,2.495770695e-06,1.994687238e-06,nan,nan,nan,nan
3196,79.9,2.495770699e-06,1.994687239e-06,nan,nan,nan,nan
3197,79.925,2.495770703e-06,1.994687237e-06,nan,nan,nan,nan
3198,79.95,2.495770701e-06,1.994687236e-06,nan,nan,nan,nan
3199,79.975,2.495770696e-06,1.994687237e-06,nan,nan,nan,nan
3200,80,2.495770692e-06,1.994687238e-06,nan,nan,2.187139e-13,2.975398e-13
3201,80.025,2.495770693e-06,1.994687234e-06,nan,nan,nan,nan
3202,80.05,2.495770697e-06,1.994687231e-06,nan,nan,nan,nan
3203,80.075,2.495770701e-06,1.994687233e-06,nan,nan,nan,nan
3204,80.1,2.495770701e-06,1.994687240e-06,nan,nan,nan,nan
3205,80.125,2.495770700e-06,1.994687245e-06,nan,nan,nan,nan
3206,80.15,2.495770699e-06,1.994687242e-06,nan,nan,nan,nan
3207,80.175,2.495770697e-06,1.994687235e-06,nan,nan,nan,nan
3208,80.2,2.495770694e-06,1.994687229e-06,nan,nan,nan,nan
3209,80.225,2.495770693e-06,1.994687230e-06,nan,nan,nan,nan
3210,80.25,2.495770694e-06,1.994687237e-06,nan,nan,nan,nan
3211,80.275,2.495770700e-06,1.994687242e-06,nan,nan,nan,nan
3212,80.3,2.495770706e-06,1.994687240e-06,nan,nan,nan,nan
3213,80.325,2.495770705e-06,1.994687236e-06,nan,nan,nan,nan
3214,80.35,2.495770699e-06,1.994687232e-06,nan,nan,nan,nan
3215,80.375,2.495770691e-06,1.994687234e-06,nan,nan,nan,nan
3216,80.4,2.495770689e-06,1.994687237e-06,nan,nan,nan,nan
3217,80.425,2.495770697e-06,1.994687237e-06,nan,nan,nan,nan
3218,80.45,2.495770705e-06,1.994687236e-06,nan,nan,nan,nan
3219,80.475,2.495770706e-06,1.994687235e-06,nan,nan,nan,nan
3220,80.5,2.495770700e-06,1.994687237e-06,nan,nan,2.189915e-13,3.103073e-13
3221,80.525,2.495770693e-06,1.994687239e-06,nan,nan,nan,nan
3222,80.55,2.495770691e-06,1.994687237e-06,nan,nan,nan,nan
3223,80.575,2.495770694e-06,1.994687232e-06,nan,nan,nan,nan
3224,80.6,2.495770699e-06,1.994687231e-06,nan,nan,nan,nan
3225,80.625,2.495770700e-06,1.994687233e-06,nan,nan,nan,nan
3226,80.65,2.495770699e-06,1.994687240e-06,nan,nan,nan,nan
3227,80.675,2.495770701e-06,1.994687244e-06,nan,nan,nan,nan
3228,80.7,2.495770701e-06,1.994687240e-06,nan,nan,nan,nan
3229,80.725,2.495770701e-06,1.994687233e-06,nan,nan,nan,nan
3230,80.75,2.495770697e-06,1.994687230e-06,nan,nan,nan,nan
3231,80.775,2.495770692e-06,1.994687233e-06,nan,nan,nan,nan
3232,80.8,2.495770694e-06,1.994687240e-06,nan,nan,nan,nan
3233,80.825,2.495770700e-06,1.994687243e-06,nan,nan,nan,nan
3234,80.85,2.495770707e-06,1.994687239e-06,nan,nan,nan,nan
3235,80.875,2.495770706e-06,1.994687234e-06,nan,nan,nan,nan
3236,80.9,2.495770697e-06,1.994687232e-06,nan,nan,nan,nan
3237,80.925,2.495770689e-06,1.994687236e-06,nan,nan,nan,nan
3238,80.95,2.495770690e-06,1.994687238e-06,nan,nan,nan,nan
3239,80.975,2.495770698e-06,1.994687237e-06,nan,nan,nan,nan
3240,81,2.495770705e-06,1.994687234e-06,nan,nan,2.170486e-13,3.175238e-13
3241,81.025,2.495770705e-06,1.994687234e-06,nan,nan,nan,nan
3242,81.05,2.495770700e-06,1.994687239e-06,nan,nan,nan,nan
3243,81.075,2.495770694e-06,1.994687241e-06,nan,nan,nan,nan
3244,81.1,2.495770694e-06,1.994687238e-06,nan,nan,nan,nan
3245,81.125,2.495770696e-06,1.994687232e-06,nan,nan,nan,nan
3246,81.15,2.495770697e-06,1.994687229e-06,nan,nan,nan,nan
3247,81.175,2.495770696e-06,1.994687234e-06,nan,nan,nan,nan
3248,81.2,2.495770696e-06,1.994687240e-06,nan,nan,nan,nan
3249,81.225,2.495770700e-06,1.994687244e-06,nan,nan,nan,nan
3250,81.25,2.495770703e-06,1.994687239e-06,nan,nan,nan,nan
3251,81.275,2.495770701e-06,1.994687230e-06,nan,nan,nan,nan
3252,81.3,2.495770695e-06,1.994687228e-06,nan,nan,nan,nan
3253,81.325,2.495770691e-06,1.994687232e-06,nan,nan,nan,nan
3254,81.35,2.495770693e-06,1.994687239e-06,nan,nan,nan,nan
3255,81.375,2.495770701e-06,1.994687241e-06,nan,nan,nan,nan
3256,81.4,2.495770707e-06,1.994687238e-06,nan,nan,nan,nan
3257,81.425,2.495770703e-06,1.994687233e-06,nan,nan,nan,nan
3258,81.45,2.495770693e-06,1.994687233e-06,nan,nan,nan,nan
3259,81.475,2.495770688e-06,1.994687236e-06,nan,nan,nan,nan
3260,81.5,2.495770692e-06,1.994687238e-06,nan,nan,2.142730e-13,3.164136e-13
3261,81.525,2.495770700e-06,1.994687237e-06,nan,nan,nan,nan
3262,81.55,2.495770703e-06,1.994687233e-06,nan,nan,nan,nan
3263,81.575,2.495770700e-06,1.994687234e-06,nan,nan,nan,nan
3264,81.6,2.495770694e-06,1.994687238e-06,nan,nan,nan,nan
3265,81.625,2.495770692e-06,1.994687241e-06,nan,nan,nan,nan
3266,81.65,2.495770696e-06,1.994687238e-06,nan,nan,nan,nan
3267,81.675,2.495770700e-06,1.994687232e-06,nan,nan,nan,nan
3268,81.7,2.495770700e-06,1.994687229e-06,nan,nan,nan,nan
3269,81.725,2.495770697e-06,1.994687234e-06,nan,nan,nan,nan
3270,81.75,2.495770696e-06,1.994687240e-06,nan,nan,nan,nan
3271,81.775,2.495770700e-06,1.994687243e-06,nan,nan,nan,nan
3272,81.8,2.495770703e-06,1.994687238e-06,nan,nan,nan,nan
3273,81.825,2.495770701e-06,1.994687232e-06,nan,nan,nan,nan
3274,81.85,2.495770694e-06,1.994687230e-06,nan,nan,nan,nan
3275,81.875,2.495770690e-06,1.994687235e-06,nan,nan,nan,nan
3276,81.9,2.495770694e-06,1.994687240e-06,nan,nan,nan,nan
3277,81.925,2.495770704e-06,1.994687240e-06,nan,nan,nan,nan
3278,81.95,2.495770708e-06,1.994687236e-06,nan,nan,nan,nan
3279,81.975,2.495770704e-06,1.994687234e-06,nan,nan,nan,nan
3280,82,2.495770693e-06,1.994687235e-06,nan,nan,2.173262e-13,3.175238e-13
3281,82.025,2.495770687e-06,1.994687240e-06,nan,nan,nan,nan
3282,82.05,2.495770693e-06,1.994687240e-06,nan,nan,nan,nan
3283,82.075,2.495770701e-06,1.994687237e-06,nan,nan,nan,nan
3284,82.1,2.495770705e-06,1.994687234e-06,nan,nan,nan,nan
3285,82.125,2.495770701e-06,1.994687234e-06,nan,nan,nan,nan
3286,82.15,2.495770696e-06,1.994687238e-06,nan,nan,nan,nan
3287,82.175,2.495770693e-06,1.994687240e-06,nan,nan,nan,nan
3288,82.2,2.495770696e-06,1.994687236e-06,nan,nan,nan,nan
3289,82.225,2.495770699e-06,1.994687231e-06,nan,nan,nan,nan
3290,82.25,2.495770698e-06,1.994687231e-06,nan,nan,nan,nan
3291,82.275,2.495770695e-06,1.994687237e-06,nan,nan,nan,nan
3292,82.3,2.495770697e-06,1.994687243e-06,nan,nan,nan,nan
3293,82.325,2.495770701e-06,1.994687243e-06,nan,nan,nan,nan
3294,82.35,2.495770704e-06,1.994687236e-06,nan,nan,nan,nan
3295,82.375,2.495770700e-06,1.994687229e-06,nan,nan,nan,nan
3296,82.4,2.495770693e-06,1.994687229e-06,nan,nan,nan,nan
3297,82.425,2.495770690e-06,1.994687235e-06,nan,nan,nan,nan
3298,82.45,2.495770695e-06,1.994687241e-06,nan,nan,nan,nan
3299,82.475,2.495770703e-06,1.994687241e-06,nan,nan,nan,nan
3300,82.5,2.495770705e-06,1.994687236e-06,nan,nan,2.256528e-13,3.164136e-13
3301,82.525,2.495770701e-06,1.994687232e-06,nan,nan,nan,nan
3302,82.55,2.495770694e-06,1.994687233e-06,nan,nan,nan,nan
3303,82.575,2.495770692e-06,1.994687237e-06,nan,nan,nan,nan
3304,82.6,2.495770697e-06,1.994687239e-06,nan,nan,nan,nan
3305,82.625,2.495770701e-06,1.994687236e-06,nan,nan,nan,nan
3306,82.65,2.495770702e-06,1.994687233e-06,nan,nan,nan,nan
3307,82.675,2.495770698e-06,1.994687235e-06,nan,nan,nan,nan
3308,82.7,2.495770695e-06,1.994687238e-06,nan,nan,nan,nan
3309,82.725,2.495770695e-06,1.994687239e-06,nan,nan,nan,nan
3310,82.75,2.495770699e-06,1.994687237e-06,nan,nan,nan,nan
3311,82.775,2.495770699e-06,1.994687231e-06,nan,nan,nan,nan
3312,82.8,2.495770697e-06,1.994687231e-06,nan,nan,nan,nan
3313,82.825,2.495770696e-06,1.994687236e-06,nan,nan,nan,nan
3314,82.85,2.495770698e-06,1.994687241e-06,nan,nan,nan,nan
3315,82.875,2.495770702e-06,1.994687242e-06,nan,nan,nan,nan
3316,82.9,2.495770703e-06,1.994687238e-06,nan,nan,nan,nan
3317,82.925,2.495770698e-06,1.994687232e-06,nan,nan,nan,nan
3318,82.95,2.495770692e-06,1.994687231e-06,nan,nan,nan,nan
3319,82.975,2.495770690e-06,1.994687235e-06,nan,nan,nan,nan
3320,83,2.495770697e-06,1.994687240e-06,nan,nan,2.281508e-13,3.186340e-13
3321,83.025,2.495770703e-06,1.994687241e-06,nan,nan,nan,nan
3322,83.05,2.495770706e-06,1.994687238e-06,nan,nan,nan,nan
3323,83.075,2.495770699e-06,1.994687234e-06,nan,nan,nan,nan
3324,83.1,2.495770692e-06,1.994687234e-06,nan,nan,nan,nan
3325,83.125,2.495770690e-06,1.994687237e-06,nan,nan,nan,nan
3326,83.15,2.495770695e-06,1.994687238e-06,nan,nan,nan,nan
3327,83.175,2.495770702e-06,1.994687239e-06,nan,nan,nan,nan
3328,83.2,2.495770703e-06,1.994687236e-06,nan,nan,nan,nan
3329,83.225,2.495770699e-06,1.994687235e-06,nan,nan,nan,nan
3330,83.25,2.495770696e-06,1.994687236e-06,nan,nan,nan,nan
3331,83.275,2.495770695e-06,1.994687237e-06,nan,nan,nan,nan
3332,83.3,2.495770698e-06,1.994687234e-06,nan,nan,nan,nan
3333,83.325,2.495770698e-06,1.994687232e-06,nan,nan,nan,nan
3334,83.35,2.495770697e-06,1.994687232e-06,nan,nan,nan,nan
3335,83.375,2.495770696e-06,1.994687236e-06,nan,nan,nan,nan
3336,83.4,2.495770698e-06,1.994687241e-06,nan,nan,nan,nan
3337,83.425,2.495770701e-06,1.994687243e-06,nan,nan,nan,nan
3338,83.45,2.495770702e-06,1.994687238e-06,nan,nan,nan,nan
3339,83.475,2.495770698e-06,1.994687232e-06,nan,nan,nan,nan
3340,83.5,2.495770693e-06,1.994687229e-06,nan,nan,2.312039e-13,3.241851e-13
3341,83.525,2.495770692e-06,1.994687231e-06,nan,nan,nan,nan
3342,83.55,2.495770696e-06,1.994687238e-06,nan,nan,nan,nan
3343,83.575,2.495770702e-06,1.994687241e-06,nan,nan,nan,nan
3344,83.6,2.495770702e-06,1.994687239e-06,nan,nan,nan,nan
3345,83.625,2.495770699e-06,1.994687235e-06,nan,nan,nan,nan
3346,83.65,2.495770695e-06,1.994687231e-06,nan,nan,nan,nan
3347,83.675,2.495770694e-06,1.994687233e-06,nan,nan,nan,nan
3348,83.7,2.495770697e-06,1.994687236e-06,nan,nan,nan,nan
3349,83.725,2.495770702e-06,1.994687238e-06,nan,nan,nan,nan
3350,83.75,2.495770702e-06,1.994687237e-06,nan,nan,nan,nan
3351,83.775,2.495770700e-06,1.994687236e-06,nan,nan,nan,nan
3352,83.8,2.495770698e-06,1.994687235e-06,nan,nan,nan,nan
3353,83.825,2.495770696e-06,1.994687238e-06,nan,nan,nan,nan
3354,83.85,2.495770696e-06,1.994687239e-06,nan,nan,nan,nan
3355,83.875,2.495770697e-06,1.994687237e-06,nan,nan,nan,nan
3356,83.9,2.495770697e-06,1.994687235e-06,nan,nan,nan,nan
3357,83.925,2.495770698e-06,1.994687234e-06,nan,nan,nan,nan
3358,83.95,2.495770700e-06,1.994687237e-06,nan,nan,nan,nan
3359,83.975,2.495770701e-06,1.994687240e-06,nan,nan,nan,nan
3360,84,2.495770699e-06,1.994687240e-06,nan,nan,2.361999e-13,3.241851e-13
3361,84.025,2.495770696e-06,1.994687236e-06,nan,nan,nan,nan
3362,84.05,2.495770695e-06,1.994687231e-06,nan,nan,nan,nan
3363,84.075,2.495770695e-06,1.994687232e-06,nan,nan,nan,nan
3364,84.1,2.495770698e-06,1.994687238e-06,nan,nan,nan,nan
3365,84.125,2.495770701e-06,1.994687242e-06,nan,nan,nan,nan
3366,84.15,2.495770702e-06,1.994687241e-06,nan,nan,nan,nan
3367,84.175,2.495770700e-06,1.994687234e-06,nan,nan,nan,nan
3368,84.2,2.495770696e-06,1.994687231e-06,nan,nan,nan,nan
3369,84.225,2.495770692e-06,1.994687233e-06,nan,nan,nan,nan
3370,84.25,2.495770694e-06,1.994687239e-06,nan,nan,nan,nan
3371,84.275,2.495770697e-06,1.994687241e-06,nan,nan,nan,nan
3372,84.3,2.495770702e-06,1.994687239e-06,nan,nan,nan,nan
3373,84.325,2.495770704e-06,1.994687234e-06,nan,nan,nan,nan
3374,84.35,2.495770701e-06,1.994687234e-06,nan,nan,nan,nan
3375,84.375,2.495770697e-06,1.994687238e-06,nan,nan,nan,nan
3376,84.4,2.495770693e-06,1.994687240e-06,nan,nan,nan,nan
3377,84.425,2.495770694e-06,1.994687237e-06,nan,nan,nan,nan
3378,84.45,2.495770697e-06,1.994687232e-06,nan,nan,nan,nan
3379,84.475,2.495770701e-06,1.994687231e-06,nan,nan,nan,nan
3380,84.5,2.495770701e-06,1.994687236e-06,nan,nan,2.442491e-13,3.305689e-13
3381,84.525,2.495770699e-06,1.994687242e-06,nan,nan,nan,nan
3382,84.55,2.495770697e-06,1.994687240e-06,nan,nan,nan,nan
3383,84.575,2.495770697e-06,1.994687235e-06,nan,nan,nan,nan
3384,84.6,2.495770698e-06,1.994687230e-06,nan,nan,nan,nan
3385,84.625,2.495770697e-06,1.994687232e-06,nan,nan,nan,nan
3386,84.65,2.495770698e-06,1.994687239e-06,nan,nan,nan,nan
3387,84.675,2.495770698e-06,1.994687243e-06,nan,nan,nan,nan
3388,84.7,2.495770701e-06,1.994687238e-06,nan,nan,nan,nan
3389,84.725,2.495770701e-06,1.994687231e-06,nan,nan,nan,nan
3390,84.75,2.495770699e-06,1.994687229e-06,nan,nan,nan,nan
3391,84.775,2.495770694e-06,1.994687236e-06,nan,nan,nan,nan
3392,84.8,2.495770692e-06,1.994687243e-06,nan,nan,nan,nan
3393,84.825,2.495770696e-06,1.994687244e-06,nan,nan,nan,nan
3394,84.85,2.495770701e-06,1.994687237e-06,nan,nan,nan,nan
3395,84.875,2.495770704e-06,1.994687230e-06,nan,nan,nan,nan
3396,84.9,2.495770702e-06,1.994687231e-06,nan,nan,nan,nan
3397,84.925,2.495770696e-06,1.994687239e-06,nan,nan,nan,nan
3398,84.95,2.495770693e-06,1.994687244e-06,nan,nan,nan,nan
3399,84.975,2.495770695e-06,1.994687240e-06,nan,nan,nan,nan
3400,85,2.495770699e-06,1.994687233e-06,nan,nan,2.439715e-13,3.419487e-13
3401,85.025,2.495770701e-06,1.994687230e-06,nan,nan,nan,nan
3402,85.05,2.495770700e-06,1.994687235e-06,nan,nan,nan,nan
3403,85.075,2.495770698e-06,1.994687240e-06,nan,nan,nan,nan
3404,85.1,2.495770698e-06,1.994687241e-06,nan,nan,nan,nan
3405,85.125,2.495770699e-06,1.994687234e-06,nan,nan,nan,nan
3406,85.15,2.495770698e-06,1.994687229e-06,nan,nan,nan,nan
3407,85.175,2.495770696e-06,1.994687232e-06,nan,nan,nan,nan
3408,85.2,2.495770695e-06,1.994687239e-06,nan,nan,nan,nan
3409,85.225,2.495770698e-06,1.994687244e-06,nan,nan,nan,nan
3410,85.25,2.495770701e-06,1.994687239e-06,nan,nan,nan,nan
3411,85.275,2.495770703e-06,1.994687231e-06,nan,nan,nan,nan
3412,85.3,2.495770697e-06,1.994687229e-06,nan,nan,nan,nan
3413,85.325,2.495770690e-06,1.994687234e-06,nan,nan,nan,nan
3414,85.35,2.495770690e-06,1.994687242e-06,nan,nan,nan,nan
3415,85.375,2.495770697e-06,1.994687241e-06,nan,nan,nan,nan
3416,85.4,2.495770705e-06,1.994687235e-06,nan,nan,nan,nan
3417,85.425,2.495770705e-06,1.994687229e-06,nan,nan,nan,nan
3418,85.45,2.495770698e-06,1.994687232e-06,nan,nan,nan,nan
3419,85.475,2.495770690e-06,1.994687238e-06,nan,nan,nan,nan
3420,85.5,2.495770690e-06,1.994687243e-06,nan,nan,2.550737e-13,3.419487e-13
3421,85.525,2.495770699e-06,1.994687238e-06,nan,nan,nan,nan
3422,85.55,2.495770704e-06,1.994687231e-06,nan,nan,nan,nan
3423,85.575,2.495770703e-06,1.994687229e-06,nan,nan,nan,nan
3424,85.6,2.495770697e-06,1.994687235e-06,nan,nan,nan,nan
3425,85.625,2.495770693e-06,1.994687243e-06,nan,nan,nan,nan
3426,85.65,2.495770695e-06,1.994687242e-06,nan,nan,nan,nan
3427,85.675,2.495770699e-06,1.994687236e-06,nan,nan,nan,nan
3428,85.7,2.495770699e-06,1.994687231e-06,nan,nan,nan,nan
3429,85.725,2.495770695e-06,1.994687233e-06,nan,nan,nan,nan
3430,85.75,2.495770694e-06,1.994687239e-06,nan,nan,nan,nan
3431,85.775,2.495770697e-06,1.994687241e-06,nan,nan,nan,nan
3432,85.8,2.495770703e-06,1.994687238e-06,nan,nan,nan,nan
3433,85.825,2.495770703e-06,1.994687231e-06,nan,nan,nan,nan
3434,85.85,2.495770696e-06,1.994687231e-06,nan,nan,nan,nan
3435,85.875,2.495770690e-06,1.994687237e-06,nan,nan,nan,nan
3436,85.9,2.495770692e-06,1.994687245e-06,nan,nan,nan,nan
3437,85.925,2.495770700e-06,1.994687244e-06,nan,nan,nan,nan
3438,85.95,2.495770709e-06,1.994687235e-06,nan,nan,nan,nan
3439,85.975,2.495770707e-06,1.994687229e-06,nan,nan,nan,nan
3440,86,2.495770697e-06,1.994687230e-06,nan,nan,2.564615e-13,3.422262e-13
3441,86.025,2.495770690e-06,1.994687238e-06,nan,nan,nan,nan
3442,86.05,2.495770691e-06,1.994687242e-06,nan,nan,nan,nan
3443,86.075,2.495770700e-06,1.994687239e-06,nan,nan,nan,nan
3444,86.1,2.495770704e-06,1.994687233e-06,nan,nan,nan,nan
3445,86.125,2.495770701e-06,1.994687231e-06,nan,nan,nan,nan
3446,86.15,2.495770694e-06,1.994687234e-06,nan,nan,nan,nan
3447,86.175,2.495770693e-06,1.994687240e-06,nan,nan,nan,nan
3448,86.2,2.495770698e-06,1.994687241e-06,nan,nan,nan,nan
3449,86.225,2.495770702e-06,1.994687236e-06,nan,nan,nan,nan
3450,86.25,2.495770699e-06,1.994687231e-06,nan,nan,nan,nan
3451,86.275,2.495770694e-06,1.994687232e-06,nan,nan,nan,nan
3452,86.3,2.495770692e-06,1.994687238e-06,nan,nan,nan,nan
3453,86.325,2.495770697e-06,1.994687241e-06,nan,nan,nan,nan
3454,86.35,2.495770703e-06,1.994687237e-06,nan,nan,nan,nan
3455,86.375,2.495770702e-06,1.994687232e-06,nan,nan,nan,nan
3456,86.4,2.495770694e-06,1.994687232e-06,nan,nan,nan,nan
3457,86.425,2.495770689e-06,1.994687236e-06,nan,nan,nan,nan
3458,86.45,2.495770692e-06,1.994687241e-06,nan,nan,nan,nan
3459,86.475,2.495770702e-06,1.994687242e-06,nan,nan,nan,nan
3460,86.5,2.495770707e-06,1.994687236e-06,nan,nan,2.550737e-13,3.486100e-13
3461,86.525,2.495770703e-06,1.994687230e-06,nan,nan,nan,nan
3462,86.55,2.495770693e-06,1.994687231e-06,nan,nan,nan,nan
3463,86.575,2.495770688e-06,1.994687236e-06,nan,nan,nan,nan
3464,86.6,2.495770693e-06,1.994687242e-06,nan,nan,nan,nan
3465,86.625,2.495770702e-06,1.994687240e-06,nan,nan,nan,nan
3466,86.65,2.495770705e-06,1.994687234e-06,nan,nan,nan,nan
3467,86.675,2.495770700e-06,1.994687229e-06,nan,nan,nan,nan
3468,86.7,2.495770694e-06,1.994687232e-06,nan,nan,nan,nan
3469,86.725,2.495770694e-06,1.994687238e-06,nan,nan,nan,nan
3470,86.75,2.495770699e-06,1.994687240e-06,nan,nan,nan,nan
3471,86.775,2.495770702e-06,1.994687237e-06,nan,nan,nan,nan
3472,86.8,2.495770700e-06,1.994687235e-06,nan,nan,nan,nan
3473,86.825,2.495770696e-06,1.994687235e-06,nan,nan,nan,nan
3474,86.85,2.495770694e-06,1.994687239e-06,nan,nan,nan,nan
3475,86.875,2.495770699e-06,1.994687242e-06,nan,nan,nan,nan
3476,86.9,2.495770703e-06,1.994687239e-06,nan,nan,nan,nan
3477,86.925,2.495770700e-06,1.994687233e-06,nan,nan,nan,nan
3478,86.95,2.495770695e-06,1.994687231e-06,nan,nan,nan,nan
3479,86.975,2.495770691e-06,1.994687235e-06,nan,nan,nan,nan
3480,87,2.495770694e-06,1.994687240e-06,nan,nan,2.547962e-13,3.541611e-13
3481,87.025,2.495770702e-06,1.994687241e-06,nan,nan,nan,nan
3482,87.05,2.495770706e-06,1.994687237e-06,nan,nan,nan,nan
3483,87.075,2.495770702e-06,1.994687232e-06,nan,nan,nan,nan
3484,87.1,2.495770694e-06,1.994687232e-06,nan,nan,nan,nan
3485,87.125,2.495770692e-06,1.994687236e-06,nan,nan,nan,nan
3486,87.15,2.495770696e-06,1.994687240e-06,nan,nan,nan,nan
3487,87.175,2.495770702e-06,1.994687239e-06,nan,nan,nan,nan
3488,87.2,2.495770704e-06,1.994687234e-06,nan,nan,nan,nan
3489,87.225,2.495770699e-06,1.994687231e-06,nan,nan,nan,nan
3490,87.25,2.495770695e-06,1.994687234e-06,nan,nan,nan,nan
3491,87.275,2.495770694e-06,1.994687239e-06,nan,nan,nan,nan
3492,87.3,2.495770696e-06,1.994687240e-06,nan,nan,nan,nan
3493,87.325,2.495770698e-06,1.994687237e-06,nan,nan,nan,nan
3494,87.35,2.495770698e-06,1.994687232e-06,nan,nan,nan,nan
3495,87.375,2.495770697e-06,1.994687234e-06,nan,nan,nan,nan
3496,87.4,2.495770696e-06,1.994687238e-06,nan,nan,nan,nan
3497,87.425,2.495770698e-06,1.994687242e-06,nan,nan,nan,nan
3498,87.45,2.495770699e-06,1.994687238e-06,nan,nan,nan,nan
3499,87.475,2.495770697e-06,1.994687232e-06,nan,nan,nan,nan
3500,87.5,2.495770695e-06,1.994687229e-06,nan,nan,2.559064e-13,3.541611e-13
3501,87.525,2.495770695e-06,1.994687233e-06,nan,nan,nan,nan
3502,87.55,2.495770698e-06,1.994687240e-06,nan,nan,nan,nan
3503,87.575,2.495770702e-06,1.994687242e-06,nan,nan,nan,nan
3504,87.6,2.495770703e-06,1.994687236e-06,nan,nan,nan,nan
3505,87.625,2.495770700e-06,1.994687229e-06,nan,nan,nan,nan
3506,87.65,2.495770697e-06,1.994687228e-06,nan,nan,nan,nan
3507,87.675,2.495770695e-06,1.994687235e-06,nan,nan,nan,nan
3508,87.7,2.495770698e-06,1.994687242e-06,nan,nan,nan,nan
3509,87.725,2.495770700e-06,1.994687242e-06,nan,nan,nan,nan
3510,87.75,2.495770700e-06,1.994687236e-06,nan,nan,nan,nan
3511,87.775,2.495770696e-06,1.994687232e-06,nan,nan,nan,nan
3512,87.8,2.495770696e-06,1.994687233e-06,nan,nan,nan,nan
3513,87.825,2.495770696e-06,1.994687240e-06,nan,nan,nan,nan
3514,87.85,2.495770698e-06,1.994687241e-06,nan,nan,nan,nan
3515,87.875,2.495770699e-06,1.994687238e-06,nan,nan,nan,nan
3516,87.9,2.495770699e-06,1.994687233e-06,nan,nan,nan,nan
3517,87.925,2.495770696e-06,1.994687232e-06,nan,nan,nan,nan
3518,87.95,2.495770697e-06,1.994687238e-06,nan,nan,nan,nan
3519,87.975,2.495770699e-06,1.994687243e-06,nan,nan,nan,nan
3520,88,2.495770700e-06,1.994687241e-06,nan,nan,2.600697e-13,3.597123e-13
3521,88.025,2.495770699e-06,1.994687234e-06,nan,nan,nan,nan
3522,88.05,2.495770697e-06,1.994687230e-06,nan,nan,nan,nan
3523,88.075,2.495770696e-06,1.994687233e-06,nan,nan,nan,nan
3524,88.1,2.495770698e-06,1.994687240e-06,nan,nan,nan,nan
3525,88.125,2.495770700e-06,1.994687243e-06,nan,nan,nan,nan
3526,88.15,2.495770700e-06,1.994687238e-06,nan,nan,nan,nan
3527,88.175,2.495770699e-06,1.994687233e-06,nan,nan,nan,nan
3528,88.2,2.495770696e-06,1.994687231e-06,nan,nan,nan,nan
3529,88.225,2.495770695e-06,1.994687236e-06,nan,nan,nan,nan
3530,88.25,2.495770697e-06,1.994687241e-06,nan,nan,nan,nan
3531,88.275,2.495770700e-06,1.994687241e-06,nan,nan,nan,nan
3532,88.3,2.495770702e-06,1.994687233e-06,nan,nan,nan,nan
3533,88.325,2.495770701e-06,1.994687229e-06,nan,nan,nan,nan
3534,88.35,2.495770697e-06,1.994687231e-06,nan,nan,nan,nan
3535,88.375,2.495770695e-06,1.994687238e-06,nan,nan,nan,nan
3536,88.4,2.495770695e-06,1.994687242e-06,nan,nan,nan,nan
3537,88.425,2.495770698e-06,1.994687239e-06,nan,nan,nan,nan
3538,88.45,2.495770699e-06,1.994687233e-06,nan,nan,nan,nan
3539,88.475,2.495770699e-06,1.994687231e-06,nan,nan,nan,nan
3540,88.5,2.495770698e-06,1.994687236e-06,nan,nan,2.528533e-13,3.563816e-13
3541,88.525,2.495770698e-06,1.994687239e-06,nan,nan,nan,nan
3542,88.55,2.495770699e-06,1.994687238e-06,nan,nan,nan,nan
3543,88.575,2.495770698e-06,1.994687231e-06,nan,nan,nan,nan
3544,88.6,2.495770697e-06,1.994687230e-06,nan,nan,nan,nan
3545,88.625,2.495770696e-06,1.994687235e-06,nan,nan,nan,nan
3546,88.65,2.495770697e-06,1.994687242e-06,nan,nan,nan,nan
3547,88.675,2.495770699e-06,1.994687244e-06,nan,nan,nan,nan
3548,88.7,2.495770700e-06,1.994687237e-06,nan,nan,nan,nan
3549,88.725,2.495770701e-06,1.994687229e-06,nan,nan,nan,nan
3550,88.75,2.495770699e-06,1.994687228e-06,nan,nan,nan,nan
3551,88.775,2.495770696e-06,1.994687237e-06,nan,nan,nan,nan
3552,88.8,2.495770695e-06,1.994687244e-06,nan,nan,nan,nan
3553,88.825,2.495770697e-06,1.994687244e-06,nan,nan,nan,nan
3554,88.85,2.495770699e-06,1.994687235e-06,nan,nan,nan,nan
3555,88.875,2.495770700e-06,1.994687230e-06,nan,nan,nan,nan
3556,88.9,2.495770696e-06,1.994687231e-06,nan,nan,nan,nan
3557,88.925,2.495770695e-06,1.994687239e-06,nan,nan,nan,nan
3558,88.95,2.495770697e-06,1.994687244e-06,nan,nan,nan,nan
3559,88.975,2.495770700e-06,1.994687240e-06,nan,nan,nan,nan
3560,89,2.495770701e-06,1.994687234e-06,nan,nan,2.436940e-13,3.541611e-13
3561,89.025,2.495770699e-06,1.994687232e-06,nan,nan,nan,nan
3562,89.05,2.495770695e-06,1.994687237e-06,nan,nan,nan,nan
3563,89.075,2.495770696e-06,1.994687242e-06,nan,nan,nan,nan
3564,89.1,2.495770698e-06,1.994687240e-06,nan,nan,nan,nan
3565,89.125,2.495770700e-06,1.994687234e-06,nan,nan,nan,nan
3566,89.15,2.495770700e-06,1.994687231e-06,nan,nan,nan,nan
3567,89.175,2.495770697e-06,1.994687236e-06,nan,nan,nan,nan
3568,89.2,2.495770696e-06,1.994687243e-06,nan,nan,nan,nan
3569,89.225,2.495770698e-06,1.994687244e-06,nan,nan,nan,nan
3570,89.25,2.495770702e-06,1.994687237e-06,nan,nan,nan,nan
3571,89.275,2.495770702e-06,1.994687228e-06,nan,nan,nan,nan
3572,89.3,2.495770699e-06,1.994687228e-06,nan,nan,nan,nan
3573,89.325,2.495770695e-06,1.994687236e-06,nan,nan,nan,nan
3574,89.35,2.495770696e-06,1.994687244e-06,nan,nan,nan,nan
3575,89.375,2.495770699e-06,1.994687243e-06,nan,nan,nan,nan
3576,89.4,2.495770704e-06,1.994687234e-06,nan,nan,nan,nan
3577,89.425,2.495770703e-06,1.994687227e-06,nan,nan,nan,nan
3578,89.45,2.495770697e-06,1.994687230e-06,nan,nan,nan,nan
3579,89.475,2.495770694e-06,1.994687237e-06,nan,nan,nan,nan
3580,89.5,2.495770695e-06,1.994687241e-06,nan,nan,2.470246e-13,3.552714e-13
3581,89.525,2.495770699e-06,1.994687238e-06,nan,nan,nan,nan
3582,89.55,2.495770702e-06,1.994687233e-06,nan,nan,nan,nan
3583,89.575,2.495770700e-06,1.994687233e-06,nan,nan,nan,nan
3584,89.6,2.495770695e-06,1.994687236e-06,nan,nan,nan,nan
3585,89.625,2.495770694e-06,1.994687240e-06,nan,nan,nan,nan
3586,89.65,2.495770697e-06,1.994687238e-06,nan,nan,nan,nan
3587,89.675,2.495770700e-06,1.994687233e-06,nan,nan,nan,nan
3588,89.7,2.495770700e-06,1.994687232e-06,nan,nan,nan,nan
3589,89.725,2.495770697e-06,1.994687238e-06,nan,nan,nan,nan
3590,89.75,2.495770695e-06,1.994687244e-06,nan,nan,nan,nan
3591,89.775,2.495770697e-06,1.994687243e-06,nan,nan,nan,nan
3592,89.8,2.495770701e-06,1.994687235e-06,nan,nan,nan,nan
3593,89.825,2.495770702e-06,1.994687229e-06,nan,nan,nan,nan
3594,89.85,2.495770699e-06,1.994687231e-06,nan,nan,nan,nan
3595,89.875,2.495770696e-06,1.994687238e-06,nan,nan,nan,nan
3596,89.9,2.495770695e-06,1.994687245e-06,nan,nan,nan,nan
3597,89.925,2.495770699e-06,1.994687243e-06,nan,nan,nan,nan
3598,89.95,2.495770703e-06,1.994687236e-06,nan,nan,nan,nan
3599,89.975,2.495770702e-06,1.994687230e-06,nan,nan,nan,nan
3600,90,2.495770696e-06,1.994687233e-06,nan,nan,2.522982e-13,3.563816e-13
3601,90.025,2.495770693e-06,1.994687239e-06,nan,nan,nan,nan
3602,90.05,2.495770697e-06,1.994687242e-06,nan,nan,nan,nan
3603,90.075,2.495770700e-06,1.994687239e-06,nan,nan,nan,nan
3604,90.1,2.495770702e-06,1.994687234e-06,nan,nan,nan,nan
3605,90.125,2.495770700e-06,1.994687232e-06,nan,nan,nan,nan
3606,90.15,2.495770696e-06,1.994687234e-06,nan,nan,nan,nan
3607,90.175,2.495770696e-06,1.994687237e-06,nan,nan,nan,nan
3608,90.2,2.495770698e-06,1.994687238e-06,nan,nan,nan,nan
3609,90.225,2.495770701e-06,1.994687236e-06,nan,nan,nan,nan
3610,90.25,2.495770700e-06,1.994687236e-06,nan,nan,nan,nan
3611,90.275,2.495770697e-06,1.994687238e-06,nan,nan,nan,nan
3612,90.3,2.495770695e-06,1.994687238e-06,nan,nan,nan,nan
3613,90.325,2.495770698e-06,1.994687237e-06,nan,nan,nan,nan
3614,90.35,2.495770701e-06,1.994687232e-06,nan,nan,nan,nan
3615,90.375,2.495770701e-06,1.994687231e-06,nan,nan,nan,nan
3616,90.4,2.495770698e-06,1.994687232e-06,nan,nan,nan,nan
3617,90.425,2.495770694e-06,1.994687239e-06,nan,nan,nan,nan
3618,90.45,2.495770694e-06,1.994687241e-06,nan,nan,nan,nan
3619,90.475,2.495770698e-06,1.994687239e-06,nan,nan,nan,nan
3620,90.5,2.495770702e-06,1.994687234e-06,nan,nan,2.553513e-13,3.586020e-13
3621,90.525,2.495770701e-06,1.994687229e-06,nan,nan,nan,nan
3622,90.55,2.495770697e-06,1.994687230e-06,nan,nan,nan,nan
3623,90.575,2.495770695e-06,1.994687235e-06,nan,nan,nan,nan
3624,90.6,2.495770697e-06,1.994687240e-06,nan,nan,nan,nan
3625,90.625,2.495770700e-06,1.994687241e-06,nan,nan,nan,nan
3626,90.65,2.495770700e-06,1.994687237e-06,nan,nan,nan,nan
3627,90.675,2.495770698e-06,1.994687233e-06,nan,nan,nan,nan
3628,90.7,2.495770696e-06,1.994687231e-06,nan,nan,nan,nan
3629,90.725,2.495770695e-06,1.994687233e-06,nan,nan,nan,nan
3630,90.75,2.495770698e-06,1.994687238e-06,nan,nan,nan,nan
3631,90.775,2.495770699e-06,1.994687239e-06,nan,nan,nan,nan
3632,90.8,2.495770700e-06,1.994687239e-06,nan,nan,nan,nan
3633,90.825,2.495770699e-06,1.994687238e-06,nan,nan,nan,nan
3634,90.85,2.495770696e-06,1.994687235e-06,nan,nan,nan,nan
3635,90.875,2.495770697e-06,1.994687234e-06,nan,nan,nan,nan
3636,90.9,2.495770699e-06,1.994687233e-06,nan,nan,nan,nan
3637,90.925,2.495770698e-06,1.994687233e-06,nan,nan,nan,nan
3638,90.95,2.495770697e-06,1.994687235e-06,nan,nan,nan,nan
3639,90.975,2.495770696e-06,1.994687239e-06,nan,nan,nan,nan
3640,91,2.495770698e-06,1.994687242e-06,nan,nan,2.514655e-13,3.619327e-13
3641,91.025,2.495770700e-06,1.994687241e-06,nan,nan,nan,nan
3642,91.05,2.495770701e-06,1.994687237e-06,nan,nan,nan,nan
3643,91.075,2.495770699e-06,1.994687231e-06,nan,nan,nan,nan
3644,91.1,2.495770696e-06,1.994687231e-06,nan,nan,nan,nan
3645,91.125,2.495770694e-06,1.994687236e-06,nan,nan,nan,nan
3646,91.15,2.495770695e-06,1.994687244e-06,nan,nan,nan,nan
3647,91.175,2.495770698e-06,1.994687246e-06,nan,nan,nan,nan
3648,91.2,2.495770700e-06,1.994687239e-06,nan,nan,nan,nan
3649,91.225,2.495770700e-06,1.994687231e-06,nan,nan,nan,nan
3650,91.25,2.495770699e-06,1.994687227e-06,nan,nan,nan,nan
3651,91.275,2.495770697e-06,1.994687233e-06,nan,nan,nan,nan
3652,91.3,2.495770696e-06,1.994687240e-06,nan,nan,nan,nan
3653,91.325,2.495770698e-06,1.994687242e-06,nan,nan,nan,nan
3654,91.35,2.495770698e-06,1.994687238e-06,nan,nan,nan,nan
3655,91.375,2.495770698e-06,1.994687233e-06,nan,nan,nan,nan
3656,91.4,2.495770699e-06,1.994687233e-06,nan,nan,nan,nan
3657,91.425,2.495770698e-06,1.994687237e-06,nan,nan,nan,nan
3658,91.45,2.495770698e-06,1.994687238e-06,nan,nan,nan,nan
3659,91.475,2.495770698e-06,1.994687235e-06,nan,nan,nan,nan
3660,91.5,2.495770697e-06,1.994687232e-06,nan,nan,2.534084e-13,3.630429e-13
3661,91.525,2.495770698e-06,1.994687234e-06,nan,nan,nan,nan
3662,91.55,2.495770698e-06,1.994687241e-06,nan,nan,nan,nan
3663,91.575,2.495770699e-06,1.994687244e-06,nan,nan,nan,nan
3664,91.6,2.495770700e-06,1.994687238e-06,nan,nan,nan,nan
3665,91.625,2.495770699e-06,1.994687229e-06,nan,nan,nan,nan
3666,91.65,2.495770698e-06,1.994687226e-06,nan,nan,nan,nan
3667,91.675,2.495770696e-06,1.994687235e-06,nan,nan,nan,nan
3668,91.7,2.495770697e-06,1.994687246e-06,nan,nan,nan,nan
3669,91.725,2.495770700e-06,1.994687248e-06,nan,nan,nan,nan
3670,91.75,2.495770702e-06,1.994687238e-06,nan,nan,nan,nan
3671,91.775,2.495770702e-06,1.994687227e-06,nan,nan,nan,nan
3672,91.8,2.495770697e-06,1.994687226e-06,nan,nan,nan,nan
3673,91.825,2.495770695e-06,1.994687236e-06,nan,nan,nan,nan
3674,91.85,2.495770695e-06,1.994687245e-06,nan,nan,nan,nan
3675,91.875,2.495770698e-06,1.994687245e-06,nan,nan,nan,nan
3676,91.9,2.495770701e-06,1.994687236e-06,nan,nan,nan,nan
3677,91.925,2.495770700e-06,1.994687230e-06,nan,nan,nan,nan
3678,91.95,2.495770698e-06,1.994687233e-06,nan,nan,nan,nan
3679,91.975,2.495770696e-06,1.994687239e-06,nan,nan,nan,nan
3680,92,2.495770697e-06,1.994687241e-06,nan,nan,2.556289e-13,3.608225e-13
3681,92.025,2.495770699e-06,1.994687235e-06,nan,nan,nan,nan
3682,92.05,2.495770699e-06,1.994687232e-06,nan,nan,nan,nan
3683,92.075,2.495770696e-06,1.994687236e-06,nan,nan,nan,nan
3684,92.1,2.495770695e-06,1.994687243e-06,nan,nan,nan,nan
3685,92.125,2.495770696e-06,1.994687245e-06,nan,nan,nan,nan
3686,92.15,2.495770698e-06,1.994687237e-06,nan,nan,nan,nan
3687,92.175,2.495770700e-06,1.994687226e-06,nan,nan,nan,nan
3688,92.2,2.495770698e-06,1.994687225e-06,nan,nan,nan,nan
3689,92.225,2.495770696e-06,1.994687236e-06,nan,nan,nan,nan
3690,92.25,2.495770696e-06,1.994687247e-06,nan,nan,nan,nan
3691,92.275,2.495770699e-06,1.994687245e-06,nan,nan,nan,nan
3692,92.3,2.495770703e-06,1.994687234e-06,nan,nan,nan,nan
3693,92.325,2.495770701e-06,1.994687225e-06,nan,nan,nan,nan
3694,92.35,2.495770697e-06,1.994687228e-06,nan,nan,nan,nan
3695,92.375,2.495770693e-06,1.994687239e-06,nan,nan,nan,nan
3696,92.4,2.495770695e-06,1.994687244e-06,nan,nan,nan,nan
3697,92.425,2.495770700e-06,1.994687239e-06,nan,nan,nan,nan
3698,92.45,2.495770703e-06,1.994687230e-06,nan,nan,nan,nan
3699,92.475,2.495770701e-06,1.994687227e-06,nan,nan,nan,nan
3700,92.5,2.495770695e-06,1.994687233e-06,nan,nan,2.534084e-13,3.597123e-13
3701,92.525,2.495770691e-06,1.994687240e-06,nan,nan,nan,nan
3702,92.55,2.495770694e-06,1.994687238e-06,nan,nan,nan,nan
3703,92.575,2.495770700e-06,1.994687231e-06,nan,nan,nan,nan
3704,92.6,2.495770702e-06,1.994687229e-06,nan,nan,nan,nan
3705,92.625,2.495770699e-06,1.994687236e-06,nan,nan,nan,nan
3706,92.65,2.495770697e-06,1.994687244e-06,nan,nan,nan,nan
3707,92.675,2.495770695e-06,1.994687242e-06,nan,nan,nan,nan
3708,92.7,2.495770697e-06,1.994687232e-06,nan,nan,nan,nan
3709,92.725,2.495770698e-06,1.994687224e-06,nan,nan,nan,nan
3710,92.75,2.495770696e-06,1.994687229e-06,nan,nan,nan,nan
3711,92.775,2.495770694e-06,1.994687242e-06,nan,nan,nan,nan
3712,92.8,2.495770695e-06,1.994687250e-06,nan,nan,nan,nan
3713,92.825,2.495770699e-06,1.994687243e-06,nan,nan,nan,nan
3714,92.85,2.495770702e-06,1.994687230e-06,nan,nan,nan,nan
3715,92.875,2.495770701e-06,1.994687223e-06,nan,nan,nan,nan
3716,92.9,2.495770696e-06,1.994687230e-06,nan,nan,nan,nan
3717,92.925,2.495770693e-06,1.994687242e-06,nan,nan,nan,nan
3718,92.95,2.495770696e-06,1.994687246e-06,nan,nan,nan,nan
3719,92.975,2.495770701e-06,1.994687240e-06,nan,nan,nan,nan
3720,93,2.495770701e-06,1.994687231e-06,nan,nan,2.589595e-13,3.619327e-13
3721,93.025,2.495770698e-06,1.994687230e-06,nan,nan,nan,nan
3722,93.05,2.495770693e-06,1.994687236e-06,nan,nan,nan,nan
3723,93.075,2.495770693e-06,1.994687241e-06,nan,nan,nan,nan
3724,93.1,2.495770697e-06,1.994687239e-06,nan,nan,nan,nan
3725,93.125,2.495770701e-06,1.994687233e-06,nan,nan,nan,nan
3726,93.15,2.495770699e-06,1.994687233e-06,nan,nan,nan,nan
3727,93.175,2.495770696e-06,1.994687240e-06,nan,nan,nan,nan
3728,93.2,2.495770694e-06,1.994687245e-06,nan,nan,nan,nan
3729,93.225,2.495770695e-06,1.994687240e-06,nan,nan,nan,nan
3730,93.25,2.495770699e-06,1.994687232e-06,nan,nan,nan,nan
3731,93.275,2.495770700e-06,1.994687226e-06,nan,nan,nan,nan
3732,93.3,2.495770697e-06,1.994687231e-06,nan,nan,nan,nan
3733,93.325,2.495770695e-06,1.994687241e-06,nan,nan,nan,nan
3734,93.35,2.495770695e-06,1.994687246e-06,nan,nan,nan,nan
3735,93.375,2.495770701e-06,1.994687240e-06,nan,nan,nan,nan
3736,93.4,2.495770703e-06,1.994687231e-06,nan,nan,nan,nan
3737,93.425,2.495770700e-06,1.994687227e-06,nan,nan,nan,nan
3738,93.45,2.495770696e-06,1.994687234e-06,nan,nan,nan,nan
3739,93.475,2.495770694e-06,1.994687242e-06,nan,nan,nan,nan
3740,93.5,2.495770698e-06,1.994687244e-06,nan,nan,2.606249e-13,3.652634e-13
3741,93.525,2.495770703e-06,1.994687237e-06,nan,nan,nan,nan
3742,93.55,2.495770702e-06,1.994687232e-06,nan,nan,nan,nan
3743,93.575,2.495770698e-06,1.994687231e-06,nan,nan,nan,nan
3744,93.6,2.495770693e-06,1.994687235e-06,nan,nan,nan,nan
3745,93.625,2.495770693e-06,1.994687238e-06,nan,nan,nan,nan
3746,93.65,2.495770699e-06,1.994687237e-06,nan,nan,nan,nan
3747,93.675,2.495770703e-06,1.994687234e-06,nan,nan,nan,nan
3748,93.7,2.495770703e-06,1.994687236e-06,nan,nan,nan,nan
3749,93.725,2.495770698e-06,1.994687239e-06,nan,nan,nan,nan
3750,93.75,2.495770695e-06,1.994687240e-06,nan,nan,nan,nan
3751,93.775,2.495770697e-06,1.994687236e-06,nan,nan,nan,nan
3752,93.8,2.495770700e-06,1.994687231e-06,nan,nan,nan,nan
3753,93.825,2.495770700e-06,1.994687229e-06,nan,nan,nan,nan
3754,93.85,2.495770698e-06,1.994687234e-06,nan,nan,nan,nan
3755,93.875,2.495770696e-06,1.994687243e-06,nan,nan,nan,nan
3756,93.9,2.495770697e-06,1.994687246e-06,nan,nan,nan,nan
3757,93.925,2.495770699e-06,1.994687241e-06,nan,nan,nan,nan
3758,93.95,2.495770700e-06,1.994687233e-06,nan,nan,nan,nan
3759,93.975,2.495770698e-06,1.994687230e-06,nan,nan,nan,nan
3760,94,2.495770695e-06,1.994687233e-06,nan,nan,2.653433e-13,3.652634e-13
3761,94.025,2.495770697e-06,1.994687239e-06,nan,nan,nan,nan
3762,94.05,2.495770698e-06,1.994687242e-06,nan,nan,nan,nan
3763,94.075,2.495770701e-06,1.994687241e-06,nan,nan,nan,nan
3764,94.1,2.495770700e-06,1.994687235e-06,nan,nan,nan,nan
3765,94.125,2.495770695e-06,1.994687233e-06,nan,nan,nan,nan
3766,94.15,2.495770694e-06,1.994687235e-06,nan,nan,nan,nan
3767,94.175,2.495770696e-06,1.994687237e-06,nan,nan,nan,nan
3768,94.2,2.495770701e-06,1.994687239e-06,nan,nan,nan,nan
3769,94.225,2.495770703e-06,1.994687238e-06,nan,nan,nan,nan
3770,94.25,2.495770702e-06,1.994687236e-06,nan,nan,nan,nan
3771,94.275,2.495770697e-06,1.994687234e-06,nan,nan,nan,nan
3772,94.3,2.495770695e-06,1.994687235e-06,nan,nan,nan,nan
3773,94.325,2.495770696e-06,1.994687235e-06,nan,nan,nan,nan
3774,94.35,2.495770698e-06,1.994687236e-06,nan,nan,nan,nan
3775,94.375,2.495770699e-06,1.994687235e-06,nan,nan,nan,nan
3776,94.4,2.495770698e-06,1.994687235e-06,nan,nan,nan,nan
3777,94.425,2.495770697e-06,1.994687238e-06,nan,nan,nan,nan
3778,94.45,2.495770698e-06,1.994687239e-06,nan,nan,nan,nan
3779,94.475,2.495770699e-06,1.994687239e-06,nan,nan,nan,nan
3780,94.5,2.495770700e-06,1.994687234e-06,nan,nan,2.675637e-13,3.608225e-13
3781,94.525,2.495770697e-06,1.994687230e-06,nan,nan,nan,nan
3782,94.55,2.495770695e-06,1.994687232e-06,nan,nan,nan,nan
3783,94.575,2.495770695e-06,1.994687238e-06,nan,nan,nan,nan
3784,94.6,2.495770699e-06,1.994687245e-06,nan,nan,nan,nan
3785,94.625,2.495770702e-06,1.994687243e-06,nan,nan,nan,nan
3786,94.65,2.495770702e-06,1.994687235e-06,nan,nan,nan,nan
3787,94.675,2.495770698e-06,1.994687227e-06,nan,nan,nan,nan
3788,94.7,2.495770695e-06,1.994687225e-06,nan,nan,nan,nan
3789,94.725,2.495770695e-06,1.994687234e-06,nan,nan,nan,nan
3790,94.75,2.495770699e-06,1.994687243e-06,nan,nan,nan,nan
3791,94.775,2.495770703e-06,1.994687244e-06,nan,nan,nan,nan
3792,94.8,2.495770702e-06,1.994687240e-06,nan,nan,nan,nan
3793,94.825,2.495770697e-06,1.994687233e-06,nan,nan,nan,nan
3794,94.85,2.495770695e-06,1.994687232e-06,nan,nan,nan,nan
3795,94.875,2.495770695e-06,1.994687236e-06,nan,nan,nan,nan
3796,94.9,2.495770699e-06,1.994687238e-06,nan,nan,nan,nan
3797,94.925,2.495770701e-06,1.994687238e-06,nan,nan,nan,nan
3798,94.95,2.495770699e-06,1.994687236e-06,nan,nan,nan,nan
3799,94.975,2.495770694e-06,1.994687237e-06,nan,nan,nan,nan
3800,95,2.495770693e-06,1.994687241e-06,nan,nan,2.739475e-13,3.652634e-13
3801,95.025,2.495770695e-06,1.994687242e-06,nan,nan,nan,nan
3802,95.05,2.495770700e-06,1.994687236e-06,nan,nan,nan,nan
3803,95.075,2.495770701e-06,1.994687230e-06,nan,nan,nan,nan
3804,95.1,2.495770699e-06,1.994687229e-06,nan,nan,nan,nan
3805,95.125,2.495770696e-06,1.994687237e-06,nan,nan,nan,nan
3806,95.15,2.495770696e-06,1.994687247e-06,nan,nan,nan,nan
3807,95.175,2.495770699e-06,1.994687247e-06,nan,nan,nan,nan
3808,95.2,2.495770701e-06,1.994687237e-06,nan,nan,nan,nan
3809,95.225,2.495770698e-06,1.994687226e-06,nan,nan,nan,nan
3810,95.25,2.495770695e-06,1.994687226e-06,nan,nan,nan,nan
3811,95.275,2.495770695e-06,1.994687236e-06,nan,nan,nan,nan
3812,95.3,2.495770698e-06,1.994687246e-06,nan,nan,nan,nan
3813,95.325,2.495770703e-06,1.994687246e-06,nan,nan,nan,nan
3814,95.35,2.495770703e-06,1.994687238e-06,nan,nan,nan,nan
3815,95.375,2.495770698e-06,1.994687229e-06,nan,nan,nan,nan
3816,95.4,2.495770693e-06,1.994687230e-06,nan,nan,nan,nan
3817,95.425,2.495770692e-06,1.994687236e-06,nan,nan,nan,nan
3818,95.45,2.495770698e-06,1.994687239e-06,nan,nan,nan,nan
3819,95.475,2.495770703e-06,1.994687235e-06,nan,nan,nan,nan
3820,95.5,2.495770704e-06,1.994687232e-06,nan,nan,2.736700e-13,3.697043e-13
3821,95.525,2.495770699e-06,1.994687235e-06,nan,nan,nan,nan
3822,95.55,2.495770695e-06,1.994687242e-06,nan,nan,nan,nan
3823,95.575,2.495770696e-06,1.994687243e-06,nan,nan,nan,nan
3824,95.6,2.495770698e-06,1.994687235e-06,nan,nan,nan,nan
3825,95.625,2.495770701e-06,1.994687226e-06,nan,nan,nan,nan
3826,95.65,2.495770698e-06,1.994687227e-06,nan,nan,nan,nan
3827,95.675,2.495770696e-06,1.994687238e-06,nan,nan,nan,nan
3828,95.7,2.495770697e-06,1.994687250e-06,nan,nan,nan,nan
3829,95.725,2.495770699e-06,1.994687249e-06,nan,nan,nan,nan
3830,95.75,2.495770701e-06,1.994687236e-06,nan,nan,nan,nan
3831,95.775,2.495770699e-06,1.994687224e-06,nan,nan,nan,nan
3832,95.8,2.495770696e-06,1.994687225e-06,nan,nan,nan,nan
3833,95.825,2.495770693e-06,1.994687238e-06,nan,nan,nan,nan
3834,95.85,2.495770698e-06,1.994687248e-06,nan,nan,nan,nan
3835,95.875,2.495770703e-06,1.994687246e-06,nan,nan,nan,nan
3836,95.9,2.495770703e-06,1.994687235e-06,nan,nan,nan,nan
3837,95.925,2.495770697e-06,1.994687229e-06,nan,nan,nan,nan
3838,95.95,2.495770691e-06,1.994687232e-06,nan,nan,nan,nan
3839,95.975,2.495770692e-06,1.994687240e-06,nan,nan,nan,nan
3840,96,2.495770699e-06,1.994687241e-06,nan,nan,2.756129e-13,3.652634e-13
3841,96.025,2.495770706e-06,1.994687236e-06,nan,nan,nan,nan
3842,96.05,2.495770706e-06,1.994687232e-06,nan,nan,nan,nan
3843,96.075,2.495770699e-06,1.994687236e-06,nan,nan,nan,nan
3844,96.1,2.495770693e-06,1.994687242e-06,nan,nan,nan,nan
3845,96.125,2.495770694e-06,1.994687242e-06,nan,nan,nan,nan
3846,96.15,2.495770698e-06,1.994687234e-06,nan,nan,nan,nan
3847,96.175,2.495770701e-06,1.994687226e-06,nan,nan,nan,nan
3848,96.2,2.495770699e-06,1.994687229e-06,nan,nan,nan,nan
3849,96.225,2.495770695e-06,1.994687240e-06,nan,nan,nan,nan
3850,96.25,2.495770695e-06,1.994687248e-06,nan,nan,nan,nan
3851,96.275,2.495770699e-06,1.994687243e-06,nan,nan,nan,nan
3852,96.3,2.495770702e-06,1.994687231e-06,nan,nan,nan,nan
3853,96.325,2.495770700e-06,1.994687224e-06,nan,nan,nan,nan
3854,96.35,2.495770693e-06,1.994687229e-06,nan,nan,nan,nan
3855,96.375,2.495770691e-06,1.994687240e-06,nan,nan,nan,nan
3856,96.4,2.495770695e-06,1.994687246e-06,nan,nan,nan,nan
3857,96.425,2.495770702e-06,1.994687242e-06,nan,nan,nan,nan
3858,96.45,2.495770705e-06,1.994687232e-06,nan,nan,nan,nan
3859,96.475,2.495770699e-06,1.994687230e-06,nan,nan,nan,nan
3860,96.5,2.495770693e-06,1.994687233e-06,nan,nan,2.781109e-13,3.697043e-13
3861,96.525,2.495770692e-06,1.994687237e-06,nan,nan,nan,nan
3862,96.55,2.495770697e-06,1.994687236e-06,nan,nan,nan,nan
3863,96.575,2.495770703e-06,1.994687234e-06,nan,nan,nan,nan
3864,96.6,2.495770704e-06,1.994687234e-06,nan,nan,nan,nan
3865,96.625,2.495770698e-06,1.994687239e-06,nan,nan,nan,nan
3866,96.65,2.495770694e-06,1.994687243e-06,nan,nan,nan,nan
3867,96.675,2.495770694e-06,1.994687239e-06,nan,nan,nan,nan
3868,96.7,2.495770699e-06,1.994687231e-06,nan,nan,nan,nan
3869,96.725,2.495770701e-06,1.994687229e-06,nan,nan,nan,nan
3870,96.75,2.495770700e-06,1.994687235e-06,nan,nan,nan,nan
3871,96.775,2.495770696e-06,1.994687244e-06,nan,nan,nan,nan
3872,96.8,2.495770695e-06,1.994687245e-06,nan,nan,nan,nan
3873,96.825,2.495770697e-06,1.994687238e-06,nan,nan,nan,nan
3874,96.85,2.495770700e-06,1.994687228e-06,nan,nan,nan,nan
3875,96.875,2.495770699e-06,1.994687226e-06,nan,nan,nan,nan
3876,96.9,2.495770696e-06,1.994687235e-06,nan,nan,nan,nan
3877,96.925,2.495770695e-06,1.994687244e-06,nan,nan,nan,nan
3878,96.95,2.495770699e-06,1.994687246e-06,nan,nan,nan,nan
3879,96.975,2.495770704e-06,1.994687240e-06,nan,nan,nan,nan
3880,97,2.495770703e-06,1.994687233e-06,nan,nan,2.811640e-13,3.763656e-13
3881,97.025,2.495770697e-06,1.994687231e-06,nan,nan,nan,nan
3882,97.05,2.495770692e-06,1.994687233e-06,nan,nan,nan,nan
3883,97.075,2.495770692e-06,1.994687236e-06,nan,nan,nan,nan
3884,97.1,2.495770698e-06,1.994687238e-06,nan,nan,nan,nan
3885,97.125,2.495770701e-06,1.994687239e-06,nan,nan,nan,nan
3886,97.15,2.495770702e-06,1.994687239e-06,nan,nan,nan,nan
3887,97.175,2.495770697e-06,1.994687239e-06,nan,nan,nan,nan
3888,97.2,2.495770696e-06,1.994687236e-06,nan,nan,nan,nan
3889,97.225,2.495770697e-06,1.994687232e-06,nan,nan,nan,nan
3890,97.25,2.495770700e-06,1.994687230e-06,nan,nan,nan,nan
3891,97.275,2.495770701e-06,1.994687234e-06,nan,nan,nan,nan
3892,97.3,2.495770699e-06,1.994687241e-06,nan,nan,nan,nan
3893,97.325,2.495770697e-06,1.994687244e-06,nan,nan,nan,nan
3894,97.35,2.495770696e-06,1.994687241e-06,nan,nan,nan,nan
3895,97.375,2.495770698e-06,1.994687233e-06,nan,nan,nan,nan
3896,97.4,2.495770699e-06,1.994687228e-06,nan,nan,nan,nan
3897,97.425,2.495770698e-06,1.994687230e-06,nan,nan,nan,nan
3898,97.45,2.495770696e-06,1.994687234e-06,nan,nan,nan,nan
3899,97.475,2.495770696e-06,1.994687240e-06,nan,nan,nan,nan
3900,97.5,2.495770699e-06,1.994687242e-06,nan,nan,2.731149e-13,3.763656e-13
3901,97.525,2.495770701e-06,1.994687240e-06,nan,nan,nan,nan
3902,97.55,2.495770699e-06,1.994687236e-06,nan,nan,nan,nan
3903,97.575,2.495770696e-06,1.994687233e-06,nan,nan,nan,nan
3904,97.6,2.495770695e-06,1.994687230e-06,nan,nan,nan,nan
3905,97.625,2.495770695e-06,1.994687233e-06,nan,nan,nan,nan
3906,97.65,2.495770698e-06,1.994687238e-06,nan,nan,nan,nan
3907,97.675,2.495770700e-06,1.994687241e-06,nan,nan,nan,nan
3908,97.7,2.495770700e-06,1.994687241e-06,nan,nan,nan,nan
3909,97.725,2.495770698e-06,1.994687237e-06,nan,nan,nan,nan
3910,97.75,2.495770695e-06,1.994687232e-06,nan,nan,nan,nan
3911,97.775,2.495770695e-06,1.994687231e-06,nan,nan,nan,nan
3912,97.8,2.495770697e-06,1.994687235e-06,nan,nan,nan,nan
3913,97.825,2.495770700e-06,1.994687240e-06,nan,nan,nan,nan
3914,97.85,2.495770702e-06,1.994687242e-06,nan,nan,nan,nan
3915,97.875,2.495770702e-06,1.994687241e-06,nan,nan,nan,nan
3916,97.9,2.495770699e-06,1.994687237e-06,nan,nan,nan,nan
3917,97.925,2.495770696e-06,1.994687235e-06,nan,nan,nan,nan
3918,97.95,2.495770694e-06,1.994687235e-06,nan,nan,nan,nan
3919,97.975,2.495770694e-06,1.994687234e-06,nan,nan,nan,nan
3920,98,2.495770698e-06,1.994687236e-06,nan,nan,2.778333e-13,3.852474e-13
3921,98.025,2.495770700e-06,1.994687239e-06,nan,nan,nan,nan
3922,98.05,2.495770700e-06,1.994687244e-06,nan,nan,nan,nan
3923,98.075,2.495770700e-06,1.994687245e-06,nan,nan,nan,nan
3924,98.1,2.495770699e-06,1.994687239e-06,nan,nan,nan,nan
3925,98.125,2.495770698e-06,1.994687229e-06,nan,nan,nan,nan
3926,98.15,2.495770697e-06,1.994687227e-06,nan,nan,nan,nan
3927,98.175,2.495770695e-06,1.994687232e-06,nan,nan,nan,nan
3928,98.2,2.495770696e-06,1.994687242e-06,nan,nan,nan,nan
3929,98.225,2.495770700e-06,1.994687246e-06,nan,nan,nan,nan
3930,98.25,2.495770702e-06,1.994687240e-06,nan,nan,nan,nan
3931,98.275,2.495770702e-06,1.994687232e-06,nan,nan,nan,nan
3932,98.3,2.495770697e-06,1.994687228e-06,nan,nan,nan,nan
3933,98.325,2.495770694e-06,1.994687232e-06,nan,nan,nan,nan
3934,98.35,2.495770694e-06,1.994687239e-06,nan,nan,nan,nan
3935,98.375,2.495770700e-06,1.994687242e-06,nan,nan,nan,nan
3936,98.4,2.495770704e-06,1.994687238e-06,nan,nan,nan,nan
3937,98.425,2.495770703e-06,1.994687233e-06,nan,nan,nan,nan
3938,98.45,2.495770697e-06,1.994687234e-06,nan,nan,nan,nan
3939,98.475,2.495770691e-06,1.994687236e-06,nan,nan,nan,nan
3940,98.5,2.495770694e-06,1.994687236e-06,nan,nan,2.700618e-13,3.930190e-13
3941,98.525,2.495770698e-06,1.994687232e-06,nan,nan,nan,nan
3942,98.55,2.495770702e-06,1.994687230e-06,nan,nan,nan,nan
3943,98.575,2.495770702e-06,1.994687236e-06,nan,nan,nan,nan
3944,98.6,2.495770698e-06,1.994687244e-06,nan,nan,nan,nan
3945,98.625,2.495770697e-06,1.994687245e-06,nan,nan,nan,nan
3946,98.65,2.495770698e-06,1.994687236e-06,nan,nan,nan,nan
3947,98.675,2.495770700e-06,1.994687226e-06,nan,nan,nan,nan
3948,98.7,2.495770696e-06,1.994687226e-06,nan,nan,nan,nan
3949,98.725,2.495770692e-06,1.994687237e-06,nan,nan,nan,nan
3950,98.75,2.495770693e-06,1.994687249e-06,nan,nan,nan,nan
3951,98.775,2.495770699e-06,1.994687248e-06,nan,nan,nan,nan
3952,98.8,2.495770704e-06,1.994687237e-06,nan,nan,nan,nan
3953,98.825,2.495770703e-06,1.994687226e-06,nan,nan,nan,nan
3954,98.85,2.495770696e-06,1.994687227e-06,nan,nan,nan,nan
3955,98.875,2.495770691e-06,1.994687238e-06,nan,nan,nan,nan
3956,98.9,2.495770693e-06,1.994687246e-06,nan,nan,nan,nan
3957,98.925,2.495770702e-06,1.994687243e-06,nan,nan,nan,nan
3958,98.95,2.495770707e-06,1.994687236e-06,nan,nan,nan,nan
3959,98.975,2.495770704e-06,1.994687232e-06,nan,nan,nan,nan
3960,99,2.495770695e-06,1.994687236e-06,nan,nan,2.656209e-13,3.963496e-13
3961,99.025,2.495770690e-06,1.994687240e-06,nan,nan,nan,nan
3962,99.05,2.495770696e-06,1.994687237e-06,nan,nan,nan,nan
3963,99.075,2.495770703e-06,1.994687230e-06,nan,nan,nan,nan
3964,99.1,2.495770704e-06,1.994687232e-06,nan,nan,nan,nan
3965,99.125,2.495770699e-06,1.994687240e-06,nan,nan,nan,nan
3966,99.15,2.495770696e-06,1.994687248e-06,nan,nan,nan,nan
3967,99.175,2.495770695e-06,1.994687246e-06,nan,nan,nan,nan
3968,99.2,2.495770700e-06,1.994687233e-06,nan,nan,nan,nan
3969,99.225,2.495770701e-06,1.994687223e-06,nan,nan,nan,nan
3970,99.25,2.495770697e-06,1.994687226e-06,nan,nan,nan,nan
3971,99.275,2.495770694e-06,1.994687239e-06,nan,nan,nan,nan
3972,99.3,2.495770694e-06,1.994687249e-06,nan,nan,nan,nan
3973,99.325,2.495770702e-06,1.994687244e-06,nan,nan,nan,nan
3974,99.35,2.495770705e-06,1.994687232e-06,nan,nan,nan,nan
3975,99.375,2.495770701e-06,1.994687226e-06,nan,nan,nan,nan
3976,99.4,2.495770693e-06,1.994687231e-06,nan,nan,nan,nan
3977,99.425,2.495770688e-06,1.994687240e-06,nan,nan,nan,nan
3978,99.45,2.495770696e-06,1.994687242e-06,nan,nan,nan,nan
3979,99.475,2.495770706e-06,1.994687237e-06,nan,nan,nan,nan
3980,99.5,2.495770708e-06,1.994687231e-06,nan,nan,2.642331e-13,3.985701e-13
3981,99.525,2.495770700e-06,1.994687234e-06,nan,nan,nan,nan
3982,99.55,2.495770691e-06,1.994687238e-06,nan,nan,nan,nan
3983,99.575,2.495770689e-06,1.994687240e-06,nan,nan,nan,nan
3984,99.6,2.495770696e-06,1.994687234e-06,nan,nan,nan,nan
3985,99.625,2.495770702e-06,1.994687230e-06,nan,nan,nan,nan
3986,99.65,2.495770704e-06,1.994687232e-06,nan,nan,nan,nan
3987,99.675,2.495770699e-06,1.994687241e-06,nan,nan,nan,nan
3988,99.7,2.495770696e-06,1.994687246e-06,nan,nan,nan,nan
3989,99.725,2.495770699e-06,1.994687240e-06,nan,nan,nan,nan
3990,99.75,2.495770702e-06,1.994687229e-06,nan,nan,nan,nan
3991,99.775,2.495770700e-06,1.994687226e-06,nan,nan,nan,nan
3992,99.8,2.495770695e-06,1.994687234e-06,nan,nan,nan,nan
3993,99.825,2.495770694e-06,1.994687245e-06,nan,nan,nan,nan
3994,99.85,2.495770698e-06,1.994687248e-06,nan,nan,nan,nan
3995,99.875,2.495770703e-06,1.994687240e-06,nan,nan,nan,nan
3996,99.9,2.495770703e-06,1.994687230e-06,nan,nan,nan,nan
3997,99.925,2.495770698e-06,1.994687228e-06,nan,nan,nan,nan
3998,99.95,2.495770691e-06,1.994687233e-06,nan,nan,nan,nan
3999,99.975,2.495770693e-06,1.994687240e-06,nan,nan,nan,nan
4000,100,2.495770700e-06,1.994687242e-06,nan,nan,2.693679e-13,3.930190e-13
4001,100.025,2.495770705e-06,1.994687239e-06,nan,nan,nan,nan
4002,100.05,2.495770703e-06,1.994687238e-06,nan,nan,nan,nan
4003,100.075,2.495770697e-06,1.994687238e-06,nan,nan,nan,nan
4004,100.1,2.495770692e-06,1.994687238e-06,nan,nan,nan,nan
4005,100.125,2.495770695e-06,1.994687234e-06,nan,nan,nan,nan
4006,100.15,2.495770699e-06,1.994687232e-06,nan,nan,nan,nan
4007,100.175,2.495770702e-06,1.994687233e-06,nan,nan,nan,nan
4008,100.2,2.495770699e-06,1.994687239e-06,nan,nan,nan,nan
4009,100.225,2.495770696e-06,1.994687244e-06,nan,nan,nan,nan
4010,100.25,2.495770696e-06,1.994687241e-06,nan,nan,nan,nan
4011,100.275,2.495770699e-06,1.994687233e-06,nan,nan,nan,nan
4012,100.3,2.495770700e-06,1.994687227e-06,nan,nan,nan,nan
4013,100.325,2.495770699e-06,1.994687230e-06,nan,nan,nan,nan
4014,100.35,2.495770698e-06,1.994687238e-06,nan,nan,nan,nan
4015,100.375,2.495770700e-06,1.994687241e-06,nan,nan,nan,nan
4016,100.4,2.495770701e-06,1.994687240e-06,nan,nan,nan,nan
4017,100.425,2.495770701e-06,1.994687235e-06,nan,nan,nan,nan
4018,100.45,2.495770697e-06,1.994687232e-06,nan,nan,nan,nan
4019,100.475,2.495770693e-06,1.994687234e-06,nan,nan,nan,nan
4020,100.5,2.495770694e-06,1.994687236e-06,nan,nan,2.665923e-13,3.996803e-13
4021,100.525,2.495770698e-06,1.994687237e-06,nan,nan,nan,nan
4022,100.55,2.495770703e-06,1.994687236e-06,nan,nan,nan,nan
4023,100.575,2.495770701e-06,1.994687237e-06,nan,nan,nan,nan
4024,100.6,2.495770698e-06,1.994687238e-06,nan,nan,nan,nan
4025,100.625,2.495770694e-06,1.994687238e-06,nan,nan,nan,nan
4026,100.65,2.495770694e-06,1.994687234e-06,nan,nan,nan,nan
4027,100.675,2.495770695e-06,1.994687231e-06,nan,nan,nan,nan
4028,100.7,2.495770698e-06,1.994687233e-06,nan,nan,nan,nan
4029,100.725,2.495770699e-06,1.994687240e-06,nan,nan,nan,nan
4030,100.75,2.495770702e-06,1.994687244e-06,nan,nan,nan,nan
4031,100.775,2.495770703e-06,1.994687243e-06,nan,nan,nan,nan
4032,100.8,2.495770701e-06,1.994687236e-06,nan,nan,nan,nan
4033,100.825,2.495770696e-06,1.994687229e-06,nan,nan,nan,nan
4034,100.85,2.495770692e-06,1.994687231e-06,nan,nan,nan,nan
4035,100.875,2.495770694e-06,1.994687237e-06,nan,nan,nan,nan
4036,100.9,2.495770700e-06,1.994687243e-06,nan,nan,nan,nan
4037,100.925,2.495770705e-06,1.994687241e-06,nan,nan,nan,nan
4038,100.95,2.495770703e-06,1.994687238e-06,nan,nan,nan,nan
4039,100.975,2.495770698e-06,1.994687236e-06,nan,nan,nan,nan
4040,101,2.495770692e-06,1.994687236e-06,nan,nan,2.675637e-13,4.141132e-13
4041,101.025,2.495770693e-06,1.994687236e-06,nan,nan,nan,nan
4042,101.05,2.495770699e-06,1.994687234e-06,nan,nan,nan,nan
4043,101.075,2.495770703e-06,1.994687234e-06,nan,nan,nan,nan
4044,101.1,2.495770702e-06,1.994687239e-06,nan,nan,nan,nan
4045,101.125,2.495770698e-06,1.994687243e-06,nan,nan,nan,nan
4046,101.15,2.495770696e-06,1.994687242e-06,nan,nan,nan,nan
4047,101.175,2.495770696e-06,1.994687235e-06,nan,nan,nan,nan
4048,101.2,2.495770698e-06,1.994687227e-06,nan,nan,nan,nan
4049,101.225,2.495770697e-06,1.994687228e-06,nan,nan,nan,nan
4050,101.25,2.495770695e-06,1.994687236e-06,nan,nan,nan,nan
4051,101.275,2.495770697e-06,1.994687245e-06,nan,nan,nan,nan
4052,101.3,2.495770701e-06,1.994687245e-06,nan,nan,nan,nan
4053,101.325,2.495770702e-06,1.994687238e-06,nan,nan,nan,nan
4054,101.35,2.495770699e-06,1.994687230e-06,nan,nan,nan,nan
4055,101.375,2.495770692e-06,1.994687228e-06,nan,nan,nan,nan
4056,101.4,2.495770691e-06,1.994687235e-06,nan,nan,nan,nan
4057,101.425,2.495770697e-06,1.994687241e-06,nan,nan,nan,nan
4058,101.45,2.495770705e-06,1.994687241e-06,nan,nan,nan,nan
4059,101.475,2.495770706e-06,1.994687237e-06,nan,nan,nan,nan
4060,101.5,2.495770700e-06,1.994687236e-06,nan,nan,2.696454e-13,4.152234e-13
4061,101.525,2.495770692e-06,1.994687237e-06,nan,nan,nan,nan
4062,101.55,2.495770691e-06,1.994687236e-06,nan,nan,nan,nan
4063,101.575,2.495770697e-06,1.994687233e-06,nan,nan,nan,nan
4064,101.6,2.495770704e-06,1.994687230e-06,nan,nan,nan,nan
4065,101.625,2.495770703e-06,1.994687233e-06,nan,nan,nan,nan
4066,101.65,2.495770700e-06,1.994687241e-06,nan,nan,nan,nan
4067,101.675,2.495770696e-06,1.994687247e-06,nan,nan,nan,nan
4068,101.7,2.495770698e-06,1.994687243e-06,nan,nan,nan,nan
4069,101.725,2.495770699e-06,1.994687232e-06,nan,nan,nan,nan
4070,101.75,2.495770698e-06,1.994687225e-06,nan,nan,nan,nan
4071,101.775,2.495770695e-06,1.994687230e-06,nan,nan,nan,nan
4072,101.8,2.495770693e-06,1.994687241e-06,nan,nan,nan,nan
4073,101.825,2.495770698e-06,1.994687247e-06,nan,nan,nan,nan
4074,101.85,2.495770704e-06,1.994687245e-06,nan,nan,nan,nan
4075,101.875,2.495770704e-06,1.994687236e-06,nan,nan,nan,nan
4076,101.9,2.495770698e-06,1.994687230e-06,nan,nan,nan,nan
4077,101.925,2.495770690e-06,1.994687232e-06,nan,nan,nan,nan
4078,101.95,2.495770692e-06,1.994687237e-06,nan,nan,nan,nan
4079,101.975,2.495770700e-06,1.994687239e-06,nan,nan,nan,nan
4080,102,2.495770707e-06,1.994687238e-06,nan,nan,2.722822e-13,4.229950e-13
4081,102.025,2.495770705e-06,1.994687237e-06,nan,nan,nan,nan
4082,102.05,2.495770697e-06,1.994687239e-06,nan,nan,nan,nan
4083,102.075,2.495770691e-06,1.994687240e-06,nan,nan,nan,nan
4084,102.1,2.495770693e-06,1.994687237e-06,nan,nan,nan,nan
4085,102.125,2.495770700e-06,1.994687231e-06,nan,nan,nan,nan
4086,102.15,2.495770705e-06,1.994687231e-06,nan,nan,nan,nan
4087,102.175,2.495770702e-06,1.994687237e-06,nan,nan,nan,nan
4088,102.2,2.495770697e-06,1.994687244e-06,nan,nan,nan,nan
4089,102.225,2.495770694e-06,1.994687244e-06,nan,nan,nan,nan
4090,102.25,2.495770698e-06,1.994687235e-06,nan,nan,nan,nan
4091,102.275,2.495770699e-06,1.994687226e-06,nan,nan,nan,nan
4092,102.3,2.495770697e-06,1.994687226e-06,nan,nan,nan,nan
4093,102.325,2.495770694e-06,1.994687235e-06,nan,nan,nan,nan
4094,102.35,2.495770696e-06,1.994687244e-06,nan,nan,nan,nan
4095,102.375,2.495770702e-06,1.994687244e-06,nan,nan,nan,nan
4096,102.4,2.495770705e-06,1.994687236e-06,nan,nan,nan,nan
4097,102.425,2.495770702e-06,1.994687229e-06,nan,nan,nan,nan
4098,102.45,2.495770695e-06,1.994687229e-06,nan,nan,nan,nan
4099,102.475,2.495770690e-06,1.994687234e-06,nan,nan,nan,nan
4100,102.5,2.495770693e-06,1.994687238e-06,nan,nan,2.735312e-13,4.252154e-13
4101,102.525,2.495770701e-06,1.994687239e-06,nan,nan,nan,nan
4102,102.55,2.495770704e-06,1.994687238e-06,nan,nan,nan,nan
4103,102.575,2.495770701e-06,1.994687237e-06,nan,nan,nan,nan
4104,102.6,2.495770694e-06,1.994687237e-06,nan,nan,nan,nan
4105,102.625,2.495770693e-06,1.994687235e-06,nan,nan,nan,nan
4106,102.65,2.495770696e-06,1.994687231e-06,nan,nan,nan,nan
4107,102.675,2.495770701e-06,1.994687230e-06,nan,nan,nan,nan
4108,102.7,2.495770702e-06,1.994687236e-06,nan,nan,nan,nan
4109,102.725,2.495770699e-06,1.994687243e-06,nan,nan,nan,nan
4110,102.75,2.495770697e-06,1.994687247e-06,nan,nan,nan,nan
4111,102.775,2.495770696e-06,1.994687241e-06,nan,nan,nan,nan
4112,102.8,2.495770698e-06,1.994687231e-06,nan,nan,nan,nan
4113,102.825,2.495770699e-06,1.994687226e-06,nan,nan,nan,nan
4114,102.85,2.495770697e-06,1.994687230e-06,nan,nan,nan,nan
4115,102.875,2.495770696e-06,1.994687239e-06,nan,nan,nan,nan
4116,102.9,2.495770699e-06,1.994687245e-06,nan,nan,nan,nan
4117,102.925,2.495770701e-06,1.994687244e-06,nan,nan,nan,nan
4118,102.95,2.495770701e-06,1.994687238e-06,nan,nan,nan,nan
4119,102.975,2.495770698e-06,1.994687233e-06,nan,nan,nan,nan
4120,103,2.495770693e-06,1.994687231e-06,nan,nan,2.736700e-13,4.241052e-13
4121,103.025,2.495770692e-06,1.994687232e-06,nan,nan,nan,nan
4122,103.05,2.495770698e-06,1.994687236e-06,nan,nan,nan,nan
4123,103.075,2.495770703e-06,1.994687239e-06,nan,nan,nan,nan
4124,103.1,2.495770703e-06,1.994687243e-06,nan,nan,nan,nan
4125,103.125,2.495770699e-06,1.994687242e-06,nan,nan,nan,nan
4126,103.15,2.495770694e-06,1.994687237e-06,nan,nan,nan,nan
4127,103.175,2.495770693e-06,1.994687231e-06,nan,nan,nan,nan
4128,103.2,2.495770695e-06,1.994687228e-06,nan,nan,nan,nan
4129,103.225,2.495770699e-06,1.994687233e-06,nan,nan,nan,nan
4130,103.25,2.495770702e-06,1.994687240e-06,nan,nan,nan,nan
4131,103.275,2.495770703e-06,1.994687244e-06,nan,nan,nan,nan
4132,103.3,2.495770701e-06,1.994687240e-06,nan,nan,nan,nan
4133,103.325,2.495770697e-06,1.994687232e-06,nan,nan,nan,nan
4134,103.35,2.495770696e-06,1.994687228e-06,nan,nan,nan,nan
4135,103.375,2.495770695e-06,1.994687230e-06,nan,nan,nan,nan
4136,103.4,2.495770696e-06,1.994687235e-06,nan,nan,nan,nan
4137,103.425,2.495770700e-06,1.994687239e-06,nan,nan,nan,nan
4138,103.45,2.495770700e-06,1.994687237e-06,nan,nan,nan,nan
4139,103.475,2.495770700e-06,1.994687237e-06,nan,nan,nan,nan
4140,103.5,2.495770699e-06,1.994687236e-06,nan,nan,2.739475e-13,4.207745e-13
4141,103.525,2.495770696e-06,1.994687235e-06,nan,nan,nan,nan
4142,103.55,2.495770695e-06,1.994687233e-06,nan,nan,nan,nan
4143,103.575,2.495770694e-06,1.994687231e-06,nan,nan,nan,nan
4144,103.6,2.495770696e-06,1.994687234e-06,nan,nan,nan,nan
4145,103.625,2.495770698e-06,1.994687240e-06,nan,nan,nan,nan
4146,103.65,2.495770700e-06,1.994687244e-06,nan,nan,nan,nan
4147,103.675,2.495770701e-06,1.994687240e-06,nan,nan,nan,nan
4148,103.7,2.495770699e-06,1.994687233e-06,nan,nan,nan,nan
4149,103.725,2.495770693e-06,1.994687228e-06,nan,nan,nan,nan
4150,103.75,2.495770691e-06,1.994687230e-06,nan,nan,nan,nan
4151,103.775,2.495770695e-06,1.994687238e-06,nan,nan,nan,nan
4152,103.8,2.495770701e-06,1.994687244e-06,nan,nan,nan,nan
4153,103.825,2.495770706e-06,1.994687242e-06,nan,nan,nan,nan
4154,103.85,2.495770703e-06,1.994687236e-06,nan,nan,nan,nan
4155,103.875,2.495770697e-06,1.994687233e-06,nan,nan,nan,nan
4156,103.9,2.495770691e-06,1.994687234e-06,nan,nan,nan,nan
4157,103.925,2.495770691e-06,1.994687236e-06,nan,nan,nan,nan
4158,103.95,2.495770698e-06,1.994687236e-06,nan,nan,nan,nan
4159,103.975,2.495770704e-06,1.994687235e-06,nan,nan,nan,nan
4160,104,2.495770703e-06,1.994687236e-06,nan,nan,2.708944e-13,4.141132e-13
4161,104.025,2.495770699e-06,1.994687240e-06,nan,nan,nan,nan
4162,104.05,2.495770695e-06,1.994687241e-06,nan,nan,nan,nan
4163,104.075,2.495770695e-06,1.994687236e-06,nan,nan,nan,nan
4164,104.1,2.495770696e-06,1.994687228e-06,nan,nan,nan,nan
4165,104.125,2.495770697e-06,1.994687229e-06,nan,nan,nan,nan
4166,104.15,2.495770697e-06,1.994687238e-06,nan,nan,nan,nan
4167,104.175,2.495770697e-06,1.994687247e-06,nan,nan,nan,nan
4168,104.2,2.495770700e-06,1.994687245e-06,nan,nan,nan,nan
4169,104.225,2.495770701e-06,1.994687233e-06,nan,nan,nan,nan
4170,104.25,2.495770698e-06,1.994687224e-06,nan,nan,nan,nan
4171,104.275,2.495770693e-06,1.994687225e-06,nan,nan,nan,nan
4172,104.3,2.495770691e-06,1.994687237e-06,nan,nan,nan,nan
4173,104.325,2.495770696e-06,1.994687248e-06,nan,nan,nan,nan
4174,104.35,2.495770702e-06,1.994687246e-06,nan,nan,nan,nan
4175,104.375,2.495770706e-06,1.994687235e-06,nan,nan,nan,nan
4176,104.4,2.495770700e-06,1.994687227e-06,nan,nan,nan,nan
4177,104.425,2.495770692e-06,1.994687230e-06,nan,nan,nan,nan
4178,104.45,2.495770691e-06,1.994687238e-06,nan,nan,nan,nan
4179,104.475,2.495770695e-06,1.994687239e-06,nan,nan,nan,nan
4180,104.5,2.495770702e-06,1.994687236e-06,nan,nan,2.746414e-13,4.196643e-13
4181,104.525,2.495770702e-06,1.994687232e-06,nan,nan,nan,nan
4182,104.55,2.495770697e-06,1.994687235e-06,nan,nan,nan,nan
4183,104.575,2.495770692e-06,1.994687240e-06,nan,nan,nan,nan
4184,104.6,2.495770695e-06,1.994687241e-06,nan,nan,nan,nan
4185,104.625,2.495770700e-06,1.994687233e-06,nan,nan,nan,nan
4186,104.65,2.495770703e-06,1.994687227e-06,nan,nan,nan,nan
4187,104.675,2.495770699e-06,1.994687231e-06,nan,nan,nan,nan
4188,104.7,2.495770694e-06,1.994687243e-06,nan,nan,nan,nan
4189,104.725,2.495770696e-06,1.994687250e-06,nan,nan,nan,nan
4190,104.75,2.495770700e-06,1.994687243e-06,nan,nan,nan,nan
4191,104.775,2.495770703e-06,1.994687229e-06,nan,nan,nan,nan
4192,104.8,2.495770698e-06,1.994687222e-06,nan,nan,nan,nan
4193,104.825,2.495770691e-06,1.994687231e-06,nan,nan,nan,nan
4194,104.85,2.495770691e-06,1.994687245e-06,nan,nan,nan,nan
4195,104.875,2.495770699e-06,1.994687251e-06,nan,nan,nan,nan
4196,104.9,2.495770708e-06,1.994687243e-06,nan,nan,nan,nan
4197,104.925,2.495770707e-06,1.994687231e-06,nan,nan,nan,nan
4198,104.95,2.495770698e-06,1.994687228e-06,nan,nan,nan,nan
4199,104.975,2.495770689e-06,1.994687235e-06,nan,nan,nan,nan
4200,105,2.495770689e-06,1.994687240e-06,nan,nan,2.707556e-13,4.185541e-13
4201,105.025,2.495770700e-06,1.994687240e-06,nan,nan,nan,nan
4202,105.05,2.495770709e-06,1.994687235e-06,nan,nan,nan,nan
4203,105.075,2.495770706e-06,1.994687235e-06,nan,nan,nan,nan
4204,105.1,2.495770697e-06,1.994687240e-06,nan,nan,nan,nan
4205,105.125,2.495770691e-06,1.994687243e-06,nan,nan,nan,nan
4206,105.15,2.495770693e-06,1.994687238e-06,nan,nan,nan,nan
4207,105.175,2.495770701e-06,1.994687228e-06,nan,nan,nan,nan
4208,105.2,2.495770702e-06,1.994687225e-06,nan,nan,nan,nan
4209,105.225,2.495770698e-06,1.994687234e-06,nan,nan,nan,nan
4210,105.25,2.495770696e-06,1.994687248e-06,nan,nan,nan,nan
4211,105.275,2.495770698e-06,1.994687250e-06,nan,nan,nan,nan
4212,105.3,2.495770702e-06,1.994687238e-06,nan,nan,nan,nan
4213,105.325,2.495770701e-06,1.994687224e-06,nan,nan,nan,nan
4214,105.35,2.495770694e-06,1.994687221e-06,nan,nan,nan,nan
4215,105.375,2.495770689e-06,1.994687234e-06,nan,nan,nan,nan
4216,105.4,2.495770693e-06,1.994687246e-06,nan,nan,nan,nan
4217,105.425,2.495770703e-06,1.994687247e-06,nan,nan,nan,nan
4218,105.45,2.495770710e-06,1.994687238e-06,nan,nan,nan,nan
4219,105.475,2.495770703e-06,1.994687230e-06,nan,nan,nan,nan
4220,105.5,2.495770691e-06,1.994687230e-06,nan,nan,2.726985e-13,4.241052e-13
4221,105.525,2.495770685e-06,1.994687235e-06,nan,nan,nan,nan
4222,105.55,2.495770692e-06,1.994687239e-06,nan,nan,nan,nan
4223,105.575,2.495770704e-06,1.994687237e-06,nan,nan,nan,nan
4224,105.6,2.495770710e-06,1.994687235e-06,nan,nan,nan,nan
4225,105.625,2.495770703e-06,1.994687237e-06,nan,nan,nan,nan
4226,105.65,2.495770694e-06,1.994687241e-06,nan,nan,nan,nan
4227,105.675,2.495770691e-06,1.994687240e-06,nan,nan,nan,nan
4228,105.7,2.495770696e-06,1.994687234e-06,nan,nan,nan,nan
4229,105.725,2.495770701e-06,1.994687226e-06,nan,nan,nan,nan
4230,105.75,2.495770700e-06,1.994687229e-06,nan,nan,nan,nan
4231,105.775,2.495770697e-06,1.994687239e-06,nan,nan,nan,nan
4232,105.8,2.495770698e-06,1.994687245e-06,nan,nan,nan,nan
4233,105.825,2.495770702e-06,1.994687244e-06,nan,nan,nan,nan
4234,105.85,2.495770704e-06,1.994687235e-06,nan,nan,nan,nan
4235,105.875,2.495770698e-06,1.994687230e-06,nan,nan,nan,nan
4236,105.9,2.495770690e-06,1.994687231e-06,nan,nan,nan,nan
4237,105.925,2.495770688e-06,1.994687239e-06,nan,nan,nan,nan
4238,105.95,2.495770696e-06,1.994687244e-06,nan,nan,nan,nan
4239,105.975,2.495770707e-06,1.994687242e-06,nan,nan,nan,nan
4240,106,2.495770708e-06,1.994687237e-06,nan,nan,2.745026e-13,4.196643e-13
4241,106.025,2.495770699e-06,1.994687232e-06,nan,nan,nan,nan
4242,106.05,2.495770688e-06,1.994687232e-06,nan,nan,nan,nan
4243,106.075,2.495770686e-06,1.994687235e-06,nan,nan,nan,nan
4244,106.1,2.495770697e-06,1.994687237e-06,nan,nan,nan,nan
4245,106.125,2.495770705e-06,1.994687238e-06,nan,nan,nan,nan
4246,106.15,2.495770708e-06,1.994687239e-06,nan,nan,nan,nan
4247,106.175,2.495770702e-06,1.994687239e-06,nan,nan,nan,nan
4248,106.2,2.495770696e-06,1.994687238e-06,nan,nan,nan,nan
4249,106.225,2.495770694e-06,1.994687234e-06,nan,nan,nan,nan
4250,106.25,2.495770696e-06,1.994687232e-06,nan,nan,nan,nan
4251,106.275,2.495770697e-06,1.994687232e-06,nan,nan,nan,nan
4252,106.3,2.495770697e-06,1.994687235e-06,nan,nan,nan,nan
4253,106.325,2.495770698e-06,1.994687239e-06,nan,nan,nan,nan
4254,106.35,2.495770700e-06,1.994687242e-06,nan,nan,nan,nan
4255,106.375,2.495770702e-06,1.994687238e-06,nan,nan,nan,nan
4256,106.4,2.495770700e-06,1.994687235e-06,nan,nan,nan,nan
4257,106.425,2.495770695e-06,1.994687232e-06,nan,nan,nan,nan
4258,106.45,2.495770691e-06,1.994687233e-06,nan,nan,nan,nan
4259,106.475,2.495770693e-06,1.994687236e-06,nan,nan,nan,nan
4260,106.5,2.495770701e-06,1.994687239e-06,nan,nan,2.725598e-13,4.241052e-13
4261,106.525,2.495770705e-06,1.994687239e-06,nan,nan,nan,nan
4262,106.55,2.495770702e-06,1.994687237e-06,nan,nan,nan,nan
4263,106.575,2.495770695e-06,1.994687233e-06,nan,nan,nan,nan
4264,106.6,2.495770690e-06,1.994687231e-06,nan,nan,nan,nan
4265,106.625,2.495770692e-06,1.994687233e-06,nan,nan,nan,nan
4266,106.65,2.495770700e-06,1.994687238e-06,nan,nan,nan,nan
4267,106.675,2.495770705e-06,1.994687241e-06,nan,nan,nan,nan
4268,106.7,2.495770706e-06,1.994687241e-06,nan,nan,nan,nan
4269,106.725,2.495770701e-06,1.994687235e-06,nan,nan,nan,nan
4270,106.75,2.495770697e-06,1.994687231e-06,nan,nan,nan,nan
4271,106.775,2.495770693e-06,1.994687232e-06,nan,nan,nan,nan
4272,106.8,2.495770693e-06,1.994687237e-06,nan,nan,nan,nan
4273,106.825,2.495770694e-06,1.994687241e-06,nan,nan,nan,nan
4274,106.85,2.495770697e-06,1.994687241e-06,nan,nan,nan,nan
4275,106.875,2.495770702e-06,1.994687238e-06,nan,nan,nan,nan
4276,106.9,2.495770703e-06,1.994687237e-06,nan,nan,nan,nan
4277,106.925,2.495770700e-06,1.994687237e-06,nan,nan,nan,nan
4278,106.95,2.495770696e-06,1.994687237e-06,nan,nan,nan,nan
4279,106.975,2.495770692e-06,1.994687235e-06,nan,nan,nan,nan
4280,107,2.495770695e-06,1.994687233e-06,nan,nan,2.706169e-13,4.241052e-13
4281,107.025,2.495770699e-06,1.994687234e-06,nan,nan,nan,nan
4282,107.05,2.495770701e-06,1.994687239e-06,nan,nan,nan,nan
4283,107.075,2.495770701e-06,1.994687245e-06,nan,nan,nan,nan
4284,107.1,2.495770699e-06,1.994687242e-06,nan,nan,nan,nan
4285,107.125,2.495770696e-06,1.994687234e-06,nan,nan,nan,nan
4286,107.15,2.495770696e-06,1.994687226e-06,nan,nan,nan,nan
4287,107.175,2.495770697e-06,1.994687230e-06,nan,nan,nan,nan
4288,107.2,2.495770698e-06,1.994687241e-06,nan,nan,nan,nan
4289,107.225,2.495770701e-06,1.994687247e-06,nan,nan,nan,nan
4290,107.25,2.495770703e-06,1.994687244e-06,nan,nan,nan,nan
4291,107.275,2.495770700e-06,1.994687234e-06,nan,nan,nan,nan
4292,107.3,2.495770696e-06,1.994687226e-06,nan,nan,nan,nan
4293,107.325,2.495770692e-06,1.994687230e-06,nan,nan,nan,nan
4294,107.35,2.495770693e-06,1.994687237e-06,nan,nan,nan,nan
4295,107.375,2.495770700e-06,1.994687241e-06,nan,nan,nan,nan
4296,107.4,2.495770706e-06,1.994687239e-06,nan,nan,nan,nan
4297,107.425,2.495770705e-06,1.994687234e-06,nan,nan,nan,nan
4298,107.45,2.495770697e-06,1.994687234e-06,nan,nan,nan,nan
4299,107.475,2.495770690e-06,1.994687238e-06,nan,nan,nan,nan
4300,107.5,2.495770691e-06,1.994687238e-06,nan,nan,2.710332e-13,4.296563e-13
4301,107.525,2.495770698e-06,1.994687232e-06,nan,nan,nan,nan
4302,107.55,2.495770704e-06,1.994687230e-06,nan,nan,nan,nan
4303,107.575,2.495770704e-06,1.994687234e-06,nan,nan,nan,nan
4304,107.6,2.495770700e-06,1.994687243e-06,nan,nan,nan,nan
4305,107.625,2.495770694e-06,1.994687247e-06,nan,nan,nan,nan
4306,107.65,2.495770693e-06,1.994687240e-06,nan,nan,nan,nan
4307,107.675,2.495770695e-06,1.994687227e-06,nan,nan,nan,nan
4308,107.7,2.495770696e-06,1.994687224e-06,nan,nan,nan,nan
4309,107.725,2.495770697e-06,1.994687234e-06,nan,nan,nan,nan
4310,107.75,2.495770698e-06,1.994687247e-06,nan,nan,nan,nan
4311,107.775,2.495770702e-06,1.994687250e-06,nan,nan,nan,nan
4312,107.8,2.495770705e-06,1.994687241e-06,nan,nan,nan,nan
4313,107.825,2.495770701e-06,1.994687229e-06,nan,nan,nan,nan
4314,107.85,2.495770692e-06,1.994687226e-06,nan,nan,nan,nan
4315,107.875,2.495770687e-06,1.994687235e-06,nan,nan,nan,nan
4316,107.9,2.495770693e-06,1.994687244e-06,nan,nan,nan,nan
4317,107.925,2.495770705e-06,1.994687242e-06,nan,nan,nan,nan
4318,107.95,2.495770711e-06,1.994687236e-06,nan,nan,nan,nan
4319,107.975,2.495770706e-06,1.994687233e-06,nan,nan,nan,nan
4320,108,2.495770694e-06,1.994687238e-06,nan,nan,2.697842e-13,4.318768e-13
4321,108.025,2.495770689e-06,1.994687241e-06,nan,nan,nan,nan
4322,108.05,2.495770693e-06,1.994687238e-06,nan,nan,nan,nan
4323,108.075,2.495770701e-06,1.994687231e-06,nan,nan,nan,nan
4324,108.1,2.495770704e-06,1.994687227e-06,nan,nan,nan,nan
4325,108.125,2.495770700e-06,1.994687235e-06,nan,nan,nan,nan
4326,108.15,2.495770695e-06,1.994687247e-06,nan,nan,nan,nan
4327,108.175,2.495770696e-06,1.994687248e-06,nan,nan,nan,nan
4328,108.2,2.495770698e-06,1.994687237e-06,nan,nan,nan,nan
4329,108.225,2.495770698e-06,1.994687227e-06,nan,nan,nan,nan
4330,108.25,2.495770694e-06,1.994687226e-06,nan,nan,nan,nan
4331,108.275,2.495770693e-06,1.994687237e-06,nan,nan,nan,nan
4332,108.3,2.495770699e-06,1.994687247e-06,nan,nan,nan,nan
4333,108.325,2.495770707e-06,1.994687244e-06,nan,nan,nan,nan
4334,108.35,2.495770707e-06,1.994687234e-06,nan,nan,nan,nan
4335,108.375,2.495770698e-06,1.994687225e-06,nan,nan,nan,nan
4336,108.4,2.495770687e-06,1.994687228e-06,nan,nan,nan,nan
4337,108.425,2.495770686e-06,1.994687238e-06,nan,nan,nan,nan
4338,108.45,2.495770698e-06,1.994687244e-06,nan,nan,nan,nan
4339,108.475,2.495770710e-06,1.994687241e-06,nan,nan,nan,nan
4340,108.5,2.495770711e-06,1.994687234e-06,nan,nan,2.711720e-13,4.352074e-13
4341,108.525,2.495770700e-06,1.994687232e-06,nan,nan,nan,nan
4342,108.55,2.495770690e-06,1.994687236e-06,nan,nan,nan,nan
4343,108.575,2.495770689e-06,1.994687239e-06,nan,nan,nan,nan
4344,108.6,2.495770697e-06,1.994687235e-06,nan,nan,nan,nan
4345,108.625,2.495770703e-06,1.994687231e-06,nan,nan,nan,nan
4346,108.65,2.495770701e-06,1.994687232e-06,nan,nan,nan,nan
4347,108.675,2.495770695e-06,1.994687240e-06,nan,nan,nan,nan
4348,108.7,2.495770694e-06,1.994687245e-06,nan,nan,nan,nan
4349,108.725,2.495770698e-06,1.994687242e-06,nan,nan,nan,nan
4350,108.75,2.495770702e-06,1.994687231e-06,nan,nan,nan,nan
4351,108.775,2.495770699e-06,1.994687226e-06,nan,nan,nan,nan
4352,108.8,2.495770694e-06,1.994687231e-06,nan,nan,nan,nan
4353,108.825,2.495770693e-06,1.994687242e-06,nan,nan,nan,nan
4354,108.85,2.495770699e-06,1.994687248e-06,nan,nan,nan,nan
4355,108.875,2.495770706e-06,1.994687244e-06,nan,nan,nan,nan
4356,108.9,2.495770703e-06,1.994687234e-06,nan,nan,nan,nan
4357,108.925,2.495770694e-06,1.994687230e-06,nan,nan,nan,nan
4358,108.95,2.495770688e-06,1.994687233e-06,nan,nan,nan,nan
4359,108.975,2.495770693e-06,1.994687238e-06,nan,nan,nan,nan
4360,109,2.495770703e-06,1.994687241e-06,nan,nan,2.803313e-13,4.385381e-13
4361,109.025,2.495770709e-06,1.994687239e-06,nan,nan,nan,nan
4362,109.05,2.495770704e-06,1.994687236e-06,nan,nan,nan,nan
4363,109.075,2.495770694e-06,1.994687236e-06,nan,nan,nan,nan
4364,109.1,2.495770688e-06,1.994687237e-06,nan,nan,nan,nan
4365,109.125,2.495770693e-06,1.994687235e-06,nan,nan,nan,nan
4366,109.15,2.495770702e-06,1.994687234e-06,nan,nan,nan,nan
4367,109.175,2.495770703e-06,1.994687234e-06,nan,nan,nan,nan
4368,109.2,2.495770700e-06,1.994687238e-06,nan,nan,nan,nan
4369,109.225,2.495770697e-06,1.994687241e-06,nan,nan,nan,nan
4370,109.25,2.495770697e-06,1.994687240e-06,nan,nan,nan,nan
4371,109.275,2.495770699e-06,1.994687235e-06,nan,nan,nan,nan
4372,109.3,2.495770697e-06,1.994687231e-06,nan,nan,nan,nan
4373,109.325,2.495770695e-06,1.994687231e-06,nan,nan,nan,nan
4374,109.35,2.495770693e-06,1.994687237e-06,nan,nan,nan,nan
4375,109.375,2.495770699e-06,1.994687243e-06,nan,nan,nan,nan
4376,109.4,2.495770704e-06,1.994687243e-06,nan,nan,nan,nan
4377,109.425,2.495770703e-06,1.994687239e-06,nan,nan,nan,nan
4378,109.45,2.495770696e-06,1.994687233e-06,nan,nan,nan,nan
4379,109.475,2.495770689e-06,1.994687230e-06,nan,nan,nan,nan
4380,109.5,2.495770691e-06,1.994687231e-06,nan,nan,2.828293e-13,4.396483e-13
4381,109.525,2.495770700e-06,1.994687235e-06,nan,nan,nan,nan
4382,109.55,2.495770705e-06,1.994687240e-06,nan,nan,nan,nan
4383,109.575,2.495770703e-06,1.994687242e-06,nan,nan,nan,nan
4384,109.6,2.495770697e-06,1.994687240e-06,nan,nan,nan,nan
4385,109.625,2.495770694e-06,1.994687235e-06,nan,nan,nan,nan
4386,109.65,2.495770695e-06,1.994687230e-06,nan,nan,nan,nan
4387,109.675,2.495770701e-06,1.994687230e-06,nan,nan,nan,nan
4388,109.7,2.495770703e-06,1.994687235e-06,nan,nan,nan,nan
4389,109.725,2.495770702e-06,1.994687242e-06,nan,nan,nan,nan
4390,109.75,2.495770700e-06,1.994687243e-06,nan,nan,nan,nan
4391,109.775,2.495770699e-06,1.994687240e-06,nan,nan,nan,nan
4392,109.8,2.495770698e-06,1.994687234e-06,nan,nan,nan,nan
4393,109.825,2.495770695e-06,1.994687232e-06,nan,nan,nan,nan
4394,109.85,2.495770693e-06,1.994687235e-06,nan,nan,nan,nan
4395,109.875,2.495770695e-06,1.994687239e-06,nan,nan,nan,nan
4396,109.9,2.495770702e-06,1.994687239e-06,nan,nan,nan,nan
4397,109.925,2.495770706e-06,1.994687240e-06,nan,nan,nan,nan
4398,109.95,2.495770704e-06,1.994687240e-06,nan,nan,nan,nan
4399,109.975,2.495770696e-06,1.994687241e-06,nan,nan,nan,nan
4400,110,2.495770690e-06,1.994687239e-06,nan,nan,2.789435e-13,4.451994e-13
