n,t,maxE_SF,maxH_SF,W_total,W_phys,divE_TF,divH_TF
1,0.05,0.000000000e+00,0.000000000e+00,nan,nan,nan,nan
2,0.1,0.000000000e+00,0.000000000e+00,nan,nan,nan,nan
3,0.15,0.000000000e+00,0.000000000e+00,nan,nan,nan,nan
4,0.2,0.000000000e+00,0.000000000e+00,nan,nan,nan,nan
5,0.25,0.000000000e+00,0.000000000e+00,nan,nan,nan,nan
6,0.3,0.000000000e+00,0.000000000e+00,nan,nan,nan,nan
7,0.35,0.000000000e+00,0.000000000e+00,nan,nan,nan,nan
8,0.4,0.000000000e+00,0.000000000e+00,nan,nan,nan,nan
9,0.45,0.000000000e+00,0.000000000e+00,nan,nan,nan,nan
10,0.5,0.000000000e+00,0.000000000e+00,nan,nan,nan,nan
11,0.55,0.000000000e+00,0.000000000e+00,nan,nan,nan,nan
12,0.6,0.000000000e+00,0.000000000e+00,nan,nan,nan,nan
13,0.65,0.000000000e+00,0.000000000e+00,nan,nan,nan,nan
14,0.7,0.000000000e+00,0.000000000e+00,nan,nan,nan,nan
15,0.75,0.000000000e+00,0.000000000e+00,nan,nan,nan,nan
16,0.8,0.000000000e+00,0.000000000e+00,nan,nan,nan,nan
17,0.85,0.000000000e+00,0.000000000e+00,nan,nan,nan,nan
18,0.9,0.000000000e+00,0.000000000e+00,nan,nan,nan,nan
19,0.95,0.000000000e+00,0.000000000e+00,nan,nan,nan,nan
20,1,0.000000000e+00,0.000000000e+00,nan,nan,nan,nan
21,1.05,0.000000000e+00,0.000000000e+00,nan,nan,nan,nan
22,1.1,0.000000000e+00,0.000000000e+00,nan,nan,nan,nan
23,1.15,0.000000000e+00,0.000000000e+00,nan,nan,nan,nan
24,1.2,0.000000000e+00,0.000000000e+00,nan,nan,nan,nan
25,1.25,0.000000000e+00,0.000000000e+00,nan,nan,nan,nan
26,1.3,0.000000000e+00,0.000000000e+00,nan,nan,nan,nan
27,1.35,0.000000000e+00,0.000000000e+00,nan,nan,nan,nan
28,1.4,0.000000000e+00,0.000000000e+00,nan,nan,nan,nan
29,1.45,0.000000000e+00,0.000000000e+00,nan,nan,nan,nan
30,1.5,0.000000000e+00,0.000000000e+00,nan,nan,nan,nan
31,1.55,0.000000000e+00,0.000000000e+00,nan,nan,nan,nan
32,1.6,0.000000000e+00,0.000000000e+00,nan,nan,nan,nan
33,1.65,0.000000000e+00,0.000000000e+00,nan,nan,nan,nan
34,1.7,0.000000000e+00,0.000000000e+00,nan,nan,nan,nan
35,1.75,0.000000000e+00,0.000000000e+00,nan,nan,nan,nan
36,1.8,0.000000000e+00,0.000000000e+00,nan,nan,nan,nan
37,1.85,0.000000000e+00,0.000000000e+00,nan,nan,nan,nan
38,1.9,0.000000000e+00,0.000000000e+00,nan,nan,nan,nan
39,1.95,0.000000000e+00,0.000000000e+00,nan,nan,nan,nan
40,2,0.000000000e+00,0.000000000e+00,nan,nan,nan,nan
41,2.05,0.000000000e+00,0.000000000e+00,nan,nan,nan,nan
42,2.1,0.000000000e+00,0.000000000e+00,nan,nan,nan,nan
43,2.15,2.004573533e-51,2.672764710e-51,nan,nan,nan,nan
44,2.2,5.345529420e-50,8.552847072e-50,nan,nan,nan,nan
45,2.25,1.731283341e-48,2.736911063e-48,nan,nan,nan,nan
46,2.3,1.641110942e-47,2.189528851e-47,nan,nan,nan,nan
47,2.35,2.791432122e-46,3.503246161e-46,nan,nan,nan,nan
48,2.4,2.451567705e-45,2.802596929e-45,nan,nan,nan,nan
49,2.45,1.832017838e-44,3.363116314e-44,nan,nan,nan,nan
50,2.5,1.639960313e-43,1.793662034e-43,nan,nan,nan,nan
51,2.55,1.116128432e-42,1.434929627e-42,nan,nan,nan,nan
52,2.6,9.669040465e-42,1.147943702e-41,nan,nan,nan,nan
53,2.65,4.801972828e-41,5.739718510e-41,nan,nan,nan,nan
54,2.7,2.019279462e-40,2.755064885e-40,nan,nan,nan,nan
55,2.75,8.721683849e-40,1.836709923e-39,nan,nan,nan,nan
56,2.8,5.126197068e-39,6.612155723e-39,nan,nan,nan,nan
57,2.85,1.864723548e-38,3.232609465e-38,nan,nan,nan,nan
58,2.9,7.401649055e-38,1.410593221e-37,nan,nan,nan,nan
59,2.95,3.313353523e-37,4.937076273e-37,nan,nan,nan,nan
60,3,9.449187383e-37,1.880790961e-36,nan,nan,nan,nan
61,3.05,2.671914191e-36,6.394689268e-36,nan,nan,nan,nan
62,3.1,1.386901052e-35,1.880790961e-35,nan,nan,nan,nan
63,3.15,3.218312818e-35,6.018531076e-35,nan,nan,nan,nan
64,3.2,8.862196084e-35,1.805559323e-34,nan,nan,nan,nan
65,3.25,2.045493254e-34,5.175936726e-34,nan,nan,nan,nan
66,3.3,6.123176294e-34,1.348150961e-33,nan,nan,nan,nan
67,3.35,1.441273807e-33,3.225932657e-33,nan,nan,nan,nan
68,3.4,3.272317728e-33,8.281498761e-33,nan,nan,nan,nan
69,3.45,6.713441993e-33,1.762225899e-32,nan,nan,nan,nan
70,3.5,1.351575386e-32,3.949360092e-32,nan,nan,nan,nan
71,3.55,2.892905480e-32,8.242980162e-32,nan,nan,nan,nan
72,3.6,5.540489143e-32,1.664003472e-31,nan,nan,nan,nan
73,3.65,1.293606013e-31,3.081487911e-31,nan,nan,nan,nan
74,3.7,1.951175429e-31,5.916456789e-31,nan,nan,nan,nan
75,3.75,3.758260208e-31,9.860761315e-31,nan,nan,nan,nan
76,3.8,5.929165844e-31,1.627025617e-30,nan,nan,nan,nan
77,3.85,1.029414673e-30,2.366582716e-30,nan,nan,nan,nan
78,3.9,1.645712255e-30,3.451266460e-30,nan,nan,nan,nan
79,3.95,2.281244038e-30,4.733165431e-30,nan,nan,nan,nan
80,4,3.011584028e-30,5.522026337e-30,nan,nan,nan,nan
81,4.05,4.786521065e-30,6.705317694e-30,nan,nan,nan,nan
82,4.1,4.535051689e-30,7.099748147e-30,nan,nan,nan,nan
83,4.15,6.071411355e-30,9.466330863e-30,nan,nan,nan,nan
84,4.2,8.947757302e-30,1.735493991e-29,nan,nan,nan,nan
85,4.25,1.289206183e-29,2.997671440e-29,nan,nan,nan,nan
86,4.3,1.898023576e-29,4.417621069e-29,nan,nan,nan,nan
87,4.35,2.960903353e-29,6.310887242e-29,nan,nan,nan,nan
88,4.4,4.011461192e-29,7.888609052e-29,nan,nan,nan,nan
89,4.45,5.141981843e-29,1.009741959e-28,nan,nan,nan,nan
90,4.5,6.606799933e-29,1.009741959e-28,nan,nan,nan,nan
91,4.55,8.140017366e-29,1.262177448e-28,nan,nan,nan,nan
92,4.6,8.945378885e-29,1.388395193e-28,nan,nan,nan,nan
93,4.65,9.576467609e-29,2.019483917e-28,nan,nan,nan,nan
94,4.7,1.489036487e-28,3.029225876e-28,nan,nan,nan,nan
95,4.75,1.980471662e-28,3.786532345e-28,nan,nan,nan,nan
96,4.8,2.357384469e-28,4.796274304e-28,nan,nan,nan,nan
97,4.85,2.730631675e-28,5.048709793e-28,nan,nan,nan,nan
98,4.9,3.361720399e-28,5.553580773e-28,nan,nan,nan,nan
99,4.95,3.729330944e-28,5.553580773e-28,nan,nan,nan,nan
100,5,4.187689243e-28,7.573064690e-28,nan,nan,nan,nan
101,5.05,5.199573722e-28,9.087677628e-28,nan,nan,nan,nan
102,5.1,5.887477182e-28,1.060229057e-27,nan,nan,nan,nan
103,5.15,6.500196561e-28,1.363151644e-27,nan,nan,nan,nan
104,5.2,6.628637566e-28,1.514612938e-27,nan,nan,nan,nan
105,5.25,8.648121483e-28,1.413638742e-27,nan,nan,nan,nan
106,5.3,8.900556973e-28,1.615587134e-27,nan,nan,nan,nan
107,5.35,1.022561847e-27,1.817535526e-27,nan,nan,nan,nan
108,5.4,1.332533569e-27,2.120458113e-27,nan,nan,nan,nan
109,5.45,1.717420403e-27,2.423380701e-27,nan,nan,nan,nan
110,5.5,1.919368795e-27,2.423380701e-27,nan,nan,nan,nan
111,5.55,1.745651148e-27,3.231174268e-27,nan,nan,nan,nan
112,5.6,1.800649855e-27,3.635071051e-27,nan,nan,nan,nan
113,5.65,1.959532218e-27,4.038967835e-27,nan,nan,nan,nan
114,5.7,2.295361269e-27,4.442864618e-27,nan,nan,nan,nan
115,5.75,3.093831754e-27,5.250658185e-27,nan,nan,nan,nan
116,5.8,2.911014035e-27,6.462348536e-27,nan,nan,nan,nan
117,5.85,3.470789869e-27,6.866245319e-27,nan,nan,nan,nan
118,5.9,3.874686653e-27,7.674038886e-27,nan,nan,nan,nan
119,5.95,4.985402807e-27,8.481832453e-27,nan,nan,nan,nan
120,6,5.027730140e-27,8.481832453e-27,nan,nan,nan,nan
121,6.05,6.496367590e-27,1.050131637e-26,nan,nan,nan,nan
122,6.1,6.698315982e-27,1.130910994e-26,nan,nan,nan,nan
123,6.15,7.438300439e-27,1.534807777e-26,nan,nan,nan,nan
124,6.2,7.640248831e-27,1.696366491e-26,nan,nan,nan,nan
125,6.25,8.408647713e-27,1.777145847e-26,nan,nan,nan,nan
126,6.3,9.674810738e-27,2.100263274e-26,nan,nan,nan,nan
127,6.35,1.204371876e-26,2.261821987e-26,nan,nan,nan,nan
128,6.4,1.366853955e-26,2.584939414e-26,nan,nan,nan,nan
129,6.45,1.669954400e-26,2.908056841e-26,nan,nan,nan,nan
130,6.5,1.796484561e-26,3.392732981e-26,nan,nan,nan,nan
131,6.55,1.824231040e-26,3.554291695e-26,nan,nan,nan,nan
132,6.6,2.002444695e-26,3.715850408e-26,nan,nan,nan,nan
133,6.65,2.170765043e-26,4.523643975e-26,nan,nan,nan,nan
134,6.7,2.816999896e-26,5.492996255e-26,nan,nan,nan,nan
135,6.75,2.598361779e-26,6.139231109e-26,nan,nan,nan,nan
136,6.8,3.705498398e-26,6.462348536e-26,nan,nan,nan,nan
137,6.85,3.667885566e-26,6.785465962e-26,nan,nan,nan,nan
138,6.9,4.290121336e-26,7.108583389e-26,nan,nan,nan,nan
139,6.95,4.769771427e-26,7.754818243e-26,nan,nan,nan,nan
140,7,5.574951882e-26,8.401053096e-26,nan,nan,nan,nan
141,7.05,7.134139402e-26,1.033975766e-25,nan,nan,nan,nan
142,7.1,7.541936643e-26,1.292469707e-25,nan,nan,nan,nan
143,7.15,7.755208365e-26,1.357093192e-25,nan,nan,nan,nan
144,7.2,8.724560646e-26,1.421716678e-25,nan,nan,nan,nan
145,7.25,9.483200757e-26,1.809457590e-25,nan,nan,nan,nan
146,7.3,9.806318183e-26,1.938704561e-25,nan,nan,nan,nan
147,7.35,1.298916176e-25,2.197198502e-25,nan,nan,nan,nan
148,7.4,1.307868482e-25,2.455692444e-25,nan,nan,nan,nan
149,7.45,1.391627045e-25,2.584939414e-25,nan,nan,nan,nan
150,7.5,1.584197378e-25,3.101927297e-25,nan,nan,nan,nan
151,7.55,1.805989681e-25,3.618915180e-25,nan,nan,nan,nan
152,7.6,1.835061497e-25,3.877409121e-25,nan,nan,nan,nan
153,7.65,2.277747779e-25,4.135903063e-25,nan,nan,nan,nan
154,7.7,2.600865206e-25,4.394397004e-25,nan,nan,nan,nan
155,7.75,2.735870378e-25,4.911384887e-25,nan,nan,nan,nan
156,7.8,3.511352202e-25,5.686866711e-25,nan,nan,nan,nan
157,7.85,3.382105232e-25,6.720842477e-25,nan,nan,nan,nan
158,7.9,3.463852622e-25,6.203854594e-25,nan,nan,nan,nan
159,7.95,3.902850921e-25,7.237830360e-25,nan,nan,nan,nan
160,8,5.550330358e-25,8.271806126e-25,nan,nan,nan,nan
161,8.05,6.189301091e-25,1.033975766e-24,nan,nan,nan,nan
162,8.1,7.223276856e-25,1.240770919e-24,nan,nan,nan,nan
163,8.15,6.895356526e-25,1.240770919e-24,nan,nan,nan,nan
164,8.2,7.118367470e-25,1.344168495e-24,nan,nan,nan,nan
165,8.25,1.263931336e-24,2.119650320e-24,nan,nan,nan,nan
166,8.3,2.588774628e-24,4.290999428e-24,nan,nan,nan,nan
167,8.35,5.476432826e-24,8.685396432e-24,nan,nan,nan,nan
168,8.4,1.114104180e-23,1.664700983e-23,nan,nan,nan,nan
169,8.45,2.215251775e-23,3.205324874e-23,nan,nan,nan,nan
170,8.5,4.345490394e-23,6.286572655e-23,nan,nan,nan,nan
171,8.55,8.401441667e-23,1.207683694e-22,nan,nan,nan,nan
172,8.6,1.593914777e-22,2.264406927e-22,nan,nan,nan,nan
173,8.65,2.947899278e-22,4.143140893e-22,nan,nan,nan,nan
174,8.7,5.307624697e-22,7.410245819e-22,nan,nan,nan,nan
175,8.75,9.288205838e-22,1.289264382e-21,nan,nan,nan,nan
176,8.8,1.577521788e-21,2.175278216e-21,nan,nan,nan,nan
177,8.85,2.598939674e-21,3.559151381e-21,nan,nan,nan,nan
178,8.9,4.137683627e-21,5.620692262e-21,nan,nan,nan,nan
179,8.95,6.323720174e-21,8.522855441e-21,nan,nan,nan,nan
180,9,9.259993837e-21,1.236386862e-20,nan,nan,nan,nan
181,9.05,1.283303269e-20,1.696340641e-20,nan,nan,nan,nan
182,9.1,1.666436124e-20,2.178049271e-20,nan,nan,nan,nan
183,9.15,1.994740632e-20,2.578983714e-20,nan,nan,nan,nan
184,9.2,2.219265770e-20,2.854352140e-20,nan,nan,nan,nan
185,9.25,2.698291842e-20,3.593438017e-20,nan,nan,nan,nan
186,9.3,4.799877299e-20,6.568723962e-20,nan,nan,nan,nan
187,9.35,9.854804968e-20,1.332124746e-19,nan,nan,nan,nan
188,9.4,1.881530052e-19,2.499218687e-19,nan,nan,nan,nan
189,9.45,3.262900479e-19,4.270419174e-19,nan,nan,nan,nan
190,9.5,5.199667389e-19,6.704480844e-19,nan,nan,nan,nan
191,9.55,7.636110815e-19,9.703027109e-19,nan,nan,nan,nan
192,9.6,1.032396455e-18,1.291470473e-18,nan,nan,nan,nan
193,9.65,1.278612166e-18,1.576306808e-18,nan,nan,nan,nan
194,9.7,1.449876993e-18,1.770105299e-18,nan,nan,nan,nan
195,9.75,1.616250937e-18,2.004374430e-18,nan,nan,nan,nan
196,9.8,2.260486529e-18,2.920329720e-18,nan,nan,nan,nan
197,9.85,4.053644183e-18,5.255359673e-18,nan,nan,nan,nan
198,9.9,7.238299183e-18,9.212790247e-18,nan,nan,nan,nan
199,9.95,1.178600583e-17,1.469987630e-17,nan,nan,nan,nan
200,10,1.736659699e-17,2.126608563e-17,nan,nan,nan,nan
201,10.05,2.328257019e-17,2.794251182e-17,nan,nan,nan,nan
202,10.1,2.832382103e-17,3.344349781e-17,nan,nan,nan,nan
203,10.15,3.164780726e-17,3.700593641e-17,nan,nan,nan,nan
204,10.2,3.527799995e-17,4.199019921e-17,nan,nan,nan,nan
205,10.25,4.794698895e-17,5.933787403e-17,nan,nan,nan,nan
206,10.3,7.902444476e-17,9.784831301e-17,nan,nan,nan,nan
207,10.35,1.286570381e-16,1.562090419e-16,nan,nan,nan,nan
208,10.4,1.915562426e-16,2.273634226e-16,nan,nan,nan,nan
209,10.45,2.579045391e-16,2.992599960e-16,nan,nan,nan,nan
210,10.5,3.144218836e-16,3.572300641e-16,nan,nan,nan,nan
211,10.55,3.513435254e-16,3.943223383e-16,nan,nan,nan,nan
212,10.6,3.833523386e-16,4.353903535e-16,nan,nan,nan,nan
213,10.65,4.791326518e-16,5.644005256e-16,nan,nan,nan,nan
214,10.7,7.168994791e-16,8.524428143e-16,nan,nan,nan,nan
215,10.75,1.093963935e-15,1.274148808e-15,nan,nan,nan,nan
216,10.8,1.543389077e-15,1.755634549e-15,nan,nan,nan,nan
217,10.85,1.976148037e-15,2.193647250e-15,nan,nan,nan,nan
218,10.9,2.302421746e-15,2.500968909e-15,nan,nan,nan,nan
219,10.95,2.493768151e-15,2.689759953e-15,nan,nan,nan,nan
220,11,2.738168147e-15,3.009831721e-15,nan,nan,nan,nan
221,11.05,3.457339201e-15,3.914530181e-15,nan,nan,nan,nan
222,11.1,4.895527798e-15,5.538690142e-15,nan,nan,nan,nan
223,11.15,6.841465110e-15,7.563770411e-15,nan,nan,nan,nan
224,11.2,8.831795583e-15,9.523852151e-15,nan,nan,nan,nan
225,11.25,1.041771060e-14,1.097409902e-14,nan,nan,nan,nan
226,11.3,1.138142130e-14,1.177604698e-14,nan,nan,nan,nan
227,11.35,1.206846821e-14,1.256023296e-14,nan,nan,nan,nan
228,11.4,1.370865927e-14,1.463330387e-14,nan,nan,nan,nan
229,11.45,1.749677469e-14,1.887125452e-14,nan,nan,nan,nan
230,11.5,2.310358005e-14,2.455467120e-14,nan,nan,nan,nan
231,11.55,2.908825372e-14,3.014111421e-14,nan,nan,nan,nan
232,11.6,3.393430546e-14,3.430482045e-14,nan,nan,nan,nan
233,11.65,3.685663478e-14,3.660571974e-14,nan,nan,nan,nan
234,11.7,3.849782692e-14,3.812152419e-14,nan,nan,nan,nan
235,11.75,4.130752361e-14,4.154153748e-14,nan,nan,nan,nan
236,11.8,4.807510808e-14,4.891096007e-14,nan,nan,nan,nan
237,11.85,5.866487007e-14,5.919456278e-14,nan,nan,nan,nan
238,11.9,7.029481366e-14,6.965188051e-14,nan,nan,nan,nan
239,11.95,8.005447470e-14,7.766753551e-14,nan,nan,nan,nan
240,12,8.645750226e-14,8.263946655e-14,nan,nan,nan,nan
241,12.05,9.051340503e-14,8.612410885e-14,nan,nan,nan,nan
242,12.1,9.519918235e-14,9.135802655e-14,nan,nan,nan,nan
243,12.15,1.041278707e-13,1.007362644e-13,nan,nan,nan,nan
244,12.2,1.179774775e-13,1.142686544e-13,nan,nan,nan,nan
245,12.25,1.346817065e-13,1.296471310e-13,nan,nan,nan,nan
246,12.3,1.518297422e-13,1.452271243e-13,nan,nan,nan,nan
247,12.35,1.684905417e-13,1.608943441e-13,nan,nan,nan,nan
248,12.4,1.856634336e-13,1.780925445e-13,nan,nan,nan,nan
249,12.45,2.053398773e-13,1.985020979e-13,nan,nan,nan,nan
250,12.5,2.288975296e-13,2.226719726e-13,nan,nan,nan,nan
251,12.55,2.563846588e-13,2.499808707e-13,nan,nan,nan,nan
252,12.6,2.873804168e-13,2.800084544e-13,nan,nan,nan,nan
253,12.65,3.230986501e-13,3.143904602e-13,nan,nan,nan,nan
254,12.7,3.653777250e-13,3.555519759e-13,nan,nan,nan,nan
255,12.75,4.157690362e-13,4.044370908e-13,nan,nan,nan,nan
256,12.8,4.734027213e-13,4.593057667e-13,nan,nan,nan,nan
257,12.85,5.347350153e-13,5.162838015e-13,nan,nan,nan,nan
258,12.9,5.962377929e-13,5.727145201e-13,nan,nan,nan,nan
259,12.95,6.580755124e-13,6.303997728e-13,nan,nan,nan,nan
260,13,7.265388222e-13,6.962513519e-13,nan,nan,nan,nan
261,13.05,8.084377378e-13,7.769096298e-13,nan,nan,nan,nan
262,13.1,9.073173324e-13,8.736524035e-13,nan,nan,nan,nan
263,13.15,1.021395286e-12,9.833471038e-13,nan,nan,nan,nan
264,13.2,1.146452762e-12,1.102460504e-12,nan,nan,nan,nan
265,13.25,1.281712945e-12,1.232499297e-12,nan,nan,nan,nan
266,13.3,1.433002799e-12,1.380987614e-12,nan,nan,nan,nan
267,13.35,1.609657337e-12,1.556379221e-12,nan,nan,nan,nan
268,13.4,1.817535485e-12,1.761331224e-12,nan,nan,nan,nan
269,13.45,2.054830594e-12,1.991087536e-12,nan,nan,nan,nan
270,13.5,2.315370873e-12,2.239366221e-12,nan,nan,nan,nan
271,13.55,2.596967754e-12,2.506686880e-12,nan,nan,nan,nan
272,13.6,2.906800353e-12,2.802878577e-12,nan,nan,nan,nan
273,13.65,3.258251787e-12,3.140531550e-12,nan,nan,nan,nan
274,13.7,3.664717493e-12,3.525825312e-12,nan,nan,nan,nan
275,13.75,4.119605895e-12,3.956280087e-12,nan,nan,nan,nan
276,13.8,4.615243478e-12,4.422357678e-12,nan,nan,nan,nan
277,13.85,5.151136455e-12,4.928716066e-12,nan,nan,nan,nan
278,13.9,5.741398911e-12,5.493636694e-12,nan,nan,nan,nan
279,13.95,6.409264018e-12,6.139216458e-12,nan,nan,nan,nan
280,14,7.173158633e-12,6.877887471e-12,nan,nan,nan,nan
281,14.05,8.037948714e-12,7.708840517e-12,nan,nan,nan,nan
282,14.1,9.000664350e-12,8.628653784e-12,nan,nan,nan,nan
283,14.15,1.006549993e-11,9.645768715e-12,nan,nan,nan,nan
284,14.2,1.125264314e-11,1.078357439e-11,nan,nan,nan,nan
285,14.25,1.259089751e-11,1.206793570e-11,nan,nan,nan,nan
286,14.3,1.410078235e-11,1.351155794e-11,nan,nan,nan,nan
287,14.35,1.578582536e-11,1.511221305e-11,nan,nan,nan,nan
288,14.4,1.764263891e-11,1.686844611e-11,nan,nan,nan,nan
289,14.45,1.969120516e-11,1.879789653e-11,nan,nan,nan,nan
290,14.5,2.196346531e-11,2.093941824e-11,nan,nan,nan,nan
291,14.55,2.450232092e-11,2.334913502e-11,nan,nan,nan,nan
292,14.6,2.734424361e-11,2.605006650e-11,nan,nan,nan,nan
293,14.65,3.050909862e-11,2.905092517e-11,nan,nan,nan,nan
294,14.7,3.401507278e-11,3.237241488e-11,nan,nan,nan,nan
295,14.75,3.790009218e-11,3.605865163e-11,nan,nan,nan,nan
296,14.8,4.222650690e-11,4.017214516e-11,nan,nan,nan,nan
297,14.85,4.706301749e-11,4.477147172e-11,nan,nan,nan,nan
298,14.9,5.246261566e-11,4.989551885e-11,nan,nan,nan,nan
299,14.95,5.846077566e-11,5.557228789e-11,nan,nan,nan,nan
300,15,6.509722729e-11,6.184427047e-11,nan,nan,nan,nan
301,15.05,7.243919638e-11,6.878419691e-11,nan,nan,nan,nan
302,15.1,8.058193794e-11,7.648497173e-11,nan,nan,nan,nan
303,15.15,8.962687209e-11,8.503572327e-11,nan,nan,nan,nan
304,15.2,9.966236723e-11,9.451137574e-11,nan,nan,nan,nan
305,15.25,1.108268360e-10,1.049883718e-10,nan,nan,nan,nan
306,15.3,1.231933222e-10,1.165699712e-10,nan,nan,nan,nan
307,15.35,1.368880679e-10,1.294317287e-10,nan,nan,nan,nan
308,15.4,1.520784662e-10,1.437516699e-10,nan,nan,nan,nan
309,15.45,1.689322407e-10,1.596313813e-10,nan,nan,nan,nan
310,15.5,1.876070984e-10,1.772096586e-10,nan,nan,nan,nan
311,15.55,2.082681198e-10,1.966423812e-10,nan,nan,nan,nan
312,15.6,2.311143225e-10,2.181233287e-10,nan,nan,nan,nan
313,15.65,2.563860760e-10,2.418801199e-10,nan,nan,nan,nan
314,15.7,2.843476148e-10,2.681528995e-10,nan,nan,nan,nan
315,15.75,3.152678520e-10,2.971833529e-10,nan,nan,nan,nan
316,15.8,3.494246373e-10,3.292293982e-10,nan,nan,nan,nan
317,15.85,3.871303648e-10,3.645908654e-10,nan,nan,nan,nan
318,15.9,4.287522239e-10,4.036188469e-10,nan,nan,nan,nan
319,15.95,4.747070934e-10,4.467009272e-10,nan,nan,nan,nan
320,16,5.254410538e-10,4.942429569e-10,nan,nan,nan,nan
321,16.05,5.815193383e-10,5.466717599e-10,nan,nan,nan,nan
322,16.1,6.436841337e-10,6.044580290e-10,nan,nan,nan,nan
323,16.15,7.122603995e-10,6.681945716e-10,nan,nan,nan,nan
324,16.2,7.879012459e-10,7.388579266e-10,nan,nan,nan,nan
325,16.25,8.713159865e-10,8.167452137e-10,nan,nan,nan,nan
326,16.3,9.632608925e-10,9.025483802e-10,nan,nan,nan,nan
327,16.35,1.064553809e-09,9.970254634e-10,nan,nan,nan,nan
328,16.4,1.176102638e-09,1.101024998e-09,nan,nan,nan,nan
329,16.45,1.298921148e-09,1.215489758e-09,nan,nan,nan,nan
330,16.5,1.434121816e-09,1.341443280e-09,nan,nan,nan,nan
331,16.55,1.582904466e-09,1.479984513e-09,nan,nan,nan,nan
332,16.6,1.746565295e-09,1.632306418e-09,nan,nan,nan,nan
333,16.65,1.926525927e-09,1.799724909e-09,nan,nan,nan,nan
334,16.7,2.124357503e-09,1.983692059e-09,nan,nan,nan,nan
335,16.75,2.341781610e-09,2.185788117e-09,nan,nan,nan,nan
336,16.8,2.580660317e-09,2.407715233e-09,nan,nan,nan,nan
337,16.85,2.843003516e-09,2.651315879e-09,nan,nan,nan,nan
338,16.9,3.132130915e-09,2.918609865e-09,nan,nan,nan,nan
339,16.95,3.450559332e-09,3.211821345e-09,nan,nan,nan,nan
340,17,3.800161867e-09,3.534992329e-09,nan,nan,nan,nan
341,17.05,4.183876162e-09,3.890264066e-09,nan,nan,nan,nan
342,17.1,4.604881983e-09,4.279878207e-09,nan,nan,nan,nan
343,17.15,5.066637375e-09,4.707005149e-09,nan,nan,nan,nan
344,17.2,5.572925852e-09,5.175116477e-09,nan,nan,nan,nan
345,17.25,6.127884839e-09,5.687998309e-09,nan,nan,nan,nan
346,17.3,6.736011086e-09,6.249751673e-09,nan,nan,nan,nan
347,17.35,7.402170610e-09,6.864811066e-09,nan,nan,nan,nan
348,17.4,8.131638518e-09,7.537992682e-09,nan,nan,nan,nan
349,17.45,8.930160236e-09,8.274549602e-09,nan,nan,nan,nan
350,17.5,9.804002448e-09,9.080205599e-09,nan,nan,nan,nan
351,17.55,1.075997880e-08,9.961169281e-09,nan,nan,nan,nan
352,17.6,1.180547089e-08,1.092415797e-08,nan,nan,nan,nan
353,17.65,1.294847435e-08,1.197645089e-08,nan,nan,nan,nan
354,17.7,1.419767115e-08,1.312595679e-08,nan,nan,nan,nan
355,17.75,1.556823793e-08,1.438126677e-08,nan,nan,nan,nan
356,17.8,1.707040156e-08,1.575168669e-08,nan,nan,nan,nan
357,17.85,1.871165244e-08,1.725849079e-08,nan,nan,nan,nan
358,17.9,2.050426928e-08,1.890349158e-08,nan,nan,nan,nan
359,17.95,2.246156250e-08,2.069874114e-08,nan,nan,nan,nan
360,18,2.459797438e-08,2.265733946e-08,nan,nan,nan,nan
361,18.05,2.692915995e-08,2.479346906e-08,nan,nan,nan,nan
362,18.1,2.947205910e-08,2.712246059e-08,nan,nan,nan,nan
363,18.15,3.224499042e-08,2.966088772e-08,nan,nan,nan,nan
364,18.2,3.526777684e-08,3.242668490e-08,nan,nan,nan,nan
365,18.25,3.856188011e-08,3.543925859e-08,nan,nan,nan,nan
366,18.3,4.215051874e-08,3.871958012e-08,nan,nan,nan,nan
367,18.35,4.605877659e-08,4.229028224e-08,nan,nan,nan,nan
368,18.4,5.031373372e-08,4.617578796e-08,nan,nan,nan,nan
369,18.45,5.494463506e-08,5.040246932e-08,nan,nan,nan,nan
370,18.5,5.998307621e-08,5.499880617e-08,nan,nan,nan,nan
371,18.55,6.546317733e-08,5.999552728e-08,nan,nan,nan,nan
372,18.6,7.143208627e-08,6.542575246e-08,nan,nan,nan,nan
373,18.65,7.795840365e-08,7.132516701e-08,nan,nan,nan,nan
374,18.7,8.505448023e-08,7.778175061e-08,nan,nan,nan,nan
375,18.75,9.276758454e-08,8.479638903e-08,nan,nan,nan,nan
376,18.8,1.011487014e-07,9.241474918e-08,nan,nan,nan,nan
377,18.85,1.102527769e-07,1.006861179e-07,nan,nan,nan,nan
378,18.9,1.201389890e-07,1.096635463e-07,nan,nan,nan,nan
379,18.95,1.308710671e-07,1.194041425e-07,nan,nan,nan,nan
380,19,1.425176449e-07,1.299693787e-07,nan,nan,nan,nan
381,19.05,1.551526148e-07,1.414253894e-07,nan,nan,nan,nan
382,19.1,1.688554795e-07,1.538432755e-07,nan,nan,nan,nan
383,19.15,1.837117312e-07,1.672994466e-07,nan,nan,nan,nan
384,19.2,1.998132834e-07,1.818760098e-07,nan,nan,nan,nan
385,19.25,2.172589430e-07,1.976611806e-07,nan,nan,nan,nan
386,19.3,2.361548934e-07,2.147496909e-07,nan,nan,nan,nan
387,19.35,2.566151804e-07,2.332432086e-07,nan,nan,nan,nan
388,19.4,2.787622316e-07,2.532508005e-07,nan,nan,nan,nan
389,19.45,3.027274368e-07,2.748894517e-07,nan,nan,nan,nan
390,19.5,3.287346927e-07,2.982846153e-07,nan,nan,nan,nan
391,19.55,3.569926320e-07,3.236912449e-07,nan,nan,nan,nan
392,19.6,3.875601218e-07,3.512408189e-07,nan,nan,nan,nan
393,19.65,4.206153651e-07,3.810170536e-07,nan,nan,nan,nan
394,19.7,4.563494156e-07,4.131895740e-07,nan,nan,nan,nan
395,19.75,4.949670575e-07,4.479400838e-07,nan,nan,nan,nan
396,19.8,5.366877163e-07,4.854631418e-07,nan,nan,nan,nan
397,19.85,5.817463979e-07,5.259669705e-07,nan,nan,nan,nan
398,19.9,6.303946861e-07,5.696743314e-07,nan,nan,nan,nan
399,19.95,6.829018286e-07,6.168234782e-07,nan,nan,nan,nan
400,20,7.395559021e-07,6.676691638e-07,nan,nan,nan,nan
401,20.05,8.006650263e-07,7.224836761e-07,nan,nan,nan,nan
402,20.1,8.665586200e-07,7.815579159e-07,nan,nan,nan,nan
403,20.15,9.375887305e-07,8.452025538e-07,nan,nan,nan,nan
404,20.2,1.014131467e-06,9.137492772e-07,nan,nan,nan,nan
405,20.25,1.096588529e-06,9.875521039e-07,nan,nan,nan,nan
406,20.3,1.185388801e-06,1.066988738e-06,nan,nan,nan,nan
407,20.35,1.280990004e-06,1.152461985e-06,nan,nan,nan,nan
408,20.4,1.383880443e-06,1.244401253e-06,nan,nan,nan,nan
409,20.45,1.495450019e-06,1.343820724e-06,nan,nan,nan,nan
410,20.5,1.615525862e-06,1.451011155e-06,nan,nan,nan,nan
411,20.55,1.744711533e-06,1.566271549e-06,nan,nan,nan,nan
412,20.6,1.883654204e-06,1.690169963e-06,nan,nan,nan,nan
413,20.65,2.033043531e-06,1.823311326e-06,nan,nan,nan,nan
414,20.7,2.193614196e-06,1.966339619e-06,nan,nan,nan,nan
415,20.75,2.366148589e-06,2.119940171e-06,nan,nan,nan,nan
416,20.8,2.551479617e-06,2.284842030e-06,nan,nan,nan,nan
417,20.85,2.750493621e-06,2.461820453e-06,nan,nan,nan,nan
418,20.9,2.964133452e-06,2.651699531e-06,nan,nan,nan,nan
419,20.95,3.193401727e-06,2.855354978e-06,nan,nan,nan,nan
420,21,3.439364270e-06,3.073717039e-06,nan,nan,nan,nan
421,21.05,3.703153687e-06,3.307773524e-06,nan,nan,nan,nan
422,21.1,3.985973101e-06,3.558572961e-06,nan,nan,nan,nan
423,21.15,4.289100075e-06,3.827227934e-06,nan,nan,nan,nan
424,21.2,4.613890748e-06,4.114918589e-06,nan,nan,nan,nan
425,21.25,4.961784179e-06,4.422896299e-06,nan,nan,nan,nan
426,21.3,5.334306868e-06,4.752487465e-06,nan,nan,nan,nan
427,21.35,5.733077467e-06,5.105451038e-06,nan,nan,nan,nan
428,21.4,6.162529717e-06,5.485765235e-06,nan,nan,nan,nan
429,21.45,6.622928819e-06,5.892625159e-06,nan,nan,nan,nan
430,21.5,7.115584558e-06,6.327746074e-06,nan,nan,nan,nan
431,21.55,7.642591580e-06,6.792943993e-06,nan,nan,nan,nan
432,21.6,8.206168397e-06,7.290140886e-06,nan,nan,nan,nan
433,21.65,8.808663859e-06,7.821370116e-06,nan,nan,nan,nan
434,21.7,9.452563940e-06,8.388782148e-06,nan,nan,nan,nan
435,21.75,1.014049881e-05,8.994650465e-06,nan,nan,nan,nan
436,21.8,1.087525021e-05,9.641377714e-06,nan,nan,nan,nan
437,21.85,1.165975908e-05,1.033150209e-05,nan,nan,nan,nan
438,21.9,1.249713354e-05,1.106770401e-05,nan,nan,nan,nan
439,21.95,1.339065725e-05,1.185281307e-05,nan,nan,nan,nan
440,22,1.434379805e-05,1.268981528e-05,nan,nan,nan,nan
441,22.05,1.536021701e-05,1.358186052e-05,nan,nan,nan,nan
442,22.1,1.644377774e-05,1.453227028e-05,nan,nan,nan,nan
443,22.15,1.759855612e-05,1.554454577e-05,nan,nan,nan,nan
444,22.2,1.882885045e-05,1.662237630e-05,nan,nan,nan,nan
445,22.25,2.013919193e-05,1.776964794e-05,nan,nan,nan,nan
446,22.3,2.153435554e-05,1.899045249e-05,nan,nan,nan,nan
447,22.35,2.301937131e-05,2.029685225e-05,nan,nan,nan,nan
448,22.4,2.460666429e-05,2.169029286e-05,nan,nan,nan,nan
449,22.45,2.630182418e-05,2.317248768e-05,nan,nan,nan,nan
450,22.5,2.810544268e-05,2.474859611e-05,nan,nan,nan,nan
451,22.55,3.002386295e-05,2.642404413e-05,nan,nan,nan,nan
452,22.6,3.206375874e-05,2.820453594e-05,nan,nan,nan,nan
453,22.65,3.423214907e-05,3.009606605e-05,nan,nan,nan,nan
454,22.7,3.653641342e-05,3.210493168e-05,nan,nan,nan,nan
455,22.75,3.898430736e-05,3.423774565e-05,nan,nan,nan,nan
456,22.8,4.158397872e-05,3.650144952e-05,nan,nan,nan,nan
457,22.85,4.434398428e-05,3.890332722e-05,nan,nan,nan,nan
458,22.9,4.727330698e-05,4.145101913e-05,nan,nan,nan,nan
459,22.95,5.038137365e-05,4.415253647e-05,nan,nan,nan,nan
460,23,5.367807334e-05,4.701627623e-05,nan,nan,nan,nan
461,23.05,5.717377613e-05,5.005103636e-05,nan,nan,nan,nan
462,23.1,6.087935246e-05,5.326603146e-05,nan,nan,nan,nan
463,23.15,6.480619306e-05,5.667090890e-05,nan,nan,nan,nan
464,23.2,6.896622945e-05,6.027576534e-05,nan,nan,nan,nan
465,23.25,7.337195495e-05,6.409116365e-05,nan,nan,nan,nan
466,23.3,7.803644625e-05,6.812815026e-05,nan,nan,nan,nan
467,23.35,8.297338552e-05,7.240307226e-05,nan,nan,nan,nan
468,23.4,8.819708309e-05,7.695832455e-05,nan,nan,nan,nan
469,23.45,9.372250071e-05,8.177619846e-05,nan,nan,nan,nan
470,23.5,9.960877943e-05,8.687025425e-05,nan,nan,nan,nan
471,23.55,1.058392055e-04,9.225465448e-05,nan,nan,nan,nan
472,23.6,1.124266817e-04,9.794418517e-05,nan,nan,nan,nan
473,23.65,1.193895291e-04,1.039542773e-04,nan,nan,nan,nan
474,23.7,1.267468772e-04,1.103010287e-04,nan,nan,nan,nan
475,23.75,1.345186917e-04,1.170012265e-04,nan,nan,nan,nan
476,23.8,1.427258039e-04,1.240723697e-04,nan,nan,nan,nan
477,23.85,1.513899391e-04,1.315326926e-04,nan,nan,nan,nan
478,23.9,1.605337466e-04,1.394011880e-04,nan,nan,nan,nan
479,23.95,1.701808301e-04,1.476976310e-04,nan,nan,nan,nan
480,24,1.803557786e-04,1.564426039e-04,nan,nan,nan,nan
481,24.05,1.910841971e-04,1.656575196e-04,nan,nan,nan,nan
482,24.1,2.023927390e-04,1.753646476e-04,nan,nan,nan,nan
483,24.15,2.143091376e-04,1.855871384e-04,nan,nan,nan,nan
484,24.2,2.268622393e-04,1.963490488e-04,nan,nan,nan,nan
485,24.25,2.400820364e-04,2.076753683e-04,nan,nan,nan,nan
486,24.3,2.539997002e-04,2.195920442e-04,nan,nan,nan,nan
487,24.35,2.686476150e-04,2.321260077e-04,nan,nan,nan,nan
488,24.4,2.840594122e-04,2.453052005e-04,nan,nan,nan,nan
489,24.45,3.002700042e-04,2.591586007e-04,nan,nan,nan,nan
490,24.5,3.173156195e-04,2.738437298e-04,nan,nan,nan,nan
491,24.55,3.352338367e-04,2.892802015e-04,nan,nan,nan,nan
492,24.6,3.540636202e-04,3.054992684e-04,nan,nan,nan,nan
493,24.65,3.738815332e-04,3.225353811e-04,nan,nan,nan,nan
494,24.7,3.948317913e-04,3.404242155e-04,nan,nan,nan,nan
495,24.75,4.168375540e-04,3.592027026e-04,nan,nan,nan,nan
496,24.8,4.399449700e-04,3.789090558e-04,nan,nan,nan,nan
497,24.85,4.642018167e-04,3.995828000e-04,nan,nan,nan,nan
498,24.9,4.896575382e-04,4.212647995e-04,nan,nan,nan,nan
499,24.95,5.163632820e-04,4.439972855e-04,nan,nan,nan,nan
500,25,5.443719366e-04,4.678238844e-04,nan,nan,nan,nan
501,25.05,5.737381677e-04,4.927896442e-04,nan,nan,nan,nan
502,25.1,6.045184552e-04,5.189410620e-04,nan,nan,nan,nan
503,25.15,6.367711288e-04,5.463261101e-04,nan,nan,nan,nan
504,25.2,6.705564038e-04,5.749942618e-04,nan,nan,nan,nan
505,25.25,7.059364161e-04,6.049965168e-04,nan,nan,nan,nan
506,25.3,7.429752564e-04,6.363854256e-04,nan,nan,nan,nan
507,25.35,7.817390039e-04,6.692151135e-04,nan,nan,nan,nan
508,25.4,8.222957592e-04,7.035413041e-04,nan,nan,nan,nan
509,25.45,8.647156762e-04,7.394213410e-04,nan,nan,nan,nan
510,25.5,9.090709931e-04,7.769142094e-04,nan,nan,nan,nan
511,25.55,9.554360627e-04,8.160805567e-04,nan,nan,nan,nan
512,25.6,1.003887381e-03,8.569827116e-04,nan,nan,nan,nan
513,25.65,1.054503613e-03,8.996847022e-04,nan,nan,nan,nan
514,25.7,1.107365623e-03,9.444622480e-04,nan,nan,nan,nan
515,25.75,1.162556497e-03,9.913895081e-04,nan,nan,nan,nan
516,25.8,1.220161563e-03,1.040358105e-03,nan,nan,nan,nan
517,25.85,1.280268419e-03,1.091441337e-03,nan,nan,nan,nan
518,25.9,1.342966949e-03,1.144714369e-03,nan,nan,nan,nan
519,25.95,1.408349340e-03,1.200254248e-03,nan,nan,nan,nan
520,26,1.476728715e-03,1.258139904e-03,nan,nan,nan,nan
521,26.05,1.548357069e-03,1.318452169e-03,nan,nan,nan,nan
522,26.1,1.623012254e-03,1.381273775e-03,nan,nan,nan,nan
523,26.15,1.700798775e-03,1.446689365e-03,nan,nan,nan,nan
524,26.2,1.781823613e-03,1.514785492e-03,nan,nan,nan,nan
525,26.25,1.866196235e-03,1.585650618e-03,nan,nan,nan,nan
526,26.3,1.954028593e-03,1.659375118e-03,nan,nan,nan,nan
527,26.35,2.045435131e-03,1.736051267e-03,nan,nan,nan,nan
528,26.4,2.140532778e-03,1.815773243e-03,nan,nan,nan,nan
529,26.45,2.239440947e-03,1.898637109e-03,nan,nan,nan,nan
530,26.5,2.342281530e-03,1.984740808e-03,nan,nan,nan,nan
531,26.55,2.449178879e-03,2.074184146e-03,nan,nan,nan,nan
532,26.6,2.560259800e-03,2.167068774e-03,nan,nan,nan,nan
533,26.65,2.675653534e-03,2.263498170e-03,nan,nan,nan,nan
534,26.7,2.795491732e-03,2.363577615e-03,nan,nan,nan,nan
535,26.75,2.919908435e-03,2.467414169e-03,nan,nan,nan,nan
536,26.8,3.049040044e-03,2.575116639e-03,nan,nan,nan,nan
537,26.85,3.183025285e-03,2.686795550e-03,nan,nan,nan,nan
538,26.9,3.322005179e-03,2.802563111e-03,nan,nan,nan,nan
539,26.95,3.466122998e-03,2.922533174e-03,nan,nan,nan,nan
540,27,3.615524218e-03,3.046821192e-03,nan,nan,nan,nan
541,27.05,3.770356479e-03,3.175544179e-03,nan,nan,nan,nan
542,27.1,3.930769524e-03,3.309216648e-03,nan,nan,nan,nan
543,27.15,4.096915146e-03,3.448400632e-03,nan,nan,nan,nan
544,27.2,4.268947126e-03,3.592472340e-03,nan,nan,nan,nan
545,27.25,4.447021167e-03,3.741558660e-03,nan,nan,nan,nan
546,27.3,4.631294824e-03,3.895787862e-03,nan,nan,nan,nan
547,27.35,4.821927427e-03,4.055289532e-03,nan,nan,nan,nan
548,27.4,5.019080005e-03,4.220194501e-03,nan,nan,nan,nan
549,27.45,5.222915196e-03,4.390634771e-03,nan,nan,nan,nan
550,27.5,5.433597166e-03,4.566743438e-03,nan,nan,nan,nan
551,27.55,5.651291507e-03,4.748654605e-03,nan,nan,nan,nan
552,27.6,5.876165142e-03,4.936503303e-03,nan,nan,nan,nan
553,27.65,6.109928100e-03,5.130425395e-03,nan,nan,nan,nan
554,27.7,6.351578875e-03,5.330557486e-03,nan,nan,nan,nan
555,27.75,6.601045921e-03,5.537036823e-03,nan,nan,nan,nan
556,27.8,6.858505315e-03,5.750001197e-03,nan,nan,nan,nan
557,27.85,7.124133966e-03,5.969588832e-03,nan,nan,nan,nan
558,27.9,7.398109492e-03,6.195938282e-03,nan,nan,nan,nan
559,27.95,7.680610076e-03,6.429188316e-03,nan,nan,nan,nan
560,28,7.971814331e-03,6.669477801e-03,nan,nan,nan,nan
561,28.05,8.271901152e-03,6.916945583e-03,nan,nan,nan,nan
562,28.1,8.581049562e-03,7.171730364e-03,nan,nan,nan,nan
563,28.15,8.899438562e-03,7.433970573e-03,nan,nan,nan,nan
564,28.2,9.227246965e-03,7.703804241e-03,nan,nan,nan,nan
565,28.25,9.564653235e-03,7.981368859e-03,nan,nan,nan,nan
566,28.3,9.911835317e-03,8.266801252e-03,nan,nan,nan,nan
567,28.35,1.026897046e-02,8.560237429e-03,nan,nan,nan,nan
568,28.4,1.063623505e-02,8.861812448e-03,nan,nan,nan,nan
569,28.45,1.101380441e-02,9.171660267e-03,nan,nan,nan,nan
570,28.5,1.140185264e-02,9.489913596e-03,nan,nan,nan,nan
571,28.55,1.180055238e-02,9.816703748e-03,nan,nan,nan,nan
572,28.6,1.221007469e-02,1.015216048e-02,nan,nan,nan,nan
573,28.65,1.263058878e-02,1.049641186e-02,nan,nan,nan,nan
574,28.7,1.306226186e-02,1.084958407e-02,nan,nan,nan,nan
575,28.75,1.350525891e-02,1.121180127e-02,nan,nan,nan,nan
576,28.8,1.395974249e-02,1.158318546e-02,nan,nan,nan,nan
577,28.85,1.442587253e-02,1.196385627e-02,nan,nan,nan,nan
578,28.9,1.490380610e-02,1.235663332e-02,nan,nan,nan,nan
579,28.95,1.539369722e-02,1.275960668e-02,nan,nan,nan,nan
580,29,1.589569664e-02,1.317238809e-02,nan,nan,nan,nan
581,29.05,1.640995163e-02,1.359509032e-02,nan,nan,nan,nan
582,29.1,1.693660575e-02,1.402782290e-02,nan,nan,nan,nan
583,29.15,1.747579863e-02,1.447069197e-02,nan,nan,nan,nan
584,29.2,1.802766575e-02,1.492380007e-02,nan,nan,nan,nan
585,29.25,1.859233826e-02,1.538724601e-02,nan,nan,nan,nan
586,29.3,1.916994269e-02,1.586112465e-02,nan,nan,nan,nan
587,29.35,1.976060081e-02,1.634552677e-02,nan,nan,nan,nan
588,29.4,2.036442933e-02,1.684053885e-02,nan,nan,nan,nan
589,29.45,2.098153975e-02,1.734624295e-02,nan,nan,nan,nan
590,29.5,2.161203810e-02,1.786271650e-02,nan,nan,nan,nan
591,29.55,2.225602476e-02,1.839003216e-02,nan,nan,nan,nan
592,29.6,2.291359420e-02,1.892825761e-02,nan,nan,nan,nan
593,29.65,2.358483482e-02,1.947745545e-02,nan,nan,nan,nan
594,29.7,2.426982869e-02,2.003768300e-02,nan,nan,nan,nan
595,29.75,2.496865141e-02,2.060899211e-02,nan,nan,nan,nan
596,29.8,2.568137182e-02,2.119142910e-02,nan,nan,nan,nan
597,29.85,2.640805190e-02,2.178503450e-02,nan,nan,nan,nan
598,29.9,2.714874648e-02,2.238984297e-02,nan,nan,nan,nan
599,29.95,2.790350312e-02,2.300588315e-02,nan,nan,nan,nan
600,30,2.867264028e-02,2.363317748e-02,nan,nan,nan,nan
601,30.05,2.946038772e-02,2.427174213e-02,nan,nan,nan,nan
602,30.1,3.026246692e-02,2.492158678e-02,nan,nan,nan,nan
603,30.15,3.107889457e-02,2.558271460e-02,nan,nan,nan,nan
604,30.2,3.190967893e-02,2.625512206e-02,nan,nan,nan,nan
605,30.25,3.275481973e-02,2.693879881e-02,nan,nan,nan,nan
606,30.3,3.361430800e-02,2.763372763e-02,nan,nan,nan,nan
607,30.35,3.448812589e-02,2.833988427e-02,nan,nan,nan,nan
608,30.4,3.537624657e-02,2.905723740e-02,nan,nan,nan,nan
609,30.45,3.627863408e-02,2.978574848e-02,nan,nan,nan,nan
610,30.5,3.719524322e-02,3.052537171e-02,nan,nan,nan,nan
611,30.55,3.812601941e-02,3.127605394e-02,nan,nan,nan,nan
612,30.6,3.907089861e-02,3.203773462e-02,nan,nan,nan,nan
613,30.65,4.002980723e-02,3.281034571e-02,nan,nan,nan,nan
614,30.7,4.100266201e-02,3.359381165e-02,nan,nan,nan,nan
615,30.75,4.198936997e-02,3.438804933e-02,nan,nan,nan,nan
616,30.8,4.298982835e-02,3.519296801e-02,nan,nan,nan,nan
617,30.85,4.400392455e-02,3.600846935e-02,nan,nan,nan,nan
618,30.9,4.503153607e-02,3.683444734e-02,nan,nan,nan,nan
619,30.95,4.607253049e-02,3.767078832e-02,nan,nan,nan,nan
620,31,4.712676546e-02,3.851737098e-02,nan,nan,nan,nan
621,31.05,4.819408868e-02,3.937406635e-02,nan,nan,nan,nan
622,31.1,4.927433789e-02,4.024073783e-02,nan,nan,nan,nan
623,31.15,5.036734090e-02,4.111724122e-02,nan,nan,nan,nan
624,31.2,5.147291562e-02,4.200342472e-02,nan,nan,nan,nan
625,31.25,5.259087008e-02,4.289912905e-02,nan,nan,nan,nan
626,31.3,5.372100249e-02,4.380418741e-02,nan,nan,nan,nan
627,31.35,5.486310131e-02,4.471842563e-02,nan,nan,nan,nan
628,31.4,5.601694531e-02,4.564166217e-02,nan,nan,nan,nan
629,31.45,5.718230366e-02,4.657370826e-02,nan,nan,nan,nan
630,31.5,5.835893603e-02,4.751436794e-02,nan,nan,nan,nan
631,31.55,5.954659274e-02,4.846343822e-02,nan,nan,nan,nan
632,31.6,6.074501480e-02,4.942070913e-02,nan,nan,nan,nan
633,31.65,6.195393414e-02,5.038596387e-02,nan,nan,nan,nan
634,31.7,6.317307368e-02,5.135897895e-02,nan,nan,nan,nan
635,31.75,6.440214756e-02,5.233952430e-02,nan,nan,nan,nan
636,31.8,6.564086127e-02,5.332736342e-02,nan,nan,nan,nan
637,31.85,6.688891184e-02,5.432225357e-02,nan,nan,nan,nan
638,31.9,6.814598804e-02,5.532394587e-02,nan,nan,nan,nan
639,31.95,6.941177062e-02,5.633218553e-02,nan,nan,nan,nan
640,32,7.068593248e-02,5.734767698e-02,nan,nan,nan,nan
641,32.05,7.196813893e-02,5.837340598e-02,nan,nan,nan,nan
642,32.1,7.325804794e-02,5.940491501e-02,nan,nan,nan,nan
643,32.15,7.455531038e-02,6.044192180e-02,nan,nan,nan,nan
644,32.2,7.585957027e-02,6.148413899e-02,nan,nan,nan,nan
645,32.25,7.717046509e-02,6.253127443e-02,nan,nan,nan,nan
646,32.3,7.848762605e-02,6.358303136e-02,nan,nan,nan,nan
647,32.35,7.981067836e-02,6.463910866e-02,nan,nan,nan,nan
648,32.4,8.113924156e-02,6.569920115e-02,nan,nan,nan,nan
649,32.45,8.247292983e-02,6.676299974e-02,nan,nan,nan,nan
650,32.5,8.381135230e-02,6.783019182e-02,nan,nan,nan,nan
651,32.55,8.515411337e-02,6.890046141e-02,nan,nan,nan,nan
652,32.6,8.650081309e-02,6.997348949e-02,nan,nan,nan,nan
653,32.65,8.785104743e-02,7.104895428e-02,nan,nan,nan,nan
654,32.7,8.920440869e-02,7.212653148e-02,nan,nan,nan,nan
655,32.75,9.056048585e-02,7.320589460e-02,nan,nan,nan,nan
656,32.8,9.191886487e-02,7.428671521e-02,nan,nan,nan,nan
657,32.85,9.327912916e-02,7.536866326e-02,nan,nan,nan,nan
658,32.9,9.464085985e-02,7.645140736e-02,nan,nan,nan,nan
659,32.95,9.600363621e-02,7.753461506e-02,nan,nan,nan,nan
660,33,9.736703605e-02,7.861795318e-02,nan,nan,nan,nan
661,33.05,9.873063607e-02,7.970108811e-02,nan,nan,nan,nan
662,33.1,1.000940122e-01,8.078368608e-02,nan,nan,nan,nan
663,33.15,1.014567402e-01,8.186541346e-02,nan,nan,nan,nan
664,33.2,1.028183956e-01,8.294593713e-02,nan,nan,nan,nan
665,33.25,1.041785547e-01,8.402492470e-02,nan,nan,nan,nan
666,33.3,1.055367943e-01,8.510204484e-02,nan,nan,nan,nan
667,33.35,1.068926928e-01,8.617696760e-02,nan,nan,nan,nan
668,33.4,1.082458298e-01,8.724936469e-02,nan,nan,nan,nan
669,33.45,1.095957872e-01,8.831890977e-02,nan,nan,nan,nan
670,33.5,1.109421491e-01,8.938527878e-02,nan,nan,nan,nan
671,33.55,1.122845024e-01,9.044815017e-02,nan,nan,nan,nan
672,33.6,1.136224372e-01,9.150720526e-02,nan,nan,nan,nan
673,33.65,1.149555470e-01,9.256212845e-02,nan,nan,nan,nan
674,33.7,1.162834292e-01,9.361260758e-02,nan,nan,nan,nan
675,33.75,1.176056855e-01,9.465833414e-02,nan,nan,nan,nan
676,33.8,1.189219222e-01,9.569900356e-02,nan,nan,nan,nan
677,33.85,1.202317503e-01,9.673431550e-02,nan,nan,nan,nan
678,33.9,1.215347865e-01,9.776397408e-02,nan,nan,nan,nan
679,33.95,1.228306528e-01,9.878768815e-02,nan,nan,nan,nan
680,34,1.241189773e-01,9.980517154e-02,nan,nan,nan,nan
681,34.05,1.253993945e-01,1.008161433e-01,nan,nan,nan,nan
682,34.1,1.266715452e-01,1.018203279e-01,nan,nan,nan,nan
683,34.15,1.279350774e-01,1.028174554e-01,nan,nan,nan,nan
684,34.2,1.291896461e-01,1.038072620e-01,nan,nan,nan,nan
685,34.25,1.304349139e-01,1.047894898e-01,nan,nan,nan,nan
686,34.3,1.316705512e-01,1.057638873e-01,nan,nan,nan,nan
687,34.35,1.328962364e-01,1.067302093e-01,nan,nan,nan,nan
688,34.4,1.341116560e-01,1.076882176e-01,nan,nan,nan,nan
689,34.45,1.353165053e-01,1.086376806e-01,nan,nan,nan,nan
690,34.5,1.365104883e-01,1.095783739e-01,nan,nan,nan,nan
691,34.55,1.376933179e-01,1.105100801e-01,nan,nan,nan,nan
692,34.6,1.388647162e-01,1.114325892e-01,nan,nan,nan,nan
693,34.65,1.400244147e-01,1.123456989e-01,nan,nan,nan,nan
694,34.7,1.411721546e-01,1.132492140e-01,nan,nan,nan,nan
695,34.75,1.423076865e-01,1.141429475e-01,nan,nan,nan,nan
696,34.8,1.434307713e-01,1.150267199e-01,nan,nan,nan,nan
697,34.85,1.445411797e-01,1.159003598e-01,nan,nan,nan,nan
698,34.9,1.456386925e-01,1.167637036e-01,nan,nan,nan,nan
699,34.95,1.467231010e-01,1.176165960e-01,nan,nan,nan,nan
700,35,1.477942067e-01,1.184588897e-01,nan,nan,nan,nan
701,35.05,1.488518216e-01,1.192904456e-01,nan,nan,nan,nan
702,35.1,1.498957685e-01,1.201111328e-01,nan,nan,nan,nan
703,35.15,1.509258804e-01,1.209208289e-01,nan,nan,nan,nan
704,35.2,1.519420012e-01,1.217194195e-01,nan,nan,nan,nan
705,35.25,1.529439855e-01,1.225067986e-01,nan,nan,nan,nan
706,35.3,1.539316984e-01,1.232828687e-01,nan,nan,nan,nan
707,35.35,1.549050161e-01,1.240475403e-01,nan,nan,nan,nan
708,35.4,1.558638251e-01,1.248007325e-01,nan,nan,nan,nan
709,35.45,1.568080229e-01,1.255423724e-01,nan,nan,nan,nan
710,35.5,1.577375174e-01,1.262723954e-01,nan,nan,nan,nan
711,35.55,1.586522273e-01,1.269907451e-01,nan,nan,nan,nan
712,35.6,1.595520819e-01,1.276973733e-01,nan,nan,nan,nan
713,35.65,1.604370207e-01,1.283922396e-01,nan,nan,nan,nan
714,35.7,1.613069939e-01,1.290753120e-01,nan,nan,nan,nan
715,35.75,1.621619618e-01,1.297465659e-01,nan,nan,nan,nan
716,35.8,1.630018950e-01,1.304059849e-01,nan,nan,nan,nan
717,35.85,1.638267742e-01,1.310535601e-01,nan,nan,nan,nan
718,35.9,1.646365901e-01,1.316892902e-01,nan,nan,nan,nan
719,35.95,1.654313429e-01,1.323131814e-01,nan,nan,nan,nan
720,36,1.662110428e-01,1.329252474e-01,nan,nan,nan,nan
721,36.05,1.669757093e-01,1.335255090e-01,nan,nan,nan,nan
722,36.1,1.677253715e-01,1.341139940e-01,nan,nan,nan,nan
723,36.15,1.684600672e-01,1.346907372e-01,nan,nan,nan,nan
724,36.2,1.691798435e-01,1.352557803e-01,nan,nan,nan,nan
725,36.25,1.698847563e-01,1.358091716e-01,nan,nan,nan,nan
726,36.3,1.705748698e-01,1.363509657e-01,nan,nan,nan,nan
727,36.35,1.712502567e-01,1.368812237e-01,nan,nan,nan,nan
728,36.4,1.719109978e-01,1.374000127e-01,nan,nan,nan,nan
729,36.45,1.725571818e-01,1.379074059e-01,nan,nan,nan,nan
730,36.5,1.731889052e-01,1.384034822e-01,nan,nan,nan,nan
731,36.55,1.738062717e-01,1.388883260e-01,nan,nan,nan,nan
732,36.6,1.744093924e-01,1.393620272e-01,nan,nan,nan,nan
733,36.65,1.749983851e-01,1.398246809e-01,nan,nan,nan,nan
734,36.7,1.755733745e-01,1.402763871e-01,nan,nan,nan,nan
735,36.75,1.761344918e-01,1.407172508e-01,nan,nan,nan,nan
736,36.8,1.766818740e-01,1.411473815e-01,nan,nan,nan,nan
737,36.85,1.772156645e-01,1.415668931e-01,nan,nan,nan,nan
738,36.9,1.777360120e-01,1.419804960e-01,nan,nan,nan,nan
739,36.95,1.782430706e-01,1.423854251e-01,nan,nan,nan,nan
740,37,1.787369997e-01,1.427801146e-01,nan,nan,nan,nan
741,37.05,1.792179635e-01,1.431646890e-01,nan,nan,nan,nan
742,37.1,1.796861307e-01,1.435392763e-01,nan,nan,nan,nan
743,37.15,1.801416742e-01,1.439040078e-01,nan,nan,nan,nan
744,37.2,1.805847712e-01,1.442590178e-01,nan,nan,nan,nan
745,37.25,1.810156025e-01,1.446044434e-01,nan,nan,nan,nan
746,37.3,1.814343524e-01,1.449404246e-01,nan,nan,nan,nan
747,37.35,1.818412085e-01,1.452671037e-01,nan,nan,nan,nan
748,37.4,1.822363614e-01,1.455846253e-01,nan,nan,nan,nan
749,37.45,1.826200042e-01,1.458931362e-01,nan,nan,nan,nan
750,37.5,1.829923328e-01,1.461927850e-01,nan,nan,nan,nan
751,37.55,1.833535449e-01,1.464837220e-01,nan,nan,nan,nan
752,37.6,1.837038405e-01,1.467660992e-01,nan,nan,nan,nan
753,37.65,1.840434211e-01,1.470400696e-01,nan,nan,nan,nan
754,37.7,1.843724897e-01,1.473057877e-01,nan,nan,nan,nan
755,37.75,1.846912504e-01,1.475634088e-01,nan,nan,nan,nan
756,37.8,1.849999085e-01,1.478130890e-01,nan,nan,nan,nan
757,37.85,1.852986697e-01,1.480549851e-01,nan,nan,nan,nan
758,37.9,1.855877407e-01,1.482892543e-01,nan,nan,nan,nan
759,37.95,1.858673281e-01,1.485160542e-01,nan,nan,nan,nan
760,38,1.861376386e-01,1.487355424e-01,nan,nan,nan,nan
761,38.05,1.863988791e-01,1.489478766e-01,nan,nan,nan,nan
762,38.1,1.866512558e-01,1.491532144e-01,nan,nan,nan,nan
763,38.15,1.868949745e-01,1.493517129e-01,nan,nan,nan,nan
764,38.2,1.871302405e-01,1.495435288e-01,nan,nan,nan,nan
765,38.25,1.873572578e-01,1.497288183e-01,nan,nan,nan,nan
766,38.3,1.875762297e-01,1.499077368e-01,nan,nan,nan,nan
767,38.35,1.877873579e-01,1.500804388e-01,nan,nan,nan,nan
768,38.4,1.879972863e-01,1.502470780e-01,nan,nan,nan,nan
769,38.45,1.882008486e-01,1.504078068e-01,nan,nan,nan,nan
770,38.5,1.883970256e-01,1.505627766e-01,nan,nan,nan,nan
771,38.55,1.885860113e-01,1.507121372e-01,nan,nan,nan,nan
772,38.6,1.887679978e-01,1.508560373e-01,nan,nan,nan,nan
773,38.65,1.889431754e-01,1.509946239e-01,nan,nan,nan,nan
774,38.7,1.891117323e-01,1.511280424e-01,nan,nan,nan,nan
775,38.75,1.892738545e-01,1.512564366e-01,nan,nan,nan,nan
776,38.8,1.894297256e-01,1.513799483e-01,nan,nan,nan,nan
777,38.85,1.895795272e-01,1.514987177e-01,nan,nan,nan,nan
778,38.9,1.897234379e-01,1.516128829e-01,nan,nan,nan,nan
779,38.95,1.898616340e-01,1.517225800e-01,nan,nan,nan,nan
780,39,1.899942892e-01,1.518279433e-01,nan,nan,nan,nan
781,39.05,1.901215742e-01,1.519291046e-01,nan,nan,nan,nan
782,39.1,1.902436570e-01,1.520261937e-01,nan,nan,nan,nan
783,39.15,1.903607028e-01,1.521193383e-01,nan,nan,nan,nan
784,39.2,1.904728737e-01,1.522086635e-01,nan,nan,nan,nan
785,39.25,1.905803288e-01,1.522942925e-01,nan,nan,nan,nan
786,39.3,1.906832243e-01,1.523763459e-01,nan,nan,nan,nan
787,39.35,1.907817132e-01,1.524549420e-01,nan,nan,nan,nan
788,39.4,1.908759453e-01,1.525301966e-01,nan,nan,nan,nan
789,39.45,1.909660674e-01,1.526022232e-01,nan,nan,nan,nan
790,39.5,1.910522229e-01,1.526711329e-01,nan,nan,nan,nan
791,39.55,1.911345521e-01,1.527370342e-01,nan,nan,nan,nan
792,39.6,1.912131922e-01,1.528000333e-01,nan,nan,nan,nan
793,39.65,1.912882770e-01,1.528602337e-01,nan,nan,nan,nan
794,39.7,1.913599371e-01,1.529177367e-01,nan,nan,nan,nan
795,39.75,1.914282998e-01,1.529726409e-01,nan,nan,nan,nan
796,39.8,1.914934894e-01,1.530250425e-01,nan,nan,nan,nan
797,39.85,1.915556267e-01,1.530750354e-01,nan,nan,nan,nan
798,39.9,1.916148293e-01,1.531227107e-01,nan,nan,nan,nan
799,39.95,1.916712119e-01,1.531681574e-01,nan,nan,nan,nan
800,40,1.917248856e-01,1.532114618e-01,nan,nan,nan,nan
801,40.05,1.917759586e-01,1.532527080e-01,nan,nan,nan,nan
802,40.1,1.918245361e-01,1.532919776e-01,nan,nan,nan,nan
803,40.15,1.918707198e-01,1.533293499e-01,nan,nan,nan,nan
804,40.2,1.919146086e-01,1.533649017e-01,nan,nan,nan,nan
805,40.25,1.919562985e-01,1.533987077e-01,nan,nan,nan,nan
806,40.3,1.919958821e-01,1.534308401e-01,nan,nan,nan,nan
807,40.35,1.920334494e-01,1.534613691e-01,nan,nan,nan,nan
808,40.4,1.920690873e-01,1.534903624e-01,nan,nan,nan,nan
809,40.45,1.921028800e-01,1.535178858e-01,nan,nan,nan,nan
810,40.5,1.921349087e-01,1.535440025e-01,nan,nan,nan,nan
811,40.55,1.921652521e-01,1.535687741e-01,nan,nan,nan,nan
812,40.6,1.921939858e-01,1.535922598e-01,nan,nan,nan,nan
813,40.65,1.922211830e-01,1.536145169e-01,nan,nan,nan,nan
814,40.7,1.922469143e-01,1.536356005e-01,nan,nan,nan,nan
815,40.75,1.922712476e-01,1.536555640e-01,nan,nan,nan,nan
816,40.8,1.922942484e-01,1.536744587e-01,nan,nan,nan,nan
817,40.85,1.923159797e-01,1.536923340e-01,nan,nan,nan,nan
818,40.9,1.923365022e-01,1.537092377e-01,nan,nan,nan,nan
819,40.95,1.923558741e-01,1.537252156e-01,nan,nan,nan,nan
820,41,1.923741516e-01,1.537403118e-01,nan,nan,nan,nan
821,41.05,1.923985977e-01,1.537545686e-01,nan,nan,nan,nan
822,41.1,1.924227289e-01,1.537680268e-01,nan,nan,nan,nan
823,41.15,1.924455237e-01,1.537807255e-01,nan,nan,nan,nan
824,41.2,1.924670458e-01,1.537927023e-01,nan,nan,nan,nan
825,41.25,1.924873564e-01,1.538039931e-01,nan,nan,nan,nan
826,41.3,1.925065147e-01,1.538146325e-01,nan,nan,nan,nan
827,41.35,1.925245773e-01,1.538246536e-01,nan,nan,nan,nan
828,41.4,1.925415985e-01,1.538340880e-01,nan,nan,nan,nan
829,41.45,1.925576306e-01,1.538429661e-01,nan,nan,nan,nan
830,41.5,1.925727236e-01,1.538513169e-01,nan,nan,nan,nan
831,41.55,1.925869256e-01,1.538591680e-01,nan,nan,nan,nan
832,41.6,1.926002824e-01,1.538665461e-01,nan,nan,nan,nan
833,41.65,1.926128382e-01,1.538734765e-01,nan,nan,nan,nan
834,41.7,1.926246350e-01,1.538799832e-01,nan,nan,nan,nan
835,41.75,1.926357131e-01,1.538860894e-01,nan,nan,nan,nan
836,41.8,1.926461110e-01,1.538933987e-01,nan,nan,nan,nan
837,41.85,1.926558655e-01,1.539031630e-01,nan,nan,nan,nan
838,41.9,1.926650117e-01,1.539123479e-01,nan,nan,nan,nan
839,41.95,1.926735830e-01,1.539209838e-01,nan,nan,nan,nan
840,42,1.926816115e-01,1.539290996e-01,nan,nan,nan,nan
841,42.05,1.926891274e-01,1.539367230e-01,nan,nan,nan,nan
842,42.1,1.926961599e-01,1.539438805e-01,nan,nan,nan,nan
843,42.15,1.927027365e-01,1.539505972e-01,nan,nan,nan,nan
844,42.2,1.927088835e-01,1.539568974e-01,nan,nan,nan,nan
845,42.25,1.927146257e-01,1.539628038e-01,nan,nan,nan,nan
846,42.3,1.927199870e-01,1.539683385e-01,nan,nan,nan,nan
847,42.35,1.927249899e-01,1.539735222e-01,nan,nan,nan,nan
848,42.4,1.927296557e-01,1.539783749e-01,nan,nan,nan,nan
849,42.45,1.927340046e-01,1.539829153e-01,nan,nan,nan,nan
850,42.5,1.927380560e-01,1.539871615e-01,nan,nan,nan,nan
851,42.55,1.927418281e-01,1.539911305e-01,nan,nan,nan,nan
852,42.6,1.927453380e-01,1.539948386e-01,nan,nan,nan,nan
853,42.65,1.927486021e-01,1.539983010e-01,nan,nan,nan,nan
854,42.7,1.927516359e-01,1.540015326e-01,nan,nan,nan,nan
855,42.75,1.927544539e-01,1.540045469e-01,nan,nan,nan,nan
856,42.8,1.927570699e-01,1.540073573e-01,nan,nan,nan,nan
857,42.85,1.927594969e-01,1.540099762e-01,nan,nan,nan,nan
858,42.9,1.927617472e-01,1.540124152e-01,nan,nan,nan,nan
859,42.95,1.927638324e-01,1.540146856e-01,nan,nan,nan,nan
860,43,1.927657634e-01,1.540167978e-01,nan,nan,nan,nan
861,43.05,1.927675504e-01,1.540187619e-01,nan,nan,nan,nan
862,43.1,1.927692032e-01,1.540205872e-01,nan,nan,nan,nan
863,43.15,1.927707308e-01,1.540222826e-01,nan,nan,nan,nan
864,43.2,1.927721417e-01,1.540238565e-01,nan,nan,nan,nan
865,43.25,1.927734441e-01,1.540253167e-01,nan,nan,nan,nan
866,43.3,1.927746454e-01,1.540266708e-01,nan,nan,nan,nan
867,43.35,1.927758233e-01,1.540279258e-01,nan,nan,nan,nan
868,43.4,1.927771001e-01,1.540290881e-01,nan,nan,nan,nan
869,43.45,1.927782777e-01,1.540301641e-01,nan,nan,nan,nan
870,43.5,1.927793630e-01,1.540311595e-01,nan,nan,nan,nan
871,43.55,1.927803626e-01,1.540320800e-01,nan,nan,nan,nan
872,43.6,1.927812826e-01,1.540329305e-01,nan,nan,nan,nan
873,43.65,1.927821287e-01,1.540337160e-01,nan,nan,nan,nan
874,43.7,1.927829062e-01,1.540344409e-01,nan,nan,nan,nan
875,43.75,1.927836203e-01,1.540351096e-01,nan,nan,nan,nan
876,43.8,1.927842755e-01,1.540357260e-01,nan,nan,nan,nan
877,43.85,1.927848763e-01,1.540362939e-01,nan,nan,nan,nan
878,43.9,1.927854268e-01,1.540368167e-01,nan,nan,nan,nan
879,43.95,1.927859308e-01,1.540372977e-01,nan,nan,nan,nan
880,44,1.927863917e-01,1.540377400e-01,nan,nan,nan,nan
881,44.05,1.927868131e-01,1.540381465e-01,nan,nan,nan,nan
882,44.1,1.927871978e-01,1.540385197e-01,nan,nan,nan,nan
883,44.15,1.927875488e-01,1.540388621e-01,nan,nan,nan,nan
884,44.2,1.927878688e-01,1.540391762e-01,nan,nan,nan,nan
885,44.25,1.927881602e-01,1.540394639e-01,nan,nan,nan,nan
886,44.3,1.927884254e-01,1.540397275e-01,nan,nan,nan,nan
887,44.35,1.927886664e-01,1.540399686e-01,nan,nan,nan,nan
888,44.4,1.927888853e-01,1.540401892e-01,nan,nan,nan,nan
889,44.45,1.927890839e-01,1.540403907e-01,nan,nan,nan,nan
890,44.5,1.927892638e-01,1.540405747e-01,nan,nan,nan,nan
891,44.55,1.927894268e-01,1.540407425e-01,nan,nan,nan,nan
892,44.6,1.927895741e-01,1.540408956e-01,nan,nan,nan,nan
893,44.65,1.927897071e-01,1.540410350e-01,nan,nan,nan,nan
894,44.7,1.927898271e-01,1.540411619e-01,nan,nan,nan,nan
895,44.75,1.927899353e-01,1.540412774e-01,nan,nan,nan,nan
896,44.8,1.927900326e-01,1.540413823e-01,nan,nan,nan,nan
897,44.85,1.927901201e-01,1.540414776e-01,nan,nan,nan,nan
898,44.9,1.927901986e-01,1.540415640e-01,nan,nan,nan,nan
899,44.95,1.927902690e-01,1.540416424e-01,nan,nan,nan,nan
900,45,1.927903319e-01,1.540417133e-01,nan,nan,nan,nan
901,45.05,1.927903882e-01,1.540417776e-01,nan,nan,nan,nan
902,45.1,1.927904384e-01,1.540418356e-01,nan,nan,nan,nan
903,45.15,1.927904831e-01,1.540418881e-01,nan,nan,nan,nan
904,45.2,1.927905228e-01,1.540419355e-01,nan,nan,nan,nan
905,45.25,1.927905581e-01,1.540419782e-01,nan,nan,nan,nan
906,45.3,1.927905893e-01,1.540420166e-01,nan,nan,nan,nan
907,45.35,1.927906170e-01,1.540420513e-01,nan,nan,nan,nan
908,45.4,1.927906413e-01,1.540420824e-01,nan,nan,nan,nan
909,45.45,1.927906628e-01,1.540421104e-01,nan,nan,nan,nan
910,45.5,1.927906817e-01,1.540421355e-01,nan,nan,nan,nan
911,45.55,1.927906982e-01,1.540421581e-01,nan,nan,nan,nan
912,45.6,1.927907126e-01,1.540421783e-01,nan,nan,nan,nan
913,45.65,1.927907252e-01,1.540421964e-01,nan,nan,nan,nan
914,45.7,1.927907362e-01,1.540422126e-01,nan,nan,nan,nan
915,45.75,1.927907457e-01,1.540422271e-01,nan,nan,nan,nan
916,45.8,1.927907539e-01,1.540422401e-01,nan,nan,nan,nan
917,45.85,1.927907610e-01,1.540422516e-01,nan,nan,nan,nan
918,45.9,1.927907672e-01,1.540422620e-01,nan,nan,nan,nan
919,45.95,1.927907724e-01,1.540422713e-01,nan,nan,nan,nan
920,46,1.927907770e-01,1.540422795e-01,nan,nan,nan,nan
921,46.05,1.927907808e-01,1.540422869e-01,nan,nan,nan,nan
922,46.1,1.927907842e-01,1.540422936e-01,nan,nan,nan,nan
923,46.15,1.927907870e-01,1.540422995e-01,nan,nan,nan,nan
924,46.2,1.927907894e-01,1.540423048e-01,nan,nan,nan,nan
925,46.25,1.927907915e-01,1.540423096e-01,nan,nan,nan,nan
926,46.3,1.927907934e-01,1.540423140e-01,nan,nan,nan,nan
927,46.35,1.927907950e-01,1.540423179e-01,nan,nan,nan,nan
928,46.4,1.927907964e-01,1.540423214e-01,nan,nan,nan,nan
929,46.45,1.927907977e-01,1.540423247e-01,nan,nan,nan,nan
930,46.5,1.927907988e-01,1.540423277e-01,nan,nan,nan,nan
931,46.55,1.927907999e-01,1.540423305e-01,nan,nan,nan,nan
932,46.6,1.927908010e-01,1.540423330e-01,nan,nan,nan,nan
933,46.65,1.927908020e-01,1.540423355e-01,nan,nan,nan,nan
934,46.7,1.927908030e-01,1.540423378e-01,nan,nan,nan,nan
935,46.75,1.927908040e-01,1.540423399e-01,nan,nan,nan,nan
936,46.8,1.927908051e-01,1.540423420e-01,nan,nan,nan,nan
937,46.85,1.927908062e-01,1.540423441e-01,nan,nan,nan,nan
938,46.9,1.927908074e-01,1.540423461e-01,nan,nan,nan,nan
939,46.95,1.927908086e-01,1.540423480e-01,nan,nan,nan,nan
940,47,1.927908099e-01,1.540423499e-01,nan,nan,nan,nan
941,47.05,1.927908113e-01,1.540423519e-01,nan,nan,nan,nan
942,47.1,1.927908128e-01,1.540423538e-01,nan,nan,nan,nan
943,47.15,1.927908144e-01,1.540423558e-01,nan,nan,nan,nan
944,47.2,1.927908161e-01,1.540423578e-01,nan,nan,nan,nan
945,47.25,1.927908179e-01,1.540423598e-01,nan,nan,nan,nan
946,47.3,1.927908198e-01,1.540423618e-01,nan,nan,nan,nan
947,47.35,1.927908218e-01,1.540423639e-01,nan,nan,nan,nan
948,47.4,1.927908239e-01,1.540423661e-01,nan,nan,nan,nan
949,47.45,1.927908261e-01,1.540423682e-01,nan,nan,nan,nan
950,47.5,1.927908285e-01,1.540423705e-01,nan,nan,nan,nan
951,47.55,1.927908309e-01,1.540423728e-01,nan,nan,nan,nan
952,47.6,1.927908335e-01,1.540423752e-01,nan,nan,nan,nan
953,47.65,1.927908361e-01,1.540423776e-01,nan,nan,nan,nan
954,47.7,1.927908389e-01,1.540423801e-01,nan,nan,nan,nan
955,47.75,1.927908418e-01,1.540423827e-01,nan,nan,nan,nan
956,47.8,1.927908448e-01,1.540423854e-01,nan,nan,nan,nan
957,47.85,1.927908480e-01,1.540423881e-01,nan,nan,nan,nan
958,47.9,1.927908512e-01,1.540423909e-01,nan,nan,nan,nan
959,47.95,1.927908545e-01,1.540423937e-01,nan,nan,nan,nan
960,48,1.927908580e-01,1.540423967e-01,nan,nan,nan,nan
961,48.05,1.927908615e-01,1.540423997e-01,nan,nan,nan,nan
962,48.1,1.927908652e-01,1.540424028e-01,nan,nan,nan,nan
963,48.15,1.927908690e-01,1.540424060e-01,nan,nan,nan,nan
964,48.2,1.927908729e-01,1.540424092e-01,nan,nan,nan,nan
965,48.25,1.927908768e-01,1.540424125e-01,nan,nan,nan,nan
966,48.3,1.927908809e-01,1.540424159e-01,nan,nan,nan,nan
967,48.35,1.927908851e-01,1.540424194e-01,nan,nan,nan,nan
968,48.4,1.927908894e-01,1.540424229e-01,nan,nan,nan,nan
969,48.45,1.927908938e-01,1.540424266e-01,nan,nan,nan,nan
970,48.5,1.927908982e-01,1.540424302e-01,nan,nan,nan,nan
971,48.55,1.927909028e-01,1.540424340e-01,nan,nan,nan,nan
972,48.6,1.927909075e-01,1.540424379e-01,nan,nan,nan,nan
973,48.65,1.927909123e-01,1.540424418e-01,nan,nan,nan,nan
974,48.7,1.927909172e-01,1.540424458e-01,nan,nan,nan,nan
975,48.75,1.927909221e-01,1.540424498e-01,nan,nan,nan,nan
976,48.8,1.927909272e-01,1.540424539e-01,nan,nan,nan,nan
977,48.85,1.927909323e-01,1.540424581e-01,nan,nan,nan,nan
978,48.9,1.927909376e-01,1.540424624e-01,nan,nan,nan,nan
979,48.95,1.927909429e-01,1.540424668e-01,nan,nan,nan,nan
980,49,1.927909483e-01,1.540424712e-01,nan,nan,nan,nan
981,49.05,1.927909538e-01,1.540424757e-01,nan,nan,nan,nan
982,49.1,1.927909594e-01,1.540424802e-01,nan,nan,nan,nan
983,49.15,1.927909651e-01,1.540424848e-01,nan,nan,nan,nan
984,49.2,1.927909708e-01,1.540424895e-01,nan,nan,nan,nan
985,49.25,1.927909767e-01,1.540424942e-01,nan,nan,nan,nan
986,49.3,1.927909826e-01,1.540424990e-01,nan,nan,nan,nan
987,49.35,1.927909886e-01,1.540425039e-01,nan,nan,nan,nan
988,49.4,1.927909947e-01,1.540425088e-01,nan,nan,nan,nan
989,49.45,1.927910008e-01,1.540425138e-01,nan,nan,nan,nan
990,49.5,1.927910070e-01,1.540425189e-01,nan,nan,nan,nan
991,49.55,1.927910133e-01,1.540425240e-01,nan,nan,nan,nan
992,49.6,1.927910197e-01,1.540425292e-01,nan,nan,nan,nan
993,49.65,1.927910262e-01,1.540425344e-01,nan,nan,nan,nan
994,49.7,1.927910327e-01,1.540425396e-01,nan,nan,nan,nan
995,49.75,1.927910393e-01,1.540425450e-01,nan,nan,nan,nan
996,49.8,1.927910459e-01,1.540425504e-01,nan,nan,nan,nan
997,49.85,1.927910527e-01,1.540425558e-01,nan,nan,nan,nan
998,49.9,1.927910594e-01,1.540425613e-01,nan,nan,nan,nan
999,49.95,1.927910663e-01,1.540425668e-01,nan,nan,nan,nan
1000,50,1.927910732e-01,1.540425724e-01,nan,nan,nan,nan
1001,50.05,1.927910802e-01,1.540425780e-01,nan,nan,nan,nan
1002,50.1,1.927910872e-01,1.540425837e-01,nan,nan,nan,nan
1003,50.15,1.927910942e-01,1.540425894e-01,nan,nan,nan,nan
1004,50.2,1.927911014e-01,1.540425951e-01,nan,nan,nan,nan
1005,50.25,1.927911085e-01,1.540426009e-01,nan,nan,nan,nan
1006,50.3,1.927911158e-01,1.540426067e-01,nan,nan,nan,nan
1007,50.35,1.927911230e-01,1.540426126e-01,nan,nan,nan,nan
1008,50.4,1.927911303e-01,1.540426185e-01,nan,nan,nan,nan
1009,50.45,1.927911377e-01,1.540426244e-01,nan,nan,nan,nan
1010,50.5,1.927911451e-01,1.540426304e-01,nan,nan,nan,nan
1011,50.55,1.927911525e-01,1.540426363e-01,nan,nan,nan,nan
1012,50.6,1.927911600e-01,1.540426423e-01,nan,nan,nan,nan
1013,50.65,1.927911675e-01,1.540426484e-01,nan,nan,nan,nan
1014,50.7,1.927911750e-01,1.540426544e-01,nan,nan,nan,nan
1015,50.75,1.927911826e-01,1.540426605e-01,nan,nan,nan,nan
1016,50.8,1.927911901e-01,1.540426666e-01,nan,nan,nan,nan
1017,50.85,1.927911977e-01,1.540426727e-01,nan,nan,nan,nan
1018,50.9,1.927912054e-01,1.540426788e-01,nan,nan,nan,nan
1019,50.95,1.927912130e-01,1.540426850e-01,nan,nan,nan,nan
1020,51,1.927912207e-01,1.540426911e-01,nan,nan,nan,nan
1021,51.05,1.927912284e-01,1.540426973e-01,nan,nan,nan,nan
1022,51.1,1.927912361e-01,1.540427035e-01,nan,nan,nan,nan
1023,51.15,1.927912438e-01,1.540427096e-01,nan,nan,nan,nan
1024,51.2,1.927912515e-01,1.540427158e-01,nan,nan,nan,nan
1025,51.25,1.927912592e-01,1.540427220e-01,nan,nan,nan,nan
1026,51.3,1.927912669e-01,1.540427282e-01,nan,nan,nan,nan
1027,51.35,1.927912746e-01,1.540427343e-01,nan,nan,nan,nan
1028,51.4,1.927912823e-01,1.540427405e-01,nan,nan,nan,nan
1029,51.45,1.927912900e-01,1.540427467e-01,nan,nan,nan,nan
1030,51.5,1.927912977e-01,1.540427528e-01,nan,nan,nan,nan
1031,51.55,1.927913054e-01,1.540427590e-01,nan,nan,nan,nan
1032,51.6,1.927913131e-01,1.540427651e-01,nan,nan,nan,nan
1033,51.65,1.927913207e-01,1.540427712e-01,nan,nan,nan,nan
1034,51.7,1.927913284e-01,1.540427774e-01,nan,nan,nan,nan
1035,51.75,1.927913360e-01,1.540427834e-01,nan,nan,nan,nan
1036,51.8,1.927913436e-01,1.540427895e-01,nan,nan,nan,nan
1037,51.85,1.927913512e-01,1.540427956e-01,nan,nan,nan,nan
1038,51.9,1.927913587e-01,1.540428016e-01,nan,nan,nan,nan
1039,51.95,1.927913662e-01,1.540428076e-01,nan,nan,nan,nan
1040,52,1.927913737e-01,1.540428135e-01,nan,nan,nan,nan
1041,52.05,1.927913812e-01,1.540428195e-01,nan,nan,nan,nan
1042,52.1,1.927913886e-01,1.540428254e-01,nan,nan,nan,nan
1043,52.15,1.927913960e-01,1.540428313e-01,nan,nan,nan,nan
1044,52.2,1.927914033e-01,1.540428371e-01,nan,nan,nan,nan
1045,52.25,1.927914106e-01,1.540428429e-01,nan,nan,nan,nan
1046,52.3,1.927914179e-01,1.540428487e-01,nan,nan,nan,nan
1047,52.35,1.927914251e-01,1.540428544e-01,nan,nan,nan,nan
1048,52.4,1.927914322e-01,1.540428601e-01,nan,nan,nan,nan
1049,52.45,1.927914394e-01,1.540428658e-01,nan,nan,nan,nan
1050,52.5,1.927914464e-01,1.540428714e-01,nan,nan,nan,nan
1051,52.55,1.927914534e-01,1.540428770e-01,nan,nan,nan,nan
1052,52.6,1.927914604e-01,1.540428825e-01,nan,nan,nan,nan
1053,52.65,1.927914673e-01,1.540428879e-01,nan,nan,nan,nan
1054,52.7,1.927914741e-01,1.540428934e-01,nan,nan,nan,nan
1055,52.75,1.927914809e-01,1.540428987e-01,nan,nan,nan,nan
1056,52.8,1.927914876e-01,1.540429041e-01,nan,nan,nan,nan
1057,52.85,1.927914942e-01,1.540429093e-01,nan,nan,nan,nan
1058,52.9,1.927915008e-01,1.540429145e-01,nan,nan,nan,nan
1059,52.95,1.927915073e-01,1.540429197e-01,nan,nan,nan,nan
1060,53,1.927915138e-01,1.540429248e-01,nan,nan,nan,nan
1061,53.05,1.927915201e-01,1.540429299e-01,nan,nan,nan,nan
1062,53.1,1.927915265e-01,1.540429348e-01,nan,nan,nan,nan
1063,53.15,1.927915327e-01,1.540429398e-01,nan,nan,nan,nan
1064,53.2,1.927915389e-01,1.540429446e-01,nan,nan,nan,nan
1065,53.25,1.927915449e-01,1.540429495e-01,nan,nan,nan,nan
1066,53.3,1.927915510e-01,1.540429542e-01,nan,nan,nan,nan
1067,53.35,1.927915569e-01,1.540429589e-01,nan,nan,nan,nan
1068,53.4,1.927915627e-01,1.540429635e-01,nan,nan,nan,nan
1069,53.45,1.927915685e-01,1.540429681e-01,nan,nan,nan,nan
1070,53.5,1.927915742e-01,1.540429726e-01,nan,nan,nan,nan
1071,53.55,1.927915799e-01,1.540429770e-01,nan,nan,nan,nan
1072,53.6,1.927915854e-01,1.540429814e-01,nan,nan,nan,nan
1073,53.65,1.927915909e-01,1.540429857e-01,nan,nan,nan,nan
1074,53.7,1.927915962e-01,1.540429899e-01,nan,nan,nan,nan
1075,53.75,1.927916015e-01,1.540429941e-01,nan,nan,nan,nan
1076,53.8,1.927916068e-01,1.540429982e-01,nan,nan,nan,nan
1077,53.85,1.927916119e-01,1.540430022e-01,nan,nan,nan,nan
1078,53.9,1.927916170e-01,1.540430062e-01,nan,nan,nan,nan
1079,53.95,1.927916219e-01,1.540430101e-01,nan,nan,nan,nan
1080,54,1.927916268e-01,1.540430140e-01,nan,nan,nan,nan
1081,54.05,1.927916316e-01,1.540430177e-01,nan,nan,nan,nan
1082,54.1,1.927916363e-01,1.540430215e-01,nan,nan,nan,nan
1083,54.15,1.927916410e-01,1.540430251e-01,nan,nan,nan,nan
1084,54.2,1.927916455e-01,1.540430287e-01,nan,nan,nan,nan
1085,54.25,1.927916500e-01,1.540430322e-01,nan,nan,nan,nan
1086,54.3,1.927916544e-01,1.540430356e-01,nan,nan,nan,nan
1087,54.35,1.927916587e-01,1.540430390e-01,nan,nan,nan,nan
1088,54.4,1.927916629e-01,1.540430423e-01,nan,nan,nan,nan
1089,54.45,1.927916670e-01,1.540430455e-01,nan,nan,nan,nan
1090,54.5,1.927916711e-01,1.540430487e-01,nan,nan,nan,nan
1091,54.55,1.927916751e-01,1.540430518e-01,nan,nan,nan,nan
1092,54.6,1.927916789e-01,1.540430549e-01,nan,nan,nan,nan
1093,54.65,1.927916828e-01,1.540430579e-01,nan,nan,nan,nan
1094,54.7,1.927916865e-01,1.540430608e-01,nan,nan,nan,nan
1095,54.75,1.927916901e-01,1.540430636e-01,nan,nan,nan,nan
1096,54.8,1.927916937e-01,1.540430664e-01,nan,nan,nan,nan
1097,54.85,1.927916972e-01,1.540430691e-01,nan,nan,nan,nan
1098,54.9,1.927917006e-01,1.540430718e-01,nan,nan,nan,nan
1099,54.95,1.927917039e-01,1.540430744e-01,nan,nan,nan,nan
1100,55,1.927917072e-01,1.540430769e-01,nan,nan,nan,nan
1101,55.05,1.927917104e-01,1.540430794e-01,nan,nan,nan,nan
1102,55.1,1.927917135e-01,1.540430819e-01,nan,nan,nan,nan
1103,55.15,1.927917165e-01,1.540430842e-01,nan,nan,nan,nan
1104,55.2,1.927917194e-01,1.540430865e-01,nan,nan,nan,nan
1105,55.25,1.927917223e-01,1.540430888e-01,nan,nan,nan,nan
1106,55.3,1.927917251e-01,1.540430910e-01,nan,nan,nan,nan
1107,55.35,1.927917279e-01,1.540430931e-01,nan,nan,nan,nan
1108,55.4,1.927917305e-01,1.540430952e-01,nan,nan,nan,nan
1109,55.45,1.927917331e-01,1.540430972e-01,nan,nan,nan,nan
1110,55.5,1.927917357e-01,1.540430992e-01,nan,nan,nan,nan
1111,55.55,1.927917381e-01,1.540431011e-01,nan,nan,nan,nan
1112,55.6,1.927917405e-01,1.540431029e-01,nan,nan,nan,nan
1113,55.65,1.927917428e-01,1.540431047e-01,nan,nan,nan,nan
1114,55.7,1.927917451e-01,1.540431065e-01,nan,nan,nan,nan
1115,55.75,1.927917473e-01,1.540431082e-01,nan,nan,nan,nan
1116,55.8,1.927917494e-01,1.540431099e-01,nan,nan,nan,nan
1117,55.85,1.927917515e-01,1.540431115e-01,nan,nan,nan,nan
1118,55.9,1.927917535e-01,1.540431131e-01,nan,nan,nan,nan
1119,55.95,1.927917555e-01,1.540431146e-01,nan,nan,nan,nan
1120,56,1.927917574e-01,1.540431161e-01,nan,nan,nan,nan
1121,56.05,1.927917592e-01,1.540431175e-01,nan,nan,nan,nan
1122,56.1,1.927917610e-01,1.540431189e-01,nan,nan,nan,nan
1123,56.15,1.927917627e-01,1.540431202e-01,nan,nan,nan,nan
1124,56.2,1.927917644e-01,1.540431215e-01,nan,nan,nan,nan
1125,56.25,1.927917660e-01,1.540431228e-01,nan,nan,nan,nan
1126,56.3,1.927917676e-01,1.540431240e-01,nan,nan,nan,nan
1127,56.35,1.927917691e-01,1.540431252e-01,nan,nan,nan,nan
1128,56.4,1.927917706e-01,1.540431263e-01,nan,nan,nan,nan
1129,56.45,1.927917720e-01,1.540431274e-01,nan,nan,nan,nan
1130,56.5,1.927917734e-01,1.540431285e-01,nan,nan,nan,nan
1131,56.55,1.927917747e-01,1.540431295e-01,nan,nan,nan,nan
1132,56.6,1.927917760e-01,1.540431305e-01,nan,nan,nan,nan
1133,56.65,1.927917772e-01,1.540431315e-01,nan,nan,nan,nan
1134,56.7,1.927917784e-01,1.540431324e-01,nan,nan,nan,nan
1135,56.75,1.927917796e-01,1.540431333e-01,nan,nan,nan,nan
1136,56.8,1.927917807e-01,1.540431342e-01,nan,nan,nan,nan
1137,56.85,1.927917818e-01,1.540431350e-01,nan,nan,nan,nan
1138,56.9,1.927917828e-01,1.540431358e-01,nan,nan,nan,nan
1139,56.95,1.927917838e-01,1.540431366e-01,nan,nan,nan,nan
1140,57,1.927917848e-01,1.540431373e-01,nan,nan,nan,nan
1141,57.05,1.927917857e-01,1.540431380e-01,nan,nan,nan,nan
1142,57.1,1.927917866e-01,1.540431387e-01,nan,nan,nan,nan
1143,57.15,1.927917875e-01,1.540431394e-01,nan,nan,nan,nan
1144,57.2,1.927917883e-01,1.540431400e-01,nan,nan,nan,nan
1145,57.25,1.927917891e-01,1.540431406e-01,nan,nan,nan,nan
1146,57.3,1.927917898e-01,1.540431412e-01,nan,nan,nan,nan
1147,57.35,1.927917906e-01,1.540431418e-01,nan,nan,nan,nan
1148,57.4,1.927917913e-01,1.540431423e-01,nan,nan,nan,nan
1149,57.45,1.927917920e-01,1.540431429e-01,nan,nan,nan,nan
1150,57.5,1.927917926e-01,1.540431434e-01,nan,nan,nan,nan
1151,57.55,1.927917932e-01,1.540431439e-01,nan,nan,nan,nan
1152,57.6,1.927917938e-01,1.540431443e-01,nan,nan,nan,nan
1153,57.65,1.927917944e-01,1.540431448e-01,nan,nan,nan,nan
1154,57.7,1.927917949e-01,1.540431452e-01,nan,nan,nan,nan
1155,57.75,1.927917955e-01,1.540431456e-01,nan,nan,nan,nan
1156,57.8,1.927917960e-01,1.540431460e-01,nan,nan,nan,nan
1157,57.85,1.927917964e-01,1.540431463e-01,nan,nan,nan,nan
1158,57.9,1.927917969e-01,1.540431467e-01,nan,nan,nan,nan
1159,57.95,1.927917973e-01,1.540431470e-01,nan,nan,nan,nan
1160,58,1.927917978e-01,1.540431474e-01,nan,nan,nan,nan
1161,58.05,1.927917982e-01,1.540431477e-01,nan,nan,nan,nan
1162,58.1,1.927917985e-01,1.540431480e-01,nan,nan,nan,nan
1163,58.15,1.927917989e-01,1.540431483e-01,nan,nan,nan,nan
1164,58.2,1.927917993e-01,1.540431485e-01,nan,nan,nan,nan
1165,58.25,1.927917996e-01,1.540431488e-01,nan,nan,nan,nan
1166,58.3,1.927917999e-01,1.540431490e-01,nan,nan,nan,nan
1167,58.35,1.927918002e-01,1.540431493e-01,nan,nan,nan,nan
1168,58.4,1.927918005e-01,1.540431495e-01,nan,nan,nan,nan
1169,58.45,1.927918008e-01,1.540431497e-01,nan,nan,nan,nan
1170,58.5,1.927918010e-01,1.540431499e-01,nan,nan,nan,nan
1171,58.55,1.927918013e-01,1.540431501e-01,nan,nan,nan,nan
1172,58.6,1.927918015e-01,1.540431503e-01,nan,nan,nan,nan
1173,58.65,1.927918018e-01,1.540431504e-01,nan,nan,nan,nan
1174,58.7,1.927918020e-01,1.540431506e-01,nan,nan,nan,nan
1175,58.75,1.927918022e-01,1.540431508e-01,nan,nan,nan,nan
1176,58.8,1.927918024e-01,1.540431509e-01,nan,nan,nan,nan
1177,58.85,1.927918026e-01,1.540431511e-01,nan,nan,nan,nan
1178,58.9,1.927918027e-01,1.540431512e-01,nan,nan,nan,nan
1179,58.95,1.927918029e-01,1.540431513e-01,nan,nan,nan,nan
1180,59,1.927918031e-01,1.540431515e-01,nan,nan,nan,nan
1181,59.05,1.927918032e-01,1.540431516e-01,nan,nan,nan,nan
1182,59.1,1.927918034e-01,1.540431517e-01,nan,nan,nan,nan
1183,59.15,1.927918035e-01,1.540431518e-01,nan,nan,nan,nan
1184,59.2,1.927918036e-01,1.540431519e-01,nan,nan,nan,nan
1185,59.25,1.927918037e-01,1.540431520e-01,nan,nan,nan,nan
1186,59.3,1.927918039e-01,1.540431521e-01,nan,nan,nan,nan
1187,59.35,1.927918040e-01,1.540431522e-01,nan,nan,nan,nan
1188,59.4,1.927918041e-01,1.540431523e-01,nan,nan,nan,nan
1189,59.45,1.927918042e-01,1.540431523e-01,nan,nan,nan,nan
1190,59.5,1.927918043e-01,1.540431524e-01,nan,nan,nan,nan
1191,59.55,1.927918044e-01,1.540431525e-01,nan,nan,nan,nan
1192,59.6,1.927918045e-01,1.540431526e-01,nan,nan,nan,nan
1193,59.65,1.927918046e-01,1.540431526e-01,nan,nan,nan,nan
1194,59.7,1.927918046e-01,1.540431527e-01,nan,nan,nan,nan
1195,59.75,1.927918047e-01,1.540431528e-01,nan,nan,nan,nan
1196,59.8,1.927918048e-01,1.540431528e-01,nan,nan,nan,nan
1197,59.85,1.927918049e-01,1.540431529e-01,nan,nan,nan,nan
1198,59.9,1.927918050e-01,1.540431529e-01,nan,nan,nan,nan
1199,59.95,1.927918050e-01,1.540431530e-01,nan,nan,nan,nan
1200,60,1.927918051e-01,1.540431530e-01,nan,nan,nan,nan
1201,60.05,1.927918052e-01,1.540431531e-01,nan,nan,nan,nan
1202,60.1,1.927918052e-01,1.540431531e-01,nan,nan,nan,nan
1203,60.15,1.927918053e-01,1.540431532e-01,nan,nan,nan,nan
1204,60.2,1.927918054e-01,1.540431533e-01,nan,nan,nan,nan
1205,60.25,1.927918054e-01,1.540431533e-01,nan,nan,nan,nan
1206,60.3,1.927918055e-01,1.540431533e-01,nan,nan,nan,nan
1207,60.35,1.927918055e-01,1.540431534e-01,nan,nan,nan,nan
1208,60.4,1.927918056e-01,1.540431534e-01,nan,nan,nan,nan
1209,60.45,1.927918057e-01,1.540431535e-01,nan,nan,nan,nan
1210,60.5,1.927918057e-01,1.540431535e-01,nan,nan,nan,nan
1211,60.55,1.927918058e-01,1.540431536e-01,nan,nan,nan,nan
1212,60.6,1.927918058e-01,1.540431536e-01,nan,nan,nan,nan
1213,60.65,1.927918059e-01,1.540431537e-01,nan,nan,nan,nan
1214,60.7,1.927918059e-01,1.540431537e-01,nan,nan,nan,nan
1215,60.75,1.927918060e-01,1.540431538e-01,nan,nan,nan,nan
1216,60.8,1.927918061e-01,1.540431538e-01,nan,nan,nan,nan
1217,60.85,1.927918061e-01,1.540431539e-01,nan,nan,nan,nan
1218,60.9,1.927918062e-01,1.540431539e-01,nan,nan,nan,nan
1219,60.95,1.927918062e-01,1.540431540e-01,nan,nan,nan,nan
1220,61,1.927918063e-01,1.540431540e-01,nan,nan,nan,nan
1221,61.05,1.927918064e-01,1.540431541e-01,nan,nan,nan,nan
1222,61.1,1.927918064e-01,1.540431541e-01,nan,nan,nan,nan
1223,61.15,1.927918065e-01,1.540431542e-01,nan,nan,nan,nan
1224,61.2,1.927918066e-01,1.540431542e-01,nan,nan,nan,nan
1225,61.25,1.927918066e-01,1.540431543e-01,nan,nan,nan,nan
1226,61.3,1.927918067e-01,1.540431543e-01,nan,nan,nan,nan
1227,61.35,1.927918067e-01,1.540431544e-01,nan,nan,nan,nan
1228,61.4,1.927918068e-01,1.540431545e-01,nan,nan,nan,nan
1229,61.45,1.927918069e-01,1.540431545e-01,nan,nan,nan,nan
1230,61.5,1.927918069e-01,1.540431546e-01,nan,nan,nan,nan
1231,61.55,1.927918070e-01,1.540431546e-01,nan,nan,nan,nan
1232,61.6,1.927918071e-01,1.540431547e-01,nan,nan,nan,nan
1233,61.65,1.927918071e-01,1.540431547e-01,nan,nan,nan,nan
1234,61.7,1.927918072e-01,1.540431548e-01,nan,nan,nan,nan
1235,61.75,1.927918073e-01,1.540431549e-01,nan,nan,nan,nan
1236,61.8,1.927918074e-01,1.540431549e-01,nan,nan,nan,nan
1237,61.85,1.927918074e-01,1.540431550e-01,nan,nan,nan,nan
1238,61.9,1.927918075e-01,1.540431550e-01,nan,nan,nan,nan
1239,61.95,1.927918076e-01,1.540431551e-01,nan,nan,nan,nan
1240,62,1.927918076e-01,1.540431552e-01,nan,nan,nan,nan
1241,62.05,1.927918077e-01,1.540431552e-01,nan,nan,nan,nan
1242,62.1,1.927918078e-01,1.540431553e-01,nan,nan,nan,nan
1243,62.15,1.927918079e-01,1.540431553e-01,nan,nan,nan,nan
1244,62.2,1.927918079e-01,1.540431554e-01,nan,nan,nan,nan
1245,62.25,1.927918080e-01,1.540431555e-01,nan,nan,nan,nan
1246,62.3,1.927918081e-01,1.540431555e-01,nan,nan,nan,nan
1247,62.35,1.927918082e-01,1.540431556e-01,nan,nan,nan,nan
1248,62.4,1.927918082e-01,1.540431556e-01,nan,nan,nan,nan
1249,62.45,1.927918083e-01,1.540431557e-01,nan,nan,nan,nan
1250,62.5,1.927918084e-01,1.540431558e-01,nan,nan,nan,nan
1251,62.55,1.927918084e-01,1.540431558e-01,nan,nan,nan,nan
1252,62.6,1.927918085e-01,1.540431559e-01,nan,nan,nan,nan
1253,62.65,1.927918086e-01,1.540431559e-01,nan,nan,nan,nan
1254,62.7,1.927918086e-01,1.540431560e-01,nan,nan,nan,nan
1255,62.75,1.927918087e-01,1.540431560e-01,nan,nan,nan,nan
1256,62.8,1.927918088e-01,1.540431561e-01,nan,nan,nan,nan
1257,62.85,1.927918088e-01,1.540431562e-01,nan,nan,nan,nan
1258,62.9,1.927918089e-01,1.540431562e-01,nan,nan,nan,nan
1259,62.95,1.927918090e-01,1.540431563e-01,nan,nan,nan,nan
1260,63,1.927918090e-01,1.540431563e-01,nan,nan,nan,nan
1261,63.05,1.927918091e-01,1.540431564e-01,nan,nan,nan,nan
1262,63.1,1.927918091e-01,1.540431564e-01,nan,nan,nan,nan
1263,63.15,1.927918092e-01,1.540431565e-01,nan,nan,nan,nan
1264,63.2,1.927918093e-01,1.540431565e-01,nan,nan,nan,nan
1265,63.25,1.927918093e-01,1.540431566e-01,nan,nan,nan,nan
1266,63.3,1.927918094e-01,1.540431566e-01,nan,nan,nan,nan
1267,63.35,1.927918094e-01,1.540431566e-01,nan,nan,nan,nan
1268,63.4,1.927918095e-01,1.540431567e-01,nan,nan,nan,nan
1269,63.45,1.927918095e-01,1.540431567e-01,nan,nan,nan,nan
1270,63.5,1.927918095e-01,1.540431567e-01,nan,nan,nan,nan
1271,63.55,1.927918096e-01,1.540431568e-01,nan,nan,nan,nan
1272,63.6,1.927918096e-01,1.540431568e-01,nan,nan,nan,nan
1273,63.65,1.927918097e-01,1.540431568e-01,nan,nan,nan,nan
1274,63.7,1.927918097e-01,1.540431569e-01,nan,nan,nan,nan
1275,63.75,1.927918097e-01,1.540431569e-01,nan,nan,nan,nan
1276,63.8,1.927918098e-01,1.540431569e-01,nan,nan,nan,nan
1277,63.85,1.927918098e-01,1.540431569e-01,nan,nan,nan,nan
1278,63.9,1.927918098e-01,1.540431570e-01,nan,nan,nan,nan
1279,63.95,1.927918098e-01,1.540431570e-01,nan,nan,nan,nan
1280,64,1.927918098e-01,1.540431570e-01,nan,nan,nan,nan
1281,64.05,1.927918099e-01,1.540431570e-01,nan,nan,nan,nan
1282,64.1,1.927918099e-01,1.540431570e-01,nan,nan,nan,nan
1283,64.15,1.927918099e-01,1.540431570e-01,nan,nan,nan,nan
1284,64.2,1.927918099e-01,1.540431570e-01,nan,nan,nan,nan
1285,64.25,1.927918099e-01,1.540431570e-01,nan,nan,nan,nan
1286,64.3,1.927918099e-01,1.540431570e-01,nan,nan,nan,nan
1287,64.35,1.927918099e-01,1.540431570e-01,nan,nan,nan,nan
1288,64.4,1.927918099e-01,1.540431570e-01,nan,nan,nan,nan
1289,64.45,1.927918099e-01,1.540431570e-01,nan,nan,nan,nan
1290,64.5,1.927918099e-01,1.540431570e-01,nan,nan,nan,nan
1291,64.55,1.927918098e-01,1.540431570e-01,nan,nan,nan,nan
1292,64.6,1.927918098e-01,1.540431570e-01,nan,nan,nan,nan
1293,64.65,1.927918098e-01,1.540431569e-01,nan,nan,nan,nan
1294,64.7,1.927918098e-01,1.540431569e-01,nan,nan,nan,nan
1295,64.75,1.927918098e-01,1.540431569e-01,nan,nan,nan,nan
1296,64.8,1.927918097e-01,1.540431569e-01,nan,nan,nan,nan
1297,64.85,1.927918097e-01,1.540431569e-01,nan,nan,nan,nan
1298,64.9,1.927918097e-01,1.540431568e-01,nan,nan,nan,nan
1299,64.95,1.927918096e-01,1.540431568e-01,nan,nan,nan,nan
1300,65,1.927918096e-01,1.540431568e-01,nan,nan,nan,nan
1301,65.05,1.927918096e-01,1.540431567e-01,nan,nan,nan,nan
1302,65.1,1.927918095e-01,1.540431567e-01,nan,nan,nan,nan
1303,65.15,1.927918095e-01,1.540431567e-01,nan,nan,nan,nan
1304,65.2,1.927918094e-01,1.540431566e-01,nan,nan,nan,nan
1305,65.25,1.927918094e-01,1.540431566e-01,nan,nan,nan,nan
1306,65.3,1.927918093e-01,1.540431565e-01,nan,nan,nan,nan
1307,65.35,1.927918093e-01,1.540431565e-01,nan,nan,nan,nan
1308,65.4,1.927918092e-01,1.540431564e-01,nan,nan,nan,nan
1309,65.45,1.927918092e-01,1.540431564e-01,nan,nan,nan,nan
1310,65.5,1.927918091e-01,1.540431563e-01,nan,nan,nan,nan
1311,65.55,1.927918090e-01,1.540431563e-01,nan,nan,nan,nan
1312,65.6,1.927918090e-01,1.540431562e-01,nan,nan,nan,nan
1313,65.65,1.927918089e-01,1.540431562e-01,nan,nan,nan,nan
1314,65.7,1.927918088e-01,1.540431561e-01,nan,nan,nan,nan
1315,65.75,1.927918088e-01,1.540431561e-01,nan,nan,nan,nan
1316,65.8,1.927918087e-01,1.540431560e-01,nan,nan,nan,nan
1317,65.85,1.927918086e-01,1.540431560e-01,nan,nan,nan,nan
1318,65.9,1.927918086e-01,1.540431559e-01,nan,nan,nan,nan
1319,65.95,1.927918085e-01,1.540431558e-01,nan,nan,nan,nan
1320,66,1.927918084e-01,1.540431558e-01,nan,nan,nan,nan
1321,66.05,1.927918084e-01,1.540431557e-01,nan,nan,nan,nan
1322,66.1,1.927918083e-01,1.540431557e-01,nan,nan,nan,nan
1323,66.15,1.927918082e-01,1.540431556e-01,nan,nan,nan,nan
1324,66.2,1.927918081e-01,1.540431555e-01,nan,nan,nan,nan
1325,66.25,1.927918081e-01,1.540431555e-01,nan,nan,nan,nan
1326,66.3,1.927918080e-01,1.540431554e-01,nan,nan,nan,nan
1327,66.35,1.927918079e-01,1.540431553e-01,nan,nan,nan,nan
1328,66.4,1.927918078e-01,1.540431553e-01,nan,nan,nan,nan
1329,66.45,1.927918078e-01,1.540431552e-01,nan,nan,nan,nan
1330,66.5,1.927918077e-01,1.540431552e-01,nan,nan,nan,nan
1331,66.55,1.927918076e-01,1.540431551e-01,nan,nan,nan,nan
1332,66.6,1.927918075e-01,1.540431550e-01,nan,nan,nan,nan
1333,66.65,1.927918075e-01,1.540431550e-01,nan,nan,nan,nan
1334,66.7,1.927918074e-01,1.540431549e-01,nan,nan,nan,nan
1335,66.75,1.927918073e-01,1.540431548e-01,nan,nan,nan,nan
1336,66.8,1.927918072e-01,1.540431548e-01,nan,nan,nan,nan
1337,66.85,1.927918072e-01,1.540431547e-01,nan,nan,nan,nan
1338,66.9,1.927918071e-01,1.540431547e-01,nan,nan,nan,nan
1339,66.95,1.927918070e-01,1.540431546e-01,nan,nan,nan,nan
1340,67,1.927918070e-01,1.540431545e-01,nan,nan,nan,nan
1341,67.05,1.927918069e-01,1.540431545e-01,nan,nan,nan,nan
1342,67.1,1.927918068e-01,1.540431544e-01,nan,nan,nan,nan
1343,67.15,1.927918067e-01,1.540431544e-01,nan,nan,nan,nan
1344,67.2,1.927918067e-01,1.540431543e-01,nan,nan,nan,nan
1345,67.25,1.927918066e-01,1.540431543e-01,nan,nan,nan,nan
1346,67.3,1.927918065e-01,1.540431542e-01,nan,nan,nan,nan
1347,67.35,1.927918065e-01,1.540431542e-01,nan,nan,nan,nan
1348,67.4,1.927918064e-01,1.540431541e-01,nan,nan,nan,nan
1349,67.45,1.927918064e-01,1.540431541e-01,nan,nan,nan,nan
1350,67.5,1.927918063e-01,1.540431540e-01,nan,nan,nan,nan
1351,67.55,1.927918062e-01,1.540431540e-01,nan,nan,nan,nan
1352,67.6,1.927918062e-01,1.540431539e-01,nan,nan,nan,nan
1353,67.65,1.927918061e-01,1.540431539e-01,nan,nan,nan,nan
1354,67.7,1.927918061e-01,1.540431538e-01,nan,nan,nan,nan
1355,67.75,1.927918060e-01,1.540431538e-01,nan,nan,nan,nan
1356,67.8,1.927918060e-01,1.540431537e-01,nan,nan,nan,nan
1357,67.85,1.927918059e-01,1.540431537e-01,nan,nan,nan,nan
1358,67.9,1.927918059e-01,1.540431537e-01,nan,nan,nan,nan
1359,67.95,1.927918058e-01,1.540431536e-01,nan,nan,nan,nan
1360,68,1.927918058e-01,1.540431536e-01,nan,nan,nan,nan
1361,68.05,1.927918057e-01,1.540431536e-01,nan,nan,nan,nan
1362,68.1,1.927918057e-01,1.540431535e-01,nan,nan,nan,nan
1363,68.15,1.927918057e-01,1.540431535e-01,nan,nan,nan,nan
1364,68.2,1.927918056e-01,1.540431535e-01,nan,nan,nan,nan
1365,68.25,1.927918056e-01,1.540431534e-01,nan,nan,nan,nan
1366,68.3,1.927918055e-01,1.540431534e-01,nan,nan,nan,nan
1367,68.35,1.927918055e-01,1.540431534e-01,nan,nan,nan,nan
1368,68.4,1.927918055e-01,1.540431533e-01,nan,nan,nan,nan
1369,68.45,1.927918054e-01,1.540431533e-01,nan,nan,nan,nan
1370,68.5,1.927918054e-01,1.540431533e-01,nan,nan,nan,nan
1371,68.55,1.927918054e-01,1.540431533e-01,nan,nan,nan,nan
1372,68.6,1.927918054e-01,1.540431532e-01,nan,nan,nan,nan
1373,68.65,1.927918053e-01,1.540431532e-01,nan,nan,nan,nan
1374,68.7,1.927918053e-01,1.540431532e-01,nan,nan,nan,nan
1375,68.75,1.927918053e-01,1.540431532e-01,nan,nan,nan,nan
1376,68.8,1.927918052e-01,1.540431532e-01,nan,nan,nan,nan
1377,68.85,1.927918052e-01,1.540431532e-01,nan,nan,nan,nan
1378,68.9,1.927918052e-01,1.540431531e-01,nan,nan,nan,nan
1379,68.95,1.927918052e-01,1.540431531e-01,nan,nan,nan,nan
1380,69,1.927918052e-01,1.540431531e-01,nan,nan,nan,nan
1381,69.05,1.927918052e-01,1.540431531e-01,nan,nan,nan,nan
1382,69.1,1.927918051e-01,1.540431531e-01,nan,nan,nan,nan
1383,69.15,1.927918051e-01,1.540431531e-01,nan,nan,nan,nan
1384,69.2,1.927918051e-01,1.540431531e-01,nan,nan,nan,nan
1385,69.25,1.927918051e-01,1.540431531e-01,nan,nan,nan,nan
1386,69.3,1.927918051e-01,1.540431530e-01,nan,nan,nan,nan
1387,69.35,1.927918051e-01,1.540431530e-01,nan,nan,nan,nan
1388,69.4,1.927918051e-01,1.540431530e-01,nan,nan,nan,nan
1389,69.45,1.927918051e-01,1.540431530e-01,nan,nan,nan,nan
1390,69.5,1.927918050e-01,1.540431530e-01,nan,nan,nan,nan
1391,69.55,1.927918050e-01,1.540431530e-01,nan,nan,nan,nan
1392,69.6,1.927918050e-01,1.540431530e-01,nan,nan,nan,nan
1393,69.65,1.927918050e-01,1.540431530e-01,nan,nan,nan,nan
1394,69.7,1.927918050e-01,1.540431530e-01,nan,nan,nan,nan
1395,69.75,1.927918050e-01,1.540431530e-01,nan,nan,nan,nan
1396,69.8,1.927918050e-01,1.540431530e-01,nan,nan,nan,nan
1397,69.85,1.927918050e-01,1.540431530e-01,nan,nan,nan,nan
1398,69.9,1.927918050e-01,1.540431530e-01,nan,nan,nan,nan
1399,69.95,1.927918050e-01,1.540431530e-01,nan,nan,nan,nan
1400,70,1.927918050e-01,1.540431530e-01,nan,nan,nan,nan
1401,70.05,1.927918050e-01,1.540431530e-01,nan,nan,nan,nan
1402,70.1,1.927918050e-01,1.540431530e-01,nan,nan,nan,nan
1403,70.15,1.927918050e-01,1.540431530e-01,nan,nan,nan,nan
1404,70.2,1.927918050e-01,1.540431530e-01,nan,nan,nan,nan
1405,70.25,1.927918050e-01,1.540431530e-01,nan,nan,nan,nan
1406,70.3,1.927918050e-01,1.540431530e-01,nan,nan,nan,nan
1407,70.35,1.927918050e-01,1.540431530e-01,nan,nan,nan,nan
1408,70.4,1.927918050e-01,1.540431530e-01,nan,nan,nan,nan
1409,70.45,1.927918050e-01,1.540431530e-01,nan,nan,nan,nan
1410,70.5,1.927918050e-01,1.540431530e-01,nan,nan,nan,nan
1411,70.55,1.927918050e-01,1.540431530e-01,nan,nan,nan,nan
1412,70.6,1.927918050e-01,1.540431530e-01,nan,nan,nan,nan
1413,70.65,1.927918050e-01,1.540431530e-01,nan,nan,nan,nan
1414,70.7,1.927918050e-01,1.540431530e-01,nan,nan,nan,nan
1415,70.75,1.927918050e-01,1.540431530e-01,nan,nan,nan,nan
1416,70.8,1.927918050e-01,1.540431530e-01,nan,nan,nan,nan
1417,70.85,1.927918050e-01,1.540431530e-01,nan,nan,nan,nan
1418,70.9,1.927918050e-01,1.540431530e-01,nan,nan,nan,nan
1419,70.95,1.927918050e-01,1.540431530e-01,nan,nan,nan,nan
1420,71,1.927918050e-01,1.540431530e-01,nan,nan,nan,nan
1421,71.05,1.927918050e-01,1.540431530e-01,nan,nan,nan,nan
1422,71.1,1.927918050e-01,1.540431530e-01,nan,nan,nan,nan
1423,71.15,1.927918050e-01,1.540431530e-01,nan,nan,nan,nan
1424,71.2,1.927918050e-01,1.540431530e-01,nan,nan,nan,nan
1425,71.25,1.927918051e-01,1.540431530e-01,nan,nan,nan,nan
1426,71.3,1.927918051e-01,1.540431530e-01,nan,nan,nan,nan
1427,71.35,1.927918051e-01,1.540431530e-01,nan,nan,nan,nan
1428,71.4,1.927918051e-01,1.540431531e-01,nan,nan,nan,nan
1429,71.45,1.927918051e-01,1.540431531e-01,nan,nan,nan,nan
1430,71.5,1.927918051e-01,1.540431531e-01,nan,nan,nan,nan
1431,71.55,1.927918051e-01,1.540431531e-01,nan,nan,nan,nan
1432,71.6,1.927918051e-01,1.540431531e-01,nan,nan,nan,nan
1433,71.65,1.927918051e-01,1.540431531e-01,nan,nan,nan,nan
1434,71.7,1.927918051e-01,1.540431531e-01,nan,nan,nan,nan
1435,71.75,1.927918051e-01,1.540431531e-01,nan,nan,nan,nan
1436,71.8,1.927918051e-01,1.540431531e-01,nan,nan,nan,nan
1437,71.85,1.927918051e-01,1.540431531e-01,nan,nan,nan,nan
1438,71.9,1.927918051e-01,1.540431531e-01,nan,nan,nan,nan
1439,71.95,1.927918051e-01,1.540431531e-01,nan,nan,nan,nan
1440,72,1.927918051e-01,1.540431531e-01,nan,nan,nan,nan
1441,72.05,1.927918051e-01,1.540431531e-01,nan,nan,nan,nan
1442,72.1,1.927918051e-01,1.540431531e-01,nan,nan,nan,nan
1443,72.15,1.927918051e-01,1.540431531e-01,nan,nan,nan,nan
1444,72.2,1.927918051e-01,1.540431531e-01,nan,nan,nan,nan
1445,72.25,1.927918051e-01,1.540431531e-01,nan,nan,nan,nan
1446,72.3,1.927918051e-01,1.540431531e-01,nan,nan,nan,nan
1447,72.35,1.927918051e-01,1.540431531e-01,nan,nan,nan,nan
1448,72.4,1.927918051e-01,1.540431531e-01,nan,nan,nan,nan
1449,72.45,1.927918051e-01,1.540431531e-01,nan,nan,nan,nan
1450,72.5,1.927918051e-01,1.540431531e-01,nan,nan,nan,nan
1451,72.55,1.927918051e-01,1.540431531e-01,nan,nan,nan,nan
1452,72.6,1.927918051e-01,1.540431531e-01,nan,nan,nan,nan
1453,72.65,1.927918051e-01,1.540431531e-01,nan,nan,nan,nan
1454,72.7,1.927918051e-01,1.540431531e-01,nan,nan,nan,nan
1455,72.75,1.927918051e-01,1.540431531e-01,nan,nan,nan,nan
1456,72.8,1.927918052e-01,1.540431531e-01,nan,nan,nan,nan
1457,72.85,1.927918052e-01,1.540431531e-01,nan,nan,nan,nan
1458,72.9,1.927918052e-01,1.540431531e-01,nan,nan,nan,nan
1459,72.95,1.927918052e-01,1.540431531e-01,nan,nan,nan,nan
1460,73,1.927918052e-01,1.540431531e-01,nan,nan,nan,nan
1461,73.05,1.927918052e-01,1.540431531e-01,nan,nan,nan,nan
1462,73.1,1.927918052e-01,1.540431531e-01,nan,nan,nan,nan
1463,73.15,1.927918052e-01,1.540431531e-01,nan,nan,nan,nan
1464,73.2,1.927918052e-01,1.540431531e-01,nan,nan,nan,nan
1465,73.25,1.927918052e-01,1.540431531e-01,nan,nan,nan,nan
1466,73.3,1.927918052e-01,1.540431531e-01,nan,nan,nan,nan
1467,73.35,1.927918052e-01,1.540431531e-01,nan,nan,nan,nan
1468,73.4,1.927918052e-01,1.540431531e-01,nan,nan,nan,nan
1469,73.45,1.927918052e-01,1.540431531e-01,nan,nan,nan,nan
1470,73.5,1.927918052e-01,1.540431531e-01,nan,nan,nan,nan
1471,73.55,1.927918052e-01,1.540431531e-01,nan,nan,nan,nan
1472,73.6,1.927918052e-01,1.540431531e-01,nan,nan,nan,nan
1473,73.65,1.927918052e-01,1.540431531e-01,nan,nan,nan,nan
1474,73.7,1.927918052e-01,1.540431532e-01,nan,nan,nan,nan
1475,73.75,1.927918052e-01,1.540431532e-01,nan,nan,nan,nan
1476,73.8,1.927918052e-01,1.540431532e-01,nan,nan,nan,nan
1477,73.85,1.927918052e-01,1.540431532e-01,nan,nan,nan,nan
1478,73.9,1.927918052e-01,1.540431532e-01,nan,nan,nan,nan
1479,73.95,1.927918052e-01,1.540431532e-01,nan,nan,nan,nan
1480,74,1.927918052e-01,1.540431532e-01,nan,nan,nan,nan
1481,74.05,1.927918052e-01,1.540431532e-01,nan,nan,nan,nan
1482,74.1,1.927918052e-01,1.540431532e-01,nan,nan,nan,nan
1483,74.15,1.927918052e-01,1.540431532e-01,nan,nan,nan,nan
1484,74.2,1.927918052e-01,1.540431532e-01,nan,nan,nan,nan
1485,74.25,1.927918052e-01,1.540431532e-01,nan,nan,nan,nan
1486,74.3,1.927918052e-01,1.540431532e-01,nan,nan,nan,nan
1487,74.35,1.927918052e-01,1.540431532e-01,nan,nan,nan,nan
1488,74.4,1.927918052e-01,1.540431532e-01,nan,nan,nan,nan
1489,74.45,1.927918052e-01,1.540431532e-01,nan,nan,nan,nan
1490,74.5,1.927918052e-01,1.540431532e-01,nan,nan,nan,nan
1491,74.55,1.927918052e-01,1.540431532e-01,nan,nan,nan,nan
1492,74.6,1.927918052e-01,1.540431532e-01,nan,nan,nan,nan
1493,74.65,1.927918052e-01,1.540431532e-01,nan,nan,nan,nan
1494,74.7,1.927918052e-01,1.540431532e-01,nan,nan,nan,nan
1495,74.75,1.927918052e-01,1.540431532e-01,nan,nan,nan,nan
1496,74.8,1.927918052e-01,1.540431532e-01,nan,nan,nan,nan
1497,74.85,1.927918052e-01,1.540431532e-01,nan,nan,nan,nan
1498,74.9,1.927918052e-01,1.540431532e-01,nan,nan,nan,nan
1499,74.95,1.927918052e-01,1.540431532e-01,nan,nan,nan,nan
1500,75,1.927918052e-01,1.540431532e-01,nan,nan,nan,nan
1501,75.05,1.927918052e-01,1.540431532e-01,nan,nan,nan,nan
1502,75.1,1.927918052e-01,1.540431532e-01,nan,nan,nan,nan
1503,75.15,1.927918052e-01,1.540431532e-01,nan,nan,nan,nan
1504,75.2,1.927918052e-01,1.540431532e-01,nan,nan,nan,nan
1505,75.25,1.927918052e-01,1.540431532e-01,nan,nan,nan,nan
1506,75.3,1.927918052e-01,1.540431532e-01,nan,nan,nan,nan
1507,75.35,1.927918052e-01,1.540431532e-01,nan,nan,nan,nan
1508,75.4,1.927918052e-01,1.540431532e-01,nan,nan,nan,nan
1509,75.45,1.927918052e-01,1.540431532e-01,nan,nan,nan,nan
1510,75.5,1.927918052e-01,1.540431532e-01,nan,nan,nan,nan
1511,75.55,1.927918052e-01,1.540431532e-01,nan,nan,nan,nan
1512,75.6,1.927918052e-01,1.540431532e-01,nan,nan,nan,nan
1513,75.65,1.927918052e-01,1.540431532e-01,nan,nan,nan,nan
1514,75.7,1.927918052e-01,1.540431532e-01,nan,nan,nan,nan
1515,75.75,1.927918052e-01,1.540431532e-01,nan,nan,nan,nan
1516,75.8,1.927918052e-01,1.540431532e-01,nan,nan,nan,nan
1517,75.85,1.927918052e-01,1.540431532e-01,nan,nan,nan,nan
1518,75.9,1.927918052e-01,1.540431532e-01,nan,nan,nan,nan
1519,75.95,1.927918052e-01,1.540431532e-01,nan,nan,nan,nan
1520,76,1.927918052e-01,1.540431532e-01,nan,nan,nan,nan
1521,76.05,1.927918052e-01,1.540431532e-01,nan,nan,nan,nan
1522,76.1,1.927918052e-01,1.540431532e-01,nan,nan,nan,nan
1523,76.15,1.927918052e-01,1.540431532e-01,nan,nan,nan,nan
1524,76.2,1.927918052e-01,1.540431532e-01,nan,nan,nan,nan
1525,76.25,1.927918052e-01,1.540431532e-01,nan,nan,nan,nan
1526,76.3,1.927918052e-01,1.540431532e-01,nan,nan,nan,nan
1527,76.35,1.927918052e-01,1.540431532e-01,nan,nan,nan,nan
1528,76.4,1.927918052e-01,1.540431532e-01,nan,nan,nan,nan
1529,76.45,1.927918052e-01,1.540431532e-01,nan,nan,nan,nan
1530,76.5,1.927918052e-01,1.540431532e-01,nan,nan,nan,nan
1531,76.55,1.927918052e-01,1.540431532e-01,nan,nan,nan,nan
1532,76.6,1.927918052e-01,1.540431532e-01,nan,nan,nan,nan
1533,76.65,1.927918052e-01,1.540431532e-01,nan,nan,nan,nan
1534,76.7,1.927918052e-01,1.540431532e-01,nan,nan,nan,nan
1535,76.75,1.927918052e-01,1.540431532e-01,nan,nan,nan,nan
1536,76.8,1.927918052e-01,1.540431532e-01,nan,nan,nan,nan
1537,76.85,1.927918052e-01,1.540431532e-01,nan,nan,nan,nan
1538,76.9,1.927918052e-01,1.540431532e-01,nan,nan,nan,nan
1539,76.95,1.927918052e-01,1.540431532e-01,nan,nan,nan,nan
1540,77,1.927918052e-01,1.540431532e-01,nan,nan,nan,nan
1541,77.05,1.927918052e-01,1.540431532e-01,nan,nan,nan,nan
1542,77.1,1.927918052e-01,1.540431532e-01,nan,nan,nan,nan
1543,77.15,1.927918052e-01,1.540431532e-01,nan,nan,nan,nan
1544,77.2,1.927918052e-01,1.540431532e-01,nan,nan,nan,nan
1545,77.25,1.927918052e-01,1.540431532e-01,nan,nan,nan,nan
1546,77.3,1.927918052e-01,1.540431532e-01,nan,nan,nan,nan
1547,77.35,1.927918052e-01,1.540431532e-01,nan,nan,nan,nan
1548,77.4,1.927918052e-01,1.540431532e-01,nan,nan,nan,nan
1549,77.45,1.927918052e-01,1.540431532e-01,nan,nan,nan,nan
1550,77.5,1.927918052e-01,1.540431532e-01,nan,nan,nan,nan
1551,77.55,1.927918052e-01,1.540431532e-01,nan,nan,nan,nan
1552,77.6,1.927918052e-01,1.540431532e-01,nan,nan,nan,nan
1553,77.65,1.927918052e-01,1.540431532e-01,nan,nan,nan,nan
1554,77.7,1.927918052e-01,1.540431532e-01,nan,nan,nan,nan
1555,77.75,1.927918052e-01,1.540431532e-01,nan,nan,nan,nan
1556,77.8,1.927918052e-01,1.540431532e-01,nan,nan,nan,nan
1557,77.85,1.927918052e-01,1.540431532e-01,nan,nan,nan,nan
1558,77.9,1.927918052e-01,1.540431532e-01,nan,nan,nan,nan
1559,77.95,1.927918052e-01,1.540431532e-01,nan,nan,nan,nan
1560,78,1.927918052e-01,1.540431532e-01,nan,nan,nan,nan
1561,78.05,1.927918052e-01,1.540431532e-01,nan,nan,nan,nan
1562,78.1,1.927918052e-01,1.540431532e-01,nan,nan,nan,nan
1563,78.15,1.927918052e-01,1.540431532e-01,nan,nan,nan,nan
1564,78.2,1.927918052e-01,1.540431532e-01,nan,nan,nan,nan
1565,78.25,1.927918052e-01,1.540431532e-01,nan,nan,nan,nan
1566,78.3,1.927918052e-01,1.540431532e-01,nan,nan,nan,nan
1567,78.35,1.927918052e-01,1.540431532e-01,nan,nan,nan,nan
1568,78.4,1.927918052e-01,1.540431532e-01,nan,nan,nan,nan
1569,78.45,1.927918052e-01,1.540431532e-01,nan,nan,nan,nan
1570,78.5,1.927918052e-01,1.540431532e-01,nan,nan,nan,nan
1571,78.55,1.927918052e-01,1.540431532e-01,nan,nan,nan,nan
1572,78.6,1.927918052e-01,1.540431532e-01,nan,nan,nan,nan
1573,78.65,1.927918052e-01,1.540431532e-01,nan,nan,nan,nan
1574,78.7,1.927918052e-01,1.540431532e-01,nan,nan,nan,nan
1575,78.75,1.927918052e-01,1.540431532e-01,nan,nan,nan,nan
1576,78.8,1.927918052e-01,1.540431532e-01,nan,nan,nan,nan
1577,78.85,1.927918052e-01,1.540431532e-01,nan,nan,nan,nan
1578,78.9,1.927918052e-01,1.540431532e-01,nan,nan,nan,nan
1579,78.95,1.927918052e-01,1.540431532e-01,nan,nan,nan,nan
1580,79,1.927918052e-01,1.540431532e-01,nan,nan,nan,nan
1581,79.05,1.927918052e-01,1.540431532e-01,nan,nan,nan,nan
1582,79.1,1.927918052e-01,1.540431532e-01,nan,nan,nan,nan
1583,79.15,1.927918052e-01,1.540431532e-01,nan,nan,nan,nan
1584,79.2,1.927918052e-01,1.540431532e-01,nan,nan,nan,nan
1585,79.25,1.927918052e-01,1.540431532e-01,nan,nan,nan,nan
1586,79.3,1.927918052e-01,1.540431532e-01,nan,nan,nan,nan
1587,79.35,1.927918052e-01,1.540431532e-01,nan,nan,nan,nan
1588,79.4,1.927918052e-01,1.540431532e-01,nan,nan,nan,nan
1589,79.45,1.927918052e-01,1.540431532e-01,nan,nan,nan,nan
1590,79.5,1.927918052e-01,1.540431532e-01,nan,nan,nan,nan
1591,79.55,1.927918052e-01,1.540431532e-01,nan,nan,nan,nan
1592,79.6,1.927918052e-01,1.540431532e-01,nan,nan,nan,nan
1593,79.65,1.927918052e-01,1.540431532e-01,nan,nan,nan,nan
1594,79.7,1.927918052e-01,1.540431532e-01,nan,nan,nan,nan
1595,79.75,1.927918052e-01,1.540431532e-01,nan,nan,nan,nan
1596,79.8,1.927918052e-01,1.540431532e-01,nan,nan,nan,nan
1597,79.85,1.927918052e-01,1.540431532e-01,nan,nan,nan,nan
1598,79.9,1.927918052e-01,1.540431532e-01,nan,nan,nan,nan
1599,79.95,1.927918052e-01,1.540431532e-01,nan,nan,nan,nan
1600,80,1.927918052e-01,1.540431532e-01,nan,nan,nan,nan
1601,80.05,1.927918052e-01,1.540431532e-01,nan,nan,nan,nan
1602,80.1,1.927918052e-01,1.540431532e-01,nan,nan,nan,nan
1603,80.15,1.927918052e-01,1.540431532e-01,nan,nan,nan,nan
1604,80.2,1.927918052e-01,1.540431532e-01,nan,nan,nan,nan
1605,80.25,1.927918052e-01,1.540431532e-01,nan,nan,nan,nan
1606,80.3,1.927918052e-01,1.540431532e-01,nan,nan,nan,nan
1607,80.35,1.927918052e-01,1.540431532e-01,nan,nan,nan,nan
1608,80.4,1.927918052e-01,1.540431532e-01,nan,nan,nan,nan
1609,80.45,1.927918052e-01,1.540431532e-01,nan,nan,nan,nan
1610,80.5,1.927918052e-01,1.540431532e-01,nan,nan,nan,nan
1611,80.55,1.927918052e-01,1.540431532e-01,nan,nan,nan,nan
1612,80.6,1.927918052e-01,1.540431532e-01,nan,nan,nan,nan
1613,80.65,1.927918052e-01,1.540431532e-01,nan,nan,nan,nan
1614,80.7,1.927918052e-01,1.540431532e-01,nan,nan,nan,nan
1615,80.75,1.927918052e-01,1.540431532e-01,nan,nan,nan,nan
1616,80.8,1.927918052e-01,1.540431532e-01,nan,nan,nan,nan
1617,80.85,1.927918052e-01,1.540431532e-01,nan,nan,nan,nan
1618,80.9,1.927918052e-01,1.540431532e-01,nan,nan,nan,nan
1619,80.95,1.927918052e-01,1.540431532e-01,nan,nan,nan,nan
1620,81,1.927918052e-01,1.540431532e-01,nan,nan,nan,nan
1621,81.05,1.927918052e-01,1.540431532e-01,nan,nan,nan,nan
1622,81.1,1.927918052e-01,1.540431532e-01,nan,nan,nan,nan
1623,81.15,1.927918052e-01,1.540431532e-01,nan,nan,nan,nan
1624,81.2,1.927918052e-01,1.540431532e-01,nan,nan,nan,nan
1625,81.25,1.927918052e-01,1.540431532e-01,nan,nan,nan,nan
1626,81.3,1.927918052e-01,1.540431532e-01,nan,nan,nan,nan
1627,81.35,1.927918052e-01,1.540431532e-01,nan,nan,nan,nan
1628,81.4,1.927918052e-01,1.540431532e-01,nan,nan,nan,nan
1629,81.45,1.927918052e-01,1.540431532e-01,nan,nan,nan,nan
1630,81.5,1.927918052e-01,1.540431532e-01,nan,nan,nan,nan
1631,81.55,1.927918052e-01,1.540431532e-01,nan,nan,nan,nan
1632,81.6,1.927918052e-01,1.540431532e-01,nan,nan,nan,nan
1633,81.65,1.927918052e-01,1.540431532e-01,nan,nan,nan,nan
1634,81.7,1.927918052e-01,1.540431532e-01,nan,nan,nan,nan
1635,81.75,1.927918052e-01,1.540431532e-01,nan,nan,nan,nan
1636,81.8,1.927918052e-01,1.540431532e-01,nan,nan,nan,nan
1637,81.85,1.927918052e-01,1.540431532e-01,nan,nan,nan,nan
1638,81.9,1.927918052e-01,1.540431532e-01,nan,nan,nan,nan
1639,81.95,1.927918052e-01,1.540431532e-01,nan,nan,nan,nan
1640,82,1.927918052e-01,1.540431532e-01,nan,nan,nan,nan
1641,82.05,1.927918052e-01,1.540431532e-01,nan,nan,nan,nan
1642,82.1,1.927918052e-01,1.540431532e-01,nan,nan,nan,nan
1643,82.15,1.927918052e-01,1.540431532e-01,nan,nan,nan,nan
1644,82.2,1.927918052e-01,1.540431532e-01,nan,nan,nan,nan
1645,82.25,1.927918052e-01,1.540431532e-01,nan,nan,nan,nan
1646,82.3,1.927918052e-01,1.540431532e-01,nan,nan,nan,nan
1647,82.35,1.927918052e-01,1.540431532e-01,nan,nan,nan,nan
1648,82.4,1.927918052e-01,1.540431532e-01,nan,nan,nan,nan
1649,82.45,1.927918052e-01,1.540431532e-01,nan,nan,nan,nan
1650,82.5,1.927918052e-01,1.540431532e-01,nan,nan,nan,nan
1651,82.55,1.927918052e-01,1.540431532e-01,nan,nan,nan,nan
1652,82.6,1.927918052e-01,1.540431532e-01,nan,nan,nan,nan
1653,82.65,1.927918052e-01,1.540431532e-01,nan,nan,nan,nan
1654,82.7,1.927918052e-01,1.540431532e-01,nan,nan,nan,nan
1655,82.75,1.927918052e-01,1.540431532e-01,nan,nan,nan,nan
1656,82.8,1.927918052e-01,1.540431532e-01,nan,nan,nan,nan
1657,82.85,1.927918052e-01,1.540431532e-01,nan,nan,nan,nan
1658,82.9,1.927918052e-01,1.540431532e-01,nan,nan,nan,nan
1659,82.95,1.927918052e-01,1.540431532e-01,nan,nan,nan,nan
1660,83,1.927918052e-01,1.540431532e-01,nan,nan,nan,nan
1661,83.05,1.927918052e-01,1.540431532e-01,nan,nan,nan,nan
1662,83.1,1.927918052e-01,1.540431532e-01,nan,nan,nan,nan
1663,83.15,1.927918052e-01,1.540431532e-01,nan,nan,nan,nan
1664,83.2,1.927918052e-01,1.540431532e-01,nan,nan,nan,nan
1665,83.25,1.927918052e-01,1.540431532e-01,nan,nan,nan,nan
1666,83.3,1.927918052e-01,1.540431532e-01,nan,nan,nan,nan
1667,83.35,1.927918052e-01,1.540431532e-01,nan,nan,nan,nan
1668,83.4,1.927918052e-01,1.540431532e-01,nan,nan,nan,nan
1669,83.45,1.927918052e-01,1.540431532e-01,nan,nan,nan,nan
1670,83.5,1.927918052e-01,1.540431532e-01,nan,nan,nan,nan
1671,83.55,1.927918052e-01,1.540431532e-01,nan,nan,nan,nan
1672,83.6,1.927918052e-01,1.540431532e-01,nan,nan,nan,nan
1673,83.65,1.927918052e-01,1.540431532e-01,nan,nan,nan,nan
1674,83.7,1.927918052e-01,1.540431532e-01,nan,nan,nan,nan
1675,83.75,1.927918052e-01,1.540431532e-01,nan,nan,nan,nan
1676,83.8,1.927918052e-01,1.540431532e-01,nan,nan,nan,nan
1677,83.85,1.927918052e-01,1.540431532e-01,nan,nan,nan,nan
1678,83.9,1.927918052e-01,1.540431532e-01,nan,nan,nan,nan
1679,83.95,1.927918052e-01,1.540431532e-01,nan,nan,nan,nan
1680,84,1.927918052e-01,1.540431532e-01,nan,nan,nan,nan
1681,84.05,1.927918052e-01,1.540431532e-01,nan,nan,nan,nan
1682,84.1,1.927918052e-01,1.540431532e-01,nan,nan,nan,nan
1683,84.15,1.927918052e-01,1.540431532e-01,nan,nan,nan,nan
1684,84.2,1.927918052e-01,1.540431532e-01,nan,nan,nan,nan
1685,84.25,1.927918052e-01,1.540431532e-01,nan,nan,nan,nan
1686,84.3,1.927918052e-01,1.540431532e-01,nan,nan,nan,nan
1687,84.35,1.927918052e-01,1.540431532e-01,nan,nan,nan,nan
1688,84.4,1.927918052e-01,1.540431532e-01,nan,nan,nan,nan
1689,84.45,1.927918052e-01,1.540431532e-01,nan,nan,nan,nan
1690,84.5,1.927918052e-01,1.540431532e-01,nan,nan,nan,nan
1691,84.55,1.927918052e-01,1.540431532e-01,nan,nan,nan,nan
1692,84.6,1.927918052e-01,1.540431532e-01,nan,nan,nan,nan
1693,84.65,1.927918052e-01,1.540431532e-01,nan,nan,nan,nan
1694,84.7,1.927918052e-01,1.540431532e-01,nan,nan,nan,nan
1695,84.75,1.927918052e-01,1.540431532e-01,nan,nan,nan,nan
1696,84.8,1.927918052e-01,1.540431532e-01,nan,nan,nan,nan
1697,84.85,1.927918052e-01,1.540431532e-01,nan,nan,nan,nan
1698,84.9,1.927918052e-01,1.540431532e-01,nan,nan,nan,nan
1699,84.95,1.927918052e-01,1.540431532e-01,nan,nan,nan,nan
1700,85,1.927918052e-01,1.540431532e-01,nan,nan,nan,nan
1701,85.05,1.927918052e-01,1.540431532e-01,nan,nan,nan,nan
1702,85.1,1.927918052e-01,1.540431532e-01,nan,nan,nan,nan
1703,85.15,1.927918052e-01,1.540431532e-01,nan,nan,nan,nan
1704,85.2,1.927918052e-01,1.540431532e-01,nan,nan,nan,nan
1705,85.25,1.927918052e-01,1.540431532e-01,nan,nan,nan,nan
1706,85.3,1.927918052e-01,1.540431532e-01,nan,nan,nan,nan
1707,85.35,1.927918052e-01,1.540431532e-01,nan,nan,nan,nan
1708,85.4,1.927918052e-01,1.540431532e-01,nan,nan,nan,nan
1709,85.45,1.927918052e-01,1.540431532e-01,nan,nan,nan,nan
1710,85.5,1.927918052e-01,1.540431532e-01,nan,nan,nan,nan
1711,85.55,1.927918052e-01,1.540431532e-01,nan,nan,nan,nan
1712,85.6,1.927918052e-01,1.540431532e-01,nan,nan,nan,nan
1713,85.65,1.927918052e-01,1.540431532e-01,nan,nan,nan,nan
1714,85.7,1.927918052e-01,1.540431532e-01,nan,nan,nan,nan
1715,85.75,1.927918052e-01,1.540431532e-01,nan,nan,nan,nan
1716,85.8,1.927918052e-01,1.540431532e-01,nan,nan,nan,nan
1717,85.85,1.927918052e-01,1.540431532e-01,nan,nan,nan,nan
1718,85.9,1.927918052e-01,1.540431532e-01,nan,nan,nan,nan
1719,85.95,1.927918052e-01,1.540431532e-01,nan,nan,nan,nan
1720,86,1.927918052e-01,1.540431532e-01,nan,nan,nan,nan
1721,86.05,1.927918052e-01,1.540431532e-01,nan,nan,nan,nan
1722,86.1,1.927918052e-01,1.540431532e-01,nan,nan,nan,nan
1723,86.15,1.927918052e-01,1.540431532e-01,nan,nan,nan,nan
1724,86.2,1.927918052e-01,1.540431532e-01,nan,nan,nan,nan
1725,86.25,1.927918052e-01,1.540431532e-01,nan,nan,nan,nan
1726,86.3,1.927918052e-01,1.540431532e-01,nan,nan,nan,nan
1727,86.35,1.927918052e-01,1.540431532e-01,nan,nan,nan,nan
1728,86.4,1.927918052e-01,1.540431532e-01,nan,nan,nan,nan
1729,86.45,1.927918052e-01,1.540431532e-01,nan,nan,nan,nan
1730,86.5,1.927918052e-01,1.540431532e-01,nan,nan,nan,nan
1731,86.55,1.927918052e-01,1.540431532e-01,nan,nan,nan,nan
1732,86.6,1.927918052e-01,1.540431532e-01,nan,nan,nan,nan
1733,86.65,1.927918052e-01,1.540431532e-01,nan,nan,nan,nan
1734,86.7,1.927918052e-01,1.540431532e-01,nan,nan,nan,nan
1735,86.75,1.927918052e-01,1.540431532e-01,nan,nan,nan,nan
1736,86.8,1.927918052e-01,1.540431532e-01,nan,nan,nan,nan
1737,86.85,1.927918052e-01,1.540431532e-01,nan,nan,nan,nan
1738,86.9,1.927918052e-01,1.540431532e-01,nan,nan,nan,nan
1739,86.95,1.927918052e-01,1.540431532e-01,nan,nan,nan,nan
1740,87,1.927918052e-01,1.540431532e-01,nan,nan,nan,nan
1741,87.05,1.927918052e-01,1.540431532e-01,nan,nan,nan,nan
1742,87.1,1.927918052e-01,1.540431532e-01,nan,nan,nan,nan
1743,87.15,1.927918052e-01,1.540431532e-01,nan,nan,nan,nan
1744,87.2,1.927918052e-01,1.540431532e-01,nan,nan,nan,nan
1745,87.25,1.927918052e-01,1.540431532e-01,nan,nan,nan,nan
1746,87.3,1.927918052e-01,1.540431532e-01,nan,nan,nan,nan
1747,87.35,1.927918052e-01,1.540431532e-01,nan,nan,nan,nan
1748,87.4,1.927918052e-01,1.540431532e-01,nan,nan,nan,nan
1749,87.45,1.927918052e-01,1.540431532e-01,nan,nan,nan,nan
1750,87.5,1.927918052e-01,1.540431532e-01,nan,nan,nan,nan
1751,87.55,1.927918052e-01,1.540431532e-01,nan,nan,nan,nan
1752,87.6,1.927918052e-01,1.540431532e-01,nan,nan,nan,nan
1753,87.65,1.927918052e-01,1.540431532e-01,nan,nan,nan,nan
1754,87.7,1.927918052e-01,1.540431532e-01,nan,nan,nan,nan
1755,87.75,1.927918052e-01,1.540431532e-01,nan,nan,nan,nan
1756,87.8,1.927918052e-01,1.540431532e-01,nan,nan,nan,nan
1757,87.85,1.927918052e-01,1.540431532e-01,nan,nan,nan,nan
1758,87.9,1.927918052e-01,1.540431532e-01,nan,nan,nan,nan
1759,87.95,1.927918052e-01,1.540431532e-01,nan,nan,nan,nan
1760,88,1.927918052e-01,1.540431532e-01,nan,nan,nan,nan
1761,88.05,1.927918052e-01,1.540431532e-01,nan,nan,nan,nan
1762,88.1,1.927918052e-01,1.540431532e-01,nan,nan,nan,nan
1763,88.15,1.927918052e-01,1.540431532e-01,nan,nan,nan,nan
1764,88.2,1.927918052e-01,1.540431532e-01,nan,nan,nan,nan
1765,88.25,1.927918052e-01,1.540431532e-01,nan,nan,nan,nan
1766,88.3,1.927918052e-01,1.540431532e-01,nan,nan,nan,nan
1767,88.35,1.927918052e-01,1.540431532e-01,nan,nan,nan,nan
1768,88.4,1.927918052e-01,1.540431532e-01,nan,nan,nan,nan
1769,88.45,1.927918052e-01,1.540431532e-01,nan,nan,nan,nan
1770,88.5,1.927918052e-01,1.540431532e-01,nan,nan,nan,nan
1771,88.55,1.927918052e-01,1.540431532e-01,nan,nan,nan,nan
1772,88.6,1.927918052e-01,1.540431532e-01,nan,nan,nan,nan
1773,88.65,1.927918052e-01,1.540431532e-01,nan,nan,nan,nan
1774,88.7,1.927918052e-01,1.540431532e-01,nan,nan,nan,nan
1775,88.75,1.927918052e-01,1.540431532e-01,nan,nan,nan,nan
1776,88.8,1.927918052e-01,1.540431532e-01,nan,nan,nan,nan
1777,88.85,1.927918052e-01,1.540431532e-01,nan,nan,nan,nan
1778,88.9,1.927918052e-01,1.540431532e-01,nan,nan,nan,nan
1779,88.95,1.927918052e-01,1.540431532e-01,nan,nan,nan,nan
1780,89,1.927918052e-01,1.540431532e-01,nan,nan,nan,nan
1781,89.05,1.927918052e-01,1.540431532e-01,nan,nan,nan,nan
1782,89.1,1.927918052e-01,1.540431532e-01,nan,nan,nan,nan
1783,89.15,1.927918052e-01,1.540431532e-01,nan,nan,nan,nan
1784,89.2,1.927918052e-01,1.540431532e-01,nan,nan,nan,nan
1785,89.25,1.927918052e-01,1.540431532e-01,nan,nan,nan,nan
1786,89.3,1.927918052e-01,1.540431532e-01,nan,nan,nan,nan
1787,89.35,1.927918052e-01,1.540431532e-01,nan,nan,nan,nan
1788,89.4,1.927918052e-01,1.540431532e-01,nan,nan,nan,nan
1789,89.45,1.927918052e-01,1.540431532e-01,nan,nan,nan,nan
1790,89.5,1.927918052e-01,1.540431532e-01,nan,nan,nan,nan
1791,89.55,1.927918052e-01,1.540431532e-01,nan,nan,nan,nan
1792,89.6,1.927918052e-01,1.540431532e-01,nan,nan,nan,nan
1793,89.65,1.927918052e-01,1.540431532e-01,nan,nan,nan,nan
1794,89.7,1.927918052e-01,1.540431532e-01,nan,nan,nan,nan
1795,89.75,1.927918052e-01,1.540431532e-01,nan,nan,nan,nan
1796,89.8,1.927918052e-01,1.540431532e-01,nan,nan,nan,nan
1797,89.85,1.927918052e-01,1.540431532e-01,nan,nan,nan,nan
1798,89.9,1.927918052e-01,1.540431532e-01,nan,nan,nan,nan
1799,89.95,1.927918052e-01,1.540431532e-01,nan,nan,nan,nan
1800,90,1.927918052e-01,1.540431532e-01,nan,nan,nan,nan
1801,90.05,1.927918052e-01,1.540431532e-01,nan,nan,nan,nan
1802,90.1,1.927918052e-01,1.540431532e-01,nan,nan,nan,nan
1803,90.15,1.927918052e-01,1.540431532e-01,nan,nan,nan,nan
1804,90.2,1.927918052e-01,1.540431532e-01,nan,nan,nan,nan
1805,90.25,1.927918052e-01,1.540431532e-01,nan,nan,nan,nan
1806,90.3,1.927918052e-01,1.540431532e-01,nan,nan,nan,nan
1807,90.35,1.927918052e-01,1.540431532e-01,nan,nan,nan,nan
1808,90.4,1.927918052e-01,1.540431532e-01,nan,nan,nan,nan
1809,90.45,1.927918052e-01,1.540431532e-01,nan,nan,nan,nan
1810,90.5,1.927918052e-01,1.540431532e-01,nan,nan,nan,nan
1811,90.55,1.927918052e-01,1.540431532e-01,nan,nan,nan,nan
1812,90.6,1.927918052e-01,1.540431532e-01,nan,nan,nan,nan
1813,90.65,1.927918052e-01,1.540431532e-01,nan,nan,nan,nan
1814,90.7,1.927918052e-01,1.540431532e-01,nan,nan,nan,nan
1815,90.75,1.927918052e-01,1.540431532e-01,nan,nan,nan,nan
1816,90.8,1.927918052e-01,1.540431532e-01,nan,nan,nan,nan
1817,90.85,1.927918052e-01,1.540431532e-01,nan,nan,nan,nan
1818,90.9,1.927918052e-01,1.540431532e-01,nan,nan,nan,nan
1819,90.95,1.927918052e-01,1.540431532e-01,nan,nan,nan,nan
1820,91,1.927918052e-01,1.540431532e-01,nan,nan,nan,nan
1821,91.05,1.927918052e-01,1.540431532e-01,nan,nan,nan,nan
1822,91.1,1.927918052e-01,1.540431532e-01,nan,nan,nan,nan
1823,91.15,1.927918052e-01,1.540431532e-01,nan,nan,nan,nan
1824,91.2,1.927918052e-01,1.540431532e-01,nan,nan,nan,nan
1825,91.25,1.927918052e-01,1.540431532e-01,nan,nan,nan,nan
1826,91.3,1.927918052e-01,1.540431532e-01,nan,nan,nan,nan
1827,91.35,1.927918052e-01,1.540431532e-01,nan,nan,nan,nan
1828,91.4,1.927918052e-01,1.540431532e-01,nan,nan,nan,nan
1829,91.45,1.927918052e-01,1.540431532e-01,nan,nan,nan,nan
1830,91.5,1.927918052e-01,1.540431532e-01,nan,nan,nan,nan
1831,91.55,1.927918052e-01,1.540431532e-01,nan,nan,nan,nan
1832,91.6,1.927918052e-01,1.540431532e-01,nan,nan,nan,nan
1833,91.65,1.927918052e-01,1.540431532e-01,nan,nan,nan,nan
1834,91.7,1.927918052e-01,1.540431532e-01,nan,nan,nan,nan
1835,91.75,1.927918052e-01,1.540431532e-01,nan,nan,nan,nan
1836,91.8,1.927918052e-01,1.540431532e-01,nan,nan,nan,nan
1837,91.85,1.927918052e-01,1.540431532e-01,nan,nan,nan,nan
1838,91.9,1.927918052e-01,1.540431532e-01,nan,nan,nan,nan
1839,91.95,1.927918052e-01,1.540431532e-01,nan,nan,nan,nan
1840,92,1.927918052e-01,1.540431532e-01,nan,nan,nan,nan
1841,92.05,1.927918052e-01,1.540431532e-01,nan,nan,nan,nan
1842,92.1,1.927918052e-01,1.540431532e-01,nan,nan,nan,nan
1843,92.15,1.927918052e-01,1.540431532e-01,nan,nan,nan,nan
1844,92.2,1.927918052e-01,1.540431532e-01,nan,nan,nan,nan
1845,92.25,1.927918052e-01,1.540431532e-01,nan,nan,nan,nan
1846,92.3,1.927918052e-01,1.540431532e-01,nan,nan,nan,nan
1847,92.35,1.927918052e-01,1.540431532e-01,nan,nan,nan,nan
1848,92.4,1.927918052e-01,1.540431532e-01,nan,nan,nan,nan
1849,92.45,1.927918052e-01,1.540431532e-01,nan,nan,nan,nan
1850,92.5,1.927918052e-01,1.540431532e-01,nan,nan,nan,nan
1851,92.55,1.927918052e-01,1.540431532e-01,nan,nan,nan,nan
1852,92.6,1.927918052e-01,1.540431532e-01,nan,nan,nan,nan
1853,92.65,1.927918052e-01,1.540431532e-01,nan,nan,nan,nan
1854,92.7,1.927918052e-01,1.540431532e-01,nan,nan,nan,nan
1855,92.75,1.927918052e-01,1.540431532e-01,nan,nan,nan,nan
1856,92.8,1.927918052e-01,1.540431532e-01,nan,nan,nan,nan
1857,92.85,1.927918052e-01,1.540431532e-01,nan,nan,nan,nan
1858,92.9,1.927918052e-01,1.540431532e-01,nan,nan,nan,nan
1859,92.95,1.927918052e-01,1.540431532e-01,nan,nan,nan,nan
1860,93,1.927918052e-01,1.540431532e-01,nan,nan,nan,nan
1861,93.05,1.927918052e-01,1.540431532e-01,nan,nan,nan,nan
1862,93.1,1.927918052e-01,1.540431532e-01,nan,nan,nan,nan
1863,93.15,1.927918052e-01,1.540431532e-01,nan,nan,nan,nan
1864,93.2,1.927918052e-01,1.540431532e-01,nan,nan,nan,nan
1865,93.25,1.927918052e-01,1.540431532e-01,nan,nan,nan,nan
1866,93.3,1.927918052e-01,1.540431532e-01,nan,nan,nan,nan
1867,93.35,1.927918052e-01,1.540431532e-01,nan,nan,nan,nan
1868,93.4,1.927918052e-01,1.540431532e-01,nan,nan,nan,nan
1869,93.45,1.927918052e-01,1.540431532e-01,nan,nan,nan,nan
1870,93.5,1.927918052e-01,1.540431532e-01,nan,nan,nan,nan
1871,93.55,1.927918052e-01,1.540431532e-01,nan,nan,nan,nan
1872,93.6,1.927918052e-01,1.540431532e-01,nan,nan,nan,nan
1873,93.65,1.927918052e-01,1.540431532e-01,nan,nan,nan,nan
1874,93.7,1.927918052e-01,1.540431532e-01,nan,nan,nan,nan
1875,93.75,1.927918052e-01,1.540431532e-01,nan,nan,nan,nan
1876,93.8,1.927918052e-01,1.540431532e-01,nan,nan,nan,nan
1877,93.85,1.927918052e-01,1.540431532e-01,nan,nan,nan,nan
1878,93.9,1.927918052e-01,1.540431532e-01,nan,nan,nan,nan
1879,93.95,1.927918052e-01,1.540431532e-01,nan,nan,nan,nan
1880,94,1.927918052e-01,1.540431532e-01,nan,nan,nan,nan
1881,94.05,1.927918052e-01,1.540431532e-01,nan,nan,nan,nan
1882,94.1,1.927918052e-01,1.540431532e-01,nan,nan,nan,nan
1883,94.15,1.927918052e-01,1.540431532e-01,nan,nan,nan,nan
1884,94.2,1.927918052e-01,1.540431532e-01,nan,nan,nan,nan
1885,94.25,1.927918052e-01,1.540431532e-01,nan,nan,nan,nan
1886,94.3,1.927918052e-01,1.540431532e-01,nan,nan,nan,nan
1887,94.35,1.927918052e-01,1.540431532e-01,nan,nan,nan,nan
1888,94.4,1.927918052e-01,1.540431532e-01,nan,nan,nan,nan
1889,94.45,1.927918052e-01,1.540431532e-01,nan,nan,nan,nan
1890,94.5,1.927918052e-01,1.540431532e-01,nan,nan,nan,nan
1891,94.55,1.927918052e-01,1.540431532e-01,nan,nan,nan,nan
1892,94.6,1.927918052e-01,1.540431532e-01,nan,nan,nan,nan
1893,94.65,1.927918052e-01,1.540431532e-01,nan,nan,nan,nan
1894,94.7,1.927918052e-01,1.540431532e-01,nan,nan,nan,nan
1895,94.75,1.927918052e-01,1.540431532e-01,nan,nan,nan,nan
1896,94.8,1.927918052e-01,1.540431532e-01,nan,nan,nan,nan
1897,94.85,1.927918052e-01,1.540431532e-01,nan,nan,nan,nan
1898,94.9,1.927918052e-01,1.540431532e-01,nan,nan,nan,nan
1899,94.95,1.927918052e-01,1.540431532e-01,nan,nan,nan,nan
1900,95,1.927918052e-01,1.540431532e-01,nan,nan,nan,nan
1901,95.05,1.927918052e-01,1.540431532e-01,nan,nan,nan,nan
1902,95.1,1.927918052e-01,1.540431532e-01,nan,nan,nan,nan
1903,95.15,1.927918052e-01,1.540431532e-01,nan,nan,nan,nan
1904,95.2,1.927918052e-01,1.540431532e-01,nan,nan,nan,nan
1905,95.25,1.927918052e-01,1.540431532e-01,nan,nan,nan,nan
1906,95.3,1.927918052e-01,1.540431532e-01,nan,nan,nan,nan
1907,95.35,1.927918052e-01,1.540431532e-01,nan,nan,nan,nan
1908,95.4,1.927918052e-01,1.540431532e-01,nan,nan,nan,nan
1909,95.45,1.927918052e-01,1.540431532e-01,nan,nan,nan,nan
1910,95.5,1.927918052e-01,1.540431532e-01,nan,nan,nan,nan
1911,95.55,1.927918052e-01,1.540431532e-01,nan,nan,nan,nan
1912,95.6,1.927918052e-01,1.540431532e-01,nan,nan,nan,nan
1913,95.65,1.927918052e-01,1.540431532e-01,nan,nan,nan,nan
1914,95.7,1.927918052e-01,1.540431532e-01,nan,nan,nan,nan
1915,95.75,1.927918052e-01,1.540431532e-01,nan,nan,nan,nan
1916,95.8,1.927918052e-01,1.540431532e-01,nan,nan,nan,nan
1917,95.85,1.927918052e-01,1.540431532e-01,nan,nan,nan,nan
1918,95.9,1.927918052e-01,1.540431532e-01,nan,nan,nan,nan
1919,95.95,1.927918052e-01,1.540431532e-01,nan,nan,nan,nan
1920,96,1.927918052e-01,1.540431532e-01,nan,nan,nan,nan
1921,96.05,1.927918052e-01,1.540431532e-01,nan,nan,nan,nan
1922,96.1,1.927918052e-01,1.540431532e-01,nan,nan,nan,nan
1923,96.15,1.927918052e-01,1.540431532e-01,nan,nan,nan,nan
1924,96.2,1.927918052e-01,1.540431532e-01,nan,nan,nan,nan
1925,96.25,1.927918052e-01,1.540431532e-01,nan,nan,nan,nan
1926,96.3,1.927918052e-01,1.540431532e-01,nan,nan,nan,nan
1927,96.35,1.927918052e-01,1.540431532e-01,nan,nan,nan,nan
1928,96.4,1.927918052e-01,1.540431532e-01,nan,nan,nan,nan
1929,96.45,1.927918052e-01,1.540431532e-01,nan,nan,nan,nan
1930,96.5,1.927918052e-01,1.540431532e-01,nan,nan,nan,nan
1931,96.55,1.927918052e-01,1.540431532e-01,nan,nan,nan,nan
1932,96.6,1.927918052e-01,1.540431532e-01,nan,nan,nan,nan
1933,96.65,1.927918052e-01,1.540431532e-01,nan,nan,nan,nan
1934,96.7,1.927918052e-01,1.540431532e-01,nan,nan,nan,nan
1935,96.75,1.927918052e-01,1.540431532e-01,nan,nan,nan,nan
1936,96.8,1.927918052e-01,1.540431532e-01,nan,nan,nan,nan
1937,96.85,1.927918052e-01,1.540431532e-01,nan,nan,nan,nan
1938,96.9,1.927918052e-01,1.540431532e-01,nan,nan,nan,nan
1939,96.95,1.927918052e-01,1.540431532e-01,nan,nan,nan,nan
1940,97,1.927918052e-01,1.540431532e-01,nan,nan,nan,nan
1941,97.05,1.927918052e-01,1.540431532e-01,nan,nan,nan,nan
1942,97.1,1.927918052e-01,1.540431532e-01,nan,nan,nan,nan
1943,97.15,1.927918052e-01,1.540431532e-01,nan,nan,nan,nan
1944,97.2,1.927918052e-01,1.540431532e-01,nan,nan,nan,nan
1945,97.25,1.927918052e-01,1.540431532e-01,nan,nan,nan,nan
1946,97.3,1.927918052e-01,1.540431532e-01,nan,nan,nan,nan
1947,97.35,1.927918052e-01,1.540431532e-01,nan,nan,nan,nan
1948,97.4,1.927918052e-01,1.540431532e-01,nan,nan,nan,nan
1949,97.45,1.927918052e-01,1.540431532e-01,nan,nan,nan,nan
1950,97.5,1.927918052e-01,1.540431532e-01,nan,nan,nan,nan
1951,97.55,1.927918052e-01,1.540431532e-01,nan,nan,nan,nan
1952,97.6,1.927918052e-01,1.540431532e-01,nan,nan,nan,nan
1953,97.65,1.927918052e-01,1.540431532e-01,nan,nan,nan,nan
1954,97.7,1.927918052e-01,1.540431532e-01,nan,nan,nan,nan
1955,97.75,1.927918052e-01,1.540431532e-01,nan,nan,nan,nan
1956,97.8,1.927918052e-01,1.540431532e-01,nan,nan,nan,nan
1957,97.85,1.927918052e-01,1.540431532e-01,nan,nan,nan,nan
1958,97.9,1.927918052e-01,1.540431532e-01,nan,nan,nan,nan
1959,97.95,1.927918052e-01,1.540431532e-01,nan,nan,nan,nan
1960,98,1.927918052e-01,1.540431532e-01,nan,nan,nan,nan
1961,98.05,1.927918052e-01,1.540431532e-01,nan,nan,nan,nan
1962,98.1,1.927918052e-01,1.540431532e-01,nan,nan,nan,nan
1963,98.15,1.927918052e-01,1.540431532e-01,nan,nan,nan,nan
1964,98.2,1.927918052e-01,1.540431532e-01,nan,nan,nan,nan
1965,98.25,1.927918052e-01,1.540431532e-01,nan,nan,nan,nan
1966,98.3,1.927918052e-01,1.540431532e-01,nan,nan,nan,nan
1967,98.35,1.927918052e-01,1.540431532e-01,nan,nan,nan,nan
1968,98.4,1.927918052e-01,1.540431532e-01,nan,nan,nan,nan
1969,98.45,1.927918052e-01,1.540431532e-01,nan,nan,nan,nan
1970,98.5,1.927918052e-01,1.540431532e-01,nan,nan,nan,nan
1971,98.55,1.927918052e-01,1.540431532e-01,nan,nan,nan,nan
1972,98.6,1.927918052e-01,1.540431532e-01,nan,nan,nan,nan
1973,98.65,1.927918052e-01,1.540431532e-01,nan,nan,nan,nan
1974,98.7,1.927918052e-01,1.540431532e-01,nan,nan,nan,nan
1975,98.75,1.927918052e-01,1.540431532e-01,nan,nan,nan,nan
1976,98.8,1.927918052e-01,1.540431532e-01,nan,nan,nan,nan
1977,98.85,1.927918052e-01,1.540431532e-01,nan,nan,nan,nan
1978,98.9,1.927918052e-01,1.540431532e-01,nan,nan,nan,nan
1979,98.95,1.927918052e-01,1.540431532e-01,nan,nan,nan,nan
1980,99,1.927918052e-01,1.540431532e-01,nan,nan,nan,nan
1981,99.05,1.927918052e-01,1.540431532e-01,nan,nan,nan,nan
1982,99.1,1.927918052e-01,1.540431532e-01,nan,nan,nan,nan
1983,99.15,1.927918052e-01,1.540431532e-01,nan,nan,nan,nan
1984,99.2,1.927918052e-01,1.540431532e-01,nan,nan,nan,nan
1985,99.25,1.927918052e-01,1.540431532e-01,nan,nan,nan,nan
1986,99.3,1.927918052e-01,1.540431532e-01,nan,nan,nan,nan
1987,99.35,1.927918052e-01,1.540431532e-01,nan,nan,nan,nan
1988,99.4,1.927918052e-01,1.540431532e-01,nan,nan,nan,nan
1989,99.45,1.927918052e-01,1.540431532e-01,nan,nan,nan,nan
1990,99.5,1.927918052e-01,1.540431532e-01,nan,nan,nan,nan
1991,99.55,1.927918052e-01,1.540431532e-01,nan,nan,nan,nan
1992,99.6,1.927918052e-01,1.540431532e-01,nan,nan,nan,nan
1993,99.65,1.927918052e-01,1.540431532e-01,nan,nan,nan,nan
1994,99.7,1.927918052e-01,1.540431532e-01,nan,nan,nan,nan
1995,99.75,1.927918052e-01,1.540431532e-01,nan,nan,nan,nan
1996,99.8,1.927918052e-01,1.540431532e-01,nan,nan,nan,nan
1997,99.85,1.927918052e-01,1.540431532e-01,nan,nan,nan,nan
1998,99.9,1.927918052e-01,1.540431532e-01,nan,nan,nan,nan
1999,99.95,1.927918052e-01,1.540431532e-01,nan,nan,nan,nan
2000,100,1.927918052e-01,1.540431532e-01,nan,nan,nan,nan
2001,100.05,1.927918052e-01,1.540431532e-01,nan,nan,nan,nan
2002,100.1,1.927918052e-01,1.540431532e-01,nan,nan,nan,nan
2003,100.15,1.927918052e-01,1.540431532e-01,nan,nan,nan,nan
2004,100.2,1.927918052e-01,1.540431532e-01,nan,nan,nan,nan
2005,100.25,1.927918052e-01,1.540431532e-01,nan,nan,nan,nan
2006,100.3,1.927918052e-01,1.540431532e-01,nan,nan,nan,nan
2007,100.35,1.927918052e-01,1.540431532e-01,nan,nan,nan,nan
2008,100.4,1.927918052e-01,1.540431532e-01,nan,nan,nan,nan
2009,100.45,1.927918052e-01,1.540431532e-01,nan,nan,nan,nan
2010,100.5,1.927918052e-01,1.540431532e-01,nan,nan,nan,nan
2011,100.55,1.927918052e-01,1.540431532e-01,nan,nan,nan,nan
2012,100.6,1.927918052e-01,1.540431532e-01,nan,nan,nan,nan
2013,100.65,1.927918052e-01,1.540431532e-01,nan,nan,nan,nan
2014,100.7,1.927918052e-01,1.540431532e-01,nan,nan,nan,nan
2015,100.75,1.927918052e-01,1.540431532e-01,nan,nan,nan,nan
2016,100.8,1.927918052e-01,1.540431532e-01,nan,nan,nan,nan
2017,100.85,1.927918052e-01,1.540431532e-01,nan,nan,nan,nan
2018,100.9,1.927918052e-01,1.540431532e-01,nan,nan,nan,nan
2019,100.95,1.927918052e-01,1.540431532e-01,nan,nan,nan,nan
2020,101,1.927918052e-01,1.540431532e-01,nan,nan,nan,nan
2021,101.05,1.927918052e-01,1.540431532e-01,nan,nan,nan,nan
2022,101.1,1.927918052e-01,1.540431532e-01,nan,nan,nan,nan
2023,101.15,1.927918052e-01,1.540431532e-01,nan,nan,nan,nan
2024,101.2,1.927918052e-01,1.540431532e-01,nan,nan,nan,nan
2025,101.25,1.927918052e-01,1.540431532e-01,nan,nan,nan,nan
2026,101.3,1.927918052e-01,1.540431532e-01,nan,nan,nan,nan
2027,101.35,1.927918052e-01,1.540431532e-01,nan,nan,nan,nan
2028,101.4,1.927918052e-01,1.540431532e-01,nan,nan,nan,nan
2029,101.45,1.927918052e-01,1.540431532e-01,nan,nan,nan,nan
2030,101.5,1.927918052e-01,1.540431532e-01,nan,nan,nan,nan
2031,101.55,1.927918052e-01,1.540431532e-01,nan,nan,nan,nan
2032,101.6,1.927918052e-01,1.540431532e-01,nan,nan,nan,nan
2033,101.65,1.927918052e-01,1.540431532e-01,nan,nan,nan,nan
2034,101.7,1.927918052e-01,1.540431532e-01,nan,nan,nan,nan
2035,101.75,1.927918052e-01,1.540431532e-01,nan,nan,nan,nan
2036,101.8,1.927918052e-01,1.540431532e-01,nan,nan,nan,nan
2037,101.85,1.927918052e-01,1.540431532e-01,nan,nan,nan,nan
2038,101.9,1.927918052e-01,1.540431532e-01,nan,nan,nan,nan
2039,101.95,1.927918052e-01,1.540431532e-01,nan,nan,nan,nan
2040,102,1.927918052e-01,1.540431532e-01,nan,nan,nan,nan
2041,102.05,1.927918052e-01,1.540431532e-01,nan,nan,nan,nan
2042,102.1,1.927918052e-01,1.540431532e-01,nan,nan,nan,nan
2043,102.15,1.927918052e-01,1.540431532e-01,nan,nan,nan,nan
2044,102.2,1.927918052e-01,1.540431532e-01,nan,nan,nan,nan
2045,102.25,1.927918052e-01,1.540431532e-01,nan,nan,nan,nan
2046,102.3,1.927918052e-01,1.540431532e-01,nan,nan,nan,nan
2047,102.35,1.927918052e-01,1.540431532e-01,nan,nan,nan,nan
2048,102.4,1.927918052e-01,1.540431532e-01,nan,nan,nan,nan
2049,102.45,1.927918052e-01,1.540431532e-01,nan,nan,nan,nan
2050,102.5,1.927918052e-01,1.540431532e-01,nan,nan,nan,nan
2051,102.55,1.927918052e-01,1.540431532e-01,nan,nan,nan,nan
2052,102.6,1.927918052e-01,1.540431532e-01,nan,nan,nan,nan
2053,102.65,1.927918052e-01,1.540431532e-01,nan,nan,nan,nan
2054,102.7,1.927918052e-01,1.540431532e-01,nan,nan,nan,nan
2055,102.75,1.927918052e-01,1.540431532e-01,nan,nan,nan,nan
2056,102.8,1.927918052e-01,1.540431532e-01,nan,nan,nan,nan
2057,102.85,1.927918052e-01,1.540431532e-01,nan,nan,nan,nan
2058,102.9,1.927918052e-01,1.540431532e-01,nan,nan,nan,nan
2059,102.95,1.927918052e-01,1.540431532e-01,nan,nan,nan,nan
2060,103,1.927918052e-01,1.540431532e-01,nan,nan,nan,nan
2061,103.05,1.927918052e-01,1.540431532e-01,nan,nan,nan,nan
2062,103.1,1.927918052e-01,1.540431532e-01,nan,nan,nan,nan
2063,103.15,1.927918052e-01,1.540431532e-01,nan,nan,nan,nan
2064,103.2,1.927918052e-01,1.540431532e-01,nan,nan,nan,nan
2065,103.25,1.927918052e-01,1.540431532e-01,nan,nan,nan,nan
2066,103.3,1.927918052e-01,1.540431532e-01,nan,nan,nan,nan
2067,103.35,1.927918052e-01,1.540431532e-01,nan,nan,nan,nan
2068,103.4,1.927918052e-01,1.540431532e-01,nan,nan,nan,nan
2069,103.45,1.927918052e-01,1.540431532e-01,nan,nan,nan,nan
2070,103.5,1.927918052e-01,1.540431532e-01,nan,nan,nan,nan
2071,103.55,1.927918052e-01,1.540431532e-01,nan,nan,nan,nan
2072,103.6,1.927918052e-01,1.540431532e-01,nan,nan,nan,nan
2073,103.65,1.927918052e-01,1.540431532e-01,nan,nan,nan,nan
2074,103.7,1.927918052e-01,1.540431532e-01,nan,nan,nan,nan
2075,103.75,1.927918052e-01,1.540431532e-01,nan,nan,nan,nan
2076,103.8,1.927918052e-01,1.540431532e-01,nan,nan,nan,nan
2077,103.85,1.927918052e-01,1.540431532e-01,nan,nan,nan,nan
2078,103.9,1.927918052e-01,1.540431532e-01,nan,nan,nan,nan
2079,103.95,1.927918052e-01,1.540431532e-01,nan,nan,nan,nan
2080,104,1.927918052e-01,1.540431532e-01,nan,nan,nan,nan
2081,104.05,1.927918052e-01,1.540431532e-01,nan,nan,nan,nan
2082,104.1,1.927918052e-01,1.540431532e-01,nan,nan,nan,nan
2083,104.15,1.927918052e-01,1.540431532e-01,nan,nan,nan,nan
2084,104.2,1.927918052e-01,1.540431532e-01,nan,nan,nan,nan
2085,104.25,1.927918052e-01,1.540431532e-01,nan,nan,nan,nan
2086,104.3,1.927918052e-01,1.540431532e-01,nan,nan,nan,nan
2087,104.35,1.927918052e-01,1.540431532e-01,nan,nan,nan,nan
2088,104.4,1.927918052e-01,1.540431532e-01,nan,nan,nan,nan
2089,104.45,1.927918052e-01,1.540431532e-01,nan,nan,nan,nan
2090,104.5,1.927918052e-01,1.540431532e-01,nan,nan,nan,nan
2091,104.55,1.927918052e-01,1.540431532e-01,nan,nan,nan,nan
2092,104.6,1.927918052e-01,1.540431532e-01,nan,nan,nan,nan
2093,104.65,1.927918052e-01,1.540431532e-01,nan,nan,nan,nan
2094,104.7,1.927918052e-01,1.540431532e-01,nan,nan,nan,nan
2095,104.75,1.927918052e-01,1.540431532e-01,nan,nan,nan,nan
2096,104.8,1.927918052e-01,1.540431532e-01,nan,nan,nan,nan
2097,104.85,1.927918052e-01,1.540431532e-01,nan,nan,nan,nan
2098,104.9,1.927918052e-01,1.540431532e-01,nan,nan,nan,nan
2099,104.95,1.927918052e-01,1.540431532e-01,nan,nan,nan,nan
2100,105,1.927918052e-01,1.540431532e-01,nan,nan,nan,nan
2101,105.05,1.927918052e-01,1.540431532e-01,nan,nan,nan,nan
2102,105.1,1.927918052e-01,1.540431532e-01,nan,nan,nan,nan
2103,105.15,1.927918052e-01,1.540431532e-01,nan,nan,nan,nan
2104,105.2,1.927918052e-01,1.540431532e-01,nan,nan,nan,nan
2105,105.25,1.927918052e-01,1.540431532e-01,nan,nan,nan,nan
2106,105.3,1.927918052e-01,1.540431532e-01,nan,nan,nan,nan
2107,105.35,1.927918052e-01,1.540431532e-01,nan,nan,nan,nan
2108,105.4,1.927918052e-01,1.540431532e-01,nan,nan,nan,nan
2109,105.45,1.927918052e-01,1.540431532e-01,nan,nan,nan,nan
2110,105.5,1.927918052e-01,1.540431532e-01,nan,nan,nan,nan
2111,105.55,1.927918052e-01,1.540431532e-01,nan,nan,nan,nan
2112,105.6,1.927918052e-01,1.540431532e-01,nan,nan,nan,nan
2113,105.65,1.927918052e-01,1.540431532e-01,nan,nan,nan,nan
2114,105.7,1.927918052e-01,1.540431532e-01,nan,nan,nan,nan
2115,105.75,1.927918052e-01,1.540431532e-01,nan,nan,nan,nan
2116,105.8,1.927918052e-01,1.540431532e-01,nan,nan,nan,nan
2117,105.85,1.927918052e-01,1.540431532e-01,nan,nan,nan,nan
2118,105.9,1.927918052e-01,1.540431532e-01,nan,nan,nan,nan
2119,105.95,1.927918052e-01,1.540431532e-01,nan,nan,nan,nan
2120,106,1.927918052e-01,1.540431532e-01,nan,nan,nan,nan
2121,106.05,1.927918052e-01,1.540431532e-01,nan,nan,nan,nan
2122,106.1,1.927918052e-01,1.540431532e-01,nan,nan,nan,nan
2123,106.15,1.927918052e-01,1.540431532e-01,nan,nan,nan,nan
2124,106.2,1.927918052e-01,1.540431532e-01,nan,nan,nan,nan
2125,106.25,1.927918052e-01,1.540431532e-01,nan,nan,nan,nan
2126,106.3,1.927918052e-01,1.540431532e-01,nan,nan,nan,nan
2127,106.35,1.927918052e-01,1.540431532e-01,nan,nan,nan,nan
2128,106.4,1.927918052e-01,1.540431532e-01,nan,nan,nan,nan
2129,106.45,1.927918052e-01,1.540431532e-01,nan,nan,nan,nan
2130,106.5,1.927918052e-01,1.540431532e-01,nan,nan,nan,nan
2131,106.55,1.927918052e-01,1.540431532e-01,nan,nan,nan,nan
2132,106.6,1.927918052e-01,1.540431532e-01,nan,nan,nan,nan
2133,106.65,1.927918052e-01,1.540431532e-01,nan,nan,nan,nan
2134,106.7,1.927918052e-01,1.540431532e-01,nan,nan,nan,nan
2135,106.75,1.927918052e-01,1.540431532e-01,nan,nan,nan,nan
2136,106.8,1.927918052e-01,1.540431532e-01,nan,nan,nan,nan
2137,106.85,1.927918052e-01,1.540431532e-01,nan,nan,nan,nan
2138,106.9,1.927918052e-01,1.540431532e-01,nan,nan,nan,nan
2139,106.95,1.927918052e-01,1.540431532e-01,nan,nan,nan,nan
2140,107,1.927918052e-01,1.540431532e-01,nan,nan,nan,nan
2141,107.05,1.927918052e-01,1.540431532e-01,nan,nan,nan,nan
2142,107.1,1.927918052e-01,1.540431532e-01,nan,nan,nan,nan
2143,107.15,1.927918052e-01,1.540431532e-01,nan,nan,nan,nan
2144,107.2,1.927918052e-01,1.540431532e-01,nan,nan,nan,nan
2145,107.25,1.927918052e-01,1.540431532e-01,nan,nan,nan,nan
2146,107.3,1.927918052e-01,1.540431532e-01,nan,nan,nan,nan
2147,107.35,1.927918052e-01,1.540431532e-01,nan,nan,nan,nan
2148,107.4,1.927918052e-01,1.540431532e-01,nan,nan,nan,nan
2149,107.45,1.927918052e-01,1.540431532e-01,nan,nan,nan,nan
2150,107.5,1.927918052e-01,1.540431532e-01,nan,nan,nan,nan
2151,107.55,1.927918052e-01,1.540431532e-01,nan,nan,nan,nan
2152,107.6,1.927918052e-01,1.540431532e-01,nan,nan,nan,nan
2153,107.65,1.927918052e-01,1.540431532e-01,nan,nan,nan,nan
2154,107.7,1.927918052e-01,1.540431532e-01,nan,nan,nan,nan
2155,107.75,1.927918052e-01,1.540431532e-01,nan,nan,nan,nan
2156,107.8,1.927918052e-01,1.540431532e-01,nan,nan,nan,nan
2157,107.85,1.927918052e-01,1.540431532e-01,nan,nan,nan,nan
2158,107.9,1.927918052e-01,1.540431532e-01,nan,nan,nan,nan
2159,107.95,1.927918052e-01,1.540431532e-01,nan,nan,nan,nan
2160,108,1.927918052e-01,1.540431532e-01,nan,nan,nan,nan
2161,108.05,1.927918052e-01,1.540431532e-01,nan,nan,nan,nan
2162,108.1,1.927918052e-01,1.540431532e-01,nan,nan,nan,nan
2163,108.15,1.927918052e-01,1.540431532e-01,nan,nan,nan,nan
2164,108.2,1.927918052e-01,1.540431532e-01,nan,nan,nan,nan
2165,108.25,1.927918052e-01,1.540431532e-01,nan,nan,nan,nan
2166,108.3,1.927918052e-01,1.540431532e-01,nan,nan,nan,nan
2167,108.35,1.927918052e-01,1.540431532e-01,nan,nan,nan,nan
2168,108.4,1.927918052e-01,1.540431532e-01,nan,nan,nan,nan
2169,108.45,1.927918052e-01,1.540431532e-01,nan,nan,nan,nan
2170,108.5,1.927918052e-01,1.540431532e-01,nan,nan,nan,nan
2171,108.55,1.927918052e-01,1.540431532e-01,nan,nan,nan,nan
2172,108.6,1.927918052e-01,1.540431532e-01,nan,nan,nan,nan
2173,108.65,1.927918052e-01,1.540431532e-01,nan,nan,nan,nan
2174,108.7,1.927918052e-01,1.540431532e-01,nan,nan,nan,nan
2175,108.75,1.927918052e-01,1.540431532e-01,nan,nan,nan,nan
2176,108.8,1.927918052e-01,1.540431532e-01,nan,nan,nan,nan
2177,108.85,1.927918052e-01,1.540431532e-01,nan,nan,nan,nan
2178,108.9,1.927918052e-01,1.540431532e-01,nan,nan,nan,nan
2179,108.95,1.927918052e-01,1.540431532e-01,nan,nan,nan,nan
2180,109,1.927918052e-01,1.540431532e-01,nan,nan,nan,nan
2181,109.05,1.927918052e-01,1.540431532e-01,nan,nan,nan,nan
2182,109.1,1.927918052e-01,1.540431532e-01,nan,nan,nan,nan
2183,109.15,1.927918052e-01,1.540431532e-01,nan,nan,nan,nan
2184,109.2,1.927918052e-01,1.540431532e-01,nan,nan,nan,nan
2185,109.25,1.927918052e-01,1.540431532e-01,nan,nan,nan,nan
2186,109.3,1.927918052e-01,1.540431532e-01,nan,nan,nan,nan
2187,109.35,1.927918052e-01,1.540431532e-01,nan,nan,nan,nan
2188,109.4,1.927918052e-01,1.540431532e-01,nan,nan,nan,nan
2189,109.45,1.927918052e-01,1.540431532e-01,nan,nan,nan,nan
2190,109.5,1.927918052e-01,1.540431532e-01,nan,nan,nan,nan
2191,109.55,1.927918052e-01,1.540431532e-01,nan,nan,nan,nan
2192,109.6,1.927918052e-01,1.540431532e-01,nan,nan,nan,nan
2193,109.65,1.927918052e-01,1.540431532e-01,nan,nan,nan,nan
2194,109.7,1.927918052e-01,1.540431532e-01,nan,nan,nan,nan
2195,109.75,1.927918052e-01,1.540431532e-01,nan,nan,nan,nan
2196,109.8,1.927918052e-01,1.540431532e-01,nan,nan,nan,nan
2197,109.85,1.927918052e-01,1.540431532e-01,nan,nan,nan,nan
2198,109.9,1.927918052e-01,1.540431532e-01,nan,nan,nan,nan
2199,109.95,1.927918052e-01,1.540431532e-01,nan,nan,nan,nan
2200,110,1.927918052e-01,1.540431532e-01,nan,nan,nan,nan
