n,t,maxE_SF,maxH_SF,W_total,W_phys,divE_TF,divH_TF
1,0.05,0.000000000e+00,0.000000000e+00,nan,nan,nan,nan
2,0.1,0.000000000e+00,0.000000000e+00,nan,nan,nan,nan
3,0.15,0.000000000e+00,0.000000000e+00,nan,nan,nan,nan
4,0.2,0.000000000e+00,0.000000000e+00,nan,nan,nan,nan
5,0.25,0.000000000e+00,0.000000000e+00,nan,nan,nan,nan
6,0.3,0.000000000e+00,0.000000000e+00,nan,nan,nan,nan
7,0.35,0.000000000e+00,0.000000000e+00,nan,nan,nan,nan
8,0.4,0.000000000e+00,0.000000000e+00,nan,nan,nan,nan
9,0.45,0.000000000e+00,0.000000000e+00,nan,nan,nan,nan
10,0.5,0.000000000e+00,0.000000000e+00,nan,nan,nan,nan
11,0.55,0.000000000e+00,0.000000000e+00,nan,nan,nan,nan
12,0.6,0.000000000e+00,0.000000000e+00,nan,nan,nan,nan
13,0.65,0.000000000e+00,0.000000000e+00,nan,nan,nan,nan
14,0.7,0.000000000e+00,0.000000000e+00,nan,nan,nan,nan
15,0.75,0.000000000e+00,0.000000000e+00,nan,nan,nan,nan
16,0.8,0.000000000e+00,0.000000000e+00,nan,nan,nan,nan
17,0.85,0.000000000e+00,0.000000000e+00,nan,nan,nan,nan
18,0.9,0.000000000e+00,0.000000000e+00,nan,nan,nan,nan
19,0.95,0.000000000e+00,0.000000000e+00,nan,nan,nan,nan
20,1,0.000000000e+00,0.000000000e+00,nan,nan,nan,nan
21,1.05,0.000000000e+00,0.000000000e+00,nan,nan,nan,nan
22,1.1,0.000000000e+00,0.000000000e+00,nan,nan,nan,nan
23,1.15,0.000000000e+00,0.000000000e+00,nan,nan,nan,nan
24,1.2,0.000000000e+00,0.000000000e+00,nan,nan,nan,nan
25,1.25,0.000000000e+00,0.000000000e+00,nan,nan,nan,nan
26,1.3,0.000000000e+00,0.000000000e+00,nan,nan,nan,nan
27,1.35,0.000000000e+00,0.000000000e+00,nan,nan,nan,nan
28,1.4,0.000000000e+00,0.000000000e+00,nan,nan,nan,nan
29,1.45,0.000000000e+00,0.000000000e+00,nan,nan,nan,nan
30,1.5,0.000000000e+00,0.000000000e+00,nan,nan,nan,nan
31,1.55,0.000000000e+00,0.000000000e+00,nan,nan,nan,nan
32,1.6,0.000000000e+00,0.000000000e+00,nan,nan,nan,nan
33,1.65,0.000000000e+00,0.000000000e+00,nan,nan,nan,nan
34,1.7,0.000000000e+00,0.000000000e+00,nan,nan,nan,nan
35,1.75,0.000000000e+00,0.000000000e+00,nan,nan,nan,nan
36,1.8,0.000000000e+00,0.000000000e+00,nan,nan,nan,nan
37,1.85,0.000000000e+00,0.000000000e+00,nan,nan,nan,nan
38,1.9,0.000000000e+00,0.000000000e+00,nan,nan,nan,nan
39,1.95,0.000000000e+00,0.000000000e+00,nan,nan,nan,nan
40,2,0.000000000e+00,0.000000000e+00,nan,nan,nan,nan
41,2.05,0.000000000e+00,0.000000000e+00,nan,nan,nan,nan
42,2.1,0.000000000e+00,0.000000000e+00,nan,nan,nan,nan
43,2.15,2.004573533e-51,2.672764710e-51,nan,nan,nan,nan
44,2.2,5.345529420e-50,8.552847072e-50,nan,nan,nan,nan
45,2.25,1.690523679e-48,1.368455532e-48,nan,nan,nan,nan
46,2.3,2.221602027e-47,2.189528851e-47,nan,nan,nan,nan
47,2.35,3.500038843e-46,3.503246161e-46,nan,nan,nan,nan
48,2.4,2.878598664e-45,2.802596929e-45,nan,nan,nan,nan
49,2.45,3.372870903e-44,2.242077543e-44,nan,nan,nan,nan
50,2.5,2.313828874e-43,1.793662034e-43,nan,nan,nan,nan
51,2.55,1.362763100e-42,1.434929627e-42,nan,nan,nan,nan
52,2.6,6.428807350e-42,1.147943702e-41,nan,nan,nan,nan
53,2.65,4.325528166e-41,4.591774808e-41,nan,nan,nan,nan
54,2.7,2.562742866e-40,3.673419846e-40,nan,nan,nan,nan
55,2.75,8.351227377e-40,1.469367939e-39,nan,nan,nan,nan
56,2.8,4.824718181e-39,8.816207631e-39,nan,nan,nan,nan
57,2.85,2.177521457e-38,3.526483052e-38,nan,nan,nan,nan
58,2.9,7.359698261e-38,1.645692091e-37,nan,nan,nan,nan
59,2.95,3.604126309e-37,5.642372884e-37,nan,nan,nan,nan
60,3,9.596700335e-37,1.974830509e-36,nan,nan,nan,nan
61,3.05,3.244586991e-36,6.770847461e-36,nan,nan,nan,nan
62,3.1,9.438055180e-36,2.106485877e-35,nan,nan,nan,nan
63,3.15,4.080415542e-35,6.620384184e-35,nan,nan,nan,nan
64,3.2,9.037285662e-35,1.925929944e-34,nan,nan,nan,nan
65,3.25,2.232167024e-34,5.777789833e-34,nan,nan,nan,nan
66,3.3,5.324519377e-34,1.300002712e-33,nan,nan,nan,nan
67,3.35,1.427351260e-33,3.081487911e-33,nan,nan,nan,nan
68,3.4,3.109702941e-33,8.088905766e-33,nan,nan,nan,nan
69,3.45,6.847078207e-33,2.041485741e-32,nan,nan,nan,nan
70,3.5,1.477234485e-32,4.121490081e-32,nan,nan,nan,nan
71,3.55,2.948825372e-32,9.090389338e-32,nan,nan,nan,nan
72,3.6,5.332666346e-32,1.729485090e-31,nan,nan,nan,nan
73,3.65,1.049835056e-31,3.204747427e-31,nan,nan,nan,nan
74,3.7,1.994929731e-31,5.793197273e-31,nan,nan,nan,nan
75,3.75,3.720562962e-31,1.035379938e-30,nan,nan,nan,nan
76,3.8,6.416864884e-31,1.725633230e-30,nan,nan,nan,nan
77,3.85,1.171702409e-30,2.563797942e-30,nan,nan,nan,nan
78,3.9,1.787999991e-30,3.549874073e-30,nan,nan,nan,nan
79,3.95,2.527557090e-30,4.733165431e-30,nan,nan,nan,nan
80,4,3.008316152e-30,6.310887242e-30,nan,nan,nan,nan
81,4.05,4.191607510e-30,6.705317694e-30,nan,nan,nan,nan
82,4.1,5.374898868e-30,7.099748147e-30,nan,nan,nan,nan
83,4.15,5.212863930e-30,9.466330863e-30,nan,nan,nan,nan
84,4.2,6.529097094e-30,1.498835720e-29,nan,nan,nan,nan
85,4.25,1.103885736e-29,2.682127078e-29,nan,nan,nan,nan
86,4.3,1.984404514e-29,4.102076707e-29,nan,nan,nan,nan
87,4.35,3.009923691e-29,6.941975966e-29,nan,nan,nan,nan
88,4.4,4.272101140e-29,8.519697776e-29,nan,nan,nan,nan
89,4.45,6.007595131e-29,8.835242138e-29,nan,nan,nan,nan
90,4.5,5.376506407e-29,8.835242138e-29,nan,nan,nan,nan
91,4.55,5.978804186e-29,1.135959704e-28,nan,nan,nan,nan
92,4.6,8.242901993e-29,1.135959704e-28,nan,nan,nan,nan
93,4.65,1.102751398e-28,1.640830683e-28,nan,nan,nan,nan
94,4.7,1.319489629e-28,2.335028279e-28,nan,nan,nan,nan
95,4.75,2.095172630e-28,3.281661366e-28,nan,nan,nan,nan
96,4.8,3.041805717e-28,4.543838814e-28,nan,nan,nan,nan
97,4.85,3.420458951e-28,4.796274304e-28,nan,nan,nan,nan
98,4.9,3.917565051e-28,5.048709793e-28,nan,nan,nan,nan
99,4.95,4.002300396e-28,5.048709793e-28,nan,nan,nan,nan
100,5,3.719548615e-28,5.806016262e-28,nan,nan,nan,nan
101,5.05,4.621042051e-28,7.068193711e-28,nan,nan,nan,nan
102,5.1,6.301110336e-28,8.077935669e-28,nan,nan,nan,nan
103,5.15,7.126611352e-28,1.009741959e-27,nan,nan,nan,nan
104,5.2,8.893659779e-28,1.110716155e-27,nan,nan,nan,nan
105,5.25,1.015583723e-27,1.514612938e-27,nan,nan,nan,nan
106,5.3,1.015583723e-27,1.716561330e-27,nan,nan,nan,nan
107,5.35,1.051858951e-27,1.413638742e-27,nan,nan,nan,nan
108,5.4,1.253807343e-27,1.817535526e-27,nan,nan,nan,nan
109,5.45,1.123795006e-27,2.019483917e-27,nan,nan,nan,nan
110,5.5,1.346880108e-27,2.019483917e-27,nan,nan,nan,nan
111,5.55,1.428824113e-27,2.221432309e-27,nan,nan,nan,nan
112,5.6,1.808538318e-27,2.827277484e-27,nan,nan,nan,nan
113,5.65,2.212435101e-27,3.635071051e-27,nan,nan,nan,nan
114,5.7,2.767793179e-27,3.837019443e-27,nan,nan,nan,nan
115,5.75,3.043906868e-27,4.038967835e-27,nan,nan,nan,nan
116,5.8,3.851700435e-27,4.846761402e-27,nan,nan,nan,nan
117,5.85,4.053648827e-27,5.250658185e-27,nan,nan,nan,nan
118,5.9,3.507686596e-27,5.250658185e-27,nan,nan,nan,nan
119,5.95,4.570937100e-27,6.058451752e-27,nan,nan,nan,nan
120,6,4.158251218e-27,7.270142103e-27,nan,nan,nan,nan
121,6.05,5.254413660e-27,8.077935669e-27,nan,nan,nan,nan
122,6.1,6.668052402e-27,9.693522803e-27,nan,nan,nan,nan
123,6.15,8.613891962e-27,1.211690350e-26,nan,nan,nan,nan
124,6.2,9.623633921e-27,1.534807777e-26,nan,nan,nan,nan
125,6.25,9.623633921e-27,1.615587134e-26,nan,nan,nan,nan
126,6.3,1.048821310e-26,1.615587134e-26,nan,nan,nan,nan
127,6.35,1.151998166e-26,1.777145847e-26,nan,nan,nan,nan
128,6.4,1.394336236e-26,1.777145847e-26,nan,nan,nan,nan
129,6.45,1.432002663e-26,2.100263274e-26,nan,nan,nan,nan
130,6.5,1.324529873e-26,2.423380701e-26,nan,nan,nan,nan
131,6.55,1.647647299e-26,2.584939414e-26,nan,nan,nan,nan
132,6.6,2.286481360e-26,3.392732981e-26,nan,nan,nan,nan
133,6.65,2.811547179e-26,3.877409121e-26,nan,nan,nan,nan
134,6.7,3.377002675e-26,4.523643975e-26,nan,nan,nan,nan
135,6.75,3.315788306e-26,4.846761402e-26,nan,nan,nan,nan
136,6.8,3.477347020e-26,4.846761402e-26,nan,nan,nan,nan
137,6.85,3.962023160e-26,5.492996255e-26,nan,nan,nan,nan
138,6.9,3.757167563e-26,5.816113682e-26,nan,nan,nan,nan
139,6.95,4.102662088e-26,7.754818243e-26,nan,nan,nan,nan
140,7,4.291049031e-26,8.401053096e-26,nan,nan,nan,nan
141,7.05,5.125340161e-26,8.724170523e-26,nan,nan,nan,nan
142,7.1,7.064044722e-26,1.066287508e-25,nan,nan,nan,nan
143,7.15,8.841190569e-26,1.292469707e-25,nan,nan,nan,nan
144,7.2,9.810542849e-26,1.486340163e-25,nan,nan,nan,nan
145,7.25,1.110301256e-25,1.680210619e-25,nan,nan,nan,nan
146,7.3,1.256114182e-25,1.680210619e-25,nan,nan,nan,nan
147,7.35,1.191490696e-25,1.809457590e-25,nan,nan,nan,nan
148,7.4,1.203568029e-25,1.680210619e-25,nan,nan,nan,nan
149,7.45,1.268191514e-25,2.067951531e-25,nan,nan,nan,nan
150,7.5,1.638500225e-25,2.197198502e-25,nan,nan,nan,nan
151,7.55,1.591613149e-25,2.584939414e-25,nan,nan,nan,nan
152,7.6,1.935080492e-25,2.843433356e-25,nan,nan,nan,nan
153,7.65,2.516691860e-25,3.618915180e-25,nan,nan,nan,nan
154,7.7,2.775185801e-25,4.394397004e-25,nan,nan,nan,nan
155,7.75,3.162926713e-25,4.394397004e-25,nan,nan,nan,nan
156,7.8,3.140302306e-25,4.394397004e-25,nan,nan,nan,nan
157,7.85,3.956914633e-25,4.652890946e-25,nan,nan,nan,nan
158,7.9,3.793326458e-25,6.203854594e-25,nan,nan,nan,nan
159,7.95,3.425430481e-25,6.720842477e-25,nan,nan,nan,nan
160,8,3.921283882e-25,6.979336418e-25,nan,nan,nan,nan
161,8.05,4.834467708e-25,7.754818243e-25,nan,nan,nan,nan
162,8.1,5.601864857e-25,9.305781891e-25,nan,nan,nan,nan
163,8.15,7.496253806e-25,1.137373342e-24,nan,nan,nan,nan
164,8.2,9.687773928e-25,1.447566072e-24,nan,nan,nan,nan
165,8.25,1.441641181e-24,2.584939414e-24,nan,nan,nan,nan
166,8.3,3.043369136e-24,4.859686099e-24,nan,nan,nan,nan
167,8.35,6.045756516e-24,9.305781891e-24,nan,nan,nan,nan
168,8.4,1.245881452e-23,1.830137105e-23,nan,nan,nan,nan
169,8.45,2.508056550e-23,3.546536876e-23,nan,nan,nan,nan
170,8.5,4.984215703e-23,6.824240054e-23,nan,nan,nan,nan
171,8.55,9.698252172e-23,1.300741513e-22,nan,nan,nan,nan
172,8.6,1.851893050e-22,2.443284734e-22,nan,nan,nan,nan
173,8.65,3.447925145e-22,4.494692653e-22,nan,nan,nan,nan
174,8.7,6.252362057e-22,8.058290130e-22,nan,nan,nan,nan
175,8.75,1.104684608e-21,1.406053561e-21,nan,nan,nan,nan
176,8.8,1.900881999e-21,2.385382091e-21,nan,nan,nan,nan
177,8.85,3.174258469e-21,3.920008923e-21,nan,nan,nan,nan
178,8.9,5.128784915e-21,6.223913724e-21,nan,nan,nan,nan
179,8.95,8.013794751e-21,9.530361428e-21,nan,nan,nan,nan
180,9,1.202705088e-20,1.395246898e-20,nan,nan,nan,nan
181,9.05,1.726301551e-20,1.944536184e-20,nan,nan,nan,nan
182,9.1,2.347488187e-20,2.549039776e-20,nan,nan,nan,nan
183,9.15,2.995055270e-20,3.109950949e-20,nan,nan,nan,nan
184,9.2,3.545725661e-20,3.532392088e-20,nan,nan,nan,nan
185,9.25,3.984482756e-20,4.165681565e-20,nan,nan,nan,nan
186,9.3,5.109107062e-20,6.675182107e-20,nan,nan,nan,nan
187,9.35,9.073858339e-20,1.314166655e-19,nan,nan,nan,nan
188,9.4,1.774041039e-19,2.498606574e-19,nan,nan,nan,nan
189,9.45,3.250766438e-19,4.346114472e-19,nan,nan,nan,nan
190,9.5,5.460019299e-19,6.950906221e-19,nan,nan,nan,nan
191,9.55,8.435942687e-19,1.025275480e-18,nan,nan,nan,nan
192,9.6,1.206238724e-18,1.395466928e-18,nan,nan,nan,nan
193,9.65,1.590897588e-18,1.749045281e-18,nan,nan,nan,nan
194,9.7,1.929029227e-18,2.019319929e-18,nan,nan,nan,nan
195,9.75,2.175801767e-18,2.263425891e-18,nan,nan,nan,nan
196,9.8,2.518896533e-18,2.997489127e-18,nan,nan,nan,nan
197,9.85,3.679658453e-18,5.076849134e-18,nan,nan,nan,nan
198,9.9,6.408091127e-18,8.892909578e-18,nan,nan,nan,nan
199,9.95,1.089848433e-17,1.442880921e-17,nan,nan,nan,nan
200,10,1.700793637e-17,2.128600414e-17,nan,nan,nan,nan
201,10.05,2.417707334e-17,2.859021078e-17,nan,nan,nan,nan
202,10.1,3.133760174e-17,3.507206754e-17,nan,nan,nan,nan
203,10.15,3.713157636e-17,3.965879066e-17,nan,nan,nan,nan
204,10.2,4.124519203e-17,4.433750949e-17,nan,nan,nan,nan
205,10.25,4.786950509e-17,5.822280148e-17,nan,nan,nan,nan
206,10.3,6.805975998e-17,9.201875433e-17,nan,nan,nan,nan
207,10.35,1.091869270e-16,1.468141627e-16,nan,nan,nan,nan
208,10.4,1.691402162e-16,2.165803623e-16,nan,nan,nan,nan
209,10.45,2.397496900e-16,2.903712522e-16,nan,nan,nan,nan
210,10.5,3.093142023e-16,3.535848379e-16,nan,nan,nan,nan
211,10.55,3.634708060e-16,3.968682149e-16,nan,nan,nan,nan
212,10.6,4.003540806e-16,4.362407878e-16,nan,nan,nan,nan
213,10.65,4.510643604e-16,5.377626761e-16,nan,nan,nan,nan
214,10.7,5.943899789e-16,7.797217271e-16,nan,nan,nan,nan
215,10.75,8.806891879e-16,1.159599725e-15,nan,nan,nan,nan
216,10.8,1.276154392e-15,1.609067515e-15,nan,nan,nan,nan
217,10.85,1.704367967e-15,2.035021842e-15,nan,nan,nan,nan
218,10.9,2.074041995e-15,2.356045926e-15,nan,nan,nan,nan
219,10.95,2.323358559e-15,2.556085660e-15,nan,nan,nan,nan
220,11,2.500210291e-15,2.815168621e-15,nan,nan,nan,nan
221,11.05,2.866972773e-15,3.522298804e-15,nan,nan,nan,nan
222,11.1,3.763941812e-15,4.859989469e-15,nan,nan,nan,nan
223,11.15,5.203380519e-15,6.615553787e-15,nan,nan,nan,nan
224,11.2,6.868315939e-15,8.353095030e-15,nan,nan,nan,nan
225,11.25,8.351327292e-15,9.681950295e-15,nan,nan,nan,nan
226,11.3,9.353999400e-15,1.046257548e-14,nan,nan,nan,nan
227,11.35,9.906597073e-15,1.108443597e-14,nan,nan,nan,nan
228,11.4,1.068781980e-14,1.262959417e-14,nan,nan,nan,nan
229,11.45,1.271281970e-14,1.590329916e-14,nan,nan,nan,nan
230,11.5,1.624468734e-14,2.040473629e-14,nan,nan,nan,nan
231,11.55,2.046975943e-14,2.490137344e-14,nan,nan,nan,nan
232,11.6,2.414851389e-14,2.824399718e-14,nan,nan,nan,nan
233,11.65,2.648618647e-14,3.002733429e-14,nan,nan,nan,nan
234,11.7,2.754902141e-14,3.110757814e-14,nan,nan,nan,nan
235,11.75,2.869253217e-14,3.343828784e-14,nan,nan,nan,nan
236,11.8,3.176004456e-14,3.867885872e-14,nan,nan,nan,nan
237,11.85,3.734269974e-14,4.599411429e-14,nan,nan,nan,nan
238,11.9,4.404892578e-14,5.331835165e-14,nan,nan,nan,nan
239,11.95,4.978127496e-14,5.878033286e-14,nan,nan,nan,nan
240,12,5.346690811e-14,6.205829981e-14,nan,nan,nan,nan
241,12.05,5.553739215e-14,6.449428356e-14,nan,nan,nan,nan
242,12.1,5.773277405e-14,6.836474396e-14,nan,nan,nan,nan
243,12.15,6.222499419e-14,7.541437070e-14,nan,nan,nan,nan
244,12.2,6.954526263e-14,8.512031859e-14,nan,nan,nan,nan
245,12.25,7.874561965e-14,9.615072446e-14,nan,nan,nan,nan
246,12.3,8.852065829e-14,1.075149632e-13,nan,nan,nan,nan
247,12.35,9.849235132e-14,1.196686623e-13,nan,nan,nan,nan
248,12.4,1.097388210e-13,1.342369743e-13,nan,nan,nan,nan
249,12.45,1.239076460e-13,1.525273478e-13,nan,nan,nan,nan
250,12.5,1.416565420e-13,1.742131997e-13,nan,nan,nan,nan
251,12.55,1.619241367e-13,1.975833014e-13,nan,nan,nan,nan
252,12.6,1.829140984e-13,2.213581982e-13,nan,nan,nan,nan
253,12.65,2.040595810e-13,2.465656258e-13,nan,nan,nan,nan
254,12.7,2.271573318e-13,2.768757443e-13,nan,nan,nan,nan
255,12.75,2.559145333e-13,3.138893755e-13,nan,nan,nan,nan
256,12.8,2.905937724e-13,3.564791272e-13,nan,nan,nan,nan
257,12.85,3.288113906e-13,4.006482798e-13,nan,nan,nan,nan
258,12.9,3.665899158e-13,4.429681253e-13,nan,nan,nan,nan
259,12.95,4.021700232e-13,4.844209225e-13,nan,nan,nan,nan
260,13,4.386594705e-13,5.315467970e-13,nan,nan,nan,nan
261,13.05,4.826946838e-13,5.912881751e-13,nan,nan,nan,nan
262,13.1,5.403001573e-13,6.658062383e-13,nan,nan,nan,nan
263,13.15,6.105343685e-13,7.517819781e-13,nan,nan,nan,nan
264,13.2,6.889558015e-13,8.445534387e-13,nan,nan,nan,nan
265,13.25,7.730176523e-13,9.442567340e-13,nan,nan,nan,nan
266,13.3,8.641890082e-13,1.057785709e-12,nan,nan,nan,nan
267,13.35,9.701197954e-13,1.193977007e-12,nan,nan,nan,nan
268,13.4,1.098559004e-12,1.356013620e-12,nan,nan,nan,nan
269,13.45,1.249651842e-12,1.538477413e-12,nan,nan,nan,nan
270,13.5,1.414979142e-12,1.732750732e-12,nan,nan,nan,nan
271,13.55,1.587617533e-12,1.936399474e-12,nan,nan,nan,nan
272,13.6,1.769290776e-12,2.157537020e-12,nan,nan,nan,nan
273,13.65,1.970632264e-12,2.409261350e-12,nan,nan,nan,nan
274,13.7,2.202793623e-12,2.698960940e-12,nan,nan,nan,nan
275,13.75,2.468263640e-12,3.023161621e-12,nan,nan,nan,nan
276,13.8,2.760464113e-12,3.374285848e-12,nan,nan,nan,nan
277,13.85,3.073558212e-12,3.753008866e-12,nan,nan,nan,nan
278,13.9,3.413305355e-12,4.174796290e-12,nan,nan,nan,nan
279,13.95,3.797626178e-12,4.661252578e-12,nan,nan,nan,nan
280,14,4.245086022e-12,5.224917555e-12,nan,nan,nan,nan
281,14.05,4.762972808e-12,5.863122604e-12,nan,nan,nan,nan
282,14.1,5.343722540e-12,6.567358853e-12,nan,nan,nan,nan
283,14.15,5.979521388e-12,7.339368103e-12,nan,nan,nan,nan
284,14.2,6.677950084e-12,8.197430046e-12,nan,nan,nan,nan
285,14.25,7.459867873e-12,9.165586398e-12,nan,nan,nan,nan
286,14.3,8.344503233e-12,1.025638008e-11,nan,nan,nan,nan
287,14.35,9.335783967e-12,1.146561369e-11,nan,nan,nan,nan
288,14.4,1.042515324e-11,1.278620878e-11,nan,nan,nan,nan
289,14.45,1.160959144e-11,1.422820920e-11,nan,nan,nan,nan
290,14.5,1.290704912e-11,1.582433611e-11,nan,nan,nan,nan
291,14.55,1.435289953e-11,1.761452122e-11,nan,nan,nan,nan
292,14.6,1.598019813e-11,1.962488452e-11,nan,nan,nan,nan
293,14.65,1.780396173e-11,2.186328927e-11,nan,nan,nan,nan
294,14.7,1.982629528e-11,2.434822443e-11,nan,nan,nan,nan
295,14.75,2.205738928e-11,2.710014068e-11,nan,nan,nan,nan
296,14.8,2.452993370e-11,3.016901473e-11,nan,nan,nan,nan
297,14.85,2.729283797e-11,3.360408882e-11,nan,nan,nan,nan
298,14.9,3.040265308e-11,3.743418327e-11,nan,nan,nan,nan
299,14.95,3.385924659e-11,4.167251720e-11,nan,nan,nan,nan
300,15,3.767161129e-11,4.634188933e-11,nan,nan,nan,nan
301,15.05,4.186749028e-11,5.149426935e-11,nan,nan,nan,nan
302,15.1,4.650308382e-11,5.720436104e-11,nan,nan,nan,nan
303,15.15,5.164709365e-11,6.354486401e-11,nan,nan,nan,nan
304,15.2,5.735712900e-11,7.057132923e-11,nan,nan,nan,nan
305,15.25,6.367503502e-11,7.833399558e-11,nan,nan,nan,nan
306,15.3,7.064680504e-11,8.690387062e-11,nan,nan,nan,nan
307,15.35,7.834515371e-11,9.638406509e-11,nan,nan,nan,nan
308,15.4,8.686947188e-11,1.068936209e-10,nan,nan,nan,nan
309,15.45,9.632304275e-11,1.185420333e-10,nan,nan,nan,nan
310,15.5,1.067931377e-10,1.314577180e-10,nan,nan,nan,nan
311,15.55,1.183567560e-10,1.457710855e-10,nan,nan,nan,nan
312,15.6,1.311062360e-10,1.615718008e-10,nan,nan,nan,nan
313,15.65,1.451967221e-10,1.790283795e-10,nan,nan,nan,nan
314,15.7,1.608359683e-10,1.983202568e-10,nan,nan,nan,nan
315,15.75,1.781131473e-10,2.196224653e-10,nan,nan,nan,nan
316,15.8,1.971762880e-10,2.431160622e-10,nan,nan,nan,nan
317,15.85,2.181865606e-10,2.690136226e-10,nan,nan,nan,nan
318,15.9,2.413409612e-10,2.975714844e-10,nan,nan,nan,nan
319,15.95,2.668739603e-10,3.290762847e-10,nan,nan,nan,nan
320,16,2.950378663e-10,3.638237605e-10,nan,nan,nan,nan
321,16.05,3.260867121e-10,4.021167068e-10,nan,nan,nan,nan
322,16.1,3.602839997e-10,4.442859957e-10,nan,nan,nan,nan
323,16.15,3.979262613e-10,4.907114671e-10,nan,nan,nan,nan
324,16.2,4.393562353e-10,5.418208549e-10,nan,nan,nan,nan
325,16.25,4.849531965e-10,5.980727374e-10,nan,nan,nan,nan
326,16.3,5.351166058e-10,6.599586547e-10,nan,nan,nan,nan
327,16.35,5.902676738e-10,7.284705367e-10,nan,nan,nan,nan
328,16.4,6.508713077e-10,8.038200534e-10,nan,nan,nan,nan
329,16.45,7.176333775e-10,8.866841146e-10,nan,nan,nan,nan
330,16.5,7.913475454e-10,9.777975065e-10,nan,nan,nan,nan
331,16.55,8.723719452e-10,1.077941654e-09,nan,nan,nan,nan
332,16.6,9.613887997e-10,1.187957682e-09,nan,nan,nan,nan
333,16.65,1.059139103e-09,1.308773959e-09,nan,nan,nan,nan
334,16.7,1.166446763e-09,1.441420619e-09,nan,nan,nan,nan
335,16.75,1.284222783e-09,1.587020593e-09,nan,nan,nan,nan
336,16.8,1.413451116e-09,1.746777512e-09,nan,nan,nan,nan
337,16.85,1.555182304e-09,1.921986655e-09,nan,nan,nan,nan
338,16.9,1.710552896e-09,2.114067609e-09,nan,nan,nan,nan
339,16.95,1.880817189e-09,2.324590479e-09,nan,nan,nan,nan
340,17,2.067362327e-09,2.555275313e-09,nan,nan,nan,nan
341,17.05,2.271698279e-09,2.807978080e-09,nan,nan,nan,nan
342,17.1,2.495445948e-09,3.084694238e-09,nan,nan,nan,nan
343,17.15,2.740349897e-09,3.388754868e-09,nan,nan,nan,nan
344,17.2,3.008312387e-09,3.722779256e-09,nan,nan,nan,nan
345,17.25,3.302106227e-09,4.088441633e-09,nan,nan,nan,nan
346,17.3,3.625166318e-09,4.488612229e-09,nan,nan,nan,nan
347,17.35,3.978572128e-09,4.926383647e-09,nan,nan,nan,nan
348,17.4,4.365021397e-09,5.405107195e-09,nan,nan,nan,nan
349,17.45,4.787446056e-09,5.928440123e-09,nan,nan,nan,nan
350,17.5,5.249050734e-09,6.500372656e-09,nan,nan,nan,nan
351,17.55,5.753325523e-09,7.125230983e-09,nan,nan,nan,nan
352,17.6,6.304042924e-09,7.807684416e-09,nan,nan,nan,nan
353,17.65,6.905270001e-09,8.552780914e-09,nan,nan,nan,nan
354,17.7,7.561408485e-09,9.366000744e-09,nan,nan,nan,nan
355,17.75,8.277241581e-09,1.025329753e-08,nan,nan,nan,nan
356,17.8,9.057960271e-09,1.122111582e-08,nan,nan,nan,nan
357,17.85,9.909171522e-09,1.227640840e-08,nan,nan,nan,nan
358,17.9,1.083691742e-08,1.342668080e-08,nan,nan,nan,nan
359,17.95,1.184772329e-08,1.468005888e-08,nan,nan,nan,nan
360,18,1.294865852e-08,1.605439957e-08,nan,nan,nan,nan
361,18.05,1.414873496e-08,1.755345071e-08,nan,nan,nan,nan
362,18.1,1.546408593e-08,1.918640411e-08,nan,nan,nan,nan
363,18.15,1.689633115e-08,2.096462391e-08,nan,nan,nan,nan
364,18.2,1.845533075e-08,2.290039451e-08,nan,nan,nan,nan
365,18.25,2.015174512e-08,2.500700105e-08,nan,nan,nan,nan
366,18.3,2.199709608e-08,2.729878800e-08,nan,nan,nan,nan
367,18.35,2.400380858e-08,2.979121411e-08,nan,nan,nan,nan
368,18.4,2.618525988e-08,3.250093493e-08,nan,nan,nan,nan
369,18.45,2.855585999e-08,3.544591551e-08,nan,nan,nan,nan
370,18.5,3.113115272e-08,3.864554426e-08,nan,nan,nan,nan
371,18.55,3.392790568e-08,4.212072469e-08,nan,nan,nan,nan
372,18.6,3.696417880e-08,4.589395953e-08,nan,nan,nan,nan
373,18.65,4.025939569e-08,4.998945992e-08,nan,nan,nan,nan
374,18.7,4.383444598e-08,5.443328848e-08,nan,nan,nan,nan
375,18.75,4.771181270e-08,5.925350931e-08,nan,nan,nan,nan
376,18.8,5.191569366e-08,6.448031905e-08,nan,nan,nan,nan
377,18.85,5.647210193e-08,7.019084808e-08,nan,nan,nan,nan
378,18.9,6.144251830e-08,7.638372843e-08,nan,nan,nan,nan
379,18.95,6.683736248e-08,8.309684834e-08,nan,nan,nan,nan
380,19,7.268283157e-08,9.037154240e-08,nan,nan,nan,nan
381,19.05,7.901449390e-08,9.825223780e-08,nan,nan,nan,nan
382,19.1,8.587055064e-08,1.067866426e-07,nan,nan,nan,nan
383,19.15,9.329199243e-08,1.160259611e-07,nan,nan,nan,nan
384,19.2,1.013227894e-07,1.260251498e-07,nan,nan,nan,nan
385,19.25,1.100101144e-07,1.368431912e-07,nan,nan,nan,nan
386,19.3,1.194045692e-07,1.485433571e-07,nan,nan,nan,nan
387,19.35,1.295603967e-07,1.611934694e-07,nan,nan,nan,nan
388,19.4,1.405356966e-07,1.748661912e-07,nan,nan,nan,nan
389,19.45,1.523926787e-07,1.896393655e-07,nan,nan,nan,nan
390,19.5,1.651979545e-07,2.055963772e-07,nan,nan,nan,nan
391,19.55,1.790228380e-07,2.228265106e-07,nan,nan,nan,nan
392,19.6,1.939436359e-07,2.414253076e-07,nan,nan,nan,nan
393,19.65,2.100419438e-07,2.614949579e-07,nan,nan,nan,nan
394,19.7,2.274468760e-07,2.832937215e-07,nan,nan,nan,nan
395,19.75,2.463333773e-07,3.068468304e-07,nan,nan,nan,nan
396,19.8,2.667042289e-07,3.322545185e-07,nan,nan,nan,nan
397,19.85,2.886689159e-07,3.596539348e-07,nan,nan,nan,nan
398,19.9,3.123443875e-07,3.891916156e-07,nan,nan,nan,nan
399,19.95,3.378555217e-07,4.210240923e-07,nan,nan,nan,nan
400,20,3.653356393e-07,4.553185366e-07,nan,nan,nan,nan
401,20.05,3.949270375e-07,4.922534138e-07,nan,nan,nan,nan
402,20.1,4.267815235e-07,5.320191505e-07,nan,nan,nan,nan
403,20.15,4.610609669e-07,5.748188514e-07,nan,nan,nan,nan
404,20.2,4.979379039e-07,6.208690828e-07,nan,nan,nan,nan
405,20.25,5.375961946e-07,6.704007025e-07,nan,nan,nan,nan
406,20.3,5.802317066e-07,7.236597053e-07,nan,nan,nan,nan
407,20.35,6.260530038e-07,7.809080927e-07,nan,nan,nan,nan
408,20.4,6.752820620e-07,8.424248007e-07,nan,nan,nan,nan
409,20.45,7.281550445e-07,9.085067043e-07,nan,nan,nan,nan
410,20.5,7.849231404e-07,9.794696779e-07,nan,nan,nan,nan
411,20.55,8.461075076e-07,1.055854013e-06,nan,nan,nan,nan
412,20.6,9.120923099e-07,1.138327744e-06,nan,nan,nan,nan
413,20.65,9.829164865e-07,1.226864351e-06,nan,nan,nan,nan
414,20.7,1.058910182e-06,1.321878867e-06,nan,nan,nan,nan
415,20.75,1.140424172e-06,1.423812399e-06,nan,nan,nan,nan
416,20.8,1.227831015e-06,1.533133574e-06,nan,nan,nan,nan
417,20.85,1.321526247e-06,1.650340051e-06,nan,nan,nan,nan
418,20.9,1.421929607e-06,1.775960120e-06,nan,nan,nan,nan
419,20.95,1.529486361e-06,1.910554398e-06,nan,nan,nan,nan
420,21,1.644668707e-06,2.054717613e-06,nan,nan,nan,nan
421,21.05,1.767977225e-06,2.209080434e-06,nan,nan,nan,nan
422,21.1,1.899942363e-06,2.374311365e-06,nan,nan,nan,nan
423,21.15,2.041125989e-06,2.551118754e-06,nan,nan,nan,nan
424,21.2,2.192123030e-06,2.740252909e-06,nan,nan,nan,nan
425,21.25,2.353563206e-06,2.942508308e-06,nan,nan,nan,nan
426,21.3,2.526112821e-06,3.158725871e-06,nan,nan,nan,nan
427,21.35,2.710476602e-06,3.389795308e-06,nan,nan,nan,nan
428,21.4,2.907942313e-06,3.636657597e-06,nan,nan,nan,nan
429,21.45,3.120219291e-06,3.901092900e-06,nan,nan,nan,nan
430,21.5,3.346959128e-06,4.185151886e-06,nan,nan,nan,nan
431,21.55,3.589068782e-06,4.488522868e-06,nan,nan,nan,nan
432,21.6,3.847506437e-06,4.812414966e-06,nan,nan,nan,nan
433,21.65,4.123283994e-06,5.158105530e-06,nan,nan,nan,nan
434,21.7,4.417469681e-06,5.526943518e-06,nan,nan,nan,nan
435,21.75,4.731190784e-06,5.920352981e-06,nan,nan,nan,nan
436,21.8,5.065636467e-06,6.339836668e-06,nan,nan,nan,nan
437,21.85,5.422060660e-06,6.786979746e-06,nan,nan,nan,nan
438,21.9,5.801785067e-06,7.263453693e-06,nan,nan,nan,nan
439,21.95,6.206202302e-06,7.771020359e-06,nan,nan,nan,nan
440,22,6.636779156e-06,8.311536169e-06,nan,nan,nan,nan
441,22.05,7.095059953e-06,8.886956441e-06,nan,nan,nan,nan
442,22.1,7.582670011e-06,9.499339850e-06,nan,nan,nan,nan
443,22.15,8.101319207e-06,1.015085308e-05,nan,nan,nan,nan
444,22.2,8.652805701e-06,1.084377563e-05,nan,nan,nan,nan
445,22.25,9.239019777e-06,1.158050482e-05,nan,nan,nan,nan
446,22.3,9.866046344e-06,1.236356086e-05,nan,nan,nan,nan
447,22.35,1.053450132e-05,1.319559213e-05,nan,nan,nan,nan
448,22.4,1.124481869e-05,1.408568058e-05,nan,nan,nan,nan
449,22.45,1.199937734e-05,1.503326939e-05,nan,nan,nan,nan
450,22.5,1.280067510e-05,1.603977011e-05,nan,nan,nan,nan
451,22.55,1.365133370e-05,1.710850534e-05,nan,nan,nan,nan
452,22.6,1.455410382e-05,1.824296250e-05,nan,nan,nan,nan
453,22.65,1.551187028e-05,1.944680060e-05,nan,nan,nan,nan
454,22.7,1.652765744e-05,2.072385729e-05,nan,nan,nan,nan
455,22.75,1.760463473e-05,2.207815593e-05,nan,nan,nan,nan
456,22.8,1.874612225e-05,2.351391302e-05,nan,nan,nan,nan
457,22.85,1.995559657e-05,2.503554566e-05,nan,nan,nan,nan
458,22.9,2.123669667e-05,2.664767941e-05,nan,nan,nan,nan
459,22.95,2.259323002e-05,2.835515619e-05,nan,nan,nan,nan
460,23,2.402917883e-05,3.016304246e-05,nan,nan,nan,nan
461,23.05,2.554870641e-05,3.207663754e-05,nan,nan,nan,nan
462,23.1,2.715616365e-05,3.410148212e-05,nan,nan,nan,nan
463,23.15,2.885609564e-05,3.624336703e-05,nan,nan,nan,nan
464,23.2,3.066211880e-05,3.850834217e-05,nan,nan,nan,nan
465,23.25,3.258125694e-05,4.090272557e-05,nan,nan,nan,nan
466,23.3,3.461011470e-05,4.343311268e-05,nan,nan,nan,nan
467,23.35,3.675428018e-05,4.611805186e-05,nan,nan,nan,nan
468,23.4,3.901958379e-05,4.896923212e-05,nan,nan,nan,nan
469,23.45,4.141210627e-05,5.198125322e-05,nan,nan,nan,nan
470,23.5,4.393818699e-05,5.516218478e-05,nan,nan,nan,nan
471,23.55,4.660443215e-05,5.852044002e-05,nan,nan,nan,nan
472,23.6,4.941772328e-05,6.206478694e-05,nan,nan,nan,nan
473,23.65,5.238522577e-05,6.580435962e-05,nan,nan,nan,nan
474,23.7,5.551439755e-05,6.974866974e-05,nan,nan,nan,nan
475,23.75,5.881299792e-05,7.390761815e-05,nan,nan,nan,nan
476,23.8,6.228909632e-05,7.829150665e-05,nan,nan,nan,nan
477,23.85,6.595108129e-05,8.291104988e-05,nan,nan,nan,nan
478,23.9,6.980766948e-05,8.777738739e-05,nan,nan,nan,nan
479,23.95,7.386791477e-05,9.290209580e-05,nan,nan,nan,nan
480,24,7.814121745e-05,9.829720104e-05,nan,nan,nan,nan
481,24.05,8.263733330e-05,1.039751906e-04,nan,nan,nan,nan
482,24.1,8.736638283e-05,1.099490260e-04,nan,nan,nan,nan
483,24.15,9.236861967e-05,1.162321553e-04,nan,nan,nan,nan
484,24.2,9.765230860e-05,1.228385254e-04,nan,nan,nan,nan
485,24.25,1.032077653e-04,1.297825949e-04,nan,nan,nan,nan
486,24.3,1.090471197e-04,1.370793462e-04,nan,nan,nan,nan
487,24.35,1.151829383e-04,1.447563270e-04,nan,nan,nan,nan
488,24.4,1.216282349e-04,1.528863748e-04,nan,nan,nan,nan
489,24.45,1.283964803e-04,1.614260145e-04,nan,nan,nan,nan
490,24.5,1.355016129e-04,1.703930773e-04,nan,nan,nan,nan
491,24.55,1.429580480e-04,1.798060149e-04,nan,nan,nan,nan
492,24.6,1.507806884e-04,1.896839131e-04,nan,nan,nan,nan
493,24.65,1.589849339e-04,2.000465050e-04,nan,nan,nan,nan
494,24.7,1.675866908e-04,2.109141846e-04,nan,nan,nan,nan
495,24.75,1.766023816e-04,2.223080196e-04,nan,nan,nan,nan
496,24.8,1.860489545e-04,2.342497645e-04,nan,nan,nan,nan
497,24.85,1.959438918e-04,2.467618730e-04,nan,nan,nan,nan
498,24.9,2.063052194e-04,2.598675106e-04,nan,nan,nan,nan
499,24.95,2.171515153e-04,2.735905669e-04,nan,nan,nan,nan
500,25,2.285019178e-04,2.879556671e-04,nan,nan,nan,nan
501,25.05,2.403761334e-04,3.029881835e-04,nan,nan,nan,nan
502,25.1,2.527944446e-04,3.187142470e-04,nan,nan,nan,nan
503,25.15,2.658767593e-04,3.351607572e-04,nan,nan,nan,nan
504,25.2,2.796010185e-04,3.523553931e-04,nan,nan,nan,nan
505,25.25,2.939487680e-04,3.703266225e-04,nan,nan,nan,nan
506,25.3,3.089436318e-04,3.891037115e-04,nan,nan,nan,nan
507,25.35,3.246098884e-04,4.087167329e-04,nan,nan,nan,nan
508,25.4,3.409724771e-04,4.291965747e-04,nan,nan,nan,nan
509,25.45,3.580570036e-04,4.506943125e-04,nan,nan,nan,nan
510,25.5,3.758897460e-04,4.732403273e-04,nan,nan,nan,nan
511,25.55,3.944976594e-04,4.967729949e-04,nan,nan,nan,nan
512,25.6,4.139083802e-04,5.213278954e-04,nan,nan,nan,nan
513,25.65,4.341502297e-04,5.469415138e-04,nan,nan,nan,nan
514,25.7,4.552522168e-04,5.736512453e-04,nan,nan,nan,nan
515,25.75,4.772440408e-04,6.014954000e-04,nan,nan,nan,nan
516,25.8,5.001560921e-04,6.305132066e-04,nan,nan,nan,nan
517,25.85,5.240194536e-04,6.607448142e-04,nan,nan,nan,nan
518,25.9,5.488659001e-04,6.922312947e-04,nan,nan,nan,nan
519,25.95,5.747278977e-04,7.250146430e-04,nan,nan,nan,nan
520,26,6.016386015e-04,7.591377762e-04,nan,nan,nan,nan
521,26.05,6.296318535e-04,7.946445323e-04,nan,nan,nan,nan
522,26.1,6.587421784e-04,8.315796673e-04,nan,nan,nan,nan
523,26.15,6.890047793e-04,8.699888510e-04,nan,nan,nan,nan
524,26.2,7.206505296e-04,9.099186618e-04,nan,nan,nan,nan
525,26.25,7.537103322e-04,9.514165802e-04,nan,nan,nan,nan
526,26.3,7.880649790e-04,9.945309807e-04,nan,nan,nan,nan
527,26.35,8.237541159e-04,1.039311123e-03,nan,nan,nan,nan
528,26.4,8.608180944e-04,1.085807140e-03,nan,nan,nan,nan
529,26.45,8.992979607e-04,1.134070029e-03,nan,nan,nan,nan
530,26.5,9.392354452e-04,1.184151633e-03,nan,nan,nan,nan
531,26.55,9.806729496e-04,1.236104630e-03,nan,nan,nan,nan
532,26.6,1.023653533e-03,1.290025922e-03,nan,nan,nan,nan
533,26.65,1.068220899e-03,1.346482760e-03,nan,nan,nan,nan
534,26.7,1.114419375e-03,1.405022855e-03,nan,nan,nan,nan
535,26.75,1.162293899e-03,1.465704508e-03,nan,nan,nan,nan
536,26.8,1.211890000e-03,1.528586834e-03,nan,nan,nan,nan
537,26.85,1.263253775e-03,1.593729737e-03,nan,nan,nan,nan
538,26.9,1.316431870e-03,1.661193884e-03,nan,nan,nan,nan
539,26.95,1.371471456e-03,1.731040676e-03,nan,nan,nan,nan
540,27,1.428420204e-03,1.803332219e-03,nan,nan,nan,nan
541,27.05,1.487326260e-03,1.878131294e-03,nan,nan,nan,nan
542,27.1,1.548238219e-03,1.955501324e-03,nan,nan,nan,nan
543,27.15,1.611205091e-03,2.035506335e-03,nan,nan,nan,nan
544,27.2,1.676276278e-03,2.118210925e-03,nan,nan,nan,nan
545,27.25,1.743501538e-03,2.203680219e-03,nan,nan,nan,nan
546,27.3,1.812930954e-03,2.291979834e-03,nan,nan,nan,nan
547,27.35,1.885125198e-03,2.383175833e-03,nan,nan,nan,nan
548,27.4,1.960022638e-03,2.477334682e-03,nan,nan,nan,nan
549,27.45,2.037342204e-03,2.574523201e-03,nan,nan,nan,nan
550,27.5,2.117137778e-03,2.674808521e-03,nan,nan,nan,nan
551,27.55,2.199463443e-03,2.778258029e-03,nan,nan,nan,nan
552,27.6,2.284373447e-03,2.884939320e-03,nan,nan,nan,nan
553,27.65,2.371922153e-03,2.994920140e-03,nan,nan,nan,nan
554,27.7,2.462164000e-03,3.108268334e-03,nan,nan,nan,nan
555,27.75,2.555153452e-03,3.225051786e-03,nan,nan,nan,nan
556,27.8,2.650944952e-03,3.345338362e-03,nan,nan,nan,nan
557,27.85,2.749592875e-03,3.469195849e-03,nan,nan,nan,nan
558,27.9,2.851151471e-03,3.596691893e-03,nan,nan,nan,nan
559,27.95,2.955674822e-03,3.729094195e-03,nan,nan,nan,nan
560,28,3.063216780e-03,3.865608942e-03,nan,nan,nan,nan
561,28.05,3.173830922e-03,4.006064178e-03,nan,nan,nan,nan
562,28.1,3.287570487e-03,4.150530005e-03,nan,nan,nan,nan
563,28.15,3.404488323e-03,4.299076099e-03,nan,nan,nan,nan
564,28.2,3.524636828e-03,4.451771642e-03,nan,nan,nan,nan
565,28.25,3.648067896e-03,4.608685244e-03,nan,nan,nan,nan
566,28.3,3.774832852e-03,4.769884865e-03,nan,nan,nan,nan
567,28.35,3.904982394e-03,4.935437744e-03,nan,nan,nan,nan
568,28.4,4.038566532e-03,5.105410313e-03,nan,nan,nan,nan
569,28.45,4.175634528e-03,5.279868124e-03,nan,nan,nan,nan
570,28.5,4.316234831e-03,5.458875764e-03,nan,nan,nan,nan
571,28.55,4.460415015e-03,5.642496775e-03,nan,nan,nan,nan
572,28.6,4.608221718e-03,5.830793572e-03,nan,nan,nan,nan
573,28.65,4.761511691e-03,6.023827361e-03,nan,nan,nan,nan
574,28.7,4.918714727e-03,6.221658054e-03,nan,nan,nan,nan
575,28.75,5.079794485e-03,6.424344187e-03,nan,nan,nan,nan
576,28.8,5.244796695e-03,6.631942832e-03,nan,nan,nan,nan
577,28.85,5.413765837e-03,6.844509518e-03,nan,nan,nan,nan
578,28.9,5.586745077e-03,7.062098142e-03,nan,nan,nan,nan
579,28.95,5.763776200e-03,7.284760886e-03,nan,nan,nan,nan
580,29,5.944899537e-03,7.512548132e-03,nan,nan,nan,nan
581,29.05,6.130153902e-03,7.745508379e-03,nan,nan,nan,nan
582,29.1,6.319576522e-03,7.983688158e-03,nan,nan,nan,nan
583,29.15,6.513202969e-03,8.227131950e-03,nan,nan,nan,nan
584,29.2,6.711067098e-03,8.475882100e-03,nan,nan,nan,nan
585,29.25,6.913200975e-03,8.729978739e-03,nan,nan,nan,nan
586,29.3,7.119634815e-03,8.989459702e-03,nan,nan,nan,nan
587,29.35,7.330396921e-03,9.254360446e-03,nan,nan,nan,nan
588,29.4,7.545513612e-03,9.524713972e-03,nan,nan,nan,nan
589,29.45,7.765009171e-03,9.800550751e-03,nan,nan,nan,nan
590,29.5,7.988905777e-03,1.008462138e-02,nan,nan,nan,nan
591,29.55,8.217223446e-03,1.037484178e-02,nan,nan,nan,nan
592,29.6,8.449979978e-03,1.067078105e-02,nan,nan,nan,nan
593,29.65,8.687190893e-03,1.097246189e-02,nan,nan,nan,nan
594,29.7,8.928869382e-03,1.127990406e-02,nan,nan,nan,nan
595,29.75,9.175026251e-03,1.159312427e-02,nan,nan,nan,nan
596,29.8,9.425669868e-03,1.191213615e-02,nan,nan,nan,nan
597,29.85,9.680806117e-03,1.223695013e-02,nan,nan,nan,nan
598,29.9,9.940438351e-03,1.256757344e-02,nan,nan,nan,nan
599,29.95,1.020456734e-02,1.290400999e-02,nan,nan,nan,nan
600,30,1.047319124e-02,1.324626034e-02,nan,nan,nan,nan
601,30.05,1.074630554e-02,1.359432164e-02,nan,nan,nan,nan
602,30.1,1.102390303e-02,1.394818757e-02,nan,nan,nan,nan
603,30.15,1.130872801e-02,1.430784831e-02,nan,nan,nan,nan
604,30.2,1.159907236e-02,1.467329045e-02,nan,nan,nan,nan
605,30.25,1.189402157e-02,1.504449700e-02,nan,nan,nan,nan
606,30.3,1.219355937e-02,1.542144730e-02,nan,nan,nan,nan
607,30.35,1.249766655e-02,1.580411704e-02,nan,nan,nan,nan
608,30.4,1.280632091e-02,1.619247817e-02,nan,nan,nan,nan
609,30.45,1.311949727e-02,1.658649889e-02,nan,nan,nan,nan
610,30.5,1.343716743e-02,1.698614366e-02,nan,nan,nan,nan
611,30.55,1.375930015e-02,1.739137314e-02,nan,nan,nan,nan
612,30.6,1.408586115e-02,1.780214417e-02,nan,nan,nan,nan
613,30.65,1.441681309e-02,1.821840979e-02,nan,nan,nan,nan
614,30.7,1.475211559e-02,1.864011920e-02,nan,nan,nan,nan
615,30.75,1.509172518e-02,1.906721780e-02,nan,nan,nan,nan
616,30.8,1.543559534e-02,1.949964713e-02,nan,nan,nan,nan
617,30.85,1.578367650e-02,1.993734492e-02,nan,nan,nan,nan
618,30.9,1.613591602e-02,2.038024508e-02,nan,nan,nan,nan
619,30.95,1.649225825e-02,2.082827773e-02,nan,nan,nan,nan
620,31,1.685264450e-02,2.128136920e-02,nan,nan,nan,nan
621,31.05,1.721701308e-02,2.173944206e-02,nan,nan,nan,nan
622,31.1,1.758529933e-02,2.220241517e-02,nan,nan,nan,nan
623,31.15,1.795743561e-02,2.267020367e-02,nan,nan,nan,nan
624,31.2,1.833335140e-02,2.314271904e-02,nan,nan,nan,nan
625,31.25,1.871297325e-02,2.361986916e-02,nan,nan,nan,nan
626,31.3,1.909622487e-02,2.410155831e-02,nan,nan,nan,nan
627,31.35,1.948302718e-02,2.458768726e-02,nan,nan,nan,nan
628,31.4,1.987329831e-02,2.507815331e-02,nan,nan,nan,nan
629,31.45,2.026695368e-02,2.557285036e-02,nan,nan,nan,nan
630,31.5,2.066390605e-02,2.607166896e-02,nan,nan,nan,nan
631,31.55,2.106406556e-02,2.657704910e-02,nan,nan,nan,nan
632,31.6,2.146733980e-02,2.708948577e-02,nan,nan,nan,nan
633,31.65,2.187363388e-02,2.760583962e-02,nan,nan,nan,nan
634,31.7,2.228285046e-02,2.812598690e-02,nan,nan,nan,nan
635,31.75,2.269488989e-02,2.864980072e-02,nan,nan,nan,nan
636,31.8,2.310965017e-02,2.917715120e-02,nan,nan,nan,nan
637,31.85,2.352702716e-02,2.970790547e-02,nan,nan,nan,nan
638,31.9,2.394691453e-02,3.024192789e-02,nan,nan,nan,nan
639,31.95,2.436920393e-02,3.077908002e-02,nan,nan,nan,nan
640,32,2.479378502e-02,3.131922085e-02,nan,nan,nan,nan
641,32.05,2.522054561e-02,3.186220682e-02,nan,nan,nan,nan
642,32.1,2.564937168e-02,3.240789196e-02,nan,nan,nan,nan
643,32.15,2.608336768e-02,3.295612802e-02,nan,nan,nan,nan
644,32.2,2.652176881e-02,3.350676457e-02,nan,nan,nan,nan
645,32.25,2.696200031e-02,3.405964914e-02,nan,nan,nan,nan
646,32.3,2.740393950e-02,3.461462732e-02,nan,nan,nan,nan
647,32.35,2.784746227e-02,3.517154291e-02,nan,nan,nan,nan
648,32.4,2.829244315e-02,3.573023803e-02,nan,nan,nan,nan
649,32.45,2.873875547e-02,3.629055326e-02,nan,nan,nan,nan
650,32.5,2.918627141e-02,3.685232780e-02,nan,nan,nan,nan
651,32.55,2.963486215e-02,3.741539956e-02,nan,nan,nan,nan
652,32.6,3.008439793e-02,3.797960532e-02,nan,nan,nan,nan
653,32.65,3.053474824e-02,3.854478089e-02,nan,nan,nan,nan
654,32.7,3.098578186e-02,3.911076121e-02,nan,nan,nan,nan
655,32.75,3.143736700e-02,3.967738053e-02,nan,nan,nan,nan
656,32.8,3.188937141e-02,4.024447252e-02,nan,nan,nan,nan
657,32.85,3.234166250e-02,4.081187044e-02,nan,nan,nan,nan
658,32.9,3.279410747e-02,4.137940727e-02,nan,nan,nan,nan
659,32.95,3.324657339e-02,4.194691586e-02,nan,nan,nan,nan
660,33,3.369892734e-02,4.251422907e-02,nan,nan,nan,nan
661,33.05,3.415103650e-02,4.308117993e-02,nan,nan,nan,nan
662,33.1,3.460276831e-02,4.364760176e-02,nan,nan,nan,nan
663,33.15,3.505399054e-02,4.421332833e-02,nan,nan,nan,nan
664,33.2,3.550457143e-02,4.477819401e-02,nan,nan,nan,nan
665,33.25,3.595437978e-02,4.534203390e-02,nan,nan,nan,nan
666,33.3,3.640328511e-02,4.590468395e-02,nan,nan,nan,nan
667,33.35,3.685115770e-02,4.646598116e-02,nan,nan,nan,nan
668,33.4,3.729786875e-02,4.702576368e-02,nan,nan,nan,nan
669,33.45,3.774329050e-02,4.758387092e-02,nan,nan,nan,nan
670,33.5,3.818729629e-02,4.814014374e-02,nan,nan,nan,nan
671,33.55,3.862976069e-02,4.869442457e-02,nan,nan,nan,nan
672,33.6,3.907055962e-02,4.924655751e-02,nan,nan,nan,nan
673,33.65,3.950957042e-02,4.979638848e-02,nan,nan,nan,nan
674,33.7,3.994667198e-02,5.034376536e-02,nan,nan,nan,nan
675,33.75,4.038174481e-02,5.088853808e-02,nan,nan,nan,nan
676,33.8,4.081467117e-02,5.143055878e-02,nan,nan,nan,nan
677,33.85,4.124533511e-02,5.196968190e-02,nan,nan,nan,nan
678,33.9,4.167362263e-02,5.250576429e-02,nan,nan,nan,nan
679,33.95,4.209942169e-02,5.303866535e-02,nan,nan,nan,nan
680,34,4.252262237e-02,5.356824710e-02,nan,nan,nan,nan
681,34.05,4.294311691e-02,5.409437432e-02,nan,nan,nan,nan
682,34.1,4.336079977e-02,5.461691464e-02,nan,nan,nan,nan
683,34.15,4.377556777e-02,5.513573859e-02,nan,nan,nan,nan
684,34.2,4.418732009e-02,5.565071979e-02,nan,nan,nan,nan
685,34.25,4.459595841e-02,5.616173495e-02,nan,nan,nan,nan
686,34.3,4.500138691e-02,5.666866397e-02,nan,nan,nan,nan
687,34.35,4.540351239e-02,5.717139007e-02,nan,nan,nan,nan
688,34.4,4.580224428e-02,5.766979981e-02,nan,nan,nan,nan
689,34.45,4.619749474e-02,5.816378318e-02,nan,nan,nan,nan
690,34.5,4.658917868e-02,5.865323369e-02,nan,nan,nan,nan
691,34.55,4.697721383e-02,5.913804838e-02,nan,nan,nan,nan
692,34.6,4.736152077e-02,5.961812794e-02,nan,nan,nan,nan
693,34.65,4.774202298e-02,6.009337671e-02,nan,nan,nan,nan
694,34.7,4.811864687e-02,6.056370275e-02,nan,nan,nan,nan
695,34.75,4.849132184e-02,6.102901791e-02,nan,nan,nan,nan
696,34.8,4.885998028e-02,6.148923781e-02,nan,nan,nan,nan
697,34.85,4.922455760e-02,6.194428192e-02,nan,nan,nan,nan
698,34.9,4.958499227e-02,6.239407360e-02,nan,nan,nan,nan
699,34.95,4.994122583e-02,6.283854006e-02,nan,nan,nan,nan
700,35,5.029320292e-02,6.327761246e-02,nan,nan,nan,nan
701,35.05,5.064087125e-02,6.371122587e-02,nan,nan,nan,nan
702,35.1,5.098418167e-02,6.413931930e-02,nan,nan,nan,nan
703,35.15,5.132308812e-02,6.456183571e-02,nan,nan,nan,nan
704,35.2,5.165754766e-02,6.497872200e-02,nan,nan,nan,nan
705,35.25,5.198752048e-02,6.538992904e-02,nan,nan,nan,nan
706,35.3,5.231296985e-02,6.579541161e-02,nan,nan,nan,nan
707,35.35,5.263386215e-02,6.619512844e-02,nan,nan,nan,nan
708,35.4,5.295016685e-02,6.658904214e-02,nan,nan,nan,nan
709,35.45,5.326185649e-02,6.697711925e-02,nan,nan,nan,nan
710,35.5,5.356890664e-02,6.735933016e-02,nan,nan,nan,nan
711,35.55,5.387129593e-02,6.773564909e-02,nan,nan,nan,nan
712,35.6,5.416900597e-02,6.810605409e-02,nan,nan,nan,nan
713,35.65,5.446202136e-02,6.847052696e-02,nan,nan,nan,nan
714,35.7,5.475032963e-02,6.882905324e-02,nan,nan,nan,nan
715,35.75,5.503392125e-02,6.918162218e-02,nan,nan,nan,nan
716,35.8,5.531278952e-02,6.952822664e-02,nan,nan,nan,nan
717,35.85,5.558693062e-02,6.986886309e-02,nan,nan,nan,nan
718,35.9,5.585634348e-02,7.020353154e-02,nan,nan,nan,nan
719,35.95,5.612102982e-02,7.053223547e-02,nan,nan,nan,nan
720,36,5.638099403e-02,7.085498180e-02,nan,nan,nan,nan
721,36.05,5.663624316e-02,7.117178079e-02,nan,nan,nan,nan
722,36.1,5.688678688e-02,7.148264601e-02,nan,nan,nan,nan
723,36.15,5.713263738e-02,7.178759424e-02,nan,nan,nan,nan
724,36.2,5.737380936e-02,7.208664545e-02,nan,nan,nan,nan
725,36.25,5.761031996e-02,7.237982265e-02,nan,nan,nan,nan
726,36.3,5.784218869e-02,7.266715189e-02,nan,nan,nan,nan
727,36.35,5.806943737e-02,7.294866213e-02,nan,nan,nan,nan
728,36.4,5.829209010e-02,7.322438518e-02,nan,nan,nan,nan
729,36.45,5.851017314e-02,7.349435565e-02,nan,nan,nan,nan
730,36.5,5.872371490e-02,7.375861081e-02,nan,nan,nan,nan
731,36.55,5.893274585e-02,7.401719054e-02,nan,nan,nan,nan
732,36.6,5.913729844e-02,7.427013724e-02,nan,nan,nan,nan
733,36.65,5.933740707e-02,7.451749574e-02,nan,nan,nan,nan
734,36.7,5.953310799e-02,7.475931322e-02,nan,nan,nan,nan
735,36.75,5.972443924e-02,7.499563910e-02,nan,nan,nan,nan
736,36.8,5.991144057e-02,7.522652498e-02,nan,nan,nan,nan
737,36.85,6.009415339e-02,7.545202454e-02,nan,nan,nan,nan
738,36.9,6.027262071e-02,7.567219342e-02,nan,nan,nan,nan
739,36.95,6.044688700e-02,7.588708918e-02,nan,nan,nan,nan
740,37,6.061699822e-02,7.609677118e-02,nan,nan,nan,nan
741,37.05,6.078300166e-02,7.630130046e-02,nan,nan,nan,nan
742,37.1,6.094494593e-02,7.650073973e-02,nan,nan,nan,nan
743,37.15,6.110288084e-02,7.669515318e-02,nan,nan,nan,nan
744,37.2,6.125685737e-02,7.688460648e-02,nan,nan,nan,nan
745,37.25,6.140692758e-02,7.706916660e-02,nan,nan,nan,nan
746,37.3,6.155314454e-02,7.724890182e-02,nan,nan,nan,nan
747,37.35,6.169556226e-02,7.742388155e-02,nan,nan,nan,nan
748,37.4,6.183423563e-02,7.759417629e-02,nan,nan,nan,nan
749,37.45,6.196922035e-02,7.775985754e-02,nan,nan,nan,nan
750,37.5,6.210057285e-02,7.792099769e-02,nan,nan,nan,nan
751,37.55,6.222835023e-02,7.807766995e-02,nan,nan,nan,nan
752,37.6,6.235261019e-02,7.822994828e-02,nan,nan,nan,nan
753,37.65,6.247341099e-02,7.837790728e-02,nan,nan,nan,nan
754,37.7,6.259081134e-02,7.852162211e-02,nan,nan,nan,nan
755,37.75,6.270487039e-02,7.866116843e-02,nan,nan,nan,nan
756,37.8,6.281564761e-02,7.879662230e-02,nan,nan,nan,nan
757,37.85,6.292320279e-02,7.892806013e-02,nan,nan,nan,nan
758,37.9,6.302759593e-02,7.905555856e-02,nan,nan,nan,nan
759,37.95,6.312888722e-02,7.917919442e-02,nan,nan,nan,nan
760,38,6.322713694e-02,7.929904465e-02,nan,nan,nan,nan
761,38.05,6.332240546e-02,7.941518623e-02,nan,nan,nan,nan
762,38.1,6.341475314e-02,7.952769611e-02,nan,nan,nan,nan
763,38.15,6.350424030e-02,7.963665112e-02,nan,nan,nan,nan
764,38.2,6.359092715e-02,7.974212795e-02,nan,nan,nan,nan
765,38.25,6.367487378e-02,7.984420307e-02,nan,nan,nan,nan
766,38.3,6.375614007e-02,7.994295263e-02,nan,nan,nan,nan
767,38.35,6.383478565e-02,8.003845245e-02,nan,nan,nan,nan
768,38.4,6.391086988e-02,8.013077797e-02,nan,nan,nan,nan
769,38.45,6.398445179e-02,8.022000413e-02,nan,nan,nan,nan
770,38.5,6.405559005e-02,8.030620540e-02,nan,nan,nan,nan
771,38.55,6.412434289e-02,8.038945565e-02,nan,nan,nan,nan
772,38.6,6.419076812e-02,8.046982817e-02,nan,nan,nan,nan
773,38.65,6.425492306e-02,8.054739558e-02,nan,nan,nan,nan
774,38.7,6.431686451e-02,8.062222982e-02,nan,nan,nan,nan
775,38.75,6.437664871e-02,8.069440206e-02,nan,nan,nan,nan
776,38.8,6.443433134e-02,8.076398271e-02,nan,nan,nan,nan
777,38.85,6.448996744e-02,8.083104136e-02,nan,nan,nan,nan
778,38.9,6.454361142e-02,8.089564675e-02,nan,nan,nan,nan
779,38.95,6.459531703e-02,8.095786671e-02,nan,nan,nan,nan
780,39,6.464513731e-02,8.101776818e-02,nan,nan,nan,nan
781,39.05,6.469312460e-02,8.107541714e-02,nan,nan,nan,nan
782,39.1,6.473933049e-02,8.113087861e-02,nan,nan,nan,nan
783,39.15,6.478380582e-02,8.118421659e-02,nan,nan,nan,nan
784,39.2,6.482660066e-02,8.123549408e-02,nan,nan,nan,nan
785,39.25,6.486776426e-02,8.128477303e-02,nan,nan,nan,nan
786,39.3,6.490734508e-02,8.133211432e-02,nan,nan,nan,nan
787,39.35,6.494539077e-02,8.137757778e-02,nan,nan,nan,nan
788,39.4,6.498194810e-02,8.142122211e-02,nan,nan,nan,nan
789,39.45,6.501706305e-02,8.146310493e-02,nan,nan,nan,nan
790,39.5,6.505078068e-02,8.150328273e-02,nan,nan,nan,nan
791,39.55,6.508314524e-02,8.154181088e-02,nan,nan,nan,nan
792,39.6,6.511420007e-02,8.157874361e-02,nan,nan,nan,nan
793,39.65,6.514398764e-02,8.161413402e-02,nan,nan,nan,nan
794,39.7,6.517254954e-02,8.164803403e-02,nan,nan,nan,nan
795,39.75,6.519992647e-02,8.168049445e-02,nan,nan,nan,nan
796,39.8,6.522615824e-02,8.171156492e-02,nan,nan,nan,nan
797,39.85,6.525128377e-02,8.174129392e-02,nan,nan,nan,nan
798,39.9,6.527534109e-02,8.176972878e-02,nan,nan,nan,nan
799,39.95,6.529836732e-02,8.179691570e-02,nan,nan,nan,nan
800,40,6.532039872e-02,8.182289972e-02,nan,nan,nan,nan
801,40.05,6.534147065e-02,8.184772473e-02,nan,nan,nan,nan
802,40.1,6.536161758e-02,8.187143351e-02,nan,nan,nan,nan
803,40.15,6.538087311e-02,8.189406770e-02,nan,nan,nan,nan
804,40.2,6.539926998e-02,8.191566781e-02,nan,nan,nan,nan
805,40.25,6.541684004e-02,8.193627326e-02,nan,nan,nan,nan
806,40.3,6.543361431e-02,8.195592237e-02,nan,nan,nan,nan
807,40.35,6.544962293e-02,8.197465235e-02,nan,nan,nan,nan
808,40.4,6.546489521e-02,8.199249936e-02,nan,nan,nan,nan
809,40.45,6.547945964e-02,8.200949848e-02,nan,nan,nan,nan
810,40.5,6.549334387e-02,8.202568376e-02,nan,nan,nan,nan
811,40.55,6.550657473e-02,8.204108818e-02,nan,nan,nan,nan
812,40.6,6.551917828e-02,8.205574375e-02,nan,nan,nan,nan
813,40.65,6.553117977e-02,8.206968142e-02,nan,nan,nan,nan
814,40.7,6.554260365e-02,8.208293121e-02,nan,nan,nan,nan
815,40.75,6.555347364e-02,8.209552212e-02,nan,nan,nan,nan
816,40.8,6.556381269e-02,8.210748222e-02,nan,nan,nan,nan
817,40.85,6.557364301e-02,8.211883864e-02,nan,nan,nan,nan
818,40.9,6.558298608e-02,8.212961759e-02,nan,nan,nan,nan
819,40.95,6.559186267e-02,8.213984438e-02,nan,nan,nan,nan
820,41,6.560029286e-02,8.214954343e-02,nan,nan,nan,nan
821,41.05,6.560829602e-02,8.215873832e-02,nan,nan,nan,nan
822,41.1,6.561589087e-02,8.216745177e-02,nan,nan,nan,nan
823,41.15,6.562309546e-02,8.217570566e-02,nan,nan,nan,nan
824,41.2,6.562992720e-02,8.218352110e-02,nan,nan,nan,nan
825,41.25,6.563640289e-02,8.219091839e-02,nan,nan,nan,nan
826,41.3,6.564253870e-02,8.219791707e-02,nan,nan,nan,nan
827,41.35,6.564965008e-02,8.220453592e-02,nan,nan,nan,nan
828,41.4,6.565780582e-02,8.221079302e-02,nan,nan,nan,nan
829,41.45,6.566554373e-02,8.221670572e-02,nan,nan,nan,nan
830,41.5,6.567288235e-02,8.222229069e-02,nan,nan,nan,nan
831,41.55,6.567983954e-02,8.222756393e-02,nan,nan,nan,nan
832,41.6,6.568643252e-02,8.223254079e-02,nan,nan,nan,nan
833,41.65,6.569267787e-02,8.223723598e-02,nan,nan,nan,nan
834,41.7,6.569859159e-02,8.224166360e-02,nan,nan,nan,nan
835,41.75,6.570418903e-02,8.224583719e-02,nan,nan,nan,nan
836,41.8,6.570948501e-02,8.224976966e-02,nan,nan,nan,nan
837,41.85,6.571449374e-02,8.225347340e-02,nan,nan,nan,nan
838,41.9,6.571922889e-02,8.225696025e-02,nan,nan,nan,nan
839,41.95,6.572370362e-02,8.226024154e-02,nan,nan,nan,nan
840,42,6.572793051e-02,8.226525646e-02,nan,nan,nan,nan
841,42.05,6.573192169e-02,8.227047447e-02,nan,nan,nan,nan
842,42.1,6.573568875e-02,8.227539654e-02,nan,nan,nan,nan
843,42.15,6.573924283e-02,8.228003750e-02,nan,nan,nan,nan
844,42.2,6.574259460e-02,8.228441152e-02,nan,nan,nan,nan
845,42.25,6.574575428e-02,8.228853219e-02,nan,nan,nan,nan
846,42.3,6.574873164e-02,8.229241253e-02,nan,nan,nan,nan
847,42.35,6.575153605e-02,8.229606497e-02,nan,nan,nan,nan
848,42.4,6.575417645e-02,8.229950140e-02,nan,nan,nan,nan
849,42.45,6.575666141e-02,8.230273321e-02,nan,nan,nan,nan
850,42.5,6.575899910e-02,8.230577125e-02,nan,nan,nan,nan
851,42.55,6.576119734e-02,8.230862590e-02,nan,nan,nan,nan
852,42.6,6.576326356e-02,8.231130704e-02,nan,nan,nan,nan
853,42.65,6.576520489e-02,8.231382412e-02,nan,nan,nan,nan
854,42.7,6.576702810e-02,8.231618614e-02,nan,nan,nan,nan
855,42.75,6.576873967e-02,8.231840166e-02,nan,nan,nan,nan
856,42.8,6.577034573e-02,8.232047885e-02,nan,nan,nan,nan
857,42.85,6.577185217e-02,8.232242549e-02,nan,nan,nan,nan
858,42.9,6.577326456e-02,8.232424896e-02,nan,nan,nan,nan
859,42.95,6.577458821e-02,8.232595630e-02,nan,nan,nan,nan
860,43,6.577582816e-02,8.232755418e-02,nan,nan,nan,nan
861,43.05,6.577698921e-02,8.232904895e-02,nan,nan,nan,nan
862,43.1,6.577807592e-02,8.233044663e-02,nan,nan,nan,nan
863,43.15,6.577909261e-02,8.233175295e-02,nan,nan,nan,nan
864,43.2,6.578004339e-02,8.233297331e-02,nan,nan,nan,nan
865,43.25,6.578093214e-02,8.233411287e-02,nan,nan,nan,nan
866,43.3,6.578176256e-02,8.233517649e-02,nan,nan,nan,nan
867,43.35,6.578253815e-02,8.233616879e-02,nan,nan,nan,nan
868,43.4,6.578326222e-02,8.233709411e-02,nan,nan,nan,nan
869,43.45,6.578393790e-02,8.233795661e-02,nan,nan,nan,nan
870,43.5,6.578456815e-02,8.233876017e-02,nan,nan,nan,nan
871,43.55,6.578515578e-02,8.233950849e-02,nan,nan,nan,nan
872,43.6,6.578570345e-02,8.234020505e-02,nan,nan,nan,nan
873,43.65,6.578621365e-02,8.234085313e-02,nan,nan,nan,nan
874,43.7,6.578668875e-02,8.234145585e-02,nan,nan,nan,nan
875,43.75,6.578713098e-02,8.234201613e-02,nan,nan,nan,nan
876,43.8,6.578754245e-02,8.234253673e-02,nan,nan,nan,nan
877,43.85,6.578792514e-02,8.234302025e-02,nan,nan,nan,nan
878,43.9,6.578828092e-02,8.234346913e-02,nan,nan,nan,nan
879,43.95,6.578861156e-02,8.234388567e-02,nan,nan,nan,nan
880,44,6.578891871e-02,8.234427205e-02,nan,nan,nan,nan
881,44.05,6.578920393e-02,8.234463030e-02,nan,nan,nan,nan
882,44.1,6.578946869e-02,8.234496233e-02,nan,nan,nan,nan
883,44.15,6.578971437e-02,8.234526994e-02,nan,nan,nan,nan
884,44.2,6.578994226e-02,8.234555482e-02,nan,nan,nan,nan
885,44.25,6.579015359e-02,8.234581854e-02,nan,nan,nan,nan
886,44.3,6.579034950e-02,8.234606260e-02,nan,nan,nan,nan
887,44.35,6.579053106e-02,8.234628839e-02,nan,nan,nan,nan
888,44.4,6.579069928e-02,8.234649720e-02,nan,nan,nan,nan
889,44.45,6.579085509e-02,8.234669026e-02,nan,nan,nan,nan
890,44.5,6.579099938e-02,8.234686871e-02,nan,nan,nan,nan
891,44.55,6.579114992e-02,8.234703362e-02,nan,nan,nan,nan
892,44.6,6.579130143e-02,8.234718598e-02,nan,nan,nan,nan
893,44.65,6.579144173e-02,8.234732672e-02,nan,nan,nan,nan
894,44.7,6.579157163e-02,8.234745673e-02,nan,nan,nan,nan
895,44.75,6.579169188e-02,8.234757681e-02,nan,nan,nan,nan
896,44.8,6.579180319e-02,8.234768772e-02,nan,nan,nan,nan
897,44.85,6.579190622e-02,8.234779017e-02,nan,nan,nan,nan
898,44.9,6.579200158e-02,8.234788482e-02,nan,nan,nan,nan
899,44.95,6.579208986e-02,8.234797227e-02,nan,nan,nan,nan
900,45,6.579217160e-02,8.234805312e-02,nan,nan,nan,nan
901,45.05,6.579224729e-02,8.234812787e-02,nan,nan,nan,nan
902,45.1,6.579231740e-02,8.234819704e-02,nan,nan,nan,nan
903,45.15,6.579238238e-02,8.234826108e-02,nan,nan,nan,nan
904,45.2,6.579244262e-02,8.234832042e-02,nan,nan,nan,nan
905,45.25,6.579249852e-02,8.234837546e-02,nan,nan,nan,nan
906,45.3,6.579255041e-02,8.234842656e-02,nan,nan,nan,nan
907,45.35,6.579259863e-02,8.234847408e-02,nan,nan,nan,nan
908,45.4,6.579264349e-02,8.234851832e-02,nan,nan,nan,nan
909,45.45,6.579268528e-02,8.234855958e-02,nan,nan,nan,nan
910,45.5,6.579272424e-02,8.234859814e-02,nan,nan,nan,nan
911,45.55,6.579276064e-02,8.234863425e-02,nan,nan,nan,nan
912,45.6,6.579279470e-02,8.234866814e-02,nan,nan,nan,nan
913,45.65,6.579282662e-02,8.234870004e-02,nan,nan,nan,nan
914,45.7,6.579285662e-02,8.234873014e-02,nan,nan,nan,nan
915,45.75,6.579288486e-02,8.234875862e-02,nan,nan,nan,nan
916,45.8,6.579291153e-02,8.234878567e-02,nan,nan,nan,nan
917,45.85,6.579293677e-02,8.234881144e-02,nan,nan,nan,nan
918,45.9,6.579296074e-02,8.234883608e-02,nan,nan,nan,nan
919,45.95,6.579298356e-02,8.234885972e-02,nan,nan,nan,nan
920,46,6.579300537e-02,8.234888250e-02,nan,nan,nan,nan
921,46.05,6.579302627e-02,8.234890452e-02,nan,nan,nan,nan
922,46.1,6.579304638e-02,8.234892589e-02,nan,nan,nan,nan
923,46.15,6.579306580e-02,8.234894672e-02,nan,nan,nan,nan
924,46.2,6.579308461e-02,8.234896710e-02,nan,nan,nan,nan
925,46.25,6.579310290e-02,8.234898711e-02,nan,nan,nan,nan
926,46.3,6.579312076e-02,8.234900682e-02,nan,nan,nan,nan
927,46.35,6.579313825e-02,8.234902632e-02,nan,nan,nan,nan
928,46.4,6.579315544e-02,8.234904567e-02,nan,nan,nan,nan
929,46.45,6.579317240e-02,8.234906493e-02,nan,nan,nan,nan
930,46.5,6.579318917e-02,8.234908415e-02,nan,nan,nan,nan
931,46.55,6.579320583e-02,8.234910340e-02,nan,nan,nan,nan
932,46.6,6.579322241e-02,8.234912271e-02,nan,nan,nan,nan
933,46.65,6.579323896e-02,8.234914214e-02,nan,nan,nan,nan
934,46.7,6.579325552e-02,8.234916172e-02,nan,nan,nan,nan
935,46.75,6.579327213e-02,8.234918150e-02,nan,nan,nan,nan
936,46.8,6.579328884e-02,8.234920150e-02,nan,nan,nan,nan
937,46.85,6.579330566e-02,8.234922177e-02,nan,nan,nan,nan
938,46.9,6.579332264e-02,8.234924234e-02,nan,nan,nan,nan
939,46.95,6.579333980e-02,8.234926322e-02,nan,nan,nan,nan
940,47,6.579335717e-02,8.234928445e-02,nan,nan,nan,nan
941,47.05,6.579337477e-02,8.234930606e-02,nan,nan,nan,nan
942,47.1,6.579339263e-02,8.234932806e-02,nan,nan,nan,nan
943,47.15,6.579341077e-02,8.234935047e-02,nan,nan,nan,nan
944,47.2,6.579342920e-02,8.234937332e-02,nan,nan,nan,nan
945,47.25,6.579344795e-02,8.234939662e-02,nan,nan,nan,nan
946,47.3,6.579346703e-02,8.234942038e-02,nan,nan,nan,nan
947,47.35,6.579348645e-02,8.234944464e-02,nan,nan,nan,nan
948,47.4,6.579350624e-02,8.234946939e-02,nan,nan,nan,nan
949,47.45,6.579352640e-02,8.234949465e-02,nan,nan,nan,nan
950,47.5,6.579354695e-02,8.234952043e-02,nan,nan,nan,nan
951,47.55,6.579356789e-02,8.234954675e-02,nan,nan,nan,nan
952,47.6,6.579358925e-02,8.234957361e-02,nan,nan,nan,nan
953,47.65,6.579361102e-02,8.234960103e-02,nan,nan,nan,nan
954,47.7,6.579363321e-02,8.234962901e-02,nan,nan,nan,nan
955,47.75,6.579365585e-02,8.234965756e-02,nan,nan,nan,nan
956,47.8,6.579367892e-02,8.234968669e-02,nan,nan,nan,nan
957,47.85,6.579370244e-02,8.234971640e-02,nan,nan,nan,nan
958,47.9,6.579372642e-02,8.234974671e-02,nan,nan,nan,nan
959,47.95,6.579375085e-02,8.234977762e-02,nan,nan,nan,nan
960,48,6.579377576e-02,8.234980912e-02,nan,nan,nan,nan
961,48.05,6.579380113e-02,8.234984124e-02,nan,nan,nan,nan
962,48.1,6.579382697e-02,8.234987397e-02,nan,nan,nan,nan
963,48.15,6.579385330e-02,8.234990731e-02,nan,nan,nan,nan
964,48.2,6.579388010e-02,8.234994128e-02,nan,nan,nan,nan
965,48.25,6.579390739e-02,8.234997586e-02,nan,nan,nan,nan
966,48.3,6.579393517e-02,8.235001108e-02,nan,nan,nan,nan
967,48.35,6.579396344e-02,8.235004692e-02,nan,nan,nan,nan
968,48.4,6.579399219e-02,8.235008339e-02,nan,nan,nan,nan
969,48.45,6.579402144e-02,8.235012050e-02,nan,nan,nan,nan
970,48.5,6.579405119e-02,8.235015823e-02,nan,nan,nan,nan
971,48.55,6.579408143e-02,8.235019661e-02,nan,nan,nan,nan
972,48.6,6.579411216e-02,8.235023562e-02,nan,nan,nan,nan
973,48.65,6.579414340e-02,8.235027527e-02,nan,nan,nan,nan
974,48.7,6.579417513e-02,8.235031556e-02,nan,nan,nan,nan
975,48.75,6.579420736e-02,8.235035649e-02,nan,nan,nan,nan
976,48.8,6.579424009e-02,8.235039806e-02,nan,nan,nan,nan
977,48.85,6.579427332e-02,8.235044027e-02,nan,nan,nan,nan
978,48.9,6.579430705e-02,8.235048313e-02,nan,nan,nan,nan
979,48.95,6.579434128e-02,8.235052663e-02,nan,nan,nan,nan
980,49,6.579437601e-02,8.235057077e-02,nan,nan,nan,nan
981,49.05,6.579441124e-02,8.235061556e-02,nan,nan,nan,nan
982,49.1,6.579444697e-02,8.235066099e-02,nan,nan,nan,nan
983,49.15,6.579448321e-02,8.235070707e-02,nan,nan,nan,nan
984,49.2,6.579451994e-02,8.235075380e-02,nan,nan,nan,nan
985,49.25,6.579455718e-02,8.235080118e-02,nan,nan,nan,nan
986,49.3,6.579459492e-02,8.235084921e-02,nan,nan,nan,nan
987,49.35,6.579463317e-02,8.235089789e-02,nan,nan,nan,nan
988,49.4,6.579467192e-02,8.235094723e-02,nan,nan,nan,nan
989,49.45,6.579471118e-02,8.235099722e-02,nan,nan,nan,nan
990,49.5,6.579475095e-02,8.235104788e-02,nan,nan,nan,nan
991,49.55,6.579479123e-02,8.235109919e-02,nan,nan,nan,nan
992,49.6,6.579483202e-02,8.235115118e-02,nan,nan,nan,nan
993,49.65,6.579487333e-02,8.235120384e-02,nan,nan,nan,nan
994,49.7,6.579491516e-02,8.235125718e-02,nan,nan,nan,nan
995,49.75,6.579495751e-02,8.235131120e-02,nan,nan,nan,nan
996,49.8,6.579500040e-02,8.235136591e-02,nan,nan,nan,nan
997,49.85,6.579504381e-02,8.235142131e-02,nan,nan,nan,nan
998,49.9,6.579508777e-02,8.235147742e-02,nan,nan,nan,nan
999,49.95,6.579513227e-02,8.235153424e-02,nan,nan,nan,nan
1000,50,6.579517733e-02,8.235159178e-02,nan,nan,nan,nan
1001,50.05,6.579522294e-02,8.235165006e-02,nan,nan,nan,nan
1002,50.1,6.579526913e-02,8.235170907e-02,nan,nan,nan,nan
1003,50.15,6.579531589e-02,8.235176884e-02,nan,nan,nan,nan
1004,50.2,6.579536324e-02,8.235182938e-02,nan,nan,nan,nan
1005,50.25,6.579541119e-02,8.235189071e-02,nan,nan,nan,nan
1006,50.3,6.579545975e-02,8.235195282e-02,nan,nan,nan,nan
1007,50.35,6.579550893e-02,8.235201576e-02,nan,nan,nan,nan
1008,50.4,6.579555876e-02,8.235207952e-02,nan,nan,nan,nan
1009,50.45,6.579560923e-02,8.235214414e-02,nan,nan,nan,nan
1010,50.5,6.579566038e-02,8.235220963e-02,nan,nan,nan,nan
1011,50.55,6.579571222e-02,8.235227601e-02,nan,nan,nan,nan
1012,50.6,6.579576475e-02,8.235234331e-02,nan,nan,nan,nan
1013,50.65,6.579581802e-02,8.235241155e-02,nan,nan,nan,nan
1014,50.7,6.579587203e-02,8.235248076e-02,nan,nan,nan,nan
1015,50.75,6.579592681e-02,8.235255096e-02,nan,nan,nan,nan
1016,50.8,6.579598238e-02,8.235262218e-02,nan,nan,nan,nan
1017,50.85,6.579603877e-02,8.235269446e-02,nan,nan,nan,nan
1018,50.9,6.579609600e-02,8.235276783e-02,nan,nan,nan,nan
1019,50.95,6.579615410e-02,8.235284232e-02,nan,nan,nan,nan
1020,51,6.579621310e-02,8.235291796e-02,nan,nan,nan,nan
1021,51.05,6.579627302e-02,8.235299479e-02,nan,nan,nan,nan
1022,51.1,6.579633391e-02,8.235307286e-02,nan,nan,nan,nan
1023,51.15,6.579639580e-02,8.235315220e-02,nan,nan,nan,nan
1024,51.2,6.579645871e-02,8.235323286e-02,nan,nan,nan,nan
1025,51.25,6.579652269e-02,8.235331487e-02,nan,nan,nan,nan
1026,51.3,6.579658777e-02,8.235339829e-02,nan,nan,nan,nan
1027,51.35,6.579665400e-02,8.235348316e-02,nan,nan,nan,nan
1028,51.4,6.579672140e-02,8.235356953e-02,nan,nan,nan,nan
1029,51.45,6.579679004e-02,8.235365745e-02,nan,nan,nan,nan
1030,51.5,6.579685994e-02,8.235374698e-02,nan,nan,nan,nan
1031,51.55,6.579693115e-02,8.235383816e-02,nan,nan,nan,nan
1032,51.6,6.579700372e-02,8.235393106e-02,nan,nan,nan,nan
1033,51.65,6.579707770e-02,8.235402573e-02,nan,nan,nan,nan
1034,51.7,6.579715313e-02,8.235412223e-02,nan,nan,nan,nan
1035,51.75,6.579723007e-02,8.235422061e-02,nan,nan,nan,nan
1036,51.8,6.579730856e-02,8.235432095e-02,nan,nan,nan,nan
1037,51.85,6.579738867e-02,8.235442330e-02,nan,nan,nan,nan
1038,51.9,6.579747044e-02,8.235452773e-02,nan,nan,nan,nan
1039,51.95,6.579755392e-02,8.235463430e-02,nan,nan,nan,nan
1040,52,6.579763919e-02,8.235474309e-02,nan,nan,nan,nan
1041,52.05,6.579772628e-02,8.235485415e-02,nan,nan,nan,nan
1042,52.1,6.579781526e-02,8.235496756e-02,nan,nan,nan,nan
1043,52.15,6.579790620e-02,8.235508338e-02,nan,nan,nan,nan
1044,52.2,6.579799914e-02,8.235520170e-02,nan,nan,nan,nan
1045,52.25,6.579809415e-02,8.235532257e-02,nan,nan,nan,nan
1046,52.3,6.579819129e-02,8.235544607e-02,nan,nan,nan,nan
1047,52.35,6.579829062e-02,8.235557228e-02,nan,nan,nan,nan
1048,52.4,6.579839221e-02,8.235570126e-02,nan,nan,nan,nan
1049,52.45,6.579849611e-02,8.235583309e-02,nan,nan,nan,nan
1050,52.5,6.579860239e-02,8.235596784e-02,nan,nan,nan,nan
1051,52.55,6.579871111e-02,8.235610559e-02,nan,nan,nan,nan
1052,52.6,6.579882233e-02,8.235624640e-02,nan,nan,nan,nan
1053,52.65,6.579893612e-02,8.235639036e-02,nan,nan,nan,nan
1054,52.7,6.579905253e-02,8.235653753e-02,nan,nan,nan,nan
1055,52.75,6.579917163e-02,8.235668798e-02,nan,nan,nan,nan
1056,52.8,6.579929349e-02,8.235684179e-02,nan,nan,nan,nan
1057,52.85,6.579941815e-02,8.235699902e-02,nan,nan,nan,nan
1058,52.9,6.579954568e-02,8.235715975e-02,nan,nan,nan,nan
1059,52.95,6.579967614e-02,8.235732404e-02,nan,nan,nan,nan
1060,53,6.579980959e-02,8.235749195e-02,nan,nan,nan,nan
1061,53.05,6.579994608e-02,8.235766356e-02,nan,nan,nan,nan
1062,53.1,6.580008566e-02,8.235783892e-02,nan,nan,nan,nan
1063,53.15,6.580022840e-02,8.235801810e-02,nan,nan,nan,nan
1064,53.2,6.580037434e-02,8.235820115e-02,nan,nan,nan,nan
1065,53.25,6.580052353e-02,8.235838812e-02,nan,nan,nan,nan
1066,53.3,6.580067601e-02,8.235857908e-02,nan,nan,nan,nan
1067,53.35,6.580083184e-02,8.235877407e-02,nan,nan,nan,nan
1068,53.4,6.580099106e-02,8.235897315e-02,nan,nan,nan,nan
1069,53.45,6.580115371e-02,8.235917634e-02,nan,nan,nan,nan
1070,53.5,6.580131982e-02,8.235938371e-02,nan,nan,nan,nan
1071,53.55,6.580148979e-02,8.235959527e-02,nan,nan,nan,nan
1072,53.6,6.580167132e-02,8.235981107e-02,nan,nan,nan,nan
1073,53.65,6.580185650e-02,8.236003114e-02,nan,nan,nan,nan
1074,53.7,6.580204535e-02,8.236025551e-02,nan,nan,nan,nan
1075,53.75,6.580223787e-02,8.236048418e-02,nan,nan,nan,nan
1076,53.8,6.580243409e-02,8.236071719e-02,nan,nan,nan,nan
1077,53.85,6.580263401e-02,8.236095455e-02,nan,nan,nan,nan
1078,53.9,6.580283763e-02,8.236119625e-02,nan,nan,nan,nan
1079,53.95,6.580304495e-02,8.236144231e-02,nan,nan,nan,nan
1080,54,6.580325596e-02,8.236169272e-02,nan,nan,nan,nan
1081,54.05,6.580347065e-02,8.236194748e-02,nan,nan,nan,nan
1082,54.1,6.580368900e-02,8.236220656e-02,nan,nan,nan,nan
1083,54.15,6.580391100e-02,8.236246997e-02,nan,nan,nan,nan
1084,54.2,6.580413661e-02,8.236273766e-02,nan,nan,nan,nan
1085,54.25,6.580436581e-02,8.236300960e-02,nan,nan,nan,nan
1086,54.3,6.580459856e-02,8.236328578e-02,nan,nan,nan,nan
1087,54.35,6.580483482e-02,8.236356613e-02,nan,nan,nan,nan
1088,54.4,6.580507455e-02,8.236385061e-02,nan,nan,nan,nan
1089,54.45,6.580531768e-02,8.236413918e-02,nan,nan,nan,nan
1090,54.5,6.580556416e-02,8.236443176e-02,nan,nan,nan,nan
1091,54.55,6.580581393e-02,8.236472829e-02,nan,nan,nan,nan
1092,54.6,6.580606693e-02,8.236502871e-02,nan,nan,nan,nan
1093,54.65,6.580632306e-02,8.236533292e-02,nan,nan,nan,nan
1094,54.7,6.580658227e-02,8.236564084e-02,nan,nan,nan,nan
1095,54.75,6.580684446e-02,8.236595238e-02,nan,nan,nan,nan
1096,54.8,6.580710954e-02,8.236626745e-02,nan,nan,nan,nan
1097,54.85,6.580737741e-02,8.236658593e-02,nan,nan,nan,nan
1098,54.9,6.580764798e-02,8.236690771e-02,nan,nan,nan,nan
1099,54.95,6.580792113e-02,8.236723268e-02,nan,nan,nan,nan
1100,55,6.580819675e-02,8.236756070e-02,nan,nan,nan,nan
1101,55.05,6.580847473e-02,8.236789166e-02,nan,nan,nan,nan
1102,55.1,6.580875495e-02,8.236822541e-02,nan,nan,nan,nan
1103,55.15,6.580903727e-02,8.236856180e-02,nan,nan,nan,nan
1104,55.2,6.580932156e-02,8.236890069e-02,nan,nan,nan,nan
1105,55.25,6.580960768e-02,8.236924193e-02,nan,nan,nan,nan
1106,55.3,6.580989549e-02,8.236958535e-02,nan,nan,nan,nan
1107,55.35,6.581018485e-02,8.236993078e-02,nan,nan,nan,nan
1108,55.4,6.581047560e-02,8.237027805e-02,nan,nan,nan,nan
1109,55.45,6.581076758e-02,8.237062699e-02,nan,nan,nan,nan
1110,55.5,6.581106064e-02,8.237097741e-02,nan,nan,nan,nan
1111,55.55,6.581135460e-02,8.237132912e-02,nan,nan,nan,nan
1112,55.6,6.581164930e-02,8.237168192e-02,nan,nan,nan,nan
1113,55.65,6.581194458e-02,8.237203564e-02,nan,nan,nan,nan
1114,55.7,6.581224024e-02,8.237239005e-02,nan,nan,nan,nan
1115,55.75,6.581253612e-02,8.237274495e-02,nan,nan,nan,nan
1116,55.8,6.581283203e-02,8.237310014e-02,nan,nan,nan,nan
1117,55.85,6.581312779e-02,8.237345540e-02,nan,nan,nan,nan
1118,55.9,6.581342321e-02,8.237381052e-02,nan,nan,nan,nan
1119,55.95,6.581371810e-02,8.237416527e-02,nan,nan,nan,nan
1120,56,6.581401228e-02,8.237451943e-02,nan,nan,nan,nan
1121,56.05,6.581430554e-02,8.237487278e-02,nan,nan,nan,nan
1122,56.1,6.581459769e-02,8.237522509e-02,nan,nan,nan,nan
1123,56.15,6.581488854e-02,8.237557613e-02,nan,nan,nan,nan
1124,56.2,6.581517790e-02,8.237592567e-02,nan,nan,nan,nan
1125,56.25,6.581546556e-02,8.237627348e-02,nan,nan,nan,nan
1126,56.3,6.581575132e-02,8.237661933e-02,nan,nan,nan,nan
1127,56.35,6.581603500e-02,8.237696298e-02,nan,nan,nan,nan
1128,56.4,6.581631639e-02,8.237730421e-02,nan,nan,nan,nan
1129,56.45,6.581659529e-02,8.237764277e-02,nan,nan,nan,nan
1130,56.5,6.581687152e-02,8.237797844e-02,nan,nan,nan,nan
1131,56.55,6.581714488e-02,8.237831099e-02,nan,nan,nan,nan
1132,56.6,6.581741517e-02,8.237864018e-02,nan,nan,nan,nan
1133,56.65,6.581768220e-02,8.237896579e-02,nan,nan,nan,nan
1134,56.7,6.581794579e-02,8.237928758e-02,nan,nan,nan,nan
1135,56.75,6.581820575e-02,8.237960535e-02,nan,nan,nan,nan
1136,56.8,6.581846190e-02,8.237991886e-02,nan,nan,nan,nan
1137,56.85,6.581871404e-02,8.238022790e-02,nan,nan,nan,nan
1138,56.9,6.581896202e-02,8.238053224e-02,nan,nan,nan,nan
1139,56.95,6.581920564e-02,8.238083169e-02,nan,nan,nan,nan
1140,57,6.581944475e-02,8.238112603e-02,nan,nan,nan,nan
1141,57.05,6.581967918e-02,8.238141506e-02,nan,nan,nan,nan
1142,57.1,6.581990876e-02,8.238169858e-02,nan,nan,nan,nan
1143,57.15,6.582013334e-02,8.238197640e-02,nan,nan,nan,nan
1144,57.2,6.582035276e-02,8.238224833e-02,nan,nan,nan,nan
1145,57.25,6.582056689e-02,8.238251419e-02,nan,nan,nan,nan
1146,57.3,6.582077557e-02,8.238277380e-02,nan,nan,nan,nan
1147,57.35,6.582097867e-02,8.238302699e-02,nan,nan,nan,nan
1148,57.4,6.582117606e-02,8.238327360e-02,nan,nan,nan,nan
1149,57.45,6.582136762e-02,8.238351346e-02,nan,nan,nan,nan
1150,57.5,6.582155323e-02,8.238374644e-02,nan,nan,nan,nan
1151,57.55,6.582173277e-02,8.238397238e-02,nan,nan,nan,nan
1152,57.6,6.582190614e-02,8.238419116e-02,nan,nan,nan,nan
1153,57.65,6.582207325e-02,8.238440263e-02,nan,nan,nan,nan
1154,57.7,6.582223400e-02,8.238460669e-02,nan,nan,nan,nan
1155,57.75,6.582238830e-02,8.238480322e-02,nan,nan,nan,nan
1156,57.8,6.582253609e-02,8.238499212e-02,nan,nan,nan,nan
1157,57.85,6.582267728e-02,8.238517328e-02,nan,nan,nan,nan
1158,57.9,6.582281181e-02,8.238534663e-02,nan,nan,nan,nan
1159,57.95,6.582293963e-02,8.238551208e-02,nan,nan,nan,nan
1160,58,6.582306070e-02,8.238566956e-02,nan,nan,nan,nan
1161,58.05,6.582317496e-02,8.238581902e-02,nan,nan,nan,nan
1162,58.1,6.582328239e-02,8.238596039e-02,nan,nan,nan,nan
1163,58.15,6.582338295e-02,8.238609364e-02,nan,nan,nan,nan
1164,58.2,6.582347664e-02,8.238621872e-02,nan,nan,nan,nan
1165,58.25,6.582356344e-02,8.238633562e-02,nan,nan,nan,nan
1166,58.3,6.582364335e-02,8.238644431e-02,nan,nan,nan,nan
1167,58.35,6.582371636e-02,8.238654479e-02,nan,nan,nan,nan
1168,58.4,6.582378250e-02,8.238663706e-02,nan,nan,nan,nan
1169,58.45,6.582384178e-02,8.238672112e-02,nan,nan,nan,nan
1170,58.5,6.582389422e-02,8.238679699e-02,nan,nan,nan,nan
1171,58.55,6.582393987e-02,8.238686470e-02,nan,nan,nan,nan
1172,58.6,6.582397875e-02,8.238692429e-02,nan,nan,nan,nan
1173,58.65,6.582401093e-02,8.238697579e-02,nan,nan,nan,nan
1174,58.7,6.582403644e-02,8.238701927e-02,nan,nan,nan,nan
1175,58.75,6.582405537e-02,8.238705477e-02,nan,nan,nan,nan
1176,58.8,6.582406776e-02,8.238708237e-02,nan,nan,nan,nan
1177,58.85,6.582407398e-02,8.238710215e-02,nan,nan,nan,nan
1178,58.9,6.582408203e-02,8.238711418e-02,nan,nan,nan,nan
1179,58.95,6.582408363e-02,8.238711857e-02,nan,nan,nan,nan
1180,59,6.582407885e-02,8.238711539e-02,nan,nan,nan,nan
1181,59.05,6.582406778e-02,8.238710477e-02,nan,nan,nan,nan
1182,59.1,6.582405052e-02,8.238708682e-02,nan,nan,nan,nan
1183,59.15,6.582402716e-02,8.238706165e-02,nan,nan,nan,nan
1184,59.2,6.582399781e-02,8.238702939e-02,nan,nan,nan,nan
1185,59.25,6.582396258e-02,8.238699017e-02,nan,nan,nan,nan
1186,59.3,6.582392158e-02,8.238694414e-02,nan,nan,nan,nan
1187,59.35,6.582387493e-02,8.238689142e-02,nan,nan,nan,nan
1188,59.4,6.582382276e-02,8.238683218e-02,nan,nan,nan,nan
1189,59.45,6.582376519e-02,8.238676656e-02,nan,nan,nan,nan
1190,59.5,6.582370237e-02,8.238669472e-02,nan,nan,nan,nan
1191,59.55,6.582363442e-02,8.238661683e-02,nan,nan,nan,nan
1192,59.6,6.582356149e-02,8.238653306e-02,nan,nan,nan,nan
1193,59.65,6.582348372e-02,8.238644357e-02,nan,nan,nan,nan
1194,59.7,6.582340125e-02,8.238634854e-02,nan,nan,nan,nan
1195,59.75,6.582331425e-02,8.238624815e-02,nan,nan,nan,nan
1196,59.8,6.582322285e-02,8.238614258e-02,nan,nan,nan,nan
1197,59.85,6.582312722e-02,8.238603201e-02,nan,nan,nan,nan
1198,59.9,6.582302752e-02,8.238591663e-02,nan,nan,nan,nan
1199,59.95,6.582292390e-02,8.238579663e-02,nan,nan,nan,nan
1200,60,6.582281652e-02,8.238567220e-02,nan,nan,nan,nan
1201,60.05,6.582270554e-02,8.238554353e-02,nan,nan,nan,nan
1202,60.1,6.582259114e-02,8.238541081e-02,nan,nan,nan,nan
1203,60.15,6.582247346e-02,8.238527424e-02,nan,nan,nan,nan
1204,60.2,6.582235269e-02,8.238513400e-02,nan,nan,nan,nan
1205,60.25,6.582222897e-02,8.238499030e-02,nan,nan,nan,nan
1206,60.3,6.582210248e-02,8.238484333e-02,nan,nan,nan,nan
1207,60.35,6.582197339e-02,8.238469328e-02,nan,nan,nan,nan
1208,60.4,6.582184185e-02,8.238454035e-02,nan,nan,nan,nan
1209,60.45,6.582170803e-02,8.238438473e-02,nan,nan,nan,nan
1210,60.5,6.582157209e-02,8.238422661e-02,nan,nan,nan,nan
1211,60.55,6.582143419e-02,8.238406618e-02,nan,nan,nan,nan
1212,60.6,6.582129450e-02,8.238390363e-02,nan,nan,nan,nan
1213,60.65,6.582115318e-02,8.238373915e-02,nan,nan,nan,nan
1214,60.7,6.582101037e-02,8.238357292e-02,nan,nan,nan,nan
1215,60.75,6.582086625e-02,8.238340513e-02,nan,nan,nan,nan
1216,60.8,6.582072095e-02,8.238323595e-02,nan,nan,nan,nan
1217,60.85,6.582057463e-02,8.238306556e-02,nan,nan,nan,nan
1218,60.9,6.582042745e-02,8.238289414e-02,nan,nan,nan,nan
1219,60.95,6.582027953e-02,8.238272186e-02,nan,nan,nan,nan
1220,61,6.582013104e-02,8.238254888e-02,nan,nan,nan,nan
1221,61.05,6.581998211e-02,8.238237538e-02,nan,nan,nan,nan
1222,61.1,6.581983287e-02,8.238220150e-02,nan,nan,nan,nan
1223,61.15,6.581968347e-02,8.238202742e-02,nan,nan,nan,nan
1224,61.2,6.581953403e-02,8.238185328e-02,nan,nan,nan,nan
1225,61.25,6.581938467e-02,8.238167923e-02,nan,nan,nan,nan
1226,61.3,6.581923553e-02,8.238150542e-02,nan,nan,nan,nan
1227,61.35,6.581908673e-02,8.238133199e-02,nan,nan,nan,nan
1228,61.4,6.581893838e-02,8.238115907e-02,nan,nan,nan,nan
1229,61.45,6.581879059e-02,8.238098681e-02,nan,nan,nan,nan
1230,61.5,6.581864348e-02,8.238081532e-02,nan,nan,nan,nan
1231,61.55,6.581849715e-02,8.238064473e-02,nan,nan,nan,nan
1232,61.6,6.581835169e-02,8.238047517e-02,nan,nan,nan,nan
1233,61.65,6.581820722e-02,8.238030673e-02,nan,nan,nan,nan
1234,61.7,6.581806382e-02,8.238013954e-02,nan,nan,nan,nan
1235,61.75,6.581792159e-02,8.237997370e-02,nan,nan,nan,nan
1236,61.8,6.581778060e-02,8.237980931e-02,nan,nan,nan,nan
1237,61.85,6.581764094e-02,8.237964646e-02,nan,nan,nan,nan
1238,61.9,6.581750269e-02,8.237948525e-02,nan,nan,nan,nan
1239,61.95,6.581736593e-02,8.237932576e-02,nan,nan,nan,nan
1240,62,6.581723071e-02,8.237916807e-02,nan,nan,nan,nan
1241,62.05,6.581709712e-02,8.237901226e-02,nan,nan,nan,nan
1242,62.1,6.581696520e-02,8.237885841e-02,nan,nan,nan,nan
1243,62.15,6.581683502e-02,8.237870657e-02,nan,nan,nan,nan
1244,62.2,6.581670662e-02,8.237855682e-02,nan,nan,nan,nan
1245,62.25,6.581658008e-02,8.237840921e-02,nan,nan,nan,nan
1246,62.3,6.581645902e-02,8.237826380e-02,nan,nan,nan,nan
1247,62.35,6.581634271e-02,8.237812063e-02,nan,nan,nan,nan
1248,62.4,6.581622840e-02,8.237797975e-02,nan,nan,nan,nan
1249,62.45,6.581611610e-02,8.237784120e-02,nan,nan,nan,nan
1250,62.5,6.581600585e-02,8.237770503e-02,nan,nan,nan,nan
1251,62.55,6.581589765e-02,8.237757125e-02,nan,nan,nan,nan
1252,62.6,6.581579154e-02,8.237743991e-02,nan,nan,nan,nan
1253,62.65,6.581568753e-02,8.237731102e-02,nan,nan,nan,nan
1254,62.7,6.581558563e-02,8.237718461e-02,nan,nan,nan,nan
1255,62.75,6.581548585e-02,8.237706070e-02,nan,nan,nan,nan
1256,62.8,6.581538819e-02,8.237693930e-02,nan,nan,nan,nan
1257,62.85,6.581529267e-02,8.237682042e-02,nan,nan,nan,nan
1258,62.9,6.581519927e-02,8.237670407e-02,nan,nan,nan,nan
1259,62.95,6.581510800e-02,8.237659025e-02,nan,nan,nan,nan
1260,63,6.581501886e-02,8.237647896e-02,nan,nan,nan,nan
1261,63.05,6.581493184e-02,8.237637021e-02,nan,nan,nan,nan
1262,63.1,6.581484693e-02,8.237626399e-02,nan,nan,nan,nan
1263,63.15,6.581476413e-02,8.237616028e-02,nan,nan,nan,nan
1264,63.2,6.581468341e-02,8.237605909e-02,nan,nan,nan,nan
1265,63.25,6.581460476e-02,8.237596039e-02,nan,nan,nan,nan
1266,63.3,6.581452817e-02,8.237586418e-02,nan,nan,nan,nan
1267,63.35,6.581445362e-02,8.237577042e-02,nan,nan,nan,nan
1268,63.4,6.581438109e-02,8.237567912e-02,nan,nan,nan,nan
1269,63.45,6.581431056e-02,8.237559024e-02,nan,nan,nan,nan
1270,63.5,6.581424200e-02,8.237550375e-02,nan,nan,nan,nan
1271,63.55,6.581417539e-02,8.237541965e-02,nan,nan,nan,nan
1272,63.6,6.581411071e-02,8.237533789e-02,nan,nan,nan,nan
1273,63.65,6.581404792e-02,8.237525844e-02,nan,nan,nan,nan
1274,63.7,6.581398701e-02,8.237518129e-02,nan,nan,nan,nan
1275,63.75,6.581392794e-02,8.237510639e-02,nan,nan,nan,nan
1276,63.8,6.581387068e-02,8.237503372e-02,nan,nan,nan,nan
1277,63.85,6.581381520e-02,8.237496324e-02,nan,nan,nan,nan
1278,63.9,6.581376147e-02,8.237489491e-02,nan,nan,nan,nan
1279,63.95,6.581370946e-02,8.237482869e-02,nan,nan,nan,nan
1280,64,6.581365914e-02,8.237476456e-02,nan,nan,nan,nan
1281,64.05,6.581361047e-02,8.237470248e-02,nan,nan,nan,nan
1282,64.1,6.581356342e-02,8.237464239e-02,nan,nan,nan,nan
1283,64.15,6.581351795e-02,8.237458428e-02,nan,nan,nan,nan
1284,64.2,6.581347404e-02,8.237452808e-02,nan,nan,nan,nan
1285,64.25,6.581343164e-02,8.237447378e-02,nan,nan,nan,nan
1286,64.3,6.581339073e-02,8.237442132e-02,nan,nan,nan,nan
1287,64.35,6.581335126e-02,8.237437066e-02,nan,nan,nan,nan
1288,64.4,6.581331320e-02,8.237432177e-02,nan,nan,nan,nan
1289,64.45,6.581327652e-02,8.237427460e-02,nan,nan,nan,nan
1290,64.5,6.581324119e-02,8.237422911e-02,nan,nan,nan,nan
1291,64.55,6.581320716e-02,8.237418525e-02,nan,nan,nan,nan
1292,64.6,6.581317441e-02,8.237414300e-02,nan,nan,nan,nan
1293,64.65,6.581314289e-02,8.237410231e-02,nan,nan,nan,nan
1294,64.7,6.581311258e-02,8.237406313e-02,nan,nan,nan,nan
1295,64.75,6.581308344e-02,8.237402542e-02,nan,nan,nan,nan
1296,64.8,6.581305544e-02,8.237398916e-02,nan,nan,nan,nan
1297,64.85,6.581302855e-02,8.237395428e-02,nan,nan,nan,nan
1298,64.9,6.581300272e-02,8.237392076e-02,nan,nan,nan,nan
1299,64.95,6.581297794e-02,8.237388856e-02,nan,nan,nan,nan
1300,65,6.581295416e-02,8.237385764e-02,nan,nan,nan,nan
1301,65.05,6.581293136e-02,8.237382795e-02,nan,nan,nan,nan
1302,65.1,6.581290950e-02,8.237379946e-02,nan,nan,nan,nan
1303,65.15,6.581288856e-02,8.237377214e-02,nan,nan,nan,nan
1304,65.2,6.581286850e-02,8.237374595e-02,nan,nan,nan,nan
1305,65.25,6.581284929e-02,8.237372084e-02,nan,nan,nan,nan
1306,65.3,6.581283092e-02,8.237369679e-02,nan,nan,nan,nan
1307,65.35,6.581281333e-02,8.237367376e-02,nan,nan,nan,nan
1308,65.4,6.581279652e-02,8.237365171e-02,nan,nan,nan,nan
1309,65.45,6.581278045e-02,8.237363061e-02,nan,nan,nan,nan
1310,65.5,6.581276509e-02,8.237361044e-02,nan,nan,nan,nan
1311,65.55,6.581275043e-02,8.237359115e-02,nan,nan,nan,nan
1312,65.6,6.581273643e-02,8.237357271e-02,nan,nan,nan,nan
1313,65.65,6.581272307e-02,8.237355510e-02,nan,nan,nan,nan
1314,65.7,6.581271032e-02,8.237353828e-02,nan,nan,nan,nan
1315,65.75,6.581269816e-02,8.237352222e-02,nan,nan,nan,nan
1316,65.8,6.581268658e-02,8.237350690e-02,nan,nan,nan,nan
1317,65.85,6.581267554e-02,8.237349229e-02,nan,nan,nan,nan
1318,65.9,6.581266502e-02,8.237347836e-02,nan,nan,nan,nan
1319,65.95,6.581265501e-02,8.237346508e-02,nan,nan,nan,nan
1320,66,6.581264549e-02,8.237345243e-02,nan,nan,nan,nan
1321,66.05,6.581263642e-02,8.237344039e-02,nan,nan,nan,nan
1322,66.1,6.581262780e-02,8.237342892e-02,nan,nan,nan,nan
1323,66.15,6.581261961e-02,8.237341801e-02,nan,nan,nan,nan
1324,66.2,6.581261183e-02,8.237340763e-02,nan,nan,nan,nan
1325,66.25,6.581260443e-02,8.237339776e-02,nan,nan,nan,nan
1326,66.3,6.581259741e-02,8.237338838e-02,nan,nan,nan,nan
1327,66.35,6.581259075e-02,8.237337946e-02,nan,nan,nan,nan
1328,66.4,6.581258443e-02,8.237337100e-02,nan,nan,nan,nan
1329,66.45,6.581257843e-02,8.237336296e-02,nan,nan,nan,nan
1330,66.5,6.581257274e-02,8.237335533e-02,nan,nan,nan,nan
1331,66.55,6.581256736e-02,8.237334810e-02,nan,nan,nan,nan
1332,66.6,6.581256226e-02,8.237334124e-02,nan,nan,nan,nan
1333,66.65,6.581255742e-02,8.237333473e-02,nan,nan,nan,nan
1334,66.7,6.581255285e-02,8.237332857e-02,nan,nan,nan,nan
1335,66.75,6.581254852e-02,8.237332273e-02,nan,nan,nan,nan
1336,66.8,6.581254443e-02,8.237331720e-02,nan,nan,nan,nan
1337,66.85,6.581254056e-02,8.237331197e-02,nan,nan,nan,nan
1338,66.9,6.581253690e-02,8.237330702e-02,nan,nan,nan,nan
1339,66.95,6.581253344e-02,8.237330234e-02,nan,nan,nan,nan
1340,67,6.581253018e-02,8.237329791e-02,nan,nan,nan,nan
1341,67.05,6.581252710e-02,8.237329373e-02,nan,nan,nan,nan
1342,67.1,6.581252419e-02,8.237328978e-02,nan,nan,nan,nan
1343,67.15,6.581252145e-02,8.237328604e-02,nan,nan,nan,nan
1344,67.2,6.581251886e-02,8.237328252e-02,nan,nan,nan,nan
1345,67.25,6.581251642e-02,8.237327919e-02,nan,nan,nan,nan
1346,67.3,6.581251412e-02,8.237327606e-02,nan,nan,nan,nan
1347,67.35,6.581251196e-02,8.237327310e-02,nan,nan,nan,nan
1348,67.4,6.581250992e-02,8.237327031e-02,nan,nan,nan,nan
1349,67.45,6.581250800e-02,8.237326768e-02,nan,nan,nan,nan
1350,67.5,6.581250619e-02,8.237326521e-02,nan,nan,nan,nan
1351,67.55,6.581250450e-02,8.237326288e-02,nan,nan,nan,nan
1352,67.6,6.581250290e-02,8.237326069e-02,nan,nan,nan,nan
1353,67.65,6.581250140e-02,8.237325862e-02,nan,nan,nan,nan
1354,67.7,6.581249999e-02,8.237325668e-02,nan,nan,nan,nan
1355,67.75,6.581249867e-02,8.237325486e-02,nan,nan,nan,nan
1356,67.8,6.581249742e-02,8.237325314e-02,nan,nan,nan,nan
1357,67.85,6.581249626e-02,8.237325153e-02,nan,nan,nan,nan
1358,67.9,6.581249516e-02,8.237325002e-02,nan,nan,nan,nan
1359,67.95,6.581249414e-02,8.237324860e-02,nan,nan,nan,nan
1360,68,6.581249318e-02,8.237324727e-02,nan,nan,nan,nan
1361,68.05,6.581249227e-02,8.237324602e-02,nan,nan,nan,nan
1362,68.1,6.581249143e-02,8.237324484e-02,nan,nan,nan,nan
1363,68.15,6.581249064e-02,8.237324374e-02,nan,nan,nan,nan
1364,68.2,6.581248990e-02,8.237324271e-02,nan,nan,nan,nan
1365,68.25,6.581248921e-02,8.237324175e-02,nan,nan,nan,nan
1366,68.3,6.581248856e-02,8.237324084e-02,nan,nan,nan,nan
1367,68.35,6.581248795e-02,8.237324000e-02,nan,nan,nan,nan
1368,68.4,6.581248739e-02,8.237323921e-02,nan,nan,nan,nan
1369,68.45,6.581248686e-02,8.237323847e-02,nan,nan,nan,nan
1370,68.5,6.581248636e-02,8.237323777e-02,nan,nan,nan,nan
1371,68.55,6.581248590e-02,8.237323713e-02,nan,nan,nan,nan
1372,68.6,6.581248547e-02,8.237323652e-02,nan,nan,nan,nan
1373,68.65,6.581248507e-02,8.237323596e-02,nan,nan,nan,nan
1374,68.7,6.581248469e-02,8.237323543e-02,nan,nan,nan,nan
1375,68.75,6.581248434e-02,8.237323494e-02,nan,nan,nan,nan
1376,68.8,6.581248402e-02,8.237323448e-02,nan,nan,nan,nan
1377,68.85,6.581248372e-02,8.237323405e-02,nan,nan,nan,nan
1378,68.9,6.581248343e-02,8.237323365e-02,nan,nan,nan,nan
1379,68.95,6.581248317e-02,8.237323328e-02,nan,nan,nan,nan
1380,69,6.581248293e-02,8.237323293e-02,nan,nan,nan,nan
1381,69.05,6.581248270e-02,8.237323261e-02,nan,nan,nan,nan
1382,69.1,6.581248249e-02,8.237323231e-02,nan,nan,nan,nan
1383,69.15,6.581248229e-02,8.237323203e-02,nan,nan,nan,nan
1384,69.2,6.581248211e-02,8.237323177e-02,nan,nan,nan,nan
1385,69.25,6.581248194e-02,8.237323153e-02,nan,nan,nan,nan
1386,69.3,6.581248178e-02,8.237323130e-02,nan,nan,nan,nan
1387,69.35,6.581248163e-02,8.237323109e-02,nan,nan,nan,nan
1388,69.4,6.581248150e-02,8.237323090e-02,nan,nan,nan,nan
1389,69.45,6.581248137e-02,8.237323072e-02,nan,nan,nan,nan
1390,69.5,6.581248125e-02,8.237323055e-02,nan,nan,nan,nan
1391,69.55,6.581248114e-02,8.237323040e-02,nan,nan,nan,nan
1392,69.6,6.581248104e-02,8.237323025e-02,nan,nan,nan,nan
1393,69.65,6.581248095e-02,8.237323012e-02,nan,nan,nan,nan
1394,69.7,6.581248086e-02,8.237322999e-02,nan,nan,nan,nan
1395,69.75,6.581248078e-02,8.237322988e-02,nan,nan,nan,nan
1396,69.8,6.581248071e-02,8.237322977e-02,nan,nan,nan,nan
1397,69.85,6.581248064e-02,8.237322967e-02,nan,nan,nan,nan
1398,69.9,6.581248058e-02,8.237322958e-02,nan,nan,nan,nan
1399,69.95,6.581248052e-02,8.237322950e-02,nan,nan,nan,nan
1400,70,6.581248047e-02,8.237322942e-02,nan,nan,nan,nan
1401,70.05,6.581248042e-02,8.237322935e-02,nan,nan,nan,nan
1402,70.1,6.581248037e-02,8.237322928e-02,nan,nan,nan,nan
1403,70.15,6.581248033e-02,8.237322922e-02,nan,nan,nan,nan
1404,70.2,6.581248029e-02,8.237322916e-02,nan,nan,nan,nan
1405,70.25,6.581248025e-02,8.237322911e-02,nan,nan,nan,nan
1406,70.3,6.581248022e-02,8.237322906e-02,nan,nan,nan,nan
1407,70.35,6.581248019e-02,8.237322902e-02,nan,nan,nan,nan
1408,70.4,6.581248016e-02,8.237322897e-02,nan,nan,nan,nan
1409,70.45,6.581248013e-02,8.237322894e-02,nan,nan,nan,nan
1410,70.5,6.581248011e-02,8.237322890e-02,nan,nan,nan,nan
1411,70.55,6.581248009e-02,8.237322887e-02,nan,nan,nan,nan
1412,70.6,6.581248007e-02,8.237322884e-02,nan,nan,nan,nan
1413,70.65,6.581248005e-02,8.237322881e-02,nan,nan,nan,nan
1414,70.7,6.581248003e-02,8.237322879e-02,nan,nan,nan,nan
1415,70.75,6.581248001e-02,8.237322876e-02,nan,nan,nan,nan
1416,70.8,6.581248000e-02,8.237322874e-02,nan,nan,nan,nan
1417,70.85,6.581247999e-02,8.237322872e-02,nan,nan,nan,nan
1418,70.9,6.581247997e-02,8.237322870e-02,nan,nan,nan,nan
1419,70.95,6.581247996e-02,8.237322869e-02,nan,nan,nan,nan
1420,71,6.581247995e-02,8.237322867e-02,nan,nan,nan,nan
1421,71.05,6.581247994e-02,8.237322866e-02,nan,nan,nan,nan
1422,71.1,6.581247993e-02,8.237322864e-02,nan,nan,nan,nan
1423,71.15,6.581247993e-02,8.237322863e-02,nan,nan,nan,nan
1424,71.2,6.581247992e-02,8.237322862e-02,nan,nan,nan,nan
1425,71.25,6.581247991e-02,8.237322861e-02,nan,nan,nan,nan
1426,71.3,6.581247990e-02,8.237322860e-02,nan,nan,nan,nan
1427,71.35,6.581247990e-02,8.237322859e-02,nan,nan,nan,nan
1428,71.4,6.581247989e-02,8.237322858e-02,nan,nan,nan,nan
1429,71.45,6.581247989e-02,8.237322858e-02,nan,nan,nan,nan
1430,71.5,6.581247988e-02,8.237322857e-02,nan,nan,nan,nan
1431,71.55,6.581247988e-02,8.237322856e-02,nan,nan,nan,nan
1432,71.6,6.581247988e-02,8.237322856e-02,nan,nan,nan,nan
1433,71.65,6.581247987e-02,8.237322855e-02,nan,nan,nan,nan
1434,71.7,6.581247987e-02,8.237322855e-02,nan,nan,nan,nan
1435,71.75,6.581247987e-02,8.237322854e-02,nan,nan,nan,nan
1436,71.8,6.581247986e-02,8.237322854e-02,nan,nan,nan,nan
1437,71.85,6.581247986e-02,8.237322854e-02,nan,nan,nan,nan
1438,71.9,6.581247986e-02,8.237322853e-02,nan,nan,nan,nan
1439,71.95,6.581247986e-02,8.237322853e-02,nan,nan,nan,nan
1440,72,6.581247985e-02,8.237322853e-02,nan,nan,nan,nan
1441,72.05,6.581247985e-02,8.237322852e-02,nan,nan,nan,nan
1442,72.1,6.581247985e-02,8.237322852e-02,nan,nan,nan,nan
1443,72.15,6.581247985e-02,8.237322852e-02,nan,nan,nan,nan
1444,72.2,6.581247985e-02,8.237322852e-02,nan,nan,nan,nan
1445,72.25,6.581247984e-02,8.237322851e-02,nan,nan,nan,nan
1446,72.3,6.581247984e-02,8.237322851e-02,nan,nan,nan,nan
1447,72.35,6.581247984e-02,8.237322851e-02,nan,nan,nan,nan
1448,72.4,6.581247984e-02,8.237322851e-02,nan,nan,nan,nan
1449,72.45,6.581247984e-02,8.237322851e-02,nan,nan,nan,nan
1450,72.5,6.581247984e-02,8.237322850e-02,nan,nan,nan,nan
1451,72.55,6.581247984e-02,8.237322850e-02,nan,nan,nan,nan
1452,72.6,6.581247984e-02,8.237322850e-02,nan,nan,nan,nan
1453,72.65,6.581247983e-02,8.237322850e-02,nan,nan,nan,nan
1454,72.7,6.581247983e-02,8.237322850e-02,nan,nan,nan,nan
1455,72.75,6.581247983e-02,8.237322850e-02,nan,nan,nan,nan
1456,72.8,6.581247983e-02,8.237322850e-02,nan,nan,nan,nan
1457,72.85,6.581247983e-02,8.237322850e-02,nan,nan,nan,nan
1458,72.9,6.581247983e-02,8.237322849e-02,nan,nan,nan,nan
1459,72.95,6.581247983e-02,8.237322849e-02,nan,nan,nan,nan
1460,73,6.581247983e-02,8.237322849e-02,nan,nan,nan,nan
1461,73.05,6.581247983e-02,8.237322849e-02,nan,nan,nan,nan
1462,73.1,6.581247983e-02,8.237322849e-02,nan,nan,nan,nan
1463,73.15,6.581247983e-02,8.237322849e-02,nan,nan,nan,nan
1464,73.2,6.581247982e-02,8.237322849e-02,nan,nan,nan,nan
1465,73.25,6.581247982e-02,8.237322849e-02,nan,nan,nan,nan
1466,73.3,6.581247982e-02,8.237322849e-02,nan,nan,nan,nan
1467,73.35,6.581247982e-02,8.237322848e-02,nan,nan,nan,nan
1468,73.4,6.581247982e-02,8.237322848e-02,nan,nan,nan,nan
1469,73.45,6.581247982e-02,8.237322848e-02,nan,nan,nan,nan
1470,73.5,6.581247982e-02,8.237322848e-02,nan,nan,nan,nan
1471,73.55,6.581247982e-02,8.237322848e-02,nan,nan,nan,nan
1472,73.6,6.581247982e-02,8.237322848e-02,nan,nan,nan,nan
1473,73.65,6.581247982e-02,8.237322848e-02,nan,nan,nan,nan
1474,73.7,6.581247982e-02,8.237322848e-02,nan,nan,nan,nan
1475,73.75,6.581247982e-02,8.237322848e-02,nan,nan,nan,nan
1476,73.8,6.581247982e-02,8.237322848e-02,nan,nan,nan,nan
1477,73.85,6.581247982e-02,8.237322848e-02,nan,nan,nan,nan
1478,73.9,6.581247981e-02,8.237322848e-02,nan,nan,nan,nan
1479,73.95,6.581247981e-02,8.237322848e-02,nan,nan,nan,nan
1480,74,6.581247981e-02,8.237322847e-02,nan,nan,nan,nan
1481,74.05,6.581247981e-02,8.237322847e-02,nan,nan,nan,nan
1482,74.1,6.581247981e-02,8.237322847e-02,nan,nan,nan,nan
1483,74.15,6.581247981e-02,8.237322847e-02,nan,nan,nan,nan
1484,74.2,6.581247981e-02,8.237322847e-02,nan,nan,nan,nan
1485,74.25,6.581247981e-02,8.237322847e-02,nan,nan,nan,nan
1486,74.3,6.581247981e-02,8.237322847e-02,nan,nan,nan,nan
1487,74.35,6.581247981e-02,8.237322847e-02,nan,nan,nan,nan
1488,74.4,6.581247981e-02,8.237322847e-02,nan,nan,nan,nan
1489,74.45,6.581247981e-02,8.237322847e-02,nan,nan,nan,nan
1490,74.5,6.581247981e-02,8.237322847e-02,nan,nan,nan,nan
1491,74.55,6.581247981e-02,8.237322847e-02,nan,nan,nan,nan
1492,74.6,6.581247981e-02,8.237322847e-02,nan,nan,nan,nan
1493,74.65,6.581247981e-02,8.237322847e-02,nan,nan,nan,nan
1494,74.7,6.581247981e-02,8.237322847e-02,nan,nan,nan,nan
1495,74.75,6.581247981e-02,8.237322847e-02,nan,nan,nan,nan
1496,74.8,6.581247981e-02,8.237322847e-02,nan,nan,nan,nan
1497,74.85,6.581247981e-02,8.237322846e-02,nan,nan,nan,nan
1498,74.9,6.581247981e-02,8.237322846e-02,nan,nan,nan,nan
1499,74.95,6.581247981e-02,8.237322846e-02,nan,nan,nan,nan
1500,75,6.581247981e-02,8.237322846e-02,nan,nan,nan,nan
1501,75.05,6.581247981e-02,8.237322846e-02,nan,nan,nan,nan
1502,75.1,6.581247980e-02,8.237322846e-02,nan,nan,nan,nan
1503,75.15,6.581247980e-02,8.237322846e-02,nan,nan,nan,nan
1504,75.2,6.581247980e-02,8.237322846e-02,nan,nan,nan,nan
1505,75.25,6.581247980e-02,8.237322846e-02,nan,nan,nan,nan
1506,75.3,6.581247980e-02,8.237322846e-02,nan,nan,nan,nan
1507,75.35,6.581247980e-02,8.237322846e-02,nan,nan,nan,nan
1508,75.4,6.581247980e-02,8.237322846e-02,nan,nan,nan,nan
1509,75.45,6.581247980e-02,8.237322846e-02,nan,nan,nan,nan
1510,75.5,6.581247980e-02,8.237322846e-02,nan,nan,nan,nan
1511,75.55,6.581247980e-02,8.237322846e-02,nan,nan,nan,nan
1512,75.6,6.581247980e-02,8.237322846e-02,nan,nan,nan,nan
1513,75.65,6.581247980e-02,8.237322846e-02,nan,nan,nan,nan
1514,75.7,6.581247980e-02,8.237322846e-02,nan,nan,nan,nan
1515,75.75,6.581247980e-02,8.237322846e-02,nan,nan,nan,nan
1516,75.8,6.581247980e-02,8.237322846e-02,nan,nan,nan,nan
1517,75.85,6.581247980e-02,8.237322846e-02,nan,nan,nan,nan
1518,75.9,6.581247980e-02,8.237322846e-02,nan,nan,nan,nan
1519,75.95,6.581247980e-02,8.237322846e-02,nan,nan,nan,nan
1520,76,6.581247980e-02,8.237322846e-02,nan,nan,nan,nan
1521,76.05,6.581247980e-02,8.237322846e-02,nan,nan,nan,nan
1522,76.1,6.581247980e-02,8.237322846e-02,nan,nan,nan,nan
1523,76.15,6.581247980e-02,8.237322846e-02,nan,nan,nan,nan
1524,76.2,6.581247980e-02,8.237322846e-02,nan,nan,nan,nan
1525,76.25,6.581247980e-02,8.237322846e-02,nan,nan,nan,nan
1526,76.3,6.581247980e-02,8.237322846e-02,nan,nan,nan,nan
1527,76.35,6.581247980e-02,8.237322846e-02,nan,nan,nan,nan
1528,76.4,6.581247980e-02,8.237322846e-02,nan,nan,nan,nan
1529,76.45,6.581247980e-02,8.237322846e-02,nan,nan,nan,nan
1530,76.5,6.581247980e-02,8.237322846e-02,nan,nan,nan,nan
1531,76.55,6.581247980e-02,8.237322846e-02,nan,nan,nan,nan
1532,76.6,6.581247980e-02,8.237322846e-02,nan,nan,nan,nan
1533,76.65,6.581247980e-02,8.237322845e-02,nan,nan,nan,nan
1534,76.7,6.581247980e-02,8.237322845e-02,nan,nan,nan,nan
1535,76.75,6.581247980e-02,8.237322845e-02,nan,nan,nan,nan
1536,76.8,6.581247980e-02,8.237322845e-02,nan,nan,nan,nan
1537,76.85,6.581247980e-02,8.237322845e-02,nan,nan,nan,nan
1538,76.9,6.581247980e-02,8.237322845e-02,nan,nan,nan,nan
1539,76.95,6.581247979e-02,8.237322845e-02,nan,nan,nan,nan
1540,77,6.581247979e-02,8.237322845e-02,nan,nan,nan,nan
1541,77.05,6.581247979e-02,8.237322845e-02,nan,nan,nan,nan
1542,77.1,6.581247979e-02,8.237322845e-02,nan,nan,nan,nan
1543,77.15,6.581247979e-02,8.237322845e-02,nan,nan,nan,nan
1544,77.2,6.581247979e-02,8.237322845e-02,nan,nan,nan,nan
1545,77.25,6.581247979e-02,8.237322844e-02,nan,nan,nan,nan
1546,77.3,6.581247979e-02,8.237322844e-02,nan,nan,nan,nan
1547,77.35,6.581247979e-02,8.237322844e-02,nan,nan,nan,nan
1548,77.4,6.581247979e-02,8.237322844e-02,nan,nan,nan,nan
1549,77.45,6.581247978e-02,8.237322844e-02,nan,nan,nan,nan
1550,77.5,6.581247978e-02,8.237322844e-02,nan,nan,nan,nan
1551,77.55,6.581247978e-02,8.237322843e-02,nan,nan,nan,nan
1552,77.6,6.581247978e-02,8.237322843e-02,nan,nan,nan,nan
1553,77.65,6.581247978e-02,8.237322843e-02,nan,nan,nan,nan
1554,77.7,6.581247978e-02,8.237322843e-02,nan,nan,nan,nan
1555,77.75,6.581247977e-02,8.237322843e-02,nan,nan,nan,nan
1556,77.8,6.581247977e-02,8.237322842e-02,nan,nan,nan,nan
1557,77.85,6.581247977e-02,8.237322842e-02,nan,nan,nan,nan
1558,77.9,6.581247977e-02,8.237322842e-02,nan,nan,nan,nan
1559,77.95,6.581247976e-02,8.237322842e-02,nan,nan,nan,nan
1560,78,6.581247976e-02,8.237322841e-02,nan,nan,nan,nan
1561,78.05,6.581247976e-02,8.237322841e-02,nan,nan,nan,nan
1562,78.1,6.581247976e-02,8.237322841e-02,nan,nan,nan,nan
1563,78.15,6.581247975e-02,8.237322840e-02,nan,nan,nan,nan
1564,78.2,6.581247975e-02,8.237322840e-02,nan,nan,nan,nan
1565,78.25,6.581247975e-02,8.237322840e-02,nan,nan,nan,nan
1566,78.3,6.581247974e-02,8.237322839e-02,nan,nan,nan,nan
1567,78.35,6.581247974e-02,8.237322839e-02,nan,nan,nan,nan
1568,78.4,6.581247974e-02,8.237322839e-02,nan,nan,nan,nan
1569,78.45,6.581247974e-02,8.237322838e-02,nan,nan,nan,nan
1570,78.5,6.581247973e-02,8.237322838e-02,nan,nan,nan,nan
1571,78.55,6.581247973e-02,8.237322837e-02,nan,nan,nan,nan
1572,78.6,6.581247972e-02,8.237322837e-02,nan,nan,nan,nan
1573,78.65,6.581247972e-02,8.237322837e-02,nan,nan,nan,nan
1574,78.7,6.581247972e-02,8.237322836e-02,nan,nan,nan,nan
1575,78.75,6.581247971e-02,8.237322836e-02,nan,nan,nan,nan
1576,78.8,6.581247971e-02,8.237322835e-02,nan,nan,nan,nan
1577,78.85,6.581247971e-02,8.237322835e-02,nan,nan,nan,nan
1578,78.9,6.581247970e-02,8.237322834e-02,nan,nan,nan,nan
1579,78.95,6.581247970e-02,8.237322834e-02,nan,nan,nan,nan
1580,79,6.581247969e-02,8.237322834e-02,nan,nan,nan,nan
1581,79.05,6.581247969e-02,8.237322833e-02,nan,nan,nan,nan
1582,79.1,6.581247969e-02,8.237322833e-02,nan,nan,nan,nan
1583,79.15,6.581247968e-02,8.237322832e-02,nan,nan,nan,nan
1584,79.2,6.581247968e-02,8.237322832e-02,nan,nan,nan,nan
1585,79.25,6.581247967e-02,8.237322831e-02,nan,nan,nan,nan
1586,79.3,6.581247967e-02,8.237322831e-02,nan,nan,nan,nan
1587,79.35,6.581247966e-02,8.237322830e-02,nan,nan,nan,nan
1588,79.4,6.581247966e-02,8.237322830e-02,nan,nan,nan,nan
1589,79.45,6.581247966e-02,8.237322829e-02,nan,nan,nan,nan
1590,79.5,6.581247965e-02,8.237322829e-02,nan,nan,nan,nan
1591,79.55,6.581247965e-02,8.237322828e-02,nan,nan,nan,nan
1592,79.6,6.581247964e-02,8.237322828e-02,nan,nan,nan,nan
1593,79.65,6.581247964e-02,8.237322827e-02,nan,nan,nan,nan
1594,79.7,6.581247964e-02,8.237322827e-02,nan,nan,nan,nan
1595,79.75,6.581247963e-02,8.237322826e-02,nan,nan,nan,nan
1596,79.8,6.581247963e-02,8.237322826e-02,nan,nan,nan,nan
1597,79.85,6.581247962e-02,8.237322825e-02,nan,nan,nan,nan
1598,79.9,6.581247962e-02,8.237322825e-02,nan,nan,nan,nan
1599,79.95,6.581247962e-02,8.237322824e-02,nan,nan,nan,nan
1600,80,6.581247961e-02,8.237322824e-02,nan,nan,nan,nan
1601,80.05,6.581247961e-02,8.237322823e-02,nan,nan,nan,nan
1602,80.1,6.581247961e-02,8.237322823e-02,nan,nan,nan,nan
1603,80.15,6.581247960e-02,8.237322823e-02,nan,nan,nan,nan
1604,80.2,6.581247960e-02,8.237322822e-02,nan,nan,nan,nan
1605,80.25,6.581247960e-02,8.237322822e-02,nan,nan,nan,nan
1606,80.3,6.581247959e-02,8.237322821e-02,nan,nan,nan,nan
1607,80.35,6.581247959e-02,8.237322821e-02,nan,nan,nan,nan
1608,80.4,6.581247959e-02,8.237322821e-02,nan,nan,nan,nan
1609,80.45,6.581247958e-02,8.237322820e-02,nan,nan,nan,nan
1610,80.5,6.581247958e-02,8.237322820e-02,nan,nan,nan,nan
1611,80.55,6.581247958e-02,8.237322820e-02,nan,nan,nan,nan
1612,80.6,6.581247958e-02,8.237322820e-02,nan,nan,nan,nan
1613,80.65,6.581247958e-02,8.237322819e-02,nan,nan,nan,nan
1614,80.7,6.581247957e-02,8.237322819e-02,nan,nan,nan,nan
1615,80.75,6.581247957e-02,8.237322819e-02,nan,nan,nan,nan
1616,80.8,6.581247957e-02,8.237322819e-02,nan,nan,nan,nan
1617,80.85,6.581247957e-02,8.237322819e-02,nan,nan,nan,nan
1618,80.9,6.581247957e-02,8.237322818e-02,nan,nan,nan,nan
1619,80.95,6.581247957e-02,8.237322818e-02,nan,nan,nan,nan
1620,81,6.581247957e-02,8.237322818e-02,nan,nan,nan,nan
1621,81.05,6.581247957e-02,8.237322818e-02,nan,nan,nan,nan
1622,81.1,6.581247957e-02,8.237322818e-02,nan,nan,nan,nan
1623,81.15,6.581247957e-02,8.237322818e-02,nan,nan,nan,nan
1624,81.2,6.581247957e-02,8.237322818e-02,nan,nan,nan,nan
1625,81.25,6.581247957e-02,8.237322818e-02,nan,nan,nan,nan
1626,81.3,6.581247957e-02,8.237322818e-02,nan,nan,nan,nan
1627,81.35,6.581247957e-02,8.237322818e-02,nan,nan,nan,nan
1628,81.4,6.581247957e-02,8.237322819e-02,nan,nan,nan,nan
1629,81.45,6.581247958e-02,8.237322819e-02,nan,nan,nan,nan
1630,81.5,6.581247958e-02,8.237322819e-02,nan,nan,nan,nan
1631,81.55,6.581247958e-02,8.237322819e-02,nan,nan,nan,nan
1632,81.6,6.581247958e-02,8.237322820e-02,nan,nan,nan,nan
1633,81.65,6.581247958e-02,8.237322820e-02,nan,nan,nan,nan
1634,81.7,6.581247959e-02,8.237322820e-02,nan,nan,nan,nan
1635,81.75,6.581247959e-02,8.237322820e-02,nan,nan,nan,nan
1636,81.8,6.581247959e-02,8.237322821e-02,nan,nan,nan,nan
1637,81.85,6.581247960e-02,8.237322821e-02,nan,nan,nan,nan
1638,81.9,6.581247960e-02,8.237322822e-02,nan,nan,nan,nan
1639,81.95,6.581247961e-02,8.237322822e-02,nan,nan,nan,nan
1640,82,6.581247961e-02,8.237322823e-02,nan,nan,nan,nan
1641,82.05,6.581247962e-02,8.237322823e-02,nan,nan,nan,nan
1642,82.1,6.581247962e-02,8.237322824e-02,nan,nan,nan,nan
1643,82.15,6.581247963e-02,8.237322824e-02,nan,nan,nan,nan
1644,82.2,6.581247963e-02,8.237322825e-02,nan,nan,nan,nan
1645,82.25,6.581247964e-02,8.237322826e-02,nan,nan,nan,nan
1646,82.3,6.581247964e-02,8.237322826e-02,nan,nan,nan,nan
1647,82.35,6.581247965e-02,8.237322827e-02,nan,nan,nan,nan
1648,82.4,6.581247965e-02,8.237322828e-02,nan,nan,nan,nan
1649,82.45,6.581247966e-02,8.237322828e-02,nan,nan,nan,nan
1650,82.5,6.581247967e-02,8.237322829e-02,nan,nan,nan,nan
1651,82.55,6.581247967e-02,8.237322830e-02,nan,nan,nan,nan
1652,82.6,6.581247968e-02,8.237322831e-02,nan,nan,nan,nan
1653,82.65,6.581247969e-02,8.237322831e-02,nan,nan,nan,nan
1654,82.7,6.581247969e-02,8.237322832e-02,nan,nan,nan,nan
1655,82.75,6.581247970e-02,8.237322833e-02,nan,nan,nan,nan
1656,82.8,6.581247971e-02,8.237322834e-02,nan,nan,nan,nan
1657,82.85,6.581247972e-02,8.237322835e-02,nan,nan,nan,nan
1658,82.9,6.581247972e-02,8.237322836e-02,nan,nan,nan,nan
1659,82.95,6.581247973e-02,8.237322837e-02,nan,nan,nan,nan
1660,83,6.581247974e-02,8.237322838e-02,nan,nan,nan,nan
1661,83.05,6.581247975e-02,8.237322838e-02,nan,nan,nan,nan
1662,83.1,6.581247976e-02,8.237322839e-02,nan,nan,nan,nan
1663,83.15,6.581247976e-02,8.237322840e-02,nan,nan,nan,nan
1664,83.2,6.581247977e-02,8.237322841e-02,nan,nan,nan,nan
1665,83.25,6.581247978e-02,8.237322842e-02,nan,nan,nan,nan
1666,83.3,6.581247979e-02,8.237322843e-02,nan,nan,nan,nan
1667,83.35,6.581247980e-02,8.237322844e-02,nan,nan,nan,nan
1668,83.4,6.581247980e-02,8.237322845e-02,nan,nan,nan,nan
1669,83.45,6.581247981e-02,8.237322846e-02,nan,nan,nan,nan
1670,83.5,6.581247982e-02,8.237322847e-02,nan,nan,nan,nan
1671,83.55,6.581247983e-02,8.237322848e-02,nan,nan,nan,nan
1672,83.6,6.581247984e-02,8.237322849e-02,nan,nan,nan,nan
1673,83.65,6.581247985e-02,8.237322850e-02,nan,nan,nan,nan
1674,83.7,6.581247985e-02,8.237322851e-02,nan,nan,nan,nan
1675,83.75,6.581247986e-02,8.237322852e-02,nan,nan,nan,nan
1676,83.8,6.581247987e-02,8.237322853e-02,nan,nan,nan,nan
1677,83.85,6.581247988e-02,8.237322854e-02,nan,nan,nan,nan
1678,83.9,6.581247989e-02,8.237322855e-02,nan,nan,nan,nan
1679,83.95,6.581247989e-02,8.237322856e-02,nan,nan,nan,nan
1680,84,6.581247990e-02,8.237322857e-02,nan,nan,nan,nan
1681,84.05,6.581247991e-02,8.237322858e-02,nan,nan,nan,nan
1682,84.1,6.581247992e-02,8.237322859e-02,nan,nan,nan,nan
1683,84.15,6.581247992e-02,8.237322860e-02,nan,nan,nan,nan
1684,84.2,6.581247993e-02,8.237322861e-02,nan,nan,nan,nan
1685,84.25,6.581247994e-02,8.237322862e-02,nan,nan,nan,nan
1686,84.3,6.581247995e-02,8.237322862e-02,nan,nan,nan,nan
1687,84.35,6.581247995e-02,8.237322863e-02,nan,nan,nan,nan
1688,84.4,6.581247996e-02,8.237322864e-02,nan,nan,nan,nan
1689,84.45,6.581247997e-02,8.237322865e-02,nan,nan,nan,nan
1690,84.5,6.581247997e-02,8.237322866e-02,nan,nan,nan,nan
1691,84.55,6.581247998e-02,8.237322867e-02,nan,nan,nan,nan
1692,84.6,6.581247998e-02,8.237322867e-02,nan,nan,nan,nan
1693,84.65,6.581247999e-02,8.237322868e-02,nan,nan,nan,nan
1694,84.7,6.581248000e-02,8.237322869e-02,nan,nan,nan,nan
1695,84.75,6.581248000e-02,8.237322870e-02,nan,nan,nan,nan
1696,84.8,6.581248001e-02,8.237322870e-02,nan,nan,nan,nan
1697,84.85,6.581248001e-02,8.237322871e-02,nan,nan,nan,nan
1698,84.9,6.581248002e-02,8.237322872e-02,nan,nan,nan,nan
1699,84.95,6.581248002e-02,8.237322872e-02,nan,nan,nan,nan
1700,85,6.581248003e-02,8.237322873e-02,nan,nan,nan,nan
1701,85.05,6.581248003e-02,8.237322873e-02,nan,nan,nan,nan
1702,85.1,6.581248004e-02,8.237322874e-02,nan,nan,nan,nan
1703,85.15,6.581248004e-02,8.237322875e-02,nan,nan,nan,nan
1704,85.2,6.581248004e-02,8.237322875e-02,nan,nan,nan,nan
1705,85.25,6.581248005e-02,8.237322876e-02,nan,nan,nan,nan
1706,85.3,6.581248005e-02,8.237322876e-02,nan,nan,nan,nan
1707,85.35,6.581248006e-02,8.237322876e-02,nan,nan,nan,nan
1708,85.4,6.581248006e-02,8.237322877e-02,nan,nan,nan,nan
1709,85.45,6.581248006e-02,8.237322877e-02,nan,nan,nan,nan
1710,85.5,6.581248007e-02,8.237322878e-02,nan,nan,nan,nan
1711,85.55,6.581248007e-02,8.237322878e-02,nan,nan,nan,nan
1712,85.6,6.581248007e-02,8.237322879e-02,nan,nan,nan,nan
1713,85.65,6.581248007e-02,8.237322879e-02,nan,nan,nan,nan
1714,85.7,6.581248008e-02,8.237322879e-02,nan,nan,nan,nan
1715,85.75,6.581248008e-02,8.237322879e-02,nan,nan,nan,nan
1716,85.8,6.581248008e-02,8.237322880e-02,nan,nan,nan,nan
1717,85.85,6.581248008e-02,8.237322880e-02,nan,nan,nan,nan
1718,85.9,6.581248008e-02,8.237322880e-02,nan,nan,nan,nan
1719,85.95,6.581248009e-02,8.237322881e-02,nan,nan,nan,nan
1720,86,6.581248009e-02,8.237322881e-02,nan,nan,nan,nan
1721,86.05,6.581248009e-02,8.237322881e-02,nan,nan,nan,nan
1722,86.1,6.581248009e-02,8.237322881e-02,nan,nan,nan,nan
1723,86.15,6.581248009e-02,8.237322881e-02,nan,nan,nan,nan
1724,86.2,6.581248009e-02,8.237322881e-02,nan,nan,nan,nan
1725,86.25,6.581248009e-02,8.237322882e-02,nan,nan,nan,nan
1726,86.3,6.581248009e-02,8.237322882e-02,nan,nan,nan,nan
1727,86.35,6.581248009e-02,8.237322882e-02,nan,nan,nan,nan
1728,86.4,6.581248009e-02,8.237322882e-02,nan,nan,nan,nan
1729,86.45,6.581248009e-02,8.237322882e-02,nan,nan,nan,nan
1730,86.5,6.581248009e-02,8.237322882e-02,nan,nan,nan,nan
1731,86.55,6.581248009e-02,8.237322882e-02,nan,nan,nan,nan
1732,86.6,6.581248009e-02,8.237322882e-02,nan,nan,nan,nan
1733,86.65,6.581248009e-02,8.237322882e-02,nan,nan,nan,nan
1734,86.7,6.581248009e-02,8.237322882e-02,nan,nan,nan,nan
1735,86.75,6.581248009e-02,8.237322882e-02,nan,nan,nan,nan
1736,86.8,6.581248009e-02,8.237322882e-02,nan,nan,nan,nan
1737,86.85,6.581248009e-02,8.237322882e-02,nan,nan,nan,nan
1738,86.9,6.581248009e-02,8.237322882e-02,nan,nan,nan,nan
1739,86.95,6.581248009e-02,8.237322882e-02,nan,nan,nan,nan
1740,87,6.581248009e-02,8.237322882e-02,nan,nan,nan,nan
1741,87.05,6.581248009e-02,8.237322882e-02,nan,nan,nan,nan
1742,87.1,6.581248009e-02,8.237322882e-02,nan,nan,nan,nan
1743,87.15,6.581248009e-02,8.237322882e-02,nan,nan,nan,nan
1744,87.2,6.581248009e-02,8.237322882e-02,nan,nan,nan,nan
1745,87.25,6.581248009e-02,8.237322881e-02,nan,nan,nan,nan
1746,87.3,6.581248009e-02,8.237322881e-02,nan,nan,nan,nan
1747,87.35,6.581248008e-02,8.237322881e-02,nan,nan,nan,nan
1748,87.4,6.581248008e-02,8.237322881e-02,nan,nan,nan,nan
1749,87.45,6.581248008e-02,8.237322881e-02,nan,nan,nan,nan
1750,87.5,6.581248008e-02,8.237322881e-02,nan,nan,nan,nan
1751,87.55,6.581248008e-02,8.237322881e-02,nan,nan,nan,nan
1752,87.6,6.581248008e-02,8.237322881e-02,nan,nan,nan,nan
1753,87.65,6.581248008e-02,8.237322881e-02,nan,nan,nan,nan
1754,87.7,6.581248008e-02,8.237322880e-02,nan,nan,nan,nan
1755,87.75,6.581248008e-02,8.237322880e-02,nan,nan,nan,nan
1756,87.8,6.581248007e-02,8.237322880e-02,nan,nan,nan,nan
1757,87.85,6.581248007e-02,8.237322880e-02,nan,nan,nan,nan
1758,87.9,6.581248007e-02,8.237322880e-02,nan,nan,nan,nan
1759,87.95,6.581248007e-02,8.237322880e-02,nan,nan,nan,nan
1760,88,6.581248007e-02,8.237322880e-02,nan,nan,nan,nan
1761,88.05,6.581248007e-02,8.237322879e-02,nan,nan,nan,nan
1762,88.1,6.581248007e-02,8.237322879e-02,nan,nan,nan,nan
1763,88.15,6.581248007e-02,8.237322879e-02,nan,nan,nan,nan
1764,88.2,6.581248007e-02,8.237322879e-02,nan,nan,nan,nan
1765,88.25,6.581248006e-02,8.237322879e-02,nan,nan,nan,nan
1766,88.3,6.581248006e-02,8.237322879e-02,nan,nan,nan,nan
1767,88.35,6.581248006e-02,8.237322879e-02,nan,nan,nan,nan
1768,88.4,6.581248006e-02,8.237322879e-02,nan,nan,nan,nan
1769,88.45,6.581248006e-02,8.237322878e-02,nan,nan,nan,nan
1770,88.5,6.581248006e-02,8.237322878e-02,nan,nan,nan,nan
1771,88.55,6.581248006e-02,8.237322878e-02,nan,nan,nan,nan
1772,88.6,6.581248006e-02,8.237322878e-02,nan,nan,nan,nan
1773,88.65,6.581248006e-02,8.237322878e-02,nan,nan,nan,nan
1774,88.7,6.581248006e-02,8.237322878e-02,nan,nan,nan,nan
1775,88.75,6.581248005e-02,8.237322878e-02,nan,nan,nan,nan
1776,88.8,6.581248005e-02,8.237322878e-02,nan,nan,nan,nan
1777,88.85,6.581248005e-02,8.237322877e-02,nan,nan,nan,nan
1778,88.9,6.581248005e-02,8.237322877e-02,nan,nan,nan,nan
1779,88.95,6.581248005e-02,8.237322877e-02,nan,nan,nan,nan
1780,89,6.581248005e-02,8.237322877e-02,nan,nan,nan,nan
1781,89.05,6.581248005e-02,8.237322877e-02,nan,nan,nan,nan
1782,89.1,6.581248005e-02,8.237322877e-02,nan,nan,nan,nan
1783,89.15,6.581248005e-02,8.237322877e-02,nan,nan,nan,nan
1784,89.2,6.581248005e-02,8.237322877e-02,nan,nan,nan,nan
1785,89.25,6.581248005e-02,8.237322877e-02,nan,nan,nan,nan
1786,89.3,6.581248005e-02,8.237322877e-02,nan,nan,nan,nan
1787,89.35,6.581248005e-02,8.237322877e-02,nan,nan,nan,nan
1788,89.4,6.581248004e-02,8.237322876e-02,nan,nan,nan,nan
1789,89.45,6.581248004e-02,8.237322876e-02,nan,nan,nan,nan
1790,89.5,6.581248004e-02,8.237322876e-02,nan,nan,nan,nan
1791,89.55,6.581248004e-02,8.237322876e-02,nan,nan,nan,nan
1792,89.6,6.581248004e-02,8.237322876e-02,nan,nan,nan,nan
1793,89.65,6.581248004e-02,8.237322876e-02,nan,nan,nan,nan
1794,89.7,6.581248004e-02,8.237322876e-02,nan,nan,nan,nan
1795,89.75,6.581248004e-02,8.237322876e-02,nan,nan,nan,nan
1796,89.8,6.581248004e-02,8.237322876e-02,nan,nan,nan,nan
1797,89.85,6.581248004e-02,8.237322876e-02,nan,nan,nan,nan
1798,89.9,6.581248004e-02,8.237322876e-02,nan,nan,nan,nan
1799,89.95,6.581248004e-02,8.237322876e-02,nan,nan,nan,nan
1800,90,6.581248004e-02,8.237322876e-02,nan,nan,nan,nan
1801,90.05,6.581248004e-02,8.237322876e-02,nan,nan,nan,nan
1802,90.1,6.581248004e-02,8.237322876e-02,nan,nan,nan,nan
1803,90.15,6.581248004e-02,8.237322876e-02,nan,nan,nan,nan
1804,90.2,6.581248004e-02,8.237322876e-02,nan,nan,nan,nan
1805,90.25,6.581248004e-02,8.237322875e-02,nan,nan,nan,nan
1806,90.3,6.581248004e-02,8.237322875e-02,nan,nan,nan,nan
1807,90.35,6.581248004e-02,8.237322875e-02,nan,nan,nan,nan
1808,90.4,6.581248004e-02,8.237322875e-02,nan,nan,nan,nan
1809,90.45,6.581248004e-02,8.237322875e-02,nan,nan,nan,nan
1810,90.5,6.581248004e-02,8.237322875e-02,nan,nan,nan,nan
1811,90.55,6.581248004e-02,8.237322875e-02,nan,nan,nan,nan
1812,90.6,6.581248003e-02,8.237322875e-02,nan,nan,nan,nan
1813,90.65,6.581248003e-02,8.237322875e-02,nan,nan,nan,nan
1814,90.7,6.581248003e-02,8.237322875e-02,nan,nan,nan,nan
1815,90.75,6.581248003e-02,8.237322875e-02,nan,nan,nan,nan
1816,90.8,6.581248003e-02,8.237322875e-02,nan,nan,nan,nan
1817,90.85,6.581248003e-02,8.237322875e-02,nan,nan,nan,nan
1818,90.9,6.581248003e-02,8.237322875e-02,nan,nan,nan,nan
1819,90.95,6.581248003e-02,8.237322875e-02,nan,nan,nan,nan
1820,91,6.581248003e-02,8.237322875e-02,nan,nan,nan,nan
1821,91.05,6.581248003e-02,8.237322875e-02,nan,nan,nan,nan
1822,91.1,6.581248003e-02,8.237322875e-02,nan,nan,nan,nan
1823,91.15,6.581248003e-02,8.237322875e-02,nan,nan,nan,nan
1824,91.2,6.581248003e-02,8.237322875e-02,nan,nan,nan,nan
1825,91.25,6.581248003e-02,8.237322875e-02,nan,nan,nan,nan
1826,91.3,6.581248003e-02,8.237322875e-02,nan,nan,nan,nan
1827,91.35,6.581248003e-02,8.237322875e-02,nan,nan,nan,nan
1828,91.4,6.581248003e-02,8.237322875e-02,nan,nan,nan,nan
1829,91.45,6.581248003e-02,8.237322875e-02,nan,nan,nan,nan
1830,91.5,6.581248003e-02,8.237322875e-02,nan,nan,nan,nan
1831,91.55,6.581248003e-02,8.237322875e-02,nan,nan,nan,nan
1832,91.6,6.581248003e-02,8.237322875e-02,nan,nan,nan,nan
1833,91.65,6.581248003e-02,8.237322875e-02,nan,nan,nan,nan
1834,91.7,6.581248003e-02,8.237322875e-02,nan,nan,nan,nan
1835,91.75,6.581248003e-02,8.237322875e-02,nan,nan,nan,nan
1836,91.8,6.581248003e-02,8.237322875e-02,nan,nan,nan,nan
1837,91.85,6.581248003e-02,8.237322875e-02,nan,nan,nan,nan
1838,91.9,6.581248003e-02,8.237322875e-02,nan,nan,nan,nan
1839,91.95,6.581248003e-02,8.237322875e-02,nan,nan,nan,nan
1840,92,6.581248003e-02,8.237322875e-02,nan,nan,nan,nan
1841,92.05,6.581248003e-02,8.237322875e-02,nan,nan,nan,nan
1842,92.1,6.581248003e-02,8.237322875e-02,nan,nan,nan,nan
1843,92.15,6.581248003e-02,8.237322875e-02,nan,nan,nan,nan
1844,92.2,6.581248003e-02,8.237322875e-02,nan,nan,nan,nan
1845,92.25,6.581248003e-02,8.237322875e-02,nan,nan,nan,nan
1846,92.3,6.581248003e-02,8.237322875e-02,nan,nan,nan,nan
1847,92.35,6.581248003e-02,8.237322875e-02,nan,nan,nan,nan
1848,92.4,6.581248003e-02,8.237322875e-02,nan,nan,nan,nan
1849,92.45,6.581248003e-02,8.237322875e-02,nan,nan,nan,nan
1850,92.5,6.581248003e-02,8.237322875e-02,nan,nan,nan,nan
1851,92.55,6.581248003e-02,8.237322875e-02,nan,nan,nan,nan
1852,92.6,6.581248003e-02,8.237322875e-02,nan,nan,nan,nan
1853,92.65,6.581248003e-02,8.237322875e-02,nan,nan,nan,nan
1854,92.7,6.581248003e-02,8.237322875e-02,nan,nan,nan,nan
1855,92.75,6.581248003e-02,8.237322875e-02,nan,nan,nan,nan
1856,92.8,6.581248003e-02,8.237322875e-02,nan,nan,nan,nan
1857,92.85,6.581248003e-02,8.237322875e-02,nan,nan,nan,nan
1858,92.9,6.581248003e-02,8.237322875e-02,nan,nan,nan,nan
1859,92.95,6.581248003e-02,8.237322875e-02,nan,nan,nan,nan
1860,93,6.581248003e-02,8.237322875e-02,nan,nan,nan,nan
1861,93.05,6.581248003e-02,8.237322875e-02,nan,nan,nan,nan
1862,93.1,6.581248003e-02,8.237322875e-02,nan,nan,nan,nan
1863,93.15,6.581248003e-02,8.237322875e-02,nan,nan,nan,nan
1864,93.2,6.581248003e-02,8.237322875e-02,nan,nan,nan,nan
1865,93.25,6.581248003e-02,8.237322875e-02,nan,nan,nan,nan
1866,93.3,6.581248003e-02,8.237322875e-02,nan,nan,nan,nan
1867,93.35,6.581248003e-02,8.237322875e-02,nan,nan,nan,nan
1868,93.4,6.581248003e-02,8.237322875e-02,nan,nan,nan,nan
1869,93.45,6.581248003e-02,8.237322875e-02,nan,nan,nan,nan
1870,93.5,6.581248003e-02,8.237322875e-02,nan,nan,nan,nan
1871,93.55,6.581248003e-02,8.237322875e-02,nan,nan,nan,nan
1872,93.6,6.581248003e-02,8.237322875e-02,nan,nan,nan,nan
1873,93.65,6.581248003e-02,8.237322875e-02,nan,nan,nan,nan
1874,93.7,6.581248003e-02,8.237322875e-02,nan,nan,nan,nan
1875,93.75,6.581248003e-02,8.237322875e-02,nan,nan,nan,nan
1876,93.8,6.581248003e-02,8.237322875e-02,nan,nan,nan,nan
1877,93.85,6.581248003e-02,8.237322875e-02,nan,nan,nan,nan
1878,93.9,6.581248003e-02,8.237322875e-02,nan,nan,nan,nan
1879,93.95,6.581248003e-02,8.237322875e-02,nan,nan,nan,nan
1880,94,6.581248003e-02,8.237322875e-02,nan,nan,nan,nan
1881,94.05,6.581248003e-02,8.237322875e-02,nan,nan,nan,nan
1882,94.1,6.581248003e-02,8.237322875e-02,nan,nan,nan,nan
1883,94.15,6.581248003e-02,8.237322875e-02,nan,nan,nan,nan
1884,94.2,6.581248003e-02,8.237322875e-02,nan,nan,nan,nan
1885,94.25,6.581248003e-02,8.237322875e-02,nan,nan,nan,nan
1886,94.3,6.581248003e-02,8.237322875e-02,nan,nan,nan,nan
1887,94.35,6.581248003e-02,8.237322875e-02,nan,nan,nan,nan
1888,94.4,6.581248003e-02,8.237322875e-02,nan,nan,nan,nan
1889,94.45,6.581248003e-02,8.237322875e-02,nan,nan,nan,nan
1890,94.5,6.581248003e-02,8.237322875e-02,nan,nan,nan,nan
1891,94.55,6.581248003e-02,8.237322875e-02,nan,nan,nan,nan
1892,94.6,6.581248003e-02,8.237322875e-02,nan,nan,nan,nan
1893,94.65,6.581248003e-02,8.237322875e-02,nan,nan,nan,nan
1894,94.7,6.581248003e-02,8.237322875e-02,nan,nan,nan,nan
1895,94.75,6.581248003e-02,8.237322875e-02,nan,nan,nan,nan
1896,94.8,6.581248003e-02,8.237322875e-02,nan,nan,nan,nan
1897,94.85,6.581248003e-02,8.237322875e-02,nan,nan,nan,nan
1898,94.9,6.581248003e-02,8.237322875e-02,nan,nan,nan,nan
1899,94.95,6.581248003e-02,8.237322875e-02,nan,nan,nan,nan
1900,95,6.581248003e-02,8.237322875e-02,nan,nan,nan,nan
1901,95.05,6.581248003e-02,8.237322875e-02,nan,nan,nan,nan
1902,95.1,6.581248003e-02,8.237322875e-02,nan,nan,nan,nan
1903,95.15,6.581248003e-02,8.237322875e-02,nan,nan,nan,nan
1904,95.2,6.581248003e-02,8.237322875e-02,nan,nan,nan,nan
1905,95.25,6.581248003e-02,8.237322875e-02,nan,nan,nan,nan
1906,95.3,6.581248003e-02,8.237322875e-02,nan,nan,nan,nan
1907,95.35,6.581248003e-02,8.237322875e-02,nan,nan,nan,nan
1908,95.4,6.581248003e-02,8.237322875e-02,nan,nan,nan,nan
1909,95.45,6.581248003e-02,8.237322875e-02,nan,nan,nan,nan
1910,95.5,6.581248003e-02,8.237322875e-02,nan,nan,nan,nan
1911,95.55,6.581248003e-02,8.237322875e-02,nan,nan,nan,nan
1912,95.6,6.581248003e-02,8.237322875e-02,nan,nan,nan,nan
1913,95.65,6.581248003e-02,8.237322875e-02,nan,nan,nan,nan
1914,95.7,6.581248003e-02,8.237322875e-02,nan,nan,nan,nan
1915,95.75,6.581248003e-02,8.237322875e-02,nan,nan,nan,nan
1916,95.8,6.581248003e-02,8.237322875e-02,nan,nan,nan,nan
1917,95.85,6.581248003e-02,8.237322875e-02,nan,nan,nan,nan
1918,95.9,6.581248003e-02,8.237322875e-02,nan,nan,nan,nan
1919,95.95,6.581248003e-02,8.237322875e-02,nan,nan,nan,nan
1920,96,6.581248003e-02,8.237322875e-02,nan,nan,nan,nan
1921,96.05,6.581248003e-02,8.237322875e-02,nan,nan,nan,nan
1922,96.1,6.581248003e-02,8.237322875e-02,nan,nan,nan,nan
1923,96.15,6.581248003e-02,8.237322875e-02,nan,nan,nan,nan
1924,96.2,6.581248003e-02,8.237322875e-02,nan,nan,nan,nan
1925,96.25,6.581248003e-02,8.237322875e-02,nan,nan,nan,nan
1926,96.3,6.581248003e-02,8.237322875e-02,nan,nan,nan,nan
1927,96.35,6.581248003e-02,8.237322875e-02,nan,nan,nan,nan
1928,96.4,6.581248003e-02,8.237322875e-02,nan,nan,nan,nan
1929,96.45,6.581248003e-02,8.237322875e-02,nan,nan,nan,nan
1930,96.5,6.581248003e-02,8.237322875e-02,nan,nan,nan,nan
1931,96.55,6.581248003e-02,8.237322875e-02,nan,nan,nan,nan
1932,96.6,6.581248003e-02,8.237322875e-02,nan,nan,nan,nan
1933,96.65,6.581248003e-02,8.237322875e-02,nan,nan,nan,nan
1934,96.7,6.581248003e-02,8.237322875e-02,nan,nan,nan,nan
1935,96.75,6.581248003e-02,8.237322875e-02,nan,nan,nan,nan
1936,96.8,6.581248003e-02,8.237322875e-02,nan,nan,nan,nan
1937,96.85,6.581248003e-02,8.237322875e-02,nan,nan,nan,nan
1938,96.9,6.581248003e-02,8.237322875e-02,nan,nan,nan,nan
1939,96.95,6.581248003e-02,8.237322875e-02,nan,nan,nan,nan
1940,97,6.581248003e-02,8.237322875e-02,nan,nan,nan,nan
1941,97.05,6.581248003e-02,8.237322875e-02,nan,nan,nan,nan
1942,97.1,6.581248003e-02,8.237322875e-02,nan,nan,nan,nan
1943,97.15,6.581248003e-02,8.237322875e-02,nan,nan,nan,nan
1944,97.2,6.581248003e-02,8.237322875e-02,nan,nan,nan,nan
1945,97.25,6.581248003e-02,8.237322875e-02,nan,nan,nan,nan
1946,97.3,6.581248003e-02,8.237322875e-02,nan,nan,nan,nan
1947,97.35,6.581248003e-02,8.237322875e-02,nan,nan,nan,nan
1948,97.4,6.581248003e-02,8.237322875e-02,nan,nan,nan,nan
1949,97.45,6.581248003e-02,8.237322875e-02,nan,nan,nan,nan
1950,97.5,6.581248003e-02,8.237322875e-02,nan,nan,nan,nan
1951,97.55,6.581248003e-02,8.237322875e-02,nan,nan,nan,nan
1952,97.6,6.581248003e-02,8.237322875e-02,nan,nan,nan,nan
1953,97.65,6.581248003e-02,8.237322875e-02,nan,nan,nan,nan
1954,97.7,6.581248003e-02,8.237322875e-02,nan,nan,nan,nan
1955,97.75,6.581248003e-02,8.237322875e-02,nan,nan,nan,nan
1956,97.8,6.581248003e-02,8.237322875e-02,nan,nan,nan,nan
1957,97.85,6.581248003e-02,8.237322875e-02,nan,nan,nan,nan
1958,97.9,6.581248003e-02,8.237322875e-02,nan,nan,nan,nan
1959,97.95,6.581248003e-02,8.237322875e-02,nan,nan,nan,nan
1960,98,6.581248003e-02,8.237322875e-02,nan,nan,nan,nan
1961,98.05,6.581248003e-02,8.237322875e-02,nan,nan,nan,nan
1962,98.1,6.581248003e-02,8.237322875e-02,nan,nan,nan,nan
1963,98.15,6.581248003e-02,8.237322875e-02,nan,nan,nan,nan
1964,98.2,6.581248003e-02,8.237322875e-02,nan,nan,nan,nan
1965,98.25,6.581248003e-02,8.237322875e-02,nan,nan,nan,nan
1966,98.3,6.581248003e-02,8.237322875e-02,nan,nan,nan,nan
1967,98.35,6.581248003e-02,8.237322875e-02,nan,nan,nan,nan
1968,98.4,6.581248003e-02,8.237322875e-02,nan,nan,nan,nan
1969,98.45,6.581248003e-02,8.237322875e-02,nan,nan,nan,nan
1970,98.5,6.581248003e-02,8.237322875e-02,nan,nan,nan,nan
1971,98.55,6.581248003e-02,8.237322875e-02,nan,nan,nan,nan
1972,98.6,6.581248003e-02,8.237322875e-02,nan,nan,nan,nan
1973,98.65,6.581248003e-02,8.237322875e-02,nan,nan,nan,nan
1974,98.7,6.581248003e-02,8.237322875e-02,nan,nan,nan,nan
1975,98.75,6.581248003e-02,8.237322875e-02,nan,nan,nan,nan
1976,98.8,6.581248003e-02,8.237322875e-02,nan,nan,nan,nan
1977,98.85,6.581248003e-02,8.237322875e-02,nan,nan,nan,nan
1978,98.9,6.581248003e-02,8.237322875e-02,nan,nan,nan,nan
1979,98.95,6.581248003e-02,8.237322875e-02,nan,nan,nan,nan
1980,99,6.581248003e-02,8.237322875e-02,nan,nan,nan,nan
1981,99.05,6.581248003e-02,8.237322875e-02,nan,nan,nan,nan
1982,99.1,6.581248003e-02,8.237322875e-02,nan,nan,nan,nan
1983,99.15,6.581248003e-02,8.237322875e-02,nan,nan,nan,nan
1984,99.2,6.581248003e-02,8.237322875e-02,nan,nan,nan,nan
1985,99.25,6.581248003e-02,8.237322875e-02,nan,nan,nan,nan
1986,99.3,6.581248003e-02,8.237322875e-02,nan,nan,nan,nan
1987,99.35,6.581248003e-02,8.237322875e-02,nan,nan,nan,nan
1988,99.4,6.581248003e-02,8.237322875e-02,nan,nan,nan,nan
1989,99.45,6.581248003e-02,8.237322875e-02,nan,nan,nan,nan
1990,99.5,6.581248003e-02,8.237322875e-02,nan,nan,nan,nan
1991,99.55,6.581248003e-02,8.237322875e-02,nan,nan,nan,nan
1992,99.6,6.581248003e-02,8.237322875e-02,nan,nan,nan,nan
1993,99.65,6.581248003e-02,8.237322875e-02,nan,nan,nan,nan
1994,99.7,6.581248003e-02,8.237322875e-02,nan,nan,nan,nan
1995,99.75,6.581248003e-02,8.237322875e-02,nan,nan,nan,nan
1996,99.8,6.581248003e-02,8.237322875e-02,nan,nan,nan,nan
1997,99.85,6.581248003e-02,8.237322875e-02,nan,nan,nan,nan
1998,99.9,6.581248003e-02,8.237322875e-02,nan,nan,nan,nan
1999,99.95,6.581248003e-02,8.237322875e-02,nan,nan,nan,nan
2000,100,6.581248003e-02,8.237322875e-02,nan,nan,nan,nan
2001,100.05,6.581248003e-02,8.237322875e-02,nan,nan,nan,nan
2002,100.1,6.581248003e-02,8.237322875e-02,nan,nan,nan,nan
2003,100.15,6.581248003e-02,8.237322875e-02,nan,nan,nan,nan
2004,100.2,6.581248003e-02,8.237322875e-02,nan,nan,nan,nan
2005,100.25,6.581248003e-02,8.237322875e-02,nan,nan,nan,nan
2006,100.3,6.581248003e-02,8.237322875e-02,nan,nan,nan,nan
2007,100.35,6.581248003e-02,8.237322875e-02,nan,nan,nan,nan
2008,100.4,6.581248003e-02,8.237322875e-02,nan,nan,nan,nan
2009,100.45,6.581248003e-02,8.237322875e-02,nan,nan,nan,nan
2010,100.5,6.581248003e-02,8.237322875e-02,nan,nan,nan,nan
2011,100.55,6.581248003e-02,8.237322875e-02,nan,nan,nan,nan
2012,100.6,6.581248003e-02,8.237322875e-02,nan,nan,nan,nan
2013,100.65,6.581248003e-02,8.237322875e-02,nan,nan,nan,nan
2014,100.7,6.581248003e-02,8.237322875e-02,nan,nan,nan,nan
2015,100.75,6.581248003e-02,8.237322875e-02,nan,nan,nan,nan
2016,100.8,6.581248003e-02,8.237322875e-02,nan,nan,nan,nan
2017,100.85,6.581248003e-02,8.237322875e-02,nan,nan,nan,nan
2018,100.9,6.581248003e-02,8.237322875e-02,nan,nan,nan,nan
2019,100.95,6.581248003e-02,8.237322875e-02,nan,nan,nan,nan
2020,101,6.581248003e-02,8.237322875e-02,nan,nan,nan,nan
2021,101.05,6.581248003e-02,8.237322875e-02,nan,nan,nan,nan
2022,101.1,6.581248003e-02,8.237322875e-02,nan,nan,nan,nan
2023,101.15,6.581248003e-02,8.237322875e-02,nan,nan,nan,nan
2024,101.2,6.581248003e-02,8.237322875e-02,nan,nan,nan,nan
2025,101.25,6.581248003e-02,8.237322875e-02,nan,nan,nan,nan
2026,101.3,6.581248003e-02,8.237322875e-02,nan,nan,nan,nan
2027,101.35,6.581248003e-02,8.237322875e-02,nan,nan,nan,nan
2028,101.4,6.581248003e-02,8.237322875e-02,nan,nan,nan,nan
2029,101.45,6.581248003e-02,8.237322875e-02,nan,nan,nan,nan
2030,101.5,6.581248003e-02,8.237322875e-02,nan,nan,nan,nan
2031,101.55,6.581248003e-02,8.237322875e-02,nan,nan,nan,nan
2032,101.6,6.581248003e-02,8.237322875e-02,nan,nan,nan,nan
2033,101.65,6.581248003e-02,8.237322875e-02,nan,nan,nan,nan
2034,101.7,6.581248003e-02,8.237322875e-02,nan,nan,nan,nan
2035,101.75,6.581248003e-02,8.237322875e-02,nan,nan,nan,nan
2036,101.8,6.581248003e-02,8.237322875e-02,nan,nan,nan,nan
2037,101.85,6.581248003e-02,8.237322875e-02,nan,nan,nan,nan
2038,101.9,6.581248003e-02,8.237322875e-02,nan,nan,nan,nan
2039,101.95,6.581248003e-02,8.237322875e-02,nan,nan,nan,nan
2040,102,6.581248003e-02,8.237322875e-02,nan,nan,nan,nan
2041,102.05,6.581248003e-02,8.237322875e-02,nan,nan,nan,nan
2042,102.1,6.581248003e-02,8.237322875e-02,nan,nan,nan,nan
2043,102.15,6.581248003e-02,8.237322875e-02,nan,nan,nan,nan
2044,102.2,6.581248003e-02,8.237322875e-02,nan,nan,nan,nan
2045,102.25,6.581248003e-02,8.237322875e-02,nan,nan,nan,nan
2046,102.3,6.581248003e-02,8.237322875e-02,nan,nan,nan,nan
2047,102.35,6.581248003e-02,8.237322875e-02,nan,nan,nan,nan
2048,102.4,6.581248003e-02,8.237322875e-02,nan,nan,nan,nan
2049,102.45,6.581248003e-02,8.237322875e-02,nan,nan,nan,nan
2050,102.5,6.581248003e-02,8.237322875e-02,nan,nan,nan,nan
2051,102.55,6.581248003e-02,8.237322875e-02,nan,nan,nan,nan
2052,102.6,6.581248003e-02,8.237322875e-02,nan,nan,nan,nan
2053,102.65,6.581248003e-02,8.237322875e-02,nan,nan,nan,nan
2054,102.7,6.581248003e-02,8.237322875e-02,nan,nan,nan,nan
2055,102.75,6.581248003e-02,8.237322875e-02,nan,nan,nan,nan
2056,102.8,6.581248003e-02,8.237322875e-02,nan,nan,nan,nan
2057,102.85,6.581248003e-02,8.237322875e-02,nan,nan,nan,nan
2058,102.9,6.581248003e-02,8.237322875e-02,nan,nan,nan,nan
2059,102.95,6.581248003e-02,8.237322875e-02,nan,nan,nan,nan
2060,103,6.581248003e-02,8.237322875e-02,nan,nan,nan,nan
2061,103.05,6.581248003e-02,8.237322875e-02,nan,nan,nan,nan
2062,103.1,6.581248003e-02,8.237322875e-02,nan,nan,nan,nan
2063,103.15,6.581248003e-02,8.237322875e-02,nan,nan,nan,nan
2064,103.2,6.581248003e-02,8.237322875e-02,nan,nan,nan,nan
2065,103.25,6.581248003e-02,8.237322875e-02,nan,nan,nan,nan
2066,103.3,6.581248003e-02,8.237322875e-02,nan,nan,nan,nan
2067,103.35,6.581248003e-02,8.237322875e-02,nan,nan,nan,nan
2068,103.4,6.581248003e-02,8.237322875e-02,nan,nan,nan,nan
2069,103.45,6.581248003e-02,8.237322875e-02,nan,nan,nan,nan
2070,103.5,6.581248003e-02,8.237322875e-02,nan,nan,nan,nan
2071,103.55,6.581248003e-02,8.237322875e-02,nan,nan,nan,nan
2072,103.6,6.581248003e-02,8.237322875e-02,nan,nan,nan,nan
2073,103.65,6.581248003e-02,8.237322875e-02,nan,nan,nan,nan
2074,103.7,6.581248003e-02,8.237322875e-02,nan,nan,nan,nan
2075,103.75,6.581248003e-02,8.237322875e-02,nan,nan,nan,nan
2076,103.8,6.581248003e-02,8.237322875e-02,nan,nan,nan,nan
2077,103.85,6.581248003e-02,8.237322875e-02,nan,nan,nan,nan
2078,103.9,6.581248003e-02,8.237322875e-02,nan,nan,nan,nan
2079,103.95,6.581248003e-02,8.237322875e-02,nan,nan,nan,nan
2080,104,6.581248003e-02,8.237322875e-02,nan,nan,nan,nan
2081,104.05,6.581248003e-02,8.237322875e-02,nan,nan,nan,nan
2082,104.1,6.581248003e-02,8.237322875e-02,nan,nan,nan,nan
2083,104.15,6.581248003e-02,8.237322875e-02,nan,nan,nan,nan
2084,104.2,6.581248003e-02,8.237322875e-02,nan,nan,nan,nan
2085,104.25,6.581248003e-02,8.237322875e-02,nan,nan,nan,nan
2086,104.3,6.581248003e-02,8.237322875e-02,nan,nan,nan,nan
2087,104.35,6.581248003e-02,8.237322875e-02,nan,nan,nan,nan
2088,104.4,6.581248003e-02,8.237322875e-02,nan,nan,nan,nan
2089,104.45,6.581248003e-02,8.237322875e-02,nan,nan,nan,nan
2090,104.5,6.581248003e-02,8.237322875e-02,nan,nan,nan,nan
2091,104.55,6.581248003e-02,8.237322875e-02,nan,nan,nan,nan
2092,104.6,6.581248003e-02,8.237322875e-02,nan,nan,nan,nan
2093,104.65,6.581248003e-02,8.237322875e-02,nan,nan,nan,nan
2094,104.7,6.581248003e-02,8.237322875e-02,nan,nan,nan,nan
2095,104.75,6.581248003e-02,8.237322875e-02,nan,nan,nan,nan
2096,104.8,6.581248003e-02,8.237322875e-02,nan,nan,nan,nan
2097,104.85,6.581248003e-02,8.237322875e-02,nan,nan,nan,nan
2098,104.9,6.581248003e-02,8.237322875e-02,nan,nan,nan,nan
2099,104.95,6.581248003e-02,8.237322875e-02,nan,nan,nan,nan
2100,105,6.581248003e-02,8.237322875e-02,nan,nan,nan,nan
2101,105.05,6.581248003e-02,8.237322875e-02,nan,nan,nan,nan
2102,105.1,6.581248003e-02,8.237322875e-02,nan,nan,nan,nan
2103,105.15,6.581248003e-02,8.237322875e-02,nan,nan,nan,nan
2104,105.2,6.581248003e-02,8.237322875e-02,nan,nan,nan,nan
2105,105.25,6.581248003e-02,8.237322875e-02,nan,nan,nan,nan
2106,105.3,6.581248003e-02,8.237322875e-02,nan,nan,nan,nan
2107,105.35,6.581248003e-02,8.237322875e-02,nan,nan,nan,nan
2108,105.4,6.581248003e-02,8.237322875e-02,nan,nan,nan,nan
2109,105.45,6.581248003e-02,8.237322875e-02,nan,nan,nan,nan
2110,105.5,6.581248003e-02,8.237322875e-02,nan,nan,nan,nan
2111,105.55,6.581248003e-02,8.237322875e-02,nan,nan,nan,nan
2112,105.6,6.581248003e-02,8.237322875e-02,nan,nan,nan,nan
2113,105.65,6.581248003e-02,8.237322875e-02,nan,nan,nan,nan
2114,105.7,6.581248003e-02,8.237322875e-02,nan,nan,nan,nan
2115,105.75,6.581248003e-02,8.237322875e-02,nan,nan,nan,nan
2116,105.8,6.581248003e-02,8.237322875e-02,nan,nan,nan,nan
2117,105.85,6.581248003e-02,8.237322875e-02,nan,nan,nan,nan
2118,105.9,6.581248003e-02,8.237322875e-02,nan,nan,nan,nan
2119,105.95,6.581248003e-02,8.237322875e-02,nan,nan,nan,nan
2120,106,6.581248003e-02,8.237322875e-02,nan,nan,nan,nan
2121,106.05,6.581248003e-02,8.237322875e-02,nan,nan,nan,nan
2122,106.1,6.581248003e-02,8.237322875e-02,nan,nan,nan,nan
2123,106.15,6.581248003e-02,8.237322875e-02,nan,nan,nan,nan
2124,106.2,6.581248003e-02,8.237322875e-02,nan,nan,nan,nan
2125,106.25,6.581248003e-02,8.237322875e-02,nan,nan,nan,nan
2126,106.3,6.581248003e-02,8.237322875e-02,nan,nan,nan,nan
2127,106.35,6.581248003e-02,8.237322875e-02,nan,nan,nan,nan
2128,106.4,6.581248003e-02,8.237322875e-02,nan,nan,nan,nan
2129,106.45,6.581248003e-02,8.237322875e-02,nan,nan,nan,nan
2130,106.5,6.581248003e-02,8.237322875e-02,nan,nan,nan,nan
2131,106.55,6.581248003e-02,8.237322875e-02,nan,nan,nan,nan
2132,106.6,6.581248003e-02,8.237322875e-02,nan,nan,nan,nan
2133,106.65,6.581248003e-02,8.237322875e-02,nan,nan,nan,nan
2134,106.7,6.581248003e-02,8.237322875e-02,nan,nan,nan,nan
2135,106.75,6.581248003e-02,8.237322875e-02,nan,nan,nan,nan
2136,106.8,6.581248003e-02,8.237322875e-02,nan,nan,nan,nan
2137,106.85,6.581248003e-02,8.237322875e-02,nan,nan,nan,nan
2138,106.9,6.581248003e-02,8.237322875e-02,nan,nan,nan,nan
2139,106.95,6.581248003e-02,8.237322875e-02,nan,nan,nan,nan
2140,107,6.581248003e-02,8.237322875e-02,nan,nan,nan,nan
2141,107.05,6.581248003e-02,8.237322875e-02,nan,nan,nan,nan
2142,107.1,6.581248003e-02,8.237322875e-02,nan,nan,nan,nan
2143,107.15,6.581248003e-02,8.237322875e-02,nan,nan,nan,nan
2144,107.2,6.581248003e-02,8.237322875e-02,nan,nan,nan,nan
2145,107.25,6.581248003e-02,8.237322875e-02,nan,nan,nan,nan
2146,107.3,6.581248003e-02,8.237322875e-02,nan,nan,nan,nan
2147,107.35,6.581248003e-02,8.237322875e-02,nan,nan,nan,nan
2148,107.4,6.581248003e-02,8.237322875e-02,nan,nan,nan,nan
2149,107.45,6.581248003e-02,8.237322875e-02,nan,nan,nan,nan
2150,107.5,6.581248003e-02,8.237322875e-02,nan,nan,nan,nan
2151,107.55,6.581248003e-02,8.237322875e-02,nan,nan,nan,nan
2152,107.6,6.581248003e-02,8.237322875e-02,nan,nan,nan,nan
2153,107.65,6.581248003e-02,8.237322875e-02,nan,nan,nan,nan
2154,107.7,6.581248003e-02,8.237322875e-02,nan,nan,nan,nan
2155,107.75,6.581248003e-02,8.237322875e-02,nan,nan,nan,nan
2156,107.8,6.581248003e-02,8.237322875e-02,nan,nan,nan,nan
2157,107.85,6.581248003e-02,8.237322875e-02,nan,nan,nan,nan
2158,107.9,6.581248003e-02,8.237322875e-02,nan,nan,nan,nan
2159,107.95,6.581248003e-02,8.237322875e-02,nan,nan,nan,nan
2160,108,6.581248003e-02,8.237322875e-02,nan,nan,nan,nan
2161,108.05,6.581248003e-02,8.237322875e-02,nan,nan,nan,nan
2162,108.1,6.581248003e-02,8.237322875e-02,nan,nan,nan,nan
2163,108.15,6.581248003e-02,8.237322875e-02,nan,nan,nan,nan
2164,108.2,6.581248003e-02,8.237322875e-02,nan,nan,nan,nan
2165,108.25,6.581248003e-02,8.237322875e-02,nan,nan,nan,nan
2166,108.3,6.581248003e-02,8.237322875e-02,nan,nan,nan,nan
2167,108.35,6.581248003e-02,8.237322875e-02,nan,nan,nan,nan
2168,108.4,6.581248003e-02,8.237322875e-02,nan,nan,nan,nan
2169,108.45,6.581248003e-02,8.237322875e-02,nan,nan,nan,nan
2170,108.5,6.581248003e-02,8.237322875e-02,nan,nan,nan,nan
2171,108.55,6.581248003e-02,8.237322875e-02,nan,nan,nan,nan
2172,108.6,6.581248003e-02,8.237322875e-02,nan,nan,nan,nan
2173,108.65,6.581248003e-02,8.237322875e-02,nan,nan,nan,nan
2174,108.7,6.581248003e-02,8.237322875e-02,nan,nan,nan,nan
2175,108.75,6.581248003e-02,8.237322875e-02,nan,nan,nan,nan
2176,108.8,6.581248003e-02,8.237322875e-02,nan,nan,nan,nan
2177,108.85,6.581248003e-02,8.237322875e-02,nan,nan,nan,nan
2178,108.9,6.581248003e-02,8.237322875e-02,nan,nan,nan,nan
2179,108.95,6.581248003e-02,8.237322875e-02,nan,nan,nan,nan
2180,109,6.581248003e-02,8.237322875e-02,nan,nan,nan,nan
2181,109.05,6.581248003e-02,8.237322875e-02,nan,nan,nan,nan
2182,109.1,6.581248003e-02,8.237322875e-02,nan,nan,nan,nan
2183,109.15,6.581248003e-02,8.237322875e-02,nan,nan,nan,nan
2184,109.2,6.581248003e-02,8.237322875e-02,nan,nan,nan,nan
2185,109.25,6.581248003e-02,8.237322875e-02,nan,nan,nan,nan
2186,109.3,6.581248003e-02,8.237322875e-02,nan,nan,nan,nan
2187,109.35,6.581248003e-02,8.237322875e-02,nan,nan,nan,nan
2188,109.4,6.581248003e-02,8.237322875e-02,nan,nan,nan,nan
2189,109.45,6.581248003e-02,8.237322875e-02,nan,nan,nan,nan
2190,109.5,6.581248003e-02,8.237322875e-02,nan,nan,nan,nan
2191,109.55,6.581248003e-02,8.237322875e-02,nan,nan,nan,nan
2192,109.6,6.581248003e-02,8.237322875e-02,nan,nan,nan,nan
2193,109.65,6.581248003e-02,8.237322875e-02,nan,nan,nan,nan
2194,109.7,6.581248003e-02,8.237322875e-02,nan,nan,nan,nan
2195,109.75,6.581248003e-02,8.237322875e-02,nan,nan,nan,nan
2196,109.8,6.581248003e-02,8.237322875e-02,nan,nan,nan,nan
2197,109.85,6.581248003e-02,8.237322875e-02,nan,nan,nan,nan
2198,109.9,6.581248003e-02,8.237322875e-02,nan,nan,nan,nan
2199,109.95,6.581248003e-02,8.237322875e-02,nan,nan,nan,nan
2200,110,6.581248003e-02,8.237322875e-02,nan,nan,nan,nan
