n,t,maxE_SF,maxH_SF,W_total,W_phys,divE_TF,divH_TF
1,0.025,0.000000000e+00,0.000000000e+00,nan,nan,nan,nan
2,0.05,0.000000000e+00,0.000000000e+00,nan,nan,nan,nan
3,0.075,0.000000000e+00,0.000000000e+00,nan,nan,nan,nan
4,0.1,0.000000000e+00,0.000000000e+00,nan,nan,nan,nan
5,0.125,0.000000000e+00,0.000000000e+00,nan,nan,nan,nan
6,0.15,0.000000000e+00,0.000000000e+00,nan,nan,nan,nan
7,0.175,0.000000000e+00,0.000000000e+00,nan,nan,nan,nan
8,0.2,0.000000000e+00,0.000000000e+00,nan,nan,nan,nan
9,0.225,0.000000000e+00,0.000000000e+00,nan,nan,nan,nan
10,0.25,0.000000000e+00,0.000000000e+00,nan,nan,nan,nan
11,0.275,0.000000000e+00,0.000000000e+00,nan,nan,nan,nan
12,0.3,0.000000000e+00,0.000000000e+00,nan,nan,nan,nan
13,0.325,0.000000000e+00,0.000000000e+00,nan,nan,nan,nan
14,0.35,0.000000000e+00,0.000000000e+00,nan,nan,nan,nan
15,0.375,0.000000000e+00,0.000000000e+00,nan,nan,nan,nan
16,0.4,0.000000000e+00,0.000000000e+00,nan,nan,nan,nan
17,0.425,0.000000000e+00,0.000000000e+00,nan,nan,nan,nan
18,0.45,0.000000000e+00,0.000000000e+00,nan,nan,nan,nan
19,0.475,0.000000000e+00,0.000000000e+00,nan,nan,nan,nan
20,0.5,0.000000000e+00,0.000000000e+00,nan,nan,nan,nan
21,0.525,0.000000000e+00,0.000000000e+00,nan,nan,nan,nan
22,0.55,0.000000000e+00,0.000000000e+00,nan,nan,nan,nan
23,0.575,0.000000000e+00,0.000000000e+00,nan,nan,nan,nan
24,0.6,0.000000000e+00,0.000000000e+00,nan,nan,nan,nan
25,0.625,0.000000000e+00,0.000000000e+00,nan,nan,nan,nan
26,0.65,0.000000000e+00,0.000000000e+00,nan,nan,nan,nan
27,0.675,0.000000000e+00,0.000000000e+00,nan,nan,nan,nan
28,0.7,0.000000000e+00,0.000000000e+00,nan,nan,nan,nan
29,0.725,0.000000000e+00,0.000000000e+00,nan,nan,nan,nan
30,0.75,0.000000000e+00,0.000000000e+00,nan,nan,nan,nan
31,0.775,0.000000000e+00,0.000000000e+00,nan,nan,nan,nan
32,0.8,0.000000000e+00,0.000000000e+00,nan,nan,nan,nan
33,0.825,0.000000000e+00,0.000000000e+00,nan,nan,nan,nan
34,0.85,0.000000000e+00,0.000000000e+00,nan,nan,nan,nan
35,0.875,0.000000000e+00,0.000000000e+00,nan,nan,nan,nan
36,0.9,0.000000000e+00,0.000000000e+00,nan,nan,nan,nan
37,0.925,0.000000000e+00,0.000000000e+00,nan,nan,nan,nan
38,0.95,0.000000000e+00,0.000000000e+00,nan,nan,nan,nan
39,0.975,0.000000000e+00,0.000000000e+00,nan,nan,nan,nan
40,1,0.000000000e+00,0.000000000e+00,nan,nan,nan,nan
41,1.025,0.000000000e+00,0.000000000e+00,nan,nan,nan,nan
42,1.05,0.000000000e+00,0.000000000e+00,nan,nan,nan,nan
43,1.075,6.681911775e-52,1.336382355e-51,nan,nan,nan,nan
44,1.1,2.138211768e-50,4.276423536e-50,nan,nan,nan,nan
45,1.125,6.894897713e-49,1.368455532e-48,nan,nan,nan,nan
46,1.15,1.112648980e-47,2.189528851e-47,nan,nan,nan,nan
47,1.175,8.625324412e-47,1.751623080e-46,nan,nan,nan,nan
48,1.2,1.433425155e-45,2.802596929e-45,nan,nan,nan,nan
49,1.225,1.226193184e-44,2.242077543e-44,nan,nan,nan,nan
50,1.25,8.918636309e-44,1.793662034e-43,nan,nan,nan,nan
51,1.275,7.074949027e-43,1.434929627e-42,nan,nan,nan,nan
52,1.3,3.034781681e-42,5.739718510e-42,nan,nan,nan,nan
53,1.325,2.351723453e-41,4.591774808e-41,nan,nan,nan,nan
54,1.35,1.076596020e-40,1.836709923e-40,nan,nan,nan,nan
55,1.375,7.497265909e-40,1.469367939e-39,nan,nan,nan,nan
56,1.4,2.931890952e-39,5.877471754e-39,nan,nan,nan,nan
57,1.425,1.158453644e-38,2.350988702e-38,nan,nan,nan,nan
58,1.45,5.391248331e-38,9.403954807e-38,nan,nan,nan,nan
59,1.475,1.907635569e-37,3.761581923e-37,nan,nan,nan,nan
60,1.5,5.609704622e-37,1.128474577e-36,nan,nan,nan,nan
61,1.525,1.553116284e-36,3.009265538e-36,nan,nan,nan,nan
62,1.55,6.993855216e-36,1.203706215e-35,nan,nan,nan,nan
63,1.575,2.646769244e-35,4.814824861e-35,nan,nan,nan,nan
64,1.6,5.318143253e-35,9.629649722e-35,nan,nan,nan,nan
65,1.625,1.883667571e-34,3.851859889e-34,nan,nan,nan,nan
66,1.65,5.430568000e-34,1.155557967e-33,nan,nan,nan,nan
67,1.675,1.693411770e-33,3.081487911e-33,nan,nan,nan,nan
68,1.7,3.557427486e-33,6.162975822e-33,nan,nan,nan,nan
69,1.725,7.703390669e-33,1.232595164e-32,nan,nan,nan,nan
70,1.75,1.536698561e-32,3.081487911e-32,nan,nan,nan,nan
71,1.775,3.795689385e-32,7.395570986e-32,nan,nan,nan,nan
72,1.8,9.695588162e-32,1.972152263e-31,nan,nan,nan,nan
73,1.825,1.449671066e-31,2.958228395e-31,nan,nan,nan,nan
74,1.85,2.489216638e-31,5.916456789e-31,nan,nan,nan,nan
75,1.875,3.641400394e-31,8.874685184e-31,nan,nan,nan,nan
76,1.9,8.330358977e-31,1.972152263e-30,nan,nan,nan,nan
77,1.925,1.786679014e-30,3.155443621e-30,nan,nan,nan,nan
78,1.95,2.274131070e-30,4.733165431e-30,nan,nan,nan,nan
79,1.975,2.682833906e-30,6.705317694e-30,nan,nan,nan,nan
80,2,4.367642368e-30,1.104405267e-29,nan,nan,nan,nan
81,2.025,6.025232528e-30,1.577721810e-29,nan,nan,nan,nan
82,2.05,5.947915683e-30,2.139785205e-29,nan,nan,nan,nan
83,2.075,6.680029242e-30,2.682127078e-29,nan,nan,nan,nan
84,2.1,7.435165423e-30,2.997671440e-29,nan,nan,nan,nan
85,2.125,9.104316924e-30,3.786532345e-29,nan,nan,nan,nan
86,2.15,1.205005101e-29,4.417621069e-29,nan,nan,nan,nan
87,2.175,2.259710034e-29,5.679798518e-29,nan,nan,nan,nan
88,2.2,2.392637684e-29,5.048709793e-29,nan,nan,nan,nan
89,2.225,2.819350798e-29,7.573064690e-29,nan,nan,nan,nan
90,2.25,3.754256906e-29,7.573064690e-29,nan,nan,nan,nan
91,2.275,4.284811831e-29,1.262177448e-28,nan,nan,nan,nan
92,2.3,4.706860131e-29,1.767048428e-28,nan,nan,nan,nan
93,2.325,4.548738182e-29,1.577721810e-28,nan,nan,nan,nan
94,2.35,7.357042718e-29,2.019483917e-28,nan,nan,nan,nan
95,2.375,8.696559583e-29,2.271919407e-28,nan,nan,nan,nan
96,2.4,6.840566304e-29,2.524354897e-28,nan,nan,nan,nan
97,2.425,1.044962451e-28,2.271919407e-28,nan,nan,nan,nan
98,2.45,1.246290246e-28,2.524354897e-28,nan,nan,nan,nan
99,2.475,9.206140628e-29,2.524354897e-28,nan,nan,nan,nan
100,2.5,8.617161264e-29,2.524354897e-28,nan,nan,nan,nan
101,2.525,1.440855696e-28,2.524354897e-28,nan,nan,nan,nan
102,2.55,1.120743820e-28,3.029225876e-28,nan,nan,nan,nan
103,2.575,1.070654653e-28,3.281661366e-28,nan,nan,nan,nan
104,2.6,1.182819122e-28,3.534096855e-28,nan,nan,nan,nan
105,2.625,1.361778775e-28,4.543838814e-28,nan,nan,nan,nan
106,2.65,1.431653893e-28,5.553580773e-28,nan,nan,nan,nan
107,2.675,1.421589765e-28,5.048709793e-28,nan,nan,nan,nan
108,2.7,1.330996742e-28,4.543838814e-28,nan,nan,nan,nan
109,2.725,2.031032870e-28,4.543838814e-28,nan,nan,nan,nan
110,2.75,1.741394797e-28,4.543838814e-28,nan,nan,nan,nan
111,2.775,1.592164849e-28,5.553580773e-28,nan,nan,nan,nan
112,2.8,2.117757794e-28,6.058451752e-28,nan,nan,nan,nan
113,2.825,2.081706463e-28,4.543838814e-28,nan,nan,nan,nan
114,2.85,1.916550360e-28,5.553580773e-28,nan,nan,nan,nan
115,2.875,2.453058988e-28,6.563322731e-28,nan,nan,nan,nan
116,2.9,2.426979200e-28,6.563322731e-28,nan,nan,nan,nan
117,2.925,2.447488166e-28,7.068193711e-28,nan,nan,nan,nan
118,2.95,2.867143439e-28,7.068193711e-28,nan,nan,nan,nan
119,2.975,4.101298872e-28,8.077935669e-28,nan,nan,nan,nan
120,3,2.802022540e-28,8.582806649e-28,nan,nan,nan,nan
121,3.025,2.386690956e-28,1.009741959e-27,nan,nan,nan,nan
122,3.05,3.702433032e-28,1.211690350e-27,nan,nan,nan,nan
123,3.075,2.429556046e-28,1.514612938e-27,nan,nan,nan,nan
124,3.1,4.054408641e-28,1.716561330e-27,nan,nan,nan,nan
125,3.125,3.778619558e-28,1.716561330e-27,nan,nan,nan,nan
126,3.15,5.487040543e-28,1.413638742e-27,nan,nan,nan,nan
127,3.175,3.928517028e-28,1.211690350e-27,nan,nan,nan,nan
128,3.2,4.618247032e-28,1.211690350e-27,nan,nan,nan,nan
129,3.225,3.745438861e-28,1.413638742e-27,nan,nan,nan,nan
130,3.25,5.533700223e-28,1.413638742e-27,nan,nan,nan,nan
131,3.275,5.864377208e-28,1.615587134e-27,nan,nan,nan,nan
132,3.3,5.246842604e-28,1.817535526e-27,nan,nan,nan,nan
133,3.325,5.939067126e-28,2.019483917e-27,nan,nan,nan,nan
134,3.35,6.620230467e-28,2.221432309e-27,nan,nan,nan,nan
135,3.375,5.572788200e-28,2.625329093e-27,nan,nan,nan,nan
136,3.4,5.513551870e-28,2.423380701e-27,nan,nan,nan,nan
137,3.425,4.707359771e-28,2.423380701e-27,nan,nan,nan,nan
138,3.45,6.726986801e-28,2.625329093e-27,nan,nan,nan,nan
139,3.475,7.904826424e-28,2.827277484e-27,nan,nan,nan,nan
140,3.5,1.036890486e-27,3.635071051e-27,nan,nan,nan,nan
141,3.525,1.157221461e-27,3.635071051e-27,nan,nan,nan,nan
142,3.55,1.137938869e-27,4.442864618e-27,nan,nan,nan,nan
143,3.575,1.243317446e-27,4.442864618e-27,nan,nan,nan,nan
144,3.6,1.117076818e-27,4.442864618e-27,nan,nan,nan,nan
145,3.625,1.168807524e-27,4.038967835e-27,nan,nan,nan,nan
146,3.65,1.535474348e-27,4.038967835e-27,nan,nan,nan,nan
147,3.675,1.770328924e-27,4.442864618e-27,nan,nan,nan,nan
148,3.7,1.518453389e-27,4.846761402e-27,nan,nan,nan,nan
149,3.725,1.597054702e-27,4.442864618e-27,nan,nan,nan,nan
150,3.75,1.557174704e-27,4.442864618e-27,nan,nan,nan,nan
151,3.775,1.512131021e-27,4.846761402e-27,nan,nan,nan,nan
152,3.8,1.323928234e-27,5.250658185e-27,nan,nan,nan,nan
153,3.825,1.436303580e-27,6.462348536e-27,nan,nan,nan,nan
154,3.85,1.532041430e-27,7.270142103e-27,nan,nan,nan,nan
155,3.875,2.034608333e-27,7.270142103e-27,nan,nan,nan,nan
156,3.9,2.483649114e-27,8.077935669e-27,nan,nan,nan,nan
157,3.925,2.343208319e-27,8.077935669e-27,nan,nan,nan,nan
158,3.95,2.054882247e-27,9.693522803e-27,nan,nan,nan,nan
159,3.975,2.318258085e-27,1.130910994e-26,nan,nan,nan,nan
160,4,3.557840581e-27,1.292469707e-26,nan,nan,nan,nan
161,4.025,2.991747250e-27,1.292469707e-26,nan,nan,nan,nan
162,4.05,2.277769605e-27,1.292469707e-26,nan,nan,nan,nan
163,4.075,2.699486544e-27,1.292469707e-26,nan,nan,nan,nan
164,4.1,3.644678203e-27,1.292469707e-26,nan,nan,nan,nan
165,4.125,4.123049940e-27,1.454028421e-26,nan,nan,nan,nan
166,4.15,4.168055980e-27,1.454028421e-26,nan,nan,nan,nan
167,4.175,3.886378880e-27,1.454028421e-26,nan,nan,nan,nan
168,4.2,4.182591000e-27,1.777145847e-26,nan,nan,nan,nan
169,4.225,4.563437234e-27,1.938704561e-26,nan,nan,nan,nan
170,4.25,6.048293150e-27,1.938704561e-26,nan,nan,nan,nan
171,4.275,6.156007371e-27,1.938704561e-26,nan,nan,nan,nan
172,4.3,7.411485945e-27,1.938704561e-26,nan,nan,nan,nan
173,4.325,5.601823063e-27,1.938704561e-26,nan,nan,nan,nan
174,4.35,6.725027393e-27,2.261821987e-26,nan,nan,nan,nan
175,4.375,1.177705317e-26,2.584939414e-26,nan,nan,nan,nan
176,4.4,1.090247645e-26,2.261821987e-26,nan,nan,nan,nan
177,4.425,1.132046413e-26,2.584939414e-26,nan,nan,nan,nan
178,4.45,8.670238095e-27,3.231174268e-26,nan,nan,nan,nan
179,4.475,1.035052609e-26,3.392732981e-26,nan,nan,nan,nan
180,4.5,9.457431470e-27,3.231174268e-26,nan,nan,nan,nan
181,4.525,1.123215289e-26,3.877409121e-26,nan,nan,nan,nan
182,4.55,8.351781936e-27,4.523643975e-26,nan,nan,nan,nan
183,4.575,1.024879558e-26,4.846761402e-26,nan,nan,nan,nan
184,4.6,1.177188439e-26,5.169878828e-26,nan,nan,nan,nan
185,4.625,1.645605377e-26,5.169878828e-26,nan,nan,nan,nan
186,4.65,1.087280941e-26,5.169878828e-26,nan,nan,nan,nan
187,4.675,1.118303706e-26,3.554291695e-26,nan,nan,nan,nan
188,4.7,1.889663065e-26,4.523643975e-26,nan,nan,nan,nan
189,4.725,2.480851742e-26,5.169878828e-26,nan,nan,nan,nan
190,4.75,1.927732839e-26,5.169878828e-26,nan,nan,nan,nan
191,4.775,2.071155983e-26,5.169878828e-26,nan,nan,nan,nan
192,4.8,1.884998579e-26,7.108583389e-26,nan,nan,nan,nan
193,4.825,2.519311517e-26,8.401053096e-26,nan,nan,nan,nan
194,4.85,3.041875233e-26,7.754818243e-26,nan,nan,nan,nan
195,4.875,2.921063220e-26,7.754818243e-26,nan,nan,nan,nan
196,4.9,2.810328506e-26,8.401053096e-26,nan,nan,nan,nan
197,4.925,2.483967218e-26,9.047287950e-26,nan,nan,nan,nan
198,4.95,2.628423231e-26,8.401053096e-26,nan,nan,nan,nan
199,4.975,4.133679377e-26,9.693522803e-26,nan,nan,nan,nan
200,5,2.823543502e-26,1.098599251e-25,nan,nan,nan,nan
201,5.025,3.478419062e-26,1.292469707e-25,nan,nan,nan,nan
202,5.05,2.498645549e-26,1.421716678e-25,nan,nan,nan,nan
203,5.075,3.143409458e-26,1.421716678e-25,nan,nan,nan,nan
204,5.1,2.873766011e-26,1.421716678e-25,nan,nan,nan,nan
205,5.125,2.943133746e-26,1.421716678e-25,nan,nan,nan,nan
206,5.15,3.212161418e-26,1.292469707e-25,nan,nan,nan,nan
207,5.175,3.571447119e-26,1.292469707e-25,nan,nan,nan,nan
208,5.2,5.286628478e-26,1.421716678e-25,nan,nan,nan,nan
209,5.225,5.825394732e-26,1.550963649e-25,nan,nan,nan,nan
210,5.25,7.346053442e-26,1.550963649e-25,nan,nan,nan,nan
211,5.275,5.368035615e-26,1.615587134e-25,nan,nan,nan,nan
212,5.3,5.987139209e-26,1.809457590e-25,nan,nan,nan,nan
213,5.325,5.746936756e-26,1.938704561e-25,nan,nan,nan,nan
214,5.35,6.121641643e-26,2.067951531e-25,nan,nan,nan,nan
215,5.375,5.396494242e-26,2.326445473e-25,nan,nan,nan,nan
216,5.4,4.962008864e-26,2.326445473e-25,nan,nan,nan,nan
217,5.425,7.873133407e-26,2.714186385e-25,nan,nan,nan,nan
218,5.45,1.078827034e-25,3.231174268e-25,nan,nan,nan,nan
219,5.475,9.067285448e-26,3.877409121e-25,nan,nan,nan,nan
220,5.5,7.334840211e-26,3.618915180e-25,nan,nan,nan,nan
221,5.525,1.013262940e-25,3.360421238e-25,nan,nan,nan,nan
222,5.55,7.858266463e-26,4.135903063e-25,nan,nan,nan,nan
223,5.575,1.208003541e-25,4.911384887e-25,nan,nan,nan,nan
224,5.6,1.046461068e-25,4.652890946e-25,nan,nan,nan,nan
225,5.625,9.739927825e-26,3.101927297e-25,nan,nan,nan,nan
226,5.65,1.794599172e-25,3.360421238e-25,nan,nan,nan,nan
227,5.675,1.851805349e-25,4.135903063e-25,nan,nan,nan,nan
228,5.7,1.229031351e-25,4.135903063e-25,nan,nan,nan,nan
229,5.725,1.656929119e-25,4.135903063e-25,nan,nan,nan,nan
230,5.75,2.027321316e-25,4.652890946e-25,nan,nan,nan,nan
231,5.775,1.535054813e-25,4.652890946e-25,nan,nan,nan,nan
232,5.8,1.383328380e-25,6.203854594e-25,nan,nan,nan,nan
233,5.825,1.901176175e-25,7.237830360e-25,nan,nan,nan,nan
234,5.85,1.556693670e-25,6.203854594e-25,nan,nan,nan,nan
235,5.875,2.291866718e-25,7.237830360e-25,nan,nan,nan,nan
236,5.9,2.922141790e-25,6.720842477e-25,nan,nan,nan,nan
237,5.925,2.120012127e-25,8.530300067e-25,nan,nan,nan,nan
238,5.95,2.343942030e-25,1.085674554e-24,nan,nan,nan,nan
239,5.975,2.730660169e-25,1.085674554e-24,nan,nan,nan,nan
240,6,2.084959649e-25,9.305781891e-25,nan,nan,nan,nan
241,6.025,2.631876523e-25,1.137373342e-24,nan,nan,nan,nan
242,6.05,2.789855514e-25,1.240770919e-24,nan,nan,nan,nan
243,6.075,4.460249045e-25,1.240770919e-24,nan,nan,nan,nan
244,6.1,3.439113972e-25,1.240770919e-24,nan,nan,nan,nan
245,6.125,3.536619439e-25,1.033975766e-24,nan,nan,nan,nan
246,6.15,2.917219146e-25,1.137373342e-24,nan,nan,nan,nan
247,6.175,3.035470028e-25,1.137373342e-24,nan,nan,nan,nan
248,6.2,4.005958573e-25,1.240770919e-24,nan,nan,nan,nan
249,6.225,3.368522568e-25,1.447566072e-24,nan,nan,nan,nan
250,6.25,3.365817105e-25,1.447566072e-24,nan,nan,nan,nan
251,6.275,4.656292698e-25,1.447566072e-24,nan,nan,nan,nan
252,6.3,4.132855024e-25,1.550963649e-24,nan,nan,nan,nan
253,6.325,4.606783744e-25,1.654361225e-24,nan,nan,nan,nan
254,6.35,5.229183815e-25,1.654361225e-24,nan,nan,nan,nan
255,6.375,3.948961637e-25,2.067951531e-24,nan,nan,nan,nan
256,6.4,5.470667142e-25,2.274746685e-24,nan,nan,nan,nan
257,6.425,5.508001317e-25,2.171349108e-24,nan,nan,nan,nan
258,6.45,4.632323818e-25,2.274746685e-24,nan,nan,nan,nan
259,6.475,5.461064445e-25,2.688336991e-24,nan,nan,nan,nan
260,6.5,7.156698710e-25,3.515517603e-24,nan,nan,nan,nan
261,6.525,8.273863106e-25,3.722312756e-24,nan,nan,nan,nan
262,6.55,6.088763291e-25,3.515517603e-24,nan,nan,nan,nan
263,6.575,8.098750024e-25,2.895132144e-24,nan,nan,nan,nan
264,6.6,9.112220670e-25,3.308722450e-24,nan,nan,nan,nan
265,6.625,9.689917323e-25,3.308722450e-24,nan,nan,nan,nan
266,6.65,7.390827988e-25,2.895132144e-24,nan,nan,nan,nan
267,6.675,1.062346945e-24,3.101927297e-24,nan,nan,nan,nan
268,6.7,1.064771717e-24,3.722312756e-24,nan,nan,nan,nan
269,6.725,1.036993744e-24,3.722312756e-24,nan,nan,nan,nan
270,6.75,1.254791722e-24,3.308722450e-24,nan,nan,nan,nan
271,6.775,1.145147163e-24,4.135903063e-24,nan,nan,nan,nan
272,6.8,1.089071425e-24,4.963083675e-24,nan,nan,nan,nan
273,6.825,9.546214592e-25,4.549493369e-24,nan,nan,nan,nan
274,6.85,1.439149458e-24,4.963083675e-24,nan,nan,nan,nan
275,6.875,1.574064005e-24,5.376673982e-24,nan,nan,nan,nan
276,6.9,1.738979503e-24,5.790264288e-24,nan,nan,nan,nan
277,6.925,2.324808575e-24,5.790264288e-24,nan,nan,nan,nan
278,6.95,2.501495772e-24,5.790264288e-24,nan,nan,nan,nan
279,6.975,4.354941530e-24,7.444625513e-24,nan,nan,nan,nan
280,7,8.515923457e-24,1.406207041e-23,nan,nan,nan,nan
281,7.025,1.577733894e-23,2.316105715e-23,nan,nan,nan,nan
282,7.05,2.757399389e-23,3.887748879e-23,nan,nan,nan,nan
283,7.075,4.843828012e-23,6.782881023e-23,nan,nan,nan,nan
284,7.1,8.736312556e-23,1.191140082e-22,nan,nan,nan,nan
285,7.125,1.571202020e-22,2.125854174e-22,nan,nan,nan,nan
286,7.15,2.781379484e-22,3.738856369e-22,nan,nan,nan,nan
287,7.175,4.828139874e-22,6.443736972e-22,nan,nan,nan,nan
288,7.2,8.255313248e-22,1.095807516e-21,nan,nan,nan,nan
289,7.225,1.392888830e-21,1.840993851e-21,nan,nan,nan,nan
290,7.25,2.317132906e-21,3.049401328e-21,nan,nan,nan,nan
291,7.275,3.797812599e-21,4.974250614e-21,nan,nan,nan,nan
292,7.3,6.127676759e-21,7.983120092e-21,nan,nan,nan,nan
293,7.325,9.726964698e-21,1.260540535e-20,nan,nan,nan,nan
294,7.35,1.521573215e-20,1.961989695e-20,nan,nan,nan,nan
295,7.375,2.338714919e-20,2.999191465e-20,nan,nan,nan,nan
296,7.4,3.527414378e-20,4.497711863e-20,nan,nan,nan,nan
297,7.425,5.212993666e-20,6.606856989e-20,nan,nan,nan,nan
298,7.45,7.536169099e-20,9.489581423e-20,nan,nan,nan,nan
299,7.475,1.063361093e-19,1.329626660e-19,nan,nan,nan,nan
300,7.5,1.459989995e-19,1.811492454e-19,nan,nan,nan,nan
301,7.525,1.942301297e-19,2.388947240e-19,nan,nan,nan,nan
302,7.55,2.488056922e-19,3.028887249e-19,nan,nan,nan,nan
303,7.575,3.051634080e-19,3.683402180e-19,nan,nan,nan,nan
304,7.6,3.567068758e-19,4.239945840e-19,nan,nan,nan,nan
305,7.625,3.830690781e-19,4.494800187e-19,nan,nan,nan,nan
306,7.65,3.799351617e-19,4.403148575e-19,nan,nan,nan,nan
307,7.675,3.734902408e-19,4.458205717e-19,nan,nan,nan,nan
308,7.7,5.309705248e-19,6.894070641e-19,nan,nan,nan,nan
309,7.725,1.031942412e-18,1.343814462e-18,nan,nan,nan,nan
310,7.75,1.925033735e-18,2.451993292e-18,nan,nan,nan,nan
311,7.775,3.252677640e-18,4.059463302e-18,nan,nan,nan,nan
312,7.8,5.136202857e-18,6.308959472e-18,nan,nan,nan,nan
313,7.825,7.548573308e-18,9.126014037e-18,nan,nan,nan,nan
314,7.85,1.040065997e-17,1.239622130e-17,nan,nan,nan,nan
315,7.875,1.365674287e-17,1.606392360e-17,nan,nan,nan,nan
316,7.9,1.681999405e-17,1.944045170e-17,nan,nan,nan,nan
317,7.925,1.918880183e-17,2.185471397e-17,nan,nan,nan,nan
318,7.95,2.036768799e-17,2.256271771e-17,nan,nan,nan,nan
319,7.975,1.957396886e-17,2.147521343e-17,nan,nan,nan,nan
320,8,1.883002016e-17,2.156494599e-17,nan,nan,nan,nan
321,8.025,2.572068082e-17,3.219087587e-17,nan,nan,nan,nan
322,8.05,4.605037303e-17,5.761449948e-17,nan,nan,nan,nan
323,8.075,7.889210881e-17,9.606596378e-17,nan,nan,nan,nan
324,8.1,1.224549461e-16,1.449531817e-16,nan,nan,nan,nan
325,8.125,1.746592487e-16,2.030067983e-16,nan,nan,nan,nan
326,8.15,2.297378076e-16,2.610870435e-16,nan,nan,nan,nan
327,8.175,2.798569915e-16,3.124785077e-16,nan,nan,nan,nan
328,8.2,3.157789990e-16,3.431774500e-16,nan,nan,nan,nan
329,8.225,3.250860108e-16,3.450155611e-16,nan,nan,nan,nan
330,8.25,3.042000378e-16,3.224361549e-16,nan,nan,nan,nan
331,8.275,3.032588655e-16,3.203823469e-16,nan,nan,nan,nan
332,8.3,3.761362390e-16,4.549167791e-16,nan,nan,nan,nan
333,8.325,6.300578482e-16,7.566388683e-16,nan,nan,nan,nan
334,8.35,1.001192445e-15,1.169103117e-15,nan,nan,nan,nan
335,8.375,1.450250084e-15,1.637808057e-15,nan,nan,nan,nan
336,8.4,1.899129693e-15,2.096290527e-15,nan,nan,nan,nan
337,8.425,2.282036803e-15,2.444855703e-15,nan,nan,nan,nan
338,8.45,2.510254515e-15,2.624005553e-15,nan,nan,nan,nan
339,8.475,2.497657847e-15,2.541688244e-15,nan,nan,nan,nan
340,8.5,2.387073058e-15,2.486997315e-15,nan,nan,nan,nan
341,8.525,2.353657366e-15,2.385013133e-15,nan,nan,nan,nan
342,8.55,2.641442662e-15,3.050892614e-15,nan,nan,nan,nan
343,8.575,4.142389859e-15,4.736772599e-15,nan,nan,nan,nan
344,8.6,6.160879640e-15,6.832606572e-15,nan,nan,nan,nan
345,8.625,8.288858363e-15,8.929012931e-15,nan,nan,nan,nan
346,8.65,1.003573581e-14,1.051331288e-14,nan,nan,nan,nan
347,8.675,1.116716168e-14,1.126411866e-14,nan,nan,nan,nan
348,8.7,1.122069495e-14,1.096023005e-14,nan,nan,nan,nan
349,8.725,1.073416712e-14,1.079420531e-14,nan,nan,nan,nan
350,8.75,1.069871405e-14,1.041018940e-14,nan,nan,nan,nan
351,8.775,1.030243923e-14,1.033065032e-14,nan,nan,nan,nan
352,8.8,1.266507871e-14,1.395363656e-14,nan,nan,nan,nan
353,8.825,1.813899818e-14,1.958033434e-14,nan,nan,nan,nan
354,8.85,2.382726405e-14,2.458690625e-14,nan,nan,nan,nan
355,8.875,2.823961208e-14,2.817934001e-14,nan,nan,nan,nan
356,8.9,3.011281610e-14,2.905426382e-14,nan,nan,nan,nan
357,8.925,2.920244980e-14,2.757389208e-14,nan,nan,nan,nan
358,8.95,2.935934578e-14,2.825120888e-14,nan,nan,nan,nan
359,8.975,2.812495684e-14,2.694130475e-14,nan,nan,nan,nan
360,9,2.858036118e-14,2.742552383e-14,nan,nan,nan,nan
361,9.025,2.714445321e-14,2.628411348e-14,nan,nan,nan,nan
362,9.05,3.290061347e-14,3.352667188e-14,nan,nan,nan,nan
363,9.075,4.037756072e-14,3.950449167e-14,nan,nan,nan,nan
364,9.1,4.518776656e-14,4.209954876e-14,nan,nan,nan,nan
365,9.125,4.596420656e-14,4.127885431e-14,nan,nan,nan,nan
366,9.15,4.500140377e-14,4.189230627e-14,nan,nan,nan,nan
367,9.175,4.553964733e-14,4.080114724e-14,nan,nan,nan,nan
368,9.2,4.472496710e-14,4.178432949e-14,nan,nan,nan,nan
369,9.225,4.502177568e-14,4.023672474e-14,nan,nan,nan,nan
370,9.25,4.447460870e-14,4.158842179e-14,nan,nan,nan,nan
371,9.275,4.441516423e-14,3.973583868e-14,nan,nan,nan,nan
372,9.3,4.427396172e-14,4.130794543e-14,nan,nan,nan,nan
373,9.325,4.372447017e-14,3.959278585e-14,nan,nan,nan,nan
374,9.35,4.398701412e-14,4.094638538e-14,nan,nan,nan,nan
375,9.375,4.295441614e-14,3.937505035e-14,nan,nan,nan,nan
376,9.4,4.361741388e-14,4.050733231e-14,nan,nan,nan,nan
377,9.425,4.210977191e-14,3.908565793e-14,nan,nan,nan,nan
378,9.45,4.316890319e-14,3.999446624e-14,nan,nan,nan,nan
379,9.475,4.140156464e-14,3.885319938e-14,nan,nan,nan,nan
380,9.5,4.264530220e-14,3.941154068e-14,nan,nan,nan,nan
381,9.525,4.066254674e-14,3.862931219e-14,nan,nan,nan,nan
382,9.55,4.205049345e-14,3.876236714e-14,nan,nan,nan,nan
383,9.575,3.985487599e-14,3.833666812e-14,nan,nan,nan,nan
384,9.6,4.138840736e-14,3.805080010e-14,nan,nan,nan,nan
385,9.625,3.947642310e-14,3.797824731e-14,nan,nan,nan,nan
386,9.65,4.066300798e-14,3.728072216e-14,nan,nan,nan,nan
387,9.675,3.950759814e-14,3.755709932e-14,nan,nan,nan,nan
388,9.7,3.987827489e-14,3.660167941e-14,nan,nan,nan,nan
389,9.725,3.993062774e-14,3.707633665e-14,nan,nan,nan,nan
390,9.75,4.187402129e-14,3.592330610e-14,nan,nan,nan,nan
391,9.775,4.540645232e-14,3.928734972e-14,nan,nan,nan,nan
392,9.8,4.919523083e-14,4.262126430e-14,nan,nan,nan,nan
393,9.825,5.120349693e-14,4.351373231e-14,nan,nan,nan,nan
394,9.85,5.053495500e-14,4.152779845e-14,nan,nan,nan,nan
395,9.875,4.967819100e-14,4.238380742e-14,nan,nan,nan,nan
396,9.9,4.870384348e-14,4.010865600e-14,nan,nan,nan,nan
397,9.925,4.790684214e-14,4.102818680e-14,nan,nan,nan,nan
398,9.95,4.716137314e-14,3.900946276e-14,nan,nan,nan,nan
399,9.975,4.590778113e-14,3.946267599e-14,nan,nan,nan,nan
400,10,4.537507698e-14,3.792261122e-14,nan,nan,nan,nan
401,10.025,4.406734676e-14,3.778488658e-14,nan,nan,nan,nan
402,10.05,4.336458732e-14,3.816443489e-14,nan,nan,nan,nan
403,10.075,4.459022889e-14,3.822600817e-14,nan,nan,nan,nan
404,10.1,4.730466978e-14,3.947135418e-14,nan,nan,nan,nan
405,10.125,5.234530020e-14,4.409199196e-14,nan,nan,nan,nan
406,10.15,6.038242126e-14,5.178890592e-14,nan,nan,nan,nan
407,10.175,6.883271274e-14,5.818960959e-14,nan,nan,nan,nan
408,10.2,7.396752189e-14,6.017946321e-14,nan,nan,nan,nan
409,10.225,7.231173767e-14,5.746147505e-14,nan,nan,nan,nan
410,10.25,7.204845540e-14,5.931806269e-14,nan,nan,nan,nan
411,10.275,7.113860673e-14,5.633326101e-14,nan,nan,nan,nan
412,10.3,7.058614219e-14,5.820192380e-14,nan,nan,nan,nan
413,10.325,6.946297013e-14,5.483118953e-14,nan,nan,nan,nan
414,10.35,6.866274905e-14,5.730276476e-14,nan,nan,nan,nan
415,10.375,6.764501853e-14,5.315926834e-14,nan,nan,nan,nan
416,10.4,6.954250077e-14,6.550659592e-14,nan,nan,nan,nan
417,10.425,7.954145191e-14,7.125615033e-14,nan,nan,nan,nan
418,10.45,8.230322716e-14,6.914916011e-14,nan,nan,nan,nan
419,10.475,8.155741492e-14,6.749965855e-14,nan,nan,nan,nan
420,10.5,8.324564645e-14,6.654265995e-14,nan,nan,nan,nan
421,10.525,9.063682845e-14,7.004363219e-14,nan,nan,nan,nan
422,10.55,9.785764793e-14,7.431972323e-14,nan,nan,nan,nan
423,10.575,9.972038019e-14,7.415958869e-14,nan,nan,nan,nan
424,10.6,9.819734665e-14,7.510678250e-14,nan,nan,nan,nan
425,10.625,1.000286797e-13,7.534446793e-14,nan,nan,nan,nan
426,10.65,9.817557062e-14,7.850288014e-14,nan,nan,nan,nan
427,10.675,9.945115785e-14,8.520395134e-14,nan,nan,nan,nan
428,10.7,1.080073141e-13,1.000966083e-13,nan,nan,nan,nan
429,10.725,1.310739979e-13,1.214548672e-13,nan,nan,nan,nan
430,10.75,1.540767210e-13,1.371846053e-13,nan,nan,nan,nan
431,10.775,1.653385800e-13,1.404332206e-13,nan,nan,nan,nan
432,10.8,1.613546776e-13,1.325016495e-13,nan,nan,nan,nan
433,10.825,1.595809776e-13,1.363976276e-13,nan,nan,nan,nan
434,10.85,1.569529764e-13,1.270973592e-13,nan,nan,nan,nan
435,10.875,1.527648050e-13,1.326087384e-13,nan,nan,nan,nan
436,10.9,1.530232003e-13,1.236870410e-13,nan,nan,nan,nan
437,10.925,1.654150351e-13,1.497137671e-13,nan,nan,nan,nan
438,10.95,1.935051766e-13,1.805418015e-13,nan,nan,nan,nan
439,10.975,2.167874800e-13,1.992362294e-13,nan,nan,nan,nan
440,11,2.314458726e-13,2.058327086e-13,nan,nan,nan,nan
441,11.025,2.406052591e-13,2.073318273e-13,nan,nan,nan,nan
442,11.05,2.550543075e-13,2.152760688e-13,nan,nan,nan,nan
443,11.075,2.769500436e-13,2.313171364e-13,nan,nan,nan,nan
444,11.1,2.964416155e-13,2.455451266e-13,nan,nan,nan,nan
445,11.125,3.056027560e-13,2.497805353e-13,nan,nan,nan,nan
446,11.15,3.004094489e-13,2.485761400e-13,nan,nan,nan,nan
447,11.175,2.969887830e-13,2.505607407e-13,nan,nan,nan,nan
448,11.2,2.975390562e-13,2.623285585e-13,nan,nan,nan,nan
449,11.225,3.214769032e-13,2.924957733e-13,nan,nan,nan,nan
450,11.25,3.666891700e-13,3.390034793e-13,nan,nan,nan,nan
451,11.275,4.209564613e-13,3.869543659e-13,nan,nan,nan,nan
452,11.3,4.689797198e-13,4.165011790e-13,nan,nan,nan,nan
453,11.325,4.953219330e-13,4.251064273e-13,nan,nan,nan,nan
454,11.35,4.980869796e-13,4.166263553e-13,nan,nan,nan,nan
455,11.375,4.940414147e-13,4.112041797e-13,nan,nan,nan,nan
456,11.4,5.052887449e-13,4.197362435e-13,nan,nan,nan,nan
457,11.425,5.374158007e-13,4.588876022e-13,nan,nan,nan,nan
458,11.45,5.802391724e-13,5.085617088e-13,nan,nan,nan,nan
459,11.475,6.345718199e-13,5.643332024e-13,nan,nan,nan,nan
460,11.5,6.777863322e-13,6.050155274e-13,nan,nan,nan,nan
461,11.525,7.239974418e-13,6.396109228e-13,nan,nan,nan,nan
462,11.55,7.660854982e-13,6.730585277e-13,nan,nan,nan,nan
463,11.575,8.164560453e-13,7.146040775e-13,nan,nan,nan,nan
464,11.6,8.737314961e-13,7.617810293e-13,nan,nan,nan,nan
465,11.625,9.370668450e-13,8.011773601e-13,nan,nan,nan,nan
466,11.65,9.814556596e-13,8.382509622e-13,nan,nan,nan,nan
467,11.675,1.006296081e-12,8.577158301e-13,nan,nan,nan,nan
468,11.7,1.039091778e-12,8.935069024e-13,nan,nan,nan,nan
469,11.725,1.080958771e-12,9.449247974e-13,nan,nan,nan,nan
470,11.75,1.154686191e-12,1.017523632e-12,nan,nan,nan,nan
471,11.775,1.259309048e-12,1.115656663e-12,nan,nan,nan,nan
472,11.8,1.363797823e-12,1.207535330e-12,nan,nan,nan,nan
473,11.825,1.456744386e-12,1.272778690e-12,nan,nan,nan,nan
474,11.85,1.538991506e-12,1.326859118e-12,nan,nan,nan,nan
475,11.875,1.602737336e-12,1.378107687e-12,nan,nan,nan,nan
476,11.9,1.665756396e-12,1.437201266e-12,nan,nan,nan,nan
477,11.925,1.766513562e-12,1.518425315e-12,nan,nan,nan,nan
478,11.95,1.877725365e-12,1.629515286e-12,nan,nan,nan,nan
479,11.975,1.984790389e-12,1.733534225e-12,nan,nan,nan,nan
480,12,2.119133173e-12,1.843978014e-12,nan,nan,nan,nan
481,12.025,2.238262881e-12,1.954058883e-12,nan,nan,nan,nan
482,12.05,2.360180428e-12,2.059118816e-12,nan,nan,nan,nan
483,12.075,2.516581288e-12,2.178861973e-12,nan,nan,nan,nan
484,12.1,2.673414660e-12,2.319022998e-12,nan,nan,nan,nan
485,12.125,2.816362846e-12,2.446461921e-12,nan,nan,nan,nan
486,12.15,2.983533742e-12,2.565691156e-12,nan,nan,nan,nan
487,12.175,3.134838087e-12,2.707141284e-12,nan,nan,nan,nan
488,12.2,3.274526983e-12,2.845488063e-12,nan,nan,nan,nan
489,12.225,3.477348726e-12,3.007732376e-12,nan,nan,nan,nan
490,12.25,3.694549193e-12,3.214932647e-12,nan,nan,nan,nan
491,12.275,3.909263166e-12,3.414533247e-12,nan,nan,nan,nan
492,12.3,4.167783102e-12,3.599788938e-12,nan,nan,nan,nan
493,12.325,4.410122012e-12,3.811891070e-12,nan,nan,nan,nan
494,12.35,4.624767283e-12,4.004413764e-12,nan,nan,nan,nan
495,12.375,4.886020127e-12,4.191938395e-12,nan,nan,nan,nan
496,12.4,5.170196907e-12,4.459041812e-12,nan,nan,nan,nan
497,12.425,5.449034990e-12,4.725243885e-12,nan,nan,nan,nan
498,12.45,5.777570424e-12,4.975114138e-12,nan,nan,nan,nan
499,12.475,6.125538683e-12,5.295563528e-12,nan,nan,nan,nan
500,12.5,6.446273829e-12,5.592400627e-12,nan,nan,nan,nan
501,12.525,6.823093745e-12,5.871950651e-12,nan,nan,nan,nan
502,12.55,7.235307494e-12,6.236782121e-12,nan,nan,nan,nan
503,12.575,7.630041717e-12,6.597947279e-12,nan,nan,nan,nan
504,12.6,8.056460466e-12,6.928273934e-12,nan,nan,nan,nan
505,12.625,8.527394569e-12,7.328596280e-12,nan,nan,nan,nan
506,12.65,8.958063409e-12,7.730851996e-12,nan,nan,nan,nan
507,12.675,9.432195329e-12,8.115723222e-12,nan,nan,nan,nan
508,12.7,1.000081168e-11,8.610313837e-12,nan,nan,nan,nan
509,12.725,1.055991130e-11,9.133630355e-12,nan,nan,nan,nan
510,12.75,1.115464711e-11,9.624179356e-12,nan,nan,nan,nan
511,12.775,1.184686779e-11,1.017978499e-11,nan,nan,nan,nan
512,12.8,1.248074653e-11,1.075172252e-11,nan,nan,nan,nan
513,12.825,1.310845944e-11,1.128038814e-11,nan,nan,nan,nan
514,12.85,1.388808815e-11,1.189349925e-11,nan,nan,nan,nan
515,12.875,1.464164292e-11,1.259545253e-11,nan,nan,nan,nan
516,12.9,1.538704943e-11,1.326853339e-11,nan,nan,nan,nan
517,12.925,1.634782875e-11,1.401010310e-11,nan,nan,nan,nan
518,12.95,1.725044987e-11,1.484047886e-11,nan,nan,nan,nan
519,12.975,1.810502609e-11,1.561361168e-11,nan,nan,nan,nan
520,13,1.922174668e-11,1.644300999e-11,nan,nan,nan,nan
521,13.025,2.028965437e-11,1.741958513e-11,nan,nan,nan,nan
522,13.05,2.128853483e-11,1.834330021e-11,nan,nan,nan,nan
523,13.075,2.258809257e-11,1.928282505e-11,nan,nan,nan,nan
524,13.1,2.383078115e-11,2.042155922e-11,nan,nan,nan,nan
525,13.125,2.497786097e-11,2.149186145e-11,nan,nan,nan,nan
526,13.15,2.646025630e-11,2.257348736e-11,nan,nan,nan,nan
527,13.175,2.794610912e-11,2.394234885e-11,nan,nan,nan,nan
528,13.2,2.934906997e-11,2.524478100e-11,nan,nan,nan,nan
529,13.225,3.108373188e-11,2.648769227e-11,nan,nan,nan,nan
530,13.25,3.283916010e-11,2.808034920e-11,nan,nan,nan,nan
531,13.275,3.446162208e-11,2.957216556e-11,nan,nan,nan,nan
532,13.3,3.640226239e-11,3.095630368e-11,nan,nan,nan,nan
533,13.325,3.845735031e-11,3.283321308e-11,nan,nan,nan,nan
534,13.35,4.039465756e-11,3.463034036e-11,nan,nan,nan,nan
535,13.375,4.264636493e-11,3.630133259e-11,nan,nan,nan,nan
536,13.4,4.509289433e-11,3.846475311e-11,nan,nan,nan,nan
537,13.425,4.737509658e-11,4.056382263e-11,nan,nan,nan,nan
538,13.45,4.993664810e-11,4.251254446e-11,nan,nan,nan,nan
539,13.475,5.280822777e-11,4.496701479e-11,nan,nan,nan,nan
540,13.5,5.550677294e-11,4.744624920e-11,nan,nan,nan,nan
541,13.525,5.842125425e-11,4.974938938e-11,nan,nan,nan,nan
542,13.55,6.179393270e-11,5.254224592e-11,nan,nan,nan,nan
543,13.575,6.494862635e-11,5.544432329e-11,nan,nan,nan,nan
544,13.6,6.826095398e-11,5.815546238e-11,nan,nan,nan,nan
545,13.625,7.224155204e-11,6.136446641e-11,nan,nan,nan,nan
546,13.65,7.599944908e-11,6.481133176e-11,nan,nan,nan,nan
547,13.675,7.979849294e-11,6.802081652e-11,nan,nan,nan,nan
548,13.7,8.448161982e-11,7.164347352e-11,nan,nan,nan,nan
549,13.725,8.886619752e-11,7.564627844e-11,nan,nan,nan,nan
550,13.75,9.312674559e-11,7.938423527e-11,nan,nan,nan,nan
551,13.775,9.860706015e-11,8.350099824e-11,nan,nan,nan,nan
552,13.8,1.037874363e-10,8.824430035e-11,nan,nan,nan,nan
553,13.825,1.086603698e-10,9.268740400e-11,nan,nan,nan,nan
554,13.85,1.151325805e-10,9.738093112e-11,nan,nan,nan,nan
555,13.875,1.212231713e-10,1.029282528e-10,nan,nan,nan,nan
556,13.9,1.268405404e-10,1.081154618e-10,nan,nan,nan,nan
557,13.925,1.342945998e-10,1.134055284e-10,nan,nan,nan,nan
558,13.95,1.414484923e-10,1.199160964e-10,nan,nan,nan,nan
559,13.975,1.480648881e-10,1.260206580e-10,nan,nan,nan,nan
560,14,1.565426420e-10,1.320085119e-10,nan,nan,nan,nan
561,14.025,1.649263842e-10,1.396315821e-10,nan,nan,nan,nan
562,14.05,1.726894691e-10,1.467888445e-10,nan,nan,nan,nan
563,14.075,1.823453026e-10,1.535658833e-10,nan,nan,nan,nan
564,14.1,1.922094633e-10,1.625147368e-10,nan,nan,nan,nan
565,14.125,2.013569070e-10,1.709165667e-10,nan,nan,nan,nan
566,14.15,2.123130701e-10,1.786259850e-10,nan,nan,nan,nan
567,14.175,2.238414219e-10,1.889670696e-10,nan,nan,nan,nan
568,14.2,2.345372782e-10,1.987851564e-10,nan,nan,nan,nan
569,14.225,2.469487446e-10,2.078442176e-10,nan,nan,nan,nan
570,14.25,2.604830053e-10,2.196163390e-10,nan,nan,nan,nan
571,14.275,2.730744674e-10,2.311515411e-10,nan,nan,nan,nan
572,14.3,2.871603189e-10,2.417776103e-10,nan,nan,nan,nan
573,14.325,3.029958088e-10,2.550852751e-10,nan,nan,nan,nan
574,14.35,3.177261051e-10,2.685439898e-10,nan,nan,nan,nan
575,14.375,3.336300268e-10,2.809822061e-10,nan,nan,nan,nan
576,14.4,3.521578881e-10,2.960413779e-10,nan,nan,nan,nan
577,14.425,3.694257621e-10,3.118015679e-10,nan,nan,nan,nan
578,14.45,3.873917660e-10,3.263704254e-10,nan,nan,nan,nan
579,14.475,4.090457870e-10,3.433881381e-10,nan,nan,nan,nan
580,14.5,4.292494088e-10,3.617948214e-10,nan,nan,nan,nan
581,14.525,4.495260334e-10,3.788510030e-10,nan,nan,nan,nan
582,14.55,4.748472659e-10,3.980577231e-10,nan,nan,nan,nan
583,14.575,4.984946957e-10,4.195505204e-10,nan,nan,nan,nan
584,14.6,5.213041270e-10,4.394638435e-10,nan,nan,nan,nan
585,14.625,5.508264357e-10,4.610682710e-10,nan,nan,nan,nan
586,14.65,5.784301638e-10,4.861300513e-10,nan,nan,nan,nan
587,14.675,6.040767407e-10,5.094177415e-10,nan,nan,nan,nan
588,14.7,6.385582228e-10,5.337657963e-10,nan,nan,nan,nan
589,14.725,6.708433529e-10,5.630159405e-10,nan,nan,nan,nan
590,14.75,7.003959532e-10,5.901916389e-10,nan,nan,nan,nan
591,14.775,7.398236908e-10,6.174997211e-10,nan,nan,nan,nan
592,14.8,7.774696516e-10,6.515450632e-10,nan,nan,nan,nan
593,14.825,8.119975380e-10,6.832455465e-10,nan,nan,nan,nan
594,14.85,8.565405429e-10,7.138888259e-10,nan,nan,nan,nan
595,14.875,9.004707325e-10,7.535570250e-10,nan,nan,nan,nan
596,14.9,9.408064666e-10,7.905166102e-10,nan,nan,nan,nan
597,14.925,9.910683256e-10,8.248210961e-10,nan,nan,nan,nan
598,14.95,1.042263883e-09,8.709641381e-10,nan,nan,nan,nan
599,14.975,1.089351754e-09,9.140221275e-10,nan,nan,nan,nan
600,15,1.145994189e-09,9.532895092e-10,nan,nan,nan,nan
601,15.025,1.205620190e-09,1.006004065e-09,nan,nan,nan,nan
602,15.05,1.260508659e-09,1.056102351e-09,nan,nan,nan,nan
603,15.075,1.324219060e-09,1.101863878e-09,nan,nan,nan,nan
604,15.1,1.393604714e-09,1.161204481e-09,nan,nan,nan,nan
605,15.125,1.457600710e-09,1.219517105e-09,nan,nan,nan,nan
606,15.15,1.529244224e-09,1.272862604e-09,nan,nan,nan,nan
607,15.175,1.609969683e-09,1.339547989e-09,nan,nan,nan,nan
608,15.2,1.684480084e-09,1.407290128e-09,nan,nan,nan,nan
609,15.225,1.764834086e-09,1.469343982e-09,nan,nan,nan,nan
610,15.25,1.858620766e-09,1.544169199e-09,nan,nan,nan,nan
611,15.275,1.945331388e-09,1.622882857e-09,nan,nan,nan,nan
612,15.3,2.035397816e-09,1.695107634e-09,nan,nan,nan,nan
613,15.325,2.144356238e-09,1.778997908e-09,nan,nan,nan,nan
614,15.35,2.245195915e-09,1.870355948e-09,nan,nan,nan,nan
615,15.375,2.345968219e-09,1.954286965e-09,nan,nan,nan,nan
616,15.4,2.472416962e-09,2.048157681e-09,nan,nan,nan,nan
617,15.425,2.589600563e-09,2.154130787e-09,nan,nan,nan,nan
618,15.45,2.702175159e-09,2.251625398e-09,nan,nan,nan,nan
619,15.475,2.848828814e-09,2.356521058e-09,nan,nan,nan,nan
620,15.5,2.984881493e-09,2.479344465e-09,nan,nan,nan,nan
621,15.525,3.110437236e-09,2.592502521e-09,nan,nan,nan,nan
622,15.55,3.280422548e-09,2.709567847e-09,nan,nan,nan,nan
623,15.575,3.438324760e-09,2.851859544e-09,nan,nan,nan,nan
624,15.6,3.581547644e-09,2.983108981e-09,nan,nan,nan,nan
625,15.625,3.775017755e-09,3.113494422e-09,nan,nan,nan,nan
626,15.65,3.958070324e-09,3.278158546e-09,nan,nan,nan,nan
627,15.675,4.124362523e-09,3.430257645e-09,nan,nan,nan,nan
628,15.7,4.341317446e-09,3.575291668e-09,nan,nan,nan,nan
629,15.725,4.553455941e-09,3.765796754e-09,nan,nan,nan,nan
630,15.75,4.746462578e-09,3.941972856e-09,nan,nan,nan,nan
631,15.775,4.989459831e-09,4.102995385e-09,nan,nan,nan,nan
632,15.8,5.235071655e-09,4.323164749e-09,nan,nan,nan,nan
633,15.825,5.458856125e-09,4.527033149e-09,nan,nan,nan,nan
634,15.85,5.730635077e-09,4.711265657e-09,nan,nan,nan,nan
635,15.875,6.014834868e-09,4.959820908e-09,nan,nan,nan,nan
636,15.9,6.274141684e-09,5.195599067e-09,nan,nan,nan,nan
637,15.925,6.577714741e-09,5.409000716e-09,nan,nan,nan,nan
638,15.95,6.906309564e-09,5.686581686e-09,nan,nan,nan,nan
639,15.975,7.206557330e-09,5.959066879e-09,nan,nan,nan,nan
640,16,7.545208631e-09,6.206096653e-09,nan,nan,nan,nan
641,16.025,7.924903049e-09,6.515665127e-09,nan,nan,nan,nan
642,16.05,8.272284566e-09,6.830313056e-09,nan,nan,nan,nan
643,16.075,8.649456878e-09,7.115992187e-09,nan,nan,nan,nan
644,16.1,9.087819578e-09,7.460750465e-09,nan,nan,nan,nan
645,16.125,9.489436780e-09,7.823874579e-09,nan,nan,nan,nan
646,16.15,9.908970664e-09,8.154092285e-09,nan,nan,nan,nan
647,16.175,1.041480373e-08,8.537536625e-09,nan,nan,nan,nan
648,16.2,1.087881328e-08,8.956270399e-09,nan,nan,nan,nan
649,16.225,1.134470786e-08,9.337591719e-09,nan,nan,nan,nan
650,16.25,1.192790478e-08,9.763366222e-09,nan,nan,nan,nan
651,16.275,1.246357288e-08,1.024589799e-08,nan,nan,nan,nan
652,16.3,1.298015154e-08,1.068597826e-08,nan,nan,nan,nan
653,16.325,1.365213744e-08,1.115810413e-08,nan,nan,nan,nan
654,16.35,1.427010948e-08,1.171376691e-08,nan,nan,nan,nan
655,16.375,1.484195405e-08,1.222124417e-08,nan,nan,nan,nan
656,16.4,1.561568377e-08,1.274390927e-08,nan,nan,nan,nan
657,16.425,1.632809345e-08,1.338333673e-08,nan,nan,nan,nan
658,16.45,1.696732526e-08,1.396812024e-08,nan,nan,nan,nan
659,16.475,1.785030063e-08,1.454577713e-08,nan,nan,nan,nan
660,16.5,1.867095146e-08,1.528105386e-08,nan,nan,nan,nan
661,16.525,1.940849393e-08,1.595440627e-08,nan,nan,nan,nan
662,16.55,2.039169373e-08,1.659179214e-08,nan,nan,nan,nan
663,16.575,2.133641339e-08,1.743675189e-08,nan,nan,nan,nan
664,16.6,2.218680354e-08,1.821155745e-08,nan,nan,nan,nan
665,16.625,2.328021092e-08,1.891356158e-08,nan,nan,nan,nan
666,16.65,2.436691487e-08,1.988381403e-08,nan,nan,nan,nan
667,16.675,2.534660572e-08,2.077465583e-08,nan,nan,nan,nan
668,16.7,2.656096937e-08,2.157130028e-08,nan,nan,nan,nan
669,16.725,2.781016111e-08,2.265983249e-08,nan,nan,nan,nan
670,16.75,2.893803382e-08,2.368340495e-08,nan,nan,nan,nan
671,16.775,3.028496338e-08,2.460030137e-08,nan,nan,nan,nan
672,16.8,3.171988961e-08,2.580697261e-08,nan,nan,nan,nan
673,16.825,3.301734819e-08,2.698215996e-08,nan,nan,nan,nan
674,16.85,3.450923406e-08,2.803665354e-08,nan,nan,nan,nan
675,16.875,3.615636461e-08,2.937248350e-08,nan,nan,nan,nan
676,16.9,3.764780669e-08,3.072079059e-08,nan,nan,nan,nan
677,16.925,3.929789612e-08,3.193259537e-08,nan,nan,nan,nan
678,16.95,4.118726097e-08,3.340935028e-08,nan,nan,nan,nan
679,16.975,4.290043941e-08,3.495518872e-08,nan,nan,nan,nan
680,17,4.472288648e-08,3.634675206e-08,nan,nan,nan,nan
681,17.025,4.688862964e-08,3.797693328e-08,nan,nan,nan,nan
682,17.05,4.885503572e-08,3.974793081e-08,nan,nan,nan,nan
683,17.075,5.086470965e-08,4.134464732e-08,nan,nan,nan,nan
684,17.1,5.334544785e-08,4.314150881e-08,nan,nan,nan,nan
685,17.125,5.560086355e-08,4.516907614e-08,nan,nan,nan,nan
686,17.15,5.781360517e-08,4.699990513e-08,nan,nan,nan,nan
687,17.175,6.065326453e-08,4.897747362e-08,nan,nan,nan,nan
688,17.2,6.323829701e-08,5.129708858e-08,nan,nan,nan,nan
689,17.225,6.567060252e-08,5.339470078e-08,nan,nan,nan,nan
690,17.25,6.891876833e-08,5.556761225e-08,nan,nan,nan,nan
691,17.275,7.187940916e-08,5.821949279e-08,nan,nan,nan,nan
692,17.3,7.454854596e-08,6.062104341e-08,nan,nan,nan,nan
693,17.325,7.826146214e-08,6.300467640e-08,nan,nan,nan,nan
694,17.35,8.164984514e-08,6.603427415e-08,nan,nan,nan,nan
695,17.375,8.465673464e-08,6.878174068e-08,nan,nan,nan,nan
696,17.4,8.881491592e-08,7.139199274e-08,nan,nan,nan,nan
697,17.425,9.269006808e-08,7.485069659e-08,nan,nan,nan,nan
698,17.45,9.613465580e-08,7.799159793e-08,nan,nan,nan,nan
699,17.475,1.007283716e-07,8.084481465e-08,nan,nan,nan,nan
700,17.5,1.051569811e-07,8.479059825e-08,nan,nan,nan,nan
701,17.525,1.090999186e-07,8.837863835e-08,nan,nan,nan,nan
702,17.55,1.141683437e-07,9.154833352e-08,nan,nan,nan,nan
703,17.575,1.192259064e-07,9.598999354e-08,nan,nan,nan,nan
704,17.6,1.237359349e-07,1.000858593e-07,nan,nan,nan,nan
705,17.625,1.293208100e-07,1.037107422e-07,nan,nan,nan,nan
706,17.65,1.350924655e-07,1.086001409e-07,nan,nan,nan,nan
707,17.675,1.402471846e-07,1.132722666e-07,nan,nan,nan,nan
708,17.7,1.463928426e-07,1.174145326e-07,nan,nan,nan,nan
709,17.725,1.529747860e-07,1.227896183e-07,nan,nan,nan,nan
710,17.75,1.588619790e-07,1.281152748e-07,nan,nan,nan,nan
711,17.775,1.656153964e-07,1.328451002e-07,nan,nan,nan,nan
712,17.8,1.731160484e-07,1.387458647e-07,nan,nan,nan,nan
713,17.825,1.798347559e-07,1.448120621e-07,nan,nan,nan,nan
714,17.85,1.872454417e-07,1.502086601e-07,nan,nan,nan,nan
715,17.875,1.957870209e-07,1.566772364e-07,nan,nan,nan,nan
716,17.9,2.034489780e-07,1.635819913e-07,nan,nan,nan,nan
717,17.925,2.115689068e-07,1.697346454e-07,nan,nan,nan,nan
718,17.95,2.212890269e-07,1.768151916e-07,nan,nan,nan,nan
719,17.975,2.300202247e-07,1.846688348e-07,nan,nan,nan,nan
720,18,2.389037603e-07,1.916781859e-07,nan,nan,nan,nan
721,18.025,2.499572980e-07,1.994167100e-07,nan,nan,nan,nan
722,18.05,2.598995796e-07,2.083432320e-07,nan,nan,nan,nan
723,18.075,2.696031219e-07,2.163224947e-07,nan,nan,nan,nan
724,18.1,2.821641975e-07,2.247667143e-07,nan,nan,nan,nan
725,18.125,2.934772913e-07,2.349055375e-07,nan,nan,nan,nan
726,18.15,3.040592110e-07,2.439821641e-07,nan,nan,nan,nan
727,18.175,3.183235253e-07,2.531812343e-07,nan,nan,nan,nan
728,18.2,3.311870053e-07,2.646888109e-07,nan,nan,nan,nan
729,18.225,3.427070546e-07,2.750059651e-07,nan,nan,nan,nan
730,18.25,3.588942961e-07,2.850101268e-07,nan,nan,nan,nan
731,18.275,3.735100234e-07,2.980620756e-07,nan,nan,nan,nan
732,18.3,3.863044859e-07,3.097806251e-07,nan,nan,nan,nan
733,18.325,4.043857466e-07,3.206408361e-07,nan,nan,nan,nan
734,18.35,4.209803766e-07,3.354340122e-07,nan,nan,nan,nan
735,18.375,4.355322190e-07,3.487344747e-07,nan,nan,nan,nan
736,18.4,4.553622409e-07,3.605018541e-07,nan,nan,nan,nan
737,18.425,4.741901569e-07,3.772568285e-07,nan,nan,nan,nan
738,18.45,4.907280012e-07,3.923416191e-07,nan,nan,nan,nan
739,18.475,5.124487518e-07,4.054987498e-07,nan,nan,nan,nan
740,18.5,5.337951179e-07,4.240304945e-07,nan,nan,nan,nan
741,18.525,5.525756471e-07,4.411265159e-07,nan,nan,nan,nan
742,18.55,5.763370959e-07,4.560660945e-07,nan,nan,nan,nan
743,18.575,6.005215526e-07,4.763076495e-07,nan,nan,nan,nan
744,18.6,6.218326587e-07,4.956688765e-07,nan,nan,nan,nan
745,18.625,6.477923696e-07,5.126190223e-07,nan,nan,nan,nan
746,18.65,6.751726497e-07,5.346982594e-07,nan,nan,nan,nan
747,18.675,6.993370022e-07,5.566089681e-07,nan,nan,nan,nan
748,18.7,7.276601597e-07,5.758253768e-07,nan,nan,nan,nan
749,18.725,7.586366348e-07,5.998756917e-07,nan,nan,nan,nan
750,18.75,7.860156236e-07,6.246536495e-07,nan,nan,nan,nan
751,18.775,8.168745106e-07,6.464224414e-07,nan,nan,nan,nan
752,18.8,8.518947037e-07,6.725822086e-07,nan,nan,nan,nan
753,18.825,8.828927590e-07,7.005824836e-07,nan,nan,nan,nan
754,18.85,9.164662809e-07,7.252237396e-07,nan,nan,nan,nan
755,18.875,9.560301558e-07,7.536358239e-07,nan,nan,nan,nan
756,18.9,9.910994591e-07,7.852547746e-07,nan,nan,nan,nan
757,18.925,1.027572431e-06,8.131262420e-07,nan,nan,nan,nan
758,18.95,1.072238156e-06,8.439373150e-07,nan,nan,nan,nan
759,18.975,1.111884080e-06,8.796171703e-07,nan,nan,nan,nan
760,19,1.151446345e-06,9.111183332e-07,nan,nan,nan,nan
761,19.025,1.201836489e-06,9.444777546e-07,nan,nan,nan,nan
762,19.05,1.246623119e-06,9.847113697e-07,nan,nan,nan,nan
763,19.075,1.289468241e-06,1.020288048e-06,nan,nan,nan,nan
764,19.1,1.346276819e-06,1.056347010e-06,nan,nan,nan,nan
765,19.125,1.396833637e-06,1.101683527e-06,nan,nan,nan,nan
766,19.15,1.443157662e-06,1.141832825e-06,nan,nan,nan,nan
767,19.175,1.507157690e-06,1.180742663e-06,nan,nan,nan,nan
768,19.2,1.564186315e-06,1.231793165e-06,nan,nan,nan,nan
769,19.225,1.614185773e-06,1.277068928e-06,nan,nan,nan,nan
770,19.25,1.686237650e-06,1.318979643e-06,nan,nan,nan,nan
771,19.275,1.750519723e-06,1.376423924e-06,nan,nan,nan,nan
772,19.3,1.805918065e-06,1.427442773e-06,nan,nan,nan,nan
773,19.325,1.885450308e-06,1.472500928e-06,nan,nan,nan,nan
774,19.35,1.957855848e-06,1.537094480e-06,nan,nan,nan,nan
775,19.375,2.020363544e-06,1.594542411e-06,nan,nan,nan,nan
776,19.4,2.106920200e-06,1.643847286e-06,nan,nan,nan,nan
777,19.425,2.188416896e-06,1.715470622e-06,nan,nan,nan,nan
778,19.45,2.258891599e-06,1.780110115e-06,nan,nan,nan,nan
779,19.475,2.352979865e-06,1.835696515e-06,nan,nan,nan,nan
780,19.5,2.444643217e-06,1.913378195e-06,nan,nan,nan,nan
781,19.525,2.524039219e-06,1.986056311e-06,nan,nan,nan,nan
782,19.55,2.626188796e-06,2.048674907e-06,nan,nan,nan,nan
783,19.575,2.729213240e-06,2.132817225e-06,nan,nan,nan,nan
784,19.6,2.818591327e-06,2.214473984e-06,nan,nan,nan,nan
785,19.625,2.929353208e-06,2.284958861e-06,nan,nan,nan,nan
786,19.65,3.045064234e-06,2.375976705e-06,nan,nan,nan,nan
787,19.675,3.145602800e-06,2.467654775e-06,nan,nan,nan,nan
788,19.7,3.265548029e-06,2.546932133e-06,nan,nan,nan,nan
789,19.725,3.395415487e-06,2.645251166e-06,nan,nan,nan,nan
790,19.75,3.508422434e-06,2.748105975e-06,nan,nan,nan,nan
791,19.775,3.638140134e-06,2.837203346e-06,nan,nan,nan,nan
792,19.8,3.783792716e-06,2.943257812e-06,nan,nan,nan,nan
793,19.825,3.910718601e-06,3.058568893e-06,nan,nan,nan,nan
794,19.85,4.050813600e-06,3.158625373e-06,nan,nan,nan,nan
795,19.875,4.214054625e-06,3.272855411e-06,nan,nan,nan,nan
796,19.9,4.356506949e-06,3.402038627e-06,nan,nan,nan,nan
797,19.925,4.507596881e-06,3.514316034e-06,nan,nan,nan,nan
798,19.95,4.690421602e-06,3.637164458e-06,nan,nan,nan,nan
799,19.975,4.850180375e-06,3.781785307e-06,nan,nan,nan,nan
800,20,5.012891883e-06,3.907680163e-06,nan,nan,nan,nan
801,20.025,5.217506115e-06,4.039588528e-06,nan,nan,nan,nan
802,20.05,5.396540853e-06,4.201376720e-06,nan,nan,nan,nan
803,20.075,5.571505389e-06,4.342433592e-06,nan,nan,nan,nan
804,20.1,5.800346094e-06,4.483837736e-06,nan,nan,nan,nan
805,20.125,6.000834281e-06,4.664702899e-06,nan,nan,nan,nan
806,20.15,6.188682691e-06,4.822628562e-06,nan,nan,nan,nan
807,20.175,6.444439990e-06,4.973953147e-06,nan,nan,nan,nan
808,20.2,6.668787165e-06,5.176002019e-06,nan,nan,nan,nan
809,20.225,6.870143633e-06,5.352681160e-06,nan,nan,nan,nan
810,20.25,7.155785033e-06,5.514333563e-06,nan,nan,nan,nan
811,20.275,7.406646598e-06,5.739888542e-06,nan,nan,nan,nan
812,20.3,7.622121382e-06,5.937400587e-06,nan,nan,nan,nan
813,20.325,7.940917887e-06,6.109763677e-06,nan,nan,nan,nan
814,20.35,8.221222841e-06,6.361383012e-06,nan,nan,nan,nan
815,20.375,8.458099456e-06,6.582020457e-06,nan,nan,nan,nan
816,20.4,8.806958235e-06,6.767782936e-06,nan,nan,nan,nan
817,20.425,9.119934719e-06,7.045943923e-06,nan,nan,nan,nan
818,20.45,9.384870534e-06,7.292232270e-06,nan,nan,nan,nan
819,20.475,9.761655565e-06,7.500006609e-06,nan,nan,nan,nan
820,20.5,1.011085889e-05,7.799502050e-06,nan,nan,nan,nan
821,20.525,1.040694642e-05,8.074221184e-06,nan,nan,nan,nan
822,20.55,1.081343908e-05,8.306429526e-06,nan,nan,nan,nan
823,20.575,1.120278156e-05,8.628496361e-06,nan,nan,nan,nan
824,20.6,1.153342688e-05,8.934703940e-06,nan,nan,nan,nan
825,20.625,1.197147089e-05,9.194013422e-06,nan,nan,nan,nan
826,20.65,1.240525465e-05,9.539913245e-06,nan,nan,nan,nan
827,20.675,1.277420629e-05,9.880969718e-06,nan,nan,nan,nan
828,20.7,1.324570319e-05,1.017031461e-05,nan,nan,nan,nan
829,20.725,1.372865513e-05,1.054132727e-05,nan,nan,nan,nan
830,20.75,1.414003507e-05,1.092092308e-05,nan,nan,nan,nan
831,20.775,1.464693875e-05,1.124352903e-05,nan,nan,nan,nan
832,20.8,1.518424858e-05,1.164094530e-05,nan,nan,nan,nan
833,20.825,1.564258569e-05,1.206313008e-05,nan,nan,nan,nan
834,20.85,1.618689564e-05,1.242254015e-05,nan,nan,nan,nan
835,20.875,1.678425683e-05,1.284765303e-05,nan,nan,nan,nan
836,20.9,1.729452324e-05,1.331686721e-05,nan,nan,nan,nan
837,20.925,1.787827636e-05,1.371696985e-05,nan,nan,nan,nan
838,20.95,1.854193008e-05,1.417106427e-05,nan,nan,nan,nan
839,20.975,1.910957982e-05,1.469217287e-05,nan,nan,nan,nan
840,21,1.973484055e-05,1.513723225e-05,nan,nan,nan,nan
841,21.025,2.047162324e-05,1.562157366e-05,nan,nan,nan,nan
842,21.05,2.110263449e-05,1.619990300e-05,nan,nan,nan,nan
843,21.075,2.177148354e-05,1.669459140e-05,nan,nan,nan,nan
844,21.1,2.258887780e-05,1.721041203e-05,nan,nan,nan,nan
845,21.125,2.328979757e-05,1.785178871e-05,nan,nan,nan,nan
846,21.15,2.400431837e-05,1.840122150e-05,nan,nan,nan,nan
847,21.175,2.491050778e-05,1.894970534e-05,nan,nan,nan,nan
848,21.2,2.568850052e-05,1.966049851e-05,nan,nan,nan,nan
849,21.225,2.645076391e-05,2.027027161e-05,nan,nan,nan,nan
850,21.25,2.745469175e-05,2.085253695e-05,nan,nan,nan,nan
851,21.275,2.831759115e-05,2.163970336e-05,nan,nan,nan,nan
852,21.3,2.912963767e-05,2.231593347e-05,nan,nan,nan,nan
853,21.325,3.024106997e-05,2.293301336e-05,nan,nan,nan,nan
854,21.35,3.119743454e-05,2.380414570e-05,nan,nan,nan,nan
855,21.375,3.206125419e-05,2.455351326e-05,nan,nan,nan,nan
856,21.4,3.329084706e-05,2.520633359e-05,nan,nan,nan,nan
857,21.425,3.435001967e-05,2.616971237e-05,nan,nan,nan,nan
858,21.45,3.526752931e-05,2.699950783e-05,nan,nan,nan,nan
859,21.475,3.662690130e-05,2.768886274e-05,nan,nan,nan,nan
860,21.5,3.779907281e-05,2.875351138e-05,nan,nan,nan,nan
861,21.525,3.877209017e-05,2.967168424e-05,nan,nan,nan,nan
862,21.55,4.027389915e-05,3.042699773e-05,nan,nan,nan,nan
863,21.575,4.157017640e-05,3.157395286e-05,nan,nan,nan,nan
864,21.6,4.263769997e-05,3.258916451e-05,nan,nan,nan,nan
865,21.625,4.425841720e-05,3.342589356e-05,nan,nan,nan,nan
866,21.65,4.569089556e-05,3.465083443e-05,nan,nan,nan,nan
867,21.675,4.687237024e-05,3.577251411e-05,nan,nan,nan,nan
868,21.7,4.860907004e-05,3.669868770e-05,nan,nan,nan,nan
869,21.725,5.019091073e-05,3.800543069e-05,nan,nan,nan,nan
870,21.75,5.149747053e-05,3.924383535e-05,nan,nan,nan,nan
871,21.775,5.335664544e-05,4.026819431e-05,nan,nan,nan,nan
872,21.8,5.510215779e-05,4.166058744e-05,nan,nan,nan,nan
873,21.825,5.654591381e-05,4.302686550e-05,nan,nan,nan,nan
874,21.85,5.853424651e-05,4.415891757e-05,nan,nan,nan,nan
875,21.875,6.045897565e-05,4.564082070e-05,nan,nan,nan,nan
876,21.9,6.205309045e-05,4.714707962e-05,nan,nan,nan,nan
877,21.925,6.417744135e-05,4.839715769e-05,nan,nan,nan,nan
878,21.95,6.629826102e-05,4.997242001e-05,nan,nan,nan,nan
879,21.975,6.805702757e-05,5.163179834e-05,nan,nan,nan,nan
880,22,7.032442015e-05,5.301112279e-05,nan,nan,nan,nan
881,22.025,7.265963159e-05,5.468355748e-05,nan,nan,nan,nan
882,22.05,7.459855695e-05,5.651030105e-05,nan,nan,nan,nan
883,22.075,7.701616032e-05,5.803104524e-05,nan,nan,nan,nan
884,22.1,7.958559667e-05,5.980440091e-05,nan,nan,nan,nan
885,22.125,8.172149059e-05,6.181394381e-05,nan,nan,nan,nan
886,22.15,8.429659947e-05,6.348930398e-05,nan,nan,nan,nan
887,22.175,8.712173659e-05,6.536723293e-05,nan,nan,nan,nan
888,22.2,8.947280510e-05,6.757628302e-05,nan,nan,nan,nan
889,22.225,9.221281680e-05,6.942055190e-05,nan,nan,nan,nan
890,22.25,9.531689026e-05,7.140657478e-05,nan,nan,nan,nan
891,22.275,9.790283460e-05,7.383320430e-05,nan,nan,nan,nan
892,22.3,1.008152228e-04,7.586184898e-05,nan,nan,nan,nan
893,22.325,1.042233515e-04,7.795931571e-05,nan,nan,nan,nan
894,22.35,1.070654723e-04,8.062305677e-05,nan,nan,nan,nan
895,22.375,1.101577578e-04,8.285280093e-05,nan,nan,nan,nan
896,22.4,1.138970743e-04,8.506484780e-05,nan,nan,nan,nan
897,22.425,1.170183813e-04,8.798679330e-05,nan,nan,nan,nan
898,22.45,1.202980991e-04,9.043570372e-05,nan,nan,nan,nan
899,22.475,1.243978868e-04,9.276520606e-05,nan,nan,nan,nan
900,22.5,1.278232143e-04,9.596811587e-05,nan,nan,nan,nan
901,22.525,1.312978772e-04,9.865569366e-05,nan,nan,nan,nan
902,22.55,1.357897149e-04,1.011052144e-04,nan,nan,nan,nan
903,22.575,1.395458430e-04,1.046136272e-04,nan,nan,nan,nan
904,22.6,1.432229011e-04,1.075609035e-04,nan,nan,nan,nan
905,22.625,1.481408147e-04,1.101326371e-04,nan,nan,nan,nan
906,22.65,1.522565960e-04,1.139729877e-04,nan,nan,nan,nan
907,22.675,1.561433931e-04,1.172026241e-04,nan,nan,nan,nan
908,22.7,1.615240146e-04,1.198983354e-04,nan,nan,nan,nan
909,22.725,1.660305074e-04,1.240990783e-04,nan,nan,nan,nan
910,22.75,1.701342326e-04,1.276354725e-04,nan,nan,nan,nan
911,22.775,1.760169668e-04,1.304564309e-04,nan,nan,nan,nan
912,22.8,1.809475740e-04,1.350481692e-04,nan,nan,nan,nan
913,22.825,1.852752093e-04,1.389175648e-04,nan,nan,nan,nan
914,22.85,1.917024085e-04,1.419943119e-04,nan,nan,nan,nan
915,22.875,1.970930223e-04,1.468800942e-04,nan,nan,nan,nan
916,22.9,2.016512865e-04,1.511106964e-04,nan,nan,nan,nan
917,22.925,2.086684323e-04,1.544800206e-04,nan,nan,nan,nan
918,22.95,2.145575852e-04,1.596584308e-04,nan,nan,nan,nan
919,22.975,2.193528734e-04,1.642805263e-04,nan,nan,nan,nan
920,23,2.270087666e-04,1.679672316e-04,nan,nan,nan,nan
921,23.025,2.334377887e-04,1.734506860e-04,nan,nan,nan,nan
922,23.05,2.385216385e-04,1.784967682e-04,nan,nan,nan,nan
923,23.075,2.468230655e-04,1.825274686e-04,nan,nan,nan,nan
924,23.1,2.538362469e-04,1.883284876e-04,nan,nan,nan,nan
925,23.125,2.593874277e-04,1.938333871e-04,nan,nan,nan,nan
926,23.15,2.682172079e-04,1.982366114e-04,nan,nan,nan,nan
927,23.175,2.758619679e-04,2.043677812e-04,nan,nan,nan,nan
928,23.2,2.819185257e-04,2.103688010e-04,nan,nan,nan,nan
929,23.225,2.913036066e-04,2.151751015e-04,nan,nan,nan,nan
930,23.25,2.996306678e-04,2.216490324e-04,nan,nan,nan,nan
931,23.275,3.062332697e-04,2.281860879e-04,nan,nan,nan,nan
932,23.3,3.162015257e-04,2.334281528e-04,nan,nan,nan,nan
933,23.325,3.252650945e-04,2.402574340e-04,nan,nan,nan,nan
934,23.35,3.324571654e-04,2.473731984e-04,nan,nan,nan,nan
935,23.375,3.430374085e-04,2.530859672e-04,nan,nan,nan,nan
936,23.4,3.528953599e-04,2.602831187e-04,nan,nan,nan,nan
937,23.425,3.607232213e-04,2.680231724e-04,nan,nan,nan,nan
938,23.45,3.719452127e-04,2.742439553e-04,nan,nan,nan,nan
939,23.475,3.826592811e-04,2.818213763e-04,nan,nan,nan,nan
940,23.5,3.911722936e-04,2.902343620e-04,nan,nan,nan,nan
941,23.525,4.030667555e-04,2.970029613e-04,nan,nan,nan,nan
942,23.55,4.147027299e-04,3.049728755e-04,nan,nan,nan,nan
943,23.575,4.239534366e-04,3.141106564e-04,nan,nan,nan,nan
944,23.6,4.365520661e-04,3.214694920e-04,nan,nan,nan,nan
945,23.625,4.491799892e-04,3.298438898e-04,nan,nan,nan,nan
946,23.65,4.592242628e-04,3.397617134e-04,nan,nan,nan,nan
947,23.675,4.725597469e-04,3.477559500e-04,nan,nan,nan,nan
948,23.7,4.862541187e-04,3.565465281e-04,nan,nan,nan,nan
949,23.725,4.971513077e-04,3.673031929e-04,nan,nan,nan,nan
950,23.75,5.112573413e-04,3.759808699e-04,nan,nan,nan,nan
951,23.775,5.260973258e-04,3.851989678e-04,nan,nan,nan,nan
952,23.8,5.379104029e-04,3.968569942e-04,nan,nan,nan,nan
953,23.825,5.528217088e-04,4.062691576e-04,nan,nan,nan,nan
954,23.85,5.688913436e-04,4.159256923e-04,nan,nan,nan,nan
955,23.875,5.816870532e-04,4.285514968e-04,nan,nan,nan,nan
956,23.9,5.974394076e-04,4.387523321e-04,nan,nan,nan,nan
957,23.925,6.148278152e-04,4.488577303e-04,nan,nan,nan,nan
958,23.95,6.286768206e-04,4.625218025e-04,nan,nan,nan,nan
959,23.975,6.453070807e-04,4.735687695e-04,nan,nan,nan,nan
960,24,6.641086821e-04,4.841328984e-04,nan,nan,nan,nan
961,24.025,6.790857106e-04,4.989099803e-04,nan,nan,nan,nan
962,24.05,6.966318499e-04,5.108639481e-04,nan,nan,nan,nan
963,24.075,7.169465773e-04,5.218960446e-04,nan,nan,nan,nan
964,24.1,7.331305634e-04,5.378653124e-04,nan,nan,nan,nan
965,24.125,7.516317117e-04,5.507906943e-04,nan,nan,nan,nan
966,24.15,7.735652226e-04,5.630576341e-04,nan,nan,nan,nan
967,24.175,7.910394469e-04,5.795445408e-04,nan,nan,nan,nan
968,24.2,8.105359389e-04,5.935094291e-04,nan,nan,nan,nan
969,24.225,8.341998270e-04,6.074811642e-04,nan,nan,nan,nan
970,24.25,8.530520512e-04,6.241121142e-04,nan,nan,nan,nan
971,24.275,8.735854832e-04,6.391884134e-04,nan,nan,nan,nan
972,24.3,8.990974883e-04,6.550530671e-04,nan,nan,nan,nan
973,24.325,9.194200841e-04,6.717404341e-04,nan,nan,nan,nan
974,24.35,9.410333807e-04,6.885452902e-04,nan,nan,nan,nan
975,24.375,9.685175937e-04,7.059667545e-04,nan,nan,nan,nan
976,24.4,9.904076646e-04,7.226100998e-04,nan,nan,nan,nan
977,24.425,1.013145157e-03,7.417251222e-04,nan,nan,nan,nan
978,24.45,1.042732221e-03,7.604252050e-04,nan,nan,nan,nan
979,24.475,1.066291716e-03,7.769101510e-04,nan,nan,nan,nan
980,24.5,1.090199235e-03,7.985844635e-04,nan,nan,nan,nan
981,24.525,1.122026538e-03,8.186412683e-04,nan,nan,nan,nan
982,24.55,1.147362354e-03,8.348383078e-04,nan,nan,nan,nan
983,24.575,1.172487333e-03,8.593429644e-04,nan,nan,nan,nan
984,24.6,1.206699197e-03,8.808379653e-04,nan,nan,nan,nan
985,24.625,1.233923272e-03,8.970086170e-04,nan,nan,nan,nan
986,24.65,1.260314872e-03,9.242307241e-04,nan,nan,nan,nan
987,24.675,1.297062725e-03,9.472487852e-04,nan,nan,nan,nan
988,24.7,1.326292118e-03,9.645332594e-04,nan,nan,nan,nan
989,24.725,1.354001369e-03,9.934885968e-04,nan,nan,nan,nan
990,24.75,1.393443913e-03,1.018117977e-03,nan,nan,nan,nan
991,24.775,1.424800863e-03,1.036576095e-03,nan,nan,nan,nan
992,24.8,1.453880826e-03,1.067368493e-03,nan,nan,nan,nan
993,24.825,1.496184187e-03,1.093700835e-03,nan,nan,nan,nan
994,24.85,1.529796168e-03,1.113394076e-03,nan,nan,nan,nan
995,24.875,1.560302117e-03,1.146133672e-03,nan,nan,nan,nan
996,24.9,1.605639983e-03,1.174263976e-03,nan,nan,nan,nan
997,24.925,1.641639722e-03,1.195255362e-03,nan,nan,nan,nan
998,24.95,1.673629362e-03,1.230059032e-03,nan,nan,nan,nan
999,24.975,1.722183098e-03,1.260085607e-03,nan,nan,nan,nan
1000,25,1.760708590e-03,1.282439569e-03,nan,nan,nan,nan
1001,25.025,1.794242286e-03,1.319431389e-03,nan,nan,nan,nan
1002,25.05,1.846201038e-03,1.351455784e-03,nan,nan,nan,nan
1003,25.075,1.887395524e-03,1.375238003e-03,nan,nan,nan,nan
1004,25.1,1.922536578e-03,1.414549738e-03,nan,nan,nan,nan
1005,25.125,1.978097343e-03,1.448676656e-03,nan,nan,nan,nan
1006,25.15,2.022109272e-03,1.473953879e-03,nan,nan,nan,nan
1007,25.175,2.058924221e-03,1.515725517e-03,nan,nan,nan,nan
1008,25.2,2.118291906e-03,1.552062694e-03,nan,nan,nan,nan
1009,25.225,2.165274859e-03,1.578902523e-03,nan,nan,nan,nan
1010,25.25,2.203833821e-03,1.623282845e-03,nan,nan,nan,nan
1011,25.275,2.267221259e-03,1.661940912e-03,nan,nan,nan,nan
1012,25.3,2.317333851e-03,1.690411560e-03,nan,nan,nan,nan
1013,25.325,2.357710900e-03,1.737558748e-03,nan,nan,nan,nan
1014,25.35,2.425338851e-03,1.778651057e-03,nan,nan,nan,nan
1015,25.375,2.478744594e-03,1.808821080e-03,nan,nan,nan,nan
1016,25.4,2.521018185e-03,1.858903372e-03,nan,nan,nan,nan
1017,25.425,2.593115293e-03,1.902545794e-03,nan,nan,nan,nan
1018,25.45,2.649982426e-03,1.934483781e-03,nan,nan,nan,nan
1019,25.475,2.694235865e-03,1.987680167e-03,nan,nan,nan,nan
1020,25.5,2.771038584e-03,2.033990859e-03,nan,nan,nan,nan
1021,25.525,2.831539857e-03,2.067765088e-03,nan,nan,nan,nan
1022,25.55,2.877861826e-03,2.124266065e-03,nan,nan,nan,nan
1023,25.575,2.959614304e-03,2.173365190e-03,nan,nan,nan,nan
1024,25.6,3.023926730e-03,2.209043252e-03,nan,nan,nan,nan
1025,25.625,3.072411858e-03,2.269051617e-03,nan,nan,nan,nan
1026,25.65,3.159365778e-03,2.321061041e-03,nan,nan,nan,nan
1027,25.675,3.227670328e-03,2.358709413e-03,nan,nan,nan,nan
1028,25.7,3.278419830e-03,2.422441122e-03,nan,nan,nan,nan
1029,25.725,3.370834210e-03,2.477484056e-03,nan,nan,nan,nan
1030,25.75,3.443315466e-03,2.517167640e-03,nan,nan,nan,nan
1031,25.775,3.496437840e-03,2.584852717e-03,nan,nan,nan,nan
1032,25.8,3.594578774e-03,2.643053322e-03,nan,nan,nan,nan
1033,25.825,3.671424530e-03,2.684834932e-03,nan,nan,nan,nan
1034,25.85,3.727036318e-03,2.756718439e-03,nan,nan,nan,nan
1035,25.875,3.831176675e-03,2.818201385e-03,nan,nan,nan,nan
1036,25.9,3.912577476e-03,2.862141190e-03,nan,nan,nan,nan
1037,25.925,3.970804107e-03,2.938484264e-03,nan,nan,nan,nan
1038,25.95,4.081223161e-03,3.003374237e-03,nan,nan,nan,nan
1039,25.975,4.167371791e-03,3.049529150e-03,nan,nan,nan,nan
1040,26,4.228348487e-03,3.130610102e-03,nan,nan,nan,nan
1041,26.025,4.345331497e-03,3.199031257e-03,nan,nan,nan,nan
1042,26.05,4.436422396e-03,3.247454275e-03,nan,nan,nan,nan
1043,26.075,4.500295169e-03,3.333569756e-03,nan,nan,nan,nan
1044,26.1,4.624132887e-03,3.405645124e-03,nan,nan,nan,nan
1045,26.125,4.720361509e-03,3.456384607e-03,nan,nan,nan,nan
1046,26.15,4.787288241e-03,3.547850855e-03,nan,nan,nan,nan
1047,26.175,4.918276353e-03,3.623701682e-03,nan,nan,nan,nan
1048,26.2,5.019838449e-03,3.676800576e-03,nan,nan,nan,nan
1049,26.225,5.090013222e-03,3.773954727e-03,nan,nan,nan,nan
1050,26.25,5.228428553e-03,3.853699759e-03,nan,nan,nan,nan
1051,26.275,5.335519382e-03,3.909194764e-03,nan,nan,nan,nan
1052,26.3,5.409192579e-03,4.012396246e-03,nan,nan,nan,nan
1053,26.325,5.555273551e-03,4.096150947e-03,nan,nan,nan,nan
1054,26.35,5.668087014e-03,4.154071610e-03,nan,nan,nan,nan
1055,26.375,5.745338312e-03,4.263703619e-03,nan,nan,nan,nan
1056,26.4,5.899512525e-03,4.351579328e-03,nan,nan,nan,nan
1057,26.425,6.018240217e-03,4.411947082e-03,nan,nan,nan,nan
1058,26.45,6.099241872e-03,4.528418137e-03,nan,nan,nan,nan
1059,26.475,6.261863417e-03,4.620521150e-03,nan,nan,nan,nan
1060,26.5,6.386693593e-03,4.683348274e-03,nan,nan,nan,nan
1061,26.525,6.471760956e-03,4.807093864e-03,nan,nan,nan,nan
1062,26.55,6.643060510e-03,4.903524451e-03,nan,nan,nan,nan
1063,26.575,6.774176970e-03,4.968812970e-03,nan,nan,nan,nan
1064,26.6,6.863567165e-03,5.100297284e-03,nan,nan,nan,nan
1065,26.625,7.043853955e-03,5.201148624e-03,nan,nan,nan,nan
1066,26.65,7.181434823e-03,5.270141433e-03,nan,nan,nan,nan
1067,26.675,7.275427187e-03,5.408606883e-03,nan,nan,nan,nan
1068,26.7,7.465009208e-03,5.513963928e-03,nan,nan,nan,nan
1069,26.725,7.609225633e-03,5.587481915e-03,nan,nan,nan,nan
1070,26.75,7.708123650e-03,5.732612676e-03,nan,nan,nan,nan
1071,26.775,7.907306414e-03,5.842550937e-03,nan,nan,nan,nan
1072,26.8,8.058321157e-03,5.920941964e-03,nan,nan,nan,nan
1073,26.825,8.162454522e-03,6.072915681e-03,nan,nan,nan,nan
1074,26.85,8.371539701e-03,6.187499926e-03,nan,nan,nan,nan
1075,26.875,8.529505630e-03,6.271140319e-03,nan,nan,nan,nan
1076,26.9,8.639232444e-03,6.430127316e-03,nan,nan,nan,nan
1077,26.925,8.858516406e-03,6.549410192e-03,nan,nan,nan,nan
1078,26.95,9.023574882e-03,6.638706821e-03,nan,nan,nan,nan
1079,26.975,9.139283982e-03,6.804868749e-03,nan,nan,nan,nan
1080,27,9.369056215e-03,6.928889310e-03,nan,nan,nan,nan
1081,27.025,9.541335372e-03,7.024281772e-03,nan,nan,nan,nan
1082,27.05,9.663448804e-03,7.197770164e-03,nan,nan,nan,nan
1083,27.075,9.903990226e-03,7.326552317e-03,nan,nan,nan,nan
1084,27.1,1.008360314e-02,7.428515240e-03,nan,nan,nan,nan
1085,27.125,1.021257878e-02,7.609469975e-03,nan,nan,nan,nan
1086,27.15,1.046415992e-02,7.743020835e-03,nan,nan,nan,nan
1087,27.175,1.065120266e-02,7.852066290e-03,nan,nan,nan,nan
1088,27.2,1.078753697e-02,8.040613955e-03,nan,nan,nan,nan
1089,27.225,1.105041607e-02,8.178922109e-03,nan,nan,nan,nan
1090,27.25,1.124496563e-02,8.295602139e-03,nan,nan,nan,nan
1091,27.275,1.138919657e-02,8.491854302e-03,nan,nan,nan,nan
1092,27.3,1.166361749e-02,8.634887979e-03,nan,nan,nan,nan
1093,27.325,1.186572965e-02,8.759797252e-03,nan,nan,nan,nan
1094,27.35,1.201843977e-02,8.963848629e-03,nan,nan,nan,nan
1095,27.375,1.230462982e-02,9.111553781e-03,nan,nan,nan,nan
1096,27.4,1.251433679e-02,9.245332352e-03,nan,nan,nan,nan
1097,27.425,1.267615642e-02,9.457258879e-03,nan,nan,nan,nan
1098,27.45,1.297432409e-02,9.609557161e-03,nan,nan,nan,nan
1099,27.475,1.319163214e-02,9.752893362e-03,nan,nan,nan,nan
1100,27.5,1.336324279e-02,9.972750158e-03,nan,nan,nan,nan
1101,27.525,1.367357524e-02,1.012953682e-02,nan,nan,nan,nan
1102,27.55,1.389846215e-02,1.028317027e-02,nan,nan,nan,nan
1103,27.575,1.408060004e-02,1.051098950e-02,nan,nan,nan,nan
1104,27.6,1.440326059e-02,1.067213119e-02,nan,nan,nan,nan
1105,27.625,1.463567300e-02,1.083685589e-02,nan,nan,nan,nan
1106,27.65,1.482913276e-02,1.107264455e-02,nan,nan,nan,nan
1107,27.675,1.516425816e-02,1.123797701e-02,nan,nan,nan,nan
1108,27.7,1.540410875e-02,1.141464463e-02,nan,nan,nan,nan
1109,27.725,1.560974728e-02,1.165838217e-02,nan,nan,nan,nan
1110,27.75,1.595744489e-02,1.182770783e-02,nan,nan,nan,nan
1111,27.775,1.620460952e-02,1.201723102e-02,nan,nan,nan,nan
1112,27.8,1.642335000e-02,1.226886694e-02,nan,nan,nan,nan
1113,27.825,1.678369480e-02,1.244195246e-02,nan,nan,nan,nan
1114,27.85,1.703800948e-02,1.264530837e-02,nan,nan,nan,nan
1115,27.875,1.727084554e-02,1.290475963e-02,nan,nan,nan,nan
1116,27.9,1.764387705e-02,1.308133332e-02,nan,nan,nan,nan
1117,27.925,1.790513477e-02,1.329956713e-02,nan,nan,nan,nan
1118,27.95,1.815313482e-02,1.356671555e-02,nan,nan,nan,nan
1119,27.975,1.853885387e-02,1.374646469e-02,nan,nan,nan,nan
1120,28,1.880680137e-02,1.398069334e-02,nan,nan,nan,nan
1121,28.025,1.907111308e-02,1.425538283e-02,nan,nan,nan,nan
1122,28.05,1.946947842e-02,1.443795094e-02,nan,nan,nan,nan
1123,28.075,1.974381280e-02,1.468936691e-02,nan,nan,nan,nan
1124,28.1,2.002566772e-02,1.497140066e-02,nan,nan,nan,nan
1125,28.125,2.043659254e-02,1.515638465e-02,nan,nan,nan,nan
1126,28.15,2.071695779e-02,1.542625987e-02,nan,nan,nan,nan
1127,28.175,2.101767613e-02,1.571539736e-02,nan,nan,nan,nan
1128,28.2,2.144102448e-02,1.590234464e-02,nan,nan,nan,nan
1129,28.225,2.172700786e-02,1.619203445e-02,nan,nan,nan,nan
1130,28.25,2.204800340e-02,1.648798848e-02,nan,nan,nan,nan
1131,28.275,2.248358639e-02,1.667639395e-02,nan,nan,nan,nan
1132,28.3,2.277471475e-02,1.698734120e-02,nan,nan,nan,nan
1133,28.325,2.311749989e-02,1.728977476e-02,nan,nan,nan,nan
1134,28.35,2.356507187e-02,1.747907776e-02,nan,nan,nan,nan
1135,28.375,2.386080785e-02,1.781281699e-02,nan,nan,nan,nan
1136,28.4,2.422699877e-02,1.812134005e-02,nan,nan,nan,nan
1137,28.425,2.468625335e-02,1.831092125e-02,nan,nan,nan,nan
1138,28.45,2.498599149e-02,1.866908287e-02,nan,nan,nan,nan
1139,28.475,2.537731344e-02,1.898324912e-02,nan,nan,nan,nan
1140,28.5,2.584787943e-02,1.917242730e-02,nan,nan,nan,nan
1141,28.525,2.615094218e-02,1.955674193e-02,nan,nan,nan,nan
1142,28.55,2.656923488e-02,1.987604545e-02,nan,nan,nan,nan
1143,28.575,2.705067209e-02,2.006407430e-02,nan,nan,nan,nan
1144,28.6,2.735630576e-02,2.047637712e-02,nan,nan,nan,nan
1145,28.625,2.780352891e-02,2.080024895e-02,nan,nan,nan,nan
1146,28.65,2.829532386e-02,2.098631375e-02,nan,nan,nan,nan
1147,28.675,2.860269452e-02,2.142854889e-02,nan,nan,nan,nan
1148,28.7,2.908093335e-02,2.175635355e-02,nan,nan,nan,nan
1149,28.725,2.958249496e-02,2.193956787e-02,nan,nan,nan,nan
1150,28.75,2.989068420e-02,2.241379284e-02,nan,nan,nan,nan
1151,28.775,3.040215514e-02,2.274482484e-02,nan,nan,nan,nan
1152,28.8,3.091281025e-02,2.294716904e-02,nan,nan,nan,nan
1153,28.825,3.122081097e-02,2.343261734e-02,nan,nan,nan,nan
1154,28.85,3.176786738e-02,2.376609760e-02,nan,nan,nan,nan
1155,28.875,3.228685625e-02,2.399107590e-02,nan,nan,nan,nan
1156,28.9,3.259356835e-02,2.448550102e-02,nan,nan,nan,nan
1157,28.925,3.317870630e-02,2.482057325e-02,nan,nan,nan,nan
1158,28.95,3.370517804e-02,2.507015206e-02,nan,nan,nan,nan
1159,28.975,3.400940412e-02,2.557289025e-02,nan,nan,nan,nan
1160,29,3.463526812e-02,2.590861736e-02,nan,nan,nan,nan
1161,29.025,3.516827608e-02,2.618488865e-02,nan,nan,nan,nan
1162,29.05,3.546871710e-02,2.669519659e-02,nan,nan,nan,nan
1163,29.075,3.613810598e-02,2.703055701e-02,nan,nan,nan,nan
1164,29.1,3.667660311e-02,2.733574322e-02,nan,nan,nan,nan
1165,29.125,3.697185401e-02,2.785279412e-02,nan,nan,nan,nan
1166,29.15,3.768772669e-02,2.818667818e-02,nan,nan,nan,nan
1167,29.175,3.823056084e-02,2.852313715e-02,nan,nan,nan,nan
1168,29.2,3.851910624e-02,2.904601686e-02,nan,nan,nan,nan
1169,29.225,3.928458754e-02,2.937722314e-02,nan,nan,nan,nan
1170,29.25,3.983049678e-02,2.974745297e-02,nan,nan,nan,nan
1171,29.275,4.011528663e-02,3.027515606e-02,nan,nan,nan,nan
1172,29.3,4.092909298e-02,3.060238777e-02,nan,nan,nan,nan
1173,29.325,4.147670094e-02,3.100903164e-02,nan,nan,nan,nan
1174,29.35,4.179566445e-02,3.154045750e-02,nan,nan,nan,nan
1175,29.375,4.262159138e-02,3.186231888e-02,nan,nan,nan,nan
1176,29.4,4.316940256e-02,3.230816984e-02,nan,nan,nan,nan
1177,29.425,4.352555472e-02,3.284211880e-02,nan,nan,nan,nan
1178,29.45,4.436237170e-02,3.315711158e-02,nan,nan,nan,nan
1179,29.475,4.490876685e-02,3.364511721e-02,nan,nan,nan,nan
1180,29.5,4.530530772e-02,3.418028668e-02,nan,nan,nan,nan
1181,29.525,4.615166016e-02,3.448680660e-02,nan,nan,nan,nan
1182,29.55,4.669489172e-02,3.502007359e-02,nan,nan,nan,nan
1183,29.575,4.713521266e-02,3.555505427e-02,nan,nan,nan,nan
1184,29.6,4.798961699e-02,3.585138764e-02,nan,nan,nan,nan
1185,29.625,4.852780456e-02,3.643318629e-02,nan,nan,nan,nan
1186,29.65,4.901549435e-02,3.696645836e-02,nan,nan,nan,nan
1187,29.675,4.987633303e-02,3.725077877e-02,nan,nan,nan,nan
1188,29.7,5.040745899e-02,3.788454725e-02,nan,nan,nan,nan
1189,29.725,5.094630984e-02,3.841447680e-02,nan,nan,nan,nan
1190,29.75,5.181182657e-02,3.868484185e-02,nan,nan,nan,nan
1191,29.775,5.233373168e-02,3.937419037e-02,nan,nan,nan,nan
1192,29.8,5.292774509e-02,3.989902575e-02,nan,nan,nan,nan
1193,29.825,5.379604000e-02,4.015337397e-02,nan,nan,nan,nan
1194,29.85,5.430641932e-02,4.090208877e-02,nan,nan,nan,nan
1195,29.875,5.495981164e-02,4.141995713e-02,nan,nan,nan,nan
1196,29.9,5.582883670e-02,4.167680399e-02,nan,nan,nan,nan
1197,29.925,5.632523544e-02,4.246815205e-02,nan,nan,nan,nan
1198,29.95,5.704244337e-02,4.297705602e-02,nan,nan,nan,nan
1199,29.975,5.790999783e-02,4.328023549e-02,nan,nan,nan,nan
1200,30,5.838980754e-02,4.407222369e-02,nan,nan,nan,nan
1201,30.025,5.917549327e-02,4.457003815e-02,nan,nan,nan,nan
1202,30.05,6.003921932e-02,4.492338074e-02,nan,nan,nan,nan
1203,30.075,6.049967415e-02,4.571407845e-02,nan,nan,nan,nan
1204,30.1,6.135873027e-02,4.619854749e-02,nan,nan,nan,nan
1205,30.125,6.221610884e-02,4.660607702e-02,nan,nan,nan,nan
1206,30.15,6.265428205e-02,4.739341981e-02,nan,nan,nan,nan
1207,30.175,6.359183612e-02,4.786215387e-02,nan,nan,nan,nan
1208,30.2,6.444018292e-02,4.832809116e-02,nan,nan,nan,nan
1209,30.225,6.485298363e-02,4.910987750e-02,nan,nan,nan,nan
1210,30.25,6.587440246e-02,4.956035071e-02,nan,nan,nan,nan
1211,30.275,6.671086415e-02,5.008911694e-02,nan,nan,nan,nan
1212,30.3,6.709503431e-02,5.086300517e-02,nan,nan,nan,nan
1213,30.325,6.820592785e-02,5.129255287e-02,nan,nan,nan,nan
1214,30.35,6.902747852e-02,5.188877264e-02,nan,nan,nan,nan
1215,30.375,6.937959019e-02,5.265227807e-02,nan,nan,nan,nan
1216,30.4,7.058581498e-02,5.305809458e-02,nan,nan,nan,nan
1217,30.425,7.138925292e-02,5.372659866e-02,nan,nan,nan,nan
1218,30.45,7.174323291e-02,5.447709090e-02,nan,nan,nan,nan
1219,30.475,7.301336804e-02,5.485622757e-02,nan,nan,nan,nan
1220,30.5,7.379531269e-02,5.560205516e-02,nan,nan,nan,nan
1221,30.525,7.422446464e-02,5.633675576e-02,nan,nan,nan,nan
1222,30.55,7.548779014e-02,5.668611922e-02,nan,nan,nan,nan
1223,30.575,7.624467945e-02,5.751451995e-02,nan,nan,nan,nan
1224,30.6,7.675499972e-02,5.823050021e-02,nan,nan,nan,nan
1225,30.625,7.800818097e-02,5.854685099e-02,nan,nan,nan,nan
1226,30.65,7.873626902e-02,5.946328637e-02,nan,nan,nan,nan
1227,30.675,7.933402327e-02,6.015746551e-02,nan,nan,nan,nan
1228,30.7,8.057353457e-02,6.043741692e-02,nan,nan,nan,nan
1229,30.725,8.126888960e-02,6.144756144e-02,nan,nan,nan,nan
1230,30.75,8.196061530e-02,6.211670502e-02,nan,nan,nan,nan
1231,30.775,8.318273731e-02,6.239541832e-02,nan,nan,nan,nan
1232,30.8,8.384124005e-02,6.346646401e-02,nan,nan,nan,nan
1233,30.825,8.463374847e-02,6.410718271e-02,nan,nan,nan,nan
1234,30.85,8.583456603e-02,6.446444177e-02,nan,nan,nan,nan
1235,30.875,8.645190853e-02,6.551902322e-02,nan,nan,nan,nan
1236,30.9,8.735228609e-02,6.612777191e-02,nan,nan,nan,nan
1237,30.925,8.852768642e-02,6.656945347e-02,nan,nan,nan,nan
1238,30.95,8.909937120e-02,6.760417702e-02,nan,nan,nan,nan
1239,30.975,9.011498028e-02,6.817725425e-02,nan,nan,nan,nan
1240,31,9.126065165e-02,6.870946283e-02,nan,nan,nan,nan
1241,31.025,9.178199133e-02,6.972077095e-02,nan,nan,nan,nan
1242,31.05,9.292047037e-02,7.025431874e-02,nan,nan,nan,nan
1243,31.075,9.403190114e-02,7.088338636e-02,nan,nan,nan,nan
1244,31.1,9.449801856e-02,7.186755707e-02,nan,nan,nan,nan
1245,31.125,9.576728151e-02,7.235756116e-02,nan,nan,nan,nan
1246,31.15,9.683975969e-02,7.309004651e-02,nan,nan,nan,nan
1247,31.175,9.724558842e-02,7.404319311e-02,nan,nan,nan,nan
1248,31.2,9.865382355e-02,7.448548356e-02,nan,nan,nan,nan
1249,31.225,9.968243676e-02,7.532817062e-02,nan,nan,nan,nan
1250,31.25,1.000227222e-01,7.624624186e-02,nan,nan,nan,nan
1251,31.275,1.015783901e-01,7.663649412e-02,nan,nan,nan,nan
1252,31.3,1.025580262e-01,7.759639009e-02,nan,nan,nan,nan
1253,31.325,1.029015864e-01,7.847517079e-02,nan,nan,nan,nan
1254,31.35,1.045391580e-01,7.880890716e-02,nan,nan,nan,nan
1255,31.375,1.054645059e-01,7.989323978e-02,nan,nan,nan,nan
1256,31.4,1.059335907e-01,8.072835188e-02,nan,nan,nan,nan
1257,31.425,1.075341869e-01,8.100094344e-02,nan,nan,nan,nan
1258,31.45,1.083997383e-01,8.221715771e-02,nan,nan,nan,nan
1259,31.475,1.090031715e-01,8.300406172e-02,nan,nan,nan,nan
1260,31.5,1.105614191e-01,8.325064173e-02,nan,nan,nan,nan
1261,31.525,1.113614708e-01,8.456648489e-02,nan,nan,nan,nan
1262,31.55,1.121083625e-01,8.530048190e-02,nan,nan,nan,nan
1263,31.575,1.136186802e-01,8.566299309e-02,nan,nan,nan,nan
1264,31.6,1.143473363e-01,8.693946553e-02,nan,nan,nan,nan
1265,31.625,1.152470787e-01,8.761569962e-02,nan,nan,nan,nan
1266,31.65,1.167036793e-01,8.810191853e-02,nan,nan,nan,nan
1267,31.675,1.173548548e-01,8.933424743e-02,nan,nan,nan,nan
1268,31.7,1.184171167e-01,8.994770861e-02,nan,nan,nan,nan
1269,31.725,1.198140099e-01,9.056563546e-02,nan,nan,nan,nan
1270,31.75,1.203814346e-01,9.174888269e-02,nan,nan,nan,nan
1271,31.775,1.216161558e-01,9.229441035e-02,nan,nan,nan,nan
1272,31.8,1.229471514e-01,9.305226356e-02,nan,nan,nan,nan
1273,31.825,1.234243742e-01,9.418132870e-02,nan,nan,nan,nan
1274,31.85,1.248417584e-01,9.465361554e-02,nan,nan,nan,nan
1275,31.875,1.261004704e-01,9.555982553e-02,nan,nan,nan,nan
1276,31.9,1.264808644e-01,9.662944942e-02,nan,nan,nan,nan
1277,31.925,1.280913716e-01,9.702304591e-02,nan,nan,nan,nan
1278,31.95,1.292712227e-01,9.808624812e-02,nan,nan,nan,nan
1279,31.975,1.295479910e-01,9.909101692e-02,nan,nan,nan,nan
1280,32,1.313623287e-01,9.940033630e-02,nan,nan,nan,nan
1281,32.025,1.324565556e-01,1.006293635e-01,nan,nan,nan,nan
1282,32.05,1.327197036e-01,1.015637133e-01,nan,nan,nan,nan
1283,32.075,1.346518514e-01,1.017830371e-01,nan,nan,nan,nan
1284,32.1,1.356535107e-01,1.031869110e-01,nan,nan,nan,nan
1285,32.125,1.360987501e-01,1.040451330e-01,nan,nan,nan,nan
1286,32.15,1.379570519e-01,1.042435135e-01,nan,nan,nan,nan
1287,32.175,1.388590266e-01,1.057565389e-01,nan,nan,nan,nan
1288,32.2,1.394975761e-01,1.065327850e-01,nan,nan,nan,nan
1289,32.225,1.412749356e-01,1.068903057e-01,nan,nan,nan,nan
1290,32.25,1.420699423e-01,1.083358069e-01,nan,nan,nan,nan
1291,32.275,1.429132670e-01,1.090240958e-01,nan,nan,nan,nan
1292,32.3,1.446024047e-01,1.095501932e-01,nan,nan,nan,nan
1293,32.325,1.452830011e-01,1.109221883e-01,nan,nan,nan,nan
1294,32.35,1.463428008e-01,1.115164128e-01,nan,nan,nan,nan
1295,32.375,1.479362610e-01,1.122207067e-01,nan,nan,nan,nan
1296,32.4,1.484948548e-01,1.135130738e-01,nan,nan,nan,nan
1297,32.425,1.497830508e-01,1.140070074e-01,nan,nan,nan,nan
1298,32.45,1.512732101e-01,1.148992898e-01,nan,nan,nan,nan
1299,32.475,1.517020678e-01,1.161057737e-01,nan,nan,nan,nan
1300,32.5,1.532307901e-01,1.164930788e-01,nan,nan,nan,nan
1301,32.525,1.546098655e-01,1.175833027e-01,nan,nan,nan,nan
1302,32.55,1.549011223e-01,1.186975221e-01,nan,nan,nan,nan
1303,32.575,1.566826945e-01,1.189717585e-01,nan,nan,nan,nan
1304,32.6,1.579427534e-01,1.202700244e-01,nan,nan,nan,nan
1305,32.625,1.580884232e-01,1.212854806e-01,nan,nan,nan,nan
1306,32.65,1.601353475e-01,1.214401140e-01,nan,nan,nan,nan
1307,32.675,1.612683173e-01,1.229566576e-01,nan,nan,nan,nan
1308,32.7,1.614435661e-01,1.238667427e-01,nan,nan,nan,nan
1309,32.725,1.635852446e-01,1.239583738e-01,nan,nan,nan,nan
1310,32.75,1.645829237e-01,1.256403317e-01,nan,nan,nan,nan
1311,32.775,1.650032268e-01,1.264383380e-01,nan,nan,nan,nan
1312,32.8,1.670287986e-01,1.267334352e-01,nan,nan,nan,nan
1313,32.825,1.678828673e-01,1.283181077e-01,nan,nan,nan,nan
1314,32.85,1.685613013e-01,1.289972370e-01,nan,nan,nan,nan
1315,32.875,1.704623450e-01,1.295064795e-01,nan,nan,nan,nan
1316,32.9,1.711643776e-01,1.309869826e-01,nan,nan,nan,nan
1317,32.925,1.721141789e-01,1.315403568e-01,nan,nan,nan,nan
1318,32.95,1.738821475e-01,1.322745403e-01,nan,nan,nan,nan
1319,32.975,1.744236247e-01,1.336438944e-01,nan,nan,nan,nan
1320,33,1.756581711e-01,1.340645657e-01,nan,nan,nan,nan
1321,33.025,1.772844046e-01,1.350345873e-01,nan,nan,nan,nan
1322,33.05,1.776567265e-01,1.362857273e-01,nan,nan,nan,nan
1323,33.075,1.791895176e-01,1.365666896e-01,nan,nan,nan,nan
1324,33.1,1.806652558e-01,1.377835309e-01,nan,nan,nan,nan
1325,33.125,1.808597552e-01,1.389093173e-01,nan,nan,nan,nan
1326,33.15,1.827043928e-01,1.390435174e-01,nan,nan,nan,nan
1327,33.175,1.840207882e-01,1.405182275e-01,nan,nan,nan,nan
1328,33.2,1.840287450e-01,1.415114579e-01,nan,nan,nan,nan
1329,33.225,1.861989120e-01,1.414918078e-01,nan,nan,nan,nan
1330,33.25,1.873470443e-01,1.432354857e-01,nan,nan,nan,nan
1331,33.275,1.873594858e-01,1.440889063e-01,nan,nan,nan,nan
1332,33.3,1.896691385e-01,1.441887994e-01,nan,nan,nan,nan
1333,33.325,1.906400286e-01,1.459320715e-01,nan,nan,nan,nan
1334,33.35,1.909597428e-01,1.466383898e-01,nan,nan,nan,nan
1335,33.375,1.931110909e-01,1.469939611e-01,nan,nan,nan,nan
1336,33.4,1.938957158e-01,1.486047151e-01,nan,nan,nan,nan
1337,33.425,1.945369452e-01,1.491566120e-01,nan,nan,nan,nan
1338,33.45,1.965207503e-01,1.497793782e-01,nan,nan,nan,nan
1339,33.475,1.971100589e-01,1.512501169e-01,nan,nan,nan,nan
1340,33.5,1.980870933e-01,1.516402602e-01,nan,nan,nan,nan
1341,33.525,1.998940685e-01,1.525417581e-01,nan,nan,nan,nan
1342,33.55,2.002789967e-01,1.538649546e-01,nan,nan,nan,nan
1343,33.575,2.016061505e-01,1.540860121e-01,nan,nan,nan,nan
1344,33.6,2.032269761e-01,1.552777787e-01,nan,nan,nan,nan
1345,33.625,2.033984632e-01,1.564458899e-01,nan,nan,nan,nan
1346,33.65,2.050900509e-01,1.564905428e-01,nan,nan,nan,nan
1347,33.675,2.065153904e-01,1.579840957e-01,nan,nan,nan,nan
1348,33.7,2.064643954e-01,1.589895757e-01,nan,nan,nan,nan
1349,33.725,2.085347076e-01,1.588505327e-01,nan,nan,nan,nan
1350,33.75,2.097552242e-01,1.606573492e-01,nan,nan,nan,nan
1351,33.775,2.094727427e-01,1.614926633e-01,nan,nan,nan,nan
1352,33.8,2.119360212e-01,1.614681944e-01,nan,nan,nan,nan
1353,33.825,2.129423946e-01,1.632941712e-01,nan,nan,nan,nan
1354,33.85,2.129735144e-01,1.639518099e-01,nan,nan,nan,nan
1355,33.875,2.152898883e-01,1.642288295e-01,nan,nan,nan,nan
1356,33.9,2.160728318e-01,1.658911930e-01,nan,nan,nan,nan
1357,33.925,2.164812749e-01,1.663636864e-01,nan,nan,nan,nan
1358,33.95,2.185922104e-01,1.669540270e-01,nan,nan,nan,nan
1359,33.975,2.191424881e-01,1.684450525e-01,nan,nan,nan,nan
1360,34,2.199429706e-01,1.687249850e-01,nan,nan,nan,nan
1361,34.025,2.218389029e-01,1.696404013e-01,nan,nan,nan,nan
1362,34.05,2.221473471e-01,1.709524022e-01,nan,nan,nan,nan
1363,34.075,2.233544914e-01,1.710324269e-01,nan,nan,nan,nan
1364,34.1,2.250259042e-01,1.722845743e-01,nan,nan,nan,nan
1365,34.125,2.250834328e-01,1.734099169e-01,nan,nan,nan,nan
1366,34.15,2.267117413e-01,1.732827702e-01,nan,nan,nan,nan
1367,34.175,2.281491848e-01,1.748831833e-01,nan,nan,nan,nan
1368,34.2,2.279468191e-01,1.758143015e-01,nan,nan,nan,nan
1369,34.225,2.300106483e-01,1.754728182e-01,nan,nan,nan,nan
1370,34.25,2.312047568e-01,1.774328886e-01,nan,nan,nan,nan
1371,34.275,2.307336391e-01,1.781622993e-01,nan,nan,nan,nan
1372,34.3,2.332471731e-01,1.781143404e-01,nan,nan,nan,nan
1373,34.325,2.341886832e-01,1.799303818e-01,nan,nan,nan,nan
1374,34.35,2.340432620e-01,1.804506994e-01,nan,nan,nan,nan
1375,34.375,2.364173187e-01,1.807522834e-01,nan,nan,nan,nan
1376,34.4,2.370970870e-01,1.823723938e-01,nan,nan,nan,nan
1377,34.425,2.373880188e-01,1.826763452e-01,nan,nan,nan,nan
1378,34.45,2.395171400e-01,1.833391232e-01,nan,nan,nan,nan
1379,34.475,2.399261609e-01,1.847557025e-01,nan,nan,nan,nan
1380,34.5,2.406679884e-01,1.848361421e-01,nan,nan,nan,nan
1381,34.525,2.425427529e-01,1.858715807e-01,nan,nan,nan,nan
1382,34.55,2.426721762e-01,1.870771412e-01,nan,nan,nan,nan
1383,34.575,2.438792197e-01,1.869270654e-01,nan,nan,nan,nan
1384,34.6,2.454903437e-01,1.883464248e-01,nan,nan,nan,nan
1385,34.625,2.453314922e-01,1.893336064e-01,nan,nan,nan,nan
1386,34.65,2.470178234e-01,1.889461680e-01,nan,nan,nan,nan
1387,34.675,2.483561786e-01,1.907604809e-01,nan,nan,nan,nan
1388,34.7,2.479005652e-01,1.915220657e-01,nan,nan,nan,nan
1389,34.725,2.500799815e-01,1.911857929e-01,nan,nan,nan,nan
1390,34.75,2.511366125e-01,1.931106384e-01,nan,nan,nan,nan
1391,34.775,2.504755558e-01,1.936395658e-01,nan,nan,nan,nan
1392,34.8,2.530619565e-01,1.936893649e-01,nan,nan,nan,nan
1393,34.825,2.538280985e-01,1.953938594e-01,nan,nan,nan,nan
1394,34.85,2.536484841e-01,1.956832397e-01,nan,nan,nan,nan
1395,34.875,2.559601007e-01,1.961303090e-01,nan,nan,nan,nan
1396,34.9,2.564271965e-01,1.976071856e-01,nan,nan,nan,nan
1397,34.925,2.567430647e-01,1.976503149e-01,nan,nan,nan,nan
1398,34.95,2.587708655e-01,1.985055825e-01,nan,nan,nan,nan
1399,34.975,2.589305819e-01,1.997477467e-01,nan,nan,nan,nan
1400,35,2.597556482e-01,1.995381200e-01,nan,nan,nan,nan
1401,35.025,2.614908094e-01,2.008122242e-01,nan,nan,nan,nan
1402,35.05,2.613350541e-01,2.018127675e-01,nan,nan,nan,nan
1403,35.075,2.626826849e-01,2.013440925e-01,nan,nan,nan,nan
1404,35.1,2.641166077e-01,2.030473615e-01,nan,nan,nan,nan
1405,35.125,2.636375443e-01,2.037995755e-01,nan,nan,nan,nan
1406,35.15,2.655207333e-01,2.032224509e-01,nan,nan,nan,nan
1407,35.175,2.666450602e-01,2.052082180e-01,nan,nan,nan,nan
1408,35.2,2.658351238e-01,2.057056076e-01,nan,nan,nan,nan
1409,35.225,2.682664688e-01,2.055498993e-01,nan,nan,nan,nan
1410,35.25,2.690730995e-01,2.072921208e-01,nan,nan,nan,nan
1411,35.275,2.684772169e-01,2.075284171e-01,nan,nan,nan,nan
1412,35.3,2.709166924e-01,2.078045199e-01,nan,nan,nan,nan
1413,35.325,2.713977986e-01,2.092965076e-01,nan,nan,nan,nan
1414,35.35,2.713405002e-01,2.092656802e-01,nan,nan,nan,nan
1415,35.375,2.734683382e-01,2.099836404e-01,nan,nan,nan,nan
1416,35.4,2.736163785e-01,2.112189332e-01,nan,nan,nan,nan
1417,35.425,2.741103594e-01,2.109152018e-01,nan,nan,nan,nan
1418,35.45,2.759184814e-01,2.120847000e-01,nan,nan,nan,nan
1419,35.475,2.757262151e-01,2.130570760e-01,nan,nan,nan,nan
1420,35.5,2.767837302e-01,2.124749218e-01,nan,nan,nan,nan
1421,35.525,2.782643453e-01,2.141052556e-01,nan,nan,nan,nan
1422,35.55,2.777248457e-01,2.148087442e-01,nan,nan,nan,nan
1423,35.575,2.793576899e-01,2.140427851e-01,nan,nan,nan,nan
1424,35.6,2.805033087e-01,2.160429886e-01,nan,nan,nan,nan
1425,35.625,2.796099751e-01,2.164718812e-01,nan,nan,nan,nan
1426,35.65,2.818294643e-01,2.161599782e-01,nan,nan,nan,nan
1427,35.675,2.826329118e-01,2.178957107e-01,nan,nan,nan,nan
1428,35.7,2.816823303e-01,2.180445713e-01,nan,nan,nan,nan
1429,35.725,2.841964346e-01,2.181959958e-01,nan,nan,nan,nan
1430,35.75,2.846508625e-01,2.196613694e-01,nan,nan,nan,nan
1431,35.775,2.842786390e-01,2.195250441e-01,nan,nan,nan,nan
1432,35.8,2.864561436e-01,2.201486534e-01,nan,nan,nan,nan
1433,35.825,2.865550419e-01,2.213380533e-01,nan,nan,nan,nan
1434,35.85,2.867724785e-01,2.209116793e-01,nan,nan,nan,nan
1435,35.875,2.886063018e-01,2.220159027e-01,nan,nan,nan,nan
1436,35.9,2.883435089e-01,2.229239968e-01,nan,nan,nan,nan
1437,35.925,2.891613940e-01,2.222030104e-01,nan,nan,nan,nan
1438,35.95,2.906447925e-01,2.237958371e-01,nan,nan,nan,nan
1439,35.975,2.900145052e-01,2.244175844e-01,nan,nan,nan,nan
1440,36,2.914430979e-01,2.235127083e-01,nan,nan,nan,nan
1441,36.025,2.925696770e-01,2.254866955e-01,nan,nan,nan,nan
1442,36.05,2.915664583e-01,2.258173544e-01,nan,nan,nan,nan
1443,36.075,2.936154752e-01,2.253950741e-01,nan,nan,nan,nan
1444,36.1,2.943791980e-01,2.270868674e-01,nan,nan,nan,nan
1445,36.125,2.931343911e-01,2.271220025e-01,nan,nan,nan,nan
1446,36.15,2.956765882e-01,2.271902053e-01,nan,nan,nan,nan
1447,36.175,2.960717844e-01,2.285948955e-01,nan,nan,nan,nan
1448,36.2,2.954401195e-01,2.283303842e-01,nan,nan,nan,nan
1449,36.225,2.976246806e-01,2.288964957e-01,nan,nan,nan,nan
1450,36.25,2.976460533e-01,2.300094800e-01,nan,nan,nan,nan
1451,36.275,2.976371457e-01,2.294415174e-01,nan,nan,nan,nan
1452,36.3,2.994581808e-01,2.305124930e-01,nan,nan,nan,nan
1453,36.325,2.991008130e-01,2.313294802e-01,nan,nan,nan,nan
1454,36.35,2.997237129e-01,2.304545838e-01,nan,nan,nan,nan
1455,36.375,3.011757047e-01,2.320369009e-01,nan,nan,nan,nan
1456,36.4,3.004350649e-01,2.325539172e-01,nan,nan,nan,nan
1457,36.425,3.016982486e-01,2.315516571e-01,nan,nan,nan,nan
1458,36.45,3.027760585e-01,2.334685824e-01,nan,nan,nan,nan
1459,36.475,3.016480042e-01,2.336819752e-01,nan,nan,nan,nan
1460,36.5,3.035593665e-01,2.331856212e-01,nan,nan,nan,nan
1461,36.525,3.042582397e-01,2.348065614e-01,nan,nan,nan,nan
1462,36.55,3.027707783e-01,2.347130024e-01,nan,nan,nan,nan
1463,36.575,3.053058691e-01,2.347288811e-01,nan,nan,nan,nan
1464,36.6,3.056214382e-01,2.360500236e-01,nan,nan,nan,nan
1465,36.625,3.047756017e-01,2.356465117e-01,nan,nan,nan,nan
1466,36.65,3.069367489e-01,2.361804630e-01,nan,nan,nan,nan
1467,36.675,3.068650369e-01,2.371983181e-01,nan,nan,nan,nan
1468,36.7,3.066685645e-01,2.364821802e-01,nan,nan,nan,nan
1469,36.725,3.084511892e-01,2.375395540e-01,nan,nan,nan,nan
1470,36.75,3.079886109e-01,2.382509568e-01,nan,nan,nan,nan
1471,36.775,3.084486531e-01,2.372198486e-01,nan,nan,nan,nan
1472,36.8,3.098485642e-01,2.388055028e-01,nan,nan,nan,nan
1473,36.825,3.089919270e-01,2.392076146e-01,nan,nan,nan,nan
1474,36.85,3.101150428e-01,2.381359292e-01,nan,nan,nan,nan
1475,36.875,3.111284383e-01,2.399778200e-01,nan,nan,nan,nan
1476,36.9,3.098749415e-01,2.400681281e-01,nan,nan,nan,nan
1477,36.925,3.116670979e-01,2.395196830e-01,nan,nan,nan,nan
1478,36.95,3.122905652e-01,2.410561772e-01,nan,nan,nan,nan
1479,36.975,3.106377985e-01,2.408324945e-01,nan,nan,nan,nan
1480,37,3.131043707e-01,2.408119800e-01,nan,nan,nan,nan
1481,37.025,3.133348856e-01,2.420404060e-01,nan,nan,nan,nan
1482,37.05,3.123040648e-01,2.415008688e-01,nan,nan,nan,nan
1483,37.075,3.144266002e-01,2.420124880e-01,nan,nan,nan,nan
1484,37.1,3.142615252e-01,2.429304963e-01,nan,nan,nan,nan
1485,37.125,3.138994760e-01,2.420735619e-01,nan,nan,nan,nan
1486,37.15,3.156337100e-01,2.431210327e-01,nan,nan,nan,nan
1487,37.175,3.150707910e-01,2.437265939e-01,nan,nan,nan,nan
1488,37.2,3.153827262e-01,2.426256714e-01,nan,nan,nan,nan
1489,37.225,3.167258056e-01,2.441375956e-01,nan,nan,nan,nan
1490,37.25,3.157631680e-01,2.444289978e-01,nan,nan,nan,nan
1491,37.275,3.167537203e-01,2.432987528e-01,nan,nan,nan,nan
1492,37.3,3.177031708e-01,2.450623122e-01,nan,nan,nan,nan
1493,37.325,3.164240400e-01,2.450381567e-01,nan,nan,nan,nan
1494,37.35,3.180125424e-01,2.444422202e-01,nan,nan,nan,nan
1495,37.375,3.185662642e-01,2.458954683e-01,nan,nan,nan,nan
1496,37.4,3.171345191e-01,2.455546652e-01,nan,nan,nan,nan
1497,37.425,3.191594516e-01,2.454961242e-01,nan,nan,nan,nan
1498,37.45,3.193157143e-01,2.466374969e-01,nan,nan,nan,nan
1499,37.475,3.181093413e-01,2.459792594e-01,nan,nan,nan,nan
1500,37.5,3.201948783e-01,2.464607365e-01,nan,nan,nan,nan
1501,37.525,3.199523144e-01,2.472889736e-01,nan,nan,nan,nan
1502,37.55,3.194267718e-01,2.464632001e-01,nan,nan,nan,nan
1503,37.575,3.211194194e-01,2.473364730e-01,nan,nan,nan,nan
1504,37.6,3.204770171e-01,2.478506127e-01,nan,nan,nan,nan
1505,37.625,3.206356681e-01,2.469031116e-01,nan,nan,nan,nan
1506,37.65,3.219338329e-01,2.481238894e-01,nan,nan,nan,nan
1507,37.675,3.210277976e-01,2.483232616e-01,nan,nan,nan,nan
1508,37.7,3.217365941e-01,2.472897235e-01,nan,nan,nan,nan
1509,37.725,3.226390322e-01,2.488236768e-01,nan,nan,nan,nan
1510,37.75,3.215755914e-01,2.487078958e-01,nan,nan,nan,nan
1511,37.775,3.227302711e-01,2.480506740e-01,nan,nan,nan,nan
1512,37.8,3.232360797e-01,2.494366559e-01,nan,nan,nan,nan
1513,37.825,3.220137854e-01,2.490080701e-01,nan,nan,nan,nan
1514,37.85,3.236175714e-01,2.488893119e-01,nan,nan,nan,nan
1515,37.875,3.237261798e-01,2.499637720e-01,nan,nan,nan,nan
1516,37.9,3.225677824e-01,2.494111675e-01,nan,nan,nan,nan
1517,37.925,3.243995128e-01,2.496434446e-01,nan,nan,nan,nan
1518,37.95,3.241106721e-01,2.504060886e-01,nan,nan,nan,nan
1519,37.975,3.234032007e-01,2.497283609e-01,nan,nan,nan,nan
1520,38,3.250772505e-01,2.503139861e-01,nan,nan,nan,nan
1521,38.025,3.245395099e-01,2.507647811e-01,nan,nan,nan,nan
1522,38.05,3.243712178e-01,2.500339011e-01,nan,nan,nan,nan
1523,38.075,3.256520707e-01,2.509019646e-01,nan,nan,nan,nan
1524,38.1,3.249524462e-01,2.510411299e-01,nan,nan,nan,nan
1525,38.125,3.252379149e-01,2.503713295e-01,nan,nan,nan,nan
1526,38.15,3.261253823e-01,2.514085168e-01,nan,nan,nan,nan
1527,38.175,3.252625302e-01,2.512530767e-01,nan,nan,nan,nan
1528,38.2,3.260045235e-01,2.506251350e-01,nan,nan,nan,nan
1529,38.225,3.264987090e-01,2.518348802e-01,nan,nan,nan,nan
1530,38.25,3.256901171e-01,2.515522147e-01,nan,nan,nan,nan
1531,38.275,3.266723930e-01,2.511420193e-01,nan,nan,nan,nan
1532,38.3,3.267736810e-01,2.521823867e-01,nan,nan,nan,nan
1533,38.325,3.260309221e-01,2.517714748e-01,nan,nan,nan,nan
1534,38.35,3.272429835e-01,2.517192174e-01,nan,nan,nan,nan
1535,38.375,3.270674980e-01,2.524524549e-01,nan,nan,nan,nan
1536,38.4,3.263239275e-01,2.519845782e-01,nan,nan,nan,nan
1537,38.425,3.277178568e-01,2.522197731e-01,nan,nan,nan,nan
1538,38.45,3.273764280e-01,2.526465823e-01,nan,nan,nan,nan
1539,38.475,3.267944008e-01,2.522284685e-01,nan,nan,nan,nan
1540,38.5,3.280986680e-01,2.526450530e-01,nan,nan,nan,nan
1541,38.525,3.275900684e-01,2.527663377e-01,nan,nan,nan,nan
1542,38.55,3.274703768e-01,2.523950634e-01,nan,nan,nan,nan
1543,38.575,3.283871564e-01,2.529964986e-01,nan,nan,nan,nan
1544,38.6,3.278776444e-01,2.529798329e-01,nan,nan,nan,nan
1545,38.625,3.280549791e-01,2.526076807e-01,nan,nan,nan,nan
1546,38.65,3.285851367e-01,2.532756187e-01,nan,nan,nan,nan
1547,38.675,3.281275329e-01,2.531279316e-01,nan,nan,nan,nan
1548,38.7,3.285498685e-01,2.528007566e-01,nan,nan,nan,nan
1549,38.725,3.287300465e-01,2.534839815e-01,nan,nan,nan,nan
1550,38.75,3.282852904e-01,2.532363781e-01,nan,nan,nan,nan
1551,38.775,3.289567768e-01,2.529192137e-01,nan,nan,nan,nan
1552,38.8,3.289674595e-01,2.536232068e-01,nan,nan,nan,nan
1553,38.825,3.285647212e-01,2.534135433e-01,nan,nan,nan,nan
1554,38.85,3.292774973e-01,2.532449298e-01,nan,nan,nan,nan
1555,38.875,3.291175828e-01,2.536949574e-01,nan,nan,nan,nan
1556,38.9,3.287610014e-01,2.535202028e-01,nan,nan,nan,nan
1557,38.925,3.295138764e-01,2.535483120e-01,nan,nan,nan,nan
1558,38.95,3.292509476e-01,2.537934793e-01,nan,nan,nan,nan
1559,38.975,3.289019477e-01,2.536234108e-01,nan,nan,nan,nan
1560,39,3.296678040e-01,2.537861545e-01,nan,nan,nan,nan
1561,39.025,3.294427290e-01,2.538979382e-01,nan,nan,nan,nan
1562,39.05,3.291376612e-01,2.537609612e-01,nan,nan,nan,nan
1563,39.075,3.297412045e-01,2.539600790e-01,nan,nan,nan,nan
1564,39.1,3.295504683e-01,2.539377147e-01,nan,nan,nan,nan
1565,39.125,3.294914331e-01,2.538307906e-01,nan,nan,nan,nan
1566,39.15,3.298482444e-01,2.540717311e-01,nan,nan,nan,nan
1567,39.175,3.296702737e-01,2.540269696e-01,nan,nan,nan,nan
1568,39.2,3.297842458e-01,2.539269107e-01,nan,nan,nan,nan
1569,39.225,3.299676156e-01,2.541227726e-01,nan,nan,nan,nan
1570,39.25,3.298218519e-01,2.541012134e-01,nan,nan,nan,nan
1571,39.275,3.300006403e-01,2.540294280e-01,nan,nan,nan,nan
1572,39.3,3.300096768e-01,2.541148737e-01,nan,nan,nan,nan
1573,39.325,3.298926391e-01,2.541135554e-01,nan,nan,nan,nan
1574,39.35,3.301424758e-01,2.540670231e-01,nan,nan,nan,nan
1575,39.375,3.300986659e-01,2.541815231e-01,nan,nan,nan,nan
1576,39.4,3.299968168e-01,2.541916746e-01,nan,nan,nan,nan
1577,39.425,3.302116167e-01,2.541541595e-01,nan,nan,nan,nan
1578,39.45,3.301887553e-01,2.542114711e-01,nan,nan,nan,nan
1579,39.475,3.301135682e-01,2.542401945e-01,nan,nan,nan,nan
1580,39.5,3.302099239e-01,2.542262018e-01,nan,nan,nan,nan
1581,39.525,3.302047028e-01,2.541851555e-01,nan,nan,nan,nan
1582,39.55,3.301527580e-01,2.542295598e-01,nan,nan,nan,nan
1583,39.575,3.302586029e-01,2.542361124e-01,nan,nan,nan,nan
1584,39.6,3.302735988e-01,2.542366795e-01,nan,nan,nan,nan
1585,39.625,3.302392043e-01,2.542946634e-01,nan,nan,nan,nan
1586,39.65,3.303088123e-01,2.543123418e-01,nan,nan,nan,nan
1587,39.675,3.303395554e-01,2.542815672e-01,nan,nan,nan,nan
1588,39.7,3.303264176e-01,2.543218600e-01,nan,nan,nan,nan
1589,39.725,3.302911686e-01,2.543584118e-01,nan,nan,nan,nan
1590,39.75,3.303344662e-01,2.543514869e-01,nan,nan,nan,nan
1591,39.775,3.303392533e-01,2.542927939e-01,nan,nan,nan,nan
1592,39.8,3.303154476e-01,2.543451100e-01,nan,nan,nan,nan
1593,39.825,3.303812297e-01,2.543590427e-01,nan,nan,nan,nan
1594,39.85,3.304058505e-01,2.543428082e-01,nan,nan,nan,nan
1595,39.875,3.303802435e-01,2.544085029e-01,nan,nan,nan,nan
1596,39.9,3.304280452e-01,2.544330693e-01,nan,nan,nan,nan
1597,39.925,3.304686938e-01,2.544083726e-01,nan,nan,nan,nan
1598,39.95,3.304646628e-01,2.544330168e-01,nan,nan,nan,nan
1599,39.975,3.304068179e-01,2.544767642e-01,nan,nan,nan,nan
1600,40,3.304602744e-01,2.544762439e-01,nan,nan,nan,nan
1601,40.025,3.304744653e-01,2.544233819e-01,nan,nan,nan,nan
1602,40.05,3.304403610e-01,2.544608676e-01,nan,nan,nan,nan
1603,40.075,3.305049154e-01,2.544815176e-01,nan,nan,nan,nan
1604,40.1,3.305383616e-01,2.544548962e-01,nan,nan,nan,nan
1605,40.125,3.305207086e-01,2.545222277e-01,nan,nan,nan,nan
1606,40.15,3.305484035e-01,2.545531450e-01,nan,nan,nan,nan
1607,40.175,3.305981674e-01,2.545343936e-01,nan,nan,nan,nan
1608,40.2,3.306024112e-01,2.545441277e-01,nan,nan,nan,nan
1609,40.225,3.305521217e-01,2.545945323e-01,nan,nan,nan,nan
1610,40.25,3.305864898e-01,2.546002802e-01,nan,nan,nan,nan
1611,40.275,3.306092546e-01,2.545535237e-01,nan,nan,nan,nan
1612,40.3,3.305831833e-01,2.545761062e-01,nan,nan,nan,nan
1613,40.325,3.306285957e-01,2.546033342e-01,nan,nan,nan,nan
1614,40.35,3.306702024e-01,2.545831436e-01,nan,nan,nan,nan
1615,40.375,3.306603659e-01,2.546353531e-01,nan,nan,nan,nan
1616,40.4,3.306688237e-01,2.546727231e-01,nan,nan,nan,nan
1617,40.425,3.307270379e-01,2.546603252e-01,nan,nan,nan,nan
1618,40.45,3.307394160e-01,2.546546989e-01,nan,nan,nan,nan
1619,40.475,3.306972279e-01,2.547118608e-01,nan,nan,nan,nan
1620,40.5,3.307121657e-01,2.547242866e-01,nan,nan,nan,nan
1621,40.525,3.307433617e-01,2.546169697e-01,nan,nan,nan,nan
1622,40.55,3.307257162e-01,2.546909609e-01,nan,nan,nan,nan
1623,40.575,3.307516422e-01,2.547251784e-01,nan,nan,nan,nan
1624,40.6,3.308015813e-01,2.546619626e-01,nan,nan,nan,nan
1625,40.625,3.308001294e-01,2.547483473e-01,nan,nan,nan,nan
1626,40.65,3.307886663e-01,2.547926234e-01,nan,nan,nan,nan
1627,40.675,3.308555020e-01,2.546636019e-01,nan,nan,nan,nan
1628,40.7,3.308765858e-01,2.547651911e-01,nan,nan,nan,nan
1629,40.725,3.307570496e-01,2.548295690e-01,nan,nan,nan,nan
1630,40.75,3.308374868e-01,2.546108393e-01,nan,nan,nan,nan
1631,40.775,3.308776896e-01,2.547247498e-01,nan,nan,nan,nan
1632,40.8,3.307730320e-01,2.548062506e-01,nan,nan,nan,nan
1633,40.825,3.308746744e-01,2.546397397e-01,nan,nan,nan,nan
1634,40.85,3.309335742e-01,2.547682438e-01,nan,nan,nan,nan
1635,40.875,3.307951264e-01,2.547244061e-01,nan,nan,nan,nan
1636,40.9,3.309085412e-01,2.546278729e-01,nan,nan,nan,nan
1637,40.925,3.309846349e-01,2.547671462e-01,nan,nan,nan,nan
1638,40.95,3.307515422e-01,2.545857753e-01,nan,nan,nan,nan
1639,40.975,3.308735596e-01,2.545641925e-01,nan,nan,nan,nan
1640,41,3.309635281e-01,2.547114533e-01,nan,nan,nan,nan
1641,41.025,3.307420662e-01,2.543920920e-01,nan,nan,nan,nan
1642,41.05,3.308876684e-01,2.545752061e-01,nan,nan,nan,nan
1643,41.075,3.308721983e-01,2.547391796e-01,nan,nan,nan,nan
1644,41.1,3.307539116e-01,2.543668559e-01,nan,nan,nan,nan
1645,41.125,3.309063887e-01,2.545538726e-01,nan,nan,nan,nan
1646,41.15,3.307125790e-01,2.547243629e-01,nan,nan,nan,nan
1647,41.175,3.307029163e-01,2.542964043e-01,nan,nan,nan,nan
1648,41.2,3.308592454e-01,2.544832116e-01,nan,nan,nan,nan
1649,41.225,3.304865847e-01,2.546575585e-01,nan,nan,nan,nan
1650,41.25,3.306660831e-01,2.542670691e-01,nan,nan,nan,nan
1651,41.275,3.308482613e-01,2.544745960e-01,nan,nan,nan,nan
1652,41.3,3.304728074e-01,2.545403722e-01,nan,nan,nan,nan
1653,41.325,3.306721338e-01,2.542416119e-01,nan,nan,nan,nan
1654,41.35,3.308565455e-01,2.544476509e-01,nan,nan,nan,nan
1655,41.375,3.304236167e-01,2.543743813e-01,nan,nan,nan,nan
1656,41.4,3.306180406e-01,2.541715290e-01,nan,nan,nan,nan
1657,41.425,3.308018293e-01,2.543737463e-01,nan,nan,nan,nan
1658,41.45,3.303275994e-01,2.541611286e-01,nan,nan,nan,nan
1659,41.475,3.305520233e-01,2.541190694e-01,nan,nan,nan,nan
1660,41.5,3.306858467e-01,2.543438184e-01,nan,nan,nan,nan
1661,41.525,3.303383357e-01,2.539021167e-01,nan,nan,nan,nan
1662,41.55,3.305564850e-01,2.540951609e-01,nan,nan,nan,nan
1663,41.575,3.305102895e-01,2.543149113e-01,nan,nan,nan,nan
1664,41.6,3.302939066e-01,2.538192215e-01,nan,nan,nan,nan
1665,41.625,3.305033434e-01,2.540286899e-01,nan,nan,nan,nan
1666,41.65,3.302768021e-01,2.542412799e-01,nan,nan,nan,nan
1667,41.675,3.301956981e-01,2.537234826e-01,nan,nan,nan,nan
1668,41.7,3.304063931e-01,2.539516398e-01,nan,nan,nan,nan
1669,41.725,3.299869754e-01,2.541242797e-01,nan,nan,nan,nan
1670,41.75,3.301818600e-01,2.537084305e-01,nan,nan,nan,nan
1671,41.775,3.304132039e-01,2.539324271e-01,nan,nan,nan,nan
1672,41.8,3.299317303e-01,2.539652152e-01,nan,nan,nan,nan
1673,41.825,3.301456238e-01,2.536615004e-01,nan,nan,nan,nan
1674,41.85,3.303647823e-01,2.538725586e-01,nan,nan,nan,nan
1675,41.875,3.298608292e-01,2.537653360e-01,nan,nan,nan,nan
1676,41.9,3.300576494e-01,2.535766727e-01,nan,nan,nan,nan
1677,41.925,3.302625371e-01,2.537731698e-01,nan,nan,nan,nan
1678,41.95,3.297759758e-01,2.535258326e-01,nan,nan,nan,nan
1679,41.975,3.300086446e-01,2.535335336e-01,nan,nan,nan,nan
1680,42,3.301078139e-01,2.537579191e-01,nan,nan,nan,nan
1681,42.025,3.297690276e-01,2.533028226e-01,nan,nan,nan,nan
1682,42.05,3.299837258e-01,2.534983268e-01,nan,nan,nan,nan
1683,42.075,3.299018920e-01,2.537073800e-01,nan,nan,nan,nan
1684,42.1,3.297137802e-01,2.532496170e-01,nan,nan,nan,nan
1685,42.125,3.299089156e-01,2.534266527e-01,nan,nan,nan,nan
1686,42.15,3.296459811e-01,2.536189535e-01,nan,nan,nan,nan
1687,42.175,3.296111560e-01,2.531618199e-01,nan,nan,nan,nan
1688,42.2,3.298234480e-01,2.533543960e-01,nan,nan,nan,nan
1689,42.225,3.294039301e-01,2.534936020e-01,nan,nan,nan,nan
1690,42.25,3.296007350e-01,2.531451615e-01,nan,nan,nan,nan
1691,42.275,3.298126576e-01,2.533330536e-01,nan,nan,nan,nan
1692,42.3,3.293898014e-01,2.533322216e-01,nan,nan,nan,nan
1693,42.325,3.295633934e-01,2.531085923e-01,nan,nan,nan,nan
1694,42.35,3.297536236e-01,2.532764973e-01,nan,nan,nan,nan
1695,42.375,3.293305351e-01,2.531356411e-01,nan,nan,nan,nan
1696,42.4,3.294799629e-01,2.530383679e-01,nan,nan,nan,nan
1697,42.425,3.296472900e-01,2.531854392e-01,nan,nan,nan,nan
1698,42.45,3.292415087e-01,2.529046207e-01,nan,nan,nan,nan
1699,42.475,3.294302625e-01,2.529904164e-01,nan,nan,nan,nan
1700,42.5,3.294945265e-01,2.531685919e-01,nan,nan,nan,nan
1701,42.525,3.292486061e-01,2.528341861e-01,nan,nan,nan,nan
1702,42.55,3.294127633e-01,2.529718635e-01,nan,nan,nan,nan
1703,42.575,3.292961281e-01,2.531288408e-01,nan,nan,nan,nan
1704,42.6,3.292114369e-01,2.528049997e-01,nan,nan,nan,nan
1705,42.625,3.293502647e-01,2.529204198e-01,nan,nan,nan,nan
1706,42.65,3.290528149e-01,2.530555489e-01,nan,nan,nan,nan
1707,42.675,3.291304515e-01,2.527436393e-01,nan,nan,nan,nan
1708,42.7,3.292605149e-01,2.528406234e-01,nan,nan,nan,nan
1709,42.725,3.289776495e-01,2.529492458e-01,nan,nan,nan,nan
1710,42.75,3.291113366e-01,2.527163573e-01,nan,nan,nan,nan
1711,42.775,3.292644849e-01,2.528412022e-01,nan,nan,nan,nan
1712,42.8,3.289899846e-01,2.528103948e-01,nan,nan,nan,nan
1713,42.825,3.290973718e-01,2.527073178e-01,nan,nan,nan,nan
1714,42.85,3.292243511e-01,2.528094881e-01,nan,nan,nan,nan
1715,42.875,3.289592484e-01,2.526393934e-01,nan,nan,nan,nan
1716,42.9,3.290401584e-01,2.526664244e-01,nan,nan,nan,nan
1717,42.925,3.291405803e-01,2.527457760e-01,nan,nan,nan,nan
1718,42.95,3.288855900e-01,2.525870878e-01,nan,nan,nan,nan
1719,42.975,3.289796464e-01,2.526064264e-01,nan,nan,nan,nan
1720,43,3.290135696e-01,2.527179754e-01,nan,nan,nan,nan
1721,43.025,3.288948329e-01,2.525706259e-01,nan,nan,nan,nan
1722,43.05,3.289897154e-01,2.526179784e-01,nan,nan,nan,nan
1723,43.075,3.289060919e-01,2.527066918e-01,nan,nan,nan,nan
1724,43.1,3.288885734e-01,2.526130157e-01,nan,nan,nan,nan
1725,43.125,3.289569323e-01,2.525978541e-01,nan,nan,nan,nan
1726,43.15,3.289176582e-01,2.526653121e-01,nan,nan,nan,nan
1727,43.175,3.288680603e-01,2.526197251e-01,nan,nan,nan,nan
1728,43.2,3.288814566e-01,2.525712568e-01,nan,nan,nan,nan
1729,43.225,3.288820281e-01,2.526479733e-01,nan,nan,nan,nan
1730,43.25,3.288286931e-01,2.525904706e-01,nan,nan,nan,nan
1731,43.275,3.289445109e-01,2.525525853e-01,nan,nan,nan,nan
1732,43.3,3.289190921e-01,2.526607427e-01,nan,nan,nan,nan
1733,43.325,3.288888605e-01,2.526302751e-01,nan,nan,nan,nan
1734,43.35,3.289889462e-01,2.525963375e-01,nan,nan,nan,nan
1735,43.375,3.289485453e-01,2.526932962e-01,nan,nan,nan,nan
1736,43.4,3.289022767e-01,2.526511867e-01,nan,nan,nan,nan
1737,43.425,3.289852613e-01,2.526045633e-01,nan,nan,nan,nan
1738,43.45,3.289303790e-01,2.526889597e-01,nan,nan,nan,nan
1739,43.475,3.288686437e-01,2.526357103e-01,nan,nan,nan,nan
1740,43.5,3.289491715e-01,2.526924592e-01,nan,nan,nan,nan
1741,43.525,3.289291382e-01,2.526725625e-01,nan,nan,nan,nan
1742,43.55,3.289026758e-01,2.526460017e-01,nan,nan,nan,nan
1743,43.575,3.290100941e-01,2.527479106e-01,nan,nan,nan,nan
1744,43.6,3.289758356e-01,2.527179164e-01,nan,nan,nan,nan
1745,43.625,3.289341989e-01,2.526804718e-01,nan,nan,nan,nan
1746,43.65,3.290225418e-01,2.527657402e-01,nan,nan,nan,nan
1747,43.675,3.289745087e-01,2.527260210e-01,nan,nan,nan,nan
1748,43.7,3.289530064e-01,2.526781470e-01,nan,nan,nan,nan
1749,43.725,3.289863039e-01,2.527457724e-01,nan,nan,nan,nan
1750,43.75,3.289352381e-01,2.526966620e-01,nan,nan,nan,nan
1751,43.775,3.290427654e-01,2.526591878e-01,nan,nan,nan,nan
1752,43.8,3.290255927e-01,2.527615138e-01,nan,nan,nan,nan
1753,43.825,3.289985637e-01,2.527383217e-01,nan,nan,nan,nan
1754,43.85,3.290834290e-01,2.527065985e-01,nan,nan,nan,nan
1755,43.875,3.290536637e-01,2.527907632e-01,nan,nan,nan,nan
1756,43.9,3.290134871e-01,2.527583518e-01,nan,nan,nan,nan
1757,43.925,3.290748531e-01,2.527168338e-01,nan,nan,nan,nan
1758,43.95,3.290327534e-01,2.527819752e-01,nan,nan,nan,nan
1759,43.975,3.289797816e-01,2.527406161e-01,nan,nan,nan,nan
1760,44,3.290428194e-01,2.527749642e-01,nan,nan,nan,nan
1761,44.025,3.290346720e-01,2.527693254e-01,nan,nan,nan,nan
1762,44.05,3.290157980e-01,2.527537149e-01,nan,nan,nan,nan
1763,44.075,3.290982564e-01,2.528238048e-01,nan,nan,nan,nan
1764,44.1,3.290779134e-01,2.528096248e-01,nan,nan,nan,nan
1765,44.125,3.290464294e-01,2.527852099e-01,nan,nan,nan,nan
1766,44.15,3.291042689e-01,2.528342957e-01,nan,nan,nan,nan
1767,44.175,3.290719208e-01,2.528116912e-01,nan,nan,nan,nan
1768,44.2,3.290281132e-01,2.527786784e-01,nan,nan,nan,nan
1769,44.225,3.290607702e-01,2.528063838e-01,nan,nan,nan,nan
1770,44.25,3.290366258e-01,2.527754304e-01,nan,nan,nan,nan
1771,44.275,3.291037714e-01,2.527633664e-01,nan,nan,nan,nan
1772,44.3,3.291050447e-01,2.528272000e-01,nan,nan,nan,nan
1773,44.325,3.290946480e-01,2.528218287e-01,nan,nan,nan,nan
1774,44.35,3.291358993e-01,2.528059272e-01,nan,nan,nan,nan
1775,44.375,3.291254014e-01,2.528481640e-01,nan,nan,nan,nan
1776,44.4,3.291032303e-01,2.528344917e-01,nan,nan,nan,nan
1777,44.425,3.291184159e-01,2.528102461e-01,nan,nan,nan,nan
1778,44.45,3.290961393e-01,2.528306684e-01,nan,nan,nan,nan
1779,44.475,3.290622724e-01,2.528087081e-01,nan,nan,nan,nan
1780,44.5,3.290918097e-01,2.528094855e-01,nan,nan,nan,nan
1781,44.525,3.291034203e-01,2.528233153e-01,nan,nan,nan,nan
1782,44.55,3.291033053e-01,2.528269640e-01,nan,nan,nan,nan
1783,44.575,3.291381033e-01,2.528493153e-01,nan,nan,nan,nan
1784,44.6,3.291379475e-01,2.528546545e-01,nan,nan,nan,nan
1785,44.625,3.291261907e-01,2.528500351e-01,nan,nan,nan,nan
1786,44.65,3.291347866e-01,2.528507887e-01,nan,nan,nan,nan
1787,44.675,3.291227965e-01,2.528475215e-01,nan,nan,nan,nan
1788,44.7,3.290994100e-01,2.528345873e-01,nan,nan,nan,nan
1789,44.725,3.290818952e-01,2.528139624e-01,nan,nan,nan,nan
1790,44.75,3.290930941e-01,2.528119949e-01,nan,nan,nan,nan
1791,44.775,3.291109567e-01,2.528247086e-01,nan,nan,nan,nan
1792,44.8,3.291315497e-01,2.528397138e-01,nan,nan,nan,nan
1793,44.825,3.291416890e-01,2.528536766e-01,nan,nan,nan,nan
1794,44.85,3.291404036e-01,2.528580687e-01,nan,nan,nan,nan
1795,44.875,3.291424261e-01,2.528519459e-01,nan,nan,nan,nan
1796,44.9,3.291405932e-01,2.528569159e-01,nan,nan,nan,nan
1797,44.925,3.291276510e-01,2.528528839e-01,nan,nan,nan,nan
1798,44.95,3.291037949e-01,2.528386075e-01,nan,nan,nan,nan
1799,44.975,3.290898342e-01,2.528217638e-01,nan,nan,nan,nan
1800,45,3.290946035e-01,2.528148323e-01,nan,nan,nan,nan
1801,45.025,3.291162686e-01,2.528259109e-01,nan,nan,nan,nan
1802,45.05,3.291364919e-01,2.528452185e-01,nan,nan,nan,nan
1803,45.075,3.291455712e-01,2.528584303e-01,nan,nan,nan,nan
1804,45.1,3.291423302e-01,2.528613572e-01,nan,nan,nan,nan
1805,45.125,3.291494620e-01,2.528588990e-01,nan,nan,nan,nan
1806,45.15,3.291467699e-01,2.528635016e-01,nan,nan,nan,nan
1807,45.175,3.291320489e-01,2.528581883e-01,nan,nan,nan,nan
1808,45.2,3.291128263e-01,2.528418597e-01,nan,nan,nan,nan
1809,45.225,3.290982186e-01,2.528300905e-01,nan,nan,nan,nan
1810,45.25,3.290952041e-01,2.528172614e-01,nan,nan,nan,nan
1811,45.275,3.291223066e-01,2.528293419e-01,nan,nan,nan,nan
1812,45.3,3.291415032e-01,2.528510498e-01,nan,nan,nan,nan
1813,45.325,3.291486177e-01,2.528628454e-01,nan,nan,nan,nan
1814,45.35,3.291494159e-01,2.528636349e-01,nan,nan,nan,nan
1815,45.375,3.291566457e-01,2.528664327e-01,nan,nan,nan,nan
1816,45.4,3.291521868e-01,2.528698203e-01,nan,nan,nan,nan
1817,45.425,3.291349991e-01,2.528625469e-01,nan,nan,nan,nan
1818,45.45,3.291220852e-01,2.528438161e-01,nan,nan,nan,nan
1819,45.475,3.291059214e-01,2.528382232e-01,nan,nan,nan,nan
1820,45.5,3.290991688e-01,2.528227772e-01,nan,nan,nan,nan
1821,45.525,3.291281213e-01,2.528359501e-01,nan,nan,nan,nan
1822,45.55,3.291454365e-01,2.528563296e-01,nan,nan,nan,nan
1823,45.575,3.291501624e-01,2.528661623e-01,nan,nan,nan,nan
1824,45.6,3.291572656e-01,2.528647052e-01,nan,nan,nan,nan
1825,45.625,3.291628274e-01,2.528734875e-01,nan,nan,nan,nan
1826,45.65,3.291561654e-01,2.528751058e-01,nan,nan,nan,nan
1827,45.675,3.291367953e-01,2.528657513e-01,nan,nan,nan,nan
1828,45.7,3.291304195e-01,2.528521482e-01,nan,nan,nan,nan
1829,45.725,3.291122519e-01,2.528453895e-01,nan,nan,nan,nan
1830,45.75,3.291054607e-01,2.528280422e-01,nan,nan,nan,nan
1831,45.775,3.291327330e-01,2.528418415e-01,nan,nan,nan,nan
1832,45.8,3.291480457e-01,2.528605430e-01,nan,nan,nan,nan
1833,45.825,3.291508235e-01,2.528685328e-01,nan,nan,nan,nan
1834,45.85,3.291639855e-01,2.528692818e-01,nan,nan,nan,nan
1835,45.875,3.291677469e-01,2.528795394e-01,nan,nan,nan,nan
1836,45.9,3.291593113e-01,2.528794988e-01,nan,nan,nan,nan
1837,45.925,3.291455189e-01,2.528685033e-01,nan,nan,nan,nan
1838,45.95,3.291375550e-01,2.528599415e-01,nan,nan,nan,nan
1839,45.975,3.291178032e-01,2.528517191e-01,nan,nan,nan,nan
1840,46,3.291105763e-01,2.528329038e-01,nan,nan,nan,nan
1841,46.025,3.291363508e-01,2.528468256e-01,nan,nan,nan,nan
1842,46.05,3.291502601e-01,2.528641615e-01,nan,nan,nan,nan
1843,46.075,3.291557939e-01,2.528707860e-01,nan,nan,nan,nan
1844,46.1,3.291697713e-01,2.528759597e-01,nan,nan,nan,nan
1845,46.125,3.291723253e-01,2.528850506e-01,nan,nan,nan,nan
1846,46.15,3.291514121e-01,2.528838253e-01,nan,nan,nan,nan
1847,46.175,3.291533689e-01,2.528666050e-01,nan,nan,nan,nan
1848,46.2,3.291444050e-01,2.528672495e-01,nan,nan,nan,nan
1849,46.225,3.290975398e-01,2.528580353e-01,nan,nan,nan,nan
1850,46.25,3.291151411e-01,2.528251597e-01,nan,nan,nan,nan
1851,46.275,3.291400589e-01,2.528516118e-01,nan,nan,nan,nan
1852,46.3,3.291384903e-01,2.528381132e-01,nan,nan,nan,nan
1853,46.325,3.291623702e-01,2.528645747e-01,nan,nan,nan,nan
1854,46.35,3.291757047e-01,2.528824949e-01,nan,nan,nan,nan
1855,46.375,3.291483897e-01,2.528485610e-01,nan,nan,nan,nan
1856,46.4,3.291598888e-01,2.528656417e-01,nan,nan,nan,nan
1857,46.425,3.291614245e-01,2.528747853e-01,nan,nan,nan,nan
1858,46.45,3.291089705e-01,2.528210758e-01,nan,nan,nan,nan
1859,46.475,3.291078022e-01,2.528284791e-01,nan,nan,nan,nan
1860,46.5,3.290972953e-01,2.528309933e-01,nan,nan,nan,nan
1861,46.525,3.291123998e-01,2.528117926e-01,nan,nan,nan,nan
1862,46.55,3.291457621e-01,2.528456724e-01,nan,nan,nan,nan
1863,46.575,3.291084905e-01,2.528720031e-01,nan,nan,nan,nan
1864,46.6,3.291368226e-01,2.528333161e-01,nan,nan,nan,nan
1865,46.625,3.291573909e-01,2.528573866e-01,nan,nan,nan,nan
1866,46.65,3.290975961e-01,2.528745558e-01,nan,nan,nan,nan
1867,46.675,3.291121245e-01,2.528171119e-01,nan,nan,nan,nan
1868,46.7,3.291195835e-01,2.528310569e-01,nan,nan,nan,nan
1869,46.725,3.290380675e-01,2.528387674e-01,nan,nan,nan,nan
1870,46.75,3.290779162e-01,2.527788527e-01,nan,nan,nan,nan
1871,46.775,3.291202362e-01,2.528196044e-01,nan,nan,nan,nan
1872,46.8,3.290814656e-01,2.527766013e-01,nan,nan,nan,nan
1873,46.825,3.291171421e-01,2.528117441e-01,nan,nan,nan,nan
1874,46.85,3.291462144e-01,2.528422302e-01,nan,nan,nan,nan
1875,46.875,3.290860771e-01,2.527832368e-01,nan,nan,nan,nan
1876,46.9,3.291074649e-01,2.528071260e-01,nan,nan,nan,nan
1877,46.925,3.291229537e-01,2.528270190e-01,nan,nan,nan,nan
1878,46.95,3.290422817e-01,2.527528316e-01,nan,nan,nan,nan
1879,46.975,3.290490444e-01,2.527651532e-01,nan,nan,nan,nan
1880,47,3.290506090e-01,2.527867692e-01,nan,nan,nan,nan
1881,47.025,3.290474060e-01,2.527444636e-01,nan,nan,nan,nan
1882,47.05,3.290898193e-01,2.527843235e-01,nan,nan,nan,nan
1883,47.075,3.290365196e-01,2.528206021e-01,nan,nan,nan,nan
1884,47.1,3.290678503e-01,2.527634605e-01,nan,nan,nan,nan
1885,47.125,3.290954861e-01,2.527916104e-01,nan,nan,nan,nan
1886,47.15,3.290245136e-01,2.528168206e-01,nan,nan,nan,nan
1887,47.175,3.290401171e-01,2.527456301e-01,nan,nan,nan,nan
1888,47.2,3.290526434e-01,2.527617671e-01,nan,nan,nan,nan
1889,47.225,3.289647740e-01,2.527755830e-01,nan,nan,nan,nan
1890,47.25,3.290068354e-01,2.527075615e-01,nan,nan,nan,nan
1891,47.275,3.290553454e-01,2.527515475e-01,nan,nan,nan,nan
1892,47.3,3.290075474e-01,2.527063101e-01,nan,nan,nan,nan
1893,47.325,3.290434422e-01,2.527392270e-01,nan,nan,nan,nan
1894,47.35,3.290766937e-01,2.527710636e-01,nan,nan,nan,nan
1895,47.375,3.290123503e-01,2.527142738e-01,nan,nan,nan,nan
1896,47.4,3.290320971e-01,2.527342704e-01,nan,nan,nan,nan
1897,47.425,3.290497704e-01,2.527536724e-01,nan,nan,nan,nan
1898,47.45,3.289696114e-01,2.526859670e-01,nan,nan,nan,nan
1899,47.475,3.289729483e-01,2.526928222e-01,nan,nan,nan,nan
1900,47.5,3.289747397e-01,2.527139068e-01,nan,nan,nan,nan
1901,47.525,3.289734287e-01,2.526757925e-01,nan,nan,nan,nan
1902,47.55,3.290133680e-01,2.527110109e-01,nan,nan,nan,nan
1903,47.575,3.289712594e-01,2.527459739e-01,nan,nan,nan,nan
1904,47.6,3.289953194e-01,2.526972370e-01,nan,nan,nan,nan
1905,47.625,3.290187267e-01,2.527192107e-01,nan,nan,nan,nan
1906,47.65,3.289628894e-01,2.527413499e-01,nan,nan,nan,nan
1907,47.675,3.289698427e-01,2.526825573e-01,nan,nan,nan,nan
1908,47.7,3.289764862e-01,2.526910973e-01,nan,nan,nan,nan
1909,47.725,3.289133760e-01,2.527001731e-01,nan,nan,nan,nan
1910,47.75,3.289346230e-01,2.526421411e-01,nan,nan,nan,nan
1911,47.775,3.289781141e-01,2.526792575e-01,nan,nan,nan,nan
1912,47.8,3.289576723e-01,2.526815237e-01,nan,nan,nan,nan
1913,47.825,3.289738548e-01,2.526772788e-01,nan,nan,nan,nan
1914,47.85,3.290004748e-01,2.527008736e-01,nan,nan,nan,nan
1915,47.875,3.289751021e-01,2.527024109e-01,nan,nan,nan,nan
1916,47.9,3.289658732e-01,2.526855594e-01,nan,nan,nan,nan
1917,47.925,3.289768623e-01,2.526863359e-01,nan,nan,nan,nan
1918,47.95,3.289449283e-01,2.526867016e-01,nan,nan,nan,nan
1919,47.975,3.289107652e-01,2.526575939e-01,nan,nan,nan,nan
1920,48,3.289465714e-01,2.526748967e-01,nan,nan,nan,nan
1921,48.025,3.289505708e-01,2.526763193e-01,nan,nan,nan,nan
1922,48.05,3.289513133e-01,2.526749389e-01,nan,nan,nan,nan
1923,48.075,3.289966305e-01,2.527206367e-01,nan,nan,nan,nan
1924,48.1,3.289850654e-01,2.527102790e-01,nan,nan,nan,nan
1925,48.125,3.289698243e-01,2.526967167e-01,nan,nan,nan,nan
1926,48.15,3.289987721e-01,2.527294788e-01,nan,nan,nan,nan
1927,48.175,3.289718352e-01,2.527075223e-01,nan,nan,nan,nan
1928,48.2,3.289408049e-01,2.526819671e-01,nan,nan,nan,nan
1929,48.225,3.289529089e-01,2.527013405e-01,nan,nan,nan,nan
1930,48.25,3.289389212e-01,2.526679639e-01,nan,nan,nan,nan
1931,48.275,3.289981283e-01,2.526695728e-01,nan,nan,nan,nan
1932,48.3,3.289967615e-01,2.527205978e-01,nan,nan,nan,nan
1933,48.325,3.289903116e-01,2.527144487e-01,nan,nan,nan,nan
1934,48.35,3.290314982e-01,2.527045217e-01,nan,nan,nan,nan
1935,48.375,3.290154039e-01,2.527419725e-01,nan,nan,nan,nan
1936,48.4,3.289938516e-01,2.527244745e-01,nan,nan,nan,nan
1937,48.425,3.290165763e-01,2.527028213e-01,nan,nan,nan,nan
1938,48.45,3.289859191e-01,2.527262547e-01,nan,nan,nan,nan
1939,48.475,3.289494510e-01,2.526975765e-01,nan,nan,nan,nan
1940,48.5,3.289869092e-01,2.527128537e-01,nan,nan,nan,nan
1941,48.525,3.289915583e-01,2.527162575e-01,nan,nan,nan,nan
1942,48.55,3.289905708e-01,2.527146757e-01,nan,nan,nan,nan
1943,48.575,3.290363757e-01,2.527574140e-01,nan,nan,nan,nan
1944,48.6,3.290265297e-01,2.527500059e-01,nan,nan,nan,nan
1945,48.625,3.290107034e-01,2.527373136e-01,nan,nan,nan,nan
1946,48.65,3.290374494e-01,2.527646514e-01,nan,nan,nan,nan
1947,48.675,3.290132570e-01,2.527465570e-01,nan,nan,nan,nan
1948,48.7,3.289827675e-01,2.527229094e-01,nan,nan,nan,nan
1949,48.725,3.289900672e-01,2.527345127e-01,nan,nan,nan,nan
1950,48.75,3.289807717e-01,2.527074017e-01,nan,nan,nan,nan
1951,48.775,3.290315586e-01,2.527106991e-01,nan,nan,nan,nan
1952,48.8,3.290351876e-01,2.527552813e-01,nan,nan,nan,nan
1953,48.825,3.290319066e-01,2.527533740e-01,nan,nan,nan,nan
1954,48.85,3.290624440e-01,2.527457828e-01,nan,nan,nan,nan
1955,48.875,3.290521220e-01,2.527744883e-01,nan,nan,nan,nan
1956,48.9,3.290346885e-01,2.527620540e-01,nan,nan,nan,nan
1957,48.925,3.290447116e-01,2.527437123e-01,nan,nan,nan,nan
1958,48.95,3.290205172e-01,2.527562526e-01,nan,nan,nan,nan
1959,48.975,3.289890477e-01,2.527333820e-01,nan,nan,nan,nan
1960,49,3.290170039e-01,2.527379541e-01,nan,nan,nan,nan
1961,49.025,3.290277550e-01,2.527480441e-01,nan,nan,nan,nan
1962,49.05,3.290312835e-01,2.527518718e-01,nan,nan,nan,nan
1963,49.075,3.290635181e-01,2.527793351e-01,nan,nan,nan,nan
1964,49.1,3.290604315e-01,2.527791242e-01,nan,nan,nan,nan
1965,49.125,3.290499747e-01,2.527725553e-01,nan,nan,nan,nan
1966,49.15,3.290613708e-01,2.527831929e-01,nan,nan,nan,nan
1967,49.175,3.290445002e-01,2.527727096e-01,nan,nan,nan,nan
1968,49.2,3.290201511e-01,2.527558113e-01,nan,nan,nan,nan
1969,49.225,3.290105443e-01,2.527495198e-01,nan,nan,nan,nan
1970,49.25,3.290139009e-01,2.527355738e-01,nan,nan,nan,nan
1971,49.275,3.290461255e-01,2.527452990e-01,nan,nan,nan,nan
1972,49.3,3.290579321e-01,2.527725600e-01,nan,nan,nan,nan
1973,49.325,3.290622200e-01,2.527784502e-01,nan,nan,nan,nan
1974,49.35,3.290732701e-01,2.527778781e-01,nan,nan,nan,nan
1975,49.375,3.290713196e-01,2.527881582e-01,nan,nan,nan,nan
1976,49.4,3.290618783e-01,2.527837959e-01,nan,nan,nan,nan
1977,49.425,3.290517442e-01,2.527729687e-01,nan,nan,nan,nan
1978,49.45,3.290360100e-01,2.527662236e-01,nan,nan,nan,nan
1979,49.475,3.290128509e-01,2.527515969e-01,nan,nan,nan,nan
1980,49.5,3.290263998e-01,2.527420524e-01,nan,nan,nan,nan
1981,49.525,3.290456244e-01,2.527603395e-01,nan,nan,nan,nan
1982,49.55,3.290573377e-01,2.527723706e-01,nan,nan,nan,nan
1983,49.575,3.290690850e-01,2.527797704e-01,nan,nan,nan,nan
1984,49.6,3.290745189e-01,2.527876717e-01,nan,nan,nan,nan
1985,49.625,3.290725237e-01,2.527894375e-01,nan,nan,nan,nan
1986,49.65,3.290631227e-01,2.527847062e-01,nan,nan,nan,nan
1987,49.675,3.290547153e-01,2.527774849e-01,nan,nan,nan,nan
1988,49.7,3.290389972e-01,2.527689495e-01,nan,nan,nan,nan
1989,49.725,3.290154661e-01,2.527540044e-01,nan,nan,nan,nan
1990,49.75,3.290265439e-01,2.527426708e-01,nan,nan,nan,nan
1991,49.775,3.290456499e-01,2.527608050e-01,nan,nan,nan,nan
1992,49.8,3.290581873e-01,2.527723352e-01,nan,nan,nan,nan
1993,49.825,3.290709405e-01,2.527817521e-01,nan,nan,nan,nan
1994,49.85,3.290763247e-01,2.527895764e-01,nan,nan,nan,nan
1995,49.875,3.290737150e-01,2.527908988e-01,nan,nan,nan,nan
1996,49.9,3.290666548e-01,2.527852163e-01,nan,nan,nan,nan
1997,49.925,3.290582774e-01,2.527807991e-01,nan,nan,nan,nan
1998,49.95,3.290420045e-01,2.527718892e-01,nan,nan,nan,nan
1999,49.975,3.290172823e-01,2.527560382e-01,nan,nan,nan,nan
2000,50,3.290270451e-01,2.527436926e-01,nan,nan,nan,nan
2001,50.025,3.290452680e-01,2.527612062e-01,nan,nan,nan,nan
2002,50.05,3.290605685e-01,2.527715925e-01,nan,nan,nan,nan
2003,50.075,3.290731928e-01,2.527841740e-01,nan,nan,nan,nan
2004,50.1,3.290777590e-01,2.527914523e-01,nan,nan,nan,nan
2005,50.125,3.290737620e-01,2.527916804e-01,nan,nan,nan,nan
2006,50.15,3.290706263e-01,2.527871290e-01,nan,nan,nan,nan
2007,50.175,3.290615078e-01,2.527841235e-01,nan,nan,nan,nan
2008,50.2,3.290438953e-01,2.527741810e-01,nan,nan,nan,nan
2009,50.225,3.290193642e-01,2.527569429e-01,nan,nan,nan,nan
2010,50.25,3.290267776e-01,2.527443876e-01,nan,nan,nan,nan
2011,50.275,3.290435164e-01,2.527606692e-01,nan,nan,nan,nan
2012,50.3,3.290630717e-01,2.527732156e-01,nan,nan,nan,nan
2013,50.325,3.290747169e-01,2.527863103e-01,nan,nan,nan,nan
2014,50.35,3.290778490e-01,2.527924214e-01,nan,nan,nan,nan
2015,50.375,3.290760098e-01,2.527912740e-01,nan,nan,nan,nan
2016,50.4,3.290739136e-01,2.527906729e-01,nan,nan,nan,nan
2017,50.425,3.290634238e-01,2.527865760e-01,nan,nan,nan,nan
2018,50.45,3.290444131e-01,2.527753052e-01,nan,nan,nan,nan
2019,50.475,3.290243808e-01,2.527574971e-01,nan,nan,nan,nan
2020,50.5,3.290250971e-01,2.527440096e-01,nan,nan,nan,nan
2021,50.525,3.290459446e-01,2.527590183e-01,nan,nan,nan,nan
2022,50.55,3.290645557e-01,2.527754592e-01,nan,nan,nan,nan
2023,50.575,3.290748545e-01,2.527874068e-01,nan,nan,nan,nan
2024,50.6,3.290768066e-01,2.527922948e-01,nan,nan,nan,nan
2025,50.625,3.290792117e-01,2.527915453e-01,nan,nan,nan,nan
2026,50.65,3.290758449e-01,2.527932135e-01,nan,nan,nan,nan
2027,50.675,3.290642210e-01,2.527879551e-01,nan,nan,nan,nan
2028,50.7,3.290451645e-01,2.527757300e-01,nan,nan,nan,nan
2029,50.725,3.290280753e-01,2.527614462e-01,nan,nan,nan,nan
2030,50.75,3.290226443e-01,2.527460001e-01,nan,nan,nan,nan
2031,50.775,3.290472965e-01,2.527589314e-01,nan,nan,nan,nan
2032,50.8,3.290647806e-01,2.527766515e-01,nan,nan,nan,nan
2033,50.825,3.290742325e-01,2.527876217e-01,nan,nan,nan,nan
2034,50.85,3.290774454e-01,2.527917901e-01,nan,nan,nan,nan
2035,50.875,3.290811849e-01,2.527941308e-01,nan,nan,nan,nan
2036,50.9,3.290770333e-01,2.527948966e-01,nan,nan,nan,nan
2037,50.925,3.290649941e-01,2.527889702e-01,nan,nan,nan,nan
2038,50.95,3.290488480e-01,2.527740693e-01,nan,nan,nan,nan
2039,50.975,3.290310473e-01,2.527645652e-01,nan,nan,nan,nan
2040,51,3.290230118e-01,2.527485141e-01,nan,nan,nan,nan
2041,51.025,3.290476716e-01,2.527602140e-01,nan,nan,nan,nan
2042,51.05,3.290646830e-01,2.527772686e-01,nan,nan,nan,nan
2043,51.075,3.290687081e-01,2.527877913e-01,nan,nan,nan,nan
2044,51.1,3.290795118e-01,2.527894082e-01,nan,nan,nan,nan
2045,51.125,3.290828565e-01,2.527961675e-01,nan,nan,nan,nan
2046,51.15,3.290658009e-01,2.527965546e-01,nan,nan,nan,nan
2047,51.175,3.290626467e-01,2.527811099e-01,nan,nan,nan,nan
2048,51.2,3.290522540e-01,2.527774863e-01,nan,nan,nan,nan
2049,51.225,3.290143408e-01,2.527676825e-01,nan,nan,nan,nan
2050,51.25,3.290236049e-01,2.527381896e-01,nan,nan,nan,nan
2051,51.275,3.290481598e-01,2.527612763e-01,nan,nan,nan,nan
2052,51.3,3.290531368e-01,2.527608398e-01,nan,nan,nan,nan
2053,51.325,3.290709260e-01,2.527791613e-01,nan,nan,nan,nan
2054,51.35,3.290817176e-01,2.527918320e-01,nan,nan,nan,nan
2055,51.375,3.290659216e-01,2.527751801e-01,nan,nan,nan,nan
2056,51.4,3.290695939e-01,2.527827026e-01,nan,nan,nan,nan
2057,51.425,3.290665284e-01,2.527848500e-01,nan,nan,nan,nan
2058,51.45,3.290302294e-01,2.527522764e-01,nan,nan,nan,nan
2059,51.475,3.290196560e-01,2.527488653e-01,nan,nan,nan,nan
2060,51.5,3.290026275e-01,2.527403722e-01,nan,nan,nan,nan
2061,51.525,3.290309019e-01,2.527399433e-01,nan,nan,nan,nan
2062,51.55,3.290555505e-01,2.527635327e-01,nan,nan,nan,nan
2063,51.575,3.290433447e-01,2.527819744e-01,nan,nan,nan,nan
2064,51.6,3.290594817e-01,2.527664051e-01,nan,nan,nan,nan
2065,51.625,3.290698326e-01,2.527790069e-01,nan,nan,nan,nan
2066,51.65,3.290382987e-01,2.527867615e-01,nan,nan,nan,nan
2067,51.675,3.290396702e-01,2.527557117e-01,nan,nan,nan,nan
2068,51.7,3.290355813e-01,2.527571817e-01,nan,nan,nan,nan
2069,51.725,3.289850821e-01,2.527541172e-01,nan,nan,nan,nan
2070,51.75,3.290021959e-01,2.527140161e-01,nan,nan,nan,nan
2071,51.775,3.290335214e-01,2.527426823e-01,nan,nan,nan,nan
2072,51.8,3.290246807e-01,2.527314266e-01,nan,nan,nan,nan
2073,51.825,3.290466867e-01,2.527527197e-01,nan,nan,nan,nan
2074,51.85,3.290635170e-01,2.527701975e-01,nan,nan,nan,nan
2075,51.875,3.290358544e-01,2.527447257e-01,nan,nan,nan,nan
2076,51.9,3.290428798e-01,2.527543619e-01,nan,nan,nan,nan
2077,51.925,3.290450630e-01,2.527605011e-01,nan,nan,nan,nan
2078,51.95,3.289989535e-01,2.527211754e-01,nan,nan,nan,nan
2079,51.975,3.289908451e-01,2.527190102e-01,nan,nan,nan,nan
2080,52,3.289782280e-01,2.527167794e-01,nan,nan,nan,nan
2081,52.025,3.290000815e-01,2.527089672e-01,nan,nan,nan,nan
2082,52.05,3.290277496e-01,2.527343370e-01,nan,nan,nan,nan
2083,52.075,3.290112985e-01,2.527564556e-01,nan,nan,nan,nan
2084,52.1,3.290276077e-01,2.527349357e-01,nan,nan,nan,nan
2085,52.125,3.290400791e-01,2.527484449e-01,nan,nan,nan,nan
2086,52.15,3.290064878e-01,2.527590144e-01,nan,nan,nan,nan
2087,52.175,3.290071553e-01,2.527241446e-01,nan,nan,nan,nan
2088,52.2,3.290042791e-01,2.527256539e-01,nan,nan,nan,nan
2089,52.225,3.289538948e-01,2.527245246e-01,nan,nan,nan,nan
2090,52.25,3.289697838e-01,2.526822381e-01,nan,nan,nan,nan
2091,52.275,3.290028799e-01,2.527114705e-01,nan,nan,nan,nan
2092,52.3,3.289928366e-01,2.527017600e-01,nan,nan,nan,nan
2093,52.325,3.290137946e-01,2.527209994e-01,nan,nan,nan,nan
2094,52.35,3.290314826e-01,2.527381757e-01,nan,nan,nan,nan
2095,52.375,3.290047878e-01,2.527162683e-01,nan,nan,nan,nan
2096,52.4,3.290099210e-01,2.527230871e-01,nan,nan,nan,nan
2097,52.425,3.290120554e-01,2.527280762e-01,nan,nan,nan,nan
2098,52.45,3.289690328e-01,2.526946766e-01,nan,nan,nan,nan
2099,52.475,3.289582261e-01,2.526885561e-01,nan,nan,nan,nan
2100,52.5,3.289545896e-01,2.526843246e-01,nan,nan,nan,nan
2101,52.525,3.289691973e-01,2.526863090e-01,nan,nan,nan,nan
2102,52.55,3.289946394e-01,2.527031239e-01,nan,nan,nan,nan
2103,52.575,3.290011564e-01,2.527237573e-01,nan,nan,nan,nan
2104,52.6,3.289980168e-01,2.527167511e-01,nan,nan,nan,nan
2105,52.625,3.290074694e-01,2.527182019e-01,nan,nan,nan,nan
2106,52.65,3.289998784e-01,2.527264763e-01,nan,nan,nan,nan
2107,52.675,3.289803996e-01,2.527105238e-01,nan,nan,nan,nan
2108,52.7,3.289725607e-01,2.526967333e-01,nan,nan,nan,nan
2109,52.725,3.289507094e-01,2.526946901e-01,nan,nan,nan,nan
2110,52.75,3.289495975e-01,2.526725232e-01,nan,nan,nan,nan
2111,52.775,3.289913511e-01,2.526823132e-01,nan,nan,nan,nan
2112,52.8,3.289963201e-01,2.527154623e-01,nan,nan,nan,nan
2113,52.825,3.289972844e-01,2.527159063e-01,nan,nan,nan,nan
2114,52.85,3.290219323e-01,2.527135521e-01,nan,nan,nan,nan
2115,52.875,3.290116770e-01,2.527339197e-01,nan,nan,nan,nan
2116,52.9,3.289971710e-01,2.527225602e-01,nan,nan,nan,nan
2117,52.925,3.290044484e-01,2.527081641e-01,nan,nan,nan,nan
2118,52.95,3.289790767e-01,2.527154933e-01,nan,nan,nan,nan
2119,52.975,3.289492111e-01,2.526924376e-01,nan,nan,nan,nan
2120,53,3.289759783e-01,2.526987698e-01,nan,nan,nan,nan
2121,53.025,3.289862989e-01,2.527068095e-01,nan,nan,nan,nan
2122,53.05,3.289922552e-01,2.527112178e-01,nan,nan,nan,nan
2123,53.075,3.290229592e-01,2.527413074e-01,nan,nan,nan,nan
2124,53.1,3.290182019e-01,2.527379173e-01,nan,nan,nan,nan
2125,53.125,3.290088390e-01,2.527306682e-01,nan,nan,nan,nan
2126,53.15,3.290218122e-01,2.527468023e-01,nan,nan,nan,nan
2127,53.175,3.290020810e-01,2.527320776e-01,nan,nan,nan,nan
2128,53.2,3.289775100e-01,2.527132765e-01,nan,nan,nan,nan
2129,53.225,3.289724936e-01,2.527152143e-01,nan,nan,nan,nan
2130,53.25,3.289709662e-01,2.526940047e-01,nan,nan,nan,nan
2131,53.275,3.290120654e-01,2.527025505e-01,nan,nan,nan,nan
2132,53.3,3.290183805e-01,2.527364667e-01,nan,nan,nan,nan
2133,53.325,3.290193247e-01,2.527376752e-01,nan,nan,nan,nan
2134,53.35,3.290418163e-01,2.527347093e-01,nan,nan,nan,nan
2135,53.375,3.290334857e-01,2.527543397e-01,nan,nan,nan,nan
2136,53.4,3.290195938e-01,2.527443371e-01,nan,nan,nan,nan
2137,53.425,3.290232614e-01,2.527299602e-01,nan,nan,nan,nan
2138,53.45,3.290003609e-01,2.527350786e-01,nan,nan,nan,nan
2139,53.475,3.289717269e-01,2.527139468e-01,nan,nan,nan,nan
2140,53.5,3.289956363e-01,2.527163201e-01,nan,nan,nan,nan
2141,53.525,3.290080946e-01,2.527270893e-01,nan,nan,nan,nan
2142,53.55,3.290148965e-01,2.527330717e-01,nan,nan,nan,nan
2143,53.575,3.290414565e-01,2.527574624e-01,nan,nan,nan,nan
2144,53.6,3.290393726e-01,2.527572695e-01,nan,nan,nan,nan
2145,53.625,3.290314680e-01,2.527521534e-01,nan,nan,nan,nan
2146,53.65,3.290389306e-01,2.527613769e-01,nan,nan,nan,nan
2147,53.675,3.290223678e-01,2.527502707e-01,nan,nan,nan,nan
2148,53.7,3.289998409e-01,2.527341271e-01,nan,nan,nan,nan
2149,53.725,3.289880359e-01,2.527280461e-01,nan,nan,nan,nan
2150,53.75,3.289919857e-01,2.527130887e-01,nan,nan,nan,nan
2151,53.775,3.290245716e-01,2.527239742e-01,nan,nan,nan,nan
2152,53.8,3.290350662e-01,2.527505275e-01,nan,nan,nan,nan
2153,53.825,3.290393639e-01,2.527555132e-01,nan,nan,nan,nan
2154,53.85,3.290523677e-01,2.527553999e-01,nan,nan,nan,nan
2155,53.875,3.290485197e-01,2.527665946e-01,nan,nan,nan,nan
2156,53.9,3.290384136e-01,2.527607214e-01,nan,nan,nan,nan
2157,53.925,3.290317519e-01,2.527496676e-01,nan,nan,nan,nan
2158,53.95,3.290135765e-01,2.527453979e-01,nan,nan,nan,nan
2159,53.975,3.289891072e-01,2.527286913e-01,nan,nan,nan,nan
2160,54,3.290055311e-01,2.527232470e-01,nan,nan,nan,nan
2161,54.025,3.290225902e-01,2.527387416e-01,nan,nan,nan,nan
2162,54.05,3.290333418e-01,2.527489883e-01,nan,nan,nan,nan
2163,54.075,3.290492463e-01,2.527622662e-01,nan,nan,nan,nan
2164,54.1,3.290519846e-01,2.527669345e-01,nan,nan,nan,nan
2165,54.125,3.290483899e-01,2.527663585e-01,nan,nan,nan,nan
2166,54.15,3.290445470e-01,2.527640268e-01,nan,nan,nan,nan
2167,54.175,3.290329637e-01,2.527578543e-01,nan,nan,nan,nan
2168,54.2,3.290150479e-01,2.527464660e-01,nan,nan,nan,nan
2169,54.225,3.289914389e-01,2.527297191e-01,nan,nan,nan,nan
2170,54.25,3.290039674e-01,2.527220774e-01,nan,nan,nan,nan
2171,54.275,3.290244039e-01,2.527376112e-01,nan,nan,nan,nan
2172,54.3,3.290399318e-01,2.527524257e-01,nan,nan,nan,nan
2173,54.325,3.290492762e-01,2.527623810e-01,nan,nan,nan,nan
2174,54.35,3.290521867e-01,2.527671098e-01,nan,nan,nan,nan
2175,54.375,3.290511511e-01,2.527663481e-01,nan,nan,nan,nan
2176,54.4,3.290461610e-01,2.527654119e-01,nan,nan,nan,nan
2177,54.425,3.290347731e-01,2.527593304e-01,nan,nan,nan,nan
2178,54.45,3.290165932e-01,2.527477702e-01,nan,nan,nan,nan
2179,54.475,3.289946233e-01,2.527311764e-01,nan,nan,nan,nan
2180,54.5,3.290027801e-01,2.527213015e-01,nan,nan,nan,nan
2181,54.525,3.290244387e-01,2.527377108e-01,nan,nan,nan,nan
2182,54.55,3.290403424e-01,2.527529193e-01,nan,nan,nan,nan
2183,54.575,3.290497004e-01,2.527629065e-01,nan,nan,nan,nan
2184,54.6,3.290520622e-01,2.527672697e-01,nan,nan,nan,nan
2185,54.625,3.290531288e-01,2.527680680e-01,nan,nan,nan,nan
2186,54.65,3.290481910e-01,2.527672279e-01,nan,nan,nan,nan
2187,54.675,3.290362729e-01,2.527608089e-01,nan,nan,nan,nan
2188,54.7,3.290174982e-01,2.527484644e-01,nan,nan,nan,nan
2189,54.725,3.289982486e-01,2.527342680e-01,nan,nan,nan,nan
2190,54.75,3.290027777e-01,2.527202035e-01,nan,nan,nan,nan
2191,54.775,3.290251326e-01,2.527385356e-01,nan,nan,nan,nan
2192,54.8,3.290408428e-01,2.527536899e-01,nan,nan,nan,nan
2193,54.825,3.290494093e-01,2.527631299e-01,nan,nan,nan,nan
2194,54.85,3.290538290e-01,2.527665519e-01,nan,nan,nan,nan
2195,54.875,3.290552256e-01,2.527701120e-01,nan,nan,nan,nan
2196,54.9,3.290495273e-01,2.527687655e-01,nan,nan,nan,nan
2197,54.925,3.290364969e-01,2.527614226e-01,nan,nan,nan,nan
2198,54.95,3.290211754e-01,2.527492615e-01,nan,nan,nan,nan
2199,54.975,3.290012058e-01,2.527371080e-01,nan,nan,nan,nan
2200,55,3.290036048e-01,2.527192207e-01,nan,nan,nan,nan
2201,55.025,3.290255504e-01,2.527394175e-01,nan,nan,nan,nan
2202,55.05,3.290403054e-01,2.527538747e-01,nan,nan,nan,nan
2203,55.075,3.290482313e-01,2.527623114e-01,nan,nan,nan,nan
2204,55.1,3.290558257e-01,2.527679520e-01,nan,nan,nan,nan
2205,55.125,3.290563088e-01,2.527715977e-01,nan,nan,nan,nan
2206,55.15,3.290495136e-01,2.527692761e-01,nan,nan,nan,nan
2207,55.175,3.290376779e-01,2.527609856e-01,nan,nan,nan,nan
2208,55.2,3.290238666e-01,2.527520310e-01,nan,nan,nan,nan
2209,55.225,3.290028242e-01,2.527389398e-01,nan,nan,nan,nan
2210,55.25,3.290037918e-01,2.527200693e-01,nan,nan,nan,nan
2211,55.275,3.290247286e-01,2.527394817e-01,nan,nan,nan,nan
2212,55.3,3.290385055e-01,2.527529756e-01,nan,nan,nan,nan
2213,55.325,3.290499715e-01,2.527607392e-01,nan,nan,nan,nan
2214,55.35,3.290566075e-01,2.527692953e-01,nan,nan,nan,nan
2215,55.375,3.290561370e-01,2.527720157e-01,nan,nan,nan,nan
2216,55.4,3.290487796e-01,2.527689203e-01,nan,nan,nan,nan
2217,55.425,3.290400452e-01,2.527618321e-01,nan,nan,nan,nan
2218,55.45,3.290253142e-01,2.527537523e-01,nan,nan,nan,nan
2219,55.475,3.290037188e-01,2.527399104e-01,nan,nan,nan,nan
2220,55.5,3.290026937e-01,2.527204666e-01,nan,nan,nan,nan
2221,55.525,3.290228945e-01,2.527385512e-01,nan,nan,nan,nan
2222,55.55,3.290376790e-01,2.527514832e-01,nan,nan,nan,nan
2223,55.575,3.290504507e-01,2.527618806e-01,nan,nan,nan,nan
2224,55.6,3.290563857e-01,2.527696607e-01,nan,nan,nan,nan
2225,55.625,3.290556527e-01,2.527718449e-01,nan,nan,nan,nan
2226,55.65,3.290497811e-01,2.527685456e-01,nan,nan,nan,nan
2227,55.675,3.290414209e-01,2.527634744e-01,nan,nan,nan,nan
2228,55.7,3.290264504e-01,2.527548929e-01,nan,nan,nan,nan
2229,55.725,3.290007022e-01,2.527408628e-01,nan,nan,nan,nan
2230,55.75,3.290009510e-01,2.527200058e-01,nan,nan,nan,nan
2231,55.775,3.290211528e-01,2.527373515e-01,nan,nan,nan,nan
2232,55.8,3.290378974e-01,2.527494071e-01,nan,nan,nan,nan
2233,55.825,3.290502957e-01,2.527622539e-01,nan,nan,nan,nan
2234,55.85,3.290562597e-01,2.527697656e-01,nan,nan,nan,nan
2235,55.875,3.290531450e-01,2.527662341e-01,nan,nan,nan,nan
2236,55.9,3.290511936e-01,2.527681609e-01,nan,nan,nan,nan
2237,55.925,3.290428995e-01,2.527648679e-01,nan,nan,nan,nan
2238,55.95,3.290200116e-01,2.527458628e-01,nan,nan,nan,nan
2239,55.975,3.290036581e-01,2.527368076e-01,nan,nan,nan,nan
2240,56,3.289940246e-01,2.527226679e-01,nan,nan,nan,nan
2241,56.025,3.290190309e-01,2.527319548e-01,nan,nan,nan,nan
2242,56.05,3.290379129e-01,2.527498545e-01,nan,nan,nan,nan
2243,56.075,3.290398084e-01,2.527626950e-01,nan,nan,nan,nan
2244,56.1,3.290502319e-01,2.527609891e-01,nan,nan,nan,nan
2245,56.125,3.290546913e-01,2.527678833e-01,nan,nan,nan,nan
2246,56.15,3.290373293e-01,2.527698613e-01,nan,nan,nan,nan
2247,56.175,3.290330885e-01,2.527528671e-01,nan,nan,nan,nan
2248,56.2,3.290230598e-01,2.527486827e-01,nan,nan,nan,nan
2249,56.225,3.289866253e-01,2.527397421e-01,nan,nan,nan,nan
2250,56.25,3.289939500e-01,2.527096236e-01,nan,nan,nan,nan
2251,56.275,3.290192857e-01,2.527325318e-01,nan,nan,nan,nan
2252,56.3,3.290247580e-01,2.527347415e-01,nan,nan,nan,nan
2253,56.325,3.290411509e-01,2.527509190e-01,nan,nan,nan,nan
2254,56.35,3.290519752e-01,2.527627223e-01,nan,nan,nan,nan
2255,56.375,3.290384423e-01,2.527503154e-01,nan,nan,nan,nan
2256,56.4,3.290400519e-01,2.527551063e-01,nan,nan,nan,nan
2257,56.425,3.290362876e-01,2.527557220e-01,nan,nan,nan,nan
2258,56.45,3.290039547e-01,2.527289109e-01,nan,nan,nan,nan
2259,56.475,3.289906896e-01,2.527222230e-01,nan,nan,nan,nan
2260,56.5,3.289764669e-01,2.527115652e-01,nan,nan,nan,nan
2261,56.525,3.290037224e-01,2.527155418e-01,nan,nan,nan,nan
2262,56.55,3.290260164e-01,2.527361434e-01,nan,nan,nan,nan
2263,56.575,3.290215068e-01,2.527527612e-01,nan,nan,nan,nan
2264,56.6,3.290336406e-01,2.527436187e-01,nan,nan,nan,nan
2265,56.625,3.290410247e-01,2.527527067e-01,nan,nan,nan,nan
2266,56.65,3.290185276e-01,2.527580187e-01,nan,nan,nan,nan
2267,56.675,3.290154435e-01,2.527347733e-01,nan,nan,nan,nan
2268,56.7,3.290078216e-01,2.527322533e-01,nan,nan,nan,nan
2269,56.725,3.289675705e-01,2.527261676e-01,nan,nan,nan,nan
2270,56.75,3.289768483e-01,2.526918607e-01,nan,nan,nan,nan
2271,56.775,3.290049390e-01,2.527167845e-01,nan,nan,nan,nan
2272,56.8,3.290057200e-01,2.527160985e-01,nan,nan,nan,nan
2273,56.825,3.290230747e-01,2.527325144e-01,nan,nan,nan,nan
2274,56.85,3.290361246e-01,2.527457957e-01,nan,nan,nan,nan
2275,56.875,3.290192381e-01,2.527318177e-01,nan,nan,nan,nan
2276,56.9,3.290212446e-01,2.527363028e-01,nan,nan,nan,nan
2277,56.925,3.290191553e-01,2.527378469e-01,nan,nan,nan,nan
2278,56.95,3.289848318e-01,2.527107927e-01,nan,nan,nan,nan
2279,56.975,3.289714006e-01,2.527032650e-01,nan,nan,nan,nan
2280,57,3.289605759e-01,2.526929811e-01,nan,nan,nan,nan
2281,57.025,3.289843997e-01,2.526970407e-01,nan,nan,nan,nan
2282,57.05,3.290068904e-01,2.527171431e-01,nan,nan,nan,nan
2283,57.075,3.290057725e-01,2.527344946e-01,nan,nan,nan,nan
2284,57.1,3.290144871e-01,2.527255808e-01,nan,nan,nan,nan
2285,57.125,3.290215048e-01,2.527336387e-01,nan,nan,nan,nan
2286,57.15,3.290031077e-01,2.527391274e-01,nan,nan,nan,nan
2287,57.175,3.289967014e-01,2.527174227e-01,nan,nan,nan,nan
2288,57.2,3.289881615e-01,2.527133608e-01,nan,nan,nan,nan
2289,57.225,3.289525530e-01,2.527068994e-01,nan,nan,nan,nan
2290,57.25,3.289576958e-01,2.526775520e-01,nan,nan,nan,nan
2291,57.275,3.289910853e-01,2.526976375e-01,nan,nan,nan,nan
2292,57.3,3.289989879e-01,2.527161115e-01,nan,nan,nan,nan
2293,57.325,3.290044206e-01,2.527195397e-01,nan,nan,nan,nan
2294,57.35,3.290203902e-01,2.527269113e-01,nan,nan,nan,nan
2295,57.375,3.290129481e-01,2.527332627e-01,nan,nan,nan,nan
2296,57.4,3.290033202e-01,2.527247936e-01,nan,nan,nan,nan
2297,57.425,3.290016882e-01,2.527194616e-01,nan,nan,nan,nan
2298,57.45,3.289789772e-01,2.527135771e-01,nan,nan,nan,nan
2299,57.475,3.289544249e-01,2.526932842e-01,nan,nan,nan,nan
2300,57.5,3.289738813e-01,2.526951043e-01,nan,nan,nan,nan
2301,57.525,3.289869887e-01,2.527055966e-01,nan,nan,nan,nan
2302,57.55,3.289960820e-01,2.527128801e-01,nan,nan,nan,nan
2303,57.575,3.290196579e-01,2.527365890e-01,nan,nan,nan,nan
2304,57.6,3.290175205e-01,2.527354540e-01,nan,nan,nan,nan
2305,57.625,3.290111945e-01,2.527309377e-01,nan,nan,nan,nan
2306,57.65,3.290173851e-01,2.527411225e-01,nan,nan,nan,nan
2307,57.675,3.290000783e-01,2.527284322e-01,nan,nan,nan,nan
2308,57.7,3.289784085e-01,2.527121908e-01,nan,nan,nan,nan
2309,57.725,3.289670314e-01,2.527086744e-01,nan,nan,nan,nan
2310,57.75,3.289696982e-01,2.526909939e-01,nan,nan,nan,nan
2311,57.775,3.290053400e-01,2.527022361e-01,nan,nan,nan,nan
2312,57.8,3.290134367e-01,2.527303312e-01,nan,nan,nan,nan
2313,57.825,3.290167451e-01,2.527335005e-01,nan,nan,nan,nan
2314,57.85,3.290343488e-01,2.527330441e-01,nan,nan,nan,nan
2315,57.875,3.290275355e-01,2.527473784e-01,nan,nan,nan,nan
2316,57.9,3.290157746e-01,2.527390857e-01,nan,nan,nan,nan
2317,57.925,3.290151709e-01,2.527270049e-01,nan,nan,nan,nan
2318,57.95,3.289935109e-01,2.527274053e-01,nan,nan,nan,nan
2319,57.975,3.289667541e-01,2.527077176e-01,nan,nan,nan,nan
2320,58,3.289877845e-01,2.527079576e-01,nan,nan,nan,nan
2321,58.025,3.290016645e-01,2.527197178e-01,nan,nan,nan,nan
2322,58.05,3.290105195e-01,2.527273216e-01,nan,nan,nan,nan
2323,58.075,3.290330251e-01,2.527487104e-01,nan,nan,nan,nan
2324,58.1,3.290320791e-01,2.527492267e-01,nan,nan,nan,nan
2325,58.125,3.290259632e-01,2.527454579e-01,nan,nan,nan,nan
2326,58.15,3.290300469e-01,2.527523607e-01,nan,nan,nan,nan
2327,58.175,3.290143308e-01,2.527416800e-01,nan,nan,nan,nan
2328,58.2,3.289933124e-01,2.527265996e-01,nan,nan,nan,nan
2329,58.225,3.289788294e-01,2.527188912e-01,nan,nan,nan,nan
2330,58.25,3.289842605e-01,2.527046903e-01,nan,nan,nan,nan
2331,58.275,3.290153147e-01,2.527168224e-01,nan,nan,nan,nan
2332,58.3,3.290259054e-01,2.527413137e-01,nan,nan,nan,nan
2333,58.325,3.290309382e-01,2.527466129e-01,nan,nan,nan,nan
2334,58.35,3.290431186e-01,2.527474557e-01,nan,nan,nan,nan
2335,58.375,3.290390865e-01,2.527572922e-01,nan,nan,nan,nan
2336,58.4,3.290294171e-01,2.527514490e-01,nan,nan,nan,nan
2337,58.425,3.290226332e-01,2.527410560e-01,nan,nan,nan,nan
2338,58.45,3.290040025e-01,2.527361315e-01,nan,nan,nan,nan
2339,58.475,3.289796738e-01,2.527191781e-01,nan,nan,nan,nan
2340,58.5,3.289961901e-01,2.527144582e-01,nan,nan,nan,nan
2341,58.525,3.290129494e-01,2.527293115e-01,nan,nan,nan,nan
2342,58.55,3.290240200e-01,2.527394731e-01,nan,nan,nan,nan
2343,58.575,3.290400868e-01,2.527538051e-01,nan,nan,nan,nan
2344,58.6,3.290422558e-01,2.527575914e-01,nan,nan,nan,nan
2345,58.625,3.290386823e-01,2.527566542e-01,nan,nan,nan,nan
2346,58.65,3.290356858e-01,2.527559968e-01,nan,nan,nan,nan
2347,58.675,3.290232777e-01,2.527487189e-01,nan,nan,nan,nan
2348,58.7,3.290050925e-01,2.527367044e-01,nan,nan,nan,nan
2349,58.725,3.289829862e-01,2.527210358e-01,nan,nan,nan,nan
2350,58.75,3.289941047e-01,2.527126783e-01,nan,nan,nan,nan
2351,58.775,3.290169399e-01,2.527277356e-01,nan,nan,nan,nan
2352,58.8,3.290311009e-01,2.527444904e-01,nan,nan,nan,nan
2353,58.825,3.290395099e-01,2.527532405e-01,nan,nan,nan,nan
2354,58.85,3.290432153e-01,2.527572303e-01,nan,nan,nan,nan
2355,58.875,3.290427771e-01,2.527589633e-01,nan,nan,nan,nan
2356,58.9,3.290366176e-01,2.527566435e-01,nan,nan,nan,nan
2357,58.925,3.290245619e-01,2.527495763e-01,nan,nan,nan,nan
2358,58.95,3.290063215e-01,2.527375631e-01,nan,nan,nan,nan
2359,58.975,3.289854231e-01,2.527228861e-01,nan,nan,nan,nan
2360,59,3.289957976e-01,2.527121842e-01,nan,nan,nan,nan
2361,59.025,3.290161643e-01,2.527305025e-01,nan,nan,nan,nan
2362,59.05,3.290307938e-01,2.527442162e-01,nan,nan,nan,nan
2363,59.075,3.290393658e-01,2.527531097e-01,nan,nan,nan,nan
2364,59.1,3.290439186e-01,2.527572646e-01,nan,nan,nan,nan
2365,59.125,3.290439755e-01,2.527598901e-01,nan,nan,nan,nan
2366,59.15,3.290379931e-01,2.527577338e-01,nan,nan,nan,nan
2367,59.175,3.290255886e-01,2.527504724e-01,nan,nan,nan,nan
2368,59.2,3.290088511e-01,2.527384063e-01,nan,nan,nan,nan
2369,59.225,3.289883181e-01,2.527251933e-01,nan,nan,nan,nan
2370,59.25,3.289952705e-01,2.527118619e-01,nan,nan,nan,nan
2371,59.275,3.290160482e-01,2.527304907e-01,nan,nan,nan,nan
2372,59.3,3.290306005e-01,2.527442279e-01,nan,nan,nan,nan
2373,59.325,3.290391122e-01,2.527527093e-01,nan,nan,nan,nan
2374,59.35,3.290453002e-01,2.527584392e-01,nan,nan,nan,nan
2375,59.375,3.290453061e-01,2.527611203e-01,nan,nan,nan,nan
2376,59.4,3.290387128e-01,2.527585676e-01,nan,nan,nan,nan
2377,59.425,3.290262494e-01,2.527505497e-01,nan,nan,nan,nan
2378,59.45,3.290117008e-01,2.527408461e-01,nan,nan,nan,nan
2379,59.475,3.289905716e-01,2.527272600e-01,nan,nan,nan,nan
2380,59.5,3.289952159e-01,2.527120354e-01,nan,nan,nan,nan
2381,59.525,3.290156652e-01,2.527305307e-01,nan,nan,nan,nan
2382,59.55,3.290294032e-01,2.527436718e-01,nan,nan,nan,nan
2383,59.575,3.290405428e-01,2.527522701e-01,nan,nan,nan,nan
2384,59.6,3.290464389e-01,2.527596893e-01,nan,nan,nan,nan
2385,59.625,3.290456457e-01,2.527617994e-01,nan,nan,nan,nan
2386,59.65,3.290381305e-01,2.527584059e-01,nan,nan,nan,nan
2387,59.675,3.290289003e-01,2.527516862e-01,nan,nan,nan,nan
2388,59.7,3.290135759e-01,2.527427548e-01,nan,nan,nan,nan
2389,59.725,3.289915231e-01,2.527283390e-01,nan,nan,nan,nan
2390,59.75,3.289945156e-01,2.527119804e-01,nan,nan,nan,nan
2391,59.775,3.290140610e-01,2.527297562e-01,nan,nan,nan,nan
2392,59.8,3.290296644e-01,2.527420594e-01,nan,nan,nan,nan
2393,59.825,3.290413548e-01,2.527534109e-01,nan,nan,nan,nan
2394,59.85,3.290463697e-01,2.527601438e-01,nan,nan,nan,nan
2395,59.875,3.290447630e-01,2.527614271e-01,nan,nan,nan,nan
2396,59.9,3.290398876e-01,2.527576912e-01,nan,nan,nan,nan
2397,59.925,3.290303603e-01,2.527533597e-01,nan,nan,nan,nan
2398,59.95,3.290142285e-01,2.527436204e-01,nan,nan,nan,nan
2399,59.975,3.289917979e-01,2.527285871e-01,nan,nan,nan,nan
2400,60,3.289925332e-01,2.527109577e-01,nan,nan,nan,nan
2401,60.025,3.290126443e-01,2.527279992e-01,nan,nan,nan,nan
2402,60.05,3.290300475e-01,2.527422768e-01,nan,nan,nan,nan
2403,60.075,3.290408976e-01,2.527536038e-01,nan,nan,nan,nan
2404,60.1,3.290453136e-01,2.527596215e-01,nan,nan,nan,nan
2405,60.125,3.290446636e-01,2.527604921e-01,nan,nan,nan,nan
2406,60.15,3.290409451e-01,2.527590855e-01,nan,nan,nan,nan
2407,60.175,3.290308336e-01,2.527540653e-01,nan,nan,nan,nan
2408,60.2,3.290146008e-01,2.527439198e-01,nan,nan,nan,nan
2409,60.225,3.289926815e-01,2.527288573e-01,nan,nan,nan,nan
2410,60.25,3.289899183e-01,2.527113334e-01,nan,nan,nan,nan
2411,60.275,3.290125421e-01,2.527263040e-01,nan,nan,nan,nan
2412,60.3,3.290292675e-01,2.527422078e-01,nan,nan,nan,nan
2413,60.325,3.290398067e-01,2.527530143e-01,nan,nan,nan,nan
2414,60.35,3.290443802e-01,2.527588487e-01,nan,nan,nan,nan
2415,60.375,3.290453768e-01,2.527599682e-01,nan,nan,nan,nan
2416,60.4,3.290413710e-01,2.527597072e-01,nan,nan,nan,nan
2417,60.425,3.290314244e-01,2.527545208e-01,nan,nan,nan,nan
2418,60.45,3.290131858e-01,2.527405899e-01,nan,nan,nan,nan
2419,60.475,3.289946133e-01,2.527292304e-01,nan,nan,nan,nan
2420,60.5,3.289888938e-01,2.527130101e-01,nan,nan,nan,nan
2421,60.525,3.290115366e-01,2.527260063e-01,nan,nan,nan,nan
2422,60.55,3.290282693e-01,2.527416416e-01,nan,nan,nan,nan
2423,60.575,3.290357407e-01,2.527524870e-01,nan,nan,nan,nan
2424,60.6,3.290437204e-01,2.527560656e-01,nan,nan,nan,nan
2425,60.625,3.290458770e-01,2.527605906e-01,nan,nan,nan,nan
2426,60.65,3.290343537e-01,2.527603964e-01,nan,nan,nan,nan
2427,60.675,3.290276218e-01,2.527490089e-01,nan,nan,nan,nan
2428,60.7,3.290151693e-01,2.527423825e-01,nan,nan,nan,nan
2429,60.725,3.289847564e-01,2.527311245e-01,nan,nan,nan,nan
2430,60.75,3.289877723e-01,2.527050657e-01,nan,nan,nan,nan
2431,60.775,3.290107251e-01,2.527255439e-01,nan,nan,nan,nan
2432,60.8,3.290221886e-01,2.527337068e-01,nan,nan,nan,nan
2433,60.825,3.290360514e-01,2.527474511e-01,nan,nan,nan,nan
2434,60.85,3.290443842e-01,2.527567642e-01,nan,nan,nan,nan
2435,60.875,3.290369945e-01,2.527503514e-01,nan,nan,nan,nan
2436,60.9,3.290360721e-01,2.527527487e-01,nan,nan,nan,nan
2437,60.925,3.290297416e-01,2.527508466e-01,nan,nan,nan,nan
2438,60.95,3.290036229e-01,2.527299940e-01,nan,nan,nan,nan
2439,60.975,3.289878559e-01,2.527209813e-01,nan,nan,nan,nan
2440,61,3.289777984e-01,2.527078105e-01,nan,nan,nan,nan
2441,61.025,3.290027055e-01,2.527160016e-01,nan,nan,nan,nan
2442,61.05,3.290224466e-01,2.527342066e-01,nan,nan,nan,nan
2443,61.075,3.290238574e-01,2.527482760e-01,nan,nan,nan,nan
2444,61.1,3.290337466e-01,2.527451247e-01,nan,nan,nan,nan
2445,61.125,3.290386209e-01,2.527518971e-01,nan,nan,nan,nan
2446,61.15,3.290218459e-01,2.527546785e-01,nan,nan,nan,nan
2447,61.175,3.290166469e-01,2.527372838e-01,nan,nan,nan,nan
2448,61.2,3.290065890e-01,2.527325564e-01,nan,nan,nan,nan
2449,61.225,3.289717938e-01,2.527239893e-01,nan,nan,nan,nan
2450,61.25,3.289773986e-01,2.526937927e-01,nan,nan,nan,nan
2451,61.275,3.290029769e-01,2.527164151e-01,nan,nan,nan,nan
2452,61.3,3.290094466e-01,2.527208131e-01,nan,nan,nan,nan
2453,61.325,3.290247212e-01,2.527354423e-01,nan,nan,nan,nan
2454,61.35,3.290353453e-01,2.527465423e-01,nan,nan,nan,nan
2455,61.375,3.290238522e-01,2.527372854e-01,nan,nan,nan,nan
2456,61.4,3.290239428e-01,2.527401680e-01,nan,nan,nan,nan
2457,61.425,3.290195429e-01,2.527396755e-01,nan,nan,nan,nan
2458,61.45,3.289902561e-01,2.527169284e-01,nan,nan,nan,nan
2459,61.475,3.289750938e-01,2.527079984e-01,nan,nan,nan,nan
2460,61.5,3.289645635e-01,2.526958451e-01,nan,nan,nan,nan
2461,61.525,3.289894007e-01,2.527028495e-01,nan,nan,nan,nan
2462,61.55,3.290100256e-01,2.527214098e-01,nan,nan,nan,nan
2463,61.575,3.290108602e-01,2.527367665e-01,nan,nan,nan,nan
2464,61.6,3.290202742e-01,2.527320290e-01,nan,nan,nan,nan
2465,61.625,3.290256205e-01,2.527387530e-01,nan,nan,nan,nan
2466,61.65,3.290092545e-01,2.527424243e-01,nan,nan,nan,nan
2467,61.675,3.290031847e-01,2.527244153e-01,nan,nan,nan,nan
2468,61.7,3.289931844e-01,2.527192398e-01,nan,nan,nan,nan
2469,61.725,3.289597695e-01,2.527111572e-01,nan,nan,nan,nan
2470,61.75,3.289638390e-01,2.526809918e-01,nan,nan,nan,nan
2471,61.775,3.289918773e-01,2.527031275e-01,nan,nan,nan,nan
2472,61.8,3.290012684e-01,2.527174382e-01,nan,nan,nan,nan
2473,61.825,3.290112298e-01,2.527226180e-01,nan,nan,nan,nan
2474,61.85,3.290217761e-01,2.527331391e-01,nan,nan,nan,nan
2475,61.875,3.290145559e-01,2.527339352e-01,nan,nan,nan,nan
2476,61.9,3.290106953e-01,2.527277917e-01,nan,nan,nan,nan
2477,61.925,3.290058066e-01,2.527263326e-01,nan,nan,nan,nan
2478,61.95,3.289799062e-01,2.527136007e-01,nan,nan,nan,nan
2479,61.975,3.289622609e-01,2.526962278e-01,nan,nan,nan,nan
2480,62,3.289737615e-01,2.526941628e-01,nan,nan,nan,nan
2481,62.025,3.289883440e-01,2.527060165e-01,nan,nan,nan,nan
2482,62.05,3.289989901e-01,2.527147865e-01,nan,nan,nan,nan
2483,62.075,3.290188953e-01,2.527350594e-01,nan,nan,nan,nan
2484,62.1,3.290181894e-01,2.527352221e-01,nan,nan,nan,nan
2485,62.125,3.290134123e-01,2.527321639e-01,nan,nan,nan,nan
2486,62.15,3.290160030e-01,2.527390364e-01,nan,nan,nan,nan
2487,62.175,3.290000669e-01,2.527275652e-01,nan,nan,nan,nan
2488,62.2,3.289810885e-01,2.527127356e-01,nan,nan,nan,nan
2489,62.225,3.289650605e-01,2.527060700e-01,nan,nan,nan,nan
2490,62.25,3.289701020e-01,2.526905035e-01,nan,nan,nan,nan
2491,62.275,3.290025787e-01,2.527032039e-01,nan,nan,nan,nan
2492,62.3,3.290118000e-01,2.527280099e-01,nan,nan,nan,nan
2493,62.325,3.290164658e-01,2.527323767e-01,nan,nan,nan,nan
2494,62.35,3.290311156e-01,2.527333249e-01,nan,nan,nan,nan
2495,62.375,3.290253175e-01,2.527445499e-01,nan,nan,nan,nan
2496,62.4,3.290148305e-01,2.527373562e-01,nan,nan,nan,nan
2497,62.425,3.290115169e-01,2.527266099e-01,nan,nan,nan,nan
2498,62.45,3.289907522e-01,2.527241161e-01,nan,nan,nan,nan
2499,62.475,3.289651712e-01,2.527054170e-01,nan,nan,nan,nan
2500,62.5,3.289843407e-01,2.527041251e-01,nan,nan,nan,nan
2501,62.525,3.289992006e-01,2.527166678e-01,nan,nan,nan,nan
2502,62.55,3.290093064e-01,2.527253403e-01,nan,nan,nan,nan
2503,62.575,3.290291774e-01,2.527445626e-01,nan,nan,nan,nan
2504,62.6,3.290290862e-01,2.527457309e-01,nan,nan,nan,nan
2505,62.625,3.290241167e-01,2.527429149e-01,nan,nan,nan,nan
2506,62.65,3.290258528e-01,2.527479570e-01,nan,nan,nan,nan
2507,62.675,3.290108581e-01,2.527377921e-01,nan,nan,nan,nan
2508,62.7,3.289908693e-01,2.527235389e-01,nan,nan,nan,nan
2509,62.725,3.289743495e-01,2.527142929e-01,nan,nan,nan,nan
2510,62.75,3.289810364e-01,2.527009922e-01,nan,nan,nan,nan
2511,62.775,3.290106025e-01,2.527140386e-01,nan,nan,nan,nan
2512,62.8,3.290215427e-01,2.527367756e-01,nan,nan,nan,nan
2513,62.825,3.290272500e-01,2.527425409e-01,nan,nan,nan,nan
2514,62.85,3.290382871e-01,2.527441677e-01,nan,nan,nan,nan
2515,62.875,3.290344597e-01,2.527525822e-01,nan,nan,nan,nan
2516,62.9,3.290253215e-01,2.527470627e-01,nan,nan,nan,nan
2517,62.925,3.290177466e-01,2.527373162e-01,nan,nan,nan,nan
2518,62.95,3.289991762e-01,2.527313132e-01,nan,nan,nan,nan
2519,62.975,3.289752315e-01,2.527145398e-01,nan,nan,nan,nan
2520,63,3.289912747e-01,2.527096856e-01,nan,nan,nan,nan
2521,63.025,3.290081831e-01,2.527244978e-01,nan,nan,nan,nan
2522,63.05,3.290197326e-01,2.527349295e-01,nan,nan,nan,nan
2523,63.075,3.290351411e-01,2.527490845e-01,nan,nan,nan,nan
2524,63.1,3.290373138e-01,2.527526936e-01,nan,nan,nan,nan
2525,63.125,3.290340694e-01,2.527518811e-01,nan,nan,nan,nan
2526,63.15,3.290307737e-01,2.527513874e-01,nan,nan,nan,nan
2527,63.175,3.290182266e-01,2.527438011e-01,nan,nan,nan,nan
2528,63.2,3.290002196e-01,2.527317674e-01,nan,nan,nan,nan
2529,63.225,3.289781698e-01,2.527165941e-01,nan,nan,nan,nan
2530,63.25,3.289890554e-01,2.527077099e-01,nan,nan,nan,nan
2531,63.275,3.290124735e-01,2.527228357e-01,nan,nan,nan,nan
2532,63.3,3.290261641e-01,2.527398895e-01,nan,nan,nan,nan
2533,63.325,3.290343769e-01,2.527482772e-01,nan,nan,nan,nan
2534,63.35,3.290389867e-01,2.527521909e-01,nan,nan,nan,nan
2535,63.375,3.290379611e-01,2.527545538e-01,nan,nan,nan,nan
2536,63.4,3.290314682e-01,2.527517484e-01,nan,nan,nan,nan
2537,63.425,3.290193818e-01,2.527444645e-01,nan,nan,nan,nan
2538,63.45,3.290015194e-01,2.527325463e-01,nan,nan,nan,nan
2539,63.475,3.289803234e-01,2.527181204e-01,nan,nan,nan,nan
2540,63.5,3.289916297e-01,2.527085609e-01,nan,nan,nan,nan
2541,63.525,3.290113586e-01,2.527261343e-01,nan,nan,nan,nan
2542,63.55,3.290255981e-01,2.527393103e-01,nan,nan,nan,nan
2543,63.575,3.290343219e-01,2.527479301e-01,nan,nan,nan,nan
2544,63.6,3.290393174e-01,2.527531627e-01,nan,nan,nan,nan
2545,63.625,3.290388557e-01,2.527551385e-01,nan,nan,nan,nan
2546,63.65,3.290326358e-01,2.527525746e-01,nan,nan,nan,nan
2547,63.675,3.290203204e-01,2.527451998e-01,nan,nan,nan,nan
2548,63.7,3.290038712e-01,2.527338665e-01,nan,nan,nan,nan
2549,63.725,3.289829592e-01,2.527201196e-01,nan,nan,nan,nan
2550,63.75,3.289907139e-01,2.527078330e-01,nan,nan,nan,nan
2551,63.775,3.290109186e-01,2.527257631e-01,nan,nan,nan,nan
2552,63.8,3.290251736e-01,2.527390369e-01,nan,nan,nan,nan
2553,63.825,3.290348384e-01,2.527473453e-01,nan,nan,nan,nan
2554,63.85,3.290403365e-01,2.527539476e-01,nan,nan,nan,nan
2555,63.875,3.290399050e-01,2.527560412e-01,nan,nan,nan,nan
2556,63.9,3.290331824e-01,2.527531708e-01,nan,nan,nan,nan
2557,63.925,3.290215117e-01,2.527451549e-01,nan,nan,nan,nan
2558,63.95,3.290063940e-01,2.527359413e-01,nan,nan,nan,nan
2559,63.975,3.289849833e-01,2.527218999e-01,nan,nan,nan,nan
2560,64,3.289902787e-01,2.527076015e-01,nan,nan,nan,nan
2561,64.025,3.290102323e-01,2.527254562e-01,nan,nan,nan,nan
2562,64.05,3.290245080e-01,2.527382205e-01,nan,nan,nan,nan
2563,64.075,3.290358568e-01,2.527481476e-01,nan,nan,nan,nan
2564,64.1,3.290411276e-01,2.527548150e-01,nan,nan,nan,nan
2565,64.125,3.290399913e-01,2.527564122e-01,nan,nan,nan,nan
2566,64.15,3.290331969e-01,2.527528040e-01,nan,nan,nan,nan
2567,64.175,3.290237761e-01,2.527470701e-01,nan,nan,nan,nan
2568,64.2,3.290079645e-01,2.527374990e-01,nan,nan,nan,nan
2569,64.225,3.289857407e-01,2.527227193e-01,nan,nan,nan,nan
2570,64.25,3.289892107e-01,2.527071468e-01,nan,nan,nan,nan
2571,64.275,3.290083510e-01,2.527243525e-01,nan,nan,nan,nan
2572,64.3,3.290253700e-01,2.527377116e-01,nan,nan,nan,nan
2573,64.325,3.290362638e-01,2.527488602e-01,nan,nan,nan,nan
2574,64.35,3.290407315e-01,2.527548988e-01,nan,nan,nan,nan
2575,64.375,3.290388890e-01,2.527557571e-01,nan,nan,nan,nan
2576,64.4,3.290350712e-01,2.527534757e-01,nan,nan,nan,nan
2577,64.425,3.290248641e-01,2.527483370e-01,nan,nan,nan,nan
2578,64.45,3.290083406e-01,2.527380330e-01,nan,nan,nan,nan
2579,64.475,3.289858627e-01,2.527227404e-01,nan,nan,nan,nan
2580,64.5,3.289868791e-01,2.527057343e-01,nan,nan,nan,nan
2581,64.525,3.290088451e-01,2.527226198e-01,nan,nan,nan,nan
2582,64.55,3.290253009e-01,2.527381598e-01,nan,nan,nan,nan
2583,64.575,3.290354142e-01,2.527486291e-01,nan,nan,nan,nan
2584,64.6,3.290393746e-01,2.527540233e-01,nan,nan,nan,nan
2585,64.625,3.290402719e-01,2.527551465e-01,nan,nan,nan,nan
2586,64.65,3.290356988e-01,2.527544179e-01,nan,nan,nan,nan
2587,64.675,3.290249857e-01,2.527486474e-01,nan,nan,nan,nan
2588,64.7,3.290084704e-01,2.527380260e-01,nan,nan,nan,nan
2589,64.725,3.289877343e-01,2.527231045e-01,nan,nan,nan,nan
2590,64.75,3.289862729e-01,2.527061610e-01,nan,nan,nan,nan
2591,64.775,3.290082548e-01,2.527227194e-01,nan,nan,nan,nan
2592,64.8,3.290240731e-01,2.527376241e-01,nan,nan,nan,nan
2593,64.825,3.290339491e-01,2.527476251e-01,nan,nan,nan,nan
2594,64.85,3.290393993e-01,2.527529205e-01,nan,nan,nan,nan
2595,64.875,3.290405080e-01,2.527557683e-01,nan,nan,nan,nan
2596,64.9,3.290357068e-01,2.527545908e-01,nan,nan,nan,nan
2597,64.925,3.290252509e-01,2.527487248e-01,nan,nan,nan,nan
2598,64.95,3.290086981e-01,2.527368195e-01,nan,nan,nan,nan
2599,64.975,3.289892106e-01,2.527244463e-01,nan,nan,nan,nan
2600,65,3.289851683e-01,2.527074172e-01,nan,nan,nan,nan
2601,65.025,3.290067571e-01,2.527219237e-01,nan,nan,nan,nan
2602,65.05,3.290226367e-01,2.527365924e-01,nan,nan,nan,nan
2603,65.075,3.290325013e-01,2.527466981e-01,nan,nan,nan,nan
2604,65.1,3.290393465e-01,2.527524337e-01,nan,nan,nan,nan
2605,65.125,3.290405344e-01,2.527558994e-01,nan,nan,nan,nan
2606,65.15,3.290316322e-01,2.527548399e-01,nan,nan,nan,nan
2607,65.175,3.290237010e-01,2.527458648e-01,nan,nan,nan,nan
2608,65.2,3.290101789e-01,2.527381017e-01,nan,nan,nan,nan
2609,65.225,3.289825771e-01,2.527258661e-01,nan,nan,nan,nan
2610,65.25,3.289835225e-01,2.527022318e-01,nan,nan,nan,nan
2611,65.275,3.290054543e-01,2.527209563e-01,nan,nan,nan,nan
2612,65.3,3.290196474e-01,2.527319676e-01,nan,nan,nan,nan
2613,65.325,3.290322768e-01,2.527444729e-01,nan,nan,nan,nan
2614,65.35,3.290394924e-01,2.527526106e-01,nan,nan,nan,nan
2615,65.375,3.290350092e-01,2.527491651e-01,nan,nan,nan,nan
2616,65.4,3.290328112e-01,2.527503043e-01,nan,nan,nan,nan
2617,65.425,3.290252835e-01,2.527471711e-01,nan,nan,nan,nan
2618,65.45,3.290022078e-01,2.527293650e-01,nan,nan,nan,nan
2619,65.475,3.289851400e-01,2.527190914e-01,nan,nan,nan,nan
2620,65.5,3.289772970e-01,2.527046502e-01,nan,nan,nan,nan
2621,65.525,3.290009208e-01,2.527150212e-01,nan,nan,nan,nan
2622,65.55,3.290193603e-01,2.527319511e-01,nan,nan,nan,nan
2623,65.575,3.290239190e-01,2.527447584e-01,nan,nan,nan,nan
2624,65.6,3.290325420e-01,2.527447073e-01,nan,nan,nan,nan
2625,65.625,3.290360959e-01,2.527502082e-01,nan,nan,nan,nan
2626,65.65,3.290224588e-01,2.527516944e-01,nan,nan,nan,nan
2627,65.675,3.290160265e-01,2.527374239e-01,nan,nan,nan,nan
2628,65.7,3.290046464e-01,2.527314445e-01,nan,nan,nan,nan
2629,65.725,3.289729396e-01,2.527215662e-01,nan,nan,nan,nan
2630,65.75,3.289764099e-01,2.526935907e-01,nan,nan,nan,nan
2631,65.775,3.290006505e-01,2.527149335e-01,nan,nan,nan,nan
2632,65.8,3.290102776e-01,2.527222845e-01,nan,nan,nan,nan
2633,65.825,3.290243225e-01,2.527357998e-01,nan,nan,nan,nan
2634,65.85,3.290336138e-01,2.527456459e-01,nan,nan,nan,nan
2635,65.875,3.290252129e-01,2.527392317e-01,nan,nan,nan,nan
2636,65.9,3.290241278e-01,2.527410695e-01,nan,nan,nan,nan
2637,65.925,3.290184167e-01,2.527393643e-01,nan,nan,nan,nan
2638,65.95,3.289921191e-01,2.527193158e-01,nan,nan,nan,nan
2639,65.975,3.289758487e-01,2.527094221e-01,nan,nan,nan,nan
2640,66,3.289670997e-01,2.526961116e-01,nan,nan,nan,nan
2641,66.025,3.289909767e-01,2.527049941e-01,nan,nan,nan,nan
2642,66.05,3.290104381e-01,2.527225290e-01,nan,nan,nan,nan
2643,66.075,3.290137958e-01,2.527366799e-01,nan,nan,nan,nan
2644,66.1,3.290223454e-01,2.527346049e-01,nan,nan,nan,nan
2645,66.125,3.290266018e-01,2.527403896e-01,nan,nan,nan,nan
2646,66.15,3.290125446e-01,2.527429168e-01,nan,nan,nan,nan
2647,66.175,3.290057154e-01,2.527273814e-01,nan,nan,nan,nan
2648,66.2,3.289947112e-01,2.527213632e-01,nan,nan,nan,nan
2649,66.225,3.289633655e-01,2.527122112e-01,nan,nan,nan,nan
2650,66.25,3.289661173e-01,2.526834778e-01,nan,nan,nan,nan
2651,66.275,3.289929784e-01,2.527049768e-01,nan,nan,nan,nan
2652,66.3,3.290031745e-01,2.527188438e-01,nan,nan,nan,nan
2653,66.325,3.290139570e-01,2.527257570e-01,nan,nan,nan,nan
2654,66.35,3.290235253e-01,2.527354667e-01,nan,nan,nan,nan
2655,66.375,3.290161145e-01,2.527349886e-01,nan,nan,nan,nan
2656,66.4,3.290138282e-01,2.527312609e-01,nan,nan,nan,nan
2657,66.425,3.290080635e-01,2.527290998e-01,nan,nan,nan,nan
2658,66.45,3.289831322e-01,2.527142942e-01,nan,nan,nan,nan
2659,66.475,3.289657519e-01,2.526999768e-01,nan,nan,nan,nan
2660,66.5,3.289743648e-01,2.526942862e-01,nan,nan,nan,nan
2661,66.525,3.289897785e-01,2.527069403e-01,nan,nan,nan,nan
2662,66.55,3.290012394e-01,2.527165239e-01,nan,nan,nan,nan
2663,66.575,3.290191290e-01,2.527348303e-01,nan,nan,nan,nan
2664,66.6,3.290192547e-01,2.527357811e-01,nan,nan,nan,nan
2665,66.625,3.290165469e-01,2.527335460e-01,nan,nan,nan,nan
2666,66.65,3.290158701e-01,2.527384636e-01,nan,nan,nan,nan
2667,66.675,3.290007557e-01,2.527277582e-01,nan,nan,nan,nan
2668,66.7,3.289850330e-01,2.527137509e-01,nan,nan,nan,nan
2669,66.725,3.289645688e-01,2.527051662e-01,nan,nan,nan,nan
2670,66.75,3.289710319e-01,2.526909250e-01,nan,nan,nan,nan
2671,66.775,3.290015647e-01,2.527044577e-01,nan,nan,nan,nan
2672,66.8,3.290115253e-01,2.527273011e-01,nan,nan,nan,nan
2673,66.825,3.290170139e-01,2.527324297e-01,nan,nan,nan,nan
2674,66.85,3.290297868e-01,2.527342050e-01,nan,nan,nan,nan
2675,66.875,3.290246847e-01,2.527435132e-01,nan,nan,nan,nan
2676,66.9,3.290149961e-01,2.527370460e-01,nan,nan,nan,nan
2677,66.925,3.290098952e-01,2.527271114e-01,nan,nan,nan,nan
2678,66.95,3.289897753e-01,2.527227699e-01,nan,nan,nan,nan
2679,66.975,3.289649587e-01,2.527047537e-01,nan,nan,nan,nan
2680,67,3.289828832e-01,2.527023654e-01,nan,nan,nan,nan
2681,67.025,3.289984263e-01,2.527154986e-01,nan,nan,nan,nan
2682,67.05,3.290093259e-01,2.527248881e-01,nan,nan,nan,nan
2683,67.075,3.290274339e-01,2.527425601e-01,nan,nan,nan,nan
2684,67.1,3.290279711e-01,2.527442576e-01,nan,nan,nan,nan
2685,67.125,3.290237574e-01,2.527421113e-01,nan,nan,nan,nan
2686,67.15,3.290238499e-01,2.527457409e-01,nan,nan,nan,nan
2687,67.175,3.290094220e-01,2.527360384e-01,nan,nan,nan,nan
2688,67.2,3.289901421e-01,2.527223998e-01,nan,nan,nan,nan
2689,67.225,3.289721169e-01,2.527118948e-01,nan,nan,nan,nan
2690,67.25,3.289797835e-01,2.526993931e-01,nan,nan,nan,nan
2691,67.275,3.290081109e-01,2.527130946e-01,nan,nan,nan,nan
2692,67.3,3.290194288e-01,2.527344650e-01,nan,nan,nan,nan
2693,67.325,3.290256817e-01,2.527406689e-01,nan,nan,nan,nan
2694,67.35,3.290356539e-01,2.527428924e-01,nan,nan,nan,nan
2695,67.375,3.290321262e-01,2.527501008e-01,nan,nan,nan,nan
2696,67.4,3.290234631e-01,2.527449460e-01,nan,nan,nan,nan
2697,67.425,3.290150075e-01,2.527357312e-01,nan,nan,nan,nan
2698,67.45,3.289966563e-01,2.527286951e-01,nan,nan,nan,nan
2699,67.475,3.289731112e-01,2.527122092e-01,nan,nan,nan,nan
2700,67.5,3.289885728e-01,2.527069639e-01,nan,nan,nan,nan
2701,67.525,3.290057520e-01,2.527219368e-01,nan,nan,nan,nan
2702,67.55,3.290177514e-01,2.527327061e-01,nan,nan,nan,nan
2703,67.575,3.290323465e-01,2.527463187e-01,nan,nan,nan,nan
2704,67.6,3.290347081e-01,2.527500085e-01,nan,nan,nan,nan
2705,67.625,3.290318358e-01,2.527494546e-01,nan,nan,nan,nan
2706,67.65,3.290279234e-01,2.527486134e-01,nan,nan,nan,nan
2707,67.675,3.290154822e-01,2.527410280e-01,nan,nan,nan,nan
2708,67.7,3.289977660e-01,2.527291717e-01,nan,nan,nan,nan
2709,67.725,3.289753008e-01,2.527138472e-01,nan,nan,nan,nan
2710,67.75,3.289863677e-01,2.527049621e-01,nan,nan,nan,nan
2711,67.775,3.290096886e-01,2.527203167e-01,nan,nan,nan,nan
2712,67.8,3.290232770e-01,2.527370978e-01,nan,nan,nan,nan
2713,67.825,3.290315636e-01,2.527454548e-01,nan,nan,nan,nan
2714,67.85,3.290362747e-01,2.527495151e-01,nan,nan,nan,nan
2715,67.875,3.290350697e-01,2.527518031e-01,nan,nan,nan,nan
2716,67.9,3.290285671e-01,2.527488885e-01,nan,nan,nan,nan
2717,67.925,3.290166562e-01,2.527416684e-01,nan,nan,nan,nan
2718,67.95,3.289990887e-01,2.527299981e-01,nan,nan,nan,nan
2719,67.975,3.289773728e-01,2.527152599e-01,nan,nan,nan,nan
2720,68,3.289889318e-01,2.527061032e-01,nan,nan,nan,nan
2721,68.025,3.290084498e-01,2.527233850e-01,nan,nan,nan,nan
2722,68.05,3.290226468e-01,2.527364201e-01,nan,nan,nan,nan
2723,68.075,3.290317438e-01,2.527450713e-01,nan,nan,nan,nan
2724,68.1,3.290364556e-01,2.527505024e-01,nan,nan,nan,nan
2725,68.125,3.290358695e-01,2.527522620e-01,nan,nan,nan,nan
2726,68.15,3.290297059e-01,2.527496469e-01,nan,nan,nan,nan
2727,68.175,3.290176401e-01,2.527424037e-01,nan,nan,nan,nan
2728,68.2,3.290008885e-01,2.527310400e-01,nan,nan,nan,nan
2729,68.225,3.289799469e-01,2.527171614e-01,nan,nan,nan,nan
2730,68.25,3.289878544e-01,2.527051929e-01,nan,nan,nan,nan
2731,68.275,3.290079018e-01,2.527228758e-01,nan,nan,nan,nan
2732,68.3,3.290221795e-01,2.527360656e-01,nan,nan,nan,nan
2733,68.325,3.290320758e-01,2.527447288e-01,nan,nan,nan,nan
2734,68.35,3.290373382e-01,2.527511246e-01,nan,nan,nan,nan
2735,68.375,3.290368431e-01,2.527530540e-01,nan,nan,nan,nan
2736,68.4,3.290302481e-01,2.527501961e-01,nan,nan,nan,nan
2737,68.425,3.290185697e-01,2.527423846e-01,nan,nan,nan,nan
2738,68.45,3.290033042e-01,2.527329764e-01,nan,nan,nan,nan
2739,68.475,3.289819315e-01,2.527188624e-01,nan,nan,nan,nan
2740,68.5,3.289872703e-01,2.527047876e-01,nan,nan,nan,nan
2741,68.525,3.290071260e-01,2.527224455e-01,nan,nan,nan,nan
2742,68.55,3.290219117e-01,2.527351883e-01,nan,nan,nan,nan
2743,68.575,3.290329196e-01,2.527454469e-01,nan,nan,nan,nan
2744,68.6,3.290380089e-01,2.527518414e-01,nan,nan,nan,nan
2745,68.625,3.290368754e-01,2.527533321e-01,nan,nan,nan,nan
2746,68.65,3.290303673e-01,2.527498055e-01,nan,nan,nan,nan
2747,68.675,3.290206847e-01,2.527441708e-01,nan,nan,nan,nan
2748,68.7,3.290047871e-01,2.527344108e-01,nan,nan,nan,nan
2749,68.725,3.289826744e-01,2.527196236e-01,nan,nan,nan,nan
2750,68.75,3.289860685e-01,2.527041700e-01,nan,nan,nan,nan
2751,68.775,3.290059353e-01,2.527212352e-01,nan,nan,nan,nan
2752,68.8,3.290225654e-01,2.527351985e-01,nan,nan,nan,nan
2753,68.825,3.290331645e-01,2.527459725e-01,nan,nan,nan,nan
2754,68.85,3.290375108e-01,2.527517888e-01,nan,nan,nan,nan
2755,68.875,3.290362373e-01,2.527526045e-01,nan,nan,nan,nan
2756,68.9,3.290320535e-01,2.527507124e-01,nan,nan,nan,nan
2757,68.925,3.290216392e-01,2.527452737e-01,nan,nan,nan,nan
2758,68.95,3.290050978e-01,2.527348395e-01,nan,nan,nan,nan
2759,68.975,3.289828100e-01,2.527196105e-01,nan,nan,nan,nan
2760,69,3.289841158e-01,2.527026082e-01,nan,nan,nan,nan
2761,69.025,3.290062409e-01,2.527203548e-01,nan,nan,nan,nan
2762,69.05,3.290222965e-01,2.527354282e-01,nan,nan,nan,nan
2763,69.075,3.290321677e-01,2.527455652e-01,nan,nan,nan,nan
2764,69.1,3.290361490e-01,2.527507940e-01,nan,nan,nan,nan
2765,69.125,3.290374012e-01,2.527525861e-01,nan,nan,nan,nan
2766,69.15,3.290325052e-01,2.527514540e-01,nan,nan,nan,nan
2767,69.175,3.290216460e-01,2.527454344e-01,nan,nan,nan,nan
2768,69.2,3.290051874e-01,2.527347480e-01,nan,nan,nan,nan
2769,69.225,3.289846333e-01,2.527202767e-01,nan,nan,nan,nan
2770,69.25,3.289839318e-01,2.527030048e-01,nan,nan,nan,nan
2771,69.275,3.290054182e-01,2.527202098e-01,nan,nan,nan,nan
2772,69.3,3.290208799e-01,2.527346806e-01,nan,nan,nan,nan
2773,69.325,3.290305732e-01,2.527443981e-01,nan,nan,nan,nan
2774,69.35,3.290367450e-01,2.527497970e-01,nan,nan,nan,nan
2775,69.375,3.290374233e-01,2.527529756e-01,nan,nan,nan,nan
2776,69.4,3.290323520e-01,2.527514366e-01,nan,nan,nan,nan
2777,69.425,3.290218184e-01,2.527453793e-01,nan,nan,nan,nan
2778,69.45,3.290057593e-01,2.527342106e-01,nan,nan,nan,nan
2779,69.475,3.289859192e-01,2.527214037e-01,nan,nan,nan,nan
2780,69.5,3.289825680e-01,2.527040974e-01,nan,nan,nan,nan
2781,69.525,3.290036948e-01,2.527191720e-01,nan,nan,nan,nan
2782,69.55,3.290192685e-01,2.527334462e-01,nan,nan,nan,nan
2783,69.575,3.290301272e-01,2.527433242e-01,nan,nan,nan,nan
2784,69.6,3.290364455e-01,2.527498796e-01,nan,nan,nan,nan
2785,69.625,3.290372464e-01,2.527528805e-01,nan,nan,nan,nan
2786,69.65,3.290295108e-01,2.527515084e-01,nan,nan,nan,nan
2787,69.675,3.290209955e-01,2.527435375e-01,nan,nan,nan,nan
2788,69.7,3.290070114e-01,2.527352463e-01,nan,nan,nan,nan
2789,69.725,3.289807313e-01,2.527226186e-01,nan,nan,nan,nan
2790,69.75,3.289806653e-01,2.527001571e-01,nan,nan,nan,nan
2791,69.775,3.290021758e-01,2.527179672e-01,nan,nan,nan,nan
2792,69.8,3.290176103e-01,2.527303571e-01,nan,nan,nan,nan
2793,69.825,3.290296294e-01,2.527422186e-01,nan,nan,nan,nan
2794,69.85,3.290363509e-01,2.527498000e-01,nan,nan,nan,nan
2795,69.875,3.290332582e-01,2.527478521e-01,nan,nan,nan,nan
2796,69.9,3.290304040e-01,2.527483143e-01,nan,nan,nan,nan
2797,69.925,3.290223164e-01,2.527445718e-01,nan,nan,nan,nan
2798,69.95,3.290007606e-01,2.527283614e-01,nan,nan,nan,nan
2799,69.975,3.289829995e-01,2.527173865e-01,nan,nan,nan,nan
2800,70,3.289763665e-01,2.527022916e-01,nan,nan,nan,nan
2801,70.025,3.289992690e-01,2.527138148e-01,nan,nan,nan,nan
2802,70.05,3.290170301e-01,2.527300505e-01,nan,nan,nan,nan
2803,70.075,3.290233137e-01,2.527422238e-01,nan,nan,nan,nan
2804,70.1,3.290312026e-01,2.527438168e-01,nan,nan,nan,nan
2805,70.125,3.290340444e-01,2.527486026e-01,nan,nan,nan,nan
2806,70.15,3.290221812e-01,2.527494134e-01,nan,nan,nan,nan
2807,70.175,3.290150115e-01,2.527368554e-01,nan,nan,nan,nan
2808,70.2,3.290028950e-01,2.527301494e-01,nan,nan,nan,nan
2809,70.225,3.289729883e-01,2.527195635e-01,nan,nan,nan,nan
2810,70.25,3.289751822e-01,2.526929500e-01,nan,nan,nan,nan
2811,70.275,3.289986930e-01,2.527134314e-01,nan,nan,nan,nan
2812,70.3,3.290101240e-01,2.527225398e-01,nan,nan,nan,nan
2813,70.325,3.290234258e-01,2.527353517e-01,nan,nan,nan,nan
2814,70.35,3.290319667e-01,2.527444623e-01,nan,nan,nan,nan
2815,70.375,3.290253868e-01,2.527397937e-01,nan,nan,nan,nan
2816,70.4,3.290235683e-01,2.527409484e-01,nan,nan,nan,nan
2817,70.425,3.290170957e-01,2.527385091e-01,nan,nan,nan,nan
2818,70.45,3.289926132e-01,2.527201725e-01,nan,nan,nan,nan
2819,70.475,3.289756280e-01,2.527096244e-01,nan,nan,nan,nan
2820,70.5,3.289689277e-01,2.526955903e-01,nan,nan,nan,nan
2821,70.525,3.289912770e-01,2.527056770e-01,nan,nan,nan,nan
2822,70.55,3.290100044e-01,2.527225328e-01,nan,nan,nan,nan
2823,70.575,3.290150347e-01,2.527359456e-01,nan,nan,nan,nan
2824,70.6,3.290229649e-01,2.527355795e-01,nan,nan,nan,nan
2825,70.625,3.290265096e-01,2.527407173e-01,nan,nan,nan,nan
2826,70.65,3.290140434e-01,2.527425206e-01,nan,nan,nan,nan
2827,70.675,3.290066412e-01,2.527286311e-01,nan,nan,nan,nan
2828,70.7,3.289949563e-01,2.527220054e-01,nan,nan,nan,nan
2829,70.725,3.289651014e-01,2.527121529e-01,nan,nan,nan,nan
2830,70.75,3.289668626e-01,2.526853605e-01,nan,nan,nan,nan
2831,70.775,3.289941125e-01,2.527054306e-01,nan,nan,nan,nan
2832,70.8,3.290047665e-01,2.527201549e-01,nan,nan,nan,nan
2833,70.825,3.290150055e-01,2.527271192e-01,nan,nan,nan,nan
2834,70.85,3.290239011e-01,2.527362334e-01,nan,nan,nan,nan
2835,70.875,3.290175579e-01,2.527360973e-01,nan,nan,nan,nan
2836,70.9,3.290151618e-01,2.527328717e-01,nan,nan,nan,nan
2837,70.925,3.290087669e-01,2.527301648e-01,nan,nan,nan,nan
2838,70.95,3.289851708e-01,2.527151889e-01,nan,nan,nan,nan
2839,70.975,3.289673493e-01,2.527018121e-01,nan,nan,nan,nan
2840,71,3.289752031e-01,2.526948214e-01,nan,nan,nan,nan
2841,71.025,3.289911128e-01,2.527079755e-01,nan,nan,nan,nan
2842,71.05,3.290030173e-01,2.527180251e-01,nan,nan,nan,nan
2843,71.075,3.290197373e-01,2.527351371e-01,nan,nan,nan,nan
2844,71.1,3.290203768e-01,2.527365972e-01,nan,nan,nan,nan
2845,71.125,3.290182544e-01,2.527348513e-01,nan,nan,nan,nan
2846,71.15,3.290162436e-01,2.527385408e-01,nan,nan,nan,nan
2847,71.175,3.290016539e-01,2.527283476e-01,nan,nan,nan,nan
2848,71.2,3.289869720e-01,2.527148463e-01,nan,nan,nan,nan
2849,71.225,3.289647054e-01,2.527050155e-01,nan,nan,nan,nan
2850,71.25,3.289720773e-01,2.526916605e-01,nan,nan,nan,nan
2851,71.275,3.290013331e-01,2.527056929e-01,nan,nan,nan,nan
2852,71.3,3.290118113e-01,2.527272919e-01,nan,nan,nan,nan
2853,71.325,3.290178304e-01,2.527329348e-01,nan,nan,nan,nan
2854,71.35,3.290293292e-01,2.527352242e-01,nan,nan,nan,nan
2855,71.375,3.290247327e-01,2.527432763e-01,nan,nan,nan,nan
2856,71.4,3.290155761e-01,2.527373173e-01,nan,nan,nan,nan
2857,71.425,3.290092201e-01,2.527279045e-01,nan,nan,nan,nan
2858,71.45,3.289895873e-01,2.527223109e-01,nan,nan,nan,nan
2859,71.475,3.289652979e-01,2.527047904e-01,nan,nan,nan,nan
2860,71.5,3.289823398e-01,2.527015816e-01,nan,nan,nan,nan
2861,71.525,3.289983846e-01,2.527151751e-01,nan,nan,nan,nan
2862,71.55,3.290098183e-01,2.527250714e-01,nan,nan,nan,nan
2863,71.575,3.290266758e-01,2.527415829e-01,nan,nan,nan,nan
2864,71.6,3.290276938e-01,2.527437137e-01,nan,nan,nan,nan
2865,71.625,3.290240065e-01,2.527420592e-01,nan,nan,nan,nan
2866,71.65,3.290228892e-01,2.527445847e-01,nan,nan,nan,nan
2867,71.675,3.290089153e-01,2.527352836e-01,nan,nan,nan,nan
2868,71.7,3.289901478e-01,2.527221159e-01,nan,nan,nan,nan
2869,71.725,3.289709681e-01,2.527105763e-01,nan,nan,nan,nan
2870,71.75,3.289794165e-01,2.526987646e-01,nan,nan,nan,nan
2871,71.775,3.290067125e-01,2.527129531e-01,nan,nan,nan,nan
2872,71.8,3.290183898e-01,2.527332393e-01,nan,nan,nan,nan
2873,71.825,3.290250873e-01,2.527398326e-01,nan,nan,nan,nan
2874,71.85,3.290341156e-01,2.527425197e-01,nan,nan,nan,nan
2875,71.875,3.290309042e-01,2.527487189e-01,nan,nan,nan,nan
2876,71.9,3.290226514e-01,2.527439149e-01,nan,nan,nan,nan
2877,71.925,3.290133503e-01,2.527351350e-01,nan,nan,nan,nan
2878,71.95,3.289952690e-01,2.527271763e-01,nan,nan,nan,nan
2879,71.975,3.289720952e-01,2.527109987e-01,nan,nan,nan,nan
2880,72,3.289869794e-01,2.527052866e-01,nan,nan,nan,nan
2881,72.025,3.290044585e-01,2.527204934e-01,nan,nan,nan,nan
2882,72.05,3.290168556e-01,2.527315989e-01,nan,nan,nan,nan
2883,72.075,3.290306421e-01,2.527445611e-01,nan,nan,nan,nan
2884,72.1,3.290332556e-01,2.527484353e-01,nan,nan,nan,nan
2885,72.125,3.290307400e-01,2.527481734e-01,nan,nan,nan,nan
2886,72.15,3.290261308e-01,2.527467986e-01,nan,nan,nan,nan
2887,72.175,3.290138910e-01,2.527393463e-01,nan,nan,nan,nan
2888,72.2,3.289964866e-01,2.527277349e-01,nan,nan,nan,nan
2889,72.225,3.289737855e-01,2.527119990e-01,nan,nan,nan,nan
2890,72.25,3.289848520e-01,2.527033368e-01,nan,nan,nan,nan
2891,72.275,3.290077960e-01,2.527189665e-01,nan,nan,nan,nan
2892,72.3,3.290214483e-01,2.527352589e-01,nan,nan,nan,nan
2893,72.325,3.290299166e-01,2.527437291e-01,nan,nan,nan,nan
2894,72.35,3.290343808e-01,2.527480159e-01,nan,nan,nan,nan
2895,72.375,3.290331855e-01,2.527499396e-01,nan,nan,nan,nan
2896,72.4,3.290268112e-01,2.527470854e-01,nan,nan,nan,nan
2897,72.425,3.290151455e-01,2.527400409e-01,nan,nan,nan,nan
2898,72.45,3.289979321e-01,2.527286575e-01,nan,nan,nan,nan
2899,72.475,3.289755315e-01,2.527134030e-01,nan,nan,nan,nan
2900,72.5,3.289870347e-01,2.527043011e-01,nan,nan,nan,nan
2901,72.525,3.290065413e-01,2.527215094e-01,nan,nan,nan,nan
2902,72.55,3.290208459e-01,2.527345842e-01,nan,nan,nan,nan
2903,72.575,3.290298786e-01,2.527433913e-01,nan,nan,nan,nan
2904,72.6,3.290345255e-01,2.527486352e-01,nan,nan,nan,nan
2905,72.625,3.290339920e-01,2.527503814e-01,nan,nan,nan,nan
2906,72.65,3.290280013e-01,2.527478690e-01,nan,nan,nan,nan
2907,72.675,3.290162252e-01,2.527408448e-01,nan,nan,nan,nan
2908,72.7,3.289989592e-01,2.527291389e-01,nan,nan,nan,nan
2909,72.725,3.289781356e-01,2.527153091e-01,nan,nan,nan,nan
2910,72.75,3.289859125e-01,2.527033259e-01,nan,nan,nan,nan
2911,72.775,3.290059911e-01,2.527209744e-01,nan,nan,nan,nan
2912,72.8,3.290204210e-01,2.527342461e-01,nan,nan,nan,nan
2913,72.825,3.290301464e-01,2.527429028e-01,nan,nan,nan,nan
2914,72.85,3.290353849e-01,2.527492121e-01,nan,nan,nan,nan
2915,72.875,3.290349866e-01,2.527511691e-01,nan,nan,nan,nan
2916,72.9,3.290286101e-01,2.527484575e-01,nan,nan,nan,nan
2917,72.925,3.290165991e-01,2.527409092e-01,nan,nan,nan,nan
2918,72.95,3.290013744e-01,2.527310507e-01,nan,nan,nan,nan
2919,72.975,3.289801652e-01,2.527170285e-01,nan,nan,nan,nan
2920,73,3.289852963e-01,2.527028669e-01,nan,nan,nan,nan
2921,73.025,3.290052271e-01,2.527205310e-01,nan,nan,nan,nan
2922,73.05,3.290200294e-01,2.527333993e-01,nan,nan,nan,nan
2923,73.075,3.290309379e-01,2.527435487e-01,nan,nan,nan,nan
2924,73.1,3.290360459e-01,2.527498955e-01,nan,nan,nan,nan
2925,73.125,3.290350548e-01,2.527514565e-01,nan,nan,nan,nan
2926,73.15,3.290284031e-01,2.527481210e-01,nan,nan,nan,nan
2927,73.175,3.290186832e-01,2.527422185e-01,nan,nan,nan,nan
2928,73.2,3.290028711e-01,2.527324734e-01,nan,nan,nan,nan
2929,73.225,3.289809690e-01,2.527178224e-01,nan,nan,nan,nan
2930,73.25,3.289840756e-01,2.527022072e-01,nan,nan,nan,nan
2931,73.275,3.290041452e-01,2.527193210e-01,nan,nan,nan,nan
2932,73.3,3.290206032e-01,2.527333603e-01,nan,nan,nan,nan
2933,73.325,3.290311429e-01,2.527440129e-01,nan,nan,nan,nan
2934,73.35,3.290355524e-01,2.527498222e-01,nan,nan,nan,nan
2935,73.375,3.290343268e-01,2.527507525e-01,nan,nan,nan,nan
2936,73.4,3.290300291e-01,2.527487807e-01,nan,nan,nan,nan
2937,73.425,3.290196203e-01,2.527432801e-01,nan,nan,nan,nan
2938,73.45,3.290032109e-01,2.527329041e-01,nan,nan,nan,nan
2939,73.475,3.289811821e-01,2.527178573e-01,nan,nan,nan,nan
2940,73.5,3.289824605e-01,2.527006155e-01,nan,nan,nan,nan
2941,73.525,3.290043453e-01,2.527186206e-01,nan,nan,nan,nan
2942,73.55,3.290202652e-01,2.527335021e-01,nan,nan,nan,nan
2943,73.575,3.290301192e-01,2.527435553e-01,nan,nan,nan,nan
2944,73.6,3.290343380e-01,2.527488200e-01,nan,nan,nan,nan
2945,73.625,3.290354027e-01,2.527507214e-01,nan,nan,nan,nan
2946,73.65,3.290304327e-01,2.527494526e-01,nan,nan,nan,nan
2947,73.675,3.290196241e-01,2.527434120e-01,nan,nan,nan,nan
2948,73.7,3.290033460e-01,2.527328291e-01,nan,nan,nan,nan
2949,73.725,3.289825632e-01,2.527183089e-01,nan,nan,nan,nan
2950,73.75,3.289821483e-01,2.527009603e-01,nan,nan,nan,nan
2951,73.775,3.290034263e-01,2.527183635e-01,nan,nan,nan,nan
2952,73.8,3.290187912e-01,2.527326763e-01,nan,nan,nan,nan
2953,73.825,3.290285120e-01,2.527423502e-01,nan,nan,nan,nan
2954,73.85,3.290348206e-01,2.527480440e-01,nan,nan,nan,nan
2955,73.875,3.290353473e-01,2.527510147e-01,nan,nan,nan,nan
2956,73.9,3.290302444e-01,2.527493766e-01,nan,nan,nan,nan
2957,73.925,3.290198089e-01,2.527433417e-01,nan,nan,nan,nan
2958,73.95,3.290037222e-01,2.527323174e-01,nan,nan,nan,nan
2959,73.975,3.289837924e-01,2.527193577e-01,nan,nan,nan,nan
2960,74,3.289806635e-01,2.527020158e-01,nan,nan,nan,nan
2961,74.025,3.290016166e-01,2.527172215e-01,nan,nan,nan,nan
2962,74.05,3.290171351e-01,2.527313741e-01,nan,nan,nan,nan
2963,74.075,3.290283230e-01,2.527412514e-01,nan,nan,nan,nan
2964,74.1,3.290344162e-01,2.527480064e-01,nan,nan,nan,nan
2965,74.125,3.290351043e-01,2.527508327e-01,nan,nan,nan,nan
2966,74.15,3.290278285e-01,2.527494018e-01,nan,nan,nan,nan
2967,74.175,3.290190403e-01,2.527417644e-01,nan,nan,nan,nan
2968,74.2,3.290048878e-01,2.527332484e-01,nan,nan,nan,nan
2969,74.225,3.289791909e-01,2.527205052e-01,nan,nan,nan,nan
2970,74.25,3.289786477e-01,2.526985052e-01,nan,nan,nan,nan
2971,74.275,3.290000221e-01,2.527159212e-01,nan,nan,nan,nan
2972,74.3,3.290159693e-01,2.527289491e-01,nan,nan,nan,nan
2973,74.325,3.290276957e-01,2.527404780e-01,nan,nan,nan,nan
2974,74.35,3.290342262e-01,2.527478139e-01,nan,nan,nan,nan
2975,74.375,3.290317670e-01,2.527466094e-01,nan,nan,nan,nan
2976,74.4,3.290285776e-01,2.527467035e-01,nan,nan,nan,nan
2977,74.425,3.290202473e-01,2.527426698e-01,nan,nan,nan,nan
2978,74.45,3.289994364e-01,2.527272976e-01,nan,nan,nan,nan
2979,74.475,3.289813023e-01,2.527159242e-01,nan,nan,nan,nan
2980,74.5,3.289753447e-01,2.527004968e-01,nan,nan,nan,nan
2981,74.525,3.289978302e-01,2.527126314e-01,nan,nan,nan,nan
2982,74.55,3.290152382e-01,2.527284840e-01,nan,nan,nan,nan
2983,74.575,3.290224897e-01,2.527403471e-01,nan,nan,nan,nan
2984,74.6,3.290299378e-01,2.527428181e-01,nan,nan,nan,nan
2985,74.625,3.290323905e-01,2.527471923e-01,nan,nan,nan,nan
2986,74.65,3.290215633e-01,2.527476532e-01,nan,nan,nan,nan
2987,74.675,3.290139345e-01,2.527360521e-01,nan,nan,nan,nan
2988,74.7,3.290013983e-01,2.527289113e-01,nan,nan,nan,nan
2989,74.725,3.289725818e-01,2.527179404e-01,nan,nan,nan,nan
2990,74.75,3.289739794e-01,2.526923497e-01,nan,nan,nan,nan
2991,74.775,3.289970858e-01,2.527120761e-01,nan,nan,nan,nan
2992,74.8,3.290095824e-01,2.527222712e-01,nan,nan,nan,nan
2993,74.825,3.290224169e-01,2.527346203e-01,nan,nan,nan,nan
2994,74.85,3.290305246e-01,2.527432859e-01,nan,nan,nan,nan
2995,74.875,3.290250593e-01,2.527397342e-01,nan,nan,nan,nan
2996,74.9,3.290227635e-01,2.527404237e-01,nan,nan,nan,nan
2997,74.925,3.290158349e-01,2.527375242e-01,nan,nan,nan,nan
2998,74.95,3.289925014e-01,2.527203206e-01,nan,nan,nan,nan
2999,74.975,3.289750353e-01,2.527093105e-01,nan,nan,nan,nan
3000,75,3.289704884e-01,2.526948071e-01,nan,nan,nan,nan
3001,75.025,3.289910296e-01,2.527056966e-01,nan,nan,nan,nan
3002,75.05,3.290092746e-01,2.527220852e-01,nan,nan,nan,nan
3003,75.075,3.290154634e-01,2.527350306e-01,nan,nan,nan,nan
3004,75.1,3.290229345e-01,2.527358065e-01,nan,nan,nan,nan
3005,75.125,3.290259955e-01,2.527404827e-01,nan,nan,nan,nan
3006,75.15,3.290146702e-01,2.527418117e-01,nan,nan,nan,nan
3007,75.175,3.290068256e-01,2.527290602e-01,nan,nan,nan,nan
3008,75.2,3.289946617e-01,2.527219843e-01,nan,nan,nan,nan
3009,75.225,3.289659160e-01,2.527116565e-01,nan,nan,nan,nan
3010,75.25,3.289679245e-01,2.526868770e-01,nan,nan,nan,nan
3011,75.275,3.289952155e-01,2.527052765e-01,nan,nan,nan,nan
3012,75.3,3.290061430e-01,2.527213660e-01,nan,nan,nan,nan
3013,75.325,3.290152716e-01,2.527277011e-01,nan,nan,nan,nan
3014,75.35,3.290236889e-01,2.527362935e-01,nan,nan,nan,nan
3015,75.375,3.290187836e-01,2.527371842e-01,nan,nan,nan,nan
3016,75.4,3.290156366e-01,2.527335703e-01,nan,nan,nan,nan
3017,75.425,3.290087763e-01,2.527304359e-01,nan,nan,nan,nan
3018,75.45,3.289862290e-01,2.527161387e-01,nan,nan,nan,nan
3019,75.475,3.289680245e-01,2.527026916e-01,nan,nan,nan,nan
3020,75.5,3.289761148e-01,2.526955264e-01,nan,nan,nan,nan
3021,75.525,3.289923399e-01,2.527090166e-01,nan,nan,nan,nan
3022,75.55,3.290044911e-01,2.527193453e-01,nan,nan,nan,nan
3023,75.575,3.290204938e-01,2.527356810e-01,nan,nan,nan,nan
3024,75.6,3.290214740e-01,2.527374967e-01,nan,nan,nan,nan
3025,75.625,3.290190071e-01,2.527360588e-01,nan,nan,nan,nan
3026,75.65,3.290168363e-01,2.527389176e-01,nan,nan,nan,nan
3027,75.675,3.290026082e-01,2.527290950e-01,nan,nan,nan,nan
3028,75.7,3.289879105e-01,2.527159265e-01,nan,nan,nan,nan
3029,75.725,3.289651279e-01,2.527052216e-01,nan,nan,nan,nan
3030,75.75,3.289731268e-01,2.526925080e-01,nan,nan,nan,nan
3031,75.775,3.290014742e-01,2.527068586e-01,nan,nan,nan,nan
3032,75.8,3.290123449e-01,2.527276087e-01,nan,nan,nan,nan
3033,75.825,3.290187324e-01,2.527336267e-01,nan,nan,nan,nan
3034,75.85,3.290292947e-01,2.527362575e-01,nan,nan,nan,nan
3035,75.875,3.290250941e-01,2.527434214e-01,nan,nan,nan,nan
3036,75.9,3.290163204e-01,2.527378459e-01,nan,nan,nan,nan
3037,75.925,3.290090116e-01,2.527287932e-01,nan,nan,nan,nan
3038,75.95,3.289897731e-01,2.527222838e-01,nan,nan,nan,nan
3039,75.975,3.289658760e-01,2.527051502e-01,nan,nan,nan,nan
3040,76,3.289822434e-01,2.527012836e-01,nan,nan,nan,nan
3041,76.025,3.289986841e-01,2.527152588e-01,nan,nan,nan,nan
3042,76.05,3.290105050e-01,2.527255406e-01,nan,nan,nan,nan
3043,76.075,3.290264063e-01,2.527411216e-01,nan,nan,nan,nan
3044,76.1,3.290278168e-01,2.527436252e-01,nan,nan,nan,nan
3045,76.125,3.290245243e-01,2.527423578e-01,nan,nan,nan,nan
3046,76.15,3.290224513e-01,2.527439673e-01,nan,nan,nan,nan
3047,76.175,3.290088616e-01,2.527350253e-01,nan,nan,nan,nan
3048,76.2,3.289904914e-01,2.527222416e-01,nan,nan,nan,nan
3049,76.225,3.289703686e-01,2.527098116e-01,nan,nan,nan,nan
3050,76.25,3.289794762e-01,2.526986147e-01,nan,nan,nan,nan
3051,76.275,3.290058757e-01,2.527131898e-01,nan,nan,nan,nan
3052,76.3,3.290178931e-01,2.527325680e-01,nan,nan,nan,nan
3053,76.325,3.290249704e-01,2.527395142e-01,nan,nan,nan,nan
3054,76.35,3.290331445e-01,2.527425828e-01,nan,nan,nan,nan
3055,76.375,3.290302488e-01,2.527479040e-01,nan,nan,nan,nan
3056,76.4,3.290223609e-01,2.527434332e-01,nan,nan,nan,nan
3057,76.425,3.290122584e-01,2.527350249e-01,nan,nan,nan,nan
3058,76.45,3.289944643e-01,2.527262292e-01,nan,nan,nan,nan
3059,76.475,3.289716359e-01,2.527103610e-01,nan,nan,nan,nan
3060,76.5,3.289859632e-01,2.527041587e-01,nan,nan,nan,nan
3061,76.525,3.290037479e-01,2.527196293e-01,nan,nan,nan,nan
3062,76.55,3.290165032e-01,2.527310595e-01,nan,nan,nan,nan
3063,76.575,3.290295101e-01,2.527433381e-01,nan,nan,nan,nan
3064,76.6,3.290323994e-01,2.527474435e-01,nan,nan,nan,nan
3065,76.625,3.290302210e-01,2.527474811e-01,nan,nan,nan,nan
3066,76.65,3.290248983e-01,2.527454969e-01,nan,nan,nan,nan
3067,76.675,3.290129013e-01,2.527382403e-01,nan,nan,nan,nan
3068,76.7,3.289958089e-01,2.527268996e-01,nan,nan,nan,nan
3069,76.725,3.289734710e-01,2.527114445e-01,nan,nan,nan,nan
3070,76.75,3.289839455e-01,2.527023015e-01,nan,nan,nan,nan
3071,76.775,3.290063858e-01,2.527182204e-01,nan,nan,nan,nan
3072,76.8,3.290201831e-01,2.527339328e-01,nan,nan,nan,nan
3073,76.825,3.290288813e-01,2.527425848e-01,nan,nan,nan,nan
3074,76.85,3.290329338e-01,2.527471307e-01,nan,nan,nan,nan
3075,76.875,3.290318424e-01,2.527485583e-01,nan,nan,nan,nan
3076,76.9,3.290256612e-01,2.527458475e-01,nan,nan,nan,nan
3077,76.925,3.290142668e-01,2.527390289e-01,nan,nan,nan,nan
3078,76.95,3.289973876e-01,2.527279409e-01,nan,nan,nan,nan
3079,76.975,3.289748000e-01,2.527123910e-01,nan,nan,nan,nan
3080,77,3.289855783e-01,2.527028659e-01,nan,nan,nan,nan
3081,77.025,3.290051735e-01,2.527201119e-01,nan,nan,nan,nan
3082,77.05,3.290196569e-01,2.527333155e-01,nan,nan,nan,nan
3083,77.075,3.290287670e-01,2.527423354e-01,nan,nan,nan,nan
3084,77.1,3.290331040e-01,2.527472072e-01,nan,nan,nan,nan
3085,77.125,3.290327097e-01,2.527490418e-01,nan,nan,nan,nan
3086,77.15,3.290269435e-01,2.527467054e-01,nan,nan,nan,nan
3087,77.175,3.290154650e-01,2.527399352e-01,nan,nan,nan,nan
3088,77.2,3.289980984e-01,2.527285245e-01,nan,nan,nan,nan
3089,77.225,3.289769643e-01,2.527140535e-01,nan,nan,nan,nan
3090,77.25,3.289844750e-01,2.527018904e-01,nan,nan,nan,nan
3091,77.275,3.290046775e-01,2.527196121e-01,nan,nan,nan,nan
3092,77.3,3.290193183e-01,2.527330455e-01,nan,nan,nan,nan
3093,77.325,3.290286806e-01,2.527418939e-01,nan,nan,nan,nan
3094,77.35,3.290340015e-01,2.527478030e-01,nan,nan,nan,nan
3095,77.375,3.290337759e-01,2.527498824e-01,nan,nan,nan,nan
3096,77.4,3.290276535e-01,2.527473776e-01,nan,nan,nan,nan
3097,77.425,3.290155480e-01,2.527401096e-01,nan,nan,nan,nan
3098,77.45,3.290000719e-01,2.527296950e-01,nan,nan,nan,nan
3099,77.475,3.289790817e-01,2.527158423e-01,nan,nan,nan,nan
3100,77.5,3.289838899e-01,2.527014437e-01,nan,nan,nan,nan
3101,77.525,3.290039787e-01,2.527192150e-01,nan,nan,nan,nan
3102,77.55,3.290185540e-01,2.527322764e-01,nan,nan,nan,nan
3103,77.575,3.290294866e-01,2.527421038e-01,nan,nan,nan,nan
3104,77.6,3.290347119e-01,2.527485169e-01,nan,nan,nan,nan
3105,77.625,3.290339258e-01,2.527502330e-01,nan,nan,nan,nan
3106,77.65,3.290271535e-01,2.527471336e-01,nan,nan,nan,nan
3107,77.675,3.290172813e-01,2.527407953e-01,nan,nan,nan,nan
3108,77.7,3.290016354e-01,2.527311656e-01,nan,nan,nan,nan
3109,77.725,3.289799823e-01,2.527167152e-01,nan,nan,nan,nan
3110,77.75,3.289827119e-01,2.527008078e-01,nan,nan,nan,nan
3111,77.775,3.290026950e-01,2.527180618e-01,nan,nan,nan,nan
3112,77.8,3.290191187e-01,2.527319139e-01,nan,nan,nan,nan
3113,77.825,3.290297179e-01,2.527425756e-01,nan,nan,nan,nan
3114,77.85,3.290342786e-01,2.527484849e-01,nan,nan,nan,nan
3115,77.875,3.290329370e-01,2.527496018e-01,nan,nan,nan,nan
3116,77.9,3.290285614e-01,2.527473241e-01,nan,nan,nan,nan
3117,77.925,3.290182628e-01,2.527418824e-01,nan,nan,nan,nan
3118,77.95,3.290020521e-01,2.527316544e-01,nan,nan,nan,nan
3119,77.975,3.289803013e-01,2.527168381e-01,nan,nan,nan,nan
3120,78,3.289810695e-01,2.526992508e-01,nan,nan,nan,nan
3121,78.025,3.290028630e-01,2.527172068e-01,nan,nan,nan,nan
3122,78.05,3.290187836e-01,2.527320405e-01,nan,nan,nan,nan
3123,78.075,3.290287318e-01,2.527421368e-01,nan,nan,nan,nan
3124,78.1,3.290329314e-01,2.527475344e-01,nan,nan,nan,nan
3125,78.125,3.290339045e-01,2.527492661e-01,nan,nan,nan,nan
3126,78.15,3.290289862e-01,2.527479987e-01,nan,nan,nan,nan
3127,78.175,3.290183217e-01,2.527420504e-01,nan,nan,nan,nan
3128,78.2,3.290022739e-01,2.527316474e-01,nan,nan,nan,nan
3129,78.225,3.289810766e-01,2.527170740e-01,nan,nan,nan,nan
3130,78.25,3.289807031e-01,2.526995406e-01,nan,nan,nan,nan
3131,78.275,3.290019236e-01,2.527169124e-01,nan,nan,nan,nan
3132,78.3,3.290173239e-01,2.527312106e-01,nan,nan,nan,nan
3133,78.325,3.290271730e-01,2.527409610e-01,nan,nan,nan,nan
3134,78.35,3.290333275e-01,2.527466246e-01,nan,nan,nan,nan
3135,78.375,3.290338469e-01,2.527495395e-01,nan,nan,nan,nan
3136,78.4,3.290288302e-01,2.527479361e-01,nan,nan,nan,nan
3137,78.425,3.290185720e-01,2.527420264e-01,nan,nan,nan,nan
3138,78.45,3.290022080e-01,2.527308515e-01,nan,nan,nan,nan
3139,78.475,3.289823216e-01,2.527178847e-01,nan,nan,nan,nan
3140,78.5,3.289791753e-01,2.527006268e-01,nan,nan,nan,nan
3141,78.525,3.290001046e-01,2.527157439e-01,nan,nan,nan,nan
3142,78.55,3.290156930e-01,2.527299151e-01,nan,nan,nan,nan
3143,78.575,3.290268705e-01,2.527399019e-01,nan,nan,nan,nan
3144,78.6,3.290328977e-01,2.527465451e-01,nan,nan,nan,nan
3145,78.625,3.290336125e-01,2.527493481e-01,nan,nan,nan,nan
3146,78.65,3.290264300e-01,2.527479851e-01,nan,nan,nan,nan
3147,78.675,3.290175346e-01,2.527403378e-01,nan,nan,nan,nan
3148,78.7,3.290033658e-01,2.527317573e-01,nan,nan,nan,nan
3149,78.725,3.289778638e-01,2.527190399e-01,nan,nan,nan,nan
3150,78.75,3.289771273e-01,2.526971312e-01,nan,nan,nan,nan
3151,78.775,3.289985118e-01,2.527144275e-01,nan,nan,nan,nan
3152,78.8,3.290145916e-01,2.527276996e-01,nan,nan,nan,nan
3153,78.825,3.290261954e-01,2.527390652e-01,nan,nan,nan,nan
3154,78.85,3.290326929e-01,2.527463208e-01,nan,nan,nan,nan
3155,78.875,3.290304670e-01,2.527454541e-01,nan,nan,nan,nan
3156,78.9,3.290271163e-01,2.527453498e-01,nan,nan,nan,nan
3157,78.925,3.290187108e-01,2.527411963e-01,nan,nan,nan,nan
3158,78.95,3.289982300e-01,2.527262505e-01,nan,nan,nan,nan
3159,78.975,3.289798982e-01,2.527146465e-01,nan,nan,nan,nan
3160,79,3.289743224e-01,2.526990615e-01,nan,nan,nan,nan
3161,79.025,3.289965595e-01,2.527115117e-01,nan,nan,nan,nan
3162,79.05,3.290137917e-01,2.527271530e-01,nan,nan,nan,nan
3163,79.075,3.290215954e-01,2.527388811e-01,nan,nan,nan,nan
3164,79.1,3.290287665e-01,2.527418117e-01,nan,nan,nan,nan
3165,79.125,3.290310080e-01,2.527459435e-01,nan,nan,nan,nan
3166,79.15,3.290208075e-01,2.527462323e-01,nan,nan,nan,nan
3167,79.175,3.290128769e-01,2.527351708e-01,nan,nan,nan,nan
3168,79.2,3.290000969e-01,2.527277598e-01,nan,nan,nan,nan
3169,79.225,3.289719732e-01,2.527165823e-01,nan,nan,nan,nan
3170,79.25,3.289728453e-01,2.526916040e-01,nan,nan,nan,nan
3171,79.275,3.289957272e-01,2.527108582e-01,nan,nan,nan,nan
3172,79.3,3.290088775e-01,2.527217606e-01,nan,nan,nan,nan
3173,79.325,3.290214015e-01,2.527337857e-01,nan,nan,nan,nan
3174,79.35,3.290292533e-01,2.527421708e-01,nan,nan,nan,nan
3175,79.375,3.290245045e-01,2.527393767e-01,nan,nan,nan,nan
3176,79.4,3.290218789e-01,2.527397281e-01,nan,nan,nan,nan
3177,79.425,3.290146665e-01,2.527365254e-01,nan,nan,nan,nan
3178,79.45,3.289921027e-01,2.527201197e-01,nan,nan,nan,nan
3179,79.475,3.289742917e-01,2.527087619e-01,nan,nan,nan,nan
3180,79.5,3.289718244e-01,2.526939363e-01,nan,nan,nan,nan
3181,79.525,3.289905297e-01,2.527053949e-01,nan,nan,nan,nan
3182,79.55,3.290084384e-01,2.527214411e-01,nan,nan,nan,nan
3183,79.575,3.290158750e-01,2.527340751e-01,nan,nan,nan,nan
3184,79.6,3.290225926e-01,2.527356624e-01,nan,nan,nan,nan
3185,79.625,3.290253039e-01,2.527399882e-01,nan,nan,nan,nan
3186,79.65,3.290148507e-01,2.527409886e-01,nan,nan,nan,nan
3187,79.675,3.290066450e-01,2.527290744e-01,nan,nan,nan,nan
3188,79.7,3.289941224e-01,2.527216447e-01,nan,nan,nan,nan
3189,79.725,3.289662534e-01,2.527109752e-01,nan,nan,nan,nan
3190,79.75,3.289692710e-01,2.526881810e-01,nan,nan,nan,nan
3191,79.775,3.289962798e-01,2.527048371e-01,nan,nan,nan,nan
3192,79.8,3.290073844e-01,2.527225033e-01,nan,nan,nan,nan
3193,79.825,3.290151495e-01,2.527289729e-01,nan,nan,nan,nan
3194,79.85,3.290241099e-01,2.527360107e-01,nan,nan,nan,nan
3195,79.875,3.290199578e-01,2.527382379e-01,nan,nan,nan,nan
3196,79.9,3.290156771e-01,2.527337979e-01,nan,nan,nan,nan
3197,79.925,3.290084531e-01,2.527303121e-01,nan,nan,nan,nan
3198,79.95,3.289867710e-01,2.527170955e-01,nan,nan,nan,nan
3199,79.975,3.289682259e-01,2.527030715e-01,nan,nan,nan,nan
3200,80,3.289770423e-01,2.526962987e-01,nan,nan,nan,nan
3201,80.025,3.289934875e-01,2.527100386e-01,nan,nan,nan,nan
3202,80.05,3.290057814e-01,2.527205475e-01,nan,nan,nan,nan
3203,80.075,3.290213052e-01,2.527363274e-01,nan,nan,nan,nan
3204,80.1,3.290225347e-01,2.527384177e-01,nan,nan,nan,nan
3205,80.125,3.290195304e-01,2.527371916e-01,nan,nan,nan,nan
3206,80.15,3.290175215e-01,2.527394303e-01,nan,nan,nan,nan
3207,80.175,3.290035686e-01,2.527299035e-01,nan,nan,nan,nan
3208,80.2,3.289883254e-01,2.527169756e-01,nan,nan,nan,nan
3209,80.225,3.289656785e-01,2.527055943e-01,nan,nan,nan,nan
3210,80.25,3.289741548e-01,2.526933920e-01,nan,nan,nan,nan
3211,80.275,3.290017898e-01,2.527079639e-01,nan,nan,nan,nan
3212,80.3,3.290129864e-01,2.527280759e-01,nan,nan,nan,nan
3213,80.325,3.290196560e-01,2.527343949e-01,nan,nan,nan,nan
3214,80.35,3.290294619e-01,2.527372745e-01,nan,nan,nan,nan
3215,80.375,3.290255987e-01,2.527437473e-01,nan,nan,nan,nan
3216,80.4,3.290171279e-01,2.527384886e-01,nan,nan,nan,nan
3217,80.425,3.290090288e-01,2.527297091e-01,nan,nan,nan,nan
3218,80.45,3.289901349e-01,2.527224647e-01,nan,nan,nan,nan
3219,80.475,3.289665576e-01,2.527056597e-01,nan,nan,nan,nan
3220,80.5,3.289823623e-01,2.527012228e-01,nan,nan,nan,nan
3221,80.525,3.289991422e-01,2.527155376e-01,nan,nan,nan,nan
3222,80.55,3.290112712e-01,2.527261395e-01,nan,nan,nan,nan
3223,80.575,3.290263755e-01,2.527409150e-01,nan,nan,nan,nan
3224,80.6,3.290281307e-01,2.527437585e-01,nan,nan,nan,nan
3225,80.625,3.290251616e-01,2.527428214e-01,nan,nan,nan,nan
3226,80.65,3.290222717e-01,2.527436180e-01,nan,nan,nan,nan
3227,80.675,3.290090278e-01,2.527350119e-01,nan,nan,nan,nan
3228,80.7,3.289909922e-01,2.527225644e-01,nan,nan,nan,nan
3229,80.725,3.289700431e-01,2.527093248e-01,nan,nan,nan,nan
3230,80.75,3.289797418e-01,2.526987002e-01,nan,nan,nan,nan
3231,80.775,3.290053209e-01,2.527136069e-01,nan,nan,nan,nan
3232,80.8,3.290176666e-01,2.527321749e-01,nan,nan,nan,nan
3233,80.825,3.290250878e-01,2.527394532e-01,nan,nan,nan,nan
3234,80.85,3.290324604e-01,2.527428579e-01,nan,nan,nan,nan
3235,80.875,3.290298781e-01,2.527473757e-01,nan,nan,nan,nan
3236,80.9,3.290223292e-01,2.527432272e-01,nan,nan,nan,nan
3237,80.925,3.290114544e-01,2.527351551e-01,nan,nan,nan,nan
3238,80.95,3.289939548e-01,2.527255731e-01,nan,nan,nan,nan
3239,80.975,3.289714562e-01,2.527100133e-01,nan,nan,nan,nan
3240,81,3.289852413e-01,2.527033117e-01,nan,nan,nan,nan
3241,81.025,3.290033324e-01,2.527190603e-01,nan,nan,nan,nan
3242,81.05,3.290164229e-01,2.527308073e-01,nan,nan,nan,nan
3243,81.075,3.290286719e-01,2.527423905e-01,nan,nan,nan,nan
3244,81.1,3.290318476e-01,2.527467496e-01,nan,nan,nan,nan
3245,81.125,3.290299937e-01,2.527470889e-01,nan,nan,nan,nan
3246,81.15,3.290239554e-01,2.527444614e-01,nan,nan,nan,nan
3247,81.175,3.290122209e-01,2.527374313e-01,nan,nan,nan,nan
3248,81.2,3.289954382e-01,2.527263730e-01,nan,nan,nan,nan
3249,81.225,3.289734357e-01,2.527112363e-01,nan,nan,nan,nan
3250,81.25,3.289833521e-01,2.527015709e-01,nan,nan,nan,nan
3251,81.275,3.290052290e-01,2.527177843e-01,nan,nan,nan,nan
3252,81.3,3.290192112e-01,2.527328746e-01,nan,nan,nan,nan
3253,81.325,3.290281624e-01,2.527417428e-01,nan,nan,nan,nan
3254,81.35,3.290319631e-01,2.527465628e-01,nan,nan,nan,nan
3255,81.375,3.290307831e-01,2.527474310e-01,nan,nan,nan,nan
3256,81.4,3.290248267e-01,2.527449054e-01,nan,nan,nan,nan
3257,81.425,3.290137150e-01,2.527383371e-01,nan,nan,nan,nan
3258,81.45,3.289971566e-01,2.527275468e-01,nan,nan,nan,nan
3259,81.475,3.289749066e-01,2.527123214e-01,nan,nan,nan,nan
3260,81.5,3.289843576e-01,2.527016288e-01,nan,nan,nan,nan
3261,81.525,3.290040912e-01,2.527189683e-01,nan,nan,nan,nan
3262,81.55,3.290187888e-01,2.527323457e-01,nan,nan,nan,nan
3263,81.575,3.290281730e-01,2.527416062e-01,nan,nan,nan,nan
3264,81.6,3.290319535e-01,2.527464947e-01,nan,nan,nan,nan
3265,81.625,3.290317416e-01,2.527479891e-01,nan,nan,nan,nan
3266,81.65,3.290262249e-01,2.527458655e-01,nan,nan,nan,nan
3267,81.675,3.290150452e-01,2.527393655e-01,nan,nan,nan,nan
3268,81.7,3.289980070e-01,2.527282639e-01,nan,nan,nan,nan
3269,81.725,3.289761309e-01,2.527131144e-01,nan,nan,nan,nan
3270,81.75,3.289833079e-01,2.527006881e-01,nan,nan,nan,nan
3271,81.775,3.290036812e-01,2.527185377e-01,nan,nan,nan,nan
3272,81.8,3.290185616e-01,2.527321732e-01,nan,nan,nan,nan
3273,81.825,3.290276101e-01,2.527412831e-01,nan,nan,nan,nan
3274,81.85,3.290329230e-01,2.527466649e-01,nan,nan,nan,nan
3275,81.875,3.290329082e-01,2.527489150e-01,nan,nan,nan,nan
3276,81.9,3.290270561e-01,2.527466470e-01,nan,nan,nan,nan
3277,81.925,3.290152621e-01,2.527396655e-01,nan,nan,nan,nan
3278,81.95,3.289991051e-01,2.527286456e-01,nan,nan,nan,nan
3279,81.975,3.289783604e-01,2.527150020e-01,nan,nan,nan,nan
3280,82,3.289827894e-01,2.527002902e-01,nan,nan,nan,nan
3281,82.025,3.290030779e-01,2.527182207e-01,nan,nan,nan,nan
3282,82.05,3.290174183e-01,2.527315089e-01,nan,nan,nan,nan
3283,82.075,3.290283234e-01,2.527409069e-01,nan,nan,nan,nan
3284,82.1,3.290337163e-01,2.527474452e-01,nan,nan,nan,nan
3285,82.125,3.290331658e-01,2.527493597e-01,nan,nan,nan,nan
3286,82.15,3.290266812e-01,2.527465176e-01,nan,nan,nan,nan
3287,82.175,3.290162043e-01,2.527396606e-01,nan,nan,nan,nan
3288,82.2,3.290007655e-01,2.527301982e-01,nan,nan,nan,nan
3289,82.225,3.289793786e-01,2.527159804e-01,nan,nan,nan,nan
3290,82.25,3.289816890e-01,2.526997154e-01,nan,nan,nan,nan
3291,82.275,3.290014373e-01,2.527171566e-01,nan,nan,nan,nan
3292,82.3,3.290178981e-01,2.527306863e-01,nan,nan,nan,nan
3293,82.325,3.290286184e-01,2.527414252e-01,nan,nan,nan,nan
3294,82.35,3.290333750e-01,2.527474901e-01,nan,nan,nan,nan
3295,82.375,3.290322906e-01,2.527488296e-01,nan,nan,nan,nan
3296,82.4,3.290274000e-01,2.527461310e-01,nan,nan,nan,nan
3297,82.425,3.290172654e-01,2.527408112e-01,nan,nan,nan,nan
3298,82.45,3.290012862e-01,2.527307774e-01,nan,nan,nan,nan
3299,82.475,3.289798190e-01,2.527162141e-01,nan,nan,nan,nan
3300,82.5,3.289798336e-01,2.526982299e-01,nan,nan,nan,nan
3301,82.525,3.290016135e-01,2.527159768e-01,nan,nan,nan,nan
3302,82.55,3.290176064e-01,2.527308386e-01,nan,nan,nan,nan
3303,82.575,3.290277066e-01,2.527410444e-01,nan,nan,nan,nan
3304,82.6,3.290321273e-01,2.527466250e-01,nan,nan,nan,nan
3305,82.625,3.290326861e-01,2.527480426e-01,nan,nan,nan,nan
3306,82.65,3.290278854e-01,2.527468494e-01,nan,nan,nan,nan
3307,82.675,3.290174125e-01,2.527410526e-01,nan,nan,nan,nan
3308,82.7,3.290016177e-01,2.527308676e-01,nan,nan,nan,nan
3309,82.725,3.289799148e-01,2.527165648e-01,nan,nan,nan,nan
3310,82.75,3.289794538e-01,2.526984676e-01,nan,nan,nan,nan
3311,82.775,3.290006964e-01,2.527156870e-01,nan,nan,nan,nan
3312,82.8,3.290162016e-01,2.527300469e-01,nan,nan,nan,nan
3313,82.825,3.290262309e-01,2.527399367e-01,nan,nan,nan,nan
3314,82.85,3.290320807e-01,2.527455842e-01,nan,nan,nan,nan
3315,82.875,3.290326689e-01,2.527483393e-01,nan,nan,nan,nan
3316,82.9,3.290277999e-01,2.527468415e-01,nan,nan,nan,nan
3317,82.925,3.290177585e-01,2.527411101e-01,nan,nan,nan,nan
3318,82.95,3.290009898e-01,2.527296305e-01,nan,nan,nan,nan
3319,82.975,3.289812170e-01,2.527167342e-01,nan,nan,nan,nan
3320,83,3.289779269e-01,2.526996232e-01,nan,nan,nan,nan
3321,83.025,3.289989121e-01,2.527145362e-01,nan,nan,nan,nan
3322,83.05,3.290146359e-01,2.527288004e-01,nan,nan,nan,nan
3323,83.075,3.290256243e-01,2.527389541e-01,nan,nan,nan,nan
3324,83.1,3.290316706e-01,2.527453220e-01,nan,nan,nan,nan
3325,83.125,3.290324861e-01,2.527481829e-01,nan,nan,nan,nan
3326,83.15,3.290252022e-01,2.527469547e-01,nan,nan,nan,nan
3327,83.175,3.290162888e-01,2.527391154e-01,nan,nan,nan,nan
3328,83.2,3.290021849e-01,2.527305568e-01,nan,nan,nan,nan
3329,83.225,3.289766703e-01,2.527179406e-01,nan,nan,nan,nan
3330,83.25,3.289758928e-01,2.526959254e-01,nan,nan,nan,nan
3331,83.275,3.289973652e-01,2.527132492e-01,nan,nan,nan,nan
3332,83.3,3.290133748e-01,2.527265540e-01,nan,nan,nan,nan
3333,83.325,3.290249478e-01,2.527378480e-01,nan,nan,nan,nan
3334,83.35,3.290314973e-01,2.527451127e-01,nan,nan,nan,nan
3335,83.375,3.290292897e-01,2.527443648e-01,nan,nan,nan,nan
3336,83.4,3.290258719e-01,2.527441544e-01,nan,nan,nan,nan
3337,83.425,3.290174817e-01,2.527399741e-01,nan,nan,nan,nan
3338,83.45,3.289971074e-01,2.527252316e-01,nan,nan,nan,nan
3339,83.475,3.289786732e-01,2.527134884e-01,nan,nan,nan,nan
3340,83.5,3.289733196e-01,2.526978410e-01,nan,nan,nan,nan
3341,83.525,3.289954001e-01,2.527104458e-01,nan,nan,nan,nan
3342,83.55,3.290125529e-01,2.527259697e-01,nan,nan,nan,nan
3343,83.575,3.290206830e-01,2.527376585e-01,nan,nan,nan,nan
3344,83.6,3.290276667e-01,2.527408205e-01,nan,nan,nan,nan
3345,83.625,3.290297940e-01,2.527448025e-01,nan,nan,nan,nan
3346,83.65,3.290199970e-01,2.527450169e-01,nan,nan,nan,nan
3347,83.675,3.290118506e-01,2.527342669e-01,nan,nan,nan,nan
3348,83.7,3.289989233e-01,2.527266758e-01,nan,nan,nan,nan
3349,83.725,3.289712749e-01,2.527153899e-01,nan,nan,nan,nan
3350,83.75,3.289717697e-01,2.526907988e-01,nan,nan,nan,nan
3351,83.775,3.289945259e-01,2.527097361e-01,nan,nan,nan,nan
3352,83.8,3.290081041e-01,2.527211374e-01,nan,nan,nan,nan
3353,83.825,3.290204039e-01,2.527329147e-01,nan,nan,nan,nan
3354,83.85,3.290280977e-01,2.527411104e-01,nan,nan,nan,nan
3355,83.875,3.290238461e-01,2.527388757e-01,nan,nan,nan,nan
3356,83.9,3.290209720e-01,2.527389592e-01,nan,nan,nan,nan
3357,83.925,3.290135712e-01,2.527355402e-01,nan,nan,nan,nan
3358,83.95,3.289915675e-01,2.527197471e-01,nan,nan,nan,nan
3359,83.975,3.289734868e-01,2.527081047e-01,nan,nan,nan,nan
3360,84,3.289730373e-01,2.526930387e-01,nan,nan,nan,nan
3361,84.025,3.289902645e-01,2.527063869e-01,nan,nan,nan,nan
3362,84.05,3.290075654e-01,2.527207096e-01,nan,nan,nan,nan
3363,84.075,3.290170763e-01,2.527331193e-01,nan,nan,nan,nan
3364,84.1,3.290221003e-01,2.527353337e-01,nan,nan,nan,nan
3365,84.125,3.290245364e-01,2.527393711e-01,nan,nan,nan,nan
3366,84.15,3.290148054e-01,2.527401242e-01,nan,nan,nan,nan
3367,84.175,3.290062839e-01,2.527288792e-01,nan,nan,nan,nan
3368,84.2,3.289934700e-01,2.527211495e-01,nan,nan,nan,nan
3369,84.225,3.289663469e-01,2.527102131e-01,nan,nan,nan,nan
3370,84.25,3.289704694e-01,2.526893679e-01,nan,nan,nan,nan
3371,84.275,3.289973061e-01,2.527047224e-01,nan,nan,nan,nan
3372,84.3,3.290085436e-01,2.527235883e-01,nan,nan,nan,nan
3373,84.325,3.290156665e-01,2.527301463e-01,nan,nan,nan,nan
3374,84.35,3.290250544e-01,2.527355584e-01,nan,nan,nan,nan
3375,84.375,3.290210694e-01,2.527392584e-01,nan,nan,nan,nan
3376,84.4,3.290154972e-01,2.527340767e-01,nan,nan,nan,nan
3377,84.425,3.290079670e-01,2.527299891e-01,nan,nan,nan,nan
3378,84.45,3.289870450e-01,2.527180378e-01,nan,nan,nan,nan
3379,84.475,3.289681839e-01,2.527031922e-01,nan,nan,nan,nan
3380,84.5,3.289779579e-01,2.526970840e-01,nan,nan,nan,nan
3381,84.525,3.289945790e-01,2.527110344e-01,nan,nan,nan,nan
3382,84.55,3.290069657e-01,2.527216768e-01,nan,nan,nan,nan
3383,84.575,3.290221234e-01,2.527370037e-01,nan,nan,nan,nan
3384,84.6,3.290235598e-01,2.527393319e-01,nan,nan,nan,nan
3385,84.625,3.290206839e-01,2.527382724e-01,nan,nan,nan,nan
3386,84.65,3.290182315e-01,2.527399887e-01,nan,nan,nan,nan
3387,84.675,3.290045138e-01,2.527307240e-01,nan,nan,nan,nan
3388,84.7,3.289884668e-01,2.527179935e-01,nan,nan,nan,nan
3389,84.725,3.289662710e-01,2.527060276e-01,nan,nan,nan,nan
3390,84.75,3.289751547e-01,2.526942771e-01,nan,nan,nan,nan
3391,84.775,3.290021686e-01,2.527090241e-01,nan,nan,nan,nan
3392,84.8,3.290136611e-01,2.527285972e-01,nan,nan,nan,nan
3393,84.825,3.290205725e-01,2.527351833e-01,nan,nan,nan,nan
3394,84.85,3.290297060e-01,2.527382680e-01,nan,nan,nan,nan
3395,84.875,3.290261539e-01,2.527441422e-01,nan,nan,nan,nan
3396,84.9,3.290179489e-01,2.527391701e-01,nan,nan,nan,nan
3397,84.925,3.290091352e-01,2.527306228e-01,nan,nan,nan,nan
3398,84.95,3.289905634e-01,2.527227280e-01,nan,nan,nan,nan
3399,84.975,3.289672723e-01,2.527062253e-01,nan,nan,nan,nan
3400,85,3.289825665e-01,2.527012579e-01,nan,nan,nan,nan
3401,85.025,3.289996595e-01,2.527158936e-01,nan,nan,nan,nan
3402,85.05,3.290120594e-01,2.527267856e-01,nan,nan,nan,nan
3403,85.075,3.290264419e-01,2.527408134e-01,nan,nan,nan,nan
3404,85.1,3.290285200e-01,2.527439823e-01,nan,nan,nan,nan
3405,85.125,3.290258410e-01,2.527433498e-01,nan,nan,nan,nan
3406,85.15,3.290221997e-01,2.527433813e-01,nan,nan,nan,nan
3407,85.175,3.290092841e-01,2.527351008e-01,nan,nan,nan,nan
3408,85.2,3.289915538e-01,2.527229681e-01,nan,nan,nan,nan
3409,85.225,3.289698340e-01,2.527089565e-01,nan,nan,nan,nan
3410,85.25,3.289800916e-01,2.526988844e-01,nan,nan,nan,nan
3411,85.275,3.290048870e-01,2.527140974e-01,nan,nan,nan,nan
3412,85.3,3.290175554e-01,2.527319011e-01,nan,nan,nan,nan
3413,85.325,3.290253040e-01,2.527395026e-01,nan,nan,nan,nan
3414,85.35,3.290319012e-01,2.527432226e-01,nan,nan,nan,nan
3415,85.375,3.290296309e-01,2.527469721e-01,nan,nan,nan,nan
3416,85.4,3.290224091e-01,2.527431413e-01,nan,nan,nan,nan
3417,85.425,3.290107777e-01,2.527353893e-01,nan,nan,nan,nan
3418,85.45,3.289935752e-01,2.527250453e-01,nan,nan,nan,nan
3419,85.475,3.289713991e-01,2.527097934e-01,nan,nan,nan,nan
3420,85.5,3.289846498e-01,2.527025895e-01,nan,nan,nan,nan
3421,85.525,3.290030474e-01,2.527186219e-01,nan,nan,nan,nan
3422,85.55,3.290164625e-01,2.527306826e-01,nan,nan,nan,nan
3423,85.575,3.290279659e-01,2.527415669e-01,nan,nan,nan,nan
3424,85.6,3.290314321e-01,2.527461895e-01,nan,nan,nan,nan
3425,85.625,3.290298969e-01,2.527468315e-01,nan,nan,nan,nan
3426,85.65,3.290231842e-01,2.527435477e-01,nan,nan,nan,nan
3427,85.675,3.290116807e-01,2.527367571e-01,nan,nan,nan,nan
3428,85.7,3.289952065e-01,2.527259867e-01,nan,nan,nan,nan
3429,85.725,3.289735264e-01,2.527111633e-01,nan,nan,nan,nan
3430,85.75,3.289829012e-01,2.527009791e-01,nan,nan,nan,nan
3431,85.775,3.290041918e-01,2.527174897e-01,nan,nan,nan,nan
3432,85.8,3.290183752e-01,2.527319409e-01,nan,nan,nan,nan
3433,85.825,3.290275893e-01,2.527410398e-01,nan,nan,nan,nan
3434,85.85,3.290316931e-01,2.527461411e-01,nan,nan,nan,nan
3435,85.875,3.290303944e-01,2.527470651e-01,nan,nan,nan,nan
3436,85.9,3.290241392e-01,2.527441010e-01,nan,nan,nan,nan
3437,85.925,3.290133154e-01,2.527377943e-01,nan,nan,nan,nan
3438,85.95,3.289970715e-01,2.527273030e-01,nan,nan,nan,nan
3439,85.975,3.289751390e-01,2.527123914e-01,nan,nan,nan,nan
3440,86,3.289832521e-01,2.527004902e-01,nan,nan,nan,nan
3441,86.025,3.290031449e-01,2.527179460e-01,nan,nan,nan,nan
3442,86.05,3.290180721e-01,2.527315168e-01,nan,nan,nan,nan
3443,86.075,3.290277374e-01,2.527410311e-01,nan,nan,nan,nan
3444,86.1,3.290317854e-01,2.527462133e-01,nan,nan,nan,nan
3445,86.125,3.290309234e-01,2.527470735e-01,nan,nan,nan,nan
3446,86.15,3.290256676e-01,2.527451797e-01,nan,nan,nan,nan
3447,86.175,3.290147876e-01,2.527389580e-01,nan,nan,nan,nan
3448,86.2,3.289980649e-01,2.527281616e-01,nan,nan,nan,nan
3449,86.225,3.289755989e-01,2.527127530e-01,nan,nan,nan,nan
3450,86.25,3.289822731e-01,2.526996007e-01,nan,nan,nan,nan
3451,86.275,3.290028382e-01,2.527176024e-01,nan,nan,nan,nan
3452,86.3,3.290179715e-01,2.527314588e-01,nan,nan,nan,nan
3453,86.325,3.290273142e-01,2.527408403e-01,nan,nan,nan,nan
3454,86.35,3.290319934e-01,2.527456593e-01,nan,nan,nan,nan
3455,86.375,3.290322071e-01,2.527481027e-01,nan,nan,nan,nan
3456,86.4,3.290266333e-01,2.527460862e-01,nan,nan,nan,nan
3457,86.425,3.290151457e-01,2.527393947e-01,nan,nan,nan,nan
3458,86.45,3.289983026e-01,2.527280740e-01,nan,nan,nan,nan
3459,86.475,3.289778166e-01,2.527143310e-01,nan,nan,nan,nan
3460,86.5,3.289818398e-01,2.526992702e-01,nan,nan,nan,nan
3461,86.525,3.290023479e-01,2.527173842e-01,nan,nan,nan,nan
3462,86.55,3.290169595e-01,2.527309160e-01,nan,nan,nan,nan
3463,86.575,3.290273040e-01,2.527398346e-01,nan,nan,nan,nan
3464,86.6,3.290328883e-01,2.527465256e-01,nan,nan,nan,nan
3465,86.625,3.290325886e-01,2.527486595e-01,nan,nan,nan,nan
3466,86.65,3.290263945e-01,2.527460858e-01,nan,nan,nan,nan
3467,86.675,3.290152897e-01,2.527389334e-01,nan,nan,nan,nan
3468,86.7,3.290000777e-01,2.527294003e-01,nan,nan,nan,nan
3469,86.725,3.289789659e-01,2.527154315e-01,nan,nan,nan,nan
3470,86.75,3.289808365e-01,2.526987765e-01,nan,nan,nan,nan
3471,86.775,3.290007237e-01,2.527164282e-01,nan,nan,nan,nan
3472,86.8,3.290168125e-01,2.527295716e-01,nan,nan,nan,nan
3473,86.825,3.290276831e-01,2.527404198e-01,nan,nan,nan,nan
3474,86.85,3.290326577e-01,2.527466675e-01,nan,nan,nan,nan
3475,86.875,3.290318415e-01,2.527482480e-01,nan,nan,nan,nan
3476,86.9,3.290263946e-01,2.527453543e-01,nan,nan,nan,nan
3477,86.925,3.290164504e-01,2.527399055e-01,nan,nan,nan,nan
3478,86.95,3.290007194e-01,2.527300891e-01,nan,nan,nan,nan
3479,86.975,3.289795390e-01,2.527157909e-01,nan,nan,nan,nan
3480,87,3.289786843e-01,2.526973835e-01,nan,nan,nan,nan
3481,87.025,3.290004865e-01,2.527148450e-01,nan,nan,nan,nan
3482,87.05,3.290165857e-01,2.527297706e-01,nan,nan,nan,nan
3483,87.075,3.290268665e-01,2.527401188e-01,nan,nan,nan,nan
3484,87.1,3.290315272e-01,2.527459079e-01,nan,nan,nan,nan
3485,87.125,3.290316132e-01,2.527473623e-01,nan,nan,nan,nan
3486,87.15,3.290269625e-01,2.527458571e-01,nan,nan,nan,nan
3487,87.175,3.290167056e-01,2.527402417e-01,nan,nan,nan,nan
3488,87.2,3.290011757e-01,2.527302948e-01,nan,nan,nan,nan
3489,87.225,3.289789217e-01,2.527162688e-01,nan,nan,nan,nan
3490,87.25,3.289783108e-01,2.526975738e-01,nan,nan,nan,nan
3491,87.275,3.289996138e-01,2.527145810e-01,nan,nan,nan,nan
3492,87.3,3.290152587e-01,2.527290400e-01,nan,nan,nan,nan
3493,87.325,3.290254947e-01,2.527391015e-01,nan,nan,nan,nan
3494,87.35,3.290309650e-01,2.527449791e-01,nan,nan,nan,nan
3495,87.375,3.290316599e-01,2.527472834e-01,nan,nan,nan,nan
3496,87.4,3.290269701e-01,2.527459273e-01,nan,nan,nan,nan
3497,87.425,3.290171658e-01,2.527404021e-01,nan,nan,nan,nan
3498,87.45,3.289999283e-01,2.527285398e-01,nan,nan,nan,nan
3499,87.475,3.289803047e-01,2.527157533e-01,nan,nan,nan,nan
3500,87.5,3.289768074e-01,2.526988219e-01,nan,nan,nan,nan
3501,87.525,3.289978885e-01,2.527134715e-01,nan,nan,nan,nan
3502,87.55,3.290137814e-01,2.527278670e-01,nan,nan,nan,nan
3503,87.575,3.290244912e-01,2.527382177e-01,nan,nan,nan,nan
3504,87.6,3.290305989e-01,2.527442270e-01,nan,nan,nan,nan
3505,87.625,3.290315531e-01,2.527471869e-01,nan,nan,nan,nan
3506,87.65,3.290240705e-01,2.527461286e-01,nan,nan,nan,nan
3507,87.675,3.290151834e-01,2.527380046e-01,nan,nan,nan,nan
3508,87.7,3.290011860e-01,2.527295117e-01,nan,nan,nan,nan
3509,87.725,3.289755551e-01,2.527170358e-01,nan,nan,nan,nan
3510,87.75,3.289748122e-01,2.526948136e-01,nan,nan,nan,nan
3511,87.775,3.289964127e-01,2.527122394e-01,nan,nan,nan,nan
3512,87.8,3.290122498e-01,2.527254709e-01,nan,nan,nan,nan
3513,87.825,3.290238381e-01,2.527367387e-01,nan,nan,nan,nan
3514,87.85,3.290304831e-01,2.527440582e-01,nan,nan,nan,nan
3515,87.875,3.290281858e-01,2.527433198e-01,nan,nan,nan,nan
3516,87.9,3.290247479e-01,2.527430487e-01,nan,nan,nan,nan
3517,87.925,3.290164194e-01,2.527388890e-01,nan,nan,nan,nan
3518,87.95,3.289960391e-01,2.527242385e-01,nan,nan,nan,nan
3519,87.975,3.289775498e-01,2.527124009e-01,nan,nan,nan,nan
3520,88,3.289723399e-01,2.526967396e-01,nan,nan,nan,nan
3521,88.025,3.289943085e-01,2.527094182e-01,nan,nan,nan,nan
3522,88.05,3.290114306e-01,2.527248713e-01,nan,nan,nan,nan
3523,88.075,3.290197754e-01,2.527365698e-01,nan,nan,nan,nan
3524,88.1,3.290266150e-01,2.527398486e-01,nan,nan,nan,nan
3525,88.125,3.290286769e-01,2.527437267e-01,nan,nan,nan,nan
3526,88.15,3.290191736e-01,2.527439166e-01,nan,nan,nan,nan
3527,88.175,3.290108527e-01,2.527333637e-01,nan,nan,nan,nan
3528,88.2,3.289978262e-01,2.527256369e-01,nan,nan,nan,nan
3529,88.225,3.289705464e-01,2.527142924e-01,nan,nan,nan,nan
3530,88.25,3.289707359e-01,2.526899762e-01,nan,nan,nan,nan
3531,88.275,3.289937843e-01,2.527086732e-01,nan,nan,nan,nan
3532,88.3,3.290073102e-01,2.527204715e-01,nan,nan,nan,nan
3533,88.325,3.290194278e-01,2.527320373e-01,nan,nan,nan,nan
3534,88.35,3.290270126e-01,2.527400885e-01,nan,nan,nan,nan
3535,88.375,3.290231498e-01,2.527383169e-01,nan,nan,nan,nan
3536,88.4,3.290200664e-01,2.527381654e-01,nan,nan,nan,nan
3537,88.425,3.290125250e-01,2.527345728e-01,nan,nan,nan,nan
3538,88.45,3.289909778e-01,2.527193025e-01,nan,nan,nan,nan
3539,88.475,3.289726637e-01,2.527074049e-01,nan,nan,nan,nan
3540,88.5,3.289741851e-01,2.526931891e-01,nan,nan,nan,nan
3541,88.525,3.289913570e-01,2.527075043e-01,nan,nan,nan,nan
3542,88.55,3.290066861e-01,2.527199454e-01,nan,nan,nan,nan
3543,88.575,3.290182170e-01,2.527330504e-01,nan,nan,nan,nan
3544,88.6,3.290215456e-01,2.527356013e-01,nan,nan,nan,nan
3545,88.625,3.290237427e-01,2.527387036e-01,nan,nan,nan,nan
3546,88.65,3.290146618e-01,2.527392496e-01,nan,nan,nan,nan
3547,88.675,3.290058452e-01,2.527285920e-01,nan,nan,nan,nan
3548,88.7,3.289927722e-01,2.527205873e-01,nan,nan,nan,nan
3549,88.725,3.289663325e-01,2.527094207e-01,nan,nan,nan,nan
3550,88.75,3.289715943e-01,2.526904934e-01,nan,nan,nan,nan
3551,88.775,3.289982903e-01,2.527057958e-01,nan,nan,nan,nan
3552,88.8,3.290096492e-01,2.527246305e-01,nan,nan,nan,nan
3553,88.825,3.290168025e-01,2.527312640e-01,nan,nan,nan,nan
3554,88.85,3.290259623e-01,2.527350311e-01,nan,nan,nan,nan
3555,88.875,3.290221333e-01,2.527402416e-01,nan,nan,nan,nan
3556,88.9,3.290152180e-01,2.527351713e-01,nan,nan,nan,nan
3557,88.925,3.290074094e-01,2.527295759e-01,nan,nan,nan,nan
3558,88.95,3.289871969e-01,2.527189488e-01,nan,nan,nan,nan
3559,88.975,3.289680308e-01,2.527031938e-01,nan,nan,nan,nan
3560,89,3.289788408e-01,2.526978450e-01,nan,nan,nan,nan
3561,89.025,3.289956257e-01,2.527119964e-01,nan,nan,nan,nan
3562,89.05,3.290080896e-01,2.527227587e-01,nan,nan,nan,nan
3563,89.075,3.290229150e-01,2.527376613e-01,nan,nan,nan,nan
3564,89.1,3.290245469e-01,2.527402185e-01,nan,nan,nan,nan
3565,89.125,3.290217841e-01,2.527393126e-01,nan,nan,nan,nan
3566,89.15,3.290189210e-01,2.527405339e-01,nan,nan,nan,nan
3567,89.175,3.290054278e-01,2.527315232e-01,nan,nan,nan,nan
3568,89.2,3.289884797e-01,2.527189780e-01,nan,nan,nan,nan
3569,89.225,3.289668492e-01,2.527064530e-01,nan,nan,nan,nan
3570,89.25,3.289761202e-01,2.526951386e-01,nan,nan,nan,nan
3571,89.275,3.290025392e-01,2.527100470e-01,nan,nan,nan,nan
3572,89.3,3.290143200e-01,2.527291101e-01,nan,nan,nan,nan
3573,89.325,3.290214618e-01,2.527359548e-01,nan,nan,nan,nan
3574,89.35,3.290299476e-01,2.527392317e-01,nan,nan,nan,nan
3575,89.375,3.290266998e-01,2.527445342e-01,nan,nan,nan,nan
3576,89.4,3.290187501e-01,2.527398411e-01,nan,nan,nan,nan
3577,89.425,3.290092445e-01,2.527315142e-01,nan,nan,nan,nan
3578,89.45,3.289909889e-01,2.527229938e-01,nan,nan,nan,nan
3579,89.475,3.289679745e-01,2.527067869e-01,nan,nan,nan,nan
3580,89.5,3.289827734e-01,2.527012996e-01,nan,nan,nan,nan
3581,89.525,3.290001726e-01,2.527162518e-01,nan,nan,nan,nan
3582,89.55,3.290128324e-01,2.527274261e-01,nan,nan,nan,nan
3583,89.575,3.290265165e-01,2.527407231e-01,nan,nan,nan,nan
3584,89.6,3.290289115e-01,2.527442139e-01,nan,nan,nan,nan
3585,89.625,3.290265127e-01,2.527438791e-01,nan,nan,nan,nan
3586,89.65,3.290221412e-01,2.527431604e-01,nan,nan,nan,nan
3587,89.675,3.290095489e-01,2.527352026e-01,nan,nan,nan,nan
3588,89.7,3.289921154e-01,2.527233792e-01,nan,nan,nan,nan
3589,89.725,3.289697398e-01,2.527086081e-01,nan,nan,nan,nan
3590,89.75,3.289804488e-01,2.526990816e-01,nan,nan,nan,nan
3591,89.775,3.290044747e-01,2.527145941e-01,nan,nan,nan,nan
3592,89.8,3.290174629e-01,2.527316481e-01,nan,nan,nan,nan
3593,89.825,3.290255339e-01,2.527395700e-01,nan,nan,nan,nan
3594,89.85,3.290313679e-01,2.527436000e-01,nan,nan,nan,nan
3595,89.875,3.290294072e-01,2.527465931e-01,nan,nan,nan,nan
3596,89.9,3.290225086e-01,2.527430783e-01,nan,nan,nan,nan
3597,89.925,3.290106241e-01,2.527356423e-01,nan,nan,nan,nan
3598,89.95,3.289935424e-01,2.527245458e-01,nan,nan,nan,nan
3599,89.975,3.289713671e-01,2.527096009e-01,nan,nan,nan,nan
3600,90,3.289840887e-01,2.527018970e-01,nan,nan,nan,nan
3601,90.025,3.290027911e-01,2.527182128e-01,nan,nan,nan,nan
3602,90.05,3.290165271e-01,2.527305858e-01,nan,nan,nan,nan
3603,90.075,3.290272938e-01,2.527407760e-01,nan,nan,nan,nan
3604,90.1,3.290310494e-01,2.527456620e-01,nan,nan,nan,nan
3605,90.125,3.290298305e-01,2.527466063e-01,nan,nan,nan,nan
3606,90.15,3.290234345e-01,2.527435303e-01,nan,nan,nan,nan
3607,90.175,3.290115914e-01,2.527362479e-01,nan,nan,nan,nan
3608,90.2,3.289950100e-01,2.527256364e-01,nan,nan,nan,nan
3609,90.225,3.289736483e-01,2.527111251e-01,nan,nan,nan,nan
3610,90.25,3.289824879e-01,2.527004242e-01,nan,nan,nan,nan
3611,90.275,3.290031957e-01,2.527172322e-01,nan,nan,nan,nan
3612,90.3,3.290175800e-01,2.527310456e-01,nan,nan,nan,nan
3613,90.325,3.290270572e-01,2.527403764e-01,nan,nan,nan,nan
3614,90.35,3.290314635e-01,2.527457601e-01,nan,nan,nan,nan
3615,90.375,3.290304811e-01,2.527469928e-01,nan,nan,nan,nan
3616,90.4,3.290238385e-01,2.527438354e-01,nan,nan,nan,nan
3617,90.425,3.290129601e-01,2.527372950e-01,nan,nan,nan,nan
3618,90.45,3.289970287e-01,2.527271035e-01,nan,nan,nan,nan
3619,90.475,3.289754071e-01,2.527125025e-01,nan,nan,nan,nan
3620,90.5,3.289821918e-01,2.526994712e-01,nan,nan,nan,nan
3621,90.525,3.290022446e-01,2.527169664e-01,nan,nan,nan,nan
3622,90.55,3.290174033e-01,2.527307329e-01,nan,nan,nan,nan
3623,90.575,3.290273510e-01,2.527405038e-01,nan,nan,nan,nan
3624,90.6,3.290317079e-01,2.527459809e-01,nan,nan,nan,nan
3625,90.625,3.290302559e-01,2.527469172e-01,nan,nan,nan,nan
3626,90.65,3.290251626e-01,2.527445436e-01,nan,nan,nan,nan
3627,90.675,3.290145824e-01,2.527386028e-01,nan,nan,nan,nan
3628,90.7,3.289981711e-01,2.527281111e-01,nan,nan,nan,nan
3629,90.725,3.289760035e-01,2.527130062e-01,nan,nan,nan,nan
3630,90.75,3.289812882e-01,2.526985587e-01,nan,nan,nan,nan
3631,90.775,3.290020484e-01,2.527167161e-01,nan,nan,nan,nan
3632,90.8,3.290174380e-01,2.527307978e-01,nan,nan,nan,nan
3633,90.825,3.290270756e-01,2.527404543e-01,nan,nan,nan,nan
3634,90.85,3.290311181e-01,2.527454726e-01,nan,nan,nan,nan
3635,90.875,3.290315646e-01,2.527473447e-01,nan,nan,nan,nan
3636,90.9,3.290262714e-01,2.527455845e-01,nan,nan,nan,nan
3637,90.925,3.290150890e-01,2.527391850e-01,nan,nan,nan,nan
3638,90.95,3.289982109e-01,2.527281682e-01,nan,nan,nan,nan
3639,90.975,3.289773365e-01,2.527137204e-01,nan,nan,nan,nan
3640,91,3.289809472e-01,2.526983015e-01,nan,nan,nan,nan
3641,91.025,3.290016800e-01,2.527166052e-01,nan,nan,nan,nan
3642,91.05,3.290165664e-01,2.527303862e-01,nan,nan,nan,nan
3643,91.075,3.290263415e-01,2.527394990e-01,nan,nan,nan,nan
3644,91.1,3.290321233e-01,2.527456633e-01,nan,nan,nan,nan
3645,91.125,3.290320794e-01,2.527480234e-01,nan,nan,nan,nan
3646,91.15,3.290261774e-01,2.527457229e-01,nan,nan,nan,nan
3647,91.175,3.290147060e-01,2.527388677e-01,nan,nan,nan,nan
3648,91.2,3.289994594e-01,2.527286667e-01,nan,nan,nan,nan
3649,91.225,3.289786264e-01,2.527149532e-01,nan,nan,nan,nan
3650,91.25,3.289800501e-01,2.526978973e-01,nan,nan,nan,nan
3651,91.275,3.290001859e-01,2.527157673e-01,nan,nan,nan,nan
3652,91.3,3.290157844e-01,2.527290107e-01,nan,nan,nan,nan
3653,91.325,3.290268134e-01,2.527394728e-01,nan,nan,nan,nan
3654,91.35,3.290320134e-01,2.527459120e-01,nan,nan,nan,nan
3655,91.375,3.290314701e-01,2.527477410e-01,nan,nan,nan,nan
3656,91.4,3.290255237e-01,2.527451316e-01,nan,nan,nan,nan
3657,91.425,3.290157086e-01,2.527390659e-01,nan,nan,nan,nan
3658,91.45,3.290002324e-01,2.527294760e-01,nan,nan,nan,nan
3659,91.475,3.289793411e-01,2.527154487e-01,nan,nan,nan,nan
3660,91.5,3.289779614e-01,2.526972690e-01,nan,nan,nan,nan
3661,91.525,3.289994156e-01,2.527140359e-01,nan,nan,nan,nan
3662,91.55,3.290156311e-01,2.527287602e-01,nan,nan,nan,nan
3663,91.575,3.290261024e-01,2.527392616e-01,nan,nan,nan,nan
3664,91.6,3.290310111e-01,2.527452693e-01,nan,nan,nan,nan
3665,91.625,3.290306929e-01,2.527469888e-01,nan,nan,nan,nan
3666,91.65,3.290261145e-01,2.527449308e-01,nan,nan,nan,nan
3667,91.675,3.290160831e-01,2.527395082e-01,nan,nan,nan,nan
3668,91.7,3.290008240e-01,2.527298087e-01,nan,nan,nan,nan
3669,91.725,3.289780012e-01,2.527160637e-01,nan,nan,nan,nan
3670,91.75,3.289772210e-01,2.526967556e-01,nan,nan,nan,nan
3671,91.775,3.289985959e-01,2.527135297e-01,nan,nan,nan,nan
3672,91.8,3.290143926e-01,2.527281006e-01,nan,nan,nan,nan
3673,91.825,3.290248463e-01,2.527383463e-01,nan,nan,nan,nan
3674,91.85,3.290302296e-01,2.527444643e-01,nan,nan,nan,nan
3675,91.875,3.290307250e-01,2.527462914e-01,nan,nan,nan,nan
3676,91.9,3.290262269e-01,2.527450907e-01,nan,nan,nan,nan
3677,91.925,3.290166693e-01,2.527397839e-01,nan,nan,nan,nan
3678,91.95,3.289989374e-01,2.527275087e-01,nan,nan,nan,nan
3679,91.975,3.289794768e-01,2.527148467e-01,nan,nan,nan,nan
3680,92,3.289757490e-01,2.526981088e-01,nan,nan,nan,nan
3681,92.025,3.289969402e-01,2.527124712e-01,nan,nan,nan,nan
3682,92.05,3.290130162e-01,2.527270130e-01,nan,nan,nan,nan
3683,92.075,3.290234143e-01,2.527375742e-01,nan,nan,nan,nan
3684,92.1,3.290295984e-01,2.527431915e-01,nan,nan,nan,nan
3685,92.125,3.290307066e-01,2.527462665e-01,nan,nan,nan,nan
3686,92.15,3.290229899e-01,2.527453931e-01,nan,nan,nan,nan
3687,92.175,3.290141444e-01,2.527369481e-01,nan,nan,nan,nan
3688,92.2,3.290002697e-01,2.527285373e-01,nan,nan,nan,nan
3689,92.225,3.289744855e-01,2.527162185e-01,nan,nan,nan,nan
3690,92.25,3.289738033e-01,2.526937504e-01,nan,nan,nan,nan
3691,92.275,3.289955484e-01,2.527113061e-01,nan,nan,nan,nan
3692,92.3,3.290111746e-01,2.527244261e-01,nan,nan,nan,nan
3693,92.325,3.290227947e-01,2.527356828e-01,nan,nan,nan,nan
3694,92.35,3.290295527e-01,2.527430748e-01,nan,nan,nan,nan
3695,92.375,3.290271254e-01,2.527423071e-01,nan,nan,nan,nan
3696,92.4,3.290236840e-01,2.527419901e-01,nan,nan,nan,nan
3697,92.425,3.290154356e-01,2.527378688e-01,nan,nan,nan,nan
3698,92.45,3.289950080e-01,2.527232718e-01,nan,nan,nan,nan
3699,92.475,3.289764799e-01,2.527113540e-01,nan,nan,nan,nan
3700,92.5,3.289719543e-01,2.526956966e-01,nan,nan,nan,nan
3701,92.525,3.289932585e-01,2.527084203e-01,nan,nan,nan,nan
3702,92.55,3.290103674e-01,2.527238184e-01,nan,nan,nan,nan
3703,92.575,3.290188892e-01,2.527355457e-01,nan,nan,nan,nan
3704,92.6,3.290255979e-01,2.527389001e-01,nan,nan,nan,nan
3705,92.625,3.290276117e-01,2.527426893e-01,nan,nan,nan,nan
3706,92.65,3.290183652e-01,2.527428735e-01,nan,nan,nan,nan
3707,92.675,3.290098825e-01,2.527324773e-01,nan,nan,nan,nan
3708,92.7,3.289967735e-01,2.527246291e-01,nan,nan,nan,nan
3709,92.725,3.289698269e-01,2.527132446e-01,nan,nan,nan,nan
3710,92.75,3.289698421e-01,2.526891640e-01,nan,nan,nan,nan
3711,92.775,3.289948918e-01,2.527076464e-01,nan,nan,nan,nan
3712,92.8,3.290067399e-01,2.527214458e-01,nan,nan,nan,nan
3713,92.825,3.290184759e-01,2.527311731e-01,nan,nan,nan,nan
3714,92.85,3.290259696e-01,2.527390949e-01,nan,nan,nan,nan
3715,92.875,3.290224583e-01,2.527377557e-01,nan,nan,nan,nan
3716,92.9,3.290191777e-01,2.527373782e-01,nan,nan,nan,nan
3717,92.925,3.290115125e-01,2.527336259e-01,nan,nan,nan,nan
3718,92.95,3.289903869e-01,2.527188506e-01,nan,nan,nan,nan
3719,92.975,3.289718501e-01,2.527067052e-01,nan,nan,nan,nan
3720,93,3.289752963e-01,2.526942765e-01,nan,nan,nan,nan
3721,93.025,3.289924216e-01,2.527085927e-01,nan,nan,nan,nan
3722,93.05,3.290058199e-01,2.527198522e-01,nan,nan,nan,nan
3723,93.075,3.290193171e-01,2.527341078e-01,nan,nan,nan,nan
3724,93.1,3.290211589e-01,2.527366977e-01,nan,nan,nan,nan
3725,93.125,3.290229544e-01,2.527380318e-01,nan,nan,nan,nan
3726,93.15,3.290153212e-01,2.527383839e-01,nan,nan,nan,nan
3727,93.175,3.290053947e-01,2.527282879e-01,nan,nan,nan,nan
3728,93.2,3.289920724e-01,2.527200145e-01,nan,nan,nan,nan
3729,93.225,3.289662969e-01,2.527086292e-01,nan,nan,nan,nan
3730,93.25,3.289726862e-01,2.526915853e-01,nan,nan,nan,nan
3731,93.275,3.289992205e-01,2.527068418e-01,nan,nan,nan,nan
3732,93.3,3.290107106e-01,2.527256269e-01,nan,nan,nan,nan
3733,93.325,3.290179025e-01,2.527323450e-01,nan,nan,nan,nan
3734,93.35,3.290268138e-01,2.527358396e-01,nan,nan,nan,nan
3735,93.375,3.290231503e-01,2.527411764e-01,nan,nan,nan,nan
3736,93.4,3.290151166e-01,2.527362265e-01,nan,nan,nan,nan
3737,93.425,3.290068378e-01,2.527291414e-01,nan,nan,nan,nan
3738,93.45,3.289875496e-01,2.527198090e-01,nan,nan,nan,nan
3739,93.475,3.289678503e-01,2.527032189e-01,nan,nan,nan,nan
3740,93.5,3.289796688e-01,2.526985497e-01,nan,nan,nan,nan
3741,93.525,3.289966262e-01,2.527129110e-01,nan,nan,nan,nan
3742,93.55,3.290091745e-01,2.527238016e-01,nan,nan,nan,nan
3743,93.575,3.290236503e-01,2.527382614e-01,nan,nan,nan,nan
3744,93.6,3.290254858e-01,2.527410560e-01,nan,nan,nan,nan
3745,93.625,3.290228433e-01,2.527403118e-01,nan,nan,nan,nan
3746,93.65,3.290195536e-01,2.527410211e-01,nan,nan,nan,nan
3747,93.675,3.290062923e-01,2.527322720e-01,nan,nan,nan,nan
3748,93.7,3.289884865e-01,2.527199198e-01,nan,nan,nan,nan
3749,93.725,3.289673702e-01,2.527068207e-01,nan,nan,nan,nan
3750,93.75,3.289770389e-01,2.526959527e-01,nan,nan,nan,nan
3751,93.775,3.290028503e-01,2.527110297e-01,nan,nan,nan,nan
3752,93.8,3.290149245e-01,2.527295680e-01,nan,nan,nan,nan
3753,93.825,3.290223033e-01,2.527366779e-01,nan,nan,nan,nan
3754,93.85,3.290301310e-01,2.527401539e-01,nan,nan,nan,nan
3755,93.875,3.290271914e-01,2.527448716e-01,nan,nan,nan,nan
3756,93.9,3.290195028e-01,2.527404634e-01,nan,nan,nan,nan
3757,93.925,3.290092978e-01,2.527323633e-01,nan,nan,nan,nan
3758,93.95,3.289913609e-01,2.527232063e-01,nan,nan,nan,nan
3759,93.975,3.289686281e-01,2.527072997e-01,nan,nan,nan,nan
3760,94,3.289829258e-01,2.527012876e-01,nan,nan,nan,nan
3761,94.025,3.290006345e-01,2.527165589e-01,nan,nan,nan,nan
3762,94.05,3.290135593e-01,2.527280205e-01,nan,nan,nan,nan
3763,94.075,3.290265390e-01,2.527405820e-01,nan,nan,nan,nan
3764,94.1,3.290292529e-01,2.527443956e-01,nan,nan,nan,nan
3765,94.125,3.290271386e-01,2.527443627e-01,nan,nan,nan,nan
3766,94.15,3.290220336e-01,2.527428923e-01,nan,nan,nan,nan
3767,94.175,3.290097650e-01,2.527352565e-01,nan,nan,nan,nan
3768,94.2,3.289926316e-01,2.527237452e-01,nan,nan,nan,nan
3769,94.225,3.289705074e-01,2.527083607e-01,nan,nan,nan,nan
3770,94.25,3.289807593e-01,2.526992324e-01,nan,nan,nan,nan
3771,94.275,3.290040213e-01,2.527150481e-01,nan,nan,nan,nan
3772,94.3,3.290173251e-01,2.527313517e-01,nan,nan,nan,nan
3773,94.325,3.290257189e-01,2.527395933e-01,nan,nan,nan,nan
3774,94.35,3.290307989e-01,2.527439356e-01,nan,nan,nan,nan
3775,94.375,3.290291421e-01,2.527461751e-01,nan,nan,nan,nan
3776,94.4,3.290225656e-01,2.527429737e-01,nan,nan,nan,nan
3777,94.425,3.290109931e-01,2.527358549e-01,nan,nan,nan,nan
3778,94.45,3.289941871e-01,2.527246989e-01,nan,nan,nan,nan
3779,94.475,3.289719406e-01,2.527093700e-01,nan,nan,nan,nan
3780,94.5,3.289834959e-01,2.527011771e-01,nan,nan,nan,nan
3781,94.525,3.290024973e-01,2.527177686e-01,nan,nan,nan,nan
3782,94.55,3.290165530e-01,2.527304514e-01,nan,nan,nan,nan
3783,94.575,3.290265959e-01,2.527399642e-01,nan,nan,nan,nan
3784,94.6,3.290306336e-01,2.527451041e-01,nan,nan,nan,nan
3785,94.625,3.290297282e-01,2.527463467e-01,nan,nan,nan,nan
3786,94.65,3.290236494e-01,2.527435863e-01,nan,nan,nan,nan
3787,94.675,3.290121002e-01,2.527366095e-01,nan,nan,nan,nan
3788,94.7,3.289949324e-01,2.527252552e-01,nan,nan,nan,nan
3789,94.725,3.289737371e-01,2.527110546e-01,nan,nan,nan,nan
3790,94.75,3.289820455e-01,2.526998427e-01,nan,nan,nan,nan
3791,94.775,3.290021978e-01,2.527169441e-01,nan,nan,nan,nan
3792,94.8,3.290167689e-01,2.527301395e-01,nan,nan,nan,nan
3793,94.825,3.290265007e-01,2.527396915e-01,nan,nan,nan,nan
3794,94.85,3.290312054e-01,2.527453521e-01,nan,nan,nan,nan
3795,94.875,3.290305386e-01,2.527468921e-01,nan,nan,nan,nan
3796,94.9,3.290242017e-01,2.527440454e-01,nan,nan,nan,nan
3797,94.925,3.290125801e-01,2.527367729e-01,nan,nan,nan,nan
3798,94.95,3.289969595e-01,2.527268784e-01,nan,nan,nan,nan
3799,94.975,3.289756495e-01,2.527125888e-01,nan,nan,nan,nan
3800,95,3.289811400e-01,2.526990368e-01,nan,nan,nan,nan
3801,95.025,3.290013384e-01,2.527162375e-01,nan,nan,nan,nan
3802,95.05,3.290167190e-01,2.527299365e-01,nan,nan,nan,nan
3803,95.075,3.290269437e-01,2.527399573e-01,nan,nan,nan,nan
3804,95.1,3.290316080e-01,2.527457270e-01,nan,nan,nan,nan
3805,95.125,3.290304669e-01,2.527469724e-01,nan,nan,nan,nan
3806,95.15,3.290246408e-01,2.527438926e-01,nan,nan,nan,nan
3807,95.175,3.290143578e-01,2.527382292e-01,nan,nan,nan,nan
3808,95.2,3.289982579e-01,2.527280419e-01,nan,nan,nan,nan
3809,95.225,3.289763893e-01,2.527132420e-01,nan,nan,nan,nan
3810,95.25,3.289803066e-01,2.526980488e-01,nan,nan,nan,nan
3811,95.275,3.290012516e-01,2.527158258e-01,nan,nan,nan,nan
3812,95.3,3.290168914e-01,2.527301255e-01,nan,nan,nan,nan
3813,95.325,3.290268216e-01,2.527400537e-01,nan,nan,nan,nan
3814,95.35,3.290308935e-01,2.527453730e-01,nan,nan,nan,nan
3815,95.375,3.290309132e-01,2.527465797e-01,nan,nan,nan,nan
3816,95.4,3.290258975e-01,2.527450714e-01,nan,nan,nan,nan
3817,95.425,3.290150195e-01,2.527389630e-01,nan,nan,nan,nan
3818,95.45,3.289984468e-01,2.527282510e-01,nan,nan,nan,nan
3819,95.475,3.289768478e-01,2.527131896e-01,nan,nan,nan,nan
3820,95.5,3.289800558e-01,2.526973370e-01,nan,nan,nan,nan
3821,95.525,3.290010068e-01,2.527158223e-01,nan,nan,nan,nan
3822,95.55,3.290161650e-01,2.527298486e-01,nan,nan,nan,nan
3823,95.575,3.290255005e-01,2.527392479e-01,nan,nan,nan,nan
3824,95.6,3.290313572e-01,2.527448015e-01,nan,nan,nan,nan
3825,95.625,3.290315652e-01,2.527473829e-01,nan,nan,nan,nan
3826,95.65,3.290259544e-01,2.527453541e-01,nan,nan,nan,nan
3827,95.675,3.290147880e-01,2.527387970e-01,nan,nan,nan,nan
3828,95.7,3.289988397e-01,2.527280014e-01,nan,nan,nan,nan
3829,95.725,3.289782838e-01,2.527144719e-01,nan,nan,nan,nan
3830,95.75,3.289792656e-01,2.526970214e-01,nan,nan,nan,nan
3831,95.775,3.289996468e-01,2.527151053e-01,nan,nan,nan,nan
3832,95.8,3.290147701e-01,2.527286148e-01,nan,nan,nan,nan
3833,95.825,3.290259498e-01,2.527385332e-01,nan,nan,nan,nan
3834,95.85,3.290313711e-01,2.527451588e-01,nan,nan,nan,nan
3835,95.875,3.290310996e-01,2.527472345e-01,nan,nan,nan,nan
3836,95.9,3.290254513e-01,2.527449100e-01,nan,nan,nan,nan
3837,95.925,3.290149720e-01,2.527384678e-01,nan,nan,nan,nan
3838,95.95,3.289997490e-01,2.527288660e-01,nan,nan,nan,nan
3839,95.975,3.289791469e-01,2.527151099e-01,nan,nan,nan,nan
3840,96,3.289772973e-01,2.526972249e-01,nan,nan,nan,nan
3841,96.025,3.289983653e-01,2.527135048e-01,nan,nan,nan,nan
3842,96.05,3.290146891e-01,2.527277635e-01,nan,nan,nan,nan
3843,96.075,3.290253468e-01,2.527384127e-01,nan,nan,nan,nan
3844,96.1,3.290305021e-01,2.527446371e-01,nan,nan,nan,nan
3845,96.125,3.290304688e-01,2.527466224e-01,nan,nan,nan,nan
3846,96.15,3.290252778e-01,2.527445977e-01,nan,nan,nan,nan
3847,96.175,3.290154703e-01,2.527387837e-01,nan,nan,nan,nan
3848,96.2,3.290004823e-01,2.527293317e-01,nan,nan,nan,nan
3849,96.225,3.289770952e-01,2.527158695e-01,nan,nan,nan,nan
3850,96.25,3.289761571e-01,2.526959487e-01,nan,nan,nan,nan
3851,96.275,3.289975964e-01,2.527124977e-01,nan,nan,nan,nan
3852,96.3,3.290135407e-01,2.527271749e-01,nan,nan,nan,nan
3853,96.325,3.290242110e-01,2.527376029e-01,nan,nan,nan,nan
3854,96.35,3.290298599e-01,2.527439620e-01,nan,nan,nan,nan
3855,96.375,3.290298070e-01,2.527453159e-01,nan,nan,nan,nan
3856,96.4,3.290254990e-01,2.527442680e-01,nan,nan,nan,nan
3857,96.425,3.290161887e-01,2.527391801e-01,nan,nan,nan,nan
3858,96.45,3.289979660e-01,2.527264969e-01,nan,nan,nan,nan
3859,96.475,3.289786664e-01,2.527139561e-01,nan,nan,nan,nan
3860,96.5,3.289747136e-01,2.526974117e-01,nan,nan,nan,nan
3861,96.525,3.289960110e-01,2.527114891e-01,nan,nan,nan,nan
3862,96.55,3.290122690e-01,2.527261752e-01,nan,nan,nan,nan
3863,96.575,3.290223634e-01,2.527369480e-01,nan,nan,nan,nan
3864,96.6,3.290286193e-01,2.527421767e-01,nan,nan,nan,nan
3865,96.625,3.290298800e-01,2.527453641e-01,nan,nan,nan,nan
3866,96.65,3.290219379e-01,2.527446764e-01,nan,nan,nan,nan
3867,96.675,3.290131289e-01,2.527359145e-01,nan,nan,nan,nan
3868,96.7,3.289993751e-01,2.527275828e-01,nan,nan,nan,nan
3869,96.725,3.289734470e-01,2.527154212e-01,nan,nan,nan,nan
3870,96.75,3.289728174e-01,2.526927124e-01,nan,nan,nan,nan
3871,96.775,3.289947065e-01,2.527103928e-01,nan,nan,nan,nan
3872,96.8,3.290101284e-01,2.527234106e-01,nan,nan,nan,nan
3873,96.825,3.290217760e-01,2.527346507e-01,nan,nan,nan,nan
3874,96.85,3.290286461e-01,2.527421128e-01,nan,nan,nan,nan
3875,96.875,3.290260962e-01,2.527413260e-01,nan,nan,nan,nan
3876,96.9,3.290226466e-01,2.527409571e-01,nan,nan,nan,nan
3877,96.925,3.290144769e-01,2.527368714e-01,nan,nan,nan,nan
3878,96.95,3.289940100e-01,2.527223386e-01,nan,nan,nan,nan
3879,96.975,3.289754381e-01,2.527103343e-01,nan,nan,nan,nan
3880,97,3.289728486e-01,2.526946775e-01,nan,nan,nan,nan
3881,97.025,3.289922394e-01,2.527074535e-01,nan,nan,nan,nan
3882,97.05,3.290093313e-01,2.527227913e-01,nan,nan,nan,nan
3883,97.075,3.290180420e-01,2.527345452e-01,nan,nan,nan,nan
3884,97.1,3.290246133e-01,2.527379842e-01,nan,nan,nan,nan
3885,97.125,3.290265748e-01,2.527416790e-01,nan,nan,nan,nan
3886,97.15,3.290175972e-01,2.527418550e-01,nan,nan,nan,nan
3887,97.175,3.290089459e-01,2.527316250e-01,nan,nan,nan,nan
3888,97.2,3.289957501e-01,2.527236494e-01,nan,nan,nan,nan
3889,97.225,3.289691486e-01,2.527122220e-01,nan,nan,nan,nan
3890,97.25,3.289706222e-01,2.526891499e-01,nan,nan,nan,nan
3891,97.275,3.289959822e-01,2.527066462e-01,nan,nan,nan,nan
3892,97.3,3.290077612e-01,2.527225047e-01,nan,nan,nan,nan
3893,97.325,3.290175567e-01,2.527303414e-01,nan,nan,nan,nan
3894,97.35,3.290249556e-01,2.527381288e-01,nan,nan,nan,nan
3895,97.375,3.290218058e-01,2.527379575e-01,nan,nan,nan,nan
3896,97.4,3.290183222e-01,2.527366243e-01,nan,nan,nan,nan
3897,97.425,3.290105293e-01,2.527327070e-01,nan,nan,nan,nan
3898,97.45,3.289898352e-01,2.527184385e-01,nan,nan,nan,nan
3899,97.475,3.289710702e-01,2.527060395e-01,nan,nan,nan,nan
3900,97.5,3.289763783e-01,2.526953239e-01,nan,nan,nan,nan
3901,97.525,3.289934811e-01,2.527096664e-01,nan,nan,nan,nan
3902,97.55,3.290064867e-01,2.527208561e-01,nan,nan,nan,nan
3903,97.575,3.290203782e-01,2.527351157e-01,nan,nan,nan,nan
3904,97.6,3.290222361e-01,2.527377698e-01,nan,nan,nan,nan
3905,97.625,3.290221977e-01,2.527373917e-01,nan,nan,nan,nan
3906,97.65,3.290163467e-01,2.527380003e-01,nan,nan,nan,nan
3907,97.675,3.290049803e-01,2.527289914e-01,nan,nan,nan,nan
3908,97.7,3.289914042e-01,2.527194733e-01,nan,nan,nan,nan
3909,97.725,3.289662996e-01,2.527078646e-01,nan,nan,nan,nan
3910,97.75,3.289737616e-01,2.526926512e-01,nan,nan,nan,nan
3911,97.775,3.290000776e-01,2.527078840e-01,nan,nan,nan,nan
3912,97.8,3.290117228e-01,2.527265643e-01,nan,nan,nan,nan
3913,97.825,3.290189770e-01,2.527333911e-01,nan,nan,nan,nan
3914,97.85,3.290275852e-01,2.527368997e-01,nan,nan,nan,nan
3915,97.875,3.290241096e-01,2.527420443e-01,nan,nan,nan,nan
3916,97.9,3.290161752e-01,2.527372382e-01,nan,nan,nan,nan
3917,97.925,3.290070147e-01,2.527290473e-01,nan,nan,nan,nan
3918,97.95,3.289884427e-01,2.527205952e-01,nan,nan,nan,nan
3919,97.975,3.289677006e-01,2.527041820e-01,nan,nan,nan,nan
3920,98,3.289804174e-01,2.526991677e-01,nan,nan,nan,nan
3921,98.025,3.289975687e-01,2.527137589e-01,nan,nan,nan,nan
3922,98.05,3.290102240e-01,2.527248001e-01,nan,nan,nan,nan
3923,98.075,3.290243007e-01,2.527387702e-01,nan,nan,nan,nan
3924,98.1,3.290263594e-01,2.527418201e-01,nan,nan,nan,nan
3925,98.125,3.290238589e-01,2.527412589e-01,nan,nan,nan,nan
3926,98.15,3.290200965e-01,2.527414138e-01,nan,nan,nan,nan
3927,98.175,3.290070848e-01,2.527329416e-01,nan,nan,nan,nan
3928,98.2,3.289894542e-01,2.527208021e-01,nan,nan,nan,nan
3929,98.225,3.289677983e-01,2.527070917e-01,nan,nan,nan,nan
3930,98.25,3.289778925e-01,2.526966941e-01,nan,nan,nan,nan
3931,98.275,3.290030622e-01,2.527119600e-01,nan,nan,nan,nan
3932,98.3,3.290154411e-01,2.527299332e-01,nan,nan,nan,nan
3933,98.325,3.290230736e-01,2.527373231e-01,nan,nan,nan,nan
3934,98.35,3.290302153e-01,2.527410170e-01,nan,nan,nan,nan
3935,98.375,3.290275920e-01,2.527451147e-01,nan,nan,nan,nan
3936,98.4,3.290201791e-01,2.527410032e-01,nan,nan,nan,nan
3937,98.425,3.290092534e-01,2.527331471e-01,nan,nan,nan,nan
3938,98.45,3.289916400e-01,2.527233238e-01,nan,nan,nan,nan
3939,98.475,3.289692009e-01,2.527077267e-01,nan,nan,nan,nan
3940,98.5,3.289829820e-01,2.527011799e-01,nan,nan,nan,nan
3941,98.525,3.290010074e-01,2.527167739e-01,nan,nan,nan,nan
3942,98.55,3.290142109e-01,2.527285341e-01,nan,nan,nan,nan
3943,98.575,3.290264669e-01,2.527403483e-01,nan,nan,nan,nan
3944,98.6,3.290295038e-01,2.527444851e-01,nan,nan,nan,nan
3945,98.625,3.290276852e-01,2.527447624e-01,nan,nan,nan,nan
3946,98.65,3.290218343e-01,2.527425359e-01,nan,nan,nan,nan
3947,98.675,3.290098904e-01,2.527352193e-01,nan,nan,nan,nan
3948,98.7,3.289930657e-01,2.527240256e-01,nan,nan,nan,nan
3949,98.725,3.289712068e-01,2.527089287e-01,nan,nan,nan,nan
3950,98.75,3.289809819e-01,2.526992938e-01,nan,nan,nan,nan
3951,98.775,3.290034882e-01,2.527154203e-01,nan,nan,nan,nan
3952,98.8,3.290170992e-01,2.527309707e-01,nan,nan,nan,nan
3953,98.825,3.290258159e-01,2.527395284e-01,nan,nan,nan,nan
3954,98.85,3.290301581e-01,2.527441879e-01,nan,nan,nan,nan
3955,98.875,3.290287931e-01,2.527456783e-01,nan,nan,nan,nan
3956,98.9,3.290225357e-01,2.527427835e-01,nan,nan,nan,nan
3957,98.925,3.290112803e-01,2.527359838e-01,nan,nan,nan,nan
3958,98.95,3.289947610e-01,2.527251304e-01,nan,nan,nan,nan
3959,98.975,3.289727461e-01,2.527100306e-01,nan,nan,nan,nan
3960,99,3.289828351e-01,2.527003981e-01,nan,nan,nan,nan
3961,99.025,3.290021232e-01,2.527172493e-01,nan,nan,nan,nan
3962,99.05,3.290164951e-01,2.527302346e-01,nan,nan,nan,nan
3963,99.075,3.290258388e-01,2.527392386e-01,nan,nan,nan,nan
3964,99.1,3.290301432e-01,2.527444781e-01,nan,nan,nan,nan
3965,99.125,3.290295448e-01,2.527460086e-01,nan,nan,nan,nan
3966,99.15,3.290237849e-01,2.527435621e-01,nan,nan,nan,nan
3967,99.175,3.290125375e-01,2.527368964e-01,nan,nan,nan,nan
3968,99.2,3.289956284e-01,2.527258140e-01,nan,nan,nan,nan
3969,99.225,3.289737473e-01,2.527109060e-01,nan,nan,nan,nan
3970,99.25,3.289815322e-01,2.526991967e-01,nan,nan,nan,nan
3971,99.275,3.290014954e-01,2.527165811e-01,nan,nan,nan,nan
3972,99.3,3.290161066e-01,2.527298690e-01,nan,nan,nan,nan
3973,99.325,3.290258800e-01,2.527389501e-01,nan,nan,nan,nan
3974,99.35,3.290308734e-01,2.527448742e-01,nan,nan,nan,nan
3975,99.375,3.290305205e-01,2.527467164e-01,nan,nan,nan,nan
3976,99.4,3.290244942e-01,2.527441828e-01,nan,nan,nan,nan
3977,99.425,3.290127190e-01,2.527371123e-01,nan,nan,nan,nan
3978,99.45,3.289968167e-01,2.527265816e-01,nan,nan,nan,nan
3979,99.475,3.289758209e-01,2.527126030e-01,nan,nan,nan,nan
3980,99.5,3.289807642e-01,2.526985360e-01,nan,nan,nan,nan
3981,99.525,3.290006892e-01,2.527160351e-01,nan,nan,nan,nan
3982,99.55,3.290159819e-01,2.527290960e-01,nan,nan,nan,nan
3983,99.575,3.290264711e-01,2.527393506e-01,nan,nan,nan,nan
3984,99.6,3.290314378e-01,2.527454046e-01,nan,nan,nan,nan
3985,99.625,3.290306095e-01,2.527469585e-01,nan,nan,nan,nan
3986,99.65,3.290240595e-01,2.527439200e-01,nan,nan,nan,nan
3987,99.675,3.290140662e-01,2.527377915e-01,nan,nan,nan,nan
3988,99.7,3.289982772e-01,2.527279054e-01,nan,nan,nan,nan
3989,99.725,3.289767130e-01,2.527134138e-01,nan,nan,nan,nan
3990,99.75,3.289794236e-01,2.526977012e-01,nan,nan,nan,nan
3991,99.775,3.290004143e-01,2.527149044e-01,nan,nan,nan,nan
3992,99.8,3.290162889e-01,2.527294035e-01,nan,nan,nan,nan
3993,99.825,3.290265040e-01,2.527395924e-01,nan,nan,nan,nan
3994,99.85,3.290308843e-01,2.527452092e-01,nan,nan,nan,nan
3995,99.875,3.290302127e-01,2.527462481e-01,nan,nan,nan,nan
3996,99.9,3.290254641e-01,2.527445030e-01,nan,nan,nan,nan
3997,99.925,3.290148875e-01,2.527386797e-01,nan,nan,nan,nan
3998,99.95,3.289986229e-01,2.527282730e-01,nan,nan,nan,nan
3999,99.975,3.289770643e-01,2.527135101e-01,nan,nan,nan,nan
4000,100,3.289791364e-01,2.526963543e-01,nan,nan,nan,nan
4001,100.025,3.290002881e-01,2.527150009e-01,nan,nan,nan,nan
4002,100.05,3.290157077e-01,2.527292591e-01,nan,nan,nan,nan
4003,100.075,3.290253408e-01,2.527389388e-01,nan,nan,nan,nan
4004,100.1,3.290305530e-01,2.527441203e-01,nan,nan,nan,nan
4005,100.125,3.290310003e-01,2.527466966e-01,nan,nan,nan,nan
4006,100.15,3.290256749e-01,2.527449310e-01,nan,nan,nan,nan
4007,100.175,3.290148138e-01,2.527386699e-01,nan,nan,nan,nan
4008,100.2,3.289988115e-01,2.527281765e-01,nan,nan,nan,nan
4009,100.225,3.289778884e-01,2.527139408e-01,nan,nan,nan,nan
4010,100.25,3.289784465e-01,2.526962383e-01,nan,nan,nan,nan
4011,100.275,3.289990604e-01,2.527144008e-01,nan,nan,nan,nan
4012,100.3,3.290140176e-01,2.527281678e-01,nan,nan,nan,nan
4013,100.325,3.290250594e-01,2.527375754e-01,nan,nan,nan,nan
4014,100.35,3.290306874e-01,2.527443699e-01,nan,nan,nan,nan
4015,100.375,3.290306795e-01,2.527466815e-01,nan,nan,nan,nan
4016,100.4,3.290253274e-01,2.527446376e-01,nan,nan,nan,nan
4017,100.425,3.290149656e-01,2.527384951e-01,nan,nan,nan,nan
4018,100.45,3.289992205e-01,2.527282147e-01,nan,nan,nan,nan
4019,100.475,3.289789037e-01,2.527147234e-01,nan,nan,nan,nan
4020,100.5,3.289765950e-01,2.526971325e-01,nan,nan,nan,nan
4021,100.525,3.289973213e-01,2.527129304e-01,nan,nan,nan,nan
4022,100.55,3.290137318e-01,2.527267603e-01,nan,nan,nan,nan
4023,100.575,3.290245595e-01,2.527375384e-01,nan,nan,nan,nan
4024,100.6,3.290299514e-01,2.527439668e-01,nan,nan,nan,nan
4025,100.625,3.290301988e-01,2.527462114e-01,nan,nan,nan,nan
4026,100.65,3.290244166e-01,2.527444775e-01,nan,nan,nan,nan
4027,100.675,3.290148208e-01,2.527380268e-01,nan,nan,nan,nan
4028,100.7,3.290000980e-01,2.527288140e-01,nan,nan,nan,nan
4029,100.725,3.289761719e-01,2.527156320e-01,nan,nan,nan,nan
4030,100.75,3.289751113e-01,2.526951159e-01,nan,nan,nan,nan
4031,100.775,3.289965927e-01,2.527114703e-01,nan,nan,nan,nan
4032,100.8,3.290126671e-01,2.527262342e-01,nan,nan,nan,nan
4033,100.825,3.290235421e-01,2.527368303e-01,nan,nan,nan,nan
4034,100.85,3.290294507e-01,2.527434222e-01,nan,nan,nan,nan
4035,100.875,3.290288746e-01,2.527443332e-01,nan,nan,nan,nan
4036,100.9,3.290247431e-01,2.527434223e-01,nan,nan,nan,nan
4037,100.925,3.290156724e-01,2.527385430e-01,nan,nan,nan,nan
4038,100.95,3.289969878e-01,2.527254859e-01,nan,nan,nan,nan
4039,100.975,3.289778341e-01,2.527130491e-01,nan,nan,nan,nan
4040,101,3.289736849e-01,2.526966864e-01,nan,nan,nan,nan
4041,101.025,3.289950702e-01,2.527105022e-01,nan,nan,nan,nan
4042,101.05,3.290114970e-01,2.527253173e-01,nan,nan,nan,nan
4043,101.075,3.290213275e-01,2.527362918e-01,nan,nan,nan,nan
4044,101.1,3.290276359e-01,2.527411648e-01,nan,nan,nan,nan
4045,101.125,3.290290345e-01,2.527444480e-01,nan,nan,nan,nan
4046,101.15,3.290209093e-01,2.527439345e-01,nan,nan,nan,nan
4047,101.175,3.290121167e-01,2.527348918e-01,nan,nan,nan,nan
4048,101.2,3.289984678e-01,2.527266213e-01,nan,nan,nan,nan
4049,101.225,3.289724400e-01,2.527146038e-01,nan,nan,nan,nan
4050,101.25,3.289718295e-01,2.526916931e-01,nan,nan,nan,nan
4051,101.275,3.289938484e-01,2.527094682e-01,nan,nan,nan,nan
4052,101.3,3.290091070e-01,2.527224284e-01,nan,nan,nan,nan
4053,101.325,3.290207626e-01,2.527336312e-01,nan,nan,nan,nan
4054,101.35,3.290277294e-01,2.527411461e-01,nan,nan,nan,nan
4055,101.375,3.290250995e-01,2.527403859e-01,nan,nan,nan,nan
4056,101.4,3.290216219e-01,2.527399442e-01,nan,nan,nan,nan
4057,101.425,3.290135142e-01,2.527358760e-01,nan,nan,nan,nan
4058,101.45,3.289930520e-01,2.527214538e-01,nan,nan,nan,nan
4059,101.475,3.289744163e-01,2.527093422e-01,nan,nan,nan,nan
4060,101.5,3.289737880e-01,2.526936672e-01,nan,nan,nan,nan
4061,101.525,3.289915000e-01,2.527073533e-01,nan,nan,nan,nan
4062,101.55,3.290083096e-01,2.527217856e-01,nan,nan,nan,nan
4063,101.575,3.290176156e-01,2.527335487e-01,nan,nan,nan,nan
4064,101.6,3.290236693e-01,2.527371167e-01,nan,nan,nan,nan
4065,101.625,3.290255593e-01,2.527406972e-01,nan,nan,nan,nan
4066,101.65,3.290168952e-01,2.527408469e-01,nan,nan,nan,nan
4067,101.675,3.290080567e-01,2.527308275e-01,nan,nan,nan,nan
4068,101.7,3.289947550e-01,2.527227053e-01,nan,nan,nan,nan
4069,101.725,3.289685413e-01,2.527112165e-01,nan,nan,nan,nan
4070,101.75,3.289714594e-01,2.526900723e-01,nan,nan,nan,nan
4071,101.775,3.289970519e-01,2.527059245e-01,nan,nan,nan,nan
4072,101.8,3.290087977e-01,2.527235626e-01,nan,nan,nan,nan
4073,101.825,3.290166849e-01,2.527306354e-01,nan,nan,nan,nan
4074,101.85,3.290245911e-01,2.527371985e-01,nan,nan,nan,nan
4075,101.875,3.290212231e-01,2.527390183e-01,nan,nan,nan,nan
4076,101.9,3.290175200e-01,2.527359301e-01,nan,nan,nan,nan
4077,101.925,3.290095816e-01,2.527318303e-01,nan,nan,nan,nan
4078,101.95,3.289893569e-01,2.527181044e-01,nan,nan,nan,nan
4079,101.975,3.289703487e-01,2.527054382e-01,nan,nan,nan,nan
4080,102,3.289774229e-01,2.526963173e-01,nan,nan,nan,nan
4081,102.025,3.289945392e-01,2.527107225e-01,nan,nan,nan,nan
4082,102.05,3.290074607e-01,2.527218764e-01,nan,nan,nan,nan
4083,102.075,3.290213886e-01,2.527360567e-01,nan,nan,nan,nan
4084,102.1,3.290232983e-01,2.527388107e-01,nan,nan,nan,nan
4085,102.125,3.290214987e-01,2.527382477e-01,nan,nan,nan,nan
4086,102.15,3.290173085e-01,2.527388757e-01,nan,nan,nan,nan
4087,102.175,3.290046403e-01,2.527300024e-01,nan,nan,nan,nan
4088,102.2,3.289907978e-01,2.527189989e-01,nan,nan,nan,nan
4089,102.225,3.289663827e-01,2.527071524e-01,nan,nan,nan,nan
4090,102.25,3.289748193e-01,2.526936838e-01,nan,nan,nan,nan
4091,102.275,3.290008379e-01,2.527089267e-01,nan,nan,nan,nan
4092,102.3,3.290126699e-01,2.527274219e-01,nan,nan,nan,nan
4093,102.325,3.290200208e-01,2.527343909e-01,nan,nan,nan,nan
4094,102.35,3.290282506e-01,2.527379475e-01,nan,nan,nan,nan
4095,102.375,3.290249921e-01,2.527428218e-01,nan,nan,nan,nan
4096,102.4,3.290171903e-01,2.527381912e-01,nan,nan,nan,nan
4097,102.425,3.290075757e-01,2.527300854e-01,nan,nan,nan,nan
4098,102.45,3.289892482e-01,2.527212816e-01,nan,nan,nan,nan
4099,102.475,3.289676247e-01,2.527050747e-01,nan,nan,nan,nan
4100,102.5,3.289810601e-01,2.526996699e-01,nan,nan,nan,nan
4101,102.525,3.289984335e-01,2.527145161e-01,nan,nan,nan,nan
4102,102.55,3.290112280e-01,2.527257385e-01,nan,nan,nan,nan
4103,102.575,3.290248377e-01,2.527391577e-01,nan,nan,nan,nan
4104,102.6,3.290271451e-01,2.527424844e-01,nan,nan,nan,nan
4105,102.625,3.290248172e-01,2.527421346e-01,nan,nan,nan,nan
4106,102.65,3.290205203e-01,2.527416811e-01,nan,nan,nan,nan
4107,102.675,3.290077803e-01,2.527335037e-01,nan,nan,nan,nan
4108,102.7,3.289903532e-01,2.527216028e-01,nan,nan,nan,nan
4109,102.725,3.289681492e-01,2.527072352e-01,nan,nan,nan,nan
4110,102.75,3.289786578e-01,2.526973360e-01,nan,nan,nan,nan
4111,102.775,3.290031448e-01,2.527128182e-01,nan,nan,nan,nan
4112,102.8,3.290158396e-01,2.527301748e-01,nan,nan,nan,nan
4113,102.825,3.290237469e-01,2.527378613e-01,nan,nan,nan,nan
4114,102.85,3.290301709e-01,2.527417980e-01,nan,nan,nan,nan
4115,102.875,3.290278708e-01,2.527452323e-01,nan,nan,nan,nan
4116,102.9,3.290207508e-01,2.527414304e-01,nan,nan,nan,nan
4117,102.925,3.290090827e-01,2.527338398e-01,nan,nan,nan,nan
4118,102.95,3.289918032e-01,2.527233158e-01,nan,nan,nan,nan
4119,102.975,3.289696631e-01,2.527080367e-01,nan,nan,nan,nan
4120,103,3.289829120e-01,2.527009483e-01,nan,nan,nan,nan
4121,103.025,3.290012602e-01,2.527168656e-01,nan,nan,nan,nan
4122,103.05,3.290147587e-01,2.527289361e-01,nan,nan,nan,nan
4123,103.075,3.290262714e-01,2.527399956e-01,nan,nan,nan,nan
4124,103.1,3.290296327e-01,2.527444515e-01,nan,nan,nan,nan
4125,103.125,3.290281224e-01,2.527450466e-01,nan,nan,nan,nan
4126,103.15,3.290215732e-01,2.527420671e-01,nan,nan,nan,nan
4127,103.175,3.290098938e-01,2.527350609e-01,nan,nan,nan,nan
4128,103.2,3.289933861e-01,2.527241881e-01,nan,nan,nan,nan
4129,103.225,3.289718103e-01,2.527093926e-01,nan,nan,nan,nan
4130,103.25,3.289810847e-01,2.526992347e-01,nan,nan,nan,nan
4131,103.275,3.290028552e-01,2.527156787e-01,nan,nan,nan,nan
4132,103.3,3.290167575e-01,2.527304807e-01,nan,nan,nan,nan
4133,103.325,3.290257934e-01,2.527393453e-01,nan,nan,nan,nan
4134,103.35,3.290298437e-01,2.527443244e-01,nan,nan,nan,nan
4135,103.375,3.290286305e-01,2.527452567e-01,nan,nan,nan,nan
4136,103.4,3.290223883e-01,2.527424790e-01,nan,nan,nan,nan
4137,103.425,3.290114532e-01,2.527359965e-01,nan,nan,nan,nan
4138,103.45,3.289952339e-01,2.527254547e-01,nan,nan,nan,nan
4139,103.475,3.289734715e-01,2.527106321e-01,nan,nan,nan,nan
4140,103.5,3.289820887e-01,2.526995476e-01,nan,nan,nan,nan
4141,103.525,3.290016432e-01,2.527166329e-01,nan,nan,nan,nan
4142,103.55,3.290163226e-01,2.527299067e-01,nan,nan,nan,nan
4143,103.575,3.290258564e-01,2.527392255e-01,nan,nan,nan,nan
4144,103.6,3.290299089e-01,2.527443369e-01,nan,nan,nan,nan
4145,103.625,3.290292505e-01,2.527455652e-01,nan,nan,nan,nan
4146,103.65,3.290238077e-01,2.527434257e-01,nan,nan,nan,nan
4147,103.675,3.290128710e-01,2.527370753e-01,nan,nan,nan,nan
4148,103.7,3.289962376e-01,2.527262871e-01,nan,nan,nan,nan
4149,103.725,3.289740130e-01,2.527110352e-01,nan,nan,nan,nan
4150,103.75,3.289809246e-01,2.526984673e-01,nan,nan,nan,nan
4151,103.775,3.290011773e-01,2.527161160e-01,nan,nan,nan,nan
4152,103.8,3.290161033e-01,2.527297075e-01,nan,nan,nan,nan
4153,103.825,3.290253685e-01,2.527389398e-01,nan,nan,nan,nan
4154,103.85,3.290304392e-01,2.527443018e-01,nan,nan,nan,nan
4155,103.875,3.290303938e-01,2.527464347e-01,nan,nan,nan,nan
4156,103.9,3.290246823e-01,2.527442136e-01,nan,nan,nan,nan
4157,103.925,3.290132001e-01,2.527374481e-01,nan,nan,nan,nan
4158,103.95,3.289965684e-01,2.527262018e-01,nan,nan,nan,nan
4159,103.975,3.289758870e-01,2.527125115e-01,nan,nan,nan,nan
4160,104,3.289803080e-01,2.526979442e-01,nan,nan,nan,nan
4161,104.025,3.290005371e-01,2.527157295e-01,nan,nan,nan,nan
4162,104.05,3.290151748e-01,2.527290363e-01,nan,nan,nan,nan
4163,104.075,3.290259068e-01,2.527386617e-01,nan,nan,nan,nan
4164,104.1,3.290311651e-01,2.527449843e-01,nan,nan,nan,nan
4165,104.125,3.290306492e-01,2.527468415e-01,nan,nan,nan,nan
4166,104.15,3.290243753e-01,2.527441126e-01,nan,nan,nan,nan
4167,104.175,3.290136768e-01,2.527372624e-01,nan,nan,nan,nan
4168,104.2,3.289981945e-01,2.527276683e-01,nan,nan,nan,nan
4169,104.225,3.289769401e-01,2.527134863e-01,nan,nan,nan,nan
4170,104.25,3.289791267e-01,2.526972588e-01,nan,nan,nan,nan
4171,104.275,3.289995226e-01,2.527146141e-01,nan,nan,nan,nan
4172,104.3,3.290156071e-01,2.527286131e-01,nan,nan,nan,nan
4173,104.325,3.290260919e-01,2.527390431e-01,nan,nan,nan,nan
4174,104.35,3.290307758e-01,2.527449478e-01,nan,nan,nan,nan
4175,104.375,3.290297955e-01,2.527462943e-01,nan,nan,nan,nan
4176,104.4,3.290249426e-01,2.527438544e-01,nan,nan,nan,nan
4177,104.425,3.290146586e-01,2.527383030e-01,nan,nan,nan,nan
4178,104.45,3.289987033e-01,2.527281986e-01,nan,nan,nan,nan
4179,104.475,3.289774423e-01,2.527137401e-01,nan,nan,nan,nan
4180,104.5,3.289781788e-01,2.526956788e-01,nan,nan,nan,nan
4181,104.525,3.289995034e-01,2.527141259e-01,nan,nan,nan,nan
4182,104.55,3.290151655e-01,2.527285929e-01,nan,nan,nan,nan
4183,104.575,3.290250872e-01,2.527385394e-01,nan,nan,nan,nan
4184,104.6,3.290296937e-01,2.527440202e-01,nan,nan,nan,nan
4185,104.625,3.290303582e-01,2.527459428e-01,nan,nan,nan,nan
4186,104.65,3.290253056e-01,2.527444234e-01,nan,nan,nan,nan
4187,104.675,3.290147469e-01,2.527384511e-01,nan,nan,nan,nan
4188,104.7,3.289990487e-01,2.527282620e-01,nan,nan,nan,nan
4189,104.725,3.289774087e-01,2.527141383e-01,nan,nan,nan,nan
4190,104.75,3.289775757e-01,2.526959039e-01,nan,nan,nan,nan
4191,104.775,3.289984002e-01,2.527136323e-01,nan,nan,nan,nan
4192,104.8,3.290136253e-01,2.527276396e-01,nan,nan,nan,nan
4193,104.825,3.290241291e-01,2.527373249e-01,nan,nan,nan,nan
4194,104.85,3.290299389e-01,2.527435270e-01,nan,nan,nan,nan
4195,104.875,3.290301784e-01,2.527460543e-01,nan,nan,nan,nan
4196,104.9,3.290251156e-01,2.527442800e-01,nan,nan,nan,nan
4197,104.925,3.290150579e-01,2.527384352e-01,nan,nan,nan,nan
4198,104.95,3.289986177e-01,2.527274974e-01,nan,nan,nan,nan
4199,104.975,3.289785760e-01,2.527142566e-01,nan,nan,nan,nan
4200,105,3.289758313e-01,2.526969546e-01,nan,nan,nan,nan
4201,105.025,3.289964410e-01,2.527122852e-01,nan,nan,nan,nan
4202,105.05,3.290127501e-01,2.527262447e-01,nan,nan,nan,nan
4203,105.075,3.290237206e-01,2.527366244e-01,nan,nan,nan,nan
4204,105.1,3.290293297e-01,2.527432338e-01,nan,nan,nan,nan
4205,105.125,3.290298474e-01,2.527457233e-01,nan,nan,nan,nan
4206,105.15,3.290235143e-01,2.527442745e-01,nan,nan,nan,nan
4207,105.175,3.290141083e-01,2.527372164e-01,nan,nan,nan,nan
4208,105.2,3.289996370e-01,2.527282252e-01,nan,nan,nan,nan
4209,105.225,3.289752190e-01,2.527153147e-01,nan,nan,nan,nan
4210,105.25,3.289740900e-01,2.526942395e-01,nan,nan,nan,nan
4211,105.275,3.289955801e-01,2.527108112e-01,nan,nan,nan,nan
4212,105.3,3.290117559e-01,2.527252685e-01,nan,nan,nan,nan
4213,105.325,3.290228135e-01,2.527360074e-01,nan,nan,nan,nan
4214,105.35,3.290289680e-01,2.527428146e-01,nan,nan,nan,nan
4215,105.375,3.290279157e-01,2.527433373e-01,nan,nan,nan,nan
4216,105.4,3.290239363e-01,2.527425362e-01,nan,nan,nan,nan
4217,105.425,3.290150886e-01,2.527378454e-01,nan,nan,nan,nan
4218,105.45,3.289959947e-01,2.527244740e-01,nan,nan,nan,nan
4219,105.475,3.289769605e-01,2.527121123e-01,nan,nan,nan,nan
4220,105.5,3.289726626e-01,2.526959086e-01,nan,nan,nan,nan
4221,105.525,3.289941058e-01,2.527095050e-01,nan,nan,nan,nan
4222,105.55,3.290106773e-01,2.527244221e-01,nan,nan,nan,nan
4223,105.575,3.290203104e-01,2.527355781e-01,nan,nan,nan,nan
4224,105.6,3.290266405e-01,2.527401546e-01,nan,nan,nan,nan
4225,105.625,3.290281508e-01,2.527435051e-01,nan,nan,nan,nan
4226,105.65,3.290199118e-01,2.527431432e-01,nan,nan,nan,nan
4227,105.675,3.290111042e-01,2.527338828e-01,nan,nan,nan,nan
4228,105.7,3.289975326e-01,2.527256438e-01,nan,nan,nan,nan
4229,105.725,3.289714760e-01,2.527137460e-01,nan,nan,nan,nan
4230,105.75,3.289708324e-01,2.526906995e-01,nan,nan,nan,nan
4231,105.775,3.289945760e-01,2.527085198e-01,nan,nan,nan,nan
4232,105.8,3.290081186e-01,2.527214934e-01,nan,nan,nan,nan
4233,105.825,3.290197516e-01,2.527326276e-01,nan,nan,nan,nan
4234,105.85,3.290267877e-01,2.527401662e-01,nan,nan,nan,nan
4235,105.875,3.290241476e-01,2.527395042e-01,nan,nan,nan,nan
4236,105.9,3.290206111e-01,2.527389590e-01,nan,nan,nan,nan
4237,105.925,3.290125372e-01,2.527348785e-01,nan,nan,nan,nan
4238,105.95,3.289921498e-01,2.527206377e-01,nan,nan,nan,nan
4239,105.975,3.289734199e-01,2.527083892e-01,nan,nan,nan,nan
4240,106,3.289747719e-01,2.526935608e-01,nan,nan,nan,nan
4241,106.025,3.289923182e-01,2.527082596e-01,nan,nan,nan,nan
4242,106.05,3.290073040e-01,2.527208093e-01,nan,nan,nan,nan
4243,106.075,3.290186371e-01,2.527332540e-01,nan,nan,nan,nan
4244,106.1,3.290227823e-01,2.527363186e-01,nan,nan,nan,nan
4245,106.125,3.290245711e-01,2.527397560e-01,nan,nan,nan,nan
4246,106.15,3.290162856e-01,2.527398502e-01,nan,nan,nan,nan
4247,106.175,3.290072345e-01,2.527301086e-01,nan,nan,nan,nan
4248,106.2,3.289937981e-01,2.527218122e-01,nan,nan,nan,nan
4249,106.225,3.289680331e-01,2.527102331e-01,nan,nan,nan,nan
4250,106.25,3.289723596e-01,2.526910400e-01,nan,nan,nan,nan
4251,106.275,3.289980847e-01,2.527067255e-01,nan,nan,nan,nan
4252,106.3,3.290098420e-01,2.527246073e-01,nan,nan,nan,nan
4253,106.325,3.290174030e-01,2.527316416e-01,nan,nan,nan,nan
4254,106.35,3.290255906e-01,2.527363204e-01,nan,nan,nan,nan
4255,106.375,3.290221511e-01,2.527400489e-01,nan,nan,nan,nan
4256,106.4,3.290167942e-01,2.527353760e-01,nan,nan,nan,nan
4257,106.425,3.290086838e-01,2.527310153e-01,nan,nan,nan,nan
4258,106.45,3.289889821e-01,2.527185903e-01,nan,nan,nan,nan
4259,106.475,3.289697116e-01,2.527049301e-01,nan,nan,nan,nan
4260,106.5,3.289784115e-01,2.526972347e-01,nan,nan,nan,nan
4261,106.525,3.289955851e-01,2.527117456e-01,nan,nan,nan,nan
4262,106.55,3.290084641e-01,2.527229068e-01,nan,nan,nan,nan
4263,106.575,3.290223272e-01,2.527369071e-01,nan,nan,nan,nan
4264,106.6,3.290243317e-01,2.527398024e-01,nan,nan,nan,nan
4265,106.625,3.290219797e-01,2.527392847e-01,nan,nan,nan,nan
4266,106.65,3.290181837e-01,2.527396470e-01,nan,nan,nan,nan
4267,106.675,3.290050422e-01,2.527309486e-01,nan,nan,nan,nan
4268,106.7,3.289902817e-01,2.527187758e-01,nan,nan,nan,nan
4269,106.725,3.289665754e-01,2.527065186e-01,nan,nan,nan,nan
4270,106.75,3.289758455e-01,2.526946648e-01,nan,nan,nan,nan
4271,106.775,3.290014753e-01,2.527099603e-01,nan,nan,nan,nan
4272,106.8,3.290135290e-01,2.527281745e-01,nan,nan,nan,nan
4273,106.825,3.290210171e-01,2.527353240e-01,nan,nan,nan,nan
4274,106.85,3.290287834e-01,2.527389701e-01,nan,nan,nan,nan
4275,106.875,3.290257734e-01,2.527434827e-01,nan,nan,nan,nan
4276,106.9,3.290181427e-01,2.527390630e-01,nan,nan,nan,nan
4277,106.925,3.290079966e-01,2.527310827e-01,nan,nan,nan,nan
4278,106.95,3.289899407e-01,2.527218415e-01,nan,nan,nan,nan
4279,106.975,3.289676542e-01,2.527058730e-01,nan,nan,nan,nan
4280,107,3.289815706e-01,2.527000300e-01,nan,nan,nan,nan
4281,107.025,3.289991962e-01,2.527151563e-01,nan,nan,nan,nan
4282,107.05,3.290121673e-01,2.527265943e-01,nan,nan,nan,nan
4283,107.075,3.290252352e-01,2.527393983e-01,nan,nan,nan,nan
4284,107.1,3.290278172e-01,2.527430222e-01,nan,nan,nan,nan
4285,107.125,3.290256966e-01,2.527429147e-01,nan,nan,nan,nan
4286,107.15,3.290207993e-01,2.527417988e-01,nan,nan,nan,nan
4287,107.175,3.290083523e-01,2.527339316e-01,nan,nan,nan,nan
4288,107.2,3.289911604e-01,2.527222963e-01,nan,nan,nan,nan
4289,107.225,3.289691123e-01,2.527072283e-01,nan,nan,nan,nan
4290,107.25,3.289793092e-01,2.526978516e-01,nan,nan,nan,nan
4291,107.275,3.290030765e-01,2.527135799e-01,nan,nan,nan,nan
4292,107.3,3.290160945e-01,2.527302684e-01,nan,nan,nan,nan
4293,107.325,3.290242968e-01,2.527382660e-01,nan,nan,nan,nan
4294,107.35,3.290299782e-01,2.527424712e-01,nan,nan,nan,nan
4295,107.375,3.290280031e-01,2.527452016e-01,nan,nan,nan,nan
4296,107.4,3.290211916e-01,2.527417184e-01,nan,nan,nan,nan
4297,107.425,3.290094963e-01,2.527344152e-01,nan,nan,nan,nan
4298,107.45,3.289926999e-01,2.527231970e-01,nan,nan,nan,nan
4299,107.475,3.289706046e-01,2.527082041e-01,nan,nan,nan,nan
4300,107.5,3.289826964e-01,2.527005768e-01,nan,nan,nan,nan
4301,107.525,3.290013682e-01,2.527168112e-01,nan,nan,nan,nan
4302,107.55,3.290151761e-01,2.527292001e-01,nan,nan,nan,nan
4303,107.575,3.290259352e-01,2.527395106e-01,nan,nan,nan,nan
4304,107.6,3.290296165e-01,2.527442740e-01,nan,nan,nan,nan
4305,107.625,3.290284237e-01,2.527451899e-01,nan,nan,nan,nan
4306,107.65,3.290221596e-01,2.527421875e-01,nan,nan,nan,nan
4307,107.675,3.290105522e-01,2.527350832e-01,nan,nan,nan,nan
4308,107.7,3.289935671e-01,2.527242085e-01,nan,nan,nan,nan
4309,107.725,3.289722914e-01,2.527097254e-01,nan,nan,nan,nan
4310,107.75,3.289810444e-01,2.526990344e-01,nan,nan,nan,nan
4311,107.775,3.290021168e-01,2.527157977e-01,nan,nan,nan,nan
4312,107.8,3.290162855e-01,2.527298716e-01,nan,nan,nan,nan
4313,107.825,3.290256298e-01,2.527390254e-01,nan,nan,nan,nan
4314,107.85,3.290300003e-01,2.527443207e-01,nan,nan,nan,nan
4315,107.875,3.290290884e-01,2.527455656e-01,nan,nan,nan,nan
4316,107.9,3.290226258e-01,2.527425277e-01,nan,nan,nan,nan
4317,107.925,3.290114871e-01,2.527358704e-01,nan,nan,nan,nan
4318,107.95,3.289955790e-01,2.527256451e-01,nan,nan,nan,nan
4319,107.975,3.289740913e-01,2.527111171e-01,nan,nan,nan,nan
4320,108,3.289812547e-01,2.526986284e-01,nan,nan,nan,nan
4321,108.025,3.290010458e-01,2.527159126e-01,nan,nan,nan,nan
4322,108.05,3.290160159e-01,2.527294517e-01,nan,nan,nan,nan
4323,108.075,3.290258659e-01,2.527390760e-01,nan,nan,nan,nan
4324,108.1,3.290302299e-01,2.527445030e-01,nan,nan,nan,nan
4325,108.125,3.290288971e-01,2.527454966e-01,nan,nan,nan,nan
4326,108.15,3.290236946e-01,2.527431564e-01,nan,nan,nan,nan
4327,108.175,3.290130739e-01,2.527371204e-01,nan,nan,nan,nan
4328,108.2,3.289967333e-01,2.527266382e-01,nan,nan,nan,nan
4329,108.225,3.289747512e-01,2.527116552e-01,nan,nan,nan,nan
4330,108.25,3.289802144e-01,2.526976510e-01,nan,nan,nan,nan
4331,108.275,3.290007344e-01,2.527155360e-01,nan,nan,nan,nan
4332,108.3,3.290159665e-01,2.527294160e-01,nan,nan,nan,nan
4333,108.325,3.290255468e-01,2.527389606e-01,nan,nan,nan,nan
4334,108.35,3.290298887e-01,2.527439721e-01,nan,nan,nan,nan
4335,108.375,3.290301369e-01,2.527460286e-01,nan,nan,nan,nan
4336,108.4,3.290247397e-01,2.527441132e-01,nan,nan,nan,nan
4337,108.425,3.290135623e-01,2.527376590e-01,nan,nan,nan,nan
4338,108.45,3.289968069e-01,2.527266999e-01,nan,nan,nan,nan
4339,108.475,3.289758227e-01,2.527122914e-01,nan,nan,nan,nan
4340,108.5,3.289797388e-01,2.526972516e-01,nan,nan,nan,nan
4341,108.525,3.290002576e-01,2.527153028e-01,nan,nan,nan,nan
4342,108.55,3.290150229e-01,2.527289123e-01,nan,nan,nan,nan
4343,108.575,3.290252398e-01,2.527379535e-01,nan,nan,nan,nan
4344,108.6,3.290307705e-01,2.527444504e-01,nan,nan,nan,nan
4345,108.625,3.290305608e-01,2.527465986e-01,nan,nan,nan,nan
4346,108.65,3.290245974e-01,2.527441797e-01,nan,nan,nan,nan
4347,108.675,3.290131821e-01,2.527373160e-01,nan,nan,nan,nan
4348,108.7,3.289979861e-01,2.527273101e-01,nan,nan,nan,nan
4349,108.725,3.289770431e-01,2.527134333e-01,nan,nan,nan,nan
4350,108.75,3.289787111e-01,2.526967063e-01,nan,nan,nan,nan
4351,108.775,3.289986644e-01,2.527143487e-01,nan,nan,nan,nan
4352,108.8,3.290148378e-01,2.527277511e-01,nan,nan,nan,nan
4353,108.825,3.290255684e-01,2.527383930e-01,nan,nan,nan,nan
4354,108.85,3.290305443e-01,2.527445683e-01,nan,nan,nan,nan
4355,108.875,3.290298738e-01,2.527462173e-01,nan,nan,nan,nan
4356,108.9,3.290243188e-01,2.527435324e-01,nan,nan,nan,nan
4357,108.925,3.290143114e-01,2.527378148e-01,nan,nan,nan,nan
4358,108.95,3.289986615e-01,2.527280030e-01,nan,nan,nan,nan
4359,108.975,3.289777057e-01,2.527138515e-01,nan,nan,nan,nan
4360,109,3.289771881e-01,2.526956628e-01,nan,nan,nan,nan
4361,109.025,3.289986480e-01,2.527131974e-01,nan,nan,nan,nan
4362,109.05,3.290145246e-01,2.527278405e-01,nan,nan,nan,nan
4363,109.075,3.290247182e-01,2.527380317e-01,nan,nan,nan,nan
4364,109.1,3.290294362e-01,2.527438015e-01,nan,nan,nan,nan
4365,109.125,3.290296281e-01,2.527453795e-01,nan,nan,nan,nan
4366,109.15,3.290248273e-01,2.527438159e-01,nan,nan,nan,nan
4367,109.175,3.290145620e-01,2.527381178e-01,nan,nan,nan,nan
4368,109.2,3.289991703e-01,2.527282303e-01,nan,nan,nan,nan
4369,109.225,3.289768279e-01,2.527144069e-01,nan,nan,nan,nan
4370,109.25,3.289766522e-01,2.526954608e-01,nan,nan,nan,nan
4371,109.275,3.289976556e-01,2.527127936e-01,nan,nan,nan,nan
4372,109.3,3.290131271e-01,2.527270150e-01,nan,nan,nan,nan
4373,109.325,3.290233304e-01,2.527369699e-01,nan,nan,nan,nan
4374,109.35,3.290291178e-01,2.527428829e-01,nan,nan,nan,nan
4375,109.375,3.290295797e-01,2.527453407e-01,nan,nan,nan,nan
4376,109.4,3.290247921e-01,2.527438166e-01,nan,nan,nan,nan
4377,109.425,3.290150362e-01,2.527382619e-01,nan,nan,nan,nan
4378,109.45,3.289979269e-01,2.527267049e-01,nan,nan,nan,nan
4379,109.475,3.289781422e-01,2.527136915e-01,nan,nan,nan,nan
4380,109.5,3.289749987e-01,2.526966664e-01,nan,nan,nan,nan
4381,109.525,3.289958246e-01,2.527115570e-01,nan,nan,nan,nan
4382,109.55,3.290117494e-01,2.527257615e-01,nan,nan,nan,nan
4383,109.575,3.290228259e-01,2.527360584e-01,nan,nan,nan,nan
4384,109.6,3.290286234e-01,2.527424292e-01,nan,nan,nan,nan
4385,109.625,3.290293930e-01,2.527451401e-01,nan,nan,nan,nan
4386,109.65,3.290225702e-01,2.527439640e-01,nan,nan,nan,nan
4387,109.675,3.290133222e-01,2.527363468e-01,nan,nan,nan,nan
4388,109.7,3.289990802e-01,2.527275504e-01,nan,nan,nan,nan
4389,109.725,3.289742389e-01,2.527148949e-01,nan,nan,nan,nan
4390,109.75,3.289731102e-01,2.526933172e-01,nan,nan,nan,nan
4391,109.775,3.289945675e-01,2.527102104e-01,nan,nan,nan,nan
4392,109.8,3.290108062e-01,2.527242821e-01,nan,nan,nan,nan
4393,109.825,3.290220148e-01,2.527351288e-01,nan,nan,nan,nan
4394,109.85,3.290283927e-01,2.527421243e-01,nan,nan,nan,nan
4395,109.875,3.290269329e-01,2.527423360e-01,nan,nan,nan,nan
4396,109.9,3.290230715e-01,2.527416077e-01,nan,nan,nan,nan
4397,109.925,3.290144208e-01,2.527370754e-01,nan,nan,nan,nan
4398,109.95,3.289949926e-01,2.527234718e-01,nan,nan,nan,nan
4399,109.975,3.289760418e-01,2.527111470e-01,nan,nan,nan,nan
4400,110,3.289730837e-01,2.526950698e-01,nan,nan,nan,nan
