n,t,maxE_SF,maxH_SF,W_total,W_phys,divE_TF,divH_TF
1,0.0125,0.000000000e+00,0.000000000e+00,nan,nan,nan,nan
2,0.025,0.000000000e+00,0.000000000e+00,nan,nan,nan,nan
3,0.0375,0.000000000e+00,0.000000000e+00,nan,nan,nan,nan
4,0.05,0.000000000e+00,0.000000000e+00,nan,nan,nan,nan
5,0.0625,0.000000000e+00,0.000000000e+00,nan,nan,nan,nan
6,0.075,0.000000000e+00,0.000000000e+00,nan,nan,nan,nan
7,0.0875,0.000000000e+00,0.000000000e+00,nan,nan,nan,nan
8,0.1,0.000000000e+00,0.000000000e+00,nan,nan,nan,nan
9,0.1125,0.000000000e+00,0.000000000e+00,nan,nan,nan,nan
10,0.125,0.000000000e+00,0.000000000e+00,nan,nan,nan,nan
11,0.1375,0.000000000e+00,0.000000000e+00,nan,nan,nan,nan
12,0.15,0.000000000e+00,0.000000000e+00,nan,nan,nan,nan
13,0.1625,0.000000000e+00,0.000000000e+00,nan,nan,nan,nan
14,0.175,0.000000000e+00,0.000000000e+00,nan,nan,nan,nan
15,0.1875,0.000000000e+00,0.000000000e+00,nan,nan,nan,nan
16,0.2,0.000000000e+00,0.000000000e+00,nan,nan,nan,nan
17,0.2125,0.000000000e+00,0.000000000e+00,nan,nan,nan,nan
18,0.225,0.000000000e+00,0.000000000e+00,nan,nan,nan,nan
19,0.2375,0.000000000e+00,0.000000000e+00,nan,nan,nan,nan
20,0.25,0.000000000e+00,0.000000000e+00,nan,nan,0.000000e+00,0.000000e+00
21,0.2625,0.000000000e+00,0.000000000e+00,nan,nan,nan,nan
22,0.275,0.000000000e+00,0.000000000e+00,nan,nan,nan,nan
23,0.2875,0.000000000e+00,0.000000000e+00,nan,nan,nan,nan
24,0.3,0.000000000e+00,0.000000000e+00,nan,nan,nan,nan
25,0.3125,0.000000000e+00,0.000000000e+00,nan,nan,nan,nan
26,0.325,0.000000000e+00,0.000000000e+00,nan,nan,nan,nan
27,0.3375,0.000000000e+00,0.000000000e+00,nan,nan,nan,nan
28,0.35,0.000000000e+00,0.000000000e+00,nan,nan,nan,nan
29,0.3625,0.000000000e+00,0.000000000e+00,nan,nan,nan,nan
30,0.375,0.000000000e+00,0.000000000e+00,nan,nan,nan,nan
31,0.3875,0.000000000e+00,0.000000000e+00,nan,nan,nan,nan
32,0.4,0.000000000e+00,0.000000000e+00,nan,nan,nan,nan
33,0.4125,0.000000000e+00,0.000000000e+00,nan,nan,nan,nan
34,0.425,0.000000000e+00,0.000000000e+00,nan,nan,nan,nan
35,0.4375,0.000000000e+00,0.000000000e+00,nan,nan,nan,nan
36,0.45,0.000000000e+00,0.000000000e+00,nan,nan,nan,nan
37,0.4625,0.000000000e+00,0.000000000e+00,nan,nan,nan,nan
38,0.475,0.000000000e+00,0.000000000e+00,nan,nan,nan,nan
39,0.4875,0.000000000e+00,0.000000000e+00,nan,nan,nan,nan
40,0.5,0.000000000e+00,0.000000000e+00,nan,nan,0.000000e+00,0.000000e+00
41,0.5125,0.000000000e+00,0.000000000e+00,nan,nan,nan,nan
42,0.525,0.000000000e+00,0.000000000e+00,nan,nan,nan,nan
43,0.5375,2.672764710e-51,4.009147065e-51,nan,nan,nan,nan
44,0.55,8.619666190e-50,8.552847072e-50,nan,nan,nan,nan
45,0.5625,1.709233032e-48,2.052683297e-48,nan,nan,nan,nan
46,0.575,2.839612047e-47,2.189528851e-47,nan,nan,nan,nan
47,0.5875,3.448300800e-46,3.503246161e-46,nan,nan,nan,nan
48,0.6,3.607270832e-45,4.203895393e-45,nan,nan,nan,nan
49,0.6125,4.063729264e-44,4.484155086e-44,nan,nan,nan,nan
50,0.625,2.705272592e-43,3.587324069e-43,nan,nan,nan,nan
51,0.6375,2.061939552e-42,2.869859255e-42,nan,nan,nan,nan
52,0.65,1.298715240e-41,1.434929627e-41,nan,nan,nan,nan
53,0.6625,7.138143795e-41,9.183549616e-41,nan,nan,nan,nan
54,0.675,3.638402161e-40,3.673419846e-40,nan,nan,nan,nan
55,0.6875,1.836492721e-39,2.204051908e-39,nan,nan,nan,nan
56,0.7,9.304186613e-39,1.175494351e-38,nan,nan,nan,nan
57,0.7125,3.483112315e-38,4.701977403e-38,nan,nan,nan,nan
58,0.725,1.402382242e-37,2.350988702e-37,nan,nan,nan,nan
59,0.7375,5.703959670e-37,7.523163845e-37,nan,nan,nan,nan
60,0.75,1.965810631e-36,2.633107346e-36,nan,nan,8.992532e-36,1.234269e-36
61,0.7625,1.018961018e-35,1.354169492e-35,nan,nan,nan,nan
62,0.775,2.756494085e-35,3.611118646e-35,nan,nan,nan,nan
63,0.7875,8.092763426e-35,1.023150283e-34,nan,nan,nan,nan
64,0.8,2.079097664e-34,3.370377403e-34,nan,nan,nan,nan
65,0.8125,7.421487858e-34,1.059261469e-33,nan,nan,nan,nan
66,0.825,1.640902123e-33,2.888894917e-33,nan,nan,nan,nan
67,0.8375,4.194095557e-33,6.933347800e-33,nan,nan,nan,nan
68,0.85,1.061034030e-32,1.848892747e-32,nan,nan,nan,nan
69,0.8625,2.624493349e-32,4.930380658e-32,nan,nan,nan,nan
70,0.875,5.532161138e-32,1.047705890e-31,nan,nan,nan,nan
71,0.8875,1.174577791e-31,2.357338252e-31,nan,nan,nan,nan
72,0.9,2.570294731e-31,5.423418723e-31,nan,nan,nan,nan
73,0.9125,6.096129142e-31,1.109335648e-30,nan,nan,nan,nan
74,0.925,1.030855839e-30,2.267975103e-30,nan,nan,nan,nan
75,0.9375,2.281109663e-30,4.141519752e-30,nan,nan,nan,nan
76,0.95,3.420689353e-30,8.283039505e-30,nan,nan,nan,nan
77,0.9625,5.907363052e-30,1.518557243e-29,nan,nan,nan,nan
78,0.975,1.068336296e-29,2.682127078e-29,nan,nan,nan,nan
79,0.9875,2.145185531e-29,4.388038785e-29,nan,nan,nan,nan
80,1,3.565135160e-29,7.336406419e-29,nan,nan,4.227801e-28,2.189089e-28
81,1.0125,4.990524141e-29,1.167514140e-28,nan,nan,nan,nan
82,1.025,8.145967762e-29,1.735493991e-28,nan,nan,nan,nan
83,1.0375,1.350478257e-28,2.579575160e-28,nan,nan,nan,nan
84,1.05,1.823794800e-28,3.581428510e-28,nan,nan,nan,nan
85,1.0625,2.518536331e-28,5.001378139e-28,nan,nan,nan,nan
86,1.075,3.670273253e-28,6.563322731e-28,nan,nan,nan,nan
87,1.0875,4.900896265e-28,8.456588904e-28,nan,nan,nan,nan
88,1.1,5.931838861e-28,1.009741959e-27,nan,nan,nan,nan
89,1.1125,7.099353000e-28,1.186446801e-27,nan,nan,nan,nan
90,1.125,8.803292556e-28,1.337908095e-27,nan,nan,nan,nan
91,1.1375,1.025479662e-27,1.451504066e-27,nan,nan,nan,nan
92,1.15,1.101210309e-27,1.539856487e-27,nan,nan,nan,nan
93,1.1625,1.164319181e-27,1.640830683e-27,nan,nan,nan,nan
94,1.175,1.227428054e-27,1.590343585e-27,nan,nan,nan,nan
95,1.1875,1.277915152e-27,1.666074232e-27,nan,nan,nan,nan
96,1.2,1.290536926e-27,1.691317781e-27,nan,nan,nan,nan
97,1.2125,1.287490823e-27,1.792291977e-27,nan,nan,nan,nan
98,1.225,1.413708568e-27,1.918509721e-27,nan,nan,nan,nan
99,1.2375,1.438952117e-27,1.943753270e-27,nan,nan,nan,nan
100,1.25,1.476817440e-27,1.994240368e-27,nan,nan,1.640831e-26,2.170945e-26
101,1.2625,1.552548087e-27,2.120458113e-27,nan,nan,nan,nan
102,1.275,1.628278734e-27,2.145701662e-27,nan,nan,nan,nan
103,1.2875,1.716631156e-27,2.196188760e-27,nan,nan,nan,nan
104,1.3,1.817605352e-27,2.246675858e-27,nan,nan,nan,nan
105,1.3125,1.767118254e-27,2.322406505e-27,nan,nan,nan,nan
106,1.325,1.720320675e-27,2.473867799e-27,nan,nan,nan,nan
107,1.3375,1.767118254e-27,2.675816191e-27,nan,nan,nan,nan
108,1.35,1.855470675e-27,2.776790386e-27,nan,nan,nan,nan
109,1.3625,1.837132347e-27,2.675816191e-27,nan,nan,nan,nan
110,1.375,1.856683088e-27,2.675816191e-27,nan,nan,nan,nan
111,1.3875,1.941843724e-27,2.877764582e-27,nan,nan,nan,nan
112,1.4,2.095868816e-27,2.928251680e-27,nan,nan,nan,nan
113,1.4125,2.145775730e-27,2.903008131e-27,nan,nan,nan,nan
114,1.425,2.208567384e-27,2.928251680e-27,nan,nan,nan,nan
115,1.4375,2.184901556e-27,3.180687170e-27,nan,nan,nan,nan
116,1.45,2.297817207e-27,3.433122660e-27,nan,nan,nan,nan
117,1.4625,2.445062570e-27,3.635071051e-27,nan,nan,nan,nan
118,1.475,2.590099144e-27,3.837019443e-27,nan,nan,nan,nan
119,1.4875,2.622655194e-27,3.937993639e-27,nan,nan,nan,nan
120,1.5,2.744285871e-27,4.190429129e-27,nan,nan,4.332424e-26,4.038968e-26
121,1.5125,2.798472256e-27,4.442864618e-27,nan,nan,nan,nan
122,1.525,2.875090684e-27,4.695300108e-27,nan,nan,nan,nan
123,1.5375,2.990835992e-27,5.048709793e-27,nan,nan,nan,nan
124,1.55,3.212025456e-27,5.149683989e-27,nan,nan,nan,nan
125,1.5625,3.443104353e-27,5.250658185e-27,nan,nan,nan,nan
126,1.575,3.365330376e-27,5.503093675e-27,nan,nan,nan,nan
127,1.5875,3.658776393e-27,5.654554969e-27,nan,nan,nan,nan
128,1.6,3.686121790e-27,5.856503360e-27,nan,nan,nan,nan
129,1.6125,3.897488234e-27,6.058451752e-27,nan,nan,nan,nan
130,1.625,4.188890921e-27,6.361374340e-27,nan,nan,nan,nan
131,1.6375,4.239378019e-27,6.563322731e-27,nan,nan,nan,nan
132,1.65,4.441326411e-27,6.462348536e-27,nan,nan,nan,nan
133,1.6625,4.592787705e-27,6.967219515e-27,nan,nan,nan,nan
134,1.675,4.542300607e-27,7.472090494e-27,nan,nan,nan,nan
135,1.6875,4.643274803e-27,7.875987278e-27,nan,nan,nan,nan
136,1.7,4.884905362e-27,7.976961474e-27,nan,nan,nan,nan
137,1.7125,5.207595440e-27,8.077935669e-27,nan,nan,nan,nan
138,1.725,5.510518027e-27,8.279884061e-27,nan,nan,nan,nan
139,1.7375,5.510518027e-27,8.481832453e-27,nan,nan,nan,nan
140,1.75,5.661979321e-27,8.683780845e-27,nan,nan,7.219655e-26,8.481832e-26
141,1.7625,5.964901909e-27,9.188651824e-27,nan,nan,nan,nan
142,1.775,6.065876105e-27,9.794496999e-27,nan,nan,nan,nan
143,1.7875,6.015389007e-27,1.019839378e-26,nan,nan,nan,nan
144,1.8,6.334381948e-27,1.040034217e-26,nan,nan,nan,nan
145,1.8125,6.637304535e-27,1.060229057e-26,nan,nan,nan,nan
146,1.825,6.917978564e-27,1.100618735e-26,nan,nan,nan,nan
147,1.8375,6.823182574e-27,1.171300672e-26,nan,nan,nan,nan
148,1.85,6.839252927e-27,1.211690350e-26,nan,nan,nan,nan
149,1.8625,7.210114606e-27,1.191495511e-26,nan,nan,nan,nan
150,1.875,7.073850347e-27,1.191495511e-26,nan,nan,nan,nan
151,1.8875,7.428983260e-27,1.191495511e-26,nan,nan,nan,nan
152,1.9,7.595190636e-27,1.191495511e-26,nan,nan,nan,nan
153,1.9125,7.849497832e-27,1.231885190e-26,nan,nan,nan,nan
154,1.925,8.487489089e-27,1.252080029e-26,nan,nan,nan,nan
155,1.9375,8.497345371e-27,1.373249064e-26,nan,nan,nan,nan
156,1.95,8.787991236e-27,1.413638742e-26,nan,nan,nan,nan
157,1.9625,8.687017041e-27,1.474223260e-26,nan,nan,nan,nan
158,1.975,9.406113133e-27,1.494418099e-26,nan,nan,nan,nan
159,1.9875,9.990441819e-27,1.575197456e-26,nan,nan,nan,nan
160,2,1.029336441e-26,1.635781973e-26,nan,nan,1.640831e-25,1.575197e-25
161,2.0125,9.995809141e-27,1.756951008e-26,nan,nan,nan,nan
162,2.025,1.070262851e-26,1.857925204e-26,nan,nan,nan,nan
163,2.0375,1.181334467e-26,1.938704561e-26,nan,nan,nan,nan
164,2.05,1.181334467e-26,2.039678757e-26,nan,nan,nan,nan
165,2.0625,1.194961524e-26,2.059873596e-26,nan,nan,nan,nan
166,2.075,1.171770037e-26,2.039678757e-26,nan,nan,nan,nan
167,2.0875,1.272744233e-26,2.100263274e-26,nan,nan,nan,nan
168,2.1,1.383815848e-26,2.201237470e-26,nan,nan,nan,nan
169,2.1125,1.434302946e-26,2.261821987e-26,nan,nan,nan,nan
170,2.125,1.515082303e-26,2.181042631e-26,nan,nan,nan,nan
171,2.1375,1.535277142e-26,2.302211666e-26,nan,nan,nan,nan
172,2.15,1.555471981e-26,2.443575540e-26,nan,nan,nan,nan
173,2.1625,1.616056499e-26,2.564744575e-26,nan,nan,nan,nan
174,2.175,1.797810052e-26,2.665718771e-26,nan,nan,nan,nan
175,2.1875,1.777615212e-26,2.786887806e-26,nan,nan,nan,nan
176,2.2,1.767883714e-26,2.746498128e-26,nan,nan,nan,nan
177,2.2125,1.828468232e-26,2.867667163e-26,nan,nan,nan,nan
178,2.225,1.929442428e-26,3.029225876e-26,nan,nan,nan,nan
179,2.2375,2.091001141e-26,3.069615554e-26,nan,nan,nan,nan
180,2.25,2.212170176e-26,3.231174268e-26,nan,nan,2.786888e-25,2.948447e-25
181,2.2625,2.252559854e-26,3.433122660e-26,nan,nan,nan,nan
182,2.275,2.151585659e-26,3.513902016e-26,nan,nan,nan,nan
183,2.2875,2.174449357e-26,3.554291695e-26,nan,nan,nan,nan
184,2.3,2.414118568e-26,3.675460730e-26,nan,nan,nan,nan
185,2.3125,2.393923729e-26,3.877409121e-26,nan,nan,nan,nan
186,2.325,2.333339211e-26,4.160136870e-26,nan,nan,nan,nan
187,2.3375,2.454508246e-26,4.119747191e-26,nan,nan,nan,nan
188,2.35,2.441026870e-26,3.998578156e-26,nan,nan,nan,nan
189,2.3625,2.461221709e-26,3.958188478e-26,nan,nan,nan,nan
190,2.375,2.576667806e-26,4.038967835e-26,nan,nan,nan,nan
191,2.3875,2.629111841e-26,4.200526548e-26,nan,nan,nan,nan
192,2.4,2.686678156e-26,4.281305905e-26,nan,nan,nan,nan
193,2.4125,2.712111199e-26,4.362085262e-26,nan,nan,nan,nan
194,2.425,2.764144297e-26,4.523643975e-26,nan,nan,nan,nan
195,2.4375,2.844923653e-26,4.644813010e-26,nan,nan,nan,nan
196,2.45,2.960779180e-26,4.765982045e-26,nan,nan,nan,nan
197,2.4625,3.089486774e-26,4.927540758e-26,nan,nan,nan,nan
198,2.475,3.218959143e-26,5.169878828e-26,nan,nan,nan,nan
199,2.4875,3.340128178e-26,5.492996255e-26,nan,nan,nan,nan
200,2.5,3.511125742e-26,5.856503360e-26,nan,nan,5.816114e-25,5.654555e-25
201,2.5125,3.551515420e-26,5.977672395e-26,nan,nan,nan,nan
202,2.525,3.511125742e-26,6.300789822e-26,nan,nan,nan,nan
203,2.5375,3.874632847e-26,6.543127892e-26,nan,nan,nan,nan
204,2.55,4.116970917e-26,6.785465962e-26,nan,nan,nan,nan
205,2.5625,4.157360596e-26,6.947024676e-26,nan,nan,nan,nan
206,2.575,4.157360596e-26,7.189362746e-26,nan,nan,nan,nan
207,2.5875,4.331923425e-26,7.350921459e-26,nan,nan,nan,nan
208,2.6,4.670533827e-26,7.350921459e-26,nan,nan,nan,nan
209,2.6125,4.791702862e-26,7.754818243e-26,nan,nan,nan,nan
210,2.625,4.872482219e-26,8.077935669e-26,nan,nan,nan,nan
211,2.6375,5.155209967e-26,7.916376956e-26,nan,nan,nan,nan
212,2.65,5.276379002e-26,8.239494383e-26,nan,nan,nan,nan
213,2.6625,5.397548037e-26,8.643391166e-26,nan,nan,nan,nan
214,2.675,5.559106751e-26,8.804949880e-26,nan,nan,nan,nan
215,2.6875,5.559106751e-26,9.208846663e-26,nan,nan,nan,nan
216,2.7,5.568779748e-26,9.693522803e-26,nan,nan,nan,nan
217,2.7125,5.793190290e-26,1.033975766e-25,nan,nan,nan,nan
218,2.725,6.439425144e-26,1.082443380e-25,nan,nan,nan,nan
219,2.7375,6.762542570e-26,1.082443380e-25,nan,nan,nan,nan
220,2.75,6.358645787e-26,1.082443380e-25,nan,nan,1.054171e-24,1.033976e-24
221,2.7625,6.452928001e-26,1.138988929e-25,nan,nan,nan,nan
222,2.775,7.247218711e-26,1.195534479e-25,nan,nan,nan,nan
223,2.7875,7.489556781e-26,1.244002093e-25,nan,nan,nan,nan
224,2.8,7.312881251e-26,1.340937321e-25,nan,nan,nan,nan
225,2.8125,7.570336137e-26,1.389404935e-25,nan,nan,nan,nan
226,2.825,7.651115494e-26,1.373249064e-25,nan,nan,nan,nan
227,2.8375,7.635998678e-26,1.389404935e-25,nan,nan,nan,nan
228,2.85,8.048647983e-26,1.437872549e-25,nan,nan,nan,nan
229,2.8625,7.834339206e-26,1.470184292e-25,nan,nan,nan,nan
230,2.875,8.695392835e-26,1.405560806e-25,nan,nan,nan,nan
231,2.8875,8.926502670e-26,1.389404935e-25,nan,nan,nan,nan
232,2.9,9.369146983e-26,1.421716678e-25,nan,nan,nan,nan
233,2.9125,8.803691486e-26,1.405560806e-25,nan,nan,nan,nan
234,2.925,9.066853568e-26,1.486340163e-25,nan,nan,nan,nan
235,2.9375,9.249620097e-26,1.567119520e-25,nan,nan,nan,nan
236,2.95,9.492867321e-26,1.631743005e-25,nan,nan,nan,nan
237,2.9625,1.007057189e-25,1.615587134e-25,nan,nan,nan,nan
238,2.975,1.087836545e-25,1.680210619e-25,nan,nan,nan,nan
239,2.9875,1.087836545e-25,1.760989976e-25,nan,nan,nan,nan
240,3,1.102597554e-25,1.874081075e-25,nan,nan,1.930627e-24,2.067952e-24
241,3.0125,1.142926871e-25,1.987172175e-25,nan,nan,nan,nan
242,3.025,1.175238614e-25,2.067951531e-25,nan,nan,nan,nan
243,3.0375,1.183278316e-25,2.132575017e-25,nan,nan,nan,nan
244,3.05,1.236991372e-25,2.164886759e-25,nan,nan,nan,nan
245,3.0625,1.285458986e-25,2.229510245e-25,nan,nan,nan,nan
246,3.075,1.336797327e-25,2.326445473e-25,nan,nan,nan,nan
247,3.0875,1.409460514e-25,2.358757215e-25,nan,nan,nan,nan
248,3.1,1.457928128e-25,2.391068958e-25,nan,nan,nan,nan
249,3.1125,1.514612440e-25,2.455692444e-25,nan,nan,nan,nan
250,3.125,1.498456569e-25,2.552627672e-25,nan,nan,nan,nan
251,3.1375,1.587645285e-25,2.584939414e-25,nan,nan,nan,nan
252,3.15,1.716892256e-25,2.714186385e-25,nan,nan,nan,nan
253,3.1625,1.716892256e-25,2.681874642e-25,nan,nan,nan,nan
254,3.175,1.747921155e-25,2.746498128e-25,nan,nan,nan,nan
255,3.1875,1.733048128e-25,2.908056841e-25,nan,nan,nan,nan
256,3.2,1.862295098e-25,3.069615554e-25,nan,nan,nan,nan
257,3.2125,1.894606841e-25,3.198862525e-25,nan,nan,nan,nan
258,3.225,1.981828340e-25,3.360421238e-25,nan,nan,nan,nan
259,3.2375,2.078763568e-25,3.425044724e-25,nan,nan,nan,nan
260,3.25,2.094919440e-25,3.263486010e-25,nan,nan,4.200527e-24,3.748162e-24
261,3.2625,2.191854668e-25,3.360421238e-25,nan,nan,nan,nan
262,3.275,2.288789896e-25,3.651226923e-25,nan,nan,nan,nan
263,3.2875,2.224166410e-25,3.909720864e-25,nan,nan,nan,nan
264,3.3,2.391023338e-25,4.006656092e-25,nan,nan,nan,nan
265,3.3125,2.358711595e-25,4.071279577e-25,nan,nan,nan,nan
266,3.325,2.385725124e-25,4.071279577e-25,nan,nan,nan,nan
267,3.3375,2.434286434e-25,4.265150033e-25,nan,nan,nan,nan
268,3.35,2.455646823e-25,4.394397004e-25,nan,nan,nan,nan
269,3.3625,2.487579558e-25,4.459020490e-25,nan,nan,nan,nan
270,3.375,2.695790889e-25,4.394397004e-25,nan,nan,nan,nan
271,3.3875,2.814037967e-25,4.265150033e-25,nan,nan,nan,nan
272,3.4,2.757117708e-25,4.265150033e-25,nan,nan,nan,nan
273,3.4125,2.760414375e-25,4.459020490e-25,nan,nan,nan,nan
274,3.425,2.973513201e-25,4.652890946e-25,nan,nan,nan,nan
275,3.4375,3.038136686e-25,4.846761402e-25,nan,nan,nan,nan
276,3.45,3.002501912e-25,5.040631858e-25,nan,nan,nan,nan
277,3.4625,3.164060625e-25,5.234502314e-25,nan,nan,nan,nan
278,3.475,3.390242824e-25,5.299125799e-25,nan,nan,nan,nan
279,3.4875,3.874918964e-25,5.557619741e-25,nan,nan,nan,nan
280,3.5,3.874918964e-25,5.945360653e-25,nan,nan,5.703023e-24,5.945361e-24
281,3.5125,3.616425022e-25,6.268478080e-25,nan,nan,nan,nan
282,3.525,3.677422741e-25,6.656218992e-25,nan,nan,nan,nan
283,3.5375,3.777983736e-25,6.785465962e-25,nan,nan,nan,nan
284,3.55,4.101101163e-25,7.043959904e-25,nan,nan,nan,nan
285,3.5625,4.129787139e-25,7.237830360e-25,nan,nan,nan,nan
286,3.575,4.223719556e-25,7.431700816e-25,nan,nan,nan,nan
287,3.5875,4.344206938e-25,7.625571272e-25,nan,nan,nan,nan
288,3.6,4.417590012e-25,7.367077331e-25,nan,nan,nan,nan
289,3.6125,4.676083954e-25,7.496324301e-25,nan,nan,nan,nan
290,3.625,4.913452098e-25,7.625571272e-25,nan,nan,nan,nan
291,3.6375,5.042699068e-25,8.013312184e-25,nan,nan,nan,nan
292,3.65,5.236569525e-25,8.013312184e-25,nan,nan,nan,nan
293,3.6625,5.430439981e-25,8.401053096e-25,nan,nan,nan,nan
294,3.675,5.495063466e-25,8.659547038e-25,nan,nan,nan,nan
295,3.6875,5.700631170e-25,9.435028862e-25,nan,nan,nan,nan
296,3.7,6.023748597e-25,9.952016745e-25,nan,nan,nan,nan
297,3.7125,6.023748597e-25,9.952016745e-25,nan,nan,nan,nan
298,3.725,5.700631170e-25,1.008126372e-24,nan,nan,nan,nan
299,3.7375,6.455827902e-25,1.021051069e-24,nan,nan,nan,nan
300,3.75,6.778945329e-25,1.033975766e-24,nan,nan,9.564276e-24,1.033976e-23
301,3.7625,6.972815785e-25,1.098599251e-24,nan,nan,nan,nan
302,3.775,6.778945329e-25,1.150298039e-24,nan,nan,nan,nan
303,3.7875,7.044257960e-25,1.214921525e-24,nan,nan,nan,nan
304,3.8,7.231309726e-25,1.227846222e-24,nan,nan,nan,nan
305,3.8125,7.231309726e-25,1.240770919e-24,nan,nan,nan,nan
306,3.825,7.430160442e-25,1.292469707e-24,nan,nan,nan,nan
307,3.8375,7.755116299e-25,1.382942587e-24,nan,nan,nan,nan
308,3.85,7.823291748e-25,1.395867284e-24,nan,nan,nan,nan
309,3.8625,7.713096736e-25,1.357093192e-24,nan,nan,nan,nan
310,3.875,8.002172727e-25,1.344168495e-24,nan,nan,nan,nan
311,3.8875,8.372388322e-25,1.344168495e-24,nan,nan,nan,nan
312,3.9,8.469526601e-25,1.344168495e-24,nan,nan,nan,nan
313,3.9125,8.857267513e-25,1.344168495e-24,nan,nan,nan,nan
314,3.925,9.202937542e-25,1.408791981e-24,nan,nan,nan,nan
315,3.9375,9.183290643e-25,1.447566072e-24,nan,nan,nan,nan
316,3.95,9.558631651e-25,1.525114254e-24,nan,nan,nan,nan
317,3.9625,9.817125592e-25,1.576813043e-24,nan,nan,nan,nan
318,3.975,1.034651338e-24,1.628511831e-24,nan,nan,nan,nan
319,3.9875,1.047576035e-24,1.628511831e-24,nan,nan,nan,nan
320,4,1.123884227e-24,1.783608196e-24,nan,nan,1.770683e-23,1.861156e-23
321,4.0125,1.136808924e-24,1.887005772e-24,nan,nan,nan,nan
322,4.025,1.138048915e-24,1.938704561e-24,nan,nan,nan,nan
323,4.0375,1.177412717e-24,2.093800926e-24,nan,nan,nan,nan
324,4.05,1.214974531e-24,2.197198502e-24,nan,nan,nan,nan
325,4.0625,1.227899228e-24,2.145499714e-24,nan,nan,nan,nan
326,4.075,1.332509081e-24,2.145499714e-24,nan,nan,nan,nan
327,4.0875,1.386307828e-24,2.223047896e-24,nan,nan,nan,nan
328,4.1,1.360458434e-24,2.223047896e-24,nan,nan,nan,nan
329,4.1125,1.435906658e-24,2.274746685e-24,nan,nan,nan,nan
330,4.125,1.541404193e-24,2.300596079e-24,nan,nan,nan,nan
331,4.1375,1.644801769e-24,2.378144261e-24,nan,nan,nan,nan
332,4.15,1.606027678e-24,2.533240626e-24,nan,nan,nan,nan
333,4.1625,1.631877072e-24,2.533240626e-24,nan,nan,nan,nan
334,4.175,1.670651163e-24,2.714186385e-24,nan,nan,nan,nan
335,4.1875,1.761124043e-24,2.869282750e-24,nan,nan,nan,nan
336,4.2,1.786973437e-24,2.998529721e-24,nan,nan,nan,nan
337,4.2125,1.748199346e-24,3.050228509e-24,nan,nan,nan,nan
338,4.225,1.900291443e-24,3.101927297e-24,nan,nan,nan,nan
339,4.2375,2.003689020e-24,3.101927297e-24,nan,nan,nan,nan
340,4.25,1.977839626e-24,3.153626085e-24,nan,nan,3.425045e-23,3.308722e-23
341,4.2625,2.184634779e-24,3.231174268e-24,nan,nan,nan,nan
342,4.275,2.236333567e-24,3.463818815e-24,nan,nan,nan,nan
343,4.2875,2.093259938e-24,3.722312756e-24,nan,nan,nan,nan
344,4.3,2.097363753e-24,3.825710333e-24,nan,nan,nan,nan
345,4.3125,2.184634779e-24,3.774011545e-24,nan,nan,nan,nan
346,4.325,2.262182961e-24,3.980806698e-24,nan,nan,nan,nan
347,4.3375,2.220859264e-24,4.187601851e-24,nan,nan,nan,nan
348,4.35,2.274825645e-24,4.187601851e-24,nan,nan,nan,nan
349,4.3625,2.285373009e-24,4.084204274e-24,nan,nan,nan,nan
350,4.375,2.366268506e-24,4.135903063e-24,nan,nan,nan,nan
351,4.3875,2.533323322e-24,4.135903063e-24,nan,nan,nan,nan
352,4.4,2.559172716e-24,4.032505486e-24,nan,nan,nan,nan
353,4.4125,2.531051994e-24,4.187601851e-24,nan,nan,nan,nan
354,4.425,2.630078300e-24,4.446095792e-24,nan,nan,nan,nan
355,4.4375,2.869365446e-24,4.446095792e-24,nan,nan,nan,nan
356,4.45,2.862722847e-24,4.549493369e-24,nan,nan,nan,nan
357,4.4625,3.017819212e-24,4.807987310e-24,nan,nan,nan,nan
358,4.475,3.126984594e-24,4.859686099e-24,nan,nan,nan,nan
359,4.4875,3.224614365e-24,5.066481252e-24,nan,nan,nan,nan
360,4.5,3.302162547e-24,5.273276405e-24,nan,nan,5.997059e-23,5.066481e-23
361,4.5125,3.278680108e-24,5.635167923e-24,nan,nan,nan,nan
362,4.525,3.353861336e-24,5.997059441e-24,nan,nan,nan,nan
363,4.5375,3.405560124e-24,6.255553382e-24,nan,nan,nan,nan
364,4.55,3.453888950e-24,6.410649747e-24,nan,nan,nan,nan
365,4.5625,3.666421020e-24,6.514047324e-24,nan,nan,nan,nan
366,4.575,3.852337493e-24,6.617444900e-24,nan,nan,nan,nan
367,4.5875,3.904036282e-24,6.617444900e-24,nan,nan,nan,nan
368,4.6,3.922824535e-24,6.927637630e-24,nan,nan,nan,nan
369,4.6125,4.194515478e-24,6.927637630e-24,nan,nan,nan,nan
370,4.625,4.145664467e-24,7.134432783e-24,nan,nan,nan,nan
371,4.6375,4.507555985e-24,7.134432783e-24,nan,nan,nan,nan
372,4.65,4.714351138e-24,7.548023090e-24,nan,nan,nan,nan
373,4.6625,4.817748715e-24,7.754818243e-24,nan,nan,nan,nan
374,4.675,4.626011578e-24,8.065010972e-24,nan,nan,nan,nan
375,4.6875,4.695288308e-24,8.478601279e-24,nan,nan,nan,nan
376,4.7,4.715335922e-24,8.788794008e-24,nan,nan,nan,nan
377,4.7125,5.088456434e-24,8.892191585e-24,nan,nan,nan,nan
378,4.725,5.542516534e-24,8.995589162e-24,nan,nan,nan,nan
379,4.7375,5.645914111e-24,9.409179468e-24,nan,nan,nan,nan
380,4.75,5.645914111e-24,9.409179468e-24,nan,nan,1.147713e-22,9.512577e-23
381,4.7625,5.732523404e-24,9.615974621e-24,nan,nan,nan,nan
382,4.775,5.887619769e-24,9.926167351e-24,nan,nan,nan,nan
383,4.7875,6.243630321e-24,1.013296250e-23,nan,nan,nan,nan
384,4.8,6.249511287e-24,1.033975766e-23,nan,nan,nan,nan
385,4.8125,6.663101594e-24,1.075334796e-23,nan,nan,nan,nan
386,4.825,6.214600782e-24,1.127033585e-23,nan,nan,nan,nan
387,4.8375,6.295329109e-24,1.158052858e-23,nan,nan,nan,nan
388,4.85,6.521238506e-24,1.178732373e-23,nan,nan,nan,nan
389,4.8625,7.038226389e-24,1.178732373e-23,nan,nan,nan,nan
390,4.875,7.409795764e-24,1.158052858e-23,nan,nan,nan,nan
391,4.8875,7.245021542e-24,1.137373342e-23,nan,nan,nan,nan
392,4.9,7.015968646e-24,1.158052858e-23,nan,nan,nan,nan
393,4.9125,7.699023707e-24,1.220091404e-23,nan,nan,nan,nan
394,4.925,7.631792472e-24,1.199411888e-23,nan,nan,nan,nan
395,4.9375,7.797452116e-24,1.282129949e-23,nan,nan,nan,nan
396,4.95,8.360900157e-24,1.344168495e-23,nan,nan,nan,nan
397,4.9625,8.529965897e-24,1.344168495e-23,nan,nan,nan,nan
398,4.975,8.739055157e-24,1.406207041e-23,nan,nan,nan,nan
399,4.9875,8.842452733e-24,1.468245587e-23,nan,nan,nan,nan
400,5,9.601671076e-24,1.509604618e-23,nan,nan,1.473415e-22,1.488925e-22
401,5.0125,9.911863805e-24,1.571643164e-23,nan,nan,nan,nan
402,5.025,9.770736816e-24,1.633681710e-23,nan,nan,nan,nan
403,5.0375,1.032655082e-23,1.778438317e-23,nan,nan,nan,nan
404,5.05,1.011975567e-23,1.840476863e-23,nan,nan,nan,nan
405,5.0625,1.057073924e-23,1.799117832e-23,nan,nan,nan,nan
406,5.075,1.069034581e-23,1.840476863e-23,nan,nan,nan,nan
407,5.0875,1.120733370e-23,1.902515409e-23,nan,nan,nan,nan
408,5.1,1.150131742e-23,1.881835894e-23,nan,nan,nan,nan
409,5.1125,1.193588986e-23,1.985233470e-23,nan,nan,nan,nan
410,5.125,1.214268502e-23,2.026592501e-23,nan,nan,nan,nan
411,5.1375,1.255627532e-23,1.943874439e-23,nan,nan,nan,nan
412,5.15,1.307326321e-23,2.088631047e-23,nan,nan,nan,nan
413,5.1625,1.330841082e-23,2.233387654e-23,nan,nan,nan,nan
414,5.175,1.369364867e-23,2.233387654e-23,nan,nan,nan,nan
415,5.1875,1.421063655e-23,2.316105715e-23,nan,nan,nan,nan
416,5.2,1.472762443e-23,2.522900868e-23,nan,nan,nan,nan
417,5.2125,1.512245850e-23,2.481541838e-23,nan,nan,nan,nan
418,5.225,1.636322941e-23,2.440182807e-23,nan,nan,nan,nan
419,5.2375,1.677681972e-23,2.543580384e-23,nan,nan,nan,nan
420,5.25,1.719041003e-23,2.729696021e-23,nan,nan,2.874453e-22,2.481542e-22
421,5.2625,1.719041003e-23,2.812414083e-23,nan,nan,nan,nan
422,5.275,1.801759064e-23,3.060568266e-23,nan,nan,nan,nan
423,5.2875,1.905156640e-23,3.143286328e-23,nan,nan,nan,nan
424,5.3,1.905156640e-23,3.060568266e-23,nan,nan,nan,nan
425,5.3125,1.843118095e-23,3.060568266e-23,nan,nan,nan,nan
426,5.325,1.781079549e-23,3.184645358e-23,nan,nan,nan,nan
427,5.3375,1.863797610e-23,3.267363420e-23,nan,nan,nan,nan
428,5.35,1.822438579e-23,3.267363420e-23,nan,nan,nan,nan
429,5.3625,1.967548947e-23,3.350081481e-23,nan,nan,nan,nan
430,5.375,1.948003649e-23,3.308722450e-23,nan,nan,nan,nan
431,5.3875,1.982464949e-23,3.308722450e-23,nan,nan,nan,nan
432,5.4,2.093758184e-23,3.267363420e-23,nan,nan,nan,nan
433,5.4125,2.170876398e-23,3.432799542e-23,nan,nan,nan,nan
434,5.425,2.170876398e-23,3.639594695e-23,nan,nan,nan,nan
435,5.4375,2.216837348e-23,3.722312756e-23,nan,nan,nan,nan
436,5.45,2.230929838e-23,3.722312756e-23,nan,nan,nan,nan
437,5.4625,2.416918694e-23,3.887748879e-23,nan,nan,nan,nan
438,5.475,2.478957240e-23,3.929107910e-23,nan,nan,nan,nan
439,5.4875,2.541122568e-23,4.053185002e-23,nan,nan,nan,nan
440,5.5,2.561802083e-23,4.177262093e-23,nan,nan,4.952744e-22,4.466775e-22
441,5.5125,2.582481599e-23,4.384057247e-23,nan,nan,nan,nan
442,5.525,2.665199660e-23,4.508134338e-23,nan,nan,nan,nan
443,5.5375,2.810803292e-23,4.714929492e-23,nan,nan,nan,nan
444,5.55,2.810803292e-23,5.045801737e-23,nan,nan,nan,nan
445,5.5625,2.893521354e-23,5.293955920e-23,nan,nan,nan,nan
446,5.575,3.238126031e-23,5.293955920e-23,nan,nan,nan,nan
447,5.5875,3.155407969e-23,5.211237859e-23,nan,nan,nan,nan
448,5.6,3.086424449e-23,5.542110104e-23,nan,nan,nan,nan
449,5.6125,3.210501541e-23,5.542110104e-23,nan,nan,nan,nan
450,5.625,3.417296694e-23,5.293955920e-23,nan,nan,nan,nan
451,5.6375,3.500014755e-23,5.624828165e-23,nan,nan,nan,nan
452,5.65,3.458655724e-23,5.790264288e-23,nan,nan,nan,nan
453,5.6625,3.500014755e-23,6.038418472e-23,nan,nan,nan,nan
454,5.675,3.546070372e-23,6.369290717e-23,nan,nan,nan,nan
455,5.6875,3.770809204e-23,6.700162962e-23,nan,nan,nan,nan
456,5.7,3.872246031e-23,7.031035207e-23,nan,nan,nan,nan
457,5.7125,4.018878262e-23,7.031035207e-23,nan,nan,nan,nan
458,5.725,4.101596323e-23,6.865599084e-23,nan,nan,nan,nan
459,5.7375,4.184314385e-23,7.196471329e-23,nan,nan,nan,nan
460,5.75,4.556545660e-23,7.527343574e-23,nan,nan,7.485985e-22,7.610062e-22
461,5.7625,4.677300020e-23,7.858215819e-23,nan,nan,nan,nan
462,5.775,4.801377112e-23,8.106370003e-23,nan,nan,nan,nan
463,5.7875,4.676439764e-23,8.354524187e-23,nan,nan,nan,nan
464,5.8,5.090030070e-23,8.768114493e-23,nan,nan,nan,nan
465,5.8125,5.090890327e-23,9.016268677e-23,nan,nan,nan,nan
466,5.825,4.964948825e-23,9.016268677e-23,nan,nan,nan,nan
467,5.8375,4.869615803e-23,9.181704799e-23,nan,nan,nan,nan
468,5.85,5.117282005e-23,9.512577044e-23,nan,nan,nan,nan
469,5.8625,5.489513280e-23,9.512577044e-23,nan,nan,nan,nan
470,5.875,5.567193588e-23,9.016268677e-23,nan,nan,nan,nan
471,5.8875,5.531360293e-23,8.933550616e-23,nan,nan,nan,nan
472,5.9,5.903685322e-23,8.933550616e-23,nan,nan,nan,nan
473,5.9125,5.853132650e-23,9.098986738e-23,nan,nan,nan,nan
474,5.925,6.184004895e-23,9.264422861e-23,nan,nan,nan,nan
475,5.9375,5.913718819e-23,9.678013167e-23,nan,nan,nan,nan
476,5.95,6.327309125e-23,1.009160347e-22,nan,nan,nan,nan
477,5.9625,6.327309125e-23,1.042247572e-22,nan,nan,nan,nan
478,5.975,6.349441018e-23,1.091878409e-22,nan,nan,nan,nan
479,5.9875,6.985738239e-23,1.124965633e-22,nan,nan,nan,nan
480,6,7.237207799e-23,1.191140082e-22,nan,nan,1.309013e-21,1.356576e-21
481,6.0125,7.154489738e-23,1.257314531e-22,nan,nan,nan,nan
482,6.025,7.058495391e-23,1.273858143e-22,nan,nan,nan,nan
483,6.0375,7.637521820e-23,1.323488980e-22,nan,nan,nan,nan
484,6.05,7.619674954e-23,1.323488980e-22,nan,nan,nan,nan
485,6.0625,7.855141466e-23,1.356576205e-22,nan,nan,nan,nan
486,6.075,8.371339393e-23,1.422750654e-22,nan,nan,nan,nan
487,6.0875,8.599604017e-23,1.439294266e-22,nan,nan,nan,nan
488,6.1,8.483764369e-23,1.488925103e-22,nan,nan,nan,nan
489,6.1125,8.897354676e-23,1.488925103e-22,nan,nan,nan,nan
490,6.125,9.178630446e-23,1.488925103e-22,nan,nan,nan,nan
491,6.1375,9.724535288e-23,1.505468715e-22,nan,nan,nan,nan
492,6.15,9.724535288e-23,1.505468715e-22,nan,nan,nan,nan
493,6.1625,9.889971411e-23,1.538555939e-22,nan,nan,nan,nan
494,6.175,1.055171590e-22,1.621274001e-22,nan,nan,nan,nan
495,6.1875,1.079987008e-22,1.687448450e-22,nan,nan,nan,nan
496,6.2,1.074888061e-22,1.753622899e-22,nan,nan,nan,nan
497,6.2125,1.149334316e-22,1.836340960e-22,nan,nan,nan,nan
498,6.225,1.157606122e-22,1.902515409e-22,nan,nan,nan,nan
499,6.2375,1.182421541e-22,1.852884572e-22,nan,nan,nan,nan
500,6.25,1.248595990e-22,1.902515409e-22,nan,nan,2.034864e-21,2.117582e-21
501,6.2625,1.281683214e-22,1.985233470e-22,nan,nan,nan,nan
502,6.275,1.298226827e-22,2.001777082e-22,nan,nan,nan,nan
503,6.2875,1.331314051e-22,2.084495144e-22,nan,nan,nan,nan
504,6.3,1.364401276e-22,2.249931266e-22,nan,nan,nan,nan
505,6.3125,1.314770439e-22,2.316105715e-22,nan,nan,nan,nan
506,6.325,1.274002175e-22,2.316105715e-22,nan,nan,nan,nan
507,6.3375,1.373263849e-22,2.316105715e-22,nan,nan,nan,nan
508,6.35,1.349262858e-22,2.316105715e-22,nan,nan,nan,nan
509,6.3625,1.358216972e-22,2.283018491e-22,nan,nan,nan,nan
510,6.375,1.422236077e-22,2.349192940e-22,nan,nan,nan,nan
511,6.3875,1.488410526e-22,2.316105715e-22,nan,nan,nan,nan
512,6.4,1.631889605e-22,2.349192940e-22,nan,nan,nan,nan
513,6.4125,1.482997094e-22,2.448454613e-22,nan,nan,nan,nan
514,6.425,1.493448781e-22,2.580803511e-22,nan,nan,nan,nan
515,6.4375,1.598802380e-22,2.680065185e-22,nan,nan,nan,nan
516,6.45,1.664976829e-22,2.713152409e-22,nan,nan,nan,nan
517,6.4625,1.599068055e-22,2.713152409e-22,nan,nan,nan,nan
518,6.475,1.741602965e-22,2.911675756e-22,nan,nan,nan,nan
519,6.4875,1.758146577e-22,3.176373552e-22,nan,nan,nan,nan
520,6.5,1.851689517e-22,3.110199103e-22,nan,nan,3.110199e-21,3.176374e-21
521,6.5125,1.752427844e-22,3.275635226e-22,nan,nan,nan,nan
522,6.525,1.813900928e-22,3.341809675e-22,nan,nan,nan,nan
523,6.5375,1.967494803e-22,3.407984124e-22,nan,nan,nan,nan
524,6.55,2.066756477e-22,3.507245797e-22,nan,nan,nan,nan
525,6.5625,2.060313786e-22,3.672681920e-22,nan,nan,nan,nan
526,6.575,2.144773173e-22,3.805030818e-22,nan,nan,nan,nan
527,6.5875,2.201852072e-22,3.838118042e-22,nan,nan,nan,nan
528,6.6,2.296042944e-22,3.771943593e-22,nan,nan,nan,nan
529,6.6125,2.433462643e-22,3.838118042e-22,nan,nan,nan,nan
530,6.625,2.665073215e-22,3.970466940e-22,nan,nan,nan,nan
531,6.6375,2.466549868e-22,3.970466940e-22,nan,nan,nan,nan
532,6.65,2.473001068e-22,4.102815838e-22,nan,nan,nan,nan
533,6.6625,2.764334888e-22,4.301339185e-22,nan,nan,nan,nan
534,6.675,2.698160439e-22,4.367513634e-22,nan,nan,nan,nan
535,6.6875,2.671524415e-22,4.632211430e-22,nan,nan,nan,nan
536,6.7,2.929771011e-22,4.764560328e-22,nan,nan,nan,nan
537,6.7125,2.868178521e-22,4.764560328e-22,nan,nan,nan,nan
538,6.725,2.901265746e-22,4.963083675e-22,nan,nan,nan,nan
539,6.7375,3.099789093e-22,5.095432573e-22,nan,nan,nan,nan
540,6.75,3.199050766e-22,5.161607022e-22,nan,nan,5.120248e-21,6.088049e-21
541,6.7625,3.397574113e-22,5.492479267e-22,nan,nan,nan,nan
542,6.775,3.430661338e-22,5.492479267e-22,nan,nan,nan,nan
543,6.7875,3.496835787e-22,5.558653716e-22,nan,nan,nan,nan
544,6.8,3.430661338e-22,5.823351512e-22,nan,nan,nan,nan
545,6.8125,3.298312440e-22,6.220398206e-22,nan,nan,nan,nan
546,6.825,3.427459411e-22,6.220398206e-22,nan,nan,nan,nan
547,6.8375,3.396983346e-22,6.220398206e-22,nan,nan,nan,nan
548,6.85,3.429895759e-22,6.485096002e-22,nan,nan,nan,nan
549,6.8625,3.602798752e-22,6.551270451e-22,nan,nan,nan,nan
550,6.875,3.809681297e-22,6.088049308e-22,nan,nan,nan,nan
551,6.8875,3.923762518e-22,5.955700410e-22,nan,nan,nan,nan
552,6.9,3.834409324e-22,6.154223757e-22,nan,nan,nan,nan
553,6.9125,3.871432131e-22,6.021874859e-22,nan,nan,nan,nan
554,6.925,3.992938561e-22,6.286572655e-22,nan,nan,nan,nan
555,6.9375,4.155373090e-22,6.683619349e-22,nan,nan,nan,nan
556,6.95,4.212801669e-22,6.948317145e-22,nan,nan,nan,nan
557,6.9625,4.432591851e-22,6.948317145e-22,nan,nan,nan,nan
558,6.975,4.551173545e-22,7.080666043e-22,nan,nan,nan,nan
559,6.9875,4.617347994e-22,7.411538288e-22,nan,nan,nan,nan
560,7,4.640098939e-22,7.676236084e-22,nan,nan,9.760731e-21,7.940934e-21
561,7.0125,4.772447837e-22,8.337980575e-22,nan,nan,nan,nan
562,7.025,4.775284485e-22,8.668852820e-22,nan,nan,nan,nan
563,7.0375,5.286084030e-22,8.470329473e-22,nan,nan,nan,nan
564,7.05,5.219909580e-22,8.999725065e-22,nan,nan,nan,nan
565,7.0625,5.355687031e-22,9.396771759e-22,nan,nan,nan,nan
566,7.075,5.686559276e-22,9.132073963e-22,nan,nan,nan,nan
567,7.0875,5.626628879e-22,9.396771759e-22,nan,nan,nan,nan
568,7.1,5.825152226e-22,9.793818453e-22,nan,nan,nan,nan
569,7.1125,6.061682248e-22,9.926167351e-22,nan,nan,nan,nan
570,7.125,6.326380044e-22,9.793818453e-22,nan,nan,nan,nan
571,7.1375,6.458728942e-22,9.661469555e-22,nan,nan,nan,nan
572,7.15,6.127856697e-22,1.032321404e-21,nan,nan,nan,nan
573,7.1625,6.523105081e-22,1.072026074e-21,nan,nan,nan,nan
574,7.175,6.855775636e-22,1.058791184e-21,nan,nan,nan,nan
575,7.1875,7.318996779e-22,1.124965633e-21,nan,nan,nan,nan
576,7.2,6.674383820e-22,1.164670302e-21,nan,nan,nan,nan
577,7.2125,6.740558269e-22,1.191140082e-21,nan,nan,nan,nan
578,7.225,7.534651657e-22,1.204374972e-21,nan,nan,nan,nan
579,7.2375,8.196396147e-22,1.230844751e-21,nan,nan,nan,nan
580,7.25,7.931698351e-22,1.270549421e-21,nan,nan,1.356576e-20,1.323489e-20
581,7.2625,7.667000555e-22,1.283784311e-21,nan,nan,nan,nan
582,7.275,8.069118439e-22,1.349958760e-21,nan,nan,nan,nan
583,7.2875,8.527268392e-22,1.469072768e-21,nan,nan,nan,nan
584,7.3,8.593442841e-22,1.561716997e-21,nan,nan,nan,nan
585,7.3125,8.640270294e-22,1.561716997e-21,nan,nan,nan,nan
586,7.325,9.194084072e-22,1.522012327e-21,nan,nan,nan,nan
587,7.3375,8.466165133e-22,1.495542547e-21,nan,nan,nan,nan
588,7.35,8.490613959e-22,1.508777437e-21,nan,nan,nan,nan
589,7.3625,8.686843606e-22,1.561716997e-21,nan,nan,nan,nan
590,7.375,9.188428053e-22,1.614656556e-21,nan,nan,nan,nan
591,7.3875,9.549405143e-22,1.535247217e-21,nan,nan,nan,nan
592,7.4,9.237011002e-22,1.482307658e-21,nan,nan,nan,nan
593,7.4125,1.017459738e-21,1.535247217e-21,nan,nan,nan,nan
594,7.425,9.899459493e-22,1.588186776e-21,nan,nan,nan,nan
595,7.4375,9.899459493e-22,1.641126335e-21,nan,nan,nan,nan
596,7.45,1.027703818e-21,1.667596115e-21,nan,nan,nan,nan
597,7.4625,1.076478395e-21,1.799945013e-21,nan,nan,nan,nan
598,7.475,1.145476783e-21,1.826414793e-21,nan,nan,nan,nan
599,7.4875,1.140126637e-21,1.879354352e-21,nan,nan,nan,nan
600,7.5,1.138239300e-21,1.932293911e-21,nan,nan,2.236696e-20,2.117582e-20
601,7.5125,1.154314437e-21,2.038173029e-21,nan,nan,nan,nan
602,7.525,1.180784217e-21,2.064642809e-21,nan,nan,nan,nan
603,7.5375,1.237006883e-21,2.064642809e-21,nan,nan,nan,nan
604,7.55,1.289946442e-21,2.144052148e-21,nan,nan,nan,nan
605,7.5625,1.379307564e-21,2.223461487e-21,nan,nan,nan,nan
606,7.575,1.379307564e-21,2.382280164e-21,nan,nan,nan,nan
607,7.5875,1.448765120e-21,2.382280164e-21,nan,nan,nan,nan
608,7.6,1.475234899e-21,2.435219723e-21,nan,nan,nan,nan
609,7.6125,1.461865681e-21,2.541098842e-21,nan,nan,nan,nan
610,7.625,1.399434568e-21,2.435219723e-21,nan,nan,nan,nan
611,7.6375,1.480161111e-21,2.435219723e-21,nan,nan,nan,nan
612,7.65,1.584723025e-21,2.646977960e-21,nan,nan,nan,nan
613,7.6625,1.703837033e-21,2.646977960e-21,nan,nan,nan,nan
614,7.675,1.703837033e-21,2.752857079e-21,nan,nan,nan,nan
615,7.6875,1.594129298e-21,2.858736197e-21,nan,nan,nan,nan
616,7.7,1.633833967e-21,2.938145536e-21,nan,nan,nan,nan
617,7.7125,1.853394535e-21,3.017554875e-21,nan,nan,nan,nan
618,7.725,1.919568984e-21,3.070494434e-21,nan,nan,nan,nan
619,7.7375,1.879864314e-21,3.229313111e-21,nan,nan,nan,nan
620,7.75,1.853394535e-21,3.176373552e-21,nan,nan,3.546950e-20,3.811648e-20
621,7.7625,1.906334094e-21,3.282252671e-21,nan,nan,nan,nan
622,7.775,2.038682992e-21,3.335192230e-21,nan,nan,nan,nan
623,7.7875,2.065152772e-21,3.546950467e-21,nan,nan,nan,nan
624,7.8,2.047032174e-21,3.864587822e-21,nan,nan,nan,nan
625,7.8125,1.994092614e-21,3.758708703e-21,nan,nan,nan,nan
626,7.825,2.052125221e-21,3.705769144e-21,nan,nan,nan,nan
627,7.8375,2.092804245e-21,3.758708703e-21,nan,nan,nan,nan
628,7.85,2.013404882e-21,3.864587822e-21,nan,nan,nan,nan
629,7.8625,2.066344441e-21,3.864587822e-21,nan,nan,nan,nan
630,7.875,2.091236932e-21,3.811648263e-21,nan,nan,nan,nan
631,7.8875,2.215849569e-21,3.705769144e-21,nan,nan,nan,nan
632,7.9,2.223090615e-21,3.705769144e-21,nan,nan,nan,nan
633,7.9125,2.470047155e-21,3.705769144e-21,nan,nan,nan,nan
634,7.925,2.400397426e-21,3.811648263e-21,nan,nan,nan,nan
635,7.9375,2.428963929e-21,3.864587822e-21,nan,nan,nan,nan
636,7.95,2.513246116e-21,3.970466940e-21,nan,nan,nan,nan
637,7.9625,2.644845051e-21,4.235164736e-21,nan,nan,nan,nan
638,7.975,2.883073067e-21,4.341043855e-21,nan,nan,nan,nan
639,7.9875,2.724254390e-21,4.446922973e-21,nan,nan,nan,nan
640,8,2.857353251e-21,4.764560328e-21,nan,nan,6.035110e-20,6.564505e-20
641,8.0125,2.777943912e-21,4.711620769e-21,nan,nan,nan,nan
642,8.025,3.041891745e-21,5.241016361e-21,nan,nan,nan,nan
643,8.0375,3.068361525e-21,5.346895480e-21,nan,nan,nan,nan
644,8.05,3.012631782e-21,5.399835039e-21,nan,nan,nan,nan
645,8.0625,3.197920240e-21,5.558653716e-21,nan,nan,nan,nan
646,8.075,3.187096157e-21,5.664532835e-21,nan,nan,nan,nan
647,8.0875,3.319445055e-21,5.611593276e-21,nan,nan,nan,nan
648,8.1,3.340904878e-21,5.717472394e-21,nan,nan,nan,nan
649,8.1125,3.292975275e-21,5.664532835e-21,nan,nan,nan,nan
650,8.125,3.584142851e-21,5.929230631e-21,nan,nan,nan,nan
651,8.1375,3.579132894e-21,5.929230631e-21,nan,nan,nan,nan
652,8.15,3.737951572e-21,5.823351512e-21,nan,nan,nan,nan
653,8.1625,3.579132894e-21,6.352747104e-21,nan,nan,nan,nan
654,8.175,3.790891131e-21,6.511565782e-21,nan,nan,nan,nan
655,8.1875,3.949709809e-21,6.988021815e-21,nan,nan,nan,nan
656,8.2,4.047886923e-21,6.882142696e-21,nan,nan,nan,nan
657,8.2125,4.296874265e-21,6.670384460e-21,nan,nan,nan,nan
658,8.225,4.296874265e-21,6.882142696e-21,nan,nan,nan,nan
659,8.2375,4.402753384e-21,7.093900933e-21,nan,nan,nan,nan
660,8.25,4.826269857e-21,7.305659170e-21,nan,nan,7.835055e-20,8.046813e-20
661,8.2625,5.090967653e-21,7.729175644e-21,nan,nan,nan,nan
662,8.275,4.879209417e-21,8.046812999e-21,nan,nan,nan,nan
663,8.2875,4.773330298e-21,8.682087709e-21,nan,nan,nan,nan
664,8.3,4.773330298e-21,9.317362420e-21,nan,nan,nan,nan
665,8.3125,4.879209417e-21,8.999725065e-21,nan,nan,nan,nan
666,8.325,4.810919322e-21,8.576208591e-21,nan,nan,nan,nan
667,8.3375,4.988999171e-21,8.999725065e-21,nan,nan,nan,nan
668,8.35,4.930473936e-21,9.317362420e-21,nan,nan,nan,nan
669,8.3625,4.983413495e-21,9.105604183e-21,nan,nan,nan,nan
670,8.375,5.141598441e-21,8.787966828e-21,nan,nan,nan,nan
671,8.3875,5.137232779e-21,8.787966828e-21,nan,nan,nan,nan
672,8.4,5.295797262e-21,8.682087709e-21,nan,nan,nan,nan
673,8.4125,5.338576403e-21,8.682087709e-21,nan,nan,nan,nan
674,8.425,5.287873015e-21,9.105604183e-21,nan,nan,nan,nan
675,8.4375,5.809192270e-21,9.317362420e-21,nan,nan,nan,nan
676,8.45,6.073890066e-21,9.529120657e-21,nan,nan,nan,nan
677,8.4625,6.008161759e-21,9.846758012e-21,nan,nan,nan,nan
678,8.475,5.940642794e-21,1.037615360e-20,nan,nan,nan,nan
679,8.4875,6.258280149e-21,1.058791184e-20,nan,nan,nan,nan
680,8.5,6.288882950e-21,1.101142831e-20,nan,nan,1.502160e-19,1.355253e-19
681,8.5125,6.449511128e-21,1.132906567e-20,nan,nan,nan,nan
682,8.525,6.820088043e-21,1.132906567e-20,nan,nan,nan,nan
683,8.5375,6.686343179e-21,1.164670302e-20,nan,nan,nan,nan
684,8.55,7.055467778e-21,1.238785685e-20,nan,nan,nan,nan
685,8.5625,7.373105134e-21,1.270549421e-20,nan,nan,nan,nan
686,8.575,7.228241109e-21,1.270549421e-20,nan,nan,nan,nan
687,8.5875,7.161765667e-21,1.270549421e-20,nan,nan,nan,nan
688,8.6,7.711454361e-21,1.291725245e-20,nan,nan,nan,nan
689,8.6125,8.008379844e-21,1.397604363e-20,nan,nan,nan,nan
690,8.625,8.164763852e-21,1.355252716e-20,nan,nan,nan,nan
691,8.6375,8.376522089e-21,1.355252716e-20,nan,nan,nan,nan
692,8.65,8.164763852e-21,1.365840627e-20,nan,nan,nan,nan
693,8.6625,8.482401207e-21,1.397604363e-20,nan,nan,nan,nan
694,8.675,9.011796800e-21,1.524659305e-20,nan,nan,nan,nan
695,8.6875,9.117675918e-21,1.588186776e-20,nan,nan,nan,nan
696,8.7,9.134884521e-21,1.567010952e-20,nan,nan,nan,nan
697,8.7125,9.160476273e-21,1.588186776e-20,nan,nan,nan,nan
698,8.725,9.240763640e-21,1.588186776e-20,nan,nan,nan,nan
699,8.7375,1.051131306e-20,1.651714247e-20,nan,nan,nan,nan
700,8.75,1.104070865e-20,1.694065895e-20,nan,nan,2.106994e-19,2.286989e-19
701,8.7625,1.008779659e-20,1.715241718e-20,nan,nan,nan,nan
702,8.775,1.000192473e-20,1.799945013e-20,nan,nan,nan,nan
703,8.7875,1.066167161e-20,1.821120837e-20,nan,nan,nan,nan
704,8.8,1.082895042e-20,1.926999955e-20,nan,nan,nan,nan
705,8.8125,1.042544120e-20,2.096406544e-20,nan,nan,nan,nan
706,8.825,1.095483679e-20,2.075230721e-20,nan,nan,nan,nan
707,8.8375,1.127247415e-20,2.011703250e-20,nan,nan,nan,nan
708,8.85,1.096391646e-20,2.032879073e-20,nan,nan,nan,nan
709,8.8625,1.150957025e-20,2.054054897e-20,nan,nan,nan,nan
710,8.875,1.199900125e-20,1.990527426e-20,nan,nan,nan,nan
711,8.8875,1.161544937e-20,1.990527426e-20,nan,nan,nan,nan
712,8.9,1.194629865e-20,1.990527426e-20,nan,nan,nan,nan
713,8.9125,1.228822431e-20,2.011703250e-20,nan,nan,nan,nan
714,8.925,1.303150054e-20,2.075230721e-20,nan,nan,nan,nan
715,8.9375,1.292562142e-20,2.181109839e-20,nan,nan,nan,nan
716,8.95,1.311667423e-20,2.202285663e-20,nan,nan,nan,nan
717,8.9625,1.368811982e-20,2.244637310e-20,nan,nan,nan,nan
718,8.975,1.347636158e-20,2.329340605e-20,nan,nan,nan,nan
719,8.9875,1.430409534e-20,2.498747194e-20,nan,nan,nan,nan
720,9,1.544228589e-20,2.498747194e-20,nan,nan,3.091670e-19,2.795209e-19
721,9.0125,1.544228589e-20,2.646977960e-20,nan,nan,nan,nan
722,9.025,1.519051602e-20,2.668153784e-20,nan,nan,nan,nan
723,9.0375,1.572673581e-20,2.710505431e-20,nan,nan,nan,nan
724,9.05,1.572673581e-20,2.795208726e-20,nan,nan,nan,nan
725,9.0625,1.582990558e-20,2.964615315e-20,nan,nan,nan,nan
726,9.075,1.650936093e-20,3.049318610e-20,nan,nan,nan,nan
727,9.0875,1.696343219e-20,3.049318610e-20,nan,nan,nan,nan
728,9.1,1.759870690e-20,3.006966963e-20,nan,nan,nan,nan
729,9.1125,1.844573985e-20,3.049318610e-20,nan,nan,nan,nan
730,9.125,1.865749809e-20,3.091670257e-20,nan,nan,nan,nan
731,9.1375,1.929277280e-20,3.049318610e-20,nan,nan,nan,nan
732,9.15,1.992804751e-20,3.218725200e-20,nan,nan,nan,nan
733,9.1625,1.929277280e-20,3.345780142e-20,nan,nan,nan,nan
734,9.175,1.940077866e-20,3.303428494e-20,nan,nan,nan,nan
735,9.1875,1.992804751e-20,3.430483436e-20,nan,nan,nan,nan
736,9.2,2.098683869e-20,3.557538378e-20,nan,nan,nan,nan
737,9.2125,2.225738811e-20,3.599890026e-20,nan,nan,nan,nan
738,9.225,2.173011927e-20,3.726944968e-20,nan,nan,nan,nan
739,9.2375,2.384770163e-20,3.811648263e-20,nan,nan,nan,nan
740,9.25,2.342418516e-20,3.853999910e-20,nan,nan,4.404571e-19,4.235165e-19
741,9.2625,2.354946730e-20,3.981054852e-20,nan,nan,nan,nan
742,9.275,2.322130064e-20,4.023406499e-20,nan,nan,nan,nan
743,9.2875,2.427121811e-20,4.319868031e-20,nan,nan,nan,nan
744,9.3,2.406833359e-20,4.658681210e-20,nan,nan,nan,nan
745,9.3125,2.566704967e-20,4.743384505e-20,nan,nan,nan,nan
746,9.325,2.512712477e-20,4.658681210e-20,nan,nan,nan,nan
747,9.3375,2.503923463e-20,4.446922973e-20,nan,nan,nan,nan
748,9.35,2.527352158e-20,4.446922973e-20,nan,nan,nan,nan
749,9.3625,2.552732824e-20,4.828087799e-20,nan,nan,nan,nan
750,9.375,2.595084472e-20,4.828087799e-20,nan,nan,nan,nan
751,9.3875,2.715681700e-20,4.489274620e-20,nan,nan,nan,nan
752,9.4,2.720108797e-20,4.531626268e-20,nan,nan,nan,nan
753,9.4125,2.717934571e-20,4.446922973e-20,nan,nan,nan,nan
754,9.425,2.785666885e-20,4.489274620e-20,nan,nan,nan,nan
755,9.4375,2.806937854e-20,4.658681210e-20,nan,nan,nan,nan
756,9.45,2.989255580e-20,4.701032857e-20,nan,nan,nan,nan
757,9.4625,3.058700648e-20,4.828087799e-20,nan,nan,nan,nan
758,9.475,3.188102680e-20,5.166900978e-20,nan,nan,nan,nan
759,9.4875,3.103399386e-20,5.421010862e-20,nan,nan,nan,nan
760,9.5,3.101052295e-20,5.505714157e-20,nan,nan,6.479802e-19,6.268044e-19
761,9.5125,3.270458885e-20,5.336307568e-20,nan,nan,nan,nan
762,9.525,3.357509270e-20,5.675120747e-20,nan,nan,nan,nan
763,9.5375,3.362285954e-20,5.844527336e-20,nan,nan,nan,nan
764,9.55,3.371389210e-20,6.013933926e-20,nan,nan,nan,nan
765,9.5625,3.591685918e-20,6.437450399e-20,nan,nan,nan,nan
766,9.575,3.845795802e-20,6.183340515e-20,nan,nan,nan,nan
767,9.5875,3.616253690e-20,6.183340515e-20,nan,nan,nan,nan
768,9.6,3.733294587e-20,6.352747104e-20,nan,nan,nan,nan
769,9.6125,3.761092507e-20,6.522153694e-20,nan,nan,nan,nan
770,9.625,3.926003404e-20,6.691560283e-20,nan,nan,nan,nan
771,9.6375,4.349519878e-20,6.860966873e-20,nan,nan,nan,nan
772,9.65,4.222464936e-20,6.860966873e-20,nan,nan,nan,nan
773,9.6625,4.020047542e-20,6.945670167e-20,nan,nan,nan,nan
774,9.675,4.063144668e-20,7.030373462e-20,nan,nan,nan,nan
775,9.6875,4.534595661e-20,7.623296525e-20,nan,nan,nan,nan
776,9.7,4.576947308e-20,8.046812999e-20,nan,nan,nan,nan
777,9.7125,4.447780708e-20,8.300922883e-20,nan,nan,nan,nan
778,9.725,4.701890592e-20,8.216219588e-20,nan,nan,nan,nan
779,9.7375,4.788705545e-20,8.385626178e-20,nan,nan,nan,nan
780,9.75,5.127518724e-20,8.300922883e-20,nan,nan,9.486769e-19,1.016440e-18
781,9.7625,5.127518724e-20,8.216219588e-20,nan,nan,nan,nan
782,9.775,5.083055418e-20,8.639736062e-20,nan,nan,nan,nan
783,9.7875,5.125407065e-20,8.809142651e-20,nan,nan,nan,nan
784,9.8,4.904224889e-20,9.232659125e-20,nan,nan,nan,nan
785,9.8125,5.227664429e-20,9.656175599e-20,nan,nan,nan,nan
786,9.825,5.354719371e-20,9.402065715e-20,nan,nan,nan,nan
787,9.8375,5.212222018e-20,9.317362420e-20,nan,nan,nan,nan
788,9.85,5.366587105e-20,9.825582188e-20,nan,nan,nan,nan
789,9.8625,5.535114038e-20,9.740878893e-20,nan,nan,nan,nan
790,9.875,5.638571798e-20,9.486769009e-20,nan,nan,nan,nan
791,9.8875,5.651478867e-20,9.656175599e-20,nan,nan,nan,nan
792,9.9,5.675970588e-20,9.656175599e-20,nan,nan,nan,nan
793,9.9125,5.789223923e-20,9.486769009e-20,nan,nan,nan,nan
794,9.925,5.820885456e-20,9.317362420e-20,nan,nan,nan,nan
795,9.9375,6.288551393e-20,9.825582188e-20,nan,nan,nan,nan
796,9.95,6.273099329e-20,9.994988778e-20,nan,nan,nan,nan
797,9.9625,6.305202899e-20,1.050320855e-19,nan,nan,nan,nan
798,9.975,6.457957983e-20,1.101142831e-19,nan,nan,nan,nan
799,9.9875,6.617079131e-20,1.185846126e-19,nan,nan,nan,nan
800,10,7.040595605e-20,1.185846126e-19,nan,nan,1.533130e-18,1.490778e-18
801,10.0125,7.379408784e-20,1.236668103e-19,nan,nan,nan,nan
802,10.025,7.385033931e-20,1.304430739e-19,nan,nan,nan,nan
803,10.0375,7.385033931e-20,1.372193375e-19,nan,nan,nan,nan
804,10.05,7.300330636e-20,1.338312057e-19,nan,nan,nan,nan
805,10.0625,7.587245963e-20,1.304430739e-19,nan,nan,nan,nan
806,10.075,7.808550404e-20,1.372193375e-19,nan,nan,nan,nan
807,10.0875,7.887802546e-20,1.423015351e-19,nan,nan,nan,nan
808,10.1,8.226615725e-20,1.372193375e-19,nan,nan,nan,nan
809,10.1125,8.200960684e-20,1.423015351e-19,nan,nan,nan,nan
810,10.125,8.539773863e-20,1.507718646e-19,nan,nan,nan,nan
811,10.1375,8.624477158e-20,1.490777987e-19,nan,nan,nan,nan
812,10.15,8.539773863e-20,1.423015351e-19,nan,nan,nan,nan
813,10.1625,8.793883747e-20,1.423015351e-19,nan,nan,nan,nan
814,10.175,9.302103516e-20,1.490777987e-19,nan,nan,nan,nan
815,10.1875,9.354983912e-20,1.592421941e-19,nan,nan,nan,nan
816,10.2,8.932689935e-20,1.643243918e-19,nan,nan,nan,nan
817,10.2125,9.034144235e-20,1.643243918e-19,nan,nan,nan,nan
818,10.225,1.055880354e-19,1.711006553e-19,nan,nan,nan,nan
819,10.2375,1.115172660e-19,1.660184577e-19,nan,nan,nan,nan
820,10.25,1.055880354e-19,1.761828530e-19,nan,nan,2.320870e-18,2.185345e-18
821,10.2625,1.004475450e-19,1.863472484e-19,nan,nan,nan,nan
822,10.275,1.038939695e-19,1.931235120e-19,nan,nan,nan,nan
823,10.2875,1.182935296e-19,1.982057097e-19,nan,nan,nan,nan
824,10.3,1.149053978e-19,1.965116438e-19,nan,nan,nan,nan
825,10.3125,1.135399813e-19,1.965116438e-19,nan,nan,nan,nan
826,10.325,1.126929484e-19,2.066760391e-19,nan,nan,nan,nan
827,10.3375,1.108658406e-19,2.100641709e-19,nan,nan,nan,nan
828,10.35,1.150093832e-19,2.032879073e-19,nan,nan,nan,nan
829,10.3625,1.205290216e-19,2.066760391e-19,nan,nan,nan,nan
830,10.375,1.227243019e-19,2.100641709e-19,nan,nan,nan,nan
831,10.3875,1.258650841e-19,2.032879073e-19,nan,nan,nan,nan
832,10.4,1.275591500e-19,1.965116438e-19,nan,nan,nan,nan
833,10.4125,1.247336941e-19,1.965116438e-19,nan,nan,nan,nan
834,10.425,1.289360315e-19,1.982057097e-19,nan,nan,nan,nan
835,10.4375,1.255478997e-19,2.032879073e-19,nan,nan,nan,nan
836,10.45,1.264277600e-19,2.202285663e-19,nan,nan,nan,nan
837,10.4625,1.387659968e-19,2.270048299e-19,nan,nan,nan,nan
838,10.475,1.404600627e-19,2.303929617e-19,nan,nan,nan,nan
839,10.4875,1.336837992e-19,2.303929617e-19,nan,nan,nan,nan
840,10.5,1.380836699e-19,2.439454888e-19,nan,nan,3.354250e-18,3.117081e-18
841,10.5125,1.447371006e-19,2.541098842e-19,nan,nan,nan,nan
842,10.525,1.481252324e-19,2.574980160e-19,nan,nan,nan,nan
843,10.5375,1.415900147e-19,2.642742795e-19,nan,nan,nan,nan
844,10.55,1.531560625e-19,2.744386749e-19,nan,nan,nan,nan
845,10.5625,1.633718255e-19,2.812149385e-19,nan,nan,nan,nan
846,10.575,1.542603011e-19,2.846030703e-19,nan,nan,nan,nan
847,10.5875,1.597540634e-19,2.879912021e-19,nan,nan,nan,nan
848,10.6,1.633204579e-19,2.913793339e-19,nan,nan,nan,nan
849,10.6125,1.785670509e-19,2.947674656e-19,nan,nan,nan,nan
850,10.625,1.768729850e-19,2.913793339e-19,nan,nan,nan,nan
851,10.6375,1.817882167e-19,2.981555974e-19,nan,nan,nan,nan
852,10.65,1.868704144e-19,3.015437292e-19,nan,nan,nan,nan
853,10.6625,1.820214288e-19,3.049318610e-19,nan,nan,nan,nan
854,10.675,1.871036265e-19,3.049318610e-19,nan,nan,nan,nan
855,10.6875,1.902585461e-19,3.083199928e-19,nan,nan,nan,nan
856,10.7,1.868704144e-19,3.320369153e-19,nan,nan,nan,nan
857,10.7125,1.882165785e-19,3.388131789e-19,nan,nan,nan,nan
858,10.725,1.899106444e-19,3.422013107e-19,nan,nan,nan,nan
859,10.7375,2.036054601e-19,3.422013107e-19,nan,nan,nan,nan
860,10.75,2.086876578e-19,3.422013107e-19,nan,nan,5.539595e-18,4.014936e-18
861,10.7625,2.112341098e-19,3.523657061e-19,nan,nan,nan,nan
862,10.775,2.189750638e-19,3.794707604e-19,nan,nan,nan,nan
863,10.7875,2.256283168e-19,3.896351557e-19,nan,nan,nan,nan
864,10.8,2.256283168e-19,3.862470239e-19,nan,nan,nan,nan
865,10.8125,2.087038085e-19,3.930232875e-19,nan,nan,nan,nan
866,10.825,2.201774359e-19,4.065758147e-19,nan,nan,nan,nan
867,10.8375,2.281513348e-19,4.201283418e-19,nan,nan,nan,nan
868,10.85,2.246095768e-19,4.269046054e-19,nan,nan,nan,nan
869,10.8625,2.327955505e-19,4.336808690e-19,nan,nan,nan,nan
870,10.875,2.429599458e-19,4.065758147e-19,nan,nan,nan,nan
871,10.8875,2.434973835e-19,3.794707604e-19,nan,nan,nan,nan
872,10.9,2.408910605e-19,3.930232875e-19,nan,nan,nan,nan
873,10.9125,2.395718140e-19,3.997995511e-19,nan,nan,nan,nan
874,10.925,2.502736471e-19,4.133520783e-19,nan,nan,nan,nan
875,10.9375,2.522678501e-19,4.269046054e-19,nan,nan,nan,nan
876,10.95,2.611802751e-19,4.472333962e-19,nan,nan,nan,nan
877,10.9625,2.692085091e-19,4.472333962e-19,nan,nan,nan,nan
878,10.975,2.725966409e-19,4.607859233e-19,nan,nan,nan,nan
879,10.9875,2.882853294e-19,4.811147140e-19,nan,nan,nan,nan
880,11,2.882853294e-19,4.878909776e-19,nan,nan,6.564505e-18,5.963112e-18
881,11.0125,2.981023121e-19,5.014435048e-19,nan,nan,nan,nan
882,11.025,3.116548392e-19,5.014435048e-19,nan,nan,nan,nan
883,11.0375,3.082667075e-19,5.353248227e-19,nan,nan,nan,nan
884,11.05,3.184311028e-19,5.827586677e-19,nan,nan,nan,nan
885,11.0625,3.150429710e-19,5.759824041e-19,nan,nan,nan,nan
886,11.075,3.238823055e-19,5.624298770e-19,nan,nan,nan,nan
887,11.0875,3.238823055e-19,5.488773498e-19,nan,nan,nan,nan
888,11.1,3.299785022e-19,5.624298770e-19,nan,nan,nan,nan
889,11.1125,3.604716883e-19,5.759824041e-19,nan,nan,nan,nan
890,11.125,3.570835565e-19,5.759824041e-19,nan,nan,nan,nan
891,11.1375,3.367547657e-19,5.827586677e-19,nan,nan,nan,nan
892,11.15,3.604716883e-19,5.963111949e-19,nan,nan,nan,nan
893,11.1625,3.909648744e-19,6.234162492e-19,nan,nan,nan,nan
894,11.175,3.943530061e-19,6.166399856e-19,nan,nan,nan,nan
895,11.1875,3.774123472e-19,6.166399856e-19,nan,nan,nan,nan
896,11.2,3.909057897e-19,6.505213035e-19,nan,nan,nan,nan
897,11.2125,3.807413944e-19,7.047314121e-19,nan,nan,nan,nan
898,11.225,3.976820533e-19,7.047314121e-19,nan,nan,nan,nan
899,11.2375,4.349515030e-19,6.776263578e-19,nan,nan,nan,nan
900,11.25,4.383396348e-19,6.708500942e-19,nan,nan,9.313127e-18,9.215718e-18
901,11.2625,4.262971034e-19,7.453889936e-19,nan,nan,nan,nan
902,11.275,4.281752394e-19,7.860465751e-19,nan,nan,nan,nan
903,11.2875,4.722209527e-19,7.792703115e-19,nan,nan,nan,nan
904,11.3,4.315633712e-19,7.724940479e-19,nan,nan,nan,nan
905,11.3125,4.387476935e-19,7.792703115e-19,nan,nan,nan,nan
906,11.325,4.556883524e-19,7.928228386e-19,nan,nan,nan,nan
907,11.3375,4.654446891e-19,8.131516294e-19,nan,nan,nan,nan
908,11.35,4.556622422e-19,8.267041565e-19,nan,nan,nan,nan
909,11.3625,4.982997621e-19,8.267041565e-19,nan,nan,nan,nan
910,11.375,4.719278195e-19,8.131516294e-19,nan,nan,nan,nan
911,11.3875,4.851237658e-19,7.860465751e-19,nan,nan,nan,nan
912,11.4,4.939606497e-19,7.724940479e-19,nan,nan,nan,nan
913,11.4125,4.982997621e-19,7.995991022e-19,nan,nan,nan,nan
914,11.425,4.902647713e-19,8.267041565e-19,nan,nan,nan,nan
915,11.4375,5.078114866e-19,8.131516294e-19,nan,nan,nan,nan
916,11.45,5.037090553e-19,8.538092108e-19,nan,nan,nan,nan
917,11.4625,5.443666368e-19,8.673617380e-19,nan,nan,nan,nan
918,11.475,5.213640138e-19,8.809142651e-19,nan,nan,nan,nan
919,11.4875,5.552453317e-19,9.080193195e-19,nan,nan,nan,nan
920,11.5,5.723724196e-19,9.080193195e-19,nan,nan,1.240056e-17,1.246832e-17
921,11.5125,5.520436288e-19,9.622294281e-19,nan,nan,nan,nan
922,11.525,5.552453317e-19,9.893344824e-19,nan,nan,nan,nan
923,11.5375,5.646954275e-19,9.893344824e-19,nan,nan,nan,nan
924,11.55,5.988542115e-19,1.043544591e-18,nan,nan,nan,nan
925,11.5625,6.530643201e-19,1.070649645e-18,nan,nan,nan,nan
926,11.575,6.327355293e-19,1.043544591e-18,nan,nan,nan,nan
927,11.5875,6.360984372e-19,1.070649645e-18,nan,nan,nan,nan
928,11.6,6.471156454e-19,1.111307227e-18,nan,nan,nan,nan
929,11.6125,6.690968591e-19,1.138412281e-18,nan,nan,nan,nan
930,11.625,7.368594949e-19,1.151964808e-18,nan,nan,nan,nan
931,11.6375,6.826493863e-19,1.165517335e-18,nan,nan,nan,nan
932,11.65,6.758731227e-19,1.192622390e-18,nan,nan,nan,nan
933,11.6625,7.029781770e-19,1.206174917e-18,nan,nan,nan,nan
934,11.675,7.125717650e-19,1.246832498e-18,nan,nan,nan,nan
935,11.6875,7.165307042e-19,1.301042607e-18,nan,nan,nan,nan
936,11.7,7.707408128e-19,1.368805243e-18,nan,nan,nan,nan
937,11.7125,7.496240737e-19,1.395910297e-18,nan,nan,nan,nan
938,11.725,7.767291281e-19,1.395910297e-18,nan,nan,nan,nan
939,11.7375,7.699528645e-19,1.423015351e-18,nan,nan,nan,nan
940,11.75,7.902816552e-19,1.409462824e-18,nan,nan,1.998998e-17,1.734723e-17
941,11.7625,8.106104459e-19,1.341700188e-18,nan,nan,nan,nan
942,11.775,8.033101400e-19,1.409462824e-18,nan,nan,nan,nan
943,11.7875,8.086686752e-19,1.463672933e-18,nan,nan,nan,nan
944,11.8,8.628787838e-19,1.504330514e-18,nan,nan,nan,nan
945,11.8125,8.580442910e-19,1.531435569e-18,nan,nan,nan,nan
946,11.825,8.129358759e-19,1.544988096e-18,nan,nan,nan,nan
947,11.8375,8.701679778e-19,1.504330514e-18,nan,nan,nan,nan
948,11.85,8.264884031e-19,1.490777987e-18,nan,nan,nan,nan
949,11.8625,8.171911020e-19,1.558540623e-18,nan,nan,nan,nan
950,11.875,8.636983966e-19,1.531435569e-18,nan,nan,nan,nan
951,11.8875,8.859187551e-19,1.463672933e-18,nan,nan,nan,nan
952,11.9,9.033749930e-19,1.517883041e-18,nan,nan,nan,nan
953,11.9125,8.966667438e-19,1.544988096e-18,nan,nan,nan,nan
954,11.925,9.644293795e-19,1.531435569e-18,nan,nan,nan,nan
955,11.9375,9.644293795e-19,1.572093150e-18,nan,nan,nan,nan
956,11.95,9.508768524e-19,1.599198204e-18,nan,nan,nan,nan
957,11.9625,1.018639488e-18,1.653408313e-18,nan,nan,nan,nan
958,11.975,1.072849597e-18,1.707618422e-18,nan,nan,nan,nan
959,11.9875,1.072849597e-18,1.775381057e-18,nan,nan,nan,nan
960,12,1.045744542e-18,1.788933585e-18,nan,nan,2.371692e-17,2.439455e-17
961,12.0125,1.094313283e-18,1.897353802e-18,nan,nan,nan,nan
962,12.025,1.134970864e-18,1.951563910e-18,nan,nan,nan,nan
963,12.0375,1.113422891e-18,1.978668965e-18,nan,nan,nan,nan
964,12.05,1.104676870e-18,2.005774019e-18,nan,nan,nan,nan
965,12.0625,1.148523391e-18,2.005774019e-18,nan,nan,nan,nan
966,12.075,1.229838554e-18,1.951563910e-18,nan,nan,nan,nan
967,12.0875,1.154080473e-18,2.059984128e-18,nan,nan,nan,nan
968,12.1,1.221057163e-18,2.168404345e-18,nan,nan,nan,nan
969,12.1125,1.288819798e-18,2.141299291e-18,nan,nan,nan,nan
970,12.125,1.207504636e-18,2.087089182e-18,nan,nan,nan,nan
971,12.1375,1.275267271e-18,2.168404345e-18,nan,nan,nan,nan
972,12.15,1.329477380e-18,2.331034671e-18,nan,nan,nan,nan
973,12.1625,1.302372326e-18,2.222614454e-18,nan,nan,nan,nan
974,12.175,1.338409565e-18,2.358139725e-18,nan,nan,nan,nan
975,12.1875,1.397240016e-18,2.466559942e-18,nan,nan,nan,nan
976,12.2,1.409886425e-18,2.412349834e-18,nan,nan,nan,nan
977,12.2125,1.397828664e-18,2.358139725e-18,nan,nan,nan,nan
978,12.225,1.431748618e-18,2.385244779e-18,nan,nan,nan,nan
979,12.2375,1.572516751e-18,2.493664997e-18,nan,nan,nan,nan
980,12.25,1.586069278e-18,2.602085214e-18,nan,nan,3.184844e-17,3.252607e-17
981,12.2625,1.553443052e-18,2.629190268e-18,nan,nan,nan,nan
982,12.275,1.607653161e-18,2.764715540e-18,nan,nan,nan,nan
983,12.2875,1.613174333e-18,2.927345866e-18,nan,nan,nan,nan
984,12.3,1.579340944e-18,3.035766083e-18,nan,nan,nan,nan
985,12.3125,1.675415796e-18,2.927345866e-18,nan,nan,nan,nan
986,12.325,1.604144668e-18,2.927345866e-18,nan,nan,nan,nan
987,12.3375,1.627398081e-18,3.171291355e-18,nan,nan,nan,nan
988,12.35,1.627398081e-18,3.198396409e-18,nan,nan,nan,nan
989,12.3625,1.693773025e-18,2.927345866e-18,nan,nan,nan,nan
990,12.375,1.685964333e-18,2.818925648e-18,nan,nan,nan,nan
991,12.3875,1.607173701e-18,2.927345866e-18,nan,nan,nan,nan
992,12.4,1.726572519e-18,2.873135757e-18,nan,nan,nan,nan
993,12.4125,1.740125046e-18,2.900240811e-18,nan,nan,nan,nan
994,12.425,1.763718288e-18,2.954450920e-18,nan,nan,nan,nan
995,12.4375,1.810461608e-18,3.035766083e-18,nan,nan,nan,nan
996,12.45,1.860377947e-18,3.062871137e-18,nan,nan,nan,nan
997,12.4625,1.860377947e-18,3.035766083e-18,nan,nan,nan,nan
998,12.475,1.877200616e-18,3.171291355e-18,nan,nan,nan,nan
999,12.4875,1.917618803e-18,3.442341898e-18,nan,nan,nan,nan
1000,12.5,1.971828911e-18,3.577867169e-18,nan,nan,4.729832e-17,4.987330e-17
1001,12.5125,1.968798164e-18,3.604972224e-18,nan,nan,nan,nan
1002,12.525,1.965118355e-18,3.794707604e-18,nan,nan,nan,nan
1003,12.5375,2.019328464e-18,4.011548038e-18,nan,nan,nan,nan
1004,12.55,2.123365692e-18,4.011548038e-18,nan,nan,nan,nan
1005,12.5625,1.987840420e-18,3.903127821e-18,nan,nan,nan,nan
1006,12.575,2.154853736e-18,3.957337930e-18,nan,nan,nan,nan
1007,12.5875,2.142970050e-18,4.011548038e-18,nan,nan,nan,nan
1008,12.6,2.131075726e-18,4.119968255e-18,nan,nan,nan,nan
1009,12.6125,2.185285835e-18,4.065758147e-18,nan,nan,nan,nan
1010,12.625,2.212390889e-18,4.065758147e-18,nan,nan,nan,nan
1011,12.6375,2.212390889e-18,3.903127821e-18,nan,nan,nan,nan
1012,12.65,2.347916161e-18,4.011548038e-18,nan,nan,nan,nan
1013,12.6625,2.429231324e-18,4.119968255e-18,nan,nan,nan,nan
1014,12.675,2.437645352e-18,4.391018799e-18,nan,nan,nan,nan
1015,12.6875,2.456336378e-18,4.391018799e-18,nan,nan,nan,nan
1016,12.7,2.591861649e-18,4.391018799e-18,nan,nan,nan,nan
1017,12.7125,2.518960515e-18,4.445228907e-18,nan,nan,nan,nan
1018,12.725,2.597426448e-18,4.553649124e-18,nan,nan,nan,nan
1019,12.7375,2.587379854e-18,4.770489559e-18,nan,nan,nan,nan
1020,12.75,2.678741611e-18,4.878909776e-18,nan,nan,6.044427e-17,8.023096e-17
1021,12.7625,2.895582046e-18,4.824699668e-18,nan,nan,nan,nan
1022,12.775,2.764499786e-18,4.824699668e-18,nan,nan,nan,nan
1023,12.7875,2.679291199e-18,4.987329993e-18,nan,nan,nan,nan
1024,12.8,2.814266883e-18,5.366800754e-18,nan,nan,nan,nan
1025,12.8125,2.737394732e-18,5.312590645e-18,nan,nan,nan,nan
1026,12.825,2.811481479e-18,5.095750211e-18,nan,nan,nan,nan
1027,12.8375,2.919901697e-18,5.312590645e-18,nan,nan,nan,nan
1028,12.85,2.817319420e-18,5.746271514e-18,nan,nan,nan,nan
1029,12.8625,3.050660476e-18,5.529431080e-18,nan,nan,nan,nan
1030,12.875,3.105027093e-18,5.041540102e-18,nan,nan,nan,nan
1031,12.8875,3.136742131e-18,5.041540102e-18,nan,nan,nan,nan
1032,12.9,3.055426968e-18,5.095750211e-18,nan,nan,nan,nan
1033,12.9125,3.077765531e-18,5.204170428e-18,nan,nan,nan,nan
1034,12.925,2.915291712e-18,5.204170428e-18,nan,nan,nan,nan
1035,12.9375,3.099752710e-18,5.204170428e-18,nan,nan,nan,nan
1036,12.95,3.217106068e-18,5.366800754e-18,nan,nan,nan,nan
1037,12.9625,3.359925098e-18,5.746271514e-18,nan,nan,nan,nan
1038,12.975,3.293727255e-18,5.963111949e-18,nan,nan,nan,nan
1039,12.9875,3.314810154e-18,5.854691731e-18,nan,nan,nan,nan
1040,13,3.515261666e-18,5.800481623e-18,nan,nan,8.097635e-17,8.456777e-17
1041,13.0125,3.541103605e-18,6.125742275e-18,nan,nan,nan,nan
1042,13.025,3.667175860e-18,6.451002926e-18,nan,nan,nan,nan
1043,13.0375,3.629889830e-18,6.396792818e-18,nan,nan,nan,nan
1044,13.05,3.809517485e-18,6.667843361e-18,nan,nan,nan,nan
1045,13.0625,3.802354206e-18,6.938893904e-18,nan,nan,nan,nan
1046,13.075,3.964984532e-18,6.613633252e-18,nan,nan,nan,nan
1047,13.0875,3.964984532e-18,7.155734338e-18,nan,nan,nan,nan
1048,13.1,3.992436512e-18,7.480994990e-18,nan,nan,nan,nan
1049,13.1125,4.046335558e-18,7.264154556e-18,nan,nan,nan,nan
1050,13.125,4.154755775e-18,7.155734338e-18,nan,nan,nan,nan
1051,13.1375,4.100545667e-18,7.264154556e-18,nan,nan,nan,nan
1052,13.15,4.188529352e-18,7.480994990e-18,nan,nan,nan,nan
1053,13.1625,4.425806319e-18,7.480994990e-18,nan,nan,nan,nan
1054,13.175,4.805277079e-18,7.155734338e-18,nan,nan,nan,nan
1055,13.1875,4.425806319e-18,7.372574773e-18,nan,nan,nan,nan
1056,13.2,4.338079324e-18,7.480994990e-18,nan,nan,nan,nan
1057,13.2125,4.446499541e-18,7.697835425e-18,nan,nan,nan,nan
1058,13.225,4.534226536e-18,8.023096076e-18,nan,nan,nan,nan
1059,13.2375,4.712875945e-18,7.914675859e-18,nan,nan,nan,nan
1060,13.25,4.612342187e-18,7.914675859e-18,nan,nan,1.183136e-16,1.170938e-16
1061,13.2625,4.767086054e-18,8.023096076e-18,nan,nan,nan,nan
1062,13.275,5.200766923e-18,8.131516294e-18,nan,nan,nan,nan
1063,13.2875,5.092346706e-18,8.673617380e-18,nan,nan,nan,nan
1064,13.3,5.046023056e-18,8.890457814e-18,nan,nan,nan,nan
1065,13.3125,5.158902179e-18,8.998878032e-18,nan,nan,nan,nan
1066,13.325,5.321532504e-18,8.890457814e-18,nan,nan,nan,nan
1067,13.3375,5.417607357e-18,8.890457814e-18,nan,nan,nan,nan
1068,13.35,5.175587061e-18,8.782037597e-18,nan,nan,nan,nan
1069,13.3625,5.378164382e-18,8.998878032e-18,nan,nan,nan,nan
1070,13.375,5.519130976e-18,8.998878032e-18,nan,nan,nan,nan
1071,13.3875,5.467119409e-18,8.673617380e-18,nan,nan,nan,nan
1072,13.4,5.272975789e-18,8.890457814e-18,nan,nan,nan,nan
1073,13.4125,5.636825137e-18,8.890457814e-18,nan,nan,nan,nan
1074,13.425,5.486584599e-18,9.107298249e-18,nan,nan,nan,nan
1075,13.4375,5.230083328e-18,9.540979118e-18,nan,nan,nan,nan
1076,13.45,5.564942673e-18,9.649399335e-18,nan,nan,nan,nan
1077,13.4625,5.935414465e-18,9.757819552e-18,nan,nan,nan,nan
1078,13.475,6.035972017e-18,1.019150042e-17,nan,nan,nan,nan
1079,13.4875,5.935414465e-18,1.019150042e-17,nan,nan,nan,nan
1080,13.5,6.215463977e-18,1.051676107e-17,nan,nan,1.463673e-16,1.561251e-16
1081,13.5125,6.147259246e-18,1.138412281e-17,nan,nan,nan,nan
1082,13.525,6.147259246e-18,1.181780368e-17,nan,nan,nan,nan
1083,13.5375,6.100333204e-18,1.181780368e-17,nan,nan,nan,nan
1084,13.55,6.425593856e-18,1.170938346e-17,nan,nan,nan,nan
1085,13.5625,6.317173638e-18,1.214306433e-17,nan,nan,nan,nan
1086,13.575,6.642434290e-18,1.290200585e-17,nan,nan,nan,nan
1087,13.5875,6.913484833e-18,1.268516542e-17,nan,nan,nan,nan
1088,13.6,7.011679568e-18,1.214306433e-17,nan,nan,nan,nan
1089,13.6125,7.076115159e-18,1.214306433e-17,nan,nan,nan,nan
1090,13.625,6.696644399e-18,1.290200585e-17,nan,nan,nan,nan
1091,13.6375,7.228520003e-18,1.279358564e-17,nan,nan,nan,nan
1092,13.65,8.095881741e-18,1.235990477e-17,nan,nan,nan,nan
1093,13.6625,7.499570546e-18,1.279358564e-17,nan,nan,nan,nan
1094,13.675,7.365352811e-18,1.268516542e-17,nan,nan,nan,nan
1095,13.6875,7.716410980e-18,1.279358564e-17,nan,nan,nan,nan
1096,13.7,7.770621089e-18,1.366094737e-17,nan,nan,nan,nan
1097,13.7125,7.889688303e-18,1.366094737e-17,nan,nan,nan,nan
1098,13.725,7.582193246e-18,1.387778781e-17,nan,nan,nan,nan
1099,13.7375,7.564427651e-18,1.409462824e-17,nan,nan,nan,nan
1100,13.75,8.431789389e-18,1.496198998e-17,nan,nan,1.920393e-16,1.908196e-16
1101,13.7625,8.431789389e-18,1.485356976e-17,nan,nan,nan,nan
1102,13.775,8.540209606e-18,1.517883041e-17,nan,nan,nan,nan
1103,13.7875,8.540209606e-18,1.517883041e-17,nan,nan,nan,nan
1104,13.8,8.462254887e-18,1.582935172e-17,nan,nan,nan,nan
1105,13.8125,8.584431131e-18,1.626303259e-17,nan,nan,nan,nan
1106,13.825,8.532794157e-18,1.626303259e-17,nan,nan,nan,nan
1107,13.8375,8.532794157e-18,1.647987302e-17,nan,nan,nan,nan
1108,13.85,8.836899047e-18,1.647987302e-17,nan,nan,nan,nan
1109,13.8625,8.620058612e-18,1.626303259e-17,nan,nan,nan,nan
1110,13.875,8.885389971e-18,1.604619215e-17,nan,nan,nan,nan
1111,13.8875,9.162159698e-18,1.474514955e-17,nan,nan,nan,nan
1112,13.9,9.379000133e-18,1.496198998e-17,nan,nan,nan,nan
1113,13.9125,9.404476345e-18,1.517883041e-17,nan,nan,nan,nan
1114,13.925,8.836899047e-18,1.517883041e-17,nan,nan,nan,nan
1115,13.9375,9.210650623e-18,1.582935172e-17,nan,nan,nan,nan
1116,13.95,9.506314557e-18,1.626303259e-17,nan,nan,nan,nan
1117,13.9625,9.397894340e-18,1.669671346e-17,nan,nan,nan,nan
1118,13.975,1.012525625e-17,1.691355389e-17,nan,nan,nan,nan
1119,13.9875,1.096365332e-17,1.713039433e-17,nan,nan,nan,nan
1120,14,1.063839267e-17,1.691355389e-17,nan,nan,2.600730e-16,2.688821e-16
1121,14.0125,1.022321087e-17,1.734723476e-17,nan,nan,nan,nan
1122,14.025,1.035792920e-17,1.821459650e-17,nan,nan,nan,nan
1123,14.0375,9.898484253e-18,1.864827737e-17,nan,nan,nan,nan
1124,14.05,1.130741304e-17,1.886511780e-17,nan,nan,nan,nan
1125,14.0625,1.130741304e-17,2.016616041e-17,nan,nan,nan,nan
1126,14.075,1.115714129e-17,2.038300084e-17,nan,nan,nan,nan
1127,14.0875,1.112160177e-17,1.994931997e-17,nan,nan,nan,nan
1128,14.1,1.180933143e-17,2.016616041e-17,nan,nan,nan,nan
1129,14.1125,1.166370285e-17,2.038300084e-17,nan,nan,nan,nan
1130,14.125,1.166370285e-17,2.038300084e-17,nan,nan,nan,nan
1131,14.1375,1.198896350e-17,2.125036258e-17,nan,nan,nan,nan
1132,14.15,1.253106459e-17,2.081668171e-17,nan,nan,nan,nan
1133,14.1625,1.263948481e-17,2.081668171e-17,nan,nan,nan,nan
1134,14.175,1.305086578e-17,2.125036258e-17,nan,nan,nan,nan
1135,14.1875,1.212656937e-17,2.211772432e-17,nan,nan,nan,nan
1136,14.2,1.233745848e-17,2.146720302e-17,nan,nan,nan,nan
1137,14.2125,1.241423035e-17,2.125036258e-17,nan,nan,nan,nan
1138,14.225,1.294244556e-17,2.168404345e-17,nan,nan,nan,nan
1139,14.2375,1.385534152e-17,2.211772432e-17,nan,nan,nan,nan
1140,14.25,1.407218195e-17,2.255140519e-17,nan,nan,4.000706e-16,3.642919e-16
1141,14.2625,1.363467398e-17,2.341876693e-17,nan,nan,nan,nan
1142,14.275,1.450203572e-17,2.428612866e-17,nan,nan,nan,nan
1143,14.2875,1.444382157e-17,2.493664997e-17,nan,nan,nan,nan
1144,14.3,1.422698114e-17,2.515349040e-17,nan,nan,nan,nan
1145,14.3125,1.428519528e-17,2.558717127e-17,nan,nan,nan,nan
1146,14.325,1.450203572e-17,2.623769257e-17,nan,nan,nan,nan
1147,14.3375,1.452539251e-17,2.602085214e-17,nan,nan,nan,nan
1148,14.35,1.452539251e-17,2.645453301e-17,nan,nan,nan,nan
1149,14.3625,1.466904723e-17,2.558717127e-17,nan,nan,nan,nan
1150,14.375,1.474019204e-17,2.515349040e-17,nan,nan,nan,nan
1151,14.3875,1.481612119e-17,2.493664997e-17,nan,nan,nan,nan
1152,14.4,1.524980206e-17,2.558717127e-17,nan,nan,nan,nan
1153,14.4125,1.466904723e-17,2.471980953e-17,nan,nan,nan,nan
1154,14.425,1.477603061e-17,2.471980953e-17,nan,nan,nan,nan
1155,14.4375,1.542563637e-17,2.558717127e-17,nan,nan,nan,nan
1156,14.45,1.548749155e-17,2.602085214e-17,nan,nan,nan,nan
1157,14.4625,1.520971148e-17,2.688821388e-17,nan,nan,nan,nan
1158,14.475,1.621468792e-17,2.818925648e-17,nan,nan,nan,nan
1159,14.4875,1.620691069e-17,2.905661822e-17,nan,nan,nan,nan
1160,14.5,1.722491689e-17,3.079134170e-17,nan,nan,4.054916e-16,4.857226e-16
1161,14.5125,1.642375113e-17,3.079134170e-17,nan,nan,nan,nan
1162,14.525,1.749678936e-17,3.079134170e-17,nan,nan,nan,nan
1163,14.5375,1.703850445e-17,3.209238431e-17,nan,nan,nan,nan
1164,14.55,1.734808371e-17,3.295974604e-17,nan,nan,nan,nan
1165,14.5625,1.821544545e-17,3.295974604e-17,nan,nan,nan,nan
1166,14.575,1.843228588e-17,3.382710778e-17,nan,nan,nan,nan
1167,14.5875,1.812270662e-17,3.382710778e-17,nan,nan,nan,nan
1168,14.6,1.843633630e-17,3.382710778e-17,nan,nan,nan,nan
1169,14.6125,1.995016892e-17,3.339342691e-17,nan,nan,nan,nan
1170,14.625,1.995016892e-17,3.295974604e-17,nan,nan,nan,nan
1171,14.6375,1.941690060e-17,3.252606517e-17,nan,nan,nan,nan
1172,14.65,1.946131353e-17,3.295974604e-17,nan,nan,nan,nan
1173,14.6625,2.002779904e-17,3.469446952e-17,nan,nan,nan,nan
1174,14.675,2.071794320e-17,3.599551213e-17,nan,nan,nan,nan
1175,14.6875,2.115162407e-17,3.686287386e-17,nan,nan,nan,nan
1176,14.7,2.044906933e-17,3.642919300e-17,nan,nan,nan,nan
1177,14.7125,2.101408896e-17,3.773023560e-17,nan,nan,nan,nan
1178,14.725,2.088275020e-17,3.903127821e-17,nan,nan,nan,nan
1179,14.7375,2.218379280e-17,3.946495908e-17,nan,nan,nan,nan
1180,14.75,2.370167585e-17,3.903127821e-17,nan,nan,5.464379e-16,5.898060e-16
1181,14.7625,2.198972173e-17,3.903127821e-17,nan,nan,nan,nan
1182,14.775,2.357144062e-17,3.989863995e-17,nan,nan,nan,nan
1183,14.7875,2.283431411e-17,4.076600169e-17,nan,nan,nan,nan
1184,14.8,2.370167585e-17,4.206704429e-17,nan,nan,nan,nan
1185,14.8125,2.196695237e-17,4.250072516e-17,nan,nan,nan,nan
1186,14.825,2.313775975e-17,4.119968255e-17,nan,nan,nan,nan
1187,14.8375,2.313775975e-17,4.206704429e-17,nan,nan,nan,nan
1188,14.85,2.318652289e-17,4.293440603e-17,nan,nan,nan,nan
1189,14.8625,2.405388463e-17,4.206704429e-17,nan,nan,nan,nan
1190,14.875,2.344743540e-17,4.033232082e-17,nan,nan,nan,nan
1191,14.8875,2.430082127e-17,3.989863995e-17,nan,nan,nan,nan
1192,14.9,2.552350336e-17,3.989863995e-17,nan,nan,nan,nan
1193,14.9125,2.492124636e-17,4.033232082e-17,nan,nan,nan,nan
1194,14.925,2.546690695e-17,4.033232082e-17,nan,nan,nan,nan
1195,14.9375,2.568374738e-17,4.163336342e-17,nan,nan,nan,nan
1196,14.95,2.468278916e-17,4.206704429e-17,nan,nan,nan,nan
1197,14.9625,2.578065785e-17,4.293440603e-17,nan,nan,nan,nan
1198,14.975,2.578065785e-17,4.423544864e-17,nan,nan,nan,nan
1199,14.9875,2.751538133e-17,4.683753385e-17,nan,nan,nan,nan
1200,15,2.859958350e-17,4.813857646e-17,nan,nan,7.546047e-16,6.938894e-16
1201,15.0125,2.615636879e-17,4.770489559e-17,nan,nan,nan,nan
1202,15.025,2.637320922e-17,4.770489559e-17,nan,nan,nan,nan
1203,15.0375,2.773222176e-17,5.074066167e-17,nan,nan,nan,nan
1204,15.05,2.799380171e-17,5.160802341e-17,nan,nan,nan,nan
1205,15.0625,2.711711309e-17,5.204170428e-17,nan,nan,nan,nan
1206,15.075,2.789895925e-17,5.030698080e-17,nan,nan,nan,nan
1207,15.0875,2.860640702e-17,5.160802341e-17,nan,nan,nan,nan
1208,15.1,2.929484432e-17,5.290906602e-17,nan,nan,nan,nan
1209,15.1125,2.811579968e-17,5.290906602e-17,nan,nan,nan,nan
1210,15.125,3.072533230e-17,5.117434254e-17,nan,nan,nan,nan
1211,15.1375,2.945552217e-17,5.377642776e-17,nan,nan,nan,nan
1212,15.15,3.001250699e-17,5.464378949e-17,nan,nan,nan,nan
1213,15.1625,3.064839877e-17,5.290906602e-17,nan,nan,nan,nan
1214,15.175,3.289373664e-17,5.204170428e-17,nan,nan,nan,nan
1215,15.1875,3.162865595e-17,5.464378949e-17,nan,nan,nan,nan
1216,15.2,3.227195537e-17,5.637851297e-17,nan,nan,nan,nan
1217,15.2125,3.240133401e-17,5.507747036e-17,nan,nan,nan,nan
1218,15.225,3.444035972e-17,5.551115123e-17,nan,nan,nan,nan
1219,15.2375,3.617508320e-17,5.898059818e-17,nan,nan,nan,nan
1220,15.25,3.578288981e-17,5.984795992e-17,nan,nan,8.977194e-16,8.673617e-16
1221,15.2625,3.487404059e-17,6.331740687e-17,nan,nan,nan,nan
1222,15.275,3.790980667e-17,6.331740687e-17,nan,nan,nan,nan
1223,15.2875,3.740730829e-17,6.418476861e-17,nan,nan,nan,nan
1224,15.3,3.819996339e-17,6.852157730e-17,nan,nan,nan,nan
1225,15.3125,3.625157344e-17,6.852157730e-17,nan,nan,nan,nan
1226,15.325,3.625157344e-17,6.505213035e-17,nan,nan,nan,nan
1227,15.3375,3.610626568e-17,6.591949209e-17,nan,nan,nan,nan
1228,15.35,3.556859215e-17,6.765421556e-17,nan,nan,nan,nan
1229,15.3625,3.649581555e-17,6.678685383e-17,nan,nan,nan,nan
1230,15.375,3.695243153e-17,6.678685383e-17,nan,nan,nan,nan
1231,15.3875,3.608506979e-17,6.678685383e-17,nan,nan,nan,nan
1232,15.4,3.750205109e-17,6.245004514e-17,nan,nan,nan,nan
1233,15.4125,3.836941283e-17,6.505213035e-17,nan,nan,nan,nan
1234,15.425,3.649581555e-17,6.418476861e-17,nan,nan,nan,nan
1235,15.4375,3.671547578e-17,6.245004514e-17,nan,nan,nan,nan
1236,15.45,3.769576185e-17,6.591949209e-17,nan,nan,nan,nan
1237,15.4625,4.333361315e-17,6.678685383e-17,nan,nan,nan,nan
1238,15.475,4.203257054e-17,6.938893904e-17,nan,nan,nan,nan
1239,15.4875,4.294685587e-17,7.199102425e-17,nan,nan,nan,nan
1240,15.5,4.246625141e-17,7.632783294e-17,nan,nan,1.157928e-15,1.214306e-15
1241,15.5125,4.073152794e-17,7.285838599e-17,nan,nan,nan,nan
1242,15.525,4.094424817e-17,7.892991816e-17,nan,nan,nan,nan
1243,15.5375,4.505770779e-17,8.066464163e-17,nan,nan,nan,nan
1244,15.55,4.939451648e-17,7.892991816e-17,nan,nan,nan,nan
1245,15.5625,4.505770779e-17,8.153200337e-17,nan,nan,nan,nan
1246,15.575,4.549138866e-17,8.066464163e-17,nan,nan,nan,nan
1247,15.5875,4.765979300e-17,8.326672685e-17,nan,nan,nan,nan
1248,15.6,4.592506953e-17,8.413408858e-17,nan,nan,nan,nan
1249,15.6125,4.966825879e-17,8.326672685e-17,nan,nan,nan,nan
1250,15.625,5.010193966e-17,8.326672685e-17,nan,nan,nan,nan
1251,15.6375,4.722611213e-17,8.326672685e-17,nan,nan,nan,nan
1252,15.65,4.576513097e-17,8.153200337e-17,nan,nan,nan,nan
1253,15.6625,4.966825879e-17,8.413408858e-17,nan,nan,nan,nan
1254,15.675,5.313770574e-17,8.760353554e-17,nan,nan,nan,nan
1255,15.6875,5.010193966e-17,8.760353554e-17,nan,nan,nan,nan
1256,15.7,4.720703943e-17,8.760353554e-17,nan,nan,nan,nan
1257,15.7125,4.880089705e-17,9.280770596e-17,nan,nan,nan,nan
1258,15.725,5.140298227e-17,9.540979118e-17,nan,nan,nan,nan
1259,15.7375,5.420333228e-17,9.454242944e-17,nan,nan,nan,nan
1260,15.75,5.246860880e-17,9.367506770e-17,nan,nan,1.687019e-15,1.431147e-15
1261,15.7625,5.014664379e-17,8.760353554e-17,nan,nan,nan,nan
1262,15.775,5.203492793e-17,9.020562075e-17,nan,nan,nan,nan
1263,15.7875,5.723909836e-17,9.801187639e-17,nan,nan,nan,nan
1264,15.8,5.637173662e-17,1.014813233e-16,nan,nan,nan,nan
1265,15.8125,5.160124706e-17,1.023486851e-16,nan,nan,nan,nan
1266,15.825,5.196023211e-17,1.014813233e-16,nan,nan,nan,nan
1267,15.8375,5.116756619e-17,9.801187639e-17,nan,nan,nan,nan
1268,15.85,5.525521663e-17,9.714451465e-17,nan,nan,nan,nan
1269,15.8625,5.673072167e-17,9.974659987e-17,nan,nan,nan,nan
1270,15.875,5.519337343e-17,9.974659987e-17,nan,nan,nan,nan
1271,15.8875,5.692809691e-17,9.367506770e-17,nan,nan,nan,nan
1272,15.9,5.872466359e-17,9.714451465e-17,nan,nan,nan,nan
1273,15.9125,5.759808340e-17,9.714451465e-17,nan,nan,nan,nan
1274,15.925,5.909650126e-17,9.714451465e-17,nan,nan,nan,nan
1275,15.9375,5.922114692e-17,9.714451465e-17,nan,nan,nan,nan
1276,15.95,6.269059387e-17,1.023486851e-16,nan,nan,nan,nan
1277,15.9625,6.156102361e-17,1.040834086e-16,nan,nan,nan,nan
1278,15.975,6.430021417e-17,1.040834086e-16,nan,nan,nan,nan
1279,15.9875,6.516757591e-17,1.110223025e-16,nan,nan,nan,nan
1280,16,6.702740256e-17,1.092875790e-16,nan,nan,1.877838e-15,1.977585e-15
1281,16.0125,6.529267909e-17,1.092875790e-16,nan,nan,nan,nan
1282,16.025,6.603493765e-17,1.110223025e-16,nan,nan,nan,nan
1283,16.0375,6.526383530e-17,1.144917494e-16,nan,nan,nan,nan
1284,16.05,6.399163648e-17,1.196959198e-16,nan,nan,nan,nan
1285,16.0625,6.614690724e-17,1.214306433e-16,nan,nan,nan,nan
1286,16.075,7.308580114e-17,1.196959198e-16,nan,nan,nan,nan
1287,16.0875,6.874899245e-17,1.196959198e-16,nan,nan,nan,nan
1288,16.1,6.873000658e-17,1.196959198e-16,nan,nan,nan,nan
1289,16.1125,7.133209179e-17,1.214306433e-16,nan,nan,nan,nan
1290,16.125,7.306681527e-17,1.266348137e-16,nan,nan,nan,nan
1291,16.1375,6.959736831e-17,1.266348137e-16,nan,nan,nan,nan
1292,16.15,6.873000658e-17,1.231653668e-16,nan,nan,nan,nan
1293,16.1625,7.740362396e-17,1.214306433e-16,nan,nan,nan,nan
1294,16.175,7.740362396e-17,1.335737077e-16,nan,nan,nan,nan
1295,16.1875,7.834727496e-17,1.335737077e-16,nan,nan,nan,nan
1296,16.2,7.834727496e-17,1.335737077e-16,nan,nan,nan,nan
1297,16.2125,7.653626222e-17,1.422473250e-16,nan,nan,nan,nan
1298,16.225,8.062737227e-17,1.387778781e-16,nan,nan,nan,nan
1299,16.2375,7.710943659e-17,1.353084311e-16,nan,nan,nan,nan
1300,16.25,8.057888354e-17,1.370431546e-16,nan,nan,2.463307e-15,2.289835e-15
1301,16.2625,7.715792532e-17,1.405126016e-16,nan,nan,nan,nan
1302,16.275,7.884416007e-17,1.387778781e-16,nan,nan,nan,nan
1303,16.2875,8.231360702e-17,1.509209424e-16,nan,nan,nan,nan
1304,16.3,8.203222434e-17,1.526556659e-16,nan,nan,nan,nan
1305,16.3125,8.245542766e-17,1.561251128e-16,nan,nan,nan,nan
1306,16.325,8.665041571e-17,1.595945598e-16,nan,nan,nan,nan
1307,16.3375,7.884416007e-17,1.543903894e-16,nan,nan,nan,nan
1308,16.35,8.426769197e-17,1.543903894e-16,nan,nan,nan,nan
1309,16.3625,8.686977718e-17,1.595945598e-16,nan,nan,nan,nan
1310,16.375,8.079824501e-17,1.561251128e-16,nan,nan,nan,nan
1311,16.3875,8.821508988e-17,1.474514955e-16,nan,nan,nan,nan
1312,16.4,9.219288474e-17,1.509209424e-16,nan,nan,nan,nan
1313,16.4125,8.517984162e-17,1.422473250e-16,nan,nan,nan,nan
1314,16.425,8.719783939e-17,1.387778781e-16,nan,nan,nan,nan
1315,16.4375,9.161736902e-17,1.387778781e-16,nan,nan,nan,nan
1316,16.45,8.728056033e-17,1.457167720e-16,nan,nan,nan,nan
1317,16.4625,8.812167062e-17,1.595945598e-16,nan,nan,nan,nan
1318,16.475,9.242824383e-17,1.491862189e-16,nan,nan,nan,nan
1319,16.4875,9.942362466e-17,1.491862189e-16,nan,nan,nan,nan
1320,16.5,9.508681597e-17,1.595945598e-16,nan,nan,2.593412e-15,2.593412e-15
1321,16.5125,9.664925498e-17,1.700029006e-16,nan,nan,nan,nan
1322,16.525,9.849977599e-17,1.752070711e-16,nan,nan,nan,nan
1323,16.5375,1.009889874e-16,1.856154119e-16,nan,nan,nan,nan
1324,16.55,1.035910726e-16,1.821459650e-16,nan,nan,nan,nan
1325,16.5625,1.027237108e-16,1.752070711e-16,nan,nan,nan,nan
1326,16.575,1.035910726e-16,1.804112415e-16,nan,nan,nan,nan
1327,16.5875,1.079278813e-16,1.925543058e-16,nan,nan,nan,nan
1328,16.6,1.087952430e-16,1.873501354e-16,nan,nan,nan,nan
1329,16.6125,1.105299665e-16,1.838806885e-16,nan,nan,nan,nan
1330,16.625,1.053257961e-16,1.838806885e-16,nan,nan,nan,nan
1331,16.6375,1.062805529e-16,1.821459650e-16,nan,nan,nan,nan
1332,16.65,1.071479146e-16,1.804112415e-16,nan,nan,nan,nan
1333,16.6625,1.051976582e-16,1.752070711e-16,nan,nan,nan,nan
1334,16.675,1.061646171e-16,1.821459650e-16,nan,nan,nan,nan
1335,16.6875,1.040930207e-16,1.925543058e-16,nan,nan,nan,nan
1336,16.7,1.072682524e-16,1.960237528e-16,nan,nan,nan,nan
1337,16.7125,1.150745080e-16,2.064320936e-16,nan,nan,nan,nan
1338,16.725,1.096847368e-16,2.116362641e-16,nan,nan,nan,nan
1339,16.7375,1.070319788e-16,2.046973702e-16,nan,nan,nan,nan
1340,16.75,1.202786784e-16,2.064320936e-16,nan,nan,3.452100e-15,3.330669e-15
1341,16.7625,1.228807636e-16,2.081668171e-16,nan,nan,nan,nan
1342,16.775,1.107376993e-16,1.994931997e-16,nan,nan,nan,nan
1343,16.7875,1.147973400e-16,1.942890293e-16,nan,nan,nan,nan
1344,16.8,1.211460402e-16,2.151057110e-16,nan,nan,nan,nan
1345,16.8125,1.150745080e-16,2.116362641e-16,nan,nan,nan,nan
1346,16.825,1.111656588e-16,1.977584763e-16,nan,nan,nan,nan
1347,16.8375,1.120918573e-16,2.046973702e-16,nan,nan,nan,nan
1348,16.85,1.131541838e-16,2.116362641e-16,nan,nan,nan,nan
1349,16.8625,1.167353993e-16,2.012279232e-16,nan,nan,nan,nan
1350,16.875,1.190309663e-16,2.081668171e-16,nan,nan,nan,nan
1351,16.8875,1.225004133e-16,2.116362641e-16,nan,nan,nan,nan
1352,16.9,1.219395697e-16,2.012279232e-16,nan,nan,nan,nan
1353,16.9125,1.251152510e-16,2.046973702e-16,nan,nan,nan,nan
1354,16.925,1.158475210e-16,2.012279232e-16,nan,nan,nan,nan
1355,16.9375,1.208227227e-16,2.151057110e-16,nan,nan,nan,nan
1356,16.95,1.312310636e-16,2.151057110e-16,nan,nan,nan,nan
1357,16.9625,1.273578103e-16,2.185751580e-16,nan,nan,nan,nan
1358,16.975,1.291087424e-16,2.289834988e-16,nan,nan,nan,nan
1359,16.9875,1.276799991e-16,2.255140519e-16,nan,nan,nan,nan
1360,17,1.287998213e-16,2.289834988e-16,nan,nan,4.276093e-15,4.024558e-15
1361,17.0125,1.329657871e-16,2.359223927e-16,nan,nan,nan,nan
1362,17.025,1.343129128e-16,2.393918397e-16,nan,nan,nan,nan
1363,17.0375,1.432925104e-16,2.532696275e-16,nan,nan,nan,nan
1364,17.05,1.380883400e-16,2.463307336e-16,nan,nan,nan,nan
1365,17.0625,1.299461911e-16,2.463307336e-16,nan,nan,nan,nan
1366,17.075,1.346188930e-16,2.463307336e-16,nan,nan,nan,nan
1367,17.0875,1.411006501e-16,2.567390744e-16,nan,nan,nan,nan
1368,17.1,1.418882150e-16,2.567390744e-16,nan,nan,nan,nan
1369,17.1125,1.432528123e-16,2.636779683e-16,nan,nan,nan,nan
1370,17.125,1.484410303e-16,2.740863092e-16,nan,nan,nan,nan
1371,17.1375,1.494709375e-16,2.671474153e-16,nan,nan,nan,nan
1372,17.15,1.494709375e-16,2.636779683e-16,nan,nan,nan,nan
1373,17.1625,1.571306001e-16,2.706168623e-16,nan,nan,nan,nan
1374,17.175,1.658042175e-16,2.602085214e-16,nan,nan,nan,nan
1375,17.1875,1.536611532e-16,2.567390744e-16,nan,nan,nan,nan
1376,17.2,1.565155951e-16,2.671474153e-16,nan,nan,nan,nan
1377,17.2125,1.617197655e-16,2.706168623e-16,nan,nan,nan,nan
1378,17.225,1.650834488e-16,2.602085214e-16,nan,nan,nan,nan
1379,17.2375,1.494591793e-16,2.810252031e-16,nan,nan,nan,nan
1380,17.25,1.634544890e-16,2.810252031e-16,nan,nan,4.701101e-15,5.308254e-15
1381,17.2625,1.755975533e-16,2.844946501e-16,nan,nan,nan,nan
1382,17.275,1.772147549e-16,2.983724379e-16,nan,nan,nan,nan
1383,17.2875,1.702758610e-16,2.949029909e-16,nan,nan,nan,nan
1384,17.3,1.705865544e-16,3.053113318e-16,nan,nan,nan,nan
1385,17.3125,1.702758610e-16,3.191891196e-16,nan,nan,nan,nan
1386,17.325,1.685411375e-16,3.191891196e-16,nan,nan,nan,nan
1387,17.3375,1.650716906e-16,3.261280135e-16,nan,nan,nan,nan
1388,17.35,1.705865544e-16,3.330669074e-16,nan,nan,nan,nan
1389,17.3625,1.672954109e-16,3.261280135e-16,nan,nan,nan,nan
1390,17.375,1.672954109e-16,3.122502257e-16,nan,nan,nan,nan
1391,17.3875,1.694441317e-16,2.983724379e-16,nan,nan,nan,nan
1392,17.4,1.702558827e-16,2.983724379e-16,nan,nan,nan,nan
1393,17.4125,1.771947766e-16,2.914335440e-16,nan,nan,nan,nan
1394,17.425,1.742343048e-16,3.053113318e-16,nan,nan,nan,nan
1395,17.4375,1.762839046e-16,2.949029909e-16,nan,nan,nan,nan
1396,17.45,1.681051319e-16,2.914335440e-16,nan,nan,nan,nan
1397,17.4625,1.785134728e-16,2.983724379e-16,nan,nan,nan,nan
1398,17.475,1.858620664e-16,3.191891196e-16,nan,nan,nan,nan
1399,17.4875,1.849575219e-16,3.191891196e-16,nan,nan,nan,nan
1400,17.5,1.802481963e-16,3.261280135e-16,nan,nan,6.125742e-15,5.689893e-15
1401,17.5125,1.841273429e-16,3.261280135e-16,nan,nan,nan,nan
1402,17.525,1.910662368e-16,3.400058013e-16,nan,nan,nan,nan
1403,17.5375,1.849954018e-16,3.365363543e-16,nan,nan,nan,nan
1404,17.55,1.859336613e-16,3.330669074e-16,nan,nan,nan,nan
1405,17.5625,2.037381185e-16,3.434752482e-16,nan,nan,nan,nan
1406,17.575,1.997826752e-16,3.712308239e-16,nan,nan,nan,nan
1407,17.5875,2.110162540e-16,3.781697178e-16,nan,nan,nan,nan
1408,17.6,2.084850664e-16,3.642919300e-16,nan,nan,nan,nan
1409,17.6125,2.054728420e-16,3.642919300e-16,nan,nan,nan,nan
1410,17.625,2.006459524e-16,3.747002708e-16,nan,nan,nan,nan
1411,17.6375,2.044722949e-16,3.642919300e-16,nan,nan,nan,nan
1412,17.65,1.975334010e-16,3.573530361e-16,nan,nan,nan,nan
1413,17.6625,1.983198535e-16,3.608224830e-16,nan,nan,nan,nan
1414,17.675,2.052587474e-16,3.642919300e-16,nan,nan,nan,nan
1415,17.6875,2.131459123e-16,3.851086117e-16,nan,nan,nan,nan
1416,17.7,2.096605375e-16,4.128641873e-16,nan,nan,nan,nan
1417,17.7125,2.046152079e-16,4.128641873e-16,nan,nan,nan,nan
1418,17.725,2.204257366e-16,4.024558464e-16,nan,nan,nan,nan
1419,17.7375,2.254318896e-16,3.920475056e-16,nan,nan,nan,nan
1420,17.75,2.271666131e-16,3.885780586e-16,nan,nan,6.973588e-15,6.938894e-15
1421,17.7625,2.329898641e-16,3.920475056e-16,nan,nan,nan,nan
1422,17.775,2.176753032e-16,3.885780586e-16,nan,nan,nan,nan
1423,17.7875,2.269854777e-16,3.920475056e-16,nan,nan,nan,nan
1424,17.8,2.219624426e-16,4.024558464e-16,nan,nan,nan,nan
1425,17.8125,2.435674964e-16,4.093947403e-16,nan,nan,nan,nan
1426,17.825,2.210160912e-16,4.128641873e-16,nan,nan,nan,nan
1427,17.8375,2.188746353e-16,4.128641873e-16,nan,nan,nan,nan
1428,17.85,2.292829762e-16,4.093947403e-16,nan,nan,nan,nan
1429,17.8625,2.332124062e-16,4.163336342e-16,nan,nan,nan,nan
1430,17.875,2.283995164e-16,4.198030812e-16,nan,nan,nan,nan
1431,17.8875,2.310176997e-16,4.163336342e-16,nan,nan,nan,nan
1432,17.9,2.275482527e-16,3.885780586e-16,nan,nan,nan,nan
1433,17.9125,2.475364464e-16,3.885780586e-16,nan,nan,nan,nan
1434,17.925,2.366818531e-16,4.024558464e-16,nan,nan,nan,nan
1435,17.9375,2.501290784e-16,4.163336342e-16,nan,nan,nan,nan
1436,17.95,2.334247400e-16,4.093947403e-16,nan,nan,nan,nan
1437,17.9625,2.575729698e-16,4.198030812e-16,nan,nan,nan,nan
1438,17.975,2.436951820e-16,4.163336342e-16,nan,nan,nan,nan
1439,17.9875,2.709457601e-16,4.718447855e-16,nan,nan,nan,nan
1440,18,2.605374193e-16,4.510281038e-16,nan,nan,7.806256e-15,8.881784e-15
1441,18.0125,2.472864218e-16,4.579669977e-16,nan,nan,nan,nan
1442,18.025,2.520518040e-16,4.579669977e-16,nan,nan,nan,nan
1443,18.0375,2.540925256e-16,4.718447855e-16,nan,nan,nan,nan
1444,18.05,2.428447563e-16,4.718447855e-16,nan,nan,nan,nan
1445,18.0625,2.471646289e-16,4.857225733e-16,nan,nan,nan,nan
1446,18.075,2.771878662e-16,4.996003611e-16,nan,nan,nan,nan
1447,18.0875,2.783786542e-16,4.926614672e-16,nan,nan,nan,nan
1448,18.1,2.749092073e-16,5.065392550e-16,nan,nan,nan,nan
1449,18.1125,2.702027223e-16,5.273559367e-16,nan,nan,nan,nan
1450,18.125,2.944888510e-16,5.204170428e-16,nan,nan,nan,nan
1451,18.1375,2.944888510e-16,4.857225733e-16,nan,nan,nan,nan
1452,18.15,2.806110632e-16,4.857225733e-16,nan,nan,nan,nan
1453,18.1625,2.863243567e-16,4.787836794e-16,nan,nan,nan,nan
1454,18.175,2.897938036e-16,5.065392550e-16,nan,nan,nan,nan
1455,18.1875,3.083666388e-16,5.273559367e-16,nan,nan,nan,nan
1456,18.2,3.257138735e-16,5.134781489e-16,nan,nan,nan,nan
1457,18.2125,2.910194040e-16,4.996003611e-16,nan,nan,nan,nan
1458,18.225,2.789008810e-16,5.204170428e-16,nan,nan,nan,nan
1459,18.2375,2.805313830e-16,5.273559367e-16,nan,nan,nan,nan
1460,18.25,3.013480647e-16,5.134781489e-16,nan,nan,9.731799e-15,9.436896e-15
1461,18.2625,3.117564056e-16,5.342948306e-16,nan,nan,nan,nan
1462,18.275,3.052353146e-16,5.551115123e-16,nan,nan,nan,nan
1463,18.2875,2.948269737e-16,5.759281940e-16,nan,nan,nan,nan
1464,18.3,2.978786177e-16,6.036837696e-16,nan,nan,nan,nan
1465,18.3125,2.978786177e-16,6.036837696e-16,nan,nan,nan,nan
1466,18.325,2.944091708e-16,5.828670879e-16,nan,nan,nan,nan
1467,18.3375,3.039244581e-16,5.828670879e-16,nan,nan,nan,nan
1468,18.35,3.039244581e-16,6.036837696e-16,nan,nan,nan,nan
1469,18.3625,3.103647550e-16,6.245004514e-16,nan,nan,nan,nan
1470,18.375,3.036982086e-16,6.036837696e-16,nan,nan,nan,nan
1471,18.3875,3.067633892e-16,5.828670879e-16,nan,nan,nan,nan
1472,18.4,3.311814367e-16,5.620504062e-16,nan,nan,nan,nan
1473,18.4125,3.173036489e-16,5.412337245e-16,nan,nan,nan,nan
1474,18.425,3.245148903e-16,5.134781489e-16,nan,nan,nan,nan
1475,18.4375,3.108633520e-16,5.134781489e-16,nan,nan,nan,nan
1476,18.45,3.173036489e-16,5.342948306e-16,nan,nan,nan,nan
1477,18.4625,3.389008554e-16,5.689893001e-16,nan,nan,nan,nan
1478,18.475,3.239610592e-16,5.620504062e-16,nan,nan,nan,nan
1479,18.4875,3.319704662e-16,5.689893001e-16,nan,nan,nan,nan
1480,18.5,3.180926784e-16,5.759281940e-16,nan,nan,1.078998e-14,1.137979e-14
1481,18.5125,3.273486412e-16,5.689893001e-16,nan,nan,nan,nan
1482,18.525,3.305072737e-16,5.620504062e-16,nan,nan,nan,nan
1483,18.5375,3.238791943e-16,5.828670879e-16,nan,nan,nan,nan
1484,18.55,3.574237765e-16,6.245004514e-16,nan,nan,nan,nan
1485,18.5625,3.492702940e-16,6.383782392e-16,nan,nan,nan,nan
1486,18.575,3.446958760e-16,6.383782392e-16,nan,nan,nan,nan
1487,18.5875,3.481653230e-16,6.383782392e-16,nan,nan,nan,nan
1488,18.6,3.470154356e-16,6.175615574e-16,nan,nan,nan,nan
1489,18.6125,3.839647635e-16,6.106226635e-16,nan,nan,nan,nan
1490,18.625,3.622783270e-16,6.106226635e-16,nan,nan,nan,nan
1491,18.6375,3.622783270e-16,6.383782392e-16,nan,nan,nan,nan
1492,18.65,3.837467819e-16,6.106226635e-16,nan,nan,nan,nan
1493,18.6625,3.563577132e-16,6.383782392e-16,nan,nan,nan,nan
1494,18.675,3.666153412e-16,6.453171331e-16,nan,nan,nan,nan
1495,18.6875,3.726866679e-16,6.661338148e-16,nan,nan,nan,nan
1496,18.7,3.969727965e-16,6.661338148e-16,nan,nan,nan,nan
1497,18.7125,3.588088800e-16,6.730727087e-16,nan,nan,nan,nan
1498,18.725,3.624020111e-16,7.008282843e-16,nan,nan,nan,nan
1499,18.7375,4.047792577e-16,7.147060721e-16,nan,nan,nan,nan
1500,18.75,4.255959394e-16,7.008282843e-16,nan,nan,1.422473e-14,1.332268e-14
1501,18.7625,3.900946865e-16,7.008282843e-16,nan,nan,nan,nan
1502,18.775,3.762806185e-16,6.800116026e-16,nan,nan,nan,nan
1503,18.7875,3.978403638e-16,6.869504965e-16,nan,nan,nan,nan
1504,18.8,4.029739828e-16,6.938893904e-16,nan,nan,nan,nan
1505,18.8125,4.178502621e-16,7.216449660e-16,nan,nan,nan,nan
1506,18.825,3.790705191e-16,7.216449660e-16,nan,nan,nan,nan
1507,18.8375,3.769013327e-16,7.147060721e-16,nan,nan,nan,nan
1508,18.85,4.133823237e-16,7.355227538e-16,nan,nan,nan,nan
1509,18.8625,4.237906645e-16,7.355227538e-16,nan,nan,nan,nan
1510,18.875,3.957518614e-16,6.869504965e-16,nan,nan,nan,nan
1511,18.8875,4.063619533e-16,7.008282843e-16,nan,nan,nan,nan
1512,18.9,4.277057679e-16,7.077671782e-16,nan,nan,nan,nan
1513,18.9125,3.957518614e-16,6.800116026e-16,nan,nan,nan,nan
1514,18.925,4.196196600e-16,6.869504965e-16,nan,nan,nan,nan
1515,18.9375,4.010806798e-16,6.730727087e-16,nan,nan,nan,nan
1516,18.95,3.927490925e-16,7.077671782e-16,nan,nan,nan,nan
1517,18.9625,4.102505709e-16,7.216449660e-16,nan,nan,nan,nan
1518,18.975,4.120116558e-16,7.216449660e-16,nan,nan,nan,nan
1519,18.9875,4.094371669e-16,7.216449660e-16,nan,nan,nan,nan
1520,19,4.149584676e-16,7.910339050e-16,nan,nan,1.568190e-14,1.720846e-14
1521,19.0125,4.217349087e-16,7.771561172e-16,nan,nan,nan,nan
1522,19.025,4.247357171e-16,7.910339050e-16,nan,nan,nan,nan
1523,19.0375,4.313568457e-16,8.187894807e-16,nan,nan,nan,nan
1524,19.05,4.337883889e-16,8.534839502e-16,nan,nan,nan,nan
1525,19.0625,4.540169039e-16,8.257283746e-16,nan,nan,nan,nan
1526,19.075,4.625089982e-16,8.049116929e-16,nan,nan,nan,nan
1527,19.0875,4.730409963e-16,8.326672685e-16,nan,nan,nan,nan
1528,19.1,4.635159697e-16,8.396061624e-16,nan,nan,nan,nan
1529,19.1125,4.765476279e-16,8.604228441e-16,nan,nan,nan,nan
1530,19.125,4.773937575e-16,8.396061624e-16,nan,nan,nan,nan
1531,19.1375,5.086187800e-16,8.881784197e-16,nan,nan,nan,nan
1532,19.15,5.016798861e-16,9.575673587e-16,nan,nan,nan,nan
1533,19.1625,4.944833865e-16,9.020562075e-16,nan,nan,nan,nan
1534,19.175,4.904254157e-16,8.604228441e-16,nan,nan,nan,nan
1535,19.1875,5.285893321e-16,8.604228441e-16,nan,nan,nan,nan
1536,19.2,5.112420974e-16,8.187894807e-16,nan,nan,nan,nan
1537,19.2125,5.014222804e-16,8.187894807e-16,nan,nan,nan,nan
1538,19.225,4.833720569e-16,8.743006319e-16,nan,nan,nan,nan
1539,19.2375,5.017429155e-16,8.465450563e-16,nan,nan,nan,nan
1540,19.25,4.735103580e-16,8.257283746e-16,nan,nan,1.734723e-14,1.998401e-14
1541,19.2625,4.748309831e-16,8.881784197e-16,nan,nan,nan,nan
1542,19.275,5.250054204e-16,8.812395258e-16,nan,nan,nan,nan
1543,19.2875,5.364373851e-16,8.604228441e-16,nan,nan,nan,nan
1544,19.3,5.335295545e-16,9.298117831e-16,nan,nan,nan,nan
1545,19.3125,5.127128728e-16,9.853229344e-16,nan,nan,nan,nan
1546,19.325,5.092144008e-16,9.575673587e-16,nan,nan,nan,nan
1547,19.3375,5.086818095e-16,8.881784197e-16,nan,nan,nan,nan
1548,19.35,5.022656930e-16,9.020562075e-16,nan,nan,nan,nan
1549,19.3625,5.161434808e-16,9.298117831e-16,nan,nan,nan,nan
1550,19.375,5.280874007e-16,9.159339953e-16,nan,nan,nan,nan
1551,19.3875,5.211485068e-16,9.159339953e-16,nan,nan,nan,nan
1552,19.4,5.149808100e-16,9.020562075e-16,nan,nan,nan,nan
1553,19.4125,5.013287704e-16,8.812395258e-16,nan,nan,nan,nan
1554,19.425,5.082676643e-16,8.465450563e-16,nan,nan,nan,nan
1555,19.4375,5.280874007e-16,8.465450563e-16,nan,nan,nan,nan
1556,19.45,5.045724691e-16,9.020562075e-16,nan,nan,nan,nan
1557,19.4625,5.099200181e-16,8.881784197e-16,nan,nan,nan,nan
1558,19.475,5.376755937e-16,9.159339953e-16,nan,nan,nan,nan
1559,19.4875,5.198238707e-16,9.020562075e-16,nan,nan,nan,nan
1560,19.5,5.231597507e-16,1.013078510e-15,nan,nan,1.977585e-14,2.081668e-14
1561,19.5125,5.786395998e-16,1.013078510e-15,nan,nan,nan,nan
1562,19.525,5.717007059e-16,9.159339953e-16,nan,nan,nan,nan
1563,19.5375,5.300673424e-16,9.298117831e-16,nan,nan,nan,nan
1564,19.55,5.586552631e-16,9.714451465e-16,nan,nan,nan,nan
1565,19.5625,6.141664143e-16,9.992007222e-16,nan,nan,nan,nan
1566,19.575,5.586552631e-16,9.853229344e-16,nan,nan,nan,nan
1567,19.5875,5.398950021e-16,9.992007222e-16,nan,nan,nan,nan
1568,19.6,5.745894716e-16,9.714451465e-16,nan,nan,nan,nan
1569,19.6125,5.794719448e-16,9.714451465e-16,nan,nan,nan,nan
1570,19.625,5.871302034e-16,9.992007222e-16,nan,nan,nan,nan
1571,19.6375,5.509275875e-16,9.714451465e-16,nan,nan,nan,nan
1572,19.65,5.514963937e-16,1.040834086e-15,nan,nan,nan,nan
1573,19.6625,5.767446363e-16,1.082467449e-15,nan,nan,nan,nan
1574,19.675,5.872553468e-16,1.054711873e-15,nan,nan,nan,nan
1575,19.6875,5.613785034e-16,1.096345237e-15,nan,nan,nan,nan
1576,19.7,5.789292317e-16,1.137978600e-15,nan,nan,nan,nan
1577,19.7125,5.835516898e-16,1.137978600e-15,nan,nan,nan,nan
1578,19.725,5.872553468e-16,1.151856388e-15,nan,nan,nan,nan
1579,19.7375,6.483181707e-16,1.151856388e-15,nan,nan,nan,nan
1580,19.75,6.095536074e-16,1.151856388e-15,nan,nan,2.178813e-14,2.775558e-14
1581,19.7625,6.793422308e-16,1.151856388e-15,nan,nan,nan,nan
1582,19.775,6.830126402e-16,1.165734176e-15,nan,nan,nan,nan
1583,19.7875,6.691348524e-16,1.110223025e-15,nan,nan,nan,nan
1584,19.8,6.266177859e-16,1.110223025e-15,nan,nan,nan,nan
1585,19.8125,6.585255491e-16,1.179611964e-15,nan,nan,nan,nan
1586,19.825,7.001589125e-16,1.193489751e-15,nan,nan,nan,nan
1587,19.8375,6.654644430e-16,1.151856388e-15,nan,nan,nan,nan
1588,19.85,6.362695974e-16,1.165734176e-15,nan,nan,nan,nan
1589,19.8625,6.117303098e-16,1.193489751e-15,nan,nan,nan,nan
1590,19.875,6.168921857e-16,1.165734176e-15,nan,nan,nan,nan
1591,19.8875,6.307699735e-16,1.137978600e-15,nan,nan,nan,nan
1592,19.9,6.880581428e-16,1.124100812e-15,nan,nan,nan,nan
1593,19.9125,6.570862791e-16,1.054711873e-15,nan,nan,nan,nan
1594,19.925,6.570862791e-16,1.054711873e-15,nan,nan,nan,nan
1595,19.9375,5.976270677e-16,1.082467449e-15,nan,nan,nan,nan
1596,19.95,6.741803550e-16,1.165734176e-15,nan,nan,nan,nan
1597,19.9625,6.670160068e-16,1.179611964e-15,nan,nan,nan,nan
1598,19.975,6.878326885e-16,1.137978600e-15,nan,nan,nan,nan
1599,19.9875,6.323215373e-16,1.137978600e-15,nan,nan,nan,nan
1600,20,6.358242670e-16,1.165734176e-15,nan,nan,2.635587e-14,2.831069e-14
1601,20.0125,6.842853613e-16,1.249000903e-15,nan,nan,nan,nan
1602,20.025,6.750237886e-16,1.276756478e-15,nan,nan,nan,nan
1603,20.0375,6.596982683e-16,1.235123115e-15,nan,nan,nan,nan
1604,20.05,6.720875121e-16,1.304512054e-15,nan,nan,nan,nan
1605,20.0625,6.957681667e-16,1.276756478e-15,nan,nan,nan,nan
1606,20.075,7.269024462e-16,1.221245327e-15,nan,nan,nan,nan
1607,20.0875,7.221483134e-16,1.304512054e-15,nan,nan,nan,nan
1608,20.1,7.261787542e-16,1.332267630e-15,nan,nan,nan,nan
1609,20.1125,6.866831996e-16,1.304512054e-15,nan,nan,nan,nan
1610,20.125,7.586900111e-16,1.360023205e-15,nan,nan,nan,nan
1611,20.1375,7.448122233e-16,1.332267630e-15,nan,nan,nan,nan
1612,20.15,6.962399660e-16,1.262878691e-15,nan,nan,nan,nan
1613,20.1625,7.631398617e-16,1.249000903e-15,nan,nan,nan,nan
1614,20.175,7.558381075e-16,1.387778781e-15,nan,nan,nan,nan
1615,20.1875,7.766547892e-16,1.415534356e-15,nan,nan,nan,nan
1616,20.2,7.309344355e-16,1.262878691e-15,nan,nan,nan,nan
1617,20.2125,7.423231800e-16,1.249000903e-15,nan,nan,nan,nan
1618,20.225,7.908954373e-16,1.332267630e-15,nan,nan,nan,nan
1619,20.2375,7.978343312e-16,1.276756478e-15,nan,nan,nan,nan
1620,20.25,7.210388156e-16,1.262878691e-15,nan,nan,3.021888e-14,2.886580e-14
1621,20.2625,7.283384777e-16,1.262878691e-15,nan,nan,nan,nan
1622,20.275,7.221068619e-16,1.346145417e-15,nan,nan,nan,nan
1623,20.2875,7.622148977e-16,1.401656569e-15,nan,nan,nan,nan
1624,20.3,7.205815343e-16,1.360023205e-15,nan,nan,nan,nan
1625,20.3125,8.192513766e-16,1.429412144e-15,nan,nan,nan,nan
1626,20.325,8.192513766e-16,1.457167720e-15,nan,nan,nan,nan
1627,20.3375,7.779512004e-16,1.360023205e-15,nan,nan,nan,nan
1628,20.35,7.734546079e-16,1.387778781e-15,nan,nan,nan,nan
1629,20.3625,8.174880656e-16,1.498801083e-15,nan,nan,nan,nan
1630,20.375,8.473401395e-16,1.471045508e-15,nan,nan,nan,nan
1631,20.3875,8.889735029e-16,1.332267630e-15,nan,nan,nan,nan
1632,20.4,8.174880656e-16,1.318389842e-15,nan,nan,nan,nan
1633,20.4125,8.036102778e-16,1.346145417e-15,nan,nan,nan,nan
1634,20.425,8.289657591e-16,1.262878691e-15,nan,nan,nan,nan
1635,20.4375,8.428435470e-16,1.262878691e-15,nan,nan,nan,nan
1636,20.45,8.329031159e-16,1.249000903e-15,nan,nan,nan,nan
1637,20.4625,7.944690558e-16,1.332267630e-15,nan,nan,nan,nan
1638,20.475,7.720350560e-16,1.415534356e-15,nan,nan,nan,nan
1639,20.4875,8.226017286e-16,1.401656569e-15,nan,nan,nan,nan
1640,20.5,8.046979915e-16,1.373900993e-15,nan,nan,3.323730e-14,3.164136e-14
1641,20.5125,8.097643979e-16,1.498801083e-15,nan,nan,nan,nan
1642,20.525,8.513977613e-16,1.498801083e-15,nan,nan,nan,nan
1643,20.5375,8.543628431e-16,1.443289932e-15,nan,nan,nan,nan
1644,20.55,8.219995257e-16,1.471045508e-15,nan,nan,nan,nan
1645,20.5625,8.018689154e-16,1.415534356e-15,nan,nan,nan,nan
1646,20.575,8.028255040e-16,1.457167720e-15,nan,nan,nan,nan
1647,20.5875,8.081217379e-16,1.484923295e-15,nan,nan,nan,nan
1648,20.6,8.844495708e-16,1.512678871e-15,nan,nan,nan,nan
1649,20.6125,9.337078996e-16,1.429412144e-15,nan,nan,nan,nan
1650,20.625,8.476999989e-16,1.443289932e-15,nan,nan,nan,nan
1651,20.6375,8.767458104e-16,1.484923295e-15,nan,nan,nan,nan
1652,20.65,8.836847043e-16,1.471045508e-15,nan,nan,nan,nan
1653,20.6625,8.574385282e-16,1.484923295e-15,nan,nan,nan,nan
1654,20.675,8.504996343e-16,1.554312234e-15,nan,nan,nan,nan
1655,20.6875,8.698069165e-16,1.623701174e-15,nan,nan,nan,nan
1656,20.7,9.600125372e-16,1.623701174e-15,nan,nan,nan,nan
1657,20.7125,8.836847043e-16,1.595945598e-15,nan,nan,nan,nan
1658,20.725,9.065480231e-16,1.609823386e-15,nan,nan,nan,nan
1659,20.7375,9.481813866e-16,1.623701174e-15,nan,nan,nan,nan
1660,20.75,9.134869170e-16,1.651456749e-15,nan,nan,3.656797e-14,3.552714e-14
1661,20.7625,8.901653432e-16,1.706967900e-15,nan,nan,nan,nan
1662,20.775,9.009751457e-16,1.720845688e-15,nan,nan,nan,nan
1663,20.7875,9.412424927e-16,1.720845688e-15,nan,nan,nan,nan
1664,20.8,8.718535536e-16,1.595945598e-15,nan,nan,nan,nan
1665,20.8125,8.561901724e-16,1.665334537e-15,nan,nan,nan,nan
1666,20.825,8.870973579e-16,1.817990203e-15,nan,nan,nan,nan
1667,20.8375,9.204258110e-16,1.817990203e-15,nan,nan,nan,nan
1668,20.85,8.621862083e-16,1.734723476e-15,nan,nan,nan,nan
1669,20.8625,9.010767646e-16,1.651456749e-15,nan,nan,nan,nan
1670,20.875,8.594983712e-16,1.609823386e-15,nan,nan,nan,nan
1671,20.8875,8.813598079e-16,1.623701174e-15,nan,nan,nan,nan
1672,20.9,8.674820201e-16,1.540434447e-15,nan,nan,nan,nan
1673,20.9125,8.871989768e-16,1.554312234e-15,nan,nan,nan,nan
1674,20.925,8.788691113e-16,1.554312234e-15,nan,nan,nan,nan
1675,20.9375,9.066246869e-16,1.526556659e-15,nan,nan,nan,nan
1676,20.95,9.467349018e-16,1.568190022e-15,nan,nan,nan,nan
1677,20.9625,9.487925123e-16,1.693090113e-15,nan,nan,nan,nan
1678,20.975,9.399730394e-16,1.651456749e-15,nan,nan,nan,nan
1679,20.9875,9.210369367e-16,1.720845688e-15,nan,nan,nan,nan
1680,21,8.936881144e-16,1.693090113e-15,nan,nan,4.315992e-14,3.774758e-14
1681,21.0125,9.596727131e-16,1.693090113e-15,nan,nan,nan,nan
1682,21.025,8.922487386e-16,1.665334537e-15,nan,nan,nan,nan
1683,21.0375,9.196149097e-16,1.776356839e-15,nan,nan,nan,nan
1684,21.05,9.826501087e-16,1.887379142e-15,nan,nan,nan,nan
1685,21.0625,9.116961922e-16,1.831867991e-15,nan,nan,nan,nan
1686,21.075,9.439949707e-16,1.915134717e-15,nan,nan,nan,nan
1687,21.0875,9.962928594e-16,1.804112415e-15,nan,nan,nan,nan
1688,21.1,9.968350183e-16,1.859623566e-15,nan,nan,nan,nan
1689,21.1125,1.052346170e-15,1.776356839e-15,nan,nan,nan,nan
1690,21.125,9.829572305e-16,1.887379142e-15,nan,nan,nan,nan
1691,21.1375,9.553313072e-16,1.970645869e-15,nan,nan,nan,nan
1692,21.15,1.038468382e-15,1.831867991e-15,nan,nan,nan,nan
1693,21.1625,1.038468382e-15,1.693090113e-15,nan,nan,nan,nan
1694,21.175,1.021071559e-15,1.748601264e-15,nan,nan,nan,nan
1695,21.1875,1.024720246e-15,1.748601264e-15,nan,nan,nan,nan
1696,21.2,1.038468382e-15,1.804112415e-15,nan,nan,nan,nan
1697,21.2125,1.034949346e-15,1.637578961e-15,nan,nan,nan,nan
1698,21.225,1.111277179e-15,1.693090113e-15,nan,nan,nan,nan
1699,21.2375,1.087170291e-15,1.776356839e-15,nan,nan,nan,nan
1700,21.25,1.060628399e-15,1.859623566e-15,nan,nan,4.746203e-14,4.551914e-14
1701,21.2625,1.042082028e-15,1.776356839e-15,nan,nan,nan,nan
1702,21.275,1.069837604e-15,1.887379142e-15,nan,nan,nan,nan
1703,21.2875,1.056743316e-15,1.887379142e-15,nan,nan,nan,nan
1704,21.3,1.032872823e-15,1.970645869e-15,nan,nan,nan,nan
1705,21.3125,1.102300094e-15,2.053912596e-15,nan,nan,nan,nan
1706,21.325,1.097593179e-15,1.887379142e-15,nan,nan,nan,nan
1707,21.3375,1.103892431e-15,1.859623566e-15,nan,nan,nan,nan
1708,21.35,1.034503492e-15,1.970645869e-15,nan,nan,nan,nan
1709,21.3625,1.108546034e-15,1.887379142e-15,nan,nan,nan,nan
1710,21.375,1.174392571e-15,1.915134717e-15,nan,nan,nan,nan
1711,21.3875,1.118881420e-15,1.915134717e-15,nan,nan,nan,nan
1712,21.4,1.112671075e-15,1.859623566e-15,nan,nan,nan,nan
1713,21.4125,1.071661569e-15,1.748601264e-15,nan,nan,nan,nan
1714,21.425,1.188270359e-15,1.776356839e-15,nan,nan,nan,nan
1715,21.4375,1.160514783e-15,1.748601264e-15,nan,nan,nan,nan
1716,21.45,1.069811183e-15,1.748601264e-15,nan,nan,nan,nan
1717,21.4625,1.166439391e-15,1.887379142e-15,nan,nan,nan,nan
1718,21.475,1.152561603e-15,1.831867991e-15,nan,nan,nan,nan
1719,21.4875,1.138819757e-15,1.887379142e-15,nan,nan,nan,nan
1720,21.5,1.124941969e-15,1.887379142e-15,nan,nan,5.773160e-14,4.662937e-14
1721,21.5125,1.139200122e-15,1.915134717e-15,nan,nan,nan,nan
1722,21.525,1.153584100e-15,1.915134717e-15,nan,nan,nan,nan
1723,21.5375,1.209095251e-15,2.026157020e-15,nan,nan,nan,nan
1724,21.55,1.098072949e-15,2.137179322e-15,nan,nan,nan,nan
1725,21.5625,1.106878957e-15,2.164934898e-15,nan,nan,nan,nan
1726,21.575,1.195217464e-15,2.081668171e-15,nan,nan,nan,nan
1727,21.5875,1.306239766e-15,2.137179322e-15,nan,nan,nan,nan
1728,21.6,1.225729310e-15,2.026157020e-15,nan,nan,nan,nan
1729,21.6125,1.191814962e-15,1.970645869e-15,nan,nan,nan,nan
1730,21.625,1.191814962e-15,2.137179322e-15,nan,nan,nan,nan
1731,21.6375,1.350629400e-15,2.109423747e-15,nan,nan,nan,nan
1732,21.65,1.239607097e-15,1.998401444e-15,nan,nan,nan,nan
1733,21.6625,1.233448325e-15,2.053912596e-15,nan,nan,nan,nan
1734,21.675,1.200988908e-15,2.081668171e-15,nan,nan,nan,nan
1735,21.6875,1.263672301e-15,2.053912596e-15,nan,nan,nan,nan
1736,21.7,1.206573869e-15,2.109423747e-15,nan,nan,nan,nan
1737,21.7125,1.177937174e-15,2.164934898e-15,nan,nan,nan,nan
1738,21.725,1.164940506e-15,2.164934898e-15,nan,nan,nan,nan
1739,21.7375,1.228744484e-15,2.137179322e-15,nan,nan,nan,nan
1740,21.75,1.201857139e-15,2.137179322e-15,nan,nan,5.460910e-14,5.592748e-14
1741,21.7625,1.175142770e-15,2.137179322e-15,nan,nan,nan,nan
1742,21.775,1.234329445e-15,2.081668171e-15,nan,nan,nan,nan
1743,21.7875,1.262622786e-15,2.053912596e-15,nan,nan,nan,nan
1744,21.8,1.193233847e-15,2.192690474e-15,nan,nan,nan,nan
1745,21.8125,1.230653921e-15,2.414735079e-15,nan,nan,nan,nan
1746,21.825,1.216776133e-15,2.359223927e-15,nan,nan,nan,nan
1747,21.8375,1.248744998e-15,2.248201625e-15,nan,nan,nan,nan
1748,21.85,1.216776133e-15,2.248201625e-15,nan,nan,nan,nan
1749,21.8625,1.380709914e-15,2.192690474e-15,nan,nan,nan,nan
1750,21.875,1.172543097e-15,2.109423747e-15,nan,nan,nan,nan
1751,21.8875,1.147387194e-15,2.137179322e-15,nan,nan,nan,nan
1752,21.9,1.215998562e-15,2.248201625e-15,nan,nan,nan,nan
1753,21.9125,1.269687612e-15,2.164934898e-15,nan,nan,nan,nan
1754,21.925,1.130909734e-15,2.137179322e-15,nan,nan,nan,nan
1755,21.9375,1.186097263e-15,2.053912596e-15,nan,nan,nan,nan
1756,21.95,1.301906830e-15,2.081668171e-15,nan,nan,nan,nan
1757,21.9625,1.301906830e-15,2.081668171e-15,nan,nan,nan,nan
1758,21.975,1.280436669e-15,2.026157020e-15,nan,nan,nan,nan
1759,21.9875,1.238803305e-15,2.192690474e-15,nan,nan,nan,nan
1760,22,1.231308671e-15,2.220446049e-15,nan,nan,5.856426e-14,6.550316e-14
1761,22.0125,1.222930401e-15,2.220446049e-15,nan,nan,nan,nan
1762,22.025,1.202285439e-15,2.192690474e-15,nan,nan,nan,nan
1763,22.0375,1.202197718e-15,2.164934898e-15,nan,nan,nan,nan
1764,22.05,1.243831081e-15,2.164934898e-15,nan,nan,nan,nan
1765,22.0625,1.254301845e-15,2.303712776e-15,nan,nan,nan,nan
1766,22.075,1.248597915e-15,2.386979503e-15,nan,nan,nan,nan
1767,22.0875,1.243831081e-15,2.275957200e-15,nan,nan,nan,nan
1768,22.1,1.264563765e-15,2.331468352e-15,nan,nan,nan,nan
1769,22.1125,1.428873797e-15,2.386979503e-15,nan,nan,nan,nan
1770,22.125,1.364292367e-15,2.275957200e-15,nan,nan,nan,nan
1771,22.1375,1.348712833e-15,2.248201625e-15,nan,nan,nan,nan
1772,22.15,1.320957258e-15,2.275957200e-15,nan,nan,nan,nan
1773,22.1625,1.442751585e-15,2.331468352e-15,nan,nan,nan,nan
1774,22.175,1.436361257e-15,2.331468352e-15,nan,nan,nan,nan
1775,22.1875,1.465811290e-15,2.303712776e-15,nan,nan,nan,nan
1776,22.2,1.362590621e-15,2.275957200e-15,nan,nan,nan,nan
1777,22.2125,1.319075091e-15,2.275957200e-15,nan,nan,nan,nan
1778,22.225,1.355950472e-15,2.220446049e-15,nan,nan,nan,nan
1779,22.2375,1.354788987e-15,2.303712776e-15,nan,nan,nan,nan
1780,22.25,1.354277211e-15,2.359223927e-15,nan,nan,6.696033e-14,6.328271e-14
1781,22.2625,1.277441728e-15,2.359223927e-15,nan,nan,nan,nan
1782,22.275,1.340804285e-15,2.386979503e-15,nan,nan,nan,nan
1783,22.2875,1.346011002e-15,2.470246230e-15,nan,nan,nan,nan
1784,22.3,1.482167616e-15,2.442490654e-15,nan,nan,nan,nan
1785,22.3125,1.357267526e-15,2.442490654e-15,nan,nan,nan,nan
1786,22.325,1.449859058e-15,2.442490654e-15,nan,nan,nan,nan
1787,22.3375,1.373766578e-15,2.414735079e-15,nan,nan,nan,nan
1788,22.35,1.504640553e-15,2.442490654e-15,nan,nan,nan,nan
1789,22.3625,1.518518341e-15,2.553512957e-15,nan,nan,nan,nan
1790,22.375,1.509923192e-15,2.581268532e-15,nan,nan,nan,nan
1791,22.3875,1.496045404e-15,2.498001805e-15,nan,nan,nan,nan
1792,22.4,1.601989653e-15,2.359223927e-15,nan,nan,nan,nan
1793,22.4125,1.422103482e-15,2.275957200e-15,nan,nan,nan,nan
1794,22.425,1.482167616e-15,2.275957200e-15,nan,nan,nan,nan
1795,22.4375,1.449129402e-15,2.275957200e-15,nan,nan,nan,nan
1796,22.45,1.501466218e-15,2.359223927e-15,nan,nan,nan,nan
1797,22.4625,1.384220650e-15,2.470246230e-15,nan,nan,nan,nan
1798,22.475,1.393618251e-15,2.386979503e-15,nan,nan,nan,nan
1799,22.4875,1.465633139e-15,2.470246230e-15,nan,nan,nan,nan
1800,22.5,1.465633139e-15,2.553512957e-15,nan,nan,7.160939e-14,7.105427e-14
1801,22.5125,1.661776406e-15,2.553512957e-15,nan,nan,nan,nan
1802,22.525,1.453609589e-15,2.553512957e-15,nan,nan,nan,nan
1803,22.5375,1.400077464e-15,2.942091015e-15,nan,nan,nan,nan
1804,22.55,1.548899866e-15,2.692290835e-15,nan,nan,nan,nan
1805,22.5625,1.487588431e-15,2.470246230e-15,nan,nan,nan,nan
1806,22.575,1.556817548e-15,2.581268532e-15,nan,nan,nan,nan
1807,22.5875,1.487428609e-15,2.525757381e-15,nan,nan,nan,nan
1808,22.6,1.555431164e-15,2.498001805e-15,nan,nan,nan,nan
1809,22.6125,1.579283993e-15,2.692290835e-15,nan,nan,nan,nan
1810,22.625,1.593161780e-15,2.664535259e-15,nan,nan,nan,nan
1811,22.6375,1.444788274e-15,2.664535259e-15,nan,nan,nan,nan
1812,22.65,1.431917458e-15,2.498001805e-15,nan,nan,nan,nan
1813,22.6625,1.429462930e-15,2.664535259e-15,nan,nan,nan,nan
1814,22.675,1.535386959e-15,2.609024108e-15,nan,nan,nan,nan
1815,22.6875,1.535386959e-15,2.609024108e-15,nan,nan,nan,nan
1816,22.7,1.458666062e-15,2.803313137e-15,nan,nan,nan,nan
1817,22.7125,1.487260259e-15,2.886579864e-15,nan,nan,nan,nan
1818,22.725,1.540485232e-15,2.609024108e-15,nan,nan,nan,nan
1819,22.7375,1.490564437e-15,2.553512957e-15,nan,nan,nan,nan
1820,22.75,1.563142535e-15,2.553512957e-15,nan,nan,7.459311e-14,8.215650e-14
1821,22.7625,1.521509171e-15,2.831068713e-15,nan,nan,nan,nan
1822,22.775,1.545248734e-15,2.692290835e-15,nan,nan,nan,nan
1823,22.7875,1.489737583e-15,2.609024108e-15,nan,nan,nan,nan
1824,22.8,1.564014589e-15,2.720046410e-15,nan,nan,nan,nan
1825,22.8125,1.686660917e-15,2.858824288e-15,nan,nan,nan,nan
1826,22.825,1.464616312e-15,2.858824288e-15,nan,nan,nan,nan
1827,22.8375,1.406470856e-15,2.803313137e-15,nan,nan,nan,nan
1828,22.85,1.466704416e-15,2.720046410e-15,nan,nan,nan,nan
1829,22.8625,1.575638614e-15,2.831068713e-15,nan,nan,nan,nan
1830,22.875,1.409365748e-15,2.775557562e-15,nan,nan,nan,nan
1831,22.8875,1.544397337e-15,2.609024108e-15,nan,nan,nan,nan
1832,22.9,1.613786276e-15,2.414735079e-15,nan,nan,nan,nan
1833,22.9125,1.538483255e-15,2.498001805e-15,nan,nan,nan,nan
1834,22.925,1.565545342e-15,2.414735079e-15,nan,nan,nan,nan
1835,22.9375,1.572152913e-15,2.386979503e-15,nan,nan,nan,nan
1836,22.95,1.530519549e-15,2.609024108e-15,nan,nan,nan,nan
1837,22.9625,1.565835520e-15,2.498001805e-15,nan,nan,nan,nan
1838,22.975,1.676857822e-15,2.498001805e-15,nan,nan,nan,nan
1839,22.9875,1.617219078e-15,2.498001805e-15,nan,nan,nan,nan
1840,23,1.476481349e-15,2.720046410e-15,nan,nan,7.910339e-14,8.243406e-14
1841,23.0125,1.490359137e-15,2.747801986e-15,nan,nan,nan,nan
1842,23.025,1.551957732e-15,2.636779683e-15,nan,nan,nan,nan
1843,23.0375,1.561126133e-15,2.581268532e-15,nan,nan,nan,nan
1844,23.05,1.553470494e-15,2.720046410e-15,nan,nan,nan,nan
1845,23.0625,1.581226069e-15,2.831068713e-15,nan,nan,nan,nan
1846,23.075,1.766224985e-15,2.831068713e-15,nan,nan,nan,nan
1847,23.0875,1.599691531e-15,2.914335440e-15,nan,nan,nan,nan
1848,23.1,1.533370557e-15,2.969846591e-15,nan,nan,nan,nan
1849,23.1125,1.720003947e-15,2.886579864e-15,nan,nan,nan,nan
1850,23.125,1.608981645e-15,2.997602166e-15,nan,nan,nan,nan
1851,23.1375,1.617240912e-15,2.831068713e-15,nan,nan,nan,nan
1852,23.15,1.536943384e-15,3.053113318e-15,nan,nan,nan,nan
1853,23.1625,1.659883479e-15,3.219646771e-15,nan,nan,nan,nan
1854,23.175,1.592625344e-15,2.858824288e-15,nan,nan,nan,nan
1855,23.1875,1.745281010e-15,2.831068713e-15,nan,nan,nan,nan
1856,23.2,1.631118700e-15,2.831068713e-15,nan,nan,nan,nan
1857,23.2125,1.471816972e-15,2.831068713e-15,nan,nan,nan,nan
1858,23.225,1.532366332e-15,2.747801986e-15,nan,nan,nan,nan
1859,23.2375,1.673761266e-15,2.720046410e-15,nan,nan,nan,nan
1860,23.25,1.618250115e-15,2.858824288e-15,nan,nan,1.024181e-13,8.493206e-14
1861,23.2625,1.648489019e-15,2.997602166e-15,nan,nan,nan,nan
1862,23.275,1.673596545e-15,2.886579864e-15,nan,nan,nan,nan
1863,23.2875,1.672645278e-15,3.053113318e-15,nan,nan,nan,nan
1864,23.3,1.604064815e-15,2.914335440e-15,nan,nan,nan,nan
1865,23.3125,1.632621686e-15,2.997602166e-15,nan,nan,nan,nan
1866,23.325,1.652864543e-15,3.136380045e-15,nan,nan,nan,nan
1867,23.3375,1.666742330e-15,3.108624469e-15,nan,nan,nan,nan
1868,23.35,1.768104811e-15,2.831068713e-15,nan,nan,nan,nan
1869,23.3625,1.712593660e-15,3.219646771e-15,nan,nan,nan,nan
1870,23.375,1.814478535e-15,3.275157923e-15,nan,nan,nan,nan
1871,23.3875,1.712235983e-15,2.914335440e-15,nan,nan,nan,nan
1872,23.4,1.878604343e-15,2.747801986e-15,nan,nan,nan,nan
1873,23.4125,1.680620118e-15,2.775557562e-15,nan,nan,nan,nan
1874,23.425,1.635419200e-15,2.775557562e-15,nan,nan,nan,nan
1875,23.4375,1.684838084e-15,2.831068713e-15,nan,nan,nan,nan
1876,23.45,1.608814206e-15,3.053113318e-15,nan,nan,nan,nan
1877,23.4625,1.616673596e-15,2.997602166e-15,nan,nan,nan,nan
1878,23.475,1.675375191e-15,2.831068713e-15,nan,nan,nan,nan
1879,23.4875,1.704808139e-15,2.775557562e-15,nan,nan,nan,nan
1880,23.5,1.801952653e-15,2.831068713e-15,nan,nan,1.075529e-13,9.325873e-14
1881,23.5125,1.774251485e-15,3.053113318e-15,nan,nan,nan,nan
1882,23.525,1.732618122e-15,3.053113318e-15,nan,nan,nan,nan
1883,23.5375,1.774087637e-15,2.942091015e-15,nan,nan,nan,nan
1884,23.55,1.802733463e-15,2.914335440e-15,nan,nan,nan,nan
1885,23.5625,1.716212696e-15,2.969846591e-15,nan,nan,nan,nan
1886,23.575,1.705343081e-15,3.025357742e-15,nan,nan,nan,nan
1887,23.5875,1.774977888e-15,3.191891196e-15,nan,nan,nan,nan
1888,23.6,1.776263198e-15,2.997602166e-15,nan,nan,nan,nan
1889,23.6125,1.896623937e-15,2.775557562e-15,nan,nan,nan,nan
1890,23.625,1.829598788e-15,2.942091015e-15,nan,nan,nan,nan
1891,23.6375,1.732454273e-15,3.080868893e-15,nan,nan,nan,nan
1892,23.65,1.760528158e-15,3.080868893e-15,nan,nan,nan,nan
1893,23.6625,1.735120226e-15,2.886579864e-15,nan,nan,nan,nan
1894,23.675,1.835561696e-15,2.942091015e-15,nan,nan,nan,nan
1895,23.6875,1.946583998e-15,2.969846591e-15,nan,nan,nan,nan
1896,23.7,1.759048550e-15,3.080868893e-15,nan,nan,nan,nan
1897,23.7125,1.759048550e-15,3.386180225e-15,nan,nan,nan,nan
1898,23.725,1.713643367e-15,3.275157923e-15,nan,nan,nan,nan
1899,23.7375,1.752294969e-15,3.108624469e-15,nan,nan,nan,nan
1900,23.75,1.825880217e-15,3.136380045e-15,nan,nan,1.069977e-13,9.589551e-14
1901,23.7625,1.752621182e-15,3.080868893e-15,nan,nan,nan,nan
1902,23.775,1.811518655e-15,3.025357742e-15,nan,nan,nan,nan
1903,23.7875,1.888234397e-15,3.053113318e-15,nan,nan,nan,nan
1904,23.8,1.763334307e-15,2.997602166e-15,nan,nan,nan,nan
1905,23.8125,1.761777403e-15,3.080868893e-15,nan,nan,nan,nan
1906,23.825,1.836340783e-15,3.219646771e-15,nan,nan,nan,nan
1907,23.8375,1.867029807e-15,2.997602166e-15,nan,nan,nan,nan
1908,23.85,1.788636866e-15,2.886579864e-15,nan,nan,nan,nan
1909,23.8625,1.730450717e-15,3.164135620e-15,nan,nan,nan,nan
1910,23.875,1.674589689e-15,2.997602166e-15,nan,nan,nan,nan
1911,23.8875,1.711406809e-15,2.997602166e-15,nan,nan,nan,nan
1912,23.9,1.744872382e-15,3.164135620e-15,nan,nan,nan,nan
1913,23.9125,1.898805244e-15,3.053113318e-15,nan,nan,nan,nan
1914,23.925,1.768228960e-15,2.914335440e-15,nan,nan,nan,nan
1915,23.9375,1.795984536e-15,2.942091015e-15,nan,nan,nan,nan
1916,23.95,1.917506825e-15,3.108624469e-15,nan,nan,nan,nan
1917,23.9625,1.809862324e-15,3.053113318e-15,nan,nan,nan,nan
1918,23.975,1.727871140e-15,3.164135620e-15,nan,nan,nan,nan
1919,23.9875,1.737095583e-15,3.386180225e-15,nan,nan,nan,nan
1920,24,1.768228960e-15,3.441691376e-15,nan,nan,1.122887e-13,1.065814e-13
1921,24.0125,1.948640202e-15,3.330669074e-15,nan,nan,nan,nan
1922,24.025,1.931384612e-15,3.275157923e-15,nan,nan,nan,nan
1923,24.0375,1.787204737e-15,3.275157923e-15,nan,nan,nan,nan
1924,24.05,1.712717809e-15,2.997602166e-15,nan,nan,nan,nan
1925,24.0625,1.792765972e-15,3.219646771e-15,nan,nan,nan,nan
1926,24.075,1.670320383e-15,3.275157923e-15,nan,nan,nan,nan
1927,24.0875,1.759449161e-15,3.053113318e-15,nan,nan,nan,nan
1928,24.1,1.743677890e-15,3.025357742e-15,nan,nan,nan,nan
1929,24.1125,1.757551368e-15,3.219646771e-15,nan,nan,nan,nan
1930,24.125,1.754737745e-15,3.302913498e-15,nan,nan,nan,nan
1931,24.1375,1.679588946e-15,3.164135620e-15,nan,nan,nan,nan
1932,24.15,1.881163415e-15,3.330669074e-15,nan,nan,nan,nan
1933,24.1625,1.720932884e-15,3.330669074e-15,nan,nan,nan,nan
1934,24.175,1.734810672e-15,3.080868893e-15,nan,nan,nan,nan
1935,24.1875,1.825651675e-15,3.219646771e-15,nan,nan,nan,nan
1936,24.2,2.019940704e-15,3.247402347e-15,nan,nan,nan,nan
1937,24.2125,1.825652264e-15,3.219646771e-15,nan,nan,nan,nan
1938,24.225,1.865346563e-15,3.441691376e-15,nan,nan,nan,nan
1939,24.2375,1.824040119e-15,3.358424649e-15,nan,nan,nan,nan
1940,24.25,1.891469063e-15,3.219646771e-15,nan,nan,1.215694e-13,1.085243e-13
1941,24.2625,1.886709902e-15,3.386180225e-15,nan,nan,nan,nan
1942,24.275,1.920857714e-15,3.441691376e-15,nan,nan,nan,nan
1943,24.2875,2.004124441e-15,3.302913498e-15,nan,nan,nan,nan
1944,24.3,1.962777780e-15,3.330669074e-15,nan,nan,nan,nan
1945,24.3125,1.807261288e-15,3.330669074e-15,nan,nan,nan,nan
1946,24.325,1.806702408e-15,3.413935801e-15,nan,nan,nan,nan
1947,24.3375,1.998783864e-15,3.497202528e-15,nan,nan,nan,nan
1948,24.35,1.939048614e-15,3.413935801e-15,nan,nan,nan,nan
1949,24.3625,2.009149822e-15,3.330669074e-15,nan,nan,nan,nan
1950,24.375,2.014869225e-15,3.247402347e-15,nan,nan,nan,nan
1951,24.3875,1.939049970e-15,3.108624469e-15,nan,nan,nan,nan
1952,24.4,1.877034183e-15,3.164135620e-15,nan,nan,nan,nan
1953,24.4125,1.953638671e-15,2.997602166e-15,nan,nan,nan,nan
1954,24.425,1.842616368e-15,3.164135620e-15,nan,nan,nan,nan
1955,24.4375,1.828026311e-15,3.025357742e-15,nan,nan,nan,nan
1956,24.45,1.828026311e-15,3.136380045e-15,nan,nan,nan,nan
1957,24.4625,1.940137808e-15,3.219646771e-15,nan,nan,nan,nan
1958,24.475,1.902404182e-15,3.219646771e-15,nan,nan,nan,nan
1959,24.4875,1.800708962e-15,3.164135620e-15,nan,nan,nan,nan
1960,24.5,1.957724380e-15,3.164135620e-15,nan,nan,1.185163e-13,1.154632e-13
1961,24.5125,1.913670809e-15,3.247402347e-15,nan,nan,nan,nan
1962,24.525,2.235471089e-15,3.247402347e-15,nan,nan,nan,nan
1963,24.5375,1.974062590e-15,3.635980406e-15,nan,nan,nan,nan
1964,24.55,2.066326475e-15,3.413935801e-15,nan,nan,nan,nan
1965,24.5625,2.038570900e-15,3.219646771e-15,nan,nan,nan,nan
1966,24.575,1.956487284e-15,3.358424649e-15,nan,nan,nan,nan
1967,24.5875,2.263035712e-15,3.441691376e-15,nan,nan,nan,nan
1968,24.6,2.082624470e-15,3.386180225e-15,nan,nan,nan,nan
1969,24.6125,2.100020265e-15,3.275157923e-15,nan,nan,nan,nan
1970,24.625,1.876918075e-15,3.635980406e-15,nan,nan,nan,nan
1971,24.6375,2.010962925e-15,3.497202528e-15,nan,nan,nan,nan
1972,24.65,1.847847415e-15,3.164135620e-15,nan,nan,nan,nan
1973,24.6625,1.947364599e-15,3.469446952e-15,nan,nan,nan,nan
1974,24.675,2.017622334e-15,3.413935801e-15,nan,nan,nan,nan
1975,24.6875,1.983207349e-15,3.247402347e-15,nan,nan,nan,nan
1976,24.7,1.959220973e-15,3.330669074e-15,nan,nan,nan,nan
1977,24.7125,2.147020901e-15,3.358424649e-15,nan,nan,nan,nan
1978,24.725,1.913818410e-15,3.358424649e-15,nan,nan,nan,nan
1979,24.7375,1.951931275e-15,3.108624469e-15,nan,nan,nan,nan
1980,24.75,1.896420124e-15,3.469446952e-15,nan,nan,1.289246e-13,1.199041e-13
1981,24.7625,1.930375381e-15,3.358424649e-15,nan,nan,nan,nan
1982,24.775,2.051012814e-15,3.108624469e-15,nan,nan,nan,nan
1983,24.7875,2.053187320e-15,3.330669074e-15,nan,nan,nan,nan
1984,24.8,2.073593948e-15,3.719247132e-15,nan,nan,nan,nan
1985,24.8125,2.146220304e-15,3.830269435e-15,nan,nan,nan,nan
1986,24.825,2.009379450e-15,3.663735981e-15,nan,nan,nan,nan
1987,24.8375,2.067065107e-15,3.663735981e-15,nan,nan,nan,nan
1988,24.85,2.150331834e-15,3.386180225e-15,nan,nan,nan,nan
1989,24.8625,1.951931275e-15,3.302913498e-15,nan,nan,nan,nan
1990,24.875,1.922410216e-15,3.386180225e-15,nan,nan,nan,nan
1991,24.8875,1.979323123e-15,3.497202528e-15,nan,nan,nan,nan
1992,24.9,1.829006470e-15,3.413935801e-15,nan,nan,nan,nan
1993,24.9125,1.995539924e-15,3.386180225e-15,nan,nan,nan,nan
1994,24.925,1.975583816e-15,3.219646771e-15,nan,nan,nan,nan
1995,24.9375,2.090345426e-15,3.330669074e-15,nan,nan,nan,nan
1996,24.95,2.145856577e-15,3.219646771e-15,nan,nan,nan,nan
1997,24.9625,1.979323123e-15,3.608224830e-15,nan,nan,nan,nan
1998,24.975,2.041864814e-15,3.663735981e-15,nan,nan,nan,nan
1999,24.9875,2.152887116e-15,3.663735981e-15,nan,nan,nan,nan
2000,25,2.187489940e-15,3.330669074e-15,nan,nan,1.326717e-13,1.287859e-13
2001,25.0125,2.034834275e-15,3.497202528e-15,nan,nan,nan,nan
2002,25.025,2.009249758e-15,3.719247132e-15,nan,nan,nan,nan
2003,25.0375,1.937689760e-15,3.497202528e-15,nan,nan,nan,nan
2004,25.05,2.104223214e-15,3.469446952e-15,nan,nan,nan,nan
2005,25.0625,2.097375965e-15,3.552713679e-15,nan,nan,nan,nan
2006,25.075,1.986353663e-15,3.413935801e-15,nan,nan,nan,nan
2007,25.0875,1.908008700e-15,3.663735981e-15,nan,nan,nan,nan
2008,25.1,1.981873237e-15,3.774758284e-15,nan,nan,nan,nan
2009,25.1125,1.991215662e-15,3.441691376e-15,nan,nan,nan,nan
2010,25.125,1.961339577e-15,3.719247132e-15,nan,nan,nan,nan
2011,25.1375,1.967953799e-15,3.663735981e-15,nan,nan,nan,nan
2012,25.15,2.069550668e-15,3.552713679e-15,nan,nan,nan,nan
2013,25.1625,2.044606304e-15,3.441691376e-15,nan,nan,nan,nan
2014,25.175,1.921826723e-15,3.719247132e-15,nan,nan,nan,nan
2015,25.1875,1.856132504e-15,3.885780586e-15,nan,nan,nan,nan
2016,25.2,1.883888079e-15,3.552713679e-15,nan,nan,nan,nan
2017,25.2125,1.878072850e-15,3.552713679e-15,nan,nan,nan,nan
2018,25.225,2.084463893e-15,3.386180225e-15,nan,nan,nan,nan
2019,25.2375,2.020608871e-15,3.608224830e-15,nan,nan,nan,nan
2020,25.25,2.070070157e-15,3.830269435e-15,nan,nan,1.390554e-13,1.354472e-13
2021,25.2625,1.978607131e-15,3.497202528e-15,nan,nan,nan,nan
2022,25.275,2.020240495e-15,3.552713679e-15,nan,nan,nan,nan
2023,25.2875,2.071492076e-15,3.608224830e-15,nan,nan,nan,nan
2024,25.3,2.264359186e-15,3.774758284e-15,nan,nan,nan,nan
2025,25.3125,2.101067020e-15,3.497202528e-15,nan,nan,nan,nan
2026,25.325,2.106884467e-15,3.830269435e-15,nan,nan,nan,nan
2027,25.3375,1.911502121e-15,3.885780586e-15,nan,nan,nan,nan
2028,25.35,2.100093727e-15,3.608224830e-15,nan,nan,nan,nan
2029,25.3625,2.193328903e-15,3.552713679e-15,nan,nan,nan,nan
2030,25.375,2.106884467e-15,3.358424649e-15,nan,nan,nan,nan
2031,25.3875,2.114369097e-15,3.302913498e-15,nan,nan,nan,nan
2032,25.4,2.058857946e-15,3.497202528e-15,nan,nan,nan,nan
2033,25.4125,2.082306601e-15,3.358424649e-15,nan,nan,nan,nan
2034,25.425,2.012917662e-15,3.219646771e-15,nan,nan,nan,nan
2035,25.4375,2.213243343e-15,3.330669074e-15,nan,nan,nan,nan
2036,25.45,2.072735734e-15,3.497202528e-15,nan,nan,nan,nan
2037,25.4625,2.072735734e-15,3.608224830e-15,nan,nan,nan,nan
2038,25.475,1.993430542e-15,3.330669074e-15,nan,nan,nan,nan
2039,25.4875,2.073927909e-15,3.386180225e-15,nan,nan,nan,nan
2040,25.5,2.217256493e-15,3.552713679e-15,nan,nan,1.444678e-13,1.398881e-13
2041,25.5125,1.967456312e-15,3.663735981e-15,nan,nan,nan,nan
2042,25.525,2.198827999e-15,3.608224830e-15,nan,nan,nan,nan
2043,25.5375,2.115561273e-15,3.635980406e-15,nan,nan,nan,nan
2044,25.55,2.415806955e-15,3.774758284e-15,nan,nan,nan,nan
2045,25.5625,2.443562531e-15,3.802513859e-15,nan,nan,nan,nan
2046,25.575,2.291640452e-15,3.774758284e-15,nan,nan,nan,nan
2047,25.5875,2.188491162e-15,3.830269435e-15,nan,nan,nan,nan
2048,25.6,2.302283830e-15,4.052314040e-15,nan,nan,nan,nan
2049,25.6125,2.357228185e-15,4.107825191e-15,nan,nan,nan,nan
2050,25.625,2.106552095e-15,3.996802889e-15,nan,nan,nan,nan
2051,25.6375,2.304784653e-15,3.885780586e-15,nan,nan,nan,nan
2052,25.65,2.249273501e-15,3.552713679e-15,nan,nan,nan,nan
2053,25.6625,2.357228185e-15,3.663735981e-15,nan,nan,nan,nan
2054,25.675,2.167410716e-15,3.497202528e-15,nan,nan,nan,nan
2055,25.6875,2.189964703e-15,3.635980406e-15,nan,nan,nan,nan
2056,25.7,2.073261939e-15,3.497202528e-15,nan,nan,nan,nan
2057,25.7125,2.267550968e-15,3.441691376e-15,nan,nan,nan,nan
2058,25.725,2.263488965e-15,3.663735981e-15,nan,nan,nan,nan
2059,25.7375,2.176816944e-15,3.941291737e-15,nan,nan,nan,nan
2060,25.75,2.028977915e-15,3.441691376e-15,nan,nan,1.507128e-13,1.576517e-13
2061,25.7625,2.071110637e-15,3.497202528e-15,nan,nan,nan,nan
2062,25.775,2.159706066e-15,3.524958103e-15,nan,nan,nan,nan
2063,25.7875,2.260486775e-15,4.163336342e-15,nan,nan,nan,nan
2064,25.8,2.177220048e-15,3.580469254e-15,nan,nan,nan,nan
2065,25.8125,2.079267402e-15,3.608224830e-15,nan,nan,nan,nan
2066,25.825,2.049943151e-15,3.608224830e-15,nan,nan,nan,nan
2067,25.8375,2.194100026e-15,3.608224830e-15,nan,nan,nan,nan
2068,25.85,2.332877904e-15,3.719247132e-15,nan,nan,nan,nan
2069,25.8625,2.163342260e-15,3.663735981e-15,nan,nan,nan,nan
2070,25.875,2.100653053e-15,3.497202528e-15,nan,nan,nan,nan
2071,25.8875,2.123182677e-15,3.552713679e-15,nan,nan,nan,nan
2072,25.9,2.061554930e-15,3.552713679e-15,nan,nan,nan,nan
2073,25.9125,2.090796171e-15,3.663735981e-15,nan,nan,nan,nan
2074,25.925,2.225553144e-15,3.552713679e-15,nan,nan,nan,nan
2075,25.9375,2.009032918e-15,3.663735981e-15,nan,nan,nan,nan
2076,25.95,2.144989215e-15,3.552713679e-15,nan,nan,nan,nan
2077,25.9625,2.478056123e-15,3.663735981e-15,nan,nan,nan,nan
2078,25.975,2.367033820e-15,3.719247132e-15,nan,nan,nan,nan
2079,25.9875,2.144989215e-15,3.774758284e-15,nan,nan,nan,nan
2080,26,2.064544069e-15,3.608224830e-15,nan,nan,1.562639e-13,1.576517e-13
2081,26.0125,2.017265112e-15,3.608224830e-15,nan,nan,nan,nan
2082,26.025,2.075600276e-15,3.552713679e-15,nan,nan,nan,nan
2083,26.0375,2.228255942e-15,3.608224830e-15,nan,nan,nan,nan
2084,26.05,2.089478064e-15,3.941291737e-15,nan,nan,nan,nan
2085,26.0625,2.073482680e-15,3.663735981e-15,nan,nan,nan,nan
2086,26.075,2.093861656e-15,3.719247132e-15,nan,nan,nan,nan
2087,26.0875,2.174752804e-15,3.663735981e-15,nan,nan,nan,nan
2088,26.1,2.061722488e-15,3.663735981e-15,nan,nan,nan,nan
2089,26.1125,1.998528300e-15,4.107825191e-15,nan,nan,nan,nan
2090,26.125,2.111990707e-15,3.830269435e-15,nan,nan,nan,nan
2091,26.1375,2.234666945e-15,3.774758284e-15,nan,nan,nan,nan
2092,26.15,2.068133491e-15,3.774758284e-15,nan,nan,nan,nan
2093,26.1625,1.944974194e-15,3.497202528e-15,nan,nan,nan,nan
2094,26.175,2.137306178e-15,3.858025011e-15,nan,nan,nan,nan
2095,26.1875,2.121978876e-15,4.052314040e-15,nan,nan,nan,nan
2096,26.2,2.126916708e-15,3.885780586e-15,nan,nan,nan,nan
2097,26.2125,2.105458786e-15,3.885780586e-15,nan,nan,nan,nan
2098,26.225,2.234450693e-15,3.552713679e-15,nan,nan,nan,nan
2099,26.2375,2.074178806e-15,3.663735981e-15,nan,nan,nan,nan
2100,26.25,2.101934382e-15,3.774758284e-15,nan,nan,1.618150e-13,1.665335e-13
2101,26.2625,2.120688701e-15,3.719247132e-15,nan,nan,nan,nan
2102,26.275,2.299747815e-15,3.913536162e-15,nan,nan,nan,nan
2103,26.2875,2.117803038e-15,4.274358645e-15,nan,nan,nan,nan
2104,26.3,2.110929538e-15,3.885780586e-15,nan,nan,nan,nan
2105,26.3125,2.305908633e-15,3.885780586e-15,nan,nan,nan,nan
2106,26.325,2.119336573e-15,3.941291737e-15,nan,nan,nan,nan
2107,26.3375,2.159436402e-15,3.774758284e-15,nan,nan,nan,nan
2108,26.35,2.116850013e-15,3.552713679e-15,nan,nan,nan,nan
2109,26.3625,2.142815504e-15,3.774758284e-15,nan,nan,nan,nan
2110,26.375,2.152562901e-15,4.107825191e-15,nan,nan,nan,nan
2111,26.3875,2.240518566e-15,3.996802889e-15,nan,nan,nan,nan
2112,26.4,2.033583286e-15,3.635980406e-15,nan,nan,nan,nan
2113,26.4125,2.258940439e-15,3.469446952e-15,nan,nan,nan,nan
2114,26.425,2.194196265e-15,3.441691376e-15,nan,nan,nan,nan
2115,26.4375,2.235829628e-15,3.608224830e-15,nan,nan,nan,nan
2116,26.45,2.177466489e-15,3.608224830e-15,nan,nan,nan,nan
2117,26.4625,2.045734108e-15,3.719247132e-15,nan,nan,nan,nan
2118,26.475,2.094572724e-15,3.885780586e-15,nan,nan,nan,nan
2119,26.4875,2.055309733e-15,3.941291737e-15,nan,nan,nan,nan
2120,26.5,2.083065308e-15,3.885780586e-15,nan,nan,1.684763e-13,1.731948e-13
2121,26.5125,2.230794304e-15,3.608224830e-15,nan,nan,nan,nan
2122,26.525,2.066560081e-15,3.858025011e-15,nan,nan,nan,nan
2123,26.5375,2.367384520e-15,3.719247132e-15,nan,nan,nan,nan
2124,26.55,2.499398942e-15,3.941291737e-15,nan,nan,nan,nan
2125,26.5625,2.427382564e-15,3.996802889e-15,nan,nan,nan,nan
2126,26.575,2.394733033e-15,4.218847494e-15,nan,nan,nan,nan
2127,26.5875,2.443887791e-15,3.830269435e-15,nan,nan,nan,nan
2128,26.6,2.582665669e-15,3.663735981e-15,nan,nan,nan,nan
2129,26.6125,2.478406823e-15,3.941291737e-15,nan,nan,nan,nan
2130,26.625,2.353099669e-15,3.941291737e-15,nan,nan,nan,nan
2131,26.6375,2.277167985e-15,3.885780586e-15,nan,nan,nan,nan
2132,26.65,2.360621064e-15,3.719247132e-15,nan,nan,nan,nan
2133,26.6625,2.281558121e-15,3.941291737e-15,nan,nan,nan,nan
2134,26.675,2.195555375e-15,3.608224830e-15,nan,nan,nan,nan
2135,26.6875,2.224506364e-15,3.774758284e-15,nan,nan,nan,nan
2136,26.7,2.186865839e-15,4.191091918e-15,nan,nan,nan,nan
2137,26.7125,2.110634531e-15,4.080069615e-15,nan,nan,nan,nan
2138,26.725,2.221377653e-15,4.218847494e-15,nan,nan,nan,nan
2139,26.7375,2.313187439e-15,3.802513859e-15,nan,nan,nan,nan
2140,26.75,2.290810860e-15,3.885780586e-15,nan,nan,1.688927e-13,1.787459e-13
2141,26.7625,2.473469378e-15,4.107825191e-15,nan,nan,nan,nan
2142,26.775,2.140402471e-15,4.218847494e-15,nan,nan,nan,nan
2143,26.7875,2.507476468e-15,4.163336342e-15,nan,nan,nan,nan
2144,26.8,2.346322011e-15,4.163336342e-15,nan,nan,nan,nan
2145,26.8125,2.219829194e-15,3.885780586e-15,nan,nan,nan,nan
2146,26.825,2.223669198e-15,3.830269435e-15,nan,nan,nan,nan
2147,26.8375,2.304688648e-15,3.885780586e-15,nan,nan,nan,nan
2148,26.85,2.166041259e-15,4.107825191e-15,nan,nan,nan,nan
2149,26.8625,2.297544168e-15,4.107825191e-15,nan,nan,nan,nan
2150,26.875,2.177035368e-15,3.774758284e-15,nan,nan,nan,nan
2151,26.8875,2.061941573e-15,4.107825191e-15,nan,nan,nan,nan
2152,26.9,2.234856902e-15,3.885780586e-15,nan,nan,nan,nan
2153,26.9125,2.232546519e-15,3.719247132e-15,nan,nan,nan,nan
2154,26.925,2.426835548e-15,4.052314040e-15,nan,nan,nan,nan
2155,26.9375,2.245837081e-15,3.830269435e-15,nan,nan,nan,nan
2156,26.95,2.381670550e-15,3.830269435e-15,nan,nan,nan,nan
2157,26.9625,2.135402004e-15,3.941291737e-15,nan,nan,nan,nan
2158,26.975,2.071484126e-15,4.218847494e-15,nan,nan,nan,nan
2159,26.9875,2.298403823e-15,3.774758284e-15,nan,nan,nan,nan
2160,27,2.520448428e-15,3.885780586e-15,nan,nan,1.762479e-13,1.776357e-13
2161,27.0125,2.147868460e-15,3.885780586e-15,nan,nan,nan,nan
2162,27.025,2.081521875e-15,3.774758284e-15,nan,nan,nan,nan
2163,27.0375,2.182506429e-15,4.052314040e-15,nan,nan,nan,nan
2164,27.05,2.202179264e-15,4.440892099e-15,nan,nan,nan,nan
2165,27.0625,2.387823786e-15,4.329869796e-15,nan,nan,nan,nan
2166,27.075,2.286646338e-15,3.830269435e-15,nan,nan,nan,nan
2167,27.0875,2.182372003e-15,3.885780586e-15,nan,nan,nan,nan
2168,27.1,2.102539298e-15,3.719247132e-15,nan,nan,nan,nan
2169,27.1125,2.154035816e-15,3.830269435e-15,nan,nan,nan,nan
2170,27.125,2.302938961e-15,4.052314040e-15,nan,nan,nan,nan
2171,27.1375,2.242840700e-15,3.885780586e-15,nan,nan,nan,nan
2172,27.15,2.208862933e-15,3.885780586e-15,nan,nan,nan,nan
2173,27.1625,2.092357309e-15,3.996802889e-15,nan,nan,nan,nan
2174,27.175,2.093548420e-15,4.052314040e-15,nan,nan,nan,nan
2175,27.1875,2.148208137e-15,3.719247132e-15,nan,nan,nan,nan
2176,27.2,2.181107357e-15,3.830269435e-15,nan,nan,nan,nan
2177,27.2125,2.322339438e-15,4.274358645e-15,nan,nan,nan,nan
2178,27.225,2.266828287e-15,4.218847494e-15,nan,nan,nan,nan
2179,27.2375,2.281623486e-15,3.941291737e-15,nan,nan,nan,nan
2180,27.25,2.438700633e-15,4.385380947e-15,nan,nan,1.777745e-13,1.831868e-13
2181,27.2625,2.081334541e-15,4.107825191e-15,nan,nan,nan,nan
2182,27.275,2.388897401e-15,4.052314040e-15,nan,nan,nan,nan
2183,27.2875,2.428225772e-15,3.885780586e-15,nan,nan,nan,nan
2184,27.3,2.303379146e-15,4.052314040e-15,nan,nan,nan,nan
2185,27.3125,2.272167179e-15,3.830269435e-15,nan,nan,nan,nan
2186,27.325,2.222363948e-15,3.552713679e-15,nan,nan,nan,nan
2187,27.3375,2.193773006e-15,3.996802889e-15,nan,nan,nan,nan
2188,27.35,2.321483709e-15,4.773959006e-15,nan,nan,nan,nan
2189,27.3625,2.230533816e-15,4.996003611e-15,nan,nan,nan,nan
2190,27.375,2.345408945e-15,4.329869796e-15,nan,nan,nan,nan
2191,27.3875,2.797521562e-15,4.440892099e-15,nan,nan,nan,nan
2192,27.4,2.177490942e-15,3.663735981e-15,nan,nan,nan,nan
2193,27.4125,2.159420243e-15,4.080069615e-15,nan,nan,nan,nan
2194,27.425,2.225277987e-15,3.941291737e-15,nan,nan,nan,nan
2195,27.4375,2.249284158e-15,3.774758284e-15,nan,nan,nan,nan
2196,27.45,2.261717896e-15,4.052314040e-15,nan,nan,nan,nan
2197,27.4625,2.346380136e-15,4.607425552e-15,nan,nan,nan,nan
2198,27.475,2.964228095e-15,4.773959006e-15,nan,nan,nan,nan
2199,27.4875,2.626578755e-15,4.551914401e-15,nan,nan,nan,nan
2200,27.5,2.601350578e-15,4.163336342e-15,nan,nan,1.862399e-13,1.842970e-13
2201,27.5125,2.507205198e-15,3.885780586e-15,nan,nan,nan,nan
2202,27.525,2.665907042e-15,4.385380947e-15,nan,nan,nan,nan
2203,27.5375,2.578623618e-15,4.829470157e-15,nan,nan,nan,nan
2204,27.55,2.502008638e-15,4.551914401e-15,nan,nan,nan,nan
2205,27.5625,2.517418519e-15,3.996802889e-15,nan,nan,nan,nan
2206,27.575,2.580131604e-15,4.107825191e-15,nan,nan,nan,nan
2207,27.5875,2.590471925e-15,4.163336342e-15,nan,nan,nan,nan
2208,27.6,2.562716349e-15,4.052314040e-15,nan,nan,nan,nan
2209,27.6125,2.425540170e-15,4.274358645e-15,nan,nan,nan,nan
2210,27.625,2.507007092e-15,4.329869796e-15,nan,nan,nan,nan
2211,27.6375,2.673738652e-15,4.274358645e-15,nan,nan,nan,nan
2212,27.65,2.788298421e-15,4.274358645e-15,nan,nan,nan,nan
2213,27.6625,2.621764968e-15,4.107825191e-15,nan,nan,nan,nan
2214,27.675,2.412127400e-15,4.440892099e-15,nan,nan,nan,nan
2215,27.6875,2.508806897e-15,4.607425552e-15,nan,nan,nan,nan
2216,27.7,2.645243961e-15,4.385380947e-15,nan,nan,nan,nan
2217,27.7125,2.620310817e-15,4.607425552e-15,nan,nan,nan,nan
2218,27.725,2.757381333e-15,4.052314040e-15,nan,nan,nan,nan
2219,27.7375,2.580190815e-15,3.774758284e-15,nan,nan,nan,nan
2220,27.75,2.561510100e-15,4.218847494e-15,nan,nan,1.854072e-13,1.931788e-13
2221,27.7625,2.794659362e-15,4.718447855e-15,nan,nan,nan,nan
2222,27.775,2.720180288e-15,4.940492460e-15,nan,nan,nan,nan
2223,27.7875,3.118474149e-15,4.996003611e-15,nan,nan,nan,nan
2224,27.8,2.996251280e-15,4.329869796e-15,nan,nan,nan,nan
2225,27.8125,2.760137072e-15,4.218847494e-15,nan,nan,nan,nan
2226,27.825,2.505919829e-15,4.274358645e-15,nan,nan,nan,nan
2227,27.8375,2.688917965e-15,4.440892099e-15,nan,nan,nan,nan
2228,27.85,2.503605068e-15,4.773959006e-15,nan,nan,nan,nan
2229,27.8625,2.690224813e-15,5.218048216e-15,nan,nan,nan,nan
2230,27.875,3.105631564e-15,5.329070518e-15,nan,nan,nan,nan
2231,27.8875,3.194787358e-15,5.107025913e-15,nan,nan,nan,nan
2232,27.9,2.913639581e-15,4.496403250e-15,nan,nan,nan,nan
2233,27.9125,3.138407442e-15,4.496403250e-15,nan,nan,nan,nan
2234,27.925,2.822591740e-15,4.163336342e-15,nan,nan,nan,nan
2235,27.9375,3.075086063e-15,4.107825191e-15,nan,nan,nan,nan
2236,27.95,2.860349458e-15,4.551914401e-15,nan,nan,nan,nan
2237,27.9625,2.783434961e-15,4.607425552e-15,nan,nan,nan,nan
2238,27.975,3.062804077e-15,4.996003611e-15,nan,nan,nan,nan
2239,27.9875,3.018012061e-15,5.218048216e-15,nan,nan,nan,nan
2240,28,3.647294111e-15,5.606626274e-15,nan,nan,1.883216e-13,1.987299e-13
2241,28.0125,3.547331608e-15,5.495603972e-15,nan,nan,nan,nan
2242,28.025,4.294468798e-15,5.495603972e-15,nan,nan,nan,nan
2243,28.0375,3.390726708e-15,4.773959006e-15,nan,nan,nan,nan
2244,28.05,3.749187090e-15,4.884981308e-15,nan,nan,nan,nan
2245,28.0625,3.233848553e-15,4.996003611e-15,nan,nan,nan,nan
2246,28.075,3.245718742e-15,5.440092821e-15,nan,nan,nan,nan
2247,28.0875,3.358298028e-15,5.273559367e-15,nan,nan,nan,nan
2248,28.1,3.672651506e-15,5.107025913e-15,nan,nan,nan,nan
2249,28.1125,3.334593961e-15,5.162537065e-15,nan,nan,nan,nan
2250,28.125,3.634553728e-15,5.495603972e-15,nan,nan,nan,nan
2251,28.1375,3.748015065e-15,6.050715484e-15,nan,nan,nan,nan
2252,28.15,4.383236172e-15,6.328271240e-15,nan,nan,nan,nan
2253,28.1625,4.294576498e-15,5.995204333e-15,nan,nan,nan,nan
2254,28.175,4.205274417e-15,5.606626274e-15,nan,nan,nan,nan
2255,28.1875,4.012928355e-15,5.273559367e-15,nan,nan,nan,nan
2256,28.2,4.097820864e-15,5.773159728e-15,nan,nan,nan,nan
2257,28.2125,3.930377588e-15,5.551115123e-15,nan,nan,nan,nan
2258,28.225,4.028780240e-15,5.440092821e-15,nan,nan,nan,nan
2259,28.2375,3.795549680e-15,5.551115123e-15,nan,nan,nan,nan
2260,28.25,3.990459852e-15,5.662137426e-15,nan,nan,1.942196e-13,2.020606e-13
2261,28.2625,4.279655876e-15,6.272760089e-15,nan,nan,nan,nan
2262,28.275,5.184320057e-15,6.272760089e-15,nan,nan,nan,nan
2263,28.2875,5.323649077e-15,6.716849299e-15,nan,nan,nan,nan
2264,28.3,5.345850373e-15,5.995204333e-15,nan,nan,nan,nan
2265,28.3125,4.893053862e-15,5.606626274e-15,nan,nan,nan,nan
2266,28.325,5.040926072e-15,5.107025913e-15,nan,nan,nan,nan
2267,28.3375,4.557493128e-15,5.551115123e-15,nan,nan,nan,nan
2268,28.35,4.677996776e-15,6.383782392e-15,nan,nan,nan,nan
2269,28.3625,5.180438886e-15,7.049916206e-15,nan,nan,nan,nan
2270,28.375,5.756643803e-15,7.382983114e-15,nan,nan,nan,nan
2271,28.3875,6.017287587e-15,6.994405055e-15,nan,nan,nan,nan
2272,28.4,5.626417516e-15,6.994405055e-15,nan,nan,nan,nan
2273,28.4125,5.835453845e-15,6.661338148e-15,nan,nan,nan,nan
2274,28.425,5.626896393e-15,6.661338148e-15,nan,nan,nan,nan
2275,28.4375,5.840025646e-15,6.383782392e-15,nan,nan,nan,nan
2276,28.45,5.761091987e-15,5.939693182e-15,nan,nan,nan,nan
2277,28.4625,5.536725988e-15,6.217248938e-15,nan,nan,nan,nan
2278,28.475,5.918574423e-15,7.105427358e-15,nan,nan,nan,nan
2279,28.4875,6.022678873e-15,7.549516567e-15,nan,nan,nan,nan
2280,28.5,6.498266291e-15,8.049116929e-15,nan,nan,1.945666e-13,2.120526e-13
2281,28.5125,7.052599781e-15,7.938094626e-15,nan,nan,nan,nan
2282,28.525,6.717936392e-15,7.771561172e-15,nan,nan,nan,nan
2283,28.5375,6.305522773e-15,7.494005416e-15,nan,nan,nan,nan
2284,28.55,6.365986210e-15,7.327471963e-15,nan,nan,nan,nan
2285,28.5625,6.118929855e-15,7.271960811e-15,nan,nan,nan,nan
2286,28.575,6.133703398e-15,7.660538870e-15,nan,nan,nan,nan
2287,28.5875,6.664528777e-15,7.827072324e-15,nan,nan,nan,nan
2288,28.6,6.896114642e-15,8.382183836e-15,nan,nan,nan,nan
2289,28.6125,7.389358766e-15,8.437694987e-15,nan,nan,nan,nan
2290,28.625,7.163423347e-15,8.493206138e-15,nan,nan,nan,nan
2291,28.6375,7.423339703e-15,8.493206138e-15,nan,nan,nan,nan
2292,28.65,7.210849446e-15,8.326672685e-15,nan,nan,nan,nan
2293,28.6625,7.044850982e-15,8.271161533e-15,nan,nan,nan,nan
2294,28.675,7.407695094e-15,8.604228441e-15,nan,nan,nan,nan
2295,28.6875,7.695765774e-15,9.159339953e-15,nan,nan,nan,nan
2296,28.7,8.164520596e-15,9.880984919e-15,nan,nan,nan,nan
2297,28.7125,8.811085022e-15,9.658940314e-15,nan,nan,nan,nan
2298,28.725,8.723558909e-15,9.214851104e-15,nan,nan,nan,nan
2299,28.7375,8.419980067e-15,9.325873407e-15,nan,nan,nan,nan
2300,28.75,8.794759041e-15,9.992007222e-15,nan,nan,2.033096e-13,2.331468e-13
2301,28.7625,9.007777259e-15,1.060262989e-14,nan,nan,nan,nan
2302,28.775,9.758900241e-15,1.076916334e-14,nan,nan,nan,nan
2303,28.7875,9.452260220e-15,1.021405183e-14,nan,nan,nan,nan
2304,28.8,8.938479612e-15,9.492406861e-15,nan,nan,nan,nan
2305,28.8125,9.263801613e-15,9.159339953e-15,nan,nan,nan,nan
2306,28.825,8.893813376e-15,9.880984919e-15,nan,nan,nan,nan
2307,28.8375,9.021908625e-15,1.088018564e-14,nan,nan,nan,nan
2308,28.85,1.001272617e-14,1.182387521e-14,nan,nan,nan,nan
2309,28.8625,1.081085507e-14,1.204591982e-14,nan,nan,nan,nan
2310,28.875,1.136608715e-14,1.193489751e-14,nan,nan,nan,nan
2311,28.8875,1.071896444e-14,1.182387521e-14,nan,nan,nan,nan
2312,28.9,1.096028310e-14,1.182387521e-14,nan,nan,nan,nan
2313,28.9125,1.082247433e-14,1.221245327e-14,nan,nan,nan,nan
2314,28.925,1.116105595e-14,1.204591982e-14,nan,nan,nan,nan
2315,28.9375,1.153446992e-14,1.176836406e-14,nan,nan,nan,nan
2316,28.95,1.118905528e-14,1.215694212e-14,nan,nan,nan,nan
2317,28.9625,1.184203860e-14,1.293409824e-14,nan,nan,nan,nan
2318,28.975,1.265358178e-14,1.409983241e-14,nan,nan,nan,nan
2319,28.9875,1.314996308e-14,1.415534356e-14,nan,nan,nan,nan
2320,29,1.351882078e-14,1.393329896e-14,nan,nan,2.142730e-13,2.486900e-13
2321,29.0125,1.361152201e-14,1.398881011e-14,nan,nan,nan,nan
2322,29.025,1.340983214e-14,1.421085472e-14,nan,nan,nan,nan
2323,29.0375,1.336991539e-14,1.459943277e-14,nan,nan,nan,nan
2324,29.05,1.377714245e-14,1.521005544e-14,nan,nan,nan,nan
2325,29.0625,1.450313489e-14,1.537658889e-14,nan,nan,nan,nan
2326,29.075,1.486162996e-14,1.526556659e-14,nan,nan,nan,nan
2327,29.0875,1.499287560e-14,1.543210004e-14,nan,nan,nan,nan
2328,29.1,1.491339106e-14,1.576516695e-14,nan,nan,nan,nan
2329,29.1125,1.530237088e-14,1.593170040e-14,nan,nan,nan,nan
2330,29.125,1.636085371e-14,1.693090113e-14,nan,nan,nan,nan
2331,29.1375,1.699727928e-14,1.709743458e-14,nan,nan,nan,nan
2332,29.15,1.730995067e-14,1.754152379e-14,nan,nan,nan,nan
2333,29.1625,1.710924245e-14,1.743050149e-14,nan,nan,nan,nan
2334,29.175,1.717274294e-14,1.748601264e-14,nan,nan,nan,nan
2335,29.1875,1.708904770e-14,1.731947918e-14,nan,nan,nan,nan
2336,29.2,1.760825109e-14,1.765254609e-14,nan,nan,nan,nan
2337,29.2125,1.797882508e-14,1.854072451e-14,nan,nan,nan,nan
2338,29.225,1.868654667e-14,1.920685833e-14,nan,nan,nan,nan
2339,29.2375,1.975810126e-14,2.020605905e-14,nan,nan,nan,nan
2340,29.25,2.074124542e-14,2.070565941e-14,nan,nan,2.169792e-13,2.486900e-13
2341,29.2625,2.153707692e-14,2.109423747e-14,nan,nan,nan,nan
2342,29.275,2.165790667e-14,2.070565941e-14,nan,nan,nan,nan
2343,29.2875,2.123093946e-14,2.026157020e-14,nan,nan,nan,nan
2344,29.3,2.121691572e-14,2.009503675e-14,nan,nan,nan,nan
2345,29.3125,2.097197173e-14,2.087219286e-14,nan,nan,nan,nan
2346,29.325,2.178346778e-14,2.253752740e-14,nan,nan,nan,nan
2347,29.3375,2.364782391e-14,2.342570582e-14,nan,nan,nan,nan
2348,29.35,2.502401109e-14,2.414735079e-14,nan,nan,nan,nan
2349,29.3625,2.576488218e-14,2.470246230e-14,nan,nan,nan,nan
2350,29.375,2.554263263e-14,2.436939539e-14,nan,nan,nan,nan
2351,29.3875,2.542799765e-14,2.381428388e-14,nan,nan,nan,nan
2352,29.4,2.556616740e-14,2.403632848e-14,nan,nan,nan,nan
2353,29.4125,2.548085631e-14,2.492450690e-14,nan,nan,nan,nan
2354,29.425,2.671542612e-14,2.609024108e-14,nan,nan,nan,nan
2355,29.4375,2.799200014e-14,2.708944180e-14,nan,nan,nan,nan
2356,29.45,2.900541991e-14,2.770006446e-14,nan,nan,nan,nan
2357,29.4625,2.977785500e-14,2.858824288e-14,nan,nan,nan,nan
2358,29.475,3.012292934e-14,2.858824288e-14,nan,nan,nan,nan
2359,29.4875,3.067212675e-14,2.936539900e-14,nan,nan,nan,nan
2360,29.5,3.102616158e-14,2.980948821e-14,nan,nan,2.288447e-13,2.434164e-13
2361,29.5125,3.155328138e-14,3.030908857e-14,nan,nan,nan,nan
2362,29.525,3.274081878e-14,3.136380045e-14,nan,nan,nan,nan
2363,29.5375,3.324771534e-14,3.225197887e-14,nan,nan,nan,nan
2364,29.55,3.391340124e-14,3.202993426e-14,nan,nan,nan,nan
2365,29.5625,3.433218218e-14,3.230749002e-14,nan,nan,nan,nan
2366,29.575,3.483665742e-14,3.336220189e-14,nan,nan,nan,nan
2367,29.5875,3.581419087e-14,3.447242491e-14,nan,nan,nan,nan
2368,29.6,3.748090397e-14,3.558264794e-14,nan,nan,nan,nan
2369,29.6125,3.877602267e-14,3.630429291e-14,nan,nan,nan,nan
2370,29.625,3.921555227e-14,3.613775945e-14,nan,nan,nan,nan
2371,29.6375,4.001829607e-14,3.691491557e-14,nan,nan,nan,nan
2372,29.65,4.041274504e-14,3.719247132e-14,nan,nan,nan,nan
2373,29.6625,4.080699257e-14,3.802513859e-14,nan,nan,nan,nan
2374,29.675,4.173800373e-14,3.913536162e-14,nan,nan,nan,nan
2375,29.6875,4.330194254e-14,4.030109579e-14,nan,nan,nan,nan
2376,29.7,4.474974135e-14,4.179989688e-14,nan,nan,nan,nan
2377,29.7125,4.578310112e-14,4.346523141e-14,nan,nan,nan,nan
2378,29.725,4.713887154e-14,4.413136523e-14,nan,nan,nan,nan
2379,29.7375,4.786712216e-14,4.463096559e-14,nan,nan,nan,nan
2380,29.75,4.857044661e-14,4.479749904e-14,nan,nan,2.337019e-13,2.486900e-13
2381,29.7625,4.918493905e-14,4.574118861e-14,nan,nan,nan,nan
2382,29.775,5.012992718e-14,4.690692279e-14,nan,nan,nan,nan
2383,29.7875,5.164085793e-14,4.818367927e-14,nan,nan,nan,nan
2384,29.8,5.286420951e-14,4.968248035e-14,nan,nan,nan,nan
2385,29.8125,5.504888831e-14,5.079270338e-14,nan,nan,nan,nan
2386,29.825,5.649297509e-14,5.229150446e-14,nan,nan,nan,nan
2387,29.8375,5.764998592e-14,5.312417173e-14,nan,nan,nan,nan
2388,29.85,5.857904618e-14,5.401235015e-14,nan,nan,nan,nan
2389,29.8625,5.910563031e-14,5.412337245e-14,nan,nan,nan,nan
2390,29.875,6.000224854e-14,5.523359548e-14,nan,nan,nan,nan
2391,29.8875,6.143646042e-14,5.606626274e-14,nan,nan,nan,nan
2392,29.9,6.286641732e-14,5.817568649e-14,nan,nan,nan,nan
2393,29.9125,6.494712318e-14,6.022959909e-14,nan,nan,nan,nan
2394,29.925,6.752538582e-14,6.167288902e-14,nan,nan,nan,nan
2395,29.9375,6.879290060e-14,6.339373471e-14,nan,nan,nan,nan
2396,29.95,7.074787937e-14,6.461498003e-14,nan,nan,nan,nan
2397,29.9625,7.168045681e-14,6.522560270e-14,nan,nan,nan,nan
2398,29.975,7.270384489e-14,6.561418076e-14,nan,nan,nan,nan
2399,29.9875,7.371492808e-14,6.711298184e-14,nan,nan,nan,nan
2400,30,7.536228591e-14,6.949996134e-14,nan,nan,2.384204e-13,2.575717e-13
2401,30.0125,7.782465140e-14,7.138734048e-14,nan,nan,nan,nan
2402,30.025,7.996846934e-14,7.344125308e-14,nan,nan,nan,nan
2403,30.0375,8.220444981e-14,7.532863222e-14,nan,nan,nan,nan
2404,30.05,8.383588018e-14,7.621681064e-14,nan,nan,nan,nan
2405,30.0625,8.561429790e-14,7.721601136e-14,nan,nan,nan,nan
2406,30.075,8.722376235e-14,7.915890166e-14,nan,nan,nan,nan
2407,30.0875,8.935613043e-14,8.126832540e-14,nan,nan,nan,nan
2408,30.1,9.157103201e-14,8.315570454e-14,nan,nan,nan,nan
2409,30.1125,9.364655221e-14,8.448797217e-14,nan,nan,nan,nan
2410,30.125,9.498638975e-14,8.598677326e-14,nan,nan,nan,nan
2411,30.1375,9.668149439e-14,8.770761895e-14,nan,nan,nan,nan
2412,30.15,9.869650759e-14,8.976153154e-14,nan,nan,nan,nan
2413,30.1625,1.014649223e-13,9.248157795e-14,nan,nan,nan,nan
2414,30.175,1.045721251e-13,9.503509091e-14,nan,nan,nan,nan
2415,30.1875,1.073175826e-13,9.681144775e-14,nan,nan,nan,nan
2416,30.2,1.096828618e-13,9.814371538e-14,nan,nan,nan,nan
2417,30.2125,1.116318915e-13,1.000866057e-13,nan,nan,nan,nan
2418,30.225,1.133009508e-13,1.014188733e-13,nan,nan,nan,nan
2419,30.2375,1.155536102e-13,1.036393193e-13,nan,nan,nan,nan
2420,30.25,1.181572357e-13,1.062483435e-13,nan,nan,2.410572e-13,2.636780e-13
2421,30.2625,1.216159836e-13,1.101341240e-13,nan,nan,nan,nan
2422,30.275,1.245905699e-13,1.124100812e-13,nan,nan,nan,nan
2423,30.2875,1.280819639e-13,1.150746165e-13,nan,nan,nan,nan
2424,30.3,1.306220463e-13,1.161293284e-13,nan,nan,nan,nan
2425,30.3125,1.332952084e-13,1.186273302e-13,nan,nan,nan,nan
2426,30.325,1.353697042e-13,1.206812428e-13,nan,nan,nan,nan
2427,30.3375,1.380315456e-13,1.231792446e-13,nan,nan,nan,nan
2428,30.35,1.409950714e-13,1.263988914e-13,nan,nan,nan,nan
2429,30.3625,1.451122545e-13,1.302291608e-13,nan,nan,nan,nan
2430,30.375,1.486612564e-13,1.332267630e-13,nan,nan,nan,nan
2431,30.3875,1.522743742e-13,1.357247648e-13,nan,nan,nan,nan
2432,30.4,1.559920457e-13,1.385558335e-13,nan,nan,nan,nan
2433,30.4125,1.591761639e-13,1.417754802e-13,nan,nan,nan,nan
2434,30.425,1.620332725e-13,1.446620601e-13,nan,nan,nan,nan
2435,30.4375,1.662335046e-13,1.486033518e-13,nan,nan,nan,nan
2436,30.45,1.696192005e-13,1.515454429e-13,nan,nan,nan,nan
2437,30.4625,1.737435588e-13,1.552646900e-13,nan,nan,nan,nan
2438,30.475,1.773587765e-13,1.580402476e-13,nan,nan,nan,nan
2439,30.4875,1.813674863e-13,1.617039835e-13,nan,nan,nan,nan
2440,30.5,1.850771774e-13,1.651456749e-13,nan,nan,2.492451e-13,2.908784e-13
2441,30.5125,1.887837826e-13,1.682542994e-13,nan,nan,nan,nan
2442,30.525,1.932898489e-13,1.716404796e-13,nan,nan,nan,nan
2443,30.5375,1.975212189e-13,1.755817713e-13,nan,nan,nan,nan
2444,30.55,2.018347855e-13,1.798561300e-13,nan,nan,nan,nan
2445,30.5625,2.062248730e-13,1.830202656e-13,nan,nan,nan,nan
2446,30.575,2.106742956e-13,1.870170685e-13,nan,nan,nan,nan
2447,30.5875,2.146746935e-13,1.904587599e-13,nan,nan,nan,nan
2448,30.6,2.194166126e-13,1.948996520e-13,nan,nan,nan,nan
2449,30.6125,2.247362890e-13,2.000621890e-13,nan,nan,nan,nan
2450,30.625,2.309527736e-13,2.050026815e-13,nan,nan,nan,nan
2451,30.6375,2.367284873e-13,2.099986851e-13,nan,nan,nan,nan
2452,30.65,2.418854227e-13,2.143285549e-13,nan,nan,nan,nan
2453,30.6625,2.465577744e-13,2.183253578e-13,nan,nan,nan,nan
2454,30.675,2.512015593e-13,2.218225603e-13,nan,nan,nan,nan
2455,30.6875,2.559422608e-13,2.265965193e-13,nan,nan,nan,nan
2456,30.7,2.616877197e-13,2.320921233e-13,nan,nan,nan,nan
2457,30.7125,2.683244233e-13,2.380318165e-13,nan,nan,nan,nan
2458,30.725,2.752774551e-13,2.436939539e-13,nan,nan,nan,nan
2459,30.7375,2.814678161e-13,2.489675133e-13,nan,nan,nan,nan
2460,30.75,2.875634024e-13,2.544076061e-13,nan,nan,2.389755e-13,3.003153e-13
2461,30.7625,2.934214711e-13,2.594591209e-13,nan,nan,nan,nan
2462,30.775,2.992085165e-13,2.636779683e-13,nan,nan,nan,nan
2463,30.7875,3.049262028e-13,2.693401058e-13,nan,nan,nan,nan
2464,30.8,3.112186699e-13,2.746691763e-13,nan,nan,nan,nan
2465,30.8125,3.180655016e-13,2.817190925e-13,nan,nan,nan,nan
2466,30.825,3.252744991e-13,2.882694083e-13,nan,nan,nan,nan
2467,30.8375,3.329943206e-13,2.954303469e-13,nan,nan,nan,nan
2468,30.85,3.413553170e-13,3.023137296e-13,nan,nan,nan,nan
2469,30.8625,3.490545384e-13,3.076428001e-13,nan,nan,nan,nan
2470,30.875,3.557442084e-13,3.131384041e-13,nan,nan,nan,nan
2471,30.8875,3.628783816e-13,3.195776976e-13,nan,nan,nan,nan
2472,30.9,3.699062545e-13,3.264055692e-13,nan,nan,nan,nan
2473,30.9125,3.785638367e-13,3.340661081e-13,nan,nan,nan,nan
2474,30.925,3.875827413e-13,3.422817585e-13,nan,nan,nan,nan
2475,30.9375,3.967617621e-13,3.500533197e-13,nan,nan,nan,nan
2476,30.95,4.050542674e-13,3.563260798e-13,nan,nan,nan,nan
2477,30.9625,4.133134898e-13,3.639311075e-13,nan,nan,nan,nan
2478,30.975,4.219345884e-13,3.718692021e-13,nan,nan,nan,nan
2479,30.9875,4.314063855e-13,3.798628079e-13,nan,nan,nan,nan
2480,31,4.401765101e-13,3.888556144e-13,nan,nan,2.424450e-13,3.042011e-13
2481,31.0125,4.503905342e-13,3.972933094e-13,nan,nan,nan,nan
2482,31.025,4.602658606e-13,4.056199820e-13,nan,nan,nan,nan
2483,31.0375,4.701321604e-13,4.146682997e-13,nan,nan,nan,nan
2484,31.05,4.800886360e-13,4.229394612e-13,nan,nan,nan,nan
2485,31.0625,4.904713460e-13,4.315436897e-13,nan,nan,nan,nan
2486,31.075,5.007317896e-13,4.413136523e-13,nan,nan,nan,nan
2487,31.0875,5.121251708e-13,4.501954365e-13,nan,nan,nan,nan
2488,31.1,5.228777697e-13,4.604649995e-13,nan,nan,nan,nan
2489,31.1125,5.342874306e-13,4.703459844e-13,nan,nan,nan,nan
2490,31.125,5.456681856e-13,4.797828801e-13,nan,nan,nan,nan
2491,31.1375,5.570422600e-13,4.886646643e-13,nan,nan,nan,nan
2492,31.15,5.681156530e-13,4.982680935e-13,nan,nan,nan,nan
2493,31.1625,5.800583380e-13,5.108691248e-13,nan,nan,nan,nan
2494,31.175,5.929191911e-13,5.225819777e-13,nan,nan,nan,nan
2495,31.1875,6.068736084e-13,5.350164756e-13,nan,nan,nan,nan
2496,31.2,6.210943903e-13,5.460076835e-13,nan,nan,nan,nan
2497,31.2125,6.343168063e-13,5.566658245e-13,nan,nan,nan,nan
2498,31.225,6.462337966e-13,5.664912983e-13,nan,nan,nan,nan
2499,31.2375,6.582863610e-13,5.768163724e-13,nan,nan,nan,nan
2500,31.25,6.715056816e-13,5.889733146e-13,nan,nan,2.535472e-13,3.025358e-13
2501,31.2625,6.868322323e-13,6.036837696e-13,nan,nan,nan,nan
2502,31.275,7.034275950e-13,6.186162693e-13,nan,nan,nan,nan
2503,31.2875,7.196187896e-13,6.322165014e-13,nan,nan,nan,nan
2504,31.3,7.352543019e-13,6.443734435e-13,nan,nan,nan,nan
2505,31.3125,7.502010259e-13,6.571410083e-13,nan,nan,nan,nan
2506,31.325,7.644657144e-13,6.696310173e-13,nan,nan,nan,nan
2507,31.3375,7.797250538e-13,6.826206267e-13,nan,nan,nan,nan
2508,31.35,7.963005957e-13,6.986633494e-13,nan,nan,nan,nan
2509,31.3625,8.140509193e-13,7.142619829e-13,nan,nan,nan,nan
2510,31.375,8.321821333e-13,7.298051052e-13,nan,nan,nan,nan
2511,31.3875,8.496532093e-13,7.446820938e-13,nan,nan,nan,nan
2512,31.4,8.681175203e-13,7.612799280e-13,nan,nan,nan,nan
2513,31.4125,8.864724658e-13,7.774891841e-13,nan,nan,nan,nan
2514,31.425,9.048082920e-13,7.936984403e-13,nan,nan,nan,nan
2515,31.4375,9.240586383e-13,8.092415626e-13,nan,nan,nan,nan
2516,31.45,9.432804313e-13,8.265055307e-13,nan,nan,nan,nan
2517,31.4625,9.632978695e-13,8.436584764e-13,nan,nan,nan,nan
2518,31.475,9.834985450e-13,8.613665337e-13,nan,nan,nan,nan
2519,31.4875,1.004229832e-12,8.791301020e-13,nan,nan,nan,nan
2520,31.5,1.024489208e-12,8.975598043e-13,nan,nan,2.561840e-13,3.042011e-13
2521,31.5125,1.046222826e-12,9.166001291e-13,nan,nan,nan,nan
2522,31.525,1.068162331e-12,9.356404540e-13,nan,nan,nan,nan
2523,31.5375,1.092066019e-12,9.555134461e-13,nan,nan,nan,nan
2524,31.55,1.114945697e-12,9.756639940e-13,nan,nan,nan,nan
2525,31.5625,1.137846649e-12,9.958700531e-13,nan,nan,nan,nan
2526,31.575,1.160521016e-12,1.014743845e-12,nan,nan,nan,nan
2527,31.5875,1.185274868e-12,1.035338482e-12,nan,nan,nan,nan
2528,31.6,1.208578087e-12,1.057653964e-12,nan,nan,nan,nan
2529,31.6125,1.235177160e-12,1.081246204e-12,nan,nan,nan,nan
2530,31.625,1.262369062e-12,1.103783731e-12,nan,nan,nan,nan
2531,31.6375,1.289246774e-12,1.127486993e-12,nan,nan,nan,nan
2532,31.65,1.315890835e-12,1.150746165e-12,nan,nan,nan,nan
2533,31.6625,1.342505793e-12,1.173283692e-12,nan,nan,nan,nan
2534,31.675,1.368931661e-12,1.196653887e-12,nan,nan,nan,nan
2535,31.6875,1.396636119e-12,1.221578394e-12,nan,nan,nan,nan
2536,31.7,1.426300440e-12,1.247335568e-12,nan,nan,nan,nan
2537,31.7125,1.456882919e-12,1.274202965e-12,nan,nan,nan,nan
2538,31.725,1.488082386e-12,1.300681784e-12,nan,nan,nan,nan
2539,31.7375,1.519533791e-12,1.328270827e-12,nan,nan,nan,nan
2540,31.75,1.550748612e-12,1.355637824e-12,nan,nan,2.742945e-13,2.942091e-13
2541,31.7625,1.582181910e-12,1.381950110e-12,nan,nan,nan,nan
2542,31.775,1.613776998e-12,1.410316308e-12,nan,nan,nan,nan
2543,31.7875,1.646182075e-12,1.437239217e-12,nan,nan,nan,nan
2544,31.8,1.680205232e-12,1.467659327e-12,nan,nan,nan,nan
2545,31.8125,1.715453408e-12,1.498579039e-12,nan,nan,nan,nan
2546,31.825,1.751924626e-12,1.530331417e-12,nan,nan,nan,nan
2547,31.8375,1.788911130e-12,1.562416863e-12,nan,nan,nan,nan
2548,31.85,1.825776829e-12,1.594391286e-12,nan,nan,nan,nan
2549,31.8625,1.861897474e-12,1.624589352e-12,nan,nan,nan,nan
2550,31.875,1.899141194e-12,1.656452753e-12,nan,nan,nan,nan
2551,31.8875,1.937757283e-12,1.691147222e-12,nan,nan,nan,nan
2552,31.9,1.977987866e-12,1.726563337e-12,nan,nan,nan,nan
2553,31.9125,2.019687785e-12,1.762812118e-12,nan,nan,nan,nan
2554,31.925,2.062173901e-12,1.799616012e-12,nan,nan,nan,nan
2555,31.9375,2.104135632e-12,1.834921104e-12,nan,nan,nan,nan
2556,31.95,2.146344412e-12,1.872613176e-12,nan,nan,nan,nan
2557,31.9625,2.189580725e-12,1.910083203e-12,nan,nan,nan,nan
2558,31.975,2.235364741e-12,1.948941009e-12,nan,nan,nan,nan
2559,31.9875,2.280698173e-12,1.990296816e-12,nan,nan,nan,nan
2560,32,2.327506093e-12,2.029043600e-12,nan,nan,2.778333e-13,3.042011e-13
2561,32.0125,2.374815838e-12,2.070899008e-12,nan,nan,nan,nan
2562,32.025,2.422545011e-12,2.111699704e-12,nan,nan,nan,nan
2563,32.0375,2.471655946e-12,2.153943690e-12,nan,nan,nan,nan
2564,32.05,2.522030323e-12,2.198852211e-12,nan,nan,nan,nan
2565,32.0625,2.574542703e-12,2.244149311e-12,nan,nan,nan,nan
2566,32.075,2.627268303e-12,2.290279077e-12,nan,nan,nan,nan
2567,32.0875,2.680967430e-12,2.336297822e-12,nan,nan,nan,nan
2568,32.1,2.735212537e-12,2.381428388e-12,nan,nan,nan,nan
2569,32.1125,2.789158968e-12,2.428446333e-12,nan,nan,nan,nan
2570,32.125,2.844078466e-12,2.476630012e-12,nan,nan,nan,nan
2571,32.1375,2.900480764e-12,2.526534537e-12,nan,nan,nan,nan
2572,32.15,2.959305682e-12,2.578437464e-12,nan,nan,nan,nan
2573,32.1625,3.020263808e-12,2.631173057e-12,nan,nan,nan,nan
2574,32.175,3.082334255e-12,2.684796829e-12,nan,nan,nan,nan
2575,32.1875,3.145216156e-12,2.739142246e-12,nan,nan,nan,nan
2576,32.2,3.207832371e-12,2.790878639e-12,nan,nan,nan,nan
2577,32.2125,3.271099245e-12,2.845945701e-12,nan,nan,nan,nan
2578,32.225,3.335178947e-12,2.902789120e-12,nan,nan,nan,nan
2579,32.2375,3.402487547e-12,2.962852186e-12,nan,nan,nan,nan
2580,32.25,3.472291256e-12,3.023303830e-12,nan,nan,2.689515e-13,3.097522e-13
2581,32.2625,3.543266092e-12,3.084199562e-12,nan,nan,nan,nan
2582,32.275,3.614842325e-12,3.145428362e-12,nan,nan,nan,nan
2583,32.2875,3.686455716e-12,3.205880006e-12,nan,nan,nan,nan
2584,32.3,3.758934991e-12,3.269828852e-12,nan,nan,nan,nan
2585,32.3125,3.833515475e-12,3.333666676e-12,nan,nan,nan,nan
2586,32.325,3.909573094e-12,3.400335569e-12,nan,nan,nan,nan
2587,32.3375,3.988159318e-12,3.469058374e-12,nan,nan,nan,nan
2588,32.35,4.068716049e-12,3.538835891e-12,nan,nan,nan,nan
2589,32.3625,4.150226374e-12,3.609224031e-12,nan,nan,nan,nan
2590,32.375,4.232907472e-12,3.681110972e-12,nan,nan,nan,nan
2591,32.3875,4.316641655e-12,3.752442801e-12,nan,nan,nan,nan
2592,32.4,4.402431549e-12,3.827049788e-12,nan,nan,nan,nan
2593,32.4125,4.489171512e-12,3.902156376e-12,nan,nan,nan,nan
2594,32.425,4.578096097e-12,3.979039320e-12,nan,nan,nan,nan
2595,32.4375,4.669329409e-12,4.058087200e-12,nan,nan,nan,nan
2596,32.45,4.761213362e-12,4.138689391e-12,nan,nan,nan,nan
2597,32.4625,4.855860503e-12,4.219902205e-12,nan,nan,nan,nan
2598,32.475,4.951897297e-12,4.303835066e-12,nan,nan,nan,nan
2599,32.4875,5.049931577e-12,4.387989971e-12,nan,nan,nan,nan
2600,32.5,5.150166515e-12,4.474753901e-12,nan,nan,2.628453e-13,3.197442e-13
2601,32.5125,5.251940353e-12,4.562572542e-12,nan,nan,nan,nan
2602,32.525,5.355375953e-12,4.652056518e-12,nan,nan,nan,nan
2603,32.5375,5.460590060e-12,4.741818049e-12,nan,nan,nan,nan
2604,32.55,5.566399091e-12,4.833855538e-12,nan,nan,nan,nan
2605,32.5625,5.675458112e-12,4.928890629e-12,nan,nan,nan,nan
2606,32.575,5.786968319e-12,5.025813099e-12,nan,nan,nan,nan
2607,32.5875,5.901816651e-12,5.125067037e-12,nan,nan,nan,nan
2608,32.6,6.019014148e-12,5.226263866e-12,nan,nan,nan,nan
2609,32.6125,6.137664094e-12,5.328404384e-12,nan,nan,nan,nan
2610,32.625,6.256853680e-12,5.431044503e-12,nan,nan,nan,nan
2611,32.6375,6.378086594e-12,5.535572001e-12,nan,nan,nan,nan
2612,32.65,6.501512742e-12,5.643041590e-12,nan,nan,nan,nan
2613,32.6625,6.628411879e-12,5.752287535e-12,nan,nan,nan,nan
2614,32.675,6.758758271e-12,5.865141706e-12,nan,nan,nan,nan
2615,32.6875,6.892052667e-12,5.980715923e-12,nan,nan,nan,nan
2616,32.7,7.027268153e-12,6.097289340e-12,nan,nan,nan,nan
2617,32.7125,7.163674809e-12,6.215250536e-12,nan,nan,nan,nan
2618,32.725,7.302499544e-12,6.334655023e-12,nan,nan,nan,nan
2619,32.7375,7.443255844e-12,6.456613022e-12,nan,nan,nan,nan
2620,32.75,7.587327851e-12,6.580624934e-12,nan,nan,2.714495e-13,3.308465e-13
2621,32.7625,7.734348832e-12,6.708189559e-12,nan,nan,nan,nan
2622,32.775,7.884966098e-12,6.836808897e-12,nan,nan,nan,nan
2623,32.7875,8.037598255e-12,6.970479749e-12,nan,nan,nan,nan
2624,32.8,8.193478797e-12,7.105649402e-12,nan,nan,nan,nan
2625,32.8125,8.352090726e-12,7.243261546e-12,nan,nan,nan,nan
2626,32.825,8.513609241e-12,7.381206757e-12,nan,nan,nan,nan
2627,32.8375,8.678029526e-12,7.521538947e-12,nan,nan,nan,nan
2628,32.85,8.844751227e-12,7.665812429e-12,nan,nan,nan,nan
2629,32.8625,9.015247093e-12,7.811917779e-12,nan,nan,nan,nan
2630,32.875,9.188983562e-12,7.963185666e-12,nan,nan,nan,nan
2631,32.8875,9.365764741e-12,8.116951555e-12,nan,nan,nan,nan
2632,32.9,9.545933546e-12,8.273326468e-12,nan,nan,nan,nan
2633,32.9125,9.729228008e-12,8.430367515e-12,nan,nan,nan,nan
2634,32.925,9.916375003e-12,8.590683720e-12,nan,nan,nan,nan
2635,32.9375,1.010645292e-11,8.754774683e-12,nan,nan,nan,nan
2636,32.95,1.029982031e-11,8.920475469e-12,nan,nan,nan,nan
2637,32.9625,1.049647605e-11,9.090228570e-12,nan,nan,nan,nan
2638,32.975,1.069681632e-11,9.263478873e-12,nan,nan,nan,nan
2639,32.9875,1.090017567e-11,9.441142312e-12,nan,nan,nan,nan
2640,33,1.110884083e-11,9.620054753e-12,nan,nan,2.829161e-13,3.175238e-13
2641,33.0125,1.132174871e-11,9.803574619e-12,nan,nan,nan,nan
2642,33.025,1.153917978e-11,9.990480665e-12,nan,nan,nan,nan
2643,33.0375,1.175934788e-11,1.018016227e-11,nan,nan,nan,nan
2644,33.05,1.198260943e-11,1.037084307e-11,nan,nan,nan,nan
2645,33.0625,1.220891973e-11,1.056588150e-11,nan,nan,nan,nan
2646,33.075,1.243898156e-11,1.076530531e-11,nan,nan,nan,nan
2647,33.0875,1.267321719e-11,1.096858715e-11,nan,nan,nan,nan
2648,33.1,1.291425754e-11,1.117644866e-11,nan,nan,nan,nan
2649,33.1125,1.316059784e-11,1.138839023e-11,nan,nan,nan,nan
2650,33.125,1.341198221e-11,1.160482821e-11,nan,nan,nan,nan
2651,33.1375,1.366684971e-11,1.182379195e-11,nan,nan,nan,nan
2652,33.15,1.392410376e-11,1.204372713e-11,nan,nan,nan,nan
2653,33.1625,1.418488207e-11,1.226879709e-11,nan,nan,nan,nan
2654,33.175,1.445072897e-11,1.249816917e-11,nan,nan,nan,nan
2655,33.1875,1.472258007e-11,1.273359196e-11,nan,nan,nan,nan
2656,33.2,1.500122982e-11,1.297389973e-11,nan,nan,nan,nan
2657,33.2125,1.528508362e-11,1.321825982e-11,nan,nan,nan,nan
2658,33.225,1.557374995e-11,1.346636691e-11,nan,nan,nan,nan
2659,33.2375,1.586628965e-11,1.371688874e-11,nan,nan,nan,nan
2660,33.25,1.616305048e-11,1.397132410e-11,nan,nan,2.878253e-13,3.108624e-13
2661,33.2625,1.646484660e-11,1.423253182e-11,nan,nan,nan,nan
2662,33.275,1.677172311e-11,1.449798614e-11,nan,nan,nan,nan
2663,33.2875,1.708731809e-11,1.476868627e-11,nan,nan,nan,nan
2664,33.3,1.740778767e-11,1.504443792e-11,nan,nan,nan,nan
2665,33.3125,1.773373522e-11,1.532501903e-11,nan,nan,nan,nan
2666,33.325,1.806543976e-11,1.560837570e-11,nan,nan,nan,nan
2667,33.3375,1.840122624e-11,1.589733900e-11,nan,nan,nan,nan
2668,33.35,1.874312897e-11,1.619387957e-11,nan,nan,nan,nan
2669,33.3625,1.909165596e-11,1.649383408e-11,nan,nan,nan,nan
2670,33.375,1.944690205e-11,1.679928419e-11,nan,nan,nan,nan
2671,33.3875,1.980868741e-11,1.710975805e-11,nan,nan,nan,nan
2672,33.4,2.017705587e-11,1.742575528e-11,nan,nan,nan,nan
2673,33.4125,2.055127371e-11,1.774769220e-11,nan,nan,nan,nan
2674,33.425,2.093193490e-11,1.807420880e-11,nan,nan,nan,nan
2675,33.4375,2.131979853e-11,1.840866348e-11,nan,nan,nan,nan
2676,33.45,2.171406167e-11,1.874950195e-11,nan,nan,nan,nan
2677,33.4625,2.211636842e-11,1.909483682e-11,nan,nan,nan,nan
2678,33.475,2.252557719e-11,1.944638894e-11,nan,nan,nan,nan
2679,33.4875,2.294182724e-11,1.980293707e-11,nan,nan,nan,nan
2680,33.5,2.336431052e-11,2.016417588e-11,nan,nan,2.779547e-13,3.108624e-13
2681,33.5125,2.379319556e-11,2.053285320e-11,nan,nan,nan,nan
2682,33.525,2.423034580e-11,2.091057882e-11,nan,nan,nan,nan
2683,33.5375,2.467596311e-11,2.129496579e-11,nan,nan,nan,nan
2684,33.55,2.513052209e-11,2.168651370e-11,nan,nan,nan,nan
2685,33.5625,2.559399403e-11,2.208375149e-11,nan,nan,nan,nan
2686,33.575,2.606468605e-11,2.248604081e-11,nan,nan,nan,nan
2687,33.5875,2.654095049e-11,2.289365919e-11,nan,nan,nan,nan
2688,33.6,2.702536376e-11,2.330877158e-11,nan,nan,nan,nan
2689,33.6125,2.751822744e-11,2.373373720e-11,nan,nan,nan,nan
2690,33.625,2.802205112e-11,2.416811196e-11,nan,nan,nan,nan
2691,33.6375,2.853573990e-11,2.461050808e-11,nan,nan,nan,nan
2692,33.65,2.905761061e-11,2.505884389e-11,nan,nan,nan,nan
2693,33.6625,2.958850199e-11,2.551289735e-11,nan,nan,nan,nan
2694,33.675,3.012668316e-11,2.597272397e-11,nan,nan,nan,nan
2695,33.6875,3.067324159e-11,2.644148789e-11,nan,nan,nan,nan
2696,33.7,3.122991867e-11,2.691910583e-11,nan,nan,nan,nan
2697,33.7125,3.179735517e-11,2.740774274e-11,nan,nan,nan,nan
2698,33.725,3.237484228e-11,2.790531695e-11,nan,nan,nan,nan
2699,33.7375,3.296196189e-11,2.840971902e-11,nan,nan,nan,nan
2700,33.75,3.356037083e-11,2.892266981e-11,nan,nan,2.872702e-13,3.175238e-13
2701,33.7625,3.416828349e-11,2.944347544e-11,nan,nan,nan,nan
2702,33.775,3.478611032e-11,2.997141424e-11,nan,nan,nan,nan
2703,33.7875,3.541449072e-11,3.050826258e-11,nan,nan,nan,nan
2704,33.8,3.605332358e-11,3.105804502e-11,nan,nan,nan,nan
2705,33.8125,3.670298950e-11,3.161612638e-11,nan,nan,nan,nan
2706,33.825,3.736368066e-11,3.218517119e-11,nan,nan,nan,nan
2707,33.8375,3.803582591e-11,3.276209859e-11,nan,nan,nan,nan
2708,33.85,3.872171088e-11,3.334915677e-11,nan,nan,nan,nan
2709,33.8625,3.941845480e-11,3.394440284e-11,nan,nan,nan,nan
2710,33.875,4.012701958e-11,3.455083442e-11,nan,nan,nan,nan
2711,33.8875,4.084744730e-11,3.516711922e-11,nan,nan,nan,nan
2712,33.9,4.157989462e-11,3.579700425e-11,nan,nan,nan,nan
2713,33.9125,4.232324786e-11,3.643560453e-11,nan,nan,nan,nan
2714,33.925,4.307869960e-11,3.708411356e-11,nan,nan,nan,nan
2715,33.9375,4.384728161e-11,3.774339175e-11,nan,nan,nan,nan
2716,33.95,4.463133605e-11,3.841382767e-11,nan,nan,nan,nan
2717,33.9625,4.542829152e-11,3.909469970e-11,nan,nan,nan,nan
2718,33.975,4.624009677e-11,3.978886665e-11,nan,nan,nan,nan
2719,33.9875,4.706578880e-11,4.049541258e-11,nan,nan,nan,nan
2720,34,4.790212643e-11,4.121400443e-11,nan,nan,2.867151e-13,3.153033e-13
2721,34.0125,4.875107326e-11,4.194197767e-11,nan,nan,nan,nan
2722,34.025,4.961346674e-11,4.268280174e-11,nan,nan,nan,nan
2723,34.0375,5.049463168e-11,4.343700399e-11,nan,nan,nan,nan
2724,34.05,5.139284210e-11,4.420458444e-11,nan,nan,nan,nan
2725,34.0625,5.230599426e-11,4.498529327e-11,nan,nan,nan,nan
2726,34.075,5.323369595e-11,4.577743740e-11,nan,nan,nan,nan
2727,34.0875,5.417509180e-11,4.658337605e-11,nan,nan,nan,nan
2728,34.1,5.512901696e-11,4.740183246e-11,nan,nan,nan,nan
2729,34.1125,5.609885052e-11,4.823361155e-11,nan,nan,nan,nan
2730,34.125,5.708560439e-11,4.908051743e-11,nan,nan,nan,nan
2731,34.1375,5.809433634e-11,4.994257785e-11,nan,nan,nan,nan
2732,34.15,5.911904382e-11,5.081721155e-11,nan,nan,nan,nan
2733,34.1625,6.016156615e-11,5.170602835e-11,nan,nan,nan,nan
2734,34.175,6.121875754e-11,5.261072134e-11,nan,nan,nan,nan
2735,34.1875,6.229191816e-11,5.353112398e-11,nan,nan,nan,nan
2736,34.2,6.338236980e-11,5.446583462e-11,nan,nan,nan,nan
2737,34.2125,6.449054103e-11,5.541575532e-11,nan,nan,nan,nan
2738,34.225,6.561909678e-11,5.638033096e-11,nan,nan,nan,nan
2739,34.2375,6.676856082e-11,5.736096320e-11,nan,nan,nan,nan
2740,34.25,6.793658155e-11,5.835865124e-11,nan,nan,2.895600e-13,3.200218e-13
2741,34.2625,6.912388101e-11,5.937073055e-11,nan,nan,nan,nan
2742,34.275,7.032977270e-11,6.040420941e-11,nan,nan,nan,nan
2743,34.2875,7.155517750e-11,6.145343956e-11,nan,nan,nan,nan
2744,34.3,7.279890474e-11,6.251849038e-11,nan,nan,nan,nan
2745,34.3125,7.406180752e-11,6.360040272e-11,nan,nan,nan,nan
2746,34.325,7.534938637e-11,6.469973168e-11,nan,nan,nan,nan
2747,34.3375,7.665917849e-11,6.581701850e-11,nan,nan,nan,nan
2748,34.35,7.799028145e-11,6.695108357e-11,nan,nan,nan,nan
2749,34.3625,7.934298981e-11,6.810634001e-11,nan,nan,nan,nan
2750,34.375,8.071643981e-11,6.928223273e-11,nan,nan,nan,nan
2751,34.3875,8.211162890e-11,7.047644413e-11,nan,nan,nan,nan
2752,34.4,8.352859380e-11,7.168916849e-11,nan,nan,nan,nan
2753,34.4125,8.496763287e-11,7.292053072e-11,nan,nan,nan,nan
2754,34.425,8.643484020e-11,7.417041981e-11,nan,nan,nan,nan
2755,34.4375,8.792586917e-11,7.544131986e-11,nan,nan,nan,nan
2756,34.45,8.944069122e-11,7.673137126e-11,nan,nan,nan,nan
2757,34.4625,9.097969679e-11,7.804701330e-11,nan,nan,nan,nan
2758,34.475,9.254355398e-11,7.938510960e-11,nan,nan,nan,nan
2759,34.4875,9.413224090e-11,8.074341196e-11,nan,nan,nan,nan
2760,34.5,9.574418604e-11,8.212232283e-11,nan,nan,2.900458e-13,3.325118e-13
2761,34.5125,9.738040595e-11,8.352166181e-11,nan,nan,nan,nan
2762,34.525,9.904998530e-11,8.494176196e-11,nan,nan,nan,nan
2763,34.5375,1.007460249e-10,8.638520455e-11,nan,nan,nan,nan
2764,34.55,1.024686955e-10,8.785115690e-11,nan,nan,nan,nan
2765,34.5625,1.042192508e-10,8.934819551e-11,nan,nan,nan,nan
2766,34.575,1.059975553e-10,9.086914554e-11,nan,nan,nan,nan
2767,34.5875,1.078018707e-10,9.241216126e-11,nan,nan,nan,nan
2768,34.6,1.096338971e-10,9.397715939e-11,nan,nan,nan,nan
2769,34.6125,1.114952937e-10,9.556602731e-11,nan,nan,nan,nan
2770,34.625,1.133919151e-10,9.717929239e-11,nan,nan,nan,nan
2771,34.6375,1.153189210e-10,9.881725993e-11,nan,nan,nan,nan
2772,34.65,1.172763309e-10,1.004846206e-10,nan,nan,nan,nan
2773,34.6625,1.192644266e-10,1.021841778e-10,nan,nan,nan,nan
2774,34.675,1.212833347e-10,1.039092701e-10,nan,nan,nan,nan
2775,34.6875,1.233324927e-10,1.056593146e-10,nan,nan,nan,nan
2776,34.7,1.254115196e-10,1.074347278e-10,nan,nan,nan,nan
2777,34.7125,1.275263896e-10,1.092372165e-10,nan,nan,nan,nan
2778,34.725,1.296796115e-10,1.110667808e-10,nan,nan,nan,nan
2779,34.7375,1.318668095e-10,1.129256688e-10,nan,nan,nan,nan
2780,34.75,1.340887621e-10,1.148186476e-10,nan,nan,2.938622e-13,3.352874e-13
2781,34.7625,1.363443742e-10,1.167450026e-10,nan,nan,nan,nan
2782,34.775,1.386339174e-10,1.186990367e-10,nan,nan,nan,nan
2783,34.7875,1.409571316e-10,1.206832898e-10,nan,nan,nan,nan
2784,34.8,1.433149527e-10,1.226955690e-10,nan,nan,nan,nan
2785,34.8125,1.457153048e-10,1.247388928e-10,nan,nan,nan,nan
2786,34.825,1.481584459e-10,1.268139205e-10,nan,nan,nan,nan
2787,34.8375,1.506389552e-10,1.289199303e-10,nan,nan,nan,nan
2788,34.85,1.531558437e-10,1.310634171e-10,nan,nan,nan,nan
2789,34.8625,1.557103635e-10,1.332442351e-10,nan,nan,nan,nan
2790,34.875,1.583038506e-10,1.354565765e-10,nan,nan,nan,nan
2791,34.8875,1.609373146e-10,1.377031683e-10,nan,nan,nan,nan
2792,34.9,1.636102039e-10,1.399835317e-10,nan,nan,nan,nan
2793,34.9125,1.663311651e-10,1.422973822e-10,nan,nan,nan,nan
2794,34.925,1.690977471e-10,1.446441716e-10,nan,nan,nan,nan
2795,34.9375,1.719056818e-10,1.470258568e-10,nan,nan,nan,nan
2796,34.95,1.747547467e-10,1.494545668e-10,nan,nan,nan,nan
2797,34.9625,1.776476600e-10,1.519214754e-10,nan,nan,nan,nan
2798,34.975,1.805852637e-10,1.544266312e-10,nan,nan,nan,nan
2799,34.9875,1.835678447e-10,1.569689032e-10,nan,nan,nan,nan
2800,35,1.865927262e-10,1.595479304e-10,nan,nan,3.061440e-13,3.291811e-13
2801,35.0125,1.896715581e-10,1.621626375e-10,nan,nan,nan,nan
2802,35.025,1.928007995e-10,1.648149325e-10,nan,nan,nan,nan
2803,35.0375,1.959767464e-10,1.675072442e-10,nan,nan,nan,nan
2804,35.05,1.991995990e-10,1.702533461e-10,nan,nan,nan,nan
2805,35.0625,2.024721640e-10,1.730435517e-10,nan,nan,nan,nan
2806,35.075,2.057957467e-10,1.758752172e-10,nan,nan,nan,nan
2807,35.0875,2.091676396e-10,1.787487831e-10,nan,nan,nan,nan
2808,35.1,2.125881671e-10,1.816617655e-10,nan,nan,nan,nan
2809,35.1125,2.160680564e-10,1.846156283e-10,nan,nan,nan,nan
2810,35.125,2.196051545e-10,1.876109580e-10,nan,nan,nan,nan
2811,35.1375,2.231943195e-10,1.906521052e-10,nan,nan,nan,nan
2812,35.15,2.268375727e-10,1.937557580e-10,nan,nan,nan,nan
2813,35.1625,2.305366435e-10,1.969064529e-10,nan,nan,nan,nan
2814,35.175,2.342906367e-10,2.001024971e-10,nan,nan,nan,nan
2815,35.1875,2.380980600e-10,2.033424748e-10,nan,nan,nan,nan
2816,35.2,2.419606695e-10,2.066285164e-10,nan,nan,nan,nan
2817,35.2125,2.458866359e-10,2.099617754e-10,nan,nan,nan,nan
2818,35.225,2.498814974e-10,2.133451107e-10,nan,nan,nan,nan
2819,35.2375,2.539362419e-10,2.167782698e-10,nan,nan,nan,nan
2820,35.25,2.580504447e-10,2.202805165e-10,nan,nan,3.220341e-13,3.419487e-13
2821,35.2625,2.622261190e-10,2.238322819e-10,nan,nan,nan,nan
2822,35.275,2.664601066e-10,2.274339361e-10,nan,nan,nan,nan
2823,35.2875,2.707550503e-10,2.310872158e-10,nan,nan,nan,nan
2824,35.3,2.751119274e-10,2.347940358e-10,nan,nan,nan,nan
2825,35.3125,2.795413299e-10,2.385531009e-10,nan,nan,nan,nan
2826,35.325,2.840499126e-10,2.423673486e-10,nan,nan,nan,nan
2827,35.3375,2.886235760e-10,2.462371227e-10,nan,nan,nan,nan
2828,35.35,2.932624283e-10,2.501810339e-10,nan,nan,nan,nan
2829,35.3625,2.979671564e-10,2.541804007e-10,nan,nan,nan,nan
2830,35.375,3.027405974e-10,2.582390170e-10,nan,nan,nan,nan
2831,35.3875,3.075821988e-10,2.623560293e-10,nan,nan,nan,nan
2832,35.4,3.124948482e-10,2.665317290e-10,nan,nan,nan,nan
2833,35.4125,3.174849928e-10,2.707659531e-10,nan,nan,nan,nan
2834,35.425,3.225642114e-10,2.750599869e-10,nan,nan,nan,nan
2835,35.4375,3.277158512e-10,2.794136936e-10,nan,nan,nan,nan
2836,35.45,3.329408958e-10,2.838532395e-10,nan,nan,nan,nan
2837,35.4625,3.382406109e-10,2.883559745e-10,nan,nan,nan,nan
2838,35.475,3.436169939e-10,2.929251355e-10,nan,nan,nan,nan
2839,35.4875,3.490709702e-10,2.975580823e-10,nan,nan,nan,nan
2840,35.5,3.546031362e-10,3.022570354e-10,nan,nan,3.294587e-13,3.441691e-13
2841,35.5125,3.602142529e-10,3.070209642e-10,nan,nan,nan,nan
2842,35.525,3.659318850e-10,3.118484013e-10,nan,nan,nan,nan
2843,35.5375,3.717293305e-10,3.167441795e-10,nan,nan,nan,nan
2844,35.55,3.776082718e-10,3.217362626e-10,nan,nan,nan,nan
2845,35.5625,3.835731326e-10,3.267999829e-10,nan,nan,nan,nan
2846,35.575,3.896229054e-10,3.319376267e-10,nan,nan,nan,nan
2847,35.5875,3.957593441e-10,3.371463629e-10,nan,nan,nan,nan
2848,35.6,4.019817193e-10,3.424258203e-10,nan,nan,nan,nan
2849,35.6125,4.082878308e-10,3.477770329e-10,nan,nan,nan,nan
2850,35.625,4.147103330e-10,3.532007568e-10,nan,nan,nan,nan
2851,35.6375,4.212286386e-10,3.587028417e-10,nan,nan,nan,nan
2852,35.65,4.278401345e-10,3.643091939e-10,nan,nan,nan,nan
2853,35.6625,4.345459385e-10,3.699992812e-10,nan,nan,nan,nan
2854,35.675,4.413459068e-10,3.757676670e-10,nan,nan,nan,nan
2855,35.6875,4.482399424e-10,3.816132826e-10,nan,nan,nan,nan
2856,35.7,4.552282736e-10,3.875397919e-10,nan,nan,nan,nan
2857,35.7125,4.623131669e-10,3.935477569e-10,nan,nan,nan,nan
2858,35.725,4.695185537e-10,3.996387041e-10,nan,nan,nan,nan
2859,35.7375,4.768418201e-10,4.058160266e-10,nan,nan,nan,nan
2860,35.75,4.842681952e-10,4.121024980e-10,nan,nan,3.224504e-13,3.508305e-13
2861,35.7625,4.917977425e-10,4.184860444e-10,nan,nan,nan,nan
2862,35.775,4.994314724e-10,4.249545230e-10,nan,nan,nan,nan
2863,35.7875,5.071692388e-10,4.315135888e-10,nan,nan,nan,nan
2864,35.8,5.150152560e-10,4.381627144e-10,nan,nan,nan,nan
2865,35.8125,5.229683567e-10,4.449021637e-10,nan,nan,nan,nan
2866,35.825,5.310404946e-10,4.517338725e-10,nan,nan,nan,nan
2867,35.8375,5.392581255e-10,4.586579172e-10,nan,nan,nan,nan
2868,35.85,5.475876575e-10,4.656958708e-10,nan,nan,nan,nan
2869,35.8625,5.560318297e-10,4.728488434e-10,nan,nan,nan,nan
2870,35.875,5.645928019e-10,4.801005288e-10,nan,nan,nan,nan
2871,35.8875,5.732714744e-10,4.874501913e-10,nan,nan,nan,nan
2872,35.9,5.820684640e-10,4.949010923e-10,nan,nan,nan,nan
2873,35.9125,5.909861617e-10,5.024523159e-10,nan,nan,nan,nan
2874,35.925,6.000251056e-10,5.101038203e-10,nan,nan,nan,nan
2875,35.9375,6.092271150e-10,5.178589224e-10,nan,nan,nan,nan
2876,35.95,6.185627889e-10,5.257307090e-10,nan,nan,nan,nan
2877,35.9625,6.280252623e-10,5.337404685e-10,nan,nan,nan,nan
2878,35.975,6.376177001e-10,5.418598764e-10,nan,nan,nan,nan
2879,35.9875,6.473411582e-10,5.500891825e-10,nan,nan,nan,nan
2880,36,6.571973276e-10,5.584285673e-10,nan,nan,3.300138e-13,3.474998e-13
2881,36.0125,6.671846145e-10,5.668793629e-10,nan,nan,nan,nan
2882,36.025,6.773057239e-10,5.754412780e-10,nan,nan,nan,nan
2883,36.0375,6.875852080e-10,5.841167688e-10,nan,nan,nan,nan
2884,36.05,6.980368957e-10,5.929107622e-10,nan,nan,nan,nan
2885,36.0625,7.086303524e-10,6.018715387e-10,nan,nan,nan,nan
2886,36.075,7.193679454e-10,6.109533851e-10,nan,nan,nan,nan
2887,36.0875,7.302508001e-10,6.201565511e-10,nan,nan,nan,nan
2888,36.1,7.412783345e-10,6.294803984e-10,nan,nan,nan,nan
2889,36.1125,7.524522381e-10,6.389266199e-10,nan,nan,nan,nan
2890,36.125,7.637728603e-10,6.484972559e-10,nan,nan,nan,nan
2891,36.1375,7.752453966e-10,6.581964834e-10,nan,nan,nan,nan
2892,36.15,7.869327801e-10,6.680248299e-10,nan,nan,nan,nan
2893,36.1625,7.987800319e-10,6.780207090e-10,nan,nan,nan,nan
2894,36.175,8.107862415e-10,6.881668013e-10,nan,nan,nan,nan
2895,36.1875,8.229515238e-10,6.984462314e-10,nan,nan,nan,nan
2896,36.2,8.352766762e-10,7.088602066e-10,nan,nan,nan,nan
2897,36.2125,8.477651615e-10,7.194116275e-10,nan,nan,nan,nan
2898,36.225,8.604190001e-10,7.301013544e-10,nan,nan,nan,nan
2899,36.2375,8.732404150e-10,7.409323571e-10,nan,nan,nan,nan
2900,36.25,8.862614529e-10,7.519044554e-10,nan,nan,3.398670e-13,3.619327e-13
2901,36.2625,8.994953925e-10,7.630377580e-10,nan,nan,nan,nan
2902,36.275,9.129043682e-10,7.743619773e-10,nan,nan,nan,nan
2903,36.2875,9.264903141e-10,7.858338841e-10,nan,nan,nan,nan
2904,36.3,9.402547512e-10,7.974561150e-10,nan,nan,nan,nan
2905,36.3125,9.542002517e-10,8.092292531e-10,nan,nan,nan,nan
2906,36.325,9.683278049e-10,8.211557267e-10,nan,nan,nan,nan
2907,36.3375,9.826397586e-10,8.332351753e-10,nan,nan,nan,nan
2908,36.35,9.971374349e-10,8.454711375e-10,nan,nan,nan,nan
2909,36.3625,1.011892179e-09,8.578663196e-10,nan,nan,nan,nan
2910,36.375,1.026853798e-09,8.704814231e-10,nan,nan,nan,nan
2911,36.3875,1.042011540e-09,8.832726356e-10,nan,nan,nan,nan
2912,36.4,1.057368592e-09,8.962287718e-10,nan,nan,nan,nan
2913,36.4125,1.072924103e-09,9.093511916e-10,nan,nan,nan,nan
2914,36.425,1.088679609e-09,9.226407138e-10,nan,nan,nan,nan
2915,36.4375,1.104637818e-09,9.361002945e-10,nan,nan,nan,nan
2916,36.45,1.120801513e-09,9.497321679e-10,nan,nan,nan,nan
2917,36.4625,1.137194243e-09,9.635419268e-10,nan,nan,nan,nan
2918,36.475,1.153871936e-09,9.775570076e-10,nan,nan,nan,nan
2919,36.4875,1.170768243e-09,9.918036392e-10,nan,nan,nan,nan
2920,36.5,1.187881317e-09,1.006230793e-09,nan,nan,3.502754e-13,3.697043e-13
2921,36.5125,1.205212937e-09,1.020838830e-09,nan,nan,nan,nan
2922,36.525,1.222764711e-09,1.035632302e-09,nan,nan,nan,nan
2923,36.5375,1.240540430e-09,1.050615150e-09,nan,nan,nan,nan
2924,36.55,1.258544863e-09,1.065790595e-09,nan,nan,nan,nan
2925,36.5625,1.276782388e-09,1.081160050e-09,nan,nan,nan,nan
2926,36.575,1.295307668e-09,1.096724433e-09,nan,nan,nan,nan
2927,36.5875,1.314117235e-09,1.112555631e-09,nan,nan,nan,nan
2928,36.6,1.333165791e-09,1.128601684e-09,nan,nan,nan,nan
2929,36.6125,1.352455542e-09,1.144849271e-09,nan,nan,nan,nan
2930,36.625,1.371988812e-09,1.161303165e-09,nan,nan,nan,nan
2931,36.6375,1.391771638e-09,1.177966613e-09,nan,nan,nan,nan
2932,36.65,1.411808410e-09,1.194839533e-09,nan,nan,nan,nan
2933,36.6625,1.432099003e-09,1.211927197e-09,nan,nan,nan,nan
2934,36.675,1.452645066e-09,1.229224861e-09,nan,nan,nan,nan
2935,36.6875,1.473538672e-09,1.246761694e-09,nan,nan,nan,nan
2936,36.7,1.494721071e-09,1.264593263e-09,nan,nan,nan,nan
2937,36.7125,1.516170824e-09,1.282647571e-09,nan,nan,nan,nan
2938,36.725,1.537890486e-09,1.300929003e-09,nan,nan,nan,nan
2939,36.7375,1.559884136e-09,1.319438864e-09,nan,nan,nan,nan
2940,36.75,1.582153802e-09,1.338179456e-09,nan,nan,3.551326e-13,3.630429e-13
2941,36.7625,1.604702414e-09,1.357151669e-09,nan,nan,nan,nan
2942,36.775,1.627532409e-09,1.376359970e-09,nan,nan,nan,nan
2943,36.7875,1.650648452e-09,1.395805971e-09,nan,nan,nan,nan
2944,36.8,1.674177984e-09,1.415557005e-09,nan,nan,nan,nan
2945,36.8125,1.698005620e-09,1.435599362e-09,nan,nan,nan,nan
2946,36.825,1.722129510e-09,1.455888771e-09,nan,nan,nan,nan
2947,36.8375,1.746553429e-09,1.476428396e-09,nan,nan,nan,nan
2948,36.85,1.771279990e-09,1.497220237e-09,nan,nan,nan,nan
2949,36.8625,1.796313943e-09,1.518269593e-09,nan,nan,nan,nan
2950,36.875,1.821658562e-09,1.539577799e-09,nan,nan,nan,nan
2951,36.8875,1.847317554e-09,1.561147323e-09,nan,nan,nan,nan
2952,36.9,1.873308017e-09,1.582979414e-09,nan,nan,nan,nan
2953,36.9125,1.899747740e-09,1.605187427e-09,nan,nan,nan,nan
2954,36.925,1.926512042e-09,1.627680130e-09,nan,nan,nan,nan
2955,36.9375,1.953606035e-09,1.650448472e-09,nan,nan,nan,nan
2956,36.95,1.981033321e-09,1.673495759e-09,nan,nan,nan,nan
2957,36.9625,2.008799398e-09,1.696824320e-09,nan,nan,nan,nan
2958,36.975,2.036906137e-09,1.720438181e-09,nan,nan,nan,nan
2959,36.9875,2.065357676e-09,1.744336647e-09,nan,nan,nan,nan
2960,37,2.094155032e-09,1.768522023e-09,nan,nan,3.572143e-13,3.619327e-13
2961,37.0125,2.123328446e-09,1.793014348e-09,nan,nan,nan,nan
2962,37.025,2.152991371e-09,1.817926448e-09,nan,nan,nan,nan
2963,37.0375,2.183017965e-09,1.843141834e-09,nan,nan,nan,nan
2964,37.05,2.213411353e-09,1.868662280e-09,nan,nan,nan,nan
2965,37.0625,2.244176203e-09,1.894492063e-09,nan,nan,nan,nan
2966,37.075,2.275314094e-09,1.920631182e-09,nan,nan,nan,nan
2967,37.0875,2.306827520e-09,1.947081635e-09,nan,nan,nan,nan
2968,37.1,2.338720005e-09,1.973847169e-09,nan,nan,nan,nan
2969,37.1125,2.370996400e-09,2.000931754e-09,nan,nan,nan,nan
2970,37.125,2.403691893e-09,2.028388846e-09,nan,nan,nan,nan
2971,37.1375,2.436934419e-09,2.056283643e-09,nan,nan,nan,nan
2972,37.15,2.470579030e-09,2.084513395e-09,nan,nan,nan,nan
2973,37.1625,2.504628200e-09,2.113078462e-09,nan,nan,nan,nan
2974,37.175,2.539084842e-09,2.141983313e-09,nan,nan,nan,nan
2975,37.1875,2.573954917e-09,2.171229835e-09,nan,nan,nan,nan
2976,37.2,2.609241975e-09,2.200823801e-09,nan,nan,nan,nan
2977,37.2125,2.644949735e-09,2.230766544e-09,nan,nan,nan,nan
2978,37.225,2.681082493e-09,2.261063503e-09,nan,nan,nan,nan
2979,37.2375,2.717664853e-09,2.291787482e-09,nan,nan,nan,nan
2980,37.25,2.754866308e-09,2.322978448e-09,nan,nan,3.459733e-13,3.841372e-13
2981,37.2625,2.792511268e-09,2.354538287e-09,nan,nan,nan,nan
2982,37.275,2.830604498e-09,2.386469966e-09,nan,nan,nan,nan
2983,37.2875,2.869149775e-09,2.418775624e-09,nan,nan,nan,nan
2984,37.3,2.908151545e-09,2.451461006e-09,nan,nan,nan,nan
2985,37.3125,2.947613184e-09,2.484527473e-09,nan,nan,nan,nan
2986,37.325,2.987537795e-09,2.517978298e-09,nan,nan,nan,nan
2987,37.3375,3.027931781e-09,2.551819256e-09,nan,nan,nan,nan
2988,37.35,3.068799909e-09,2.586144521e-09,nan,nan,nan,nan
2989,37.3625,3.110371854e-09,2.620977324e-09,nan,nan,nan,nan
2990,37.375,3.152442127e-09,2.656217329e-09,nan,nan,nan,nan
2991,37.3875,3.195006418e-09,2.691865397e-09,nan,nan,nan,nan
2992,37.4,3.238066777e-09,2.727925913e-09,nan,nan,nan,nan
2993,37.4125,3.281629326e-09,2.764401041e-09,nan,nan,nan,nan
2994,37.425,3.325699109e-09,2.801298887e-09,nan,nan,nan,nan
2995,37.4375,3.370282975e-09,2.838622837e-09,nan,nan,nan,nan
2996,37.45,3.415385606e-09,2.876377692e-09,nan,nan,nan,nan
2997,37.4625,3.461012363e-09,2.914663483e-09,nan,nan,nan,nan
2998,37.475,3.507362024e-09,2.953510880e-09,nan,nan,nan,nan
2999,37.4875,3.554312217e-09,2.992804088e-09,nan,nan,nan,nan
3000,37.5,3.601805150e-09,3.032546880e-09,nan,nan,3.469447e-13,3.919087e-13
3001,37.5125,3.649845907e-09,3.072744531e-09,nan,nan,nan,nan
3002,37.525,3.698442529e-09,3.113403590e-09,nan,nan,nan,nan
3003,37.5375,3.747600874e-09,3.154527278e-09,nan,nan,nan,nan
3004,37.55,3.797324782e-09,3.196118731e-09,nan,nan,nan,nan
3005,37.5625,3.847619315e-09,3.238182111e-09,nan,nan,nan,nan
3006,37.575,3.898487099e-09,3.280806460e-09,nan,nan,nan,nan
3007,37.5875,3.950070132e-09,3.324072878e-09,nan,nan,nan,nan
3008,37.6,4.002397018e-09,3.367831375e-09,nan,nan,nan,nan
3009,37.6125,4.055324656e-09,3.412085198e-09,nan,nan,nan,nan
3010,37.625,4.108857040e-09,3.456842396e-09,nan,nan,nan,nan
3011,37.6375,4.163000971e-09,3.502102219e-09,nan,nan,nan,nan
3012,37.65,4.217760301e-09,3.547872773e-09,nan,nan,nan,nan
3013,37.6625,4.273140789e-09,3.594156223e-09,nan,nan,nan,nan
3014,37.675,4.329146919e-09,3.640956592e-09,nan,nan,nan,nan
3015,37.6875,4.385785878e-09,3.688333167e-09,nan,nan,nan,nan
3016,37.7,4.443096587e-09,3.736463944e-09,nan,nan,nan,nan
3017,37.7125,4.501346078e-09,3.785134678e-09,nan,nan,nan,nan
3018,37.725,4.560254231e-09,3.834347451e-09,nan,nan,nan,nan
3019,37.7375,4.619825336e-09,3.884110256e-09,nan,nan,nan,nan
3020,37.75,4.680066703e-09,3.934426146e-09,nan,nan,3.495815e-13,3.996803e-13
3021,37.7625,4.740984833e-09,3.985300728e-09,nan,nan,nan,nan
3022,37.775,4.802585959e-09,4.036740442e-09,nan,nan,nan,nan
3023,37.7875,4.864875819e-09,4.088746342e-09,nan,nan,nan,nan
3024,37.8,4.927859582e-09,4.141327059e-09,nan,nan,nan,nan
3025,37.8125,4.991542341e-09,4.194783437e-09,nan,nan,nan,nan
3026,37.825,5.056173271e-09,4.248843416e-09,nan,nan,nan,nan
3027,37.8375,5.121647610e-09,4.303498891e-09,nan,nan,nan,nan
3028,37.85,5.187854075e-09,4.358757716e-09,nan,nan,nan,nan
3029,37.8625,5.254797386e-09,4.414623639e-09,nan,nan,nan,nan
3030,37.875,5.322482070e-09,4.471101128e-09,nan,nan,nan,nan
3031,37.8875,5.390914365e-09,4.528195929e-09,nan,nan,nan,nan
3032,37.9,5.460098874e-09,4.585911317e-09,nan,nan,nan,nan
3033,37.9125,5.530043771e-09,4.644253954e-09,nan,nan,nan,nan
3034,37.925,5.600757401e-09,4.703459067e-09,nan,nan,nan,nan
3035,37.9375,5.672302085e-09,4.763429207e-09,nan,nan,nan,nan
3036,37.95,5.744988545e-09,4.824054323e-09,nan,nan,nan,nan
3037,37.9625,5.818473735e-09,4.885335636e-09,nan,nan,nan,nan
3038,37.975,5.892762441e-09,4.947278587e-09,nan,nan,nan,nan
3039,37.9875,5.967861885e-09,5.009890558e-09,nan,nan,nan,nan
3040,38,6.043777397e-09,5.073177656e-09,nan,nan,3.508305e-13,4.019007e-13
3041,38.0125,6.120522644e-09,5.137148096e-09,nan,nan,nan,nan
3042,38.025,6.198103740e-09,5.201807540e-09,nan,nan,nan,nan
3043,38.0375,6.276526406e-09,5.267263181e-09,nan,nan,nan,nan
3044,38.05,6.355798195e-09,5.333702646e-09,nan,nan,nan,nan
3045,38.0625,6.436161920e-09,5.400853098e-09,nan,nan,nan,nan
3046,38.075,6.517613995e-09,5.468721587e-09,nan,nan,nan,nan
3047,38.0875,6.599945140e-09,5.537317327e-09,nan,nan,nan,nan
3048,38.1,6.683166474e-09,5.606645648e-09,nan,nan,nan,nan
3049,38.1125,6.767285541e-09,5.676712322e-09,nan,nan,nan,nan
3050,38.125,6.852309281e-09,5.747525567e-09,nan,nan,nan,nan
3051,38.1375,6.938245065e-09,5.819085824e-09,nan,nan,nan,nan
3052,38.15,7.025099027e-09,5.891402699e-09,nan,nan,nan,nan
3053,38.1625,7.112880151e-09,5.964825023e-09,nan,nan,nan,nan
3054,38.175,7.201595391e-09,6.039111100e-09,nan,nan,nan,nan
3055,38.1875,7.291671741e-09,6.114184714e-09,nan,nan,nan,nan
3056,38.2,7.382803461e-09,6.190047641e-09,nan,nan,nan,nan
3057,38.2125,7.474906357e-09,6.266711872e-09,nan,nan,nan,nan
3058,38.225,7.567987622e-09,6.344178793e-09,nan,nan,nan,nan
3059,38.2375,7.662056853e-09,6.422460341e-09,nan,nan,nan,nan
3060,38.25,7.757121910e-09,6.501558014e-09,nan,nan,3.593653e-13,3.974598e-13
3061,38.2625,7.853190847e-09,6.581481193e-09,nan,nan,nan,nan
3062,38.275,7.950271372e-09,6.662350616e-09,nan,nan,nan,nan
3063,38.2875,8.048371278e-09,6.744422409e-09,nan,nan,nan,nan
3064,38.3,8.147509728e-09,6.827350740e-09,nan,nan,nan,nan
3065,38.3125,8.248245840e-09,6.911143824e-09,nan,nan,nan,nan
3066,38.325,8.350042777e-09,6.995808377e-09,nan,nan,nan,nan
3067,38.3375,8.452908914e-09,7.081348841e-09,nan,nan,nan,nan
3068,38.35,8.556853499e-09,7.167775262e-09,nan,nan,nan,nan
3069,38.3625,8.661882629e-09,7.255090917e-09,nan,nan,nan,nan
3070,38.375,8.768004575e-09,7.343303077e-09,nan,nan,nan,nan
3071,38.3875,8.875226619e-09,7.432418292e-09,nan,nan,nan,nan
3072,38.4,8.983558396e-09,7.522764855e-09,nan,nan,nan,nan
3073,38.4125,9.093013027e-09,7.614256337e-09,nan,nan,nan,nan
3074,38.425,9.203679272e-09,7.706689620e-09,nan,nan,nan,nan
3075,38.4375,9.316048960e-09,7.800068813e-09,nan,nan,nan,nan
3076,38.45,9.429582160e-09,7.894399578e-09,nan,nan,nan,nan
3077,38.4625,9.544283151e-09,7.989691075e-09,nan,nan,nan,nan
3078,38.475,9.660163947e-09,8.085948577e-09,nan,nan,nan,nan
3079,38.4875,9.777234545e-09,8.183184241e-09,nan,nan,nan,nan
3080,38.5,9.895506830e-09,8.281405117e-09,nan,nan,3.744227e-13,4.019007e-13
3081,38.5125,1.001499041e-08,8.380619976e-09,nan,nan,nan,nan
3082,38.525,1.013569512e-08,8.481347791e-09,nan,nan,nan,nan
3083,38.5375,1.025762854e-08,8.583173450e-09,nan,nan,nan,nan
3084,38.55,1.038089314e-08,8.686025399e-09,nan,nan,nan,nan
3085,38.5625,1.050602644e-08,8.789913519e-09,nan,nan,nan,nan
3086,38.575,1.063243412e-08,8.894845249e-09,nan,nan,nan,nan
3087,38.5875,1.076012616e-08,9.000830470e-09,nan,nan,nan,nan
3088,38.6,1.088911399e-08,9.107877952e-09,nan,nan,nan,nan
3089,38.6125,1.101940719e-08,9.215991192e-09,nan,nan,nan,nan
3090,38.625,1.115101369e-08,9.325180794e-09,nan,nan,nan,nan
3091,38.6375,1.128394534e-08,9.435477843e-09,nan,nan,nan,nan
3092,38.65,1.141821147e-08,9.547506896e-09,nan,nan,nan,nan
3093,38.6625,1.155382295e-08,9.660650502e-09,nan,nan,nan,nan
3094,38.675,1.169081654e-08,9.774918042e-09,nan,nan,nan,nan
3095,38.6875,1.182994592e-08,9.890316510e-09,nan,nan,nan,nan
3096,38.7,1.197046859e-08,1.000685607e-08,nan,nan,nan,nan
3097,38.7125,1.211239658e-08,1.012454581e-08,nan,nan,nan,nan
3098,38.725,1.225574163e-08,1.024339469e-08,nan,nan,nan,nan
3099,38.7375,1.240051316e-08,1.036341052e-08,nan,nan,nan,nan
3100,38.75,1.254672268e-08,1.048460063e-08,nan,nan,3.837902e-13,4.107825e-13
3101,38.7625,1.269437927e-08,1.060705107e-08,nan,nan,nan,nan
3102,38.775,1.284349328e-08,1.073135053e-08,nan,nan,nan,nan
3103,38.7875,1.299407577e-08,1.085686857e-08,nan,nan,nan,nan
3104,38.8,1.314613825e-08,1.098361246e-08,nan,nan,nan,nan
3105,38.8125,1.330042715e-08,1.111159392e-08,nan,nan,nan,nan
3106,38.825,1.345639292e-08,1.124082116e-08,nan,nan,nan,nan
3107,38.8375,1.361389352e-08,1.137130046e-08,nan,nan,nan,nan
3108,38.85,1.377293874e-08,1.150304091e-08,nan,nan,nan,nan
3109,38.8625,1.393353898e-08,1.163605023e-08,nan,nan,nan,nan
3110,38.875,1.409570530e-08,1.177033943e-08,nan,nan,nan,nan
3111,38.8875,1.425945156e-08,1.190598092e-08,nan,nan,nan,nan
3112,38.9,1.442479082e-08,1.204367978e-08,nan,nan,nan,nan
3113,38.9125,1.459173541e-08,1.218270756e-08,nan,nan,nan,nan
3114,38.925,1.476029440e-08,1.232306995e-08,nan,nan,nan,nan
3115,38.9375,1.493097542e-08,1.246477527e-08,nan,nan,nan,nan
3116,38.95,1.510379744e-08,1.260783389e-08,nan,nan,nan,nan
3117,38.9625,1.527829095e-08,1.275225586e-08,nan,nan,nan,nan
3118,38.975,1.545446804e-08,1.289805152e-08,nan,nan,nan,nan
3119,38.9875,1.563234330e-08,1.304523362e-08,nan,nan,nan,nan
3120,39,1.581192857e-08,1.319380960e-08,nan,nan,3.824718e-13,4.107825e-13
3121,39.0125,1.599323419e-08,1.334378708e-08,nan,nan,nan,nan
3122,39.025,1.617627263e-08,1.349602424e-08,nan,nan,nan,nan
3123,39.0375,1.636105384e-08,1.364975954e-08,nan,nan,nan,nan
3124,39.05,1.654759158e-08,1.380494741e-08,nan,nan,nan,nan
3125,39.0625,1.673596868e-08,1.396159854e-08,nan,nan,nan,nan
3126,39.075,1.692716701e-08,1.411972150e-08,nan,nan,nan,nan
3127,39.0875,1.712018240e-08,1.427932628e-08,nan,nan,nan,nan
3128,39.1,1.731502991e-08,1.444042436e-08,nan,nan,nan,nan
3129,39.1125,1.751172175e-08,1.460302190e-08,nan,nan,nan,nan
3130,39.125,1.771026976e-08,1.476713191e-08,nan,nan,nan,nan
3131,39.1375,1.791069072e-08,1.493276763e-08,nan,nan,nan,nan
3132,39.15,1.811299506e-08,1.510062331e-08,nan,nan,nan,nan
3133,39.1625,1.831719585e-08,1.527035781e-08,nan,nan,nan,nan
3134,39.175,1.852330658e-08,1.544166445e-08,nan,nan,nan,nan
3135,39.1875,1.873133865e-08,1.561456031e-08,nan,nan,nan,nan
3136,39.2,1.894191205e-08,1.578905040e-08,nan,nan,nan,nan
3137,39.2125,1.915507252e-08,1.596515115e-08,nan,nan,nan,nan
3138,39.225,1.937022163e-08,1.614286937e-08,nan,nan,nan,nan
3139,39.2375,1.958737418e-08,1.632221586e-08,nan,nan,nan,nan
3140,39.25,1.980654061e-08,1.650320103e-08,nan,nan,3.814310e-13,4.118927e-13
3141,39.2625,2.002773612e-08,1.668583532e-08,nan,nan,nan,nan
3142,39.275,2.025097403e-08,1.687048190e-08,nan,nan,nan,nan
3143,39.2875,2.047627085e-08,1.705757474e-08,nan,nan,nan,nan
3144,39.3,2.070364188e-08,1.724637805e-08,nan,nan,nan,nan
3145,39.3125,2.093309978e-08,1.743689754e-08,nan,nan,nan,nan
3146,39.325,2.116465560e-08,1.762914464e-08,nan,nan,nan,nan
3147,39.3375,2.139941068e-08,1.782313069e-08,nan,nan,nan,nan
3148,39.35,2.163659020e-08,1.801886762e-08,nan,nan,nan,nan
3149,39.3625,2.187593922e-08,1.821636608e-08,nan,nan,nan,nan
3150,39.375,2.211747516e-08,1.841564223e-08,nan,nan,nan,nan
3151,39.3875,2.236121318e-08,1.861670601e-08,nan,nan,nan,nan
3152,39.4,2.260716557e-08,1.881956690e-08,nan,nan,nan,nan
3153,39.4125,2.285534441e-08,1.902525232e-08,nan,nan,nan,nan
3154,39.425,2.310576285e-08,1.923299459e-08,nan,nan,nan,nan
3155,39.4375,2.335843699e-08,1.944259309e-08,nan,nan,nan,nan
3156,39.45,2.361338355e-08,1.965406093e-08,nan,nan,nan,nan
3157,39.4625,2.387061824e-08,1.986741366e-08,nan,nan,nan,nan
3158,39.475,2.413162066e-08,2.008265665e-08,nan,nan,nan,nan
3159,39.4875,2.439502275e-08,2.029980628e-08,nan,nan,nan,nan
3160,39.5,2.466078644e-08,2.051886866e-08,nan,nan,3.816392e-13,4.152234e-13
3161,39.5125,2.492892606e-08,2.073985772e-08,nan,nan,nan,nan
3162,39.525,2.519945677e-08,2.096278728e-08,nan,nan,nan,nan
3163,39.5375,2.547239652e-08,2.118795461e-08,nan,nan,nan,nan
3164,39.55,2.574776111e-08,2.141617689e-08,nan,nan,nan,nan
3165,39.5625,2.602556524e-08,2.164640317e-08,nan,nan,nan,nan
3166,39.575,2.630582394e-08,2.187864662e-08,nan,nan,nan,nan
3167,39.5875,2.658855213e-08,2.211291750e-08,nan,nan,nan,nan
3168,39.6,2.687376450e-08,2.234922808e-08,nan,nan,nan,nan
3169,39.6125,2.716314181e-08,2.258759041e-08,nan,nan,nan,nan
3170,39.625,2.745508822e-08,2.282802097e-08,nan,nan,nan,nan
3171,39.6375,2.774960176e-08,2.307053026e-08,nan,nan,nan,nan
3172,39.65,2.804669782e-08,2.331512994e-08,nan,nan,nan,nan
3173,39.6625,2.834639126e-08,2.356183060e-08,nan,nan,nan,nan
3174,39.675,2.864869859e-08,2.381133707e-08,nan,nan,nan,nan
3175,39.6875,2.895363727e-08,2.406381333e-08,nan,nan,nan,nan
3176,39.7,2.926122179e-08,2.431845830e-08,nan,nan,nan,nan
3177,39.7125,2.957147005e-08,2.457528792e-08,nan,nan,nan,nan
3178,39.725,2.988439565e-08,2.483431444e-08,nan,nan,nan,nan
3179,39.7375,3.020001628e-08,2.509555019e-08,nan,nan,nan,nan
3180,39.75,3.051995232e-08,2.535900850e-08,nan,nan,3.807371e-13,4.418688e-13
3181,39.7625,3.084291135e-08,2.562470308e-08,nan,nan,nan,nan
3182,39.775,3.116865399e-08,2.589264758e-08,nan,nan,nan,nan
3183,39.7875,3.149719539e-08,2.616285510e-08,nan,nan,nan,nan
3184,39.8,3.182855181e-08,2.643533525e-08,nan,nan,nan,nan
3185,39.8125,3.216273855e-08,2.671104959e-08,nan,nan,nan,nan
3186,39.825,3.249977185e-08,2.698981011e-08,nan,nan,nan,nan
3187,39.8375,3.283966958e-08,2.727091974e-08,nan,nan,nan,nan
3188,39.85,3.318244980e-08,2.755439060e-08,nan,nan,nan,nan
3189,39.8625,3.352813001e-08,2.784023551e-08,nan,nan,nan,nan
3190,39.875,3.387672930e-08,2.812847089e-08,nan,nan,nan,nan
3191,39.8875,3.422944477e-08,2.841910457e-08,nan,nan,nan,nan
3192,39.9,3.458602202e-08,2.871215021e-08,nan,nan,nan,nan
3193,39.9125,3.494560148e-08,2.900762264e-08,nan,nan,nan,nan
3194,39.925,3.530820498e-08,2.930553611e-08,nan,nan,nan,nan
3195,39.9375,3.567385195e-08,2.960590795e-08,nan,nan,nan,nan
3196,39.95,3.604256080e-08,2.990972148e-08,nan,nan,nan,nan
3197,39.9625,3.641435053e-08,3.021691791e-08,nan,nan,nan,nan
3198,39.975,3.678923509e-08,3.052664199e-08,nan,nan,nan,nan
3199,39.9875,3.716723071e-08,3.083891009e-08,nan,nan,nan,nan
3200,40,3.754835436e-08,3.115373570e-08,nan,nan,3.846923e-13,4.429790e-13
3201,40.0125,3.793262517e-08,3.147113498e-08,nan,nan,nan,nan
3202,40.025,3.832033485e-08,3.179112540e-08,nan,nan,nan,nan
3203,40.0375,3.871325827e-08,3.211371924e-08,nan,nan,nan,nan
3204,40.05,3.910942722e-08,3.243892610e-08,nan,nan,nan,nan
3205,40.0625,3.950885816e-08,3.276676136e-08,nan,nan,nan,nan
3206,40.075,3.991156976e-08,3.309723756e-08,nan,nan,nan,nan
3207,40.0875,4.031757777e-08,3.343104982e-08,nan,nan,nan,nan
3208,40.1,4.072690530e-08,3.376891339e-08,nan,nan,nan,nan
3209,40.1125,4.113956953e-08,3.410950405e-08,nan,nan,nan,nan
3210,40.125,4.155558838e-08,3.445283303e-08,nan,nan,nan,nan
3211,40.1375,4.197497875e-08,3.479891103e-08,nan,nan,nan,nan
3212,40.15,4.239775979e-08,3.514775870e-08,nan,nan,nan,nan
3213,40.1625,4.282394849e-08,3.549938815e-08,nan,nan,nan,nan
3214,40.175,4.325480259e-08,3.585381575e-08,nan,nan,nan,nan
3215,40.1875,4.369043090e-08,3.621105360e-08,nan,nan,nan,nan
3216,40.2,4.412957016e-08,3.657111547e-08,nan,nan,nan,nan
3217,40.2125,4.457223904e-08,3.693401646e-08,nan,nan,nan,nan
3218,40.225,4.501845485e-08,3.729977072e-08,nan,nan,nan,nan
3219,40.2375,4.546823942e-08,3.767059636e-08,nan,nan,nan,nan
3220,40.25,4.592161292e-08,3.804440102e-08,nan,nan,3.782391e-13,4.307665e-13
3221,40.2625,4.637859519e-08,3.842114821e-08,nan,nan,nan,nan
3222,40.275,4.683920106e-08,3.880084681e-08,nan,nan,nan,nan
3223,40.2875,4.730344956e-08,3.918351338e-08,nan,nan,nan,nan
3224,40.3,4.777135869e-08,3.956916267e-08,nan,nan,nan,nan
3225,40.3125,4.824294808e-08,3.995781178e-08,nan,nan,nan,nan
3226,40.325,4.872011912e-08,4.034947698e-08,nan,nan,nan,nan
3227,40.3375,4.920197579e-08,4.074417181e-08,nan,nan,nan,nan
3228,40.35,4.968762306e-08,4.114191282e-08,nan,nan,nan,nan
3229,40.3625,5.017708018e-08,4.154270927e-08,nan,nan,nan,nan
3230,40.375,5.067036517e-08,4.194768111e-08,nan,nan,nan,nan
3231,40.3875,5.116749613e-08,4.235713974e-08,nan,nan,nan,nan
3232,40.4,5.166849336e-08,4.276974958e-08,nan,nan,nan,nan
3233,40.4125,5.217337861e-08,4.318552460e-08,nan,nan,nan,nan
3234,40.425,5.268217264e-08,4.360448014e-08,nan,nan,nan,nan
3235,40.4375,5.319489404e-08,4.402663223e-08,nan,nan,nan,nan
3236,40.45,5.371156122e-08,4.445199009e-08,nan,nan,nan,nan
3237,40.4625,5.423219257e-08,4.488056904e-08,nan,nan,nan,nan
3238,40.475,5.475883465e-08,4.531238701e-08,nan,nan,nan,nan
3239,40.4875,5.529059139e-08,4.574745793e-08,nan,nan,nan,nan
3240,40.5,5.582642810e-08,4.618580302e-08,nan,nan,3.795228e-13,4.451994e-13
3241,40.5125,5.636636448e-08,4.662743519e-08,nan,nan,nan,nan
3242,40.525,5.691042166e-08,4.707437234e-08,nan,nan,nan,nan
3243,40.5375,5.745861850e-08,4.752539445e-08,nan,nan,nan,nan
3244,40.55,5.801097268e-08,4.797979036e-08,nan,nan,nan,nan
3245,40.5625,5.856750426e-08,4.843758095e-08,nan,nan,nan,nan
3246,40.575,5.912823354e-08,4.889878147e-08,nan,nan,nan,nan
3247,40.5875,5.969318181e-08,4.936340825e-08,nan,nan,nan,nan
3248,40.6,6.026236852e-08,4.983148005e-08,nan,nan,nan,nan
3249,40.6125,6.083581487e-08,5.030300804e-08,nan,nan,nan,nan
3250,40.625,6.141500159e-08,5.077800536e-08,nan,nan,nan,nan
3251,40.6375,6.200047607e-08,5.125649111e-08,nan,nan,nan,nan
3252,40.65,6.259032775e-08,5.173847867e-08,nan,nan,nan,nan
3253,40.6625,6.318457808e-08,5.222398725e-08,nan,nan,nan,nan
3254,40.675,6.378324764e-08,5.271552095e-08,nan,nan,nan,nan
3255,40.6875,6.438635496e-08,5.321116581e-08,nan,nan,nan,nan
3256,40.7,6.499392031e-08,5.371042583e-08,nan,nan,nan,nan
3257,40.7125,6.560596480e-08,5.421331911e-08,nan,nan,nan,nan
3258,40.725,6.622250929e-08,5.471986408e-08,nan,nan,nan,nan
3259,40.7375,6.684357514e-08,5.523007124e-08,nan,nan,nan,nan
3260,40.75,6.746918241e-08,5.574396061e-08,nan,nan,3.902434e-13,4.707346e-13
3261,40.7625,6.809934845e-08,5.626154231e-08,nan,nan,nan,nan
3262,40.775,6.873409285e-08,5.678283244e-08,nan,nan,nan,nan
3263,40.7875,6.937713639e-08,5.730784947e-08,nan,nan,nan,nan
3264,40.8,7.002494393e-08,5.783660861e-08,nan,nan,nan,nan
3265,40.8125,7.067746009e-08,5.836912881e-08,nan,nan,nan,nan
3266,40.825,7.133470574e-08,5.890779986e-08,nan,nan,nan,nan
3267,40.8375,7.199669767e-08,5.945123466e-08,nan,nan,nan,nan
3268,40.85,7.266345505e-08,5.999852443e-08,nan,nan,nan,nan
3269,40.8625,7.333499809e-08,6.054968926e-08,nan,nan,nan,nan
3270,40.875,7.401134819e-08,6.110474604e-08,nan,nan,nan,nan
3271,40.8875,7.469252802e-08,6.166371297e-08,nan,nan,nan,nan
3272,40.9,7.537856025e-08,6.222660659e-08,nan,nan,nan,nan
3273,40.9125,7.606946387e-08,6.279343900e-08,nan,nan,nan,nan
3274,40.925,7.676525662e-08,6.336422592e-08,nan,nan,nan,nan
3275,40.9375,7.746715601e-08,6.393898028e-08,nan,nan,nan,nan
3276,40.95,7.817697278e-08,6.451771817e-08,nan,nan,nan,nan
3277,40.9625,7.889181002e-08,6.510045913e-08,nan,nan,nan,nan
3278,40.975,7.961168969e-08,6.568863420e-08,nan,nan,nan,nan
3279,40.9875,8.033663205e-08,6.628308741e-08,nan,nan,nan,nan
3280,41,8.106665695e-08,6.688164994e-08,nan,nan,3.856290e-13,4.718448e-13
3281,41.0125,8.180178464e-08,6.748433096e-08,nan,nan,nan,nan
3282,41.025,8.254203545e-08,6.809115344e-08,nan,nan,nan,nan
3283,41.0375,8.328742942e-08,6.870213082e-08,nan,nan,nan,nan
3284,41.05,8.403798917e-08,6.931728147e-08,nan,nan,nan,nan
3285,41.0625,8.479373380e-08,6.993661789e-08,nan,nan,nan,nan
3286,41.075,8.555468565e-08,7.056015611e-08,nan,nan,nan,nan
3287,41.0875,8.632086140e-08,7.118791373e-08,nan,nan,nan,nan
3288,41.1,8.709385238e-08,7.181990452e-08,nan,nan,nan,nan
3289,41.1125,8.787515390e-08,7.245614259e-08,nan,nan,nan,nan
3290,41.125,8.866181575e-08,7.309664751e-08,nan,nan,nan,nan
3291,41.1375,8.945386061e-08,7.374474315e-08,nan,nan,nan,nan
3292,41.15,9.025130779e-08,7.439786359e-08,nan,nan,nan,nan
3293,41.1625,9.105417826e-08,7.505535721e-08,nan,nan,nan,nan
3294,41.175,9.186249155e-08,7.571724236e-08,nan,nan,nan,nan
3295,41.1875,9.267626970e-08,7.638353317e-08,nan,nan,nan,nan
3296,41.2,9.349553233e-08,7.705424626e-08,nan,nan,nan,nan
3297,41.2125,9.432030116e-08,7.772939581e-08,nan,nan,nan,nan
3298,41.225,9.515059368e-08,7.840899974e-08,nan,nan,nan,nan
3299,41.2375,9.598643209e-08,7.909306898e-08,nan,nan,nan,nan
3300,41.25,9.682783478e-08,7.978162081e-08,nan,nan,3.825412e-13,4.640732e-13
3301,41.2625,9.767544425e-08,8.047467087e-08,nan,nan,nan,nan
3302,41.275,9.853309288e-08,8.117223593e-08,nan,nan,nan,nan
3303,41.2875,9.939644890e-08,8.187443296e-08,nan,nan,nan,nan
3304,41.3,1.002655298e-07,8.258544459e-08,nan,nan,nan,nan
3305,41.3125,1.011403563e-07,8.330108070e-08,nan,nan,nan,nan
3306,41.325,1.020209487e-07,8.402135876e-08,nan,nan,nan,nan
3307,41.3375,1.029073263e-07,8.474629354e-08,nan,nan,nan,nan
3308,41.35,1.037995109e-07,8.547590341e-08,nan,nan,nan,nan
3309,41.3625,1.046975248e-07,8.621019915e-08,nan,nan,nan,nan
3310,41.375,1.056013873e-07,8.694920289e-08,nan,nan,nan,nan
3311,41.3875,1.065111177e-07,8.769292575e-08,nan,nan,nan,nan
3312,41.4,1.074267330e-07,8.844137761e-08,nan,nan,nan,nan
3313,41.4125,1.083482533e-07,8.919457756e-08,nan,nan,nan,nan
3314,41.425,1.092756983e-07,8.995253897e-08,nan,nan,nan,nan
3315,41.4375,1.102124517e-07,9.071527857e-08,nan,nan,nan,nan
3316,41.45,1.111574020e-07,9.148281283e-08,nan,nan,nan,nan
3317,41.4625,1.121084239e-07,9.225969572e-08,nan,nan,nan,nan
3318,41.475,1.130655360e-07,9.304171222e-08,nan,nan,nan,nan
3319,41.4875,1.140287579e-07,9.382863603e-08,nan,nan,nan,nan
3320,41.5,1.149981065e-07,9.462048151e-08,nan,nan,3.886821e-13,4.685141e-13
3321,41.5125,1.159736045e-07,9.541726609e-08,nan,nan,nan,nan
3322,41.525,1.169552723e-07,9.621900571e-08,nan,nan,nan,nan
3323,41.5375,1.179431300e-07,9.702571302e-08,nan,nan,nan,nan
3324,41.55,1.189371955e-07,9.783740335e-08,nan,nan,nan,nan
3325,41.5625,1.199374879e-07,9.865408751e-08,nan,nan,nan,nan
3326,41.575,1.209440274e-07,9.947578600e-08,nan,nan,nan,nan
3327,41.5875,1.219568308e-07,1.003025073e-07,nan,nan,nan,nan
3328,41.6,1.229759193e-07,1.011342670e-07,nan,nan,nan,nan
3329,41.6125,1.240060062e-07,1.019710800e-07,nan,nan,nan,nan
3330,41.625,1.250438647e-07,1.028160346e-07,nan,nan,nan,nan
3331,41.6375,1.260881533e-07,1.036682697e-07,nan,nan,nan,nan
3332,41.65,1.271388928e-07,1.045256784e-07,nan,nan,nan,nan
3333,41.6625,1.281961044e-07,1.053882738e-07,nan,nan,nan,nan
3334,41.675,1.292598060e-07,1.062560696e-07,nan,nan,nan,nan
3335,41.6875,1.303300149e-07,1.071290794e-07,nan,nan,nan,nan
3336,41.7,1.314067483e-07,1.080073164e-07,nan,nan,nan,nan
3337,41.7125,1.324900232e-07,1.088907913e-07,nan,nan,nan,nan
3338,41.725,1.335798611e-07,1.097795237e-07,nan,nan,nan,nan
3339,41.7375,1.346762802e-07,1.106735252e-07,nan,nan,nan,nan
3340,41.75,1.357793029e-07,1.115728120e-07,nan,nan,4.013456e-13,4.818368e-13
3341,41.7625,1.368889457e-07,1.124773970e-07,nan,nan,nan,nan
3342,41.775,1.380052251e-07,1.133872849e-07,nan,nan,nan,nan
3343,41.7875,1.391320929e-07,1.143024940e-07,nan,nan,nan,nan
3344,41.8,1.402684023e-07,1.152282930e-07,nan,nan,nan,nan
3345,41.8125,1.414114945e-07,1.161599670e-07,nan,nan,nan,nan
3346,41.825,1.425613925e-07,1.170970860e-07,nan,nan,nan,nan
3347,41.8375,1.437181154e-07,1.180396640e-07,nan,nan,nan,nan
3348,41.85,1.448816800e-07,1.189877096e-07,nan,nan,nan,nan
3349,41.8625,1.460521018e-07,1.199412346e-07,nan,nan,nan,nan
3350,41.875,1.472293946e-07,1.209002523e-07,nan,nan,nan,nan
3351,41.8875,1.484135736e-07,1.218647735e-07,nan,nan,nan,nan
3352,41.9,1.496046618e-07,1.228348150e-07,nan,nan,nan,nan
3353,41.9125,1.508026783e-07,1.238103927e-07,nan,nan,nan,nan
3354,41.925,1.520076405e-07,1.247915157e-07,nan,nan,nan,nan
3355,41.9375,1.532195643e-07,1.257781941e-07,nan,nan,nan,nan
3356,41.95,1.544384642e-07,1.267704383e-07,nan,nan,nan,nan
3357,41.9625,1.556646179e-07,1.277682606e-07,nan,nan,nan,nan
3358,41.975,1.569047977e-07,1.287773979e-07,nan,nan,nan,nan
3359,41.9875,1.581521055e-07,1.297927174e-07,nan,nan,nan,nan
3360,42,1.594065582e-07,1.308137455e-07,nan,nan,3.936781e-13,4.884981e-13
3361,42.0125,1.606681736e-07,1.318404833e-07,nan,nan,nan,nan
3362,42.025,1.619369653e-07,1.328729466e-07,nan,nan,nan,nan
3363,42.0375,1.632129485e-07,1.339111462e-07,nan,nan,nan,nan
3364,42.05,1.644961397e-07,1.349550935e-07,nan,nan,nan,nan
3365,42.0625,1.657865567e-07,1.360048009e-07,nan,nan,nan,nan
3366,42.075,1.670842151e-07,1.370602799e-07,nan,nan,nan,nan
3367,42.0875,1.683891299e-07,1.381215414e-07,nan,nan,nan,nan
3368,42.1,1.697013179e-07,1.391885954e-07,nan,nan,nan,nan
3369,42.1125,1.710207909e-07,1.402614506e-07,nan,nan,nan,nan
3370,42.125,1.723475660e-07,1.413401236e-07,nan,nan,nan,nan
3371,42.1375,1.736816588e-07,1.424246192e-07,nan,nan,nan,nan
3372,42.15,1.750236173e-07,1.435187059e-07,nan,nan,nan,nan
3373,42.1625,1.763803461e-07,1.446217072e-07,nan,nan,nan,nan
3374,42.175,1.777445410e-07,1.457306546e-07,nan,nan,nan,nan
3375,42.1875,1.791162165e-07,1.468455554e-07,nan,nan,nan,nan
3376,42.2,1.804953881e-07,1.479664248e-07,nan,nan,nan,nan
3377,42.2125,1.818820721e-07,1.490932751e-07,nan,nan,nan,nan
3378,42.225,1.832762861e-07,1.502261134e-07,nan,nan,nan,nan
3379,42.2375,1.846780431e-07,1.513649490e-07,nan,nan,nan,nan
3380,42.25,1.860873534e-07,1.525097880e-07,nan,nan,3.954476e-13,4.884981e-13
3381,42.2625,1.875042294e-07,1.536606402e-07,nan,nan,nan,nan
3382,42.275,1.889286831e-07,1.548175164e-07,nan,nan,nan,nan
3383,42.2875,1.903607314e-07,1.559804299e-07,nan,nan,nan,nan
3384,42.3,1.918003907e-07,1.571493891e-07,nan,nan,nan,nan
3385,42.3125,1.932476755e-07,1.583244043e-07,nan,nan,nan,nan
3386,42.325,1.947025972e-07,1.595054794e-07,nan,nan,nan,nan
3387,42.3375,1.961651642e-07,1.606984693e-07,nan,nan,nan,nan
3388,42.35,1.976409650e-07,1.618991204e-07,nan,nan,nan,nan
3389,42.3625,1.991275885e-07,1.631059532e-07,nan,nan,nan,nan
3390,42.375,2.006220100e-07,1.643189789e-07,nan,nan,nan,nan
3391,42.3875,2.021242427e-07,1.655382076e-07,nan,nan,nan,nan
3392,42.4,2.036342998e-07,1.667636439e-07,nan,nan,nan,nan
3393,42.4125,2.051521909e-07,1.679952918e-07,nan,nan,nan,nan
3394,42.425,2.066779247e-07,1.692331591e-07,nan,nan,nan,nan
3395,42.4375,2.082115111e-07,1.704772530e-07,nan,nan,nan,nan
3396,42.45,2.097529642e-07,1.717275868e-07,nan,nan,nan,nan
3397,42.4625,2.113022972e-07,1.729841680e-07,nan,nan,nan,nan
3398,42.475,2.128595229e-07,1.742470023e-07,nan,nan,nan,nan
3399,42.4875,2.144246508e-07,1.755160954e-07,nan,nan,nan,nan
3400,42.5,2.159976893e-07,1.767914548e-07,nan,nan,4.016058e-13,4.840572e-13
3401,42.5125,2.175786491e-07,1.780730830e-07,nan,nan,nan,nan
3402,42.525,2.191675393e-07,1.793657874e-07,nan,nan,nan,nan
3403,42.5375,2.207643719e-07,1.806680232e-07,nan,nan,nan,nan
3404,42.55,2.223759590e-07,1.819766525e-07,nan,nan,nan,nan
3405,42.5625,2.239982138e-07,1.832916781e-07,nan,nan,nan,nan
3406,42.575,2.256285546e-07,1.846131049e-07,nan,nan,nan,nan
3407,42.5875,2.272669925e-07,1.859409409e-07,nan,nan,nan,nan
3408,42.6,2.289135374e-07,1.872751900e-07,nan,nan,nan,nan
3409,42.6125,2.305681987e-07,1.886158636e-07,nan,nan,nan,nan
3410,42.625,2.322309867e-07,1.899629602e-07,nan,nan,nan,nan
3411,42.6375,2.339019086e-07,1.913164868e-07,nan,nan,nan,nan
3412,42.65,2.355809716e-07,1.926764506e-07,nan,nan,nan,nan
3413,42.6625,2.372681826e-07,1.940428535e-07,nan,nan,nan,nan
3414,42.675,2.389635534e-07,1.954157011e-07,nan,nan,nan,nan
3415,42.6875,2.406670914e-07,1.967950017e-07,nan,nan,nan,nan
3416,42.7,2.423788046e-07,1.981807561e-07,nan,nan,nan,nan
3417,42.7125,2.440987009e-07,1.995729696e-07,nan,nan,nan,nan
3418,42.725,2.458267839e-07,2.009796810e-07,nan,nan,nan,nan
3419,42.7375,2.475630601e-07,2.023935563e-07,nan,nan,nan,nan
3420,42.75,2.493100173e-07,2.038140032e-07,nan,nan,3.982925e-13,4.751755e-13
3421,42.7625,2.510729600e-07,2.052410282e-07,nan,nan,nan,nan
3422,42.775,2.528442395e-07,2.066746382e-07,nan,nan,nan,nan
3423,42.7875,2.546238641e-07,2.081148296e-07,nan,nan,nan,nan
3424,42.8,2.564118379e-07,2.095616063e-07,nan,nan,nan,nan
3425,42.8125,2.582081640e-07,2.110149670e-07,nan,nan,nan,nan
3426,42.825,2.600128472e-07,2.124749183e-07,nan,nan,nan,nan
3427,42.8375,2.618258956e-07,2.139414651e-07,nan,nan,nan,nan
3428,42.85,2.636473144e-07,2.154146090e-07,nan,nan,nan,nan
3429,42.8625,2.654771122e-07,2.168943561e-07,nan,nan,nan,nan
3430,42.875,2.673152917e-07,2.183807036e-07,nan,nan,nan,nan
3431,42.8875,2.691618559e-07,2.198736497e-07,nan,nan,nan,nan
3432,42.9,2.710168070e-07,2.213731967e-07,nan,nan,nan,nan
3433,42.9125,2.728801487e-07,2.228793445e-07,nan,nan,nan,nan
3434,42.925,2.747518877e-07,2.243988895e-07,nan,nan,nan,nan
3435,42.9375,2.766320261e-07,2.259276660e-07,nan,nan,nan,nan
3436,42.95,2.785205698e-07,2.274631598e-07,nan,nan,nan,nan
3437,42.9625,2.804190613e-07,2.290053664e-07,nan,nan,nan,nan
3438,42.975,2.823355088e-07,2.305542849e-07,nan,nan,nan,nan
3439,42.9875,2.842604911e-07,2.321099172e-07,nan,nan,nan,nan
3440,43,2.861940095e-07,2.336722632e-07,nan,nan,3.996629e-13,4.751755e-13
3441,43.0125,2.881360695e-07,2.352413254e-07,nan,nan,nan,nan
3442,43.025,2.900866721e-07,2.368171027e-07,nan,nan,nan,nan
3443,43.0375,2.920458199e-07,2.383995960e-07,nan,nan,nan,nan
3444,43.05,2.940135146e-07,2.399888028e-07,nan,nan,nan,nan
3445,43.0625,2.959897553e-07,2.415847210e-07,nan,nan,nan,nan
3446,43.075,2.979745454e-07,2.431873495e-07,nan,nan,nan,nan
3447,43.0875,2.999678831e-07,2.447966874e-07,nan,nan,nan,nan
3448,43.1,3.019697690e-07,2.464127314e-07,nan,nan,nan,nan
3449,43.1125,3.039802031e-07,2.480354810e-07,nan,nan,nan,nan
3450,43.125,3.059991865e-07,2.496649343e-07,nan,nan,nan,nan
3451,43.1375,3.080267182e-07,2.513104757e-07,nan,nan,nan,nan
3452,43.15,3.100627996e-07,2.529634923e-07,nan,nan,nan,nan
3453,43.1625,3.121074299e-07,2.546233140e-07,nan,nan,nan,nan
3454,43.175,3.141606044e-07,2.562899384e-07,nan,nan,nan,nan
3455,43.1875,3.162262500e-07,2.579633588e-07,nan,nan,nan,nan
3456,43.2,3.183085002e-07,2.596435748e-07,nan,nan,nan,nan
3457,43.2125,3.203994170e-07,2.613305824e-07,nan,nan,nan,nan
3458,43.225,3.224990005e-07,2.630243817e-07,nan,nan,nan,nan
3459,43.2375,3.246072503e-07,2.647249705e-07,nan,nan,nan,nan
3460,43.25,3.267241619e-07,2.664323435e-07,nan,nan,4.068967e-13,4.707346e-13
3461,43.2625,3.288497309e-07,2.681464885e-07,nan,nan,nan,nan
3462,43.275,3.309839526e-07,2.698674053e-07,nan,nan,nan,nan
3463,43.2875,3.331268235e-07,2.715950903e-07,nan,nan,nan,nan
3464,43.3,3.352783427e-07,2.733295377e-07,nan,nan,nan,nan
3465,43.3125,3.374385060e-07,2.750707435e-07,nan,nan,nan,nan
3466,43.325,3.396073110e-07,2.768187035e-07,nan,nan,nan,nan
3467,43.3375,3.417847511e-07,2.785734106e-07,nan,nan,nan,nan
3468,43.35,3.439708190e-07,2.803399367e-07,nan,nan,nan,nan
3469,43.3625,3.461655102e-07,2.821189719e-07,nan,nan,nan,nan
3470,43.375,3.483688192e-07,2.839048438e-07,nan,nan,nan,nan
3471,43.3875,3.505807430e-07,2.856975505e-07,nan,nan,nan,nan
3472,43.4,3.528012742e-07,2.874970816e-07,nan,nan,nan,nan
3473,43.4125,3.550304065e-07,2.893034333e-07,nan,nan,nan,nan
3474,43.425,3.572772930e-07,2.911165976e-07,nan,nan,nan,nan
3475,43.4375,3.595365542e-07,2.929365657e-07,nan,nan,nan,nan
3476,43.45,3.618045224e-07,2.947633272e-07,nan,nan,nan,nan
3477,43.4625,3.640811925e-07,2.965968786e-07,nan,nan,nan,nan
3478,43.475,3.663665568e-07,2.984372089e-07,nan,nan,nan,nan
3479,43.4875,3.686606063e-07,3.002843161e-07,nan,nan,nan,nan
3480,43.5,3.709633354e-07,3.021381847e-07,nan,nan,4.103488e-13,4.862777e-13
3481,43.5125,3.732747334e-07,3.039988092e-07,nan,nan,nan,nan
3482,43.525,3.755947920e-07,3.058661812e-07,nan,nan,nan,nan
3483,43.5375,3.779235026e-07,3.077402878e-07,nan,nan,nan,nan
3484,43.55,3.802608559e-07,3.096211221e-07,nan,nan,nan,nan
3485,43.5625,3.826068400e-07,3.115086722e-07,nan,nan,nan,nan
3486,43.575,3.849614465e-07,3.134058236e-07,nan,nan,nan,nan
3487,43.5875,3.873246651e-07,3.153183705e-07,nan,nan,nan,nan
3488,43.6,3.896964860e-07,3.172377185e-07,nan,nan,nan,nan
3489,43.6125,3.920768982e-07,3.191638524e-07,nan,nan,nan,nan
3490,43.625,3.944658898e-07,3.210967637e-07,nan,nan,nan,nan
3491,43.6375,3.968634496e-07,3.230364408e-07,nan,nan,nan,nan
3492,43.65,3.992695629e-07,3.249828704e-07,nan,nan,nan,nan
3493,43.6625,4.016864893e-07,3.269360382e-07,nan,nan,nan,nan
3494,43.675,4.041234697e-07,3.288959403e-07,nan,nan,nan,nan
3495,43.6875,4.065690975e-07,3.308625612e-07,nan,nan,nan,nan
3496,43.7,4.090233628e-07,3.328358905e-07,nan,nan,nan,nan
3497,43.7125,4.114862507e-07,3.348159131e-07,nan,nan,nan,nan
3498,43.725,4.139577463e-07,3.368026168e-07,nan,nan,nan,nan
3499,43.7375,4.164378333e-07,3.387959867e-07,nan,nan,nan,nan
3500,43.75,4.189264960e-07,3.407960072e-07,nan,nan,4.054396e-13,4.929390e-13
3501,43.7625,4.214237234e-07,3.428026705e-07,nan,nan,nan,nan
3502,43.775,4.239295022e-07,3.448159637e-07,nan,nan,nan,nan
3503,43.7875,4.264438207e-07,3.468358719e-07,nan,nan,nan,nan
3504,43.8,4.289666607e-07,3.488623796e-07,nan,nan,nan,nan
3505,43.8125,4.314980034e-07,3.508974276e-07,nan,nan,nan,nan
3506,43.825,4.340378301e-07,3.529494332e-07,nan,nan,nan,nan
3507,43.8375,4.365861263e-07,3.550081045e-07,nan,nan,nan,nan
3508,43.85,4.391428773e-07,3.570734257e-07,nan,nan,nan,nan
3509,43.8625,4.417080696e-07,3.591453865e-07,nan,nan,nan,nan
3510,43.875,4.442816851e-07,3.612239643e-07,nan,nan,nan,nan
3511,43.8875,4.468637034e-07,3.633091447e-07,nan,nan,nan,nan
3512,43.9,4.494541029e-07,3.654009079e-07,nan,nan,nan,nan
3513,43.9125,4.520528675e-07,3.674992411e-07,nan,nan,nan,nan
3514,43.925,4.546676818e-07,3.696041281e-07,nan,nan,nan,nan
3515,43.9375,4.572978743e-07,3.717155549e-07,nan,nan,nan,nan
3516,43.95,4.599365061e-07,3.738334988e-07,nan,nan,nan,nan
3517,43.9625,4.625835565e-07,3.759579476e-07,nan,nan,nan,nan
3518,43.975,4.652390034e-07,3.780888779e-07,nan,nan,nan,nan
3519,43.9875,4.679028246e-07,3.802262737e-07,nan,nan,nan,nan
3520,44,4.705750028e-07,3.823701158e-07,nan,nan,3.988129e-13,5.173639e-13
3521,44.0125,4.732555179e-07,3.845203882e-07,nan,nan,nan,nan
3522,44.025,4.759443505e-07,3.866770733e-07,nan,nan,nan,nan
3523,44.0375,4.786414750e-07,3.888401509e-07,nan,nan,nan,nan
3524,44.05,4.813468729e-07,3.910095980e-07,nan,nan,nan,nan
3525,44.0625,4.840605194e-07,3.931861124e-07,nan,nan,nan,nan
3526,44.075,4.867823945e-07,3.953813430e-07,nan,nan,nan,nan
3527,44.0875,4.895124763e-07,3.975829954e-07,nan,nan,nan,nan
3528,44.1,4.922507399e-07,3.997910485e-07,nan,nan,nan,nan
3529,44.1125,4.949971620e-07,4.020054856e-07,nan,nan,nan,nan
3530,44.125,4.977517181e-07,4.042262792e-07,nan,nan,nan,nan
3531,44.1375,5.005143844e-07,4.064534130e-07,nan,nan,nan,nan
3532,44.15,5.032851382e-07,4.086868670e-07,nan,nan,nan,nan
3533,44.1625,5.060639567e-07,4.109266200e-07,nan,nan,nan,nan
3534,44.175,5.088508147e-07,4.131726502e-07,nan,nan,nan,nan
3535,44.1875,5.116456859e-07,4.154249287e-07,nan,nan,nan,nan
3536,44.2,5.144576210e-07,4.176834391e-07,nan,nan,nan,nan
3537,44.2125,5.172840669e-07,4.199481555e-07,nan,nan,nan,nan
3538,44.225,5.201185692e-07,4.222190603e-07,nan,nan,nan,nan
3539,44.2375,5.229611037e-07,4.244961319e-07,nan,nan,nan,nan
3540,44.25,5.258116461e-07,4.267793446e-07,nan,nan,4.071743e-13,5.084821e-13
3541,44.2625,5.286701690e-07,4.290686742e-07,nan,nan,nan,nan
3542,44.275,5.315366404e-07,4.313640952e-07,nan,nan,nan,nan
3543,44.2875,5.344110303e-07,4.336655823e-07,nan,nan,nan,nan
3544,44.3,5.372933097e-07,4.359731124e-07,nan,nan,nan,nan
3545,44.3125,5.401834558e-07,4.382866658e-07,nan,nan,nan,nan
3546,44.325,5.430814404e-07,4.406062189e-07,nan,nan,nan,nan
3547,44.3375,5.459872369e-07,4.429421301e-07,nan,nan,nan,nan
3548,44.35,5.489008140e-07,4.452874926e-07,nan,nan,nan,nan
3549,44.3625,5.518221376e-07,4.476388757e-07,nan,nan,nan,nan
3550,44.375,5.547511763e-07,4.499962565e-07,nan,nan,nan,nan
3551,44.3875,5.576879013e-07,4.523596101e-07,nan,nan,nan,nan
3552,44.4,5.606322849e-07,4.547289142e-07,nan,nan,nan,nan
3553,44.4125,5.635842997e-07,4.571041446e-07,nan,nan,nan,nan
3554,44.425,5.665439132e-07,4.594852684e-07,nan,nan,nan,nan
3555,44.4375,5.695110918e-07,4.618722589e-07,nan,nan,nan,nan
3556,44.45,5.724858008e-07,4.642650856e-07,nan,nan,nan,nan
3557,44.4625,5.754680071e-07,4.666637259e-07,nan,nan,nan,nan
3558,44.475,5.784576818e-07,4.690681519e-07,nan,nan,nan,nan
3559,44.4875,5.814557522e-07,4.714783380e-07,nan,nan,nan,nan
3560,44.5,5.844766360e-07,4.738942553e-07,nan,nan,4.056130e-13,5.107026e-13
3561,44.5125,5.875050044e-07,4.763158724e-07,nan,nan,nan,nan
3562,44.525,5.905408234e-07,4.787431629e-07,nan,nan,nan,nan
3563,44.5375,5.935840580e-07,4.811760978e-07,nan,nan,nan,nan
3564,44.55,5.966346742e-07,4.836146472e-07,nan,nan,nan,nan
3565,44.5625,5.996926378e-07,4.860587828e-07,nan,nan,nan,nan
3566,44.575,6.027579143e-07,4.885084748e-07,nan,nan,nan,nan
3567,44.5875,6.058304659e-07,4.909636934e-07,nan,nan,nan,nan
3568,44.6,6.089102579e-07,4.934244070e-07,nan,nan,nan,nan
3569,44.6125,6.119972565e-07,4.958907172e-07,nan,nan,nan,nan
3570,44.625,6.150914260e-07,4.983768115e-07,nan,nan,nan,nan
3571,44.6375,6.181927303e-07,5.008684095e-07,nan,nan,nan,nan
3572,44.65,6.213011301e-07,5.033654786e-07,nan,nan,nan,nan
3573,44.6625,6.244165866e-07,5.058679867e-07,nan,nan,nan,nan
3574,44.675,6.275390622e-07,5.083759060e-07,nan,nan,nan,nan
3575,44.6875,6.306685206e-07,5.108892024e-07,nan,nan,nan,nan
3576,44.7,6.338049275e-07,5.134078502e-07,nan,nan,nan,nan
3577,44.7125,6.369482441e-07,5.159318154e-07,nan,nan,nan,nan
3578,44.725,6.400984311e-07,5.184610632e-07,nan,nan,nan,nan
3579,44.7375,6.432554471e-07,5.209955576e-07,nan,nan,nan,nan
3580,44.75,6.464192527e-07,5.235352671e-07,nan,nan,4.210521e-13,5.218048e-13
3581,44.7625,6.495898079e-07,5.260801582e-07,nan,nan,nan,nan
3582,44.775,6.527670754e-07,5.286302052e-07,nan,nan,nan,nan
3583,44.7875,6.559510166e-07,5.311853720e-07,nan,nan,nan,nan
3584,44.8,6.591415931e-07,5.337456238e-07,nan,nan,nan,nan
3585,44.8125,6.623481282e-07,5.363109263e-07,nan,nan,nan,nan
3586,44.825,6.655689298e-07,5.388812411e-07,nan,nan,nan,nan
3587,44.8375,6.687963419e-07,5.414565350e-07,nan,nan,nan,nan
3588,44.85,6.720303240e-07,5.440367787e-07,nan,nan,nan,nan
3589,44.8625,6.752708354e-07,5.466219338e-07,nan,nan,nan,nan
3590,44.875,6.785178356e-07,5.492119727e-07,nan,nan,nan,nan
3591,44.8875,6.817712828e-07,5.518068534e-07,nan,nan,nan,nan
3592,44.9,6.850311320e-07,5.544065405e-07,nan,nan,nan,nan
3593,44.9125,6.882973399e-07,5.570109996e-07,nan,nan,nan,nan
3594,44.925,6.915698617e-07,5.596275068e-07,nan,nan,nan,nan
3595,44.9375,6.948486550e-07,5.622564649e-07,nan,nan,nan,nan
3596,44.95,6.981336754e-07,5.648901779e-07,nan,nan,nan,nan
3597,44.9625,7.014248819e-07,5.675286109e-07,nan,nan,nan,nan
3598,44.975,7.047222299e-07,5.701717226e-07,nan,nan,nan,nan
3599,44.9875,7.080256722e-07,5.728194746e-07,nan,nan,nan,nan
3600,45,7.113351649e-07,5.754718336e-07,nan,nan,4.139397e-13,5.173639e-13
3601,45.0125,7.146506601e-07,5.781287601e-07,nan,nan,nan,nan
3602,45.025,7.179721151e-07,5.807902179e-07,nan,nan,nan,nan
3603,45.0375,7.212994844e-07,5.834561687e-07,nan,nan,nan,nan
3604,45.05,7.246327211e-07,5.861265759e-07,nan,nan,nan,nan
3605,45.0625,7.279717802e-07,5.888013998e-07,nan,nan,nan,nan
3606,45.075,7.313166152e-07,5.914806026e-07,nan,nan,nan,nan
3607,45.0875,7.346671794e-07,5.941641451e-07,nan,nan,nan,nan
3608,45.1,7.380234260e-07,5.968519923e-07,nan,nan,nan,nan
3609,45.1125,7.413853062e-07,5.995441014e-07,nan,nan,nan,nan
3610,45.125,7.447527721e-07,6.022404306e-07,nan,nan,nan,nan
3611,45.1375,7.481257770e-07,6.049409447e-07,nan,nan,nan,nan
3612,45.15,7.515042735e-07,6.076456068e-07,nan,nan,nan,nan
3613,45.1625,7.548964510e-07,6.103543750e-07,nan,nan,nan,nan
3614,45.175,7.583032985e-07,6.130672116e-07,nan,nan,nan,nan
3615,45.1875,7.617155816e-07,6.157840742e-07,nan,nan,nan,nan
3616,45.2,7.651332488e-07,6.185049207e-07,nan,nan,nan,nan
3617,45.2125,7.685562479e-07,6.212297072e-07,nan,nan,nan,nan
3618,45.225,7.719845304e-07,6.239584003e-07,nan,nan,nan,nan
3619,45.2375,7.754180495e-07,6.266909601e-07,nan,nan,nan,nan
3620,45.25,7.788567552e-07,6.294273500e-07,nan,nan,4.276440e-13,5.218048e-13
3621,45.2625,7.823006006e-07,6.321783879e-07,nan,nan,nan,nan
3622,45.275,7.857495296e-07,6.349377513e-07,nan,nan,nan,nan
3623,45.2875,7.892034913e-07,6.377008869e-07,nan,nan,nan,nan
3624,45.3,7.926624320e-07,6.404677564e-07,nan,nan,nan,nan
3625,45.3125,7.961263016e-07,6.432383188e-07,nan,nan,nan,nan
3626,45.325,7.995950516e-07,6.460125358e-07,nan,nan,nan,nan
3627,45.3375,8.030686317e-07,6.487903653e-07,nan,nan,nan,nan
3628,45.35,8.065469892e-07,6.515717589e-07,nan,nan,nan,nan
3629,45.3625,8.100300700e-07,6.543566748e-07,nan,nan,nan,nan
3630,45.375,8.135178201e-07,6.571450696e-07,nan,nan,nan,nan
3631,45.3875,8.170101857e-07,6.599368988e-07,nan,nan,nan,nan
3632,45.4,8.205071173e-07,6.627321268e-07,nan,nan,nan,nan
3633,45.4125,8.240085626e-07,6.655307086e-07,nan,nan,nan,nan
3634,45.425,8.275144684e-07,6.683326016e-07,nan,nan,nan,nan
3635,45.4375,8.310247811e-07,6.711377564e-07,nan,nan,nan,nan
3636,45.45,8.345394462e-07,6.739461352e-07,nan,nan,nan,nan
3637,45.4625,8.380584078e-07,6.767576892e-07,nan,nan,nan,nan
3638,45.475,8.415816134e-07,6.795723763e-07,nan,nan,nan,nan
3639,45.4875,8.451090097e-07,6.823901535e-07,nan,nan,nan,nan
3640,45.5,8.486405425e-07,6.852109772e-07,nan,nan,4.268808e-13,5.306866e-13
3641,45.5125,8.521761571e-07,6.880348044e-07,nan,nan,nan,nan
3642,45.525,8.557157984e-07,6.908615902e-07,nan,nan,nan,nan
3643,45.5375,8.592594129e-07,6.936912857e-07,nan,nan,nan,nan
3644,45.55,8.628069427e-07,6.965238510e-07,nan,nan,nan,nan
3645,45.5625,8.663739072e-07,6.993592391e-07,nan,nan,nan,nan
3646,45.575,8.699467063e-07,7.021974069e-07,nan,nan,nan,nan
3647,45.5875,8.735233204e-07,7.050383076e-07,nan,nan,nan,nan
3648,45.6,8.771036965e-07,7.078818968e-07,nan,nan,nan,nan
3649,45.6125,8.806877761e-07,7.107281304e-07,nan,nan,nan,nan
3650,45.625,8.842755040e-07,7.135769631e-07,nan,nan,nan,nan
3651,45.6375,8.878668213e-07,7.164427368e-07,nan,nan,nan,nan
3652,45.65,8.914616737e-07,7.193121855e-07,nan,nan,nan,nan
3653,45.6625,8.950599991e-07,7.221841560e-07,nan,nan,nan,nan
3654,45.675,8.986617447e-07,7.250585959e-07,nan,nan,nan,nan
3655,45.6875,9.022668502e-07,7.279354644e-07,nan,nan,nan,nan
3656,45.7,9.058752594e-07,7.308147170e-07,nan,nan,nan,nan
3657,45.7125,9.094869154e-07,7.336963055e-07,nan,nan,nan,nan
3658,45.725,9.131017599e-07,7.365801857e-07,nan,nan,nan,nan
3659,45.7375,9.167197354e-07,7.394663040e-07,nan,nan,nan,nan
3660,45.75,9.203407813e-07,7.423546149e-07,nan,nan,4.118927e-13,5.395684e-13
3661,45.7625,9.239648392e-07,7.452450740e-07,nan,nan,nan,nan
3662,45.775,9.275918507e-07,7.481376318e-07,nan,nan,nan,nan
3663,45.7875,9.312217605e-07,7.510322456e-07,nan,nan,nan,nan
3664,45.8,9.348545081e-07,7.539288697e-07,nan,nan,nan,nan
3665,45.8125,9.384900342e-07,7.568274528e-07,nan,nan,nan,nan
3666,45.825,9.421282807e-07,7.597279442e-07,nan,nan,nan,nan
3667,45.8375,9.457691843e-07,7.626302985e-07,nan,nan,nan,nan
3668,45.85,9.494126883e-07,7.655344682e-07,nan,nan,nan,nan
3669,45.8625,9.530587338e-07,7.684404088e-07,nan,nan,nan,nan
3670,45.875,9.567072644e-07,7.713480739e-07,nan,nan,nan,nan
3671,45.8875,9.603582192e-07,7.742574138e-07,nan,nan,nan,nan
3672,45.9,9.640115363e-07,7.771683786e-07,nan,nan,nan,nan
3673,45.9125,9.676671552e-07,7.800809200e-07,nan,nan,nan,nan
3674,45.925,9.713250153e-07,7.829949869e-07,nan,nan,nan,nan
3675,45.9375,9.749850579e-07,7.859105402e-07,nan,nan,nan,nan
3676,45.95,9.786472274e-07,7.888275315e-07,nan,nan,nan,nan
3677,45.9625,9.823114604e-07,7.917459055e-07,nan,nan,nan,nan
3678,45.975,9.859776960e-07,7.946656186e-07,nan,nan,nan,nan
3679,45.9875,9.896458727e-07,7.975866191e-07,nan,nan,nan,nan
3680,46,9.933159300e-07,8.005088613e-07,nan,nan,4.403075e-13,5.384582e-13
3681,46.0125,9.969903811e-07,8.034322990e-07,nan,nan,nan,nan
3682,46.025,1.000681038e-06,8.063568818e-07,nan,nan,nan,nan
3683,46.0375,1.004373434e-06,8.092825619e-07,nan,nan,nan,nan
3684,46.05,1.008067506e-06,8.122092869e-07,nan,nan,nan,nan
3685,46.0625,1.011763191e-06,8.151511791e-07,nan,nan,nan,nan
3686,46.075,1.015460431e-06,8.180950709e-07,nan,nan,nan,nan
3687,46.0875,1.019159161e-06,8.210399041e-07,nan,nan,nan,nan
3688,46.1,1.022859325e-06,8.239856299e-07,nan,nan,nan,nan
3689,46.1125,1.026560856e-06,8.269321966e-07,nan,nan,nan,nan
3690,46.125,1.030263693e-06,8.298795540e-07,nan,nan,nan,nan
3691,46.1375,1.033967772e-06,8.328276512e-07,nan,nan,nan,nan
3692,46.15,1.037673033e-06,8.357764451e-07,nan,nan,nan,nan
3693,46.1625,1.041379416e-06,8.387258824e-07,nan,nan,nan,nan
3694,46.175,1.045086858e-06,8.416759169e-07,nan,nan,nan,nan
3695,46.1875,1.048795298e-06,8.446264965e-07,nan,nan,nan,nan
3696,46.2,1.052504667e-06,8.475775690e-07,nan,nan,nan,nan
3697,46.2125,1.056214906e-06,8.505290877e-07,nan,nan,nan,nan
3698,46.225,1.059925953e-06,8.534810032e-07,nan,nan,nan,nan
3699,46.2375,1.063637748e-06,8.564332675e-07,nan,nan,nan,nan
3700,46.25,1.067350229e-06,8.593858318e-07,nan,nan,4.266032e-13,5.573320e-13
3701,46.2625,1.071063333e-06,8.623386453e-07,nan,nan,nan,nan
3702,46.275,1.074776994e-06,8.652916547e-07,nan,nan,nan,nan
3703,46.2875,1.078491149e-06,8.682448127e-07,nan,nan,nan,nan
3704,46.3,1.082205736e-06,8.711980723e-07,nan,nan,nan,nan
3705,46.3125,1.085920696e-06,8.741513818e-07,nan,nan,nan,nan
3706,46.325,1.089635967e-06,8.771046944e-07,nan,nan,nan,nan
3707,46.3375,1.093351485e-06,8.800579587e-07,nan,nan,nan,nan
3708,46.35,1.097067187e-06,8.830111263e-07,nan,nan,nan,nan
3709,46.3625,1.100783008e-06,8.859641443e-07,nan,nan,nan,nan
3710,46.375,1.104498885e-06,8.889169653e-07,nan,nan,nan,nan
3711,46.3875,1.108214759e-06,8.918695410e-07,nan,nan,nan,nan
3712,46.4,1.111930567e-06,8.948218229e-07,nan,nan,nan,nan
3713,46.4125,1.115646247e-06,8.977737595e-07,nan,nan,nan,nan
3714,46.425,1.119361736e-06,9.007253041e-07,nan,nan,nan,nan
3715,46.4375,1.123076970e-06,9.036764044e-07,nan,nan,nan,nan
3716,46.45,1.126791885e-06,9.066270119e-07,nan,nan,nan,nan
3717,46.4625,1.130506421e-06,9.095770753e-07,nan,nan,nan,nan
3718,46.475,1.134220513e-06,9.125265477e-07,nan,nan,nan,nan
3719,46.4875,1.137934101e-06,9.154753809e-07,nan,nan,nan,nan
3720,46.5,1.141647122e-06,9.184235246e-07,nan,nan,4.437770e-13,5.506706e-13
3721,46.5125,1.145359513e-06,9.213709320e-07,nan,nan,nan,nan
3722,46.525,1.149071213e-06,9.243175508e-07,nan,nan,nan,nan
3723,46.5375,1.152782159e-06,9.272633321e-07,nan,nan,nan,nan
3724,46.55,1.156492288e-06,9.302082288e-07,nan,nan,nan,nan
3725,46.5625,1.160201537e-06,9.331581870e-07,nan,nan,nan,nan
3726,46.575,1.163909842e-06,9.361153406e-07,nan,nan,nan,nan
3727,46.5875,1.167629861e-06,9.390714731e-07,nan,nan,nan,nan
3728,46.6,1.171351506e-06,9.420265364e-07,nan,nan,nan,nan
3729,46.6125,1.175072026e-06,9.449804824e-07,nan,nan,nan,nan
3730,46.625,1.178791357e-06,9.479332573e-07,nan,nan,nan,nan
3731,46.6375,1.182509438e-06,9.508848154e-07,nan,nan,nan,nan
3732,46.65,1.186226202e-06,9.538351013e-07,nan,nan,nan,nan
3733,46.6625,1.189941586e-06,9.567840701e-07,nan,nan,nan,nan
3734,46.675,1.193655525e-06,9.597316706e-07,nan,nan,nan,nan
3735,46.6875,1.197367962e-06,9.626778591e-07,nan,nan,nan,nan
3736,46.7,1.201078836e-06,9.656225865e-07,nan,nan,nan,nan
3737,46.7125,1.204788084e-06,9.685658020e-07,nan,nan,nan,nan
3738,46.725,1.208495643e-06,9.715074532e-07,nan,nan,nan,nan
3739,46.7375,1.212201445e-06,9.744474924e-07,nan,nan,nan,nan
3740,46.75,1.215905428e-06,9.773858681e-07,nan,nan,4.296563e-13,5.395684e-13
3741,46.7625,1.219607530e-06,9.803225379e-07,nan,nan,nan,nan
3742,46.775,1.223307695e-06,9.832574564e-07,nan,nan,nan,nan
3743,46.7875,1.227005862e-06,9.861905708e-07,nan,nan,nan,nan
3744,46.8,1.230701970e-06,9.891218354e-07,nan,nan,nan,nan
3745,46.8125,1.234395950e-06,9.920511935e-07,nan,nan,nan,nan
3746,46.825,1.238087739e-06,9.949785976e-07,nan,nan,nan,nan
3747,46.8375,1.241777274e-06,9.979040064e-07,nan,nan,nan,nan
3748,46.85,1.245464500e-06,1.000827371e-06,nan,nan,nan,nan
3749,46.8625,1.249149356e-06,1.003748647e-06,nan,nan,nan,nan
3750,46.875,1.252831783e-06,1.006667783e-06,nan,nan,nan,nan
3751,46.8875,1.256511717e-06,1.009584728e-06,nan,nan,nan,nan
3752,46.9,1.260189093e-06,1.012499436e-06,nan,nan,nan,nan
3753,46.9125,1.263863847e-06,1.015411859e-06,nan,nan,nan,nan
3754,46.925,1.267535924e-06,1.018321952e-06,nan,nan,nan,nan
3755,46.9375,1.271205264e-06,1.021229670e-06,nan,nan,nan,nan
3756,46.95,1.274871806e-06,1.024134962e-06,nan,nan,nan,nan
3757,46.9625,1.278535490e-06,1.027037782e-06,nan,nan,nan,nan
3758,46.975,1.282196254e-06,1.029938082e-06,nan,nan,nan,nan
3759,46.9875,1.285854037e-06,1.032835818e-06,nan,nan,nan,nan
3760,47,1.289508779e-06,1.035730943e-06,nan,nan,4.268461e-13,5.462297e-13
3761,47.0125,1.293160421e-06,1.038623409e-06,nan,nan,nan,nan
3762,47.025,1.296808905e-06,1.041513169e-06,nan,nan,nan,nan
3763,47.0375,1.300454167e-06,1.044400178e-06,nan,nan,nan,nan
3764,47.05,1.304096149e-06,1.047284387e-06,nan,nan,nan,nan
3765,47.0625,1.307734793e-06,1.050165757e-06,nan,nan,nan,nan
3766,47.075,1.311370039e-06,1.053044238e-06,nan,nan,nan,nan
3767,47.0875,1.315001832e-06,1.055919785e-06,nan,nan,nan,nan
3768,47.1,1.318630108e-06,1.058792350e-06,nan,nan,nan,nan
3769,47.1125,1.322254805e-06,1.061661886e-06,nan,nan,nan,nan
3770,47.125,1.325875866e-06,1.064528349e-06,nan,nan,nan,nan
3771,47.1375,1.329493235e-06,1.067391700e-06,nan,nan,nan,nan
3772,47.15,1.333106856e-06,1.070251892e-06,nan,nan,nan,nan
3773,47.1625,1.336716673e-06,1.073108881e-06,nan,nan,nan,nan
3774,47.175,1.340322624e-06,1.075962615e-06,nan,nan,nan,nan
3775,47.1875,1.343924650e-06,1.078813051e-06,nan,nan,nan,nan
3776,47.2,1.347522690e-06,1.081660145e-06,nan,nan,nan,nan
3777,47.2125,1.351116686e-06,1.084503855e-06,nan,nan,nan,nan
3778,47.225,1.354706585e-06,1.087355931e-06,nan,nan,nan,nan
3779,47.2375,1.358292336e-06,1.090204650e-06,nan,nan,nan,nan
3780,47.25,1.361873879e-06,1.093049833e-06,nan,nan,4.324319e-13,5.528911e-13
3781,47.2625,1.365451156e-06,1.095891430e-06,nan,nan,nan,nan
3782,47.275,1.369024106e-06,1.098729399e-06,nan,nan,nan,nan
3783,47.2875,1.372592673e-06,1.101563696e-06,nan,nan,nan,nan
3784,47.3,1.376156800e-06,1.104394283e-06,nan,nan,nan,nan
3785,47.3125,1.379716435e-06,1.107221115e-06,nan,nan,nan,nan
3786,47.325,1.383271526e-06,1.110044150e-06,nan,nan,nan,nan
3787,47.3375,1.386822015e-06,1.112863341e-06,nan,nan,nan,nan
3788,47.35,1.390367845e-06,1.115678642e-06,nan,nan,nan,nan
3789,47.3625,1.393908959e-06,1.118490011e-06,nan,nan,nan,nan
3790,47.375,1.397445300e-06,1.121297407e-06,nan,nan,nan,nan
3791,47.3875,1.400985944e-06,1.124100791e-06,nan,nan,nan,nan
3792,47.4,1.404524102e-06,1.126900121e-06,nan,nan,nan,nan
3793,47.4125,1.408057286e-06,1.129695353e-06,nan,nan,nan,nan
3794,47.425,1.411585441e-06,1.132486446e-06,nan,nan,nan,nan
3795,47.4375,1.415108509e-06,1.135273351e-06,nan,nan,nan,nan
3796,47.45,1.418626436e-06,1.138056034e-06,nan,nan,nan,nan
3797,47.4625,1.422139166e-06,1.140834448e-06,nan,nan,nan,nan
3798,47.475,1.425646648e-06,1.143608557e-06,nan,nan,nan,nan
3799,47.4875,1.429148829e-06,1.146378321e-06,nan,nan,nan,nan
3800,47.5,1.432645656e-06,1.149143696e-06,nan,nan,4.331258e-13,5.562217e-13
3801,47.5125,1.436137075e-06,1.151904640e-06,nan,nan,nan,nan
3802,47.525,1.439623033e-06,1.154661116e-06,nan,nan,nan,nan
3803,47.5375,1.443103475e-06,1.157413079e-06,nan,nan,nan,nan
3804,47.55,1.446578353e-06,1.160160497e-06,nan,nan,nan,nan
3805,47.5625,1.450047613e-06,1.162903321e-06,nan,nan,nan,nan
3806,47.575,1.453511201e-06,1.165641517e-06,nan,nan,nan,nan
3807,47.5875,1.456969065e-06,1.168375044e-06,nan,nan,nan,nan
3808,47.6,1.460421155e-06,1.171103863e-06,nan,nan,nan,nan
3809,47.6125,1.463867423e-06,1.173827937e-06,nan,nan,nan,nan
3810,47.625,1.467307817e-06,1.176547227e-06,nan,nan,nan,nan
3811,47.6375,1.470742287e-06,1.179261692e-06,nan,nan,nan,nan
3812,47.65,1.474170777e-06,1.181971294e-06,nan,nan,nan,nan
3813,47.6625,1.477593238e-06,1.184675988e-06,nan,nan,nan,nan
3814,47.675,1.481009619e-06,1.187375747e-06,nan,nan,nan,nan
3815,47.6875,1.484419876e-06,1.190070534e-06,nan,nan,nan,nan
3816,47.7,1.487823962e-06,1.192760313e-06,nan,nan,nan,nan
3817,47.7125,1.491221827e-06,1.195445039e-06,nan,nan,nan,nan
3818,47.725,1.494613417e-06,1.198124674e-06,nan,nan,nan,nan
3819,47.7375,1.497998682e-06,1.200799179e-06,nan,nan,nan,nan
3820,47.75,1.501377570e-06,1.203468521e-06,nan,nan,4.279910e-13,5.595524e-13
3821,47.7625,1.504750041e-06,1.206132669e-06,nan,nan,nan,nan
3822,47.775,1.508116050e-06,1.208791589e-06,nan,nan,nan,nan
3823,47.7875,1.511475550e-06,1.211445242e-06,nan,nan,nan,nan
3824,47.8,1.514828490e-06,1.214093585e-06,nan,nan,nan,nan
3825,47.8125,1.518174820e-06,1.216736581e-06,nan,nan,nan,nan
3826,47.825,1.521514490e-06,1.219374200e-06,nan,nan,nan,nan
3827,47.8375,1.524847459e-06,1.222006410e-06,nan,nan,nan,nan
3828,47.85,1.528173683e-06,1.224633179e-06,nan,nan,nan,nan
3829,47.8625,1.531493121e-06,1.227254469e-06,nan,nan,nan,nan
3830,47.875,1.534805723e-06,1.229870245e-06,nan,nan,nan,nan
3831,47.8875,1.538111441e-06,1.232480470e-06,nan,nan,nan,nan
3832,47.9,1.541410229e-06,1.235085110e-06,nan,nan,nan,nan
3833,47.9125,1.544702042e-06,1.237684129e-06,nan,nan,nan,nan
3834,47.925,1.547986839e-06,1.240277505e-06,nan,nan,nan,nan
3835,47.9375,1.551264578e-06,1.242865200e-06,nan,nan,nan,nan
3836,47.95,1.554535216e-06,1.245447180e-06,nan,nan,nan,nan
3837,47.9625,1.557798705e-06,1.248023410e-06,nan,nan,nan,nan
3838,47.975,1.561055004e-06,1.250593858e-06,nan,nan,nan,nan
3839,47.9875,1.564304070e-06,1.253158496e-06,nan,nan,nan,nan
3840,48,1.567545860e-06,1.255717291e-06,nan,nan,4.392320e-13,5.695444e-13
3841,48.0125,1.570780335e-06,1.258270207e-06,nan,nan,nan,nan
3842,48.025,1.574007448e-06,1.260817218e-06,nan,nan,nan,nan
3843,48.0375,1.577227160e-06,1.263358288e-06,nan,nan,nan,nan
3844,48.05,1.580439431e-06,1.265893391e-06,nan,nan,nan,nan
3845,48.0625,1.583644220e-06,1.268422495e-06,nan,nan,nan,nan
3846,48.075,1.586841488e-06,1.270945570e-06,nan,nan,nan,nan
3847,48.0875,1.590031193e-06,1.273462586e-06,nan,nan,nan,nan
3848,48.1,1.593213294e-06,1.275973508e-06,nan,nan,nan,nan
3849,48.1125,1.596387750e-06,1.278478308e-06,nan,nan,nan,nan
3850,48.125,1.599554521e-06,1.280976959e-06,nan,nan,nan,nan
3851,48.1375,1.602713572e-06,1.283469434e-06,nan,nan,nan,nan
3852,48.15,1.605864867e-06,1.285955708e-06,nan,nan,nan,nan
3853,48.1625,1.609008368e-06,1.288435747e-06,nan,nan,nan,nan
3854,48.175,1.612144033e-06,1.290909519e-06,nan,nan,nan,nan
3855,48.1875,1.615271820e-06,1.293376996e-06,nan,nan,nan,nan
3856,48.2,1.618391695e-06,1.295838150e-06,nan,nan,nan,nan
3857,48.2125,1.621503620e-06,1.298292959e-06,nan,nan,nan,nan
3858,48.225,1.624607563e-06,1.300741397e-06,nan,nan,nan,nan
3859,48.2375,1.627703489e-06,1.303183439e-06,nan,nan,nan,nan
3860,48.25,1.630791360e-06,1.305619053e-06,nan,nan,4.488077e-13,5.662137e-13
3861,48.2625,1.633871139e-06,1.308048206e-06,nan,nan,nan,nan
3862,48.275,1.636942786e-06,1.310470875e-06,nan,nan,nan,nan
3863,48.2875,1.640006269e-06,1.312887037e-06,nan,nan,nan,nan
3864,48.3,1.643061554e-06,1.315298358e-06,nan,nan,nan,nan
3865,48.3125,1.646108613e-06,1.317708020e-06,nan,nan,nan,nan
3866,48.325,1.649147408e-06,1.320111044e-06,nan,nan,nan,nan
3867,48.3375,1.652177907e-06,1.322507405e-06,nan,nan,nan,nan
3868,48.35,1.655200071e-06,1.324897073e-06,nan,nan,nan,nan
3869,48.3625,1.658213865e-06,1.327280025e-06,nan,nan,nan,nan
3870,48.375,1.661219261e-06,1.329656243e-06,nan,nan,nan,nan
3871,48.3875,1.664216229e-06,1.332025705e-06,nan,nan,nan,nan
3872,48.4,1.667204738e-06,1.334388382e-06,nan,nan,nan,nan
3873,48.4125,1.670184756e-06,1.336744254e-06,nan,nan,nan,nan
3874,48.425,1.673156250e-06,1.339093289e-06,nan,nan,nan,nan
3875,48.4375,1.676119186e-06,1.341435472e-06,nan,nan,nan,nan
3876,48.45,1.679073536e-06,1.343770776e-06,nan,nan,nan,nan
3877,48.4625,1.682019270e-06,1.346099185e-06,nan,nan,nan,nan
3878,48.475,1.684956361e-06,1.348420674e-06,nan,nan,nan,nan
3879,48.4875,1.687884778e-06,1.350735220e-06,nan,nan,nan,nan
3880,48.5,1.690804491e-06,1.353042800e-06,nan,nan,4.532485e-13,5.651035e-13
3881,48.5125,1.693715470e-06,1.355343395e-06,nan,nan,nan,nan
3882,48.525,1.696617688e-06,1.357636983e-06,nan,nan,nan,nan
3883,48.5375,1.699511117e-06,1.359923548e-06,nan,nan,nan,nan
3884,48.55,1.702395732e-06,1.362203064e-06,nan,nan,nan,nan
3885,48.5625,1.705271502e-06,1.364475511e-06,nan,nan,nan,nan
3886,48.575,1.708138399e-06,1.366740870e-06,nan,nan,nan,nan
3887,48.5875,1.710996399e-06,1.368999121e-06,nan,nan,nan,nan
3888,48.6,1.713845476e-06,1.371250251e-06,nan,nan,nan,nan
3889,48.6125,1.716685604e-06,1.373494238e-06,nan,nan,nan,nan
3890,48.625,1.719516760e-06,1.375731059e-06,nan,nan,nan,nan
3891,48.6375,1.722338915e-06,1.377960696e-06,nan,nan,nan,nan
3892,48.65,1.725152043e-06,1.380183132e-06,nan,nan,nan,nan
3893,48.6625,1.727956120e-06,1.382398349e-06,nan,nan,nan,nan
3894,48.675,1.730751124e-06,1.384606335e-06,nan,nan,nan,nan
3895,48.6875,1.733537035e-06,1.386807069e-06,nan,nan,nan,nan
3896,48.7,1.736313825e-06,1.389000534e-06,nan,nan,nan,nan
3897,48.7125,1.739081472e-06,1.391186713e-06,nan,nan,nan,nan
3898,48.725,1.741839952e-06,1.393365584e-06,nan,nan,nan,nan
3899,48.7375,1.744589240e-06,1.395537136e-06,nan,nan,nan,nan
3900,48.75,1.747329319e-06,1.397701354e-06,nan,nan,4.551914e-13,5.573320e-13
3901,48.7625,1.750060169e-06,1.399858226e-06,nan,nan,nan,nan
3902,48.775,1.752781768e-06,1.402007733e-06,nan,nan,nan,nan
3903,48.7875,1.755494093e-06,1.404149860e-06,nan,nan,nan,nan
3904,48.8,1.758197123e-06,1.406284590e-06,nan,nan,nan,nan
3905,48.8125,1.760890836e-06,1.408411907e-06,nan,nan,nan,nan
3906,48.825,1.763575215e-06,1.410531799e-06,nan,nan,nan,nan
3907,48.8375,1.766250242e-06,1.412644258e-06,nan,nan,nan,nan
3908,48.85,1.768915899e-06,1.414749267e-06,nan,nan,nan,nan
3909,48.8625,1.771572165e-06,1.416846811e-06,nan,nan,nan,nan
3910,48.875,1.774219022e-06,1.418936877e-06,nan,nan,nan,nan
3911,48.8875,1.776856450e-06,1.421019454e-06,nan,nan,nan,nan
3912,48.9,1.779484433e-06,1.423094525e-06,nan,nan,nan,nan
3913,48.9125,1.782102955e-06,1.425162083e-06,nan,nan,nan,nan
3914,48.925,1.784712000e-06,1.427222115e-06,nan,nan,nan,nan
3915,48.9375,1.787311550e-06,1.429274611e-06,nan,nan,nan,nan
3916,48.95,1.789901587e-06,1.431319556e-06,nan,nan,nan,nan
3917,48.9625,1.792482099e-06,1.433356941e-06,nan,nan,nan,nan
3918,48.975,1.795053069e-06,1.435386752e-06,nan,nan,nan,nan
3919,48.9875,1.797614481e-06,1.437408986e-06,nan,nan,nan,nan
3920,49,1.800166322e-06,1.439423625e-06,nan,nan,4.605691e-13,5.562217e-13
3921,49.0125,1.802708576e-06,1.441430665e-06,nan,nan,nan,nan
3922,49.025,1.805241232e-06,1.443430094e-06,nan,nan,nan,nan
3923,49.0375,1.807764273e-06,1.445421901e-06,nan,nan,nan,nan
3924,49.05,1.810277689e-06,1.447406079e-06,nan,nan,nan,nan
3925,49.0625,1.812781465e-06,1.449382618e-06,nan,nan,nan,nan
3926,49.075,1.815275589e-06,1.451351512e-06,nan,nan,nan,nan
3927,49.0875,1.817760048e-06,1.453312748e-06,nan,nan,nan,nan
3928,49.1,1.820234833e-06,1.455266322e-06,nan,nan,nan,nan
3929,49.1125,1.822699928e-06,1.457212225e-06,nan,nan,nan,nan
3930,49.125,1.825155327e-06,1.459150452e-06,nan,nan,nan,nan
3931,49.1375,1.827601019e-06,1.461080997e-06,nan,nan,nan,nan
3932,49.15,1.830036991e-06,1.463003847e-06,nan,nan,nan,nan
3933,49.1625,1.832463236e-06,1.464918999e-06,nan,nan,nan,nan
3934,49.175,1.834879739e-06,1.466826446e-06,nan,nan,nan,nan
3935,49.1875,1.837286494e-06,1.468726179e-06,nan,nan,nan,nan
3936,49.2,1.839683493e-06,1.470618201e-06,nan,nan,nan,nan
3937,49.2125,1.842070730e-06,1.472502501e-06,nan,nan,nan,nan
3938,49.225,1.844448195e-06,1.474379077e-06,nan,nan,nan,nan
3939,49.2375,1.846815879e-06,1.476247920e-06,nan,nan,nan,nan
3940,49.25,1.849173773e-06,1.478109024e-06,nan,nan,4.646283e-13,5.662137e-13
3941,49.2625,1.851521869e-06,1.479962386e-06,nan,nan,nan,nan
3942,49.275,1.853860161e-06,1.481808004e-06,nan,nan,nan,nan
3943,49.2875,1.856188649e-06,1.483645876e-06,nan,nan,nan,nan
3944,49.3,1.858507324e-06,1.485475999e-06,nan,nan,nan,nan
3945,49.3125,1.860816181e-06,1.487298367e-06,nan,nan,nan,nan
3946,49.325,1.863115210e-06,1.489112973e-06,nan,nan,nan,nan
3947,49.3375,1.865404407e-06,1.490919818e-06,nan,nan,nan,nan
3948,49.35,1.867683766e-06,1.492718898e-06,nan,nan,nan,nan
3949,49.3625,1.869953288e-06,1.494510215e-06,nan,nan,nan,nan
3950,49.375,1.872212969e-06,1.496293768e-06,nan,nan,nan,nan
3951,49.3875,1.874462807e-06,1.498069553e-06,nan,nan,nan,nan
3952,49.4,1.876702795e-06,1.499837566e-06,nan,nan,nan,nan
3953,49.4125,1.878932928e-06,1.501597806e-06,nan,nan,nan,nan
3954,49.425,1.881153202e-06,1.503350272e-06,nan,nan,nan,nan
3955,49.4375,1.883363619e-06,1.505094968e-06,nan,nan,nan,nan
3956,49.45,1.885564180e-06,1.506831894e-06,nan,nan,nan,nan
3957,49.4625,1.887754882e-06,1.508561044e-06,nan,nan,nan,nan
3958,49.475,1.889935723e-06,1.510282424e-06,nan,nan,nan,nan
3959,49.4875,1.892106700e-06,1.511996029e-06,nan,nan,nan,nan
3960,49.5,1.894267814e-06,1.513701864e-06,nan,nan,4.519649e-13,5.628831e-13
3961,49.5125,1.896419066e-06,1.515399929e-06,nan,nan,nan,nan
3962,49.525,1.898560456e-06,1.517090224e-06,nan,nan,nan,nan
3963,49.5375,1.900691983e-06,1.518772752e-06,nan,nan,nan,nan
3964,49.55,1.902813649e-06,1.520447512e-06,nan,nan,nan,nan
3965,49.5625,1.904925453e-06,1.522114509e-06,nan,nan,nan,nan
3966,49.575,1.907027399e-06,1.523773746e-06,nan,nan,nan,nan
3967,49.5875,1.909119491e-06,1.525425223e-06,nan,nan,nan,nan
3968,49.6,1.911201730e-06,1.527068946e-06,nan,nan,nan,nan
3969,49.6125,1.913274116e-06,1.528704915e-06,nan,nan,nan,nan
3970,49.625,1.915336652e-06,1.530333130e-06,nan,nan,nan,nan
3971,49.6375,1.917389341e-06,1.531953599e-06,nan,nan,nan,nan
3972,49.65,1.919432189e-06,1.533566330e-06,nan,nan,nan,nan
3973,49.6625,1.921465202e-06,1.535171322e-06,nan,nan,nan,nan
3974,49.675,1.923488385e-06,1.536768584e-06,nan,nan,nan,nan
3975,49.6875,1.925501737e-06,1.538358112e-06,nan,nan,nan,nan
3976,49.7,1.927505263e-06,1.539939911e-06,nan,nan,nan,nan
3977,49.7125,1.929498965e-06,1.541513991e-06,nan,nan,nan,nan
3978,49.725,1.931482854e-06,1.543080357e-06,nan,nan,nan,nan
3979,49.7375,1.933456938e-06,1.544639019e-06,nan,nan,nan,nan
3980,49.75,1.935421226e-06,1.546189977e-06,nan,nan,4.554690e-13,5.662137e-13
3981,49.7625,1.937375720e-06,1.547733240e-06,nan,nan,nan,nan
3982,49.775,1.939320424e-06,1.549268808e-06,nan,nan,nan,nan
3983,49.7875,1.941255342e-06,1.550796689e-06,nan,nan,nan,nan
3984,49.8,1.943180485e-06,1.552316892e-06,nan,nan,nan,nan
3985,49.8125,1.945095863e-06,1.553829427e-06,nan,nan,nan,nan
3986,49.825,1.947001488e-06,1.555334300e-06,nan,nan,nan,nan
3987,49.8375,1.948897365e-06,1.556831520e-06,nan,nan,nan,nan
3988,49.85,1.950783501e-06,1.558321087e-06,nan,nan,nan,nan
3989,49.8625,1.952659903e-06,1.559803011e-06,nan,nan,nan,nan
3990,49.875,1.954526579e-06,1.561277301e-06,nan,nan,nan,nan
3991,49.8875,1.956383542e-06,1.562743969e-06,nan,nan,nan,nan
3992,49.9,1.958230804e-06,1.564203024e-06,nan,nan,nan,nan
3993,49.9125,1.960068376e-06,1.565654471e-06,nan,nan,nan,nan
3994,49.925,1.961896266e-06,1.567098320e-06,nan,nan,nan,nan
3995,49.9375,1.963714485e-06,1.568534581e-06,nan,nan,nan,nan
3996,49.95,1.965523040e-06,1.569963262e-06,nan,nan,nan,nan
3997,49.9625,1.967321948e-06,1.571384371e-06,nan,nan,nan,nan
3998,49.975,1.969111217e-06,1.572797923e-06,nan,nan,nan,nan
3999,49.9875,1.970890861e-06,1.574203926e-06,nan,nan,nan,nan
4000,50,1.972660893e-06,1.575602389e-06,nan,nan,4.582099e-13,5.628831e-13
4001,50.0125,1.974421324e-06,1.576993324e-06,nan,nan,nan,nan
4002,50.025,1.976172169e-06,1.578376741e-06,nan,nan,nan,nan
4003,50.0375,1.977913438e-06,1.579752650e-06,nan,nan,nan,nan
4004,50.05,1.979645146e-06,1.581121063e-06,nan,nan,nan,nan
4005,50.0625,1.981367306e-06,1.582481992e-06,nan,nan,nan,nan
4006,50.075,1.983079931e-06,1.583835448e-06,nan,nan,nan,nan
4007,50.0875,1.984783036e-06,1.585181444e-06,nan,nan,nan,nan
4008,50.1,1.986476638e-06,1.586519994e-06,nan,nan,nan,nan
4009,50.1125,1.988160753e-06,1.587851106e-06,nan,nan,nan,nan
4010,50.125,1.989835393e-06,1.589174792e-06,nan,nan,nan,nan
4011,50.1375,1.991500572e-06,1.590491067e-06,nan,nan,nan,nan
4012,50.15,1.993156305e-06,1.591799939e-06,nan,nan,nan,nan
4013,50.1625,1.994802606e-06,1.593101426e-06,nan,nan,nan,nan
4014,50.175,1.996439497e-06,1.594395543e-06,nan,nan,nan,nan
4015,50.1875,1.998066996e-06,1.595682306e-06,nan,nan,nan,nan
4016,50.2,1.999685119e-06,1.596961724e-06,nan,nan,nan,nan
4017,50.2125,2.001293882e-06,1.598233807e-06,nan,nan,nan,nan
4018,50.225,2.002893296e-06,1.599498570e-06,nan,nan,nan,nan
4019,50.2375,2.004483378e-06,1.600756026e-06,nan,nan,nan,nan
4020,50.25,2.006064149e-06,1.602006196e-06,nan,nan,4.568568e-13,5.428991e-13
4021,50.2625,2.007635630e-06,1.603249095e-06,nan,nan,nan,nan
4022,50.275,2.009197843e-06,1.604484738e-06,nan,nan,nan,nan
4023,50.2875,2.010750805e-06,1.605713135e-06,nan,nan,nan,nan
4024,50.3,2.012294528e-06,1.606934298e-06,nan,nan,nan,nan
4025,50.3125,2.013829028e-06,1.608148245e-06,nan,nan,nan,nan
4026,50.325,2.015354328e-06,1.609354991e-06,nan,nan,nan,nan
4027,50.3375,2.016870449e-06,1.610554561e-06,nan,nan,nan,nan
4028,50.35,2.018377416e-06,1.611746964e-06,nan,nan,nan,nan
4029,50.3625,2.019875248e-06,1.612932218e-06,nan,nan,nan,nan
4030,50.375,2.021363962e-06,1.614110336e-06,nan,nan,nan,nan
4031,50.3875,2.022843574e-06,1.615281333e-06,nan,nan,nan,nan
4032,50.4,2.024314105e-06,1.616445224e-06,nan,nan,nan,nan
4033,50.4125,2.025775578e-06,1.617602034e-06,nan,nan,nan,nan
4034,50.425,2.027228016e-06,1.618751775e-06,nan,nan,nan,nan
4035,50.4375,2.028671443e-06,1.619894469e-06,nan,nan,nan,nan
4036,50.45,2.030105878e-06,1.621030127e-06,nan,nan,nan,nan
4037,50.4625,2.031531341e-06,1.622158769e-06,nan,nan,nan,nan
4038,50.475,2.032947853e-06,1.623280409e-06,nan,nan,nan,nan
4039,50.4875,2.034355439e-06,1.624395068e-06,nan,nan,nan,nan
4040,50.5,2.035754118e-06,1.625502766e-06,nan,nan,4.696243e-13,5.551115e-13
4041,50.5125,2.037143916e-06,1.626603517e-06,nan,nan,nan,nan
4042,50.525,2.038524855e-06,1.627697340e-06,nan,nan,nan,nan
4043,50.5375,2.039896959e-06,1.628784258e-06,nan,nan,nan,nan
4044,50.55,2.041260250e-06,1.629864284e-06,nan,nan,nan,nan
4045,50.5625,2.042614754e-06,1.630937440e-06,nan,nan,nan,nan
4046,50.575,2.043960492e-06,1.632003742e-06,nan,nan,nan,nan
4047,50.5875,2.045297489e-06,1.633063208e-06,nan,nan,nan,nan
4048,50.6,2.046625765e-06,1.634115860e-06,nan,nan,nan,nan
4049,50.6125,2.047945346e-06,1.635161716e-06,nan,nan,nan,nan
4050,50.625,2.049256258e-06,1.636200796e-06,nan,nan,nan,nan
4051,50.6375,2.050558529e-06,1.637233123e-06,nan,nan,nan,nan
4052,50.65,2.051852185e-06,1.638258716e-06,nan,nan,nan,nan
4053,50.6625,2.053137246e-06,1.639277588e-06,nan,nan,nan,nan
4054,50.675,2.054413735e-06,1.640289762e-06,nan,nan,nan,nan
4055,50.6875,2.055681679e-06,1.641295254e-06,nan,nan,nan,nan
4056,50.7,2.056941102e-06,1.642294093e-06,nan,nan,nan,nan
4057,50.7125,2.058192035e-06,1.643286302e-06,nan,nan,nan,nan
4058,50.725,2.059434507e-06,1.644271892e-06,nan,nan,nan,nan
4059,50.7375,2.060668540e-06,1.645250889e-06,nan,nan,nan,nan
4060,50.75,2.061894160e-06,1.646223308e-06,nan,nan,4.712897e-13,5.551115e-13
4061,50.7625,2.063111388e-06,1.647189169e-06,nan,nan,nan,nan
4062,50.775,2.064320253e-06,1.648148496e-06,nan,nan,nan,nan
4063,50.7875,2.065520784e-06,1.649101318e-06,nan,nan,nan,nan
4064,50.8,2.066713012e-06,1.650047652e-06,nan,nan,nan,nan
4065,50.8125,2.067896964e-06,1.650987523e-06,nan,nan,nan,nan
4066,50.825,2.069072669e-06,1.651920940e-06,nan,nan,nan,nan
4067,50.8375,2.070240145e-06,1.652847929e-06,nan,nan,nan,nan
4068,50.85,2.071399419e-06,1.653768510e-06,nan,nan,nan,nan
4069,50.8625,2.072550521e-06,1.654682708e-06,nan,nan,nan,nan
4070,50.875,2.073693485e-06,1.655590550e-06,nan,nan,nan,nan
4071,50.8875,2.074828338e-06,1.656492060e-06,nan,nan,nan,nan
4072,50.9,2.075955112e-06,1.657387255e-06,nan,nan,nan,nan
4073,50.9125,2.077073829e-06,1.658276150e-06,nan,nan,nan,nan
4074,50.925,2.078184516e-06,1.659158772e-06,nan,nan,nan,nan
4075,50.9375,2.079287201e-06,1.660035143e-06,nan,nan,nan,nan
4076,50.95,2.080381914e-06,1.660905290e-06,nan,nan,nan,nan
4077,50.9625,2.081468688e-06,1.661769235e-06,nan,nan,nan,nan
4078,50.975,2.082547553e-06,1.662627001e-06,nan,nan,nan,nan
4079,50.9875,2.083618537e-06,1.663478610e-06,nan,nan,nan,nan
4080,51,2.084681666e-06,1.664324082e-06,nan,nan,4.622691e-13,5.540013e-13
4081,51.0125,2.085736972e-06,1.665163441e-06,nan,nan,nan,nan
4082,51.025,2.086784482e-06,1.665996710e-06,nan,nan,nan,nan
4083,51.0375,2.087824229e-06,1.666823916e-06,nan,nan,nan,nan
4084,51.05,2.088856241e-06,1.667645078e-06,nan,nan,nan,nan
4085,51.0625,2.089880549e-06,1.668460220e-06,nan,nan,nan,nan
4086,51.075,2.090897182e-06,1.669269370e-06,nan,nan,nan,nan
4087,51.0875,2.091906172e-06,1.670072547e-06,nan,nan,nan,nan
4088,51.1,2.092907551e-06,1.670869780e-06,nan,nan,nan,nan
4089,51.1125,2.093901347e-06,1.671661087e-06,nan,nan,nan,nan
4090,51.125,2.094887589e-06,1.672446487e-06,nan,nan,nan,nan
4091,51.1375,2.095866308e-06,1.673226014e-06,nan,nan,nan,nan
4092,51.15,2.096837534e-06,1.673999685e-06,nan,nan,nan,nan
4093,51.1625,2.097801301e-06,1.674767534e-06,nan,nan,nan,nan
4094,51.175,2.098757642e-06,1.675529580e-06,nan,nan,nan,nan
4095,51.1875,2.099706589e-06,1.676285847e-06,nan,nan,nan,nan
4096,51.2,2.100648169e-06,1.677036353e-06,nan,nan,nan,nan
4097,51.2125,2.101582409e-06,1.677781124e-06,nan,nan,nan,nan
4098,51.225,2.102509341e-06,1.678520186e-06,nan,nan,nan,nan
4099,51.2375,2.103429001e-06,1.679253572e-06,nan,nan,nan,nan
4100,51.25,2.104341425e-06,1.679981304e-06,nan,nan,4.729550e-13,5.551115e-13
4101,51.2625,2.105246645e-06,1.680703403e-06,nan,nan,nan,nan
4102,51.275,2.106144688e-06,1.681419890e-06,nan,nan,nan,nan
4103,51.2875,2.107035582e-06,1.682130787e-06,nan,nan,nan,nan
4104,51.3,2.107919357e-06,1.682836122e-06,nan,nan,nan,nan
4105,51.3125,2.108796049e-06,1.683535925e-06,nan,nan,nan,nan
4106,51.325,2.109665694e-06,1.684230224e-06,nan,nan,nan,nan
4107,51.3375,2.110528327e-06,1.684919042e-06,nan,nan,nan,nan
4108,51.35,2.111383977e-06,1.685602398e-06,nan,nan,nan,nan
4109,51.3625,2.112232672e-06,1.686280313e-06,nan,nan,nan,nan
4110,51.375,2.113074443e-06,1.686952818e-06,nan,nan,nan,nan
4111,51.3875,2.113909324e-06,1.687619940e-06,nan,nan,nan,nan
4112,51.4,2.114737351e-06,1.688281703e-06,nan,nan,nan,nan
4113,51.4125,2.115558557e-06,1.688938136e-06,nan,nan,nan,nan
4114,51.425,2.116372973e-06,1.689589257e-06,nan,nan,nan,nan
4115,51.4375,2.117180632e-06,1.690235095e-06,nan,nan,nan,nan
4116,51.45,2.117981564e-06,1.690875837e-06,nan,nan,nan,nan
4117,51.4625,2.118775805e-06,1.691515390e-06,nan,nan,nan,nan
4118,51.475,2.119563385e-06,1.692149740e-06,nan,nan,nan,nan
4119,51.4875,2.120344341e-06,1.692778917e-06,nan,nan,nan,nan
4120,51.5,2.121118701e-06,1.693402939e-06,nan,nan,4.637610e-13,5.551115e-13
4121,51.5125,2.121886500e-06,1.694021830e-06,nan,nan,nan,nan
4122,51.525,2.122647770e-06,1.694635623e-06,nan,nan,nan,nan
4123,51.5375,2.123402548e-06,1.695244344e-06,nan,nan,nan,nan
4124,51.55,2.124150867e-06,1.695848014e-06,nan,nan,nan,nan
4125,51.5625,2.124892756e-06,1.696446655e-06,nan,nan,nan,nan
4126,51.575,2.125628251e-06,1.697040294e-06,nan,nan,nan,nan
4127,51.5875,2.126357379e-06,1.697628959e-06,nan,nan,nan,nan
4128,51.6,2.127080177e-06,1.698212672e-06,nan,nan,nan,nan
4129,51.6125,2.127796681e-06,1.698791465e-06,nan,nan,nan,nan
4130,51.625,2.128506927e-06,1.699365363e-06,nan,nan,nan,nan
4131,51.6375,2.129210944e-06,1.699934385e-06,nan,nan,nan,nan
4132,51.65,2.129908765e-06,1.700498557e-06,nan,nan,nan,nan
4133,51.6625,2.130600421e-06,1.701057903e-06,nan,nan,nan,nan
4134,51.675,2.131285946e-06,1.701612451e-06,nan,nan,nan,nan
4135,51.6875,2.131965375e-06,1.702162231e-06,nan,nan,nan,nan
4136,51.7,2.132638744e-06,1.702707269e-06,nan,nan,nan,nan
4137,51.7125,2.133306086e-06,1.703247587e-06,nan,nan,nan,nan
4138,51.725,2.133967433e-06,1.703783207e-06,nan,nan,nan,nan
4139,51.7375,2.134622816e-06,1.704314152e-06,nan,nan,nan,nan
4140,51.75,2.135272269e-06,1.704840453e-06,nan,nan,4.701795e-13,5.662137e-13
4141,51.7625,2.135915824e-06,1.705362134e-06,nan,nan,nan,nan
4142,51.775,2.136553517e-06,1.705879226e-06,nan,nan,nan,nan
4143,51.7875,2.137185386e-06,1.706391755e-06,nan,nan,nan,nan
4144,51.8,2.137811460e-06,1.706899740e-06,nan,nan,nan,nan
4145,51.8125,2.138431773e-06,1.707403203e-06,nan,nan,nan,nan
4146,51.825,2.139046356e-06,1.707902176e-06,nan,nan,nan,nan
4147,51.8375,2.139655243e-06,1.708396680e-06,nan,nan,nan,nan
4148,51.85,2.140258466e-06,1.708886747e-06,nan,nan,nan,nan
4149,51.8625,2.140856065e-06,1.709372402e-06,nan,nan,nan,nan
4150,51.875,2.141448071e-06,1.709853669e-06,nan,nan,nan,nan
4151,51.8875,2.142034517e-06,1.710330570e-06,nan,nan,nan,nan
4152,51.9,2.142615431e-06,1.710803131e-06,nan,nan,nan,nan
4153,51.9125,2.143190850e-06,1.711271372e-06,nan,nan,nan,nan
4154,51.925,2.143760806e-06,1.711735332e-06,nan,nan,nan,nan
4155,51.9375,2.144325335e-06,1.712195028e-06,nan,nan,nan,nan
4156,51.95,2.144884471e-06,1.712650492e-06,nan,nan,nan,nan
4157,51.9625,2.145438248e-06,1.713101744e-06,nan,nan,nan,nan
4158,51.975,2.145986697e-06,1.713548806e-06,nan,nan,nan,nan
4159,51.9875,2.146529847e-06,1.713991707e-06,nan,nan,nan,nan
4160,52,2.147067734e-06,1.714430472e-06,nan,nan,4.714285e-13,5.573320e-13
4161,52.0125,2.147600392e-06,1.714865124e-06,nan,nan,nan,nan
4162,52.025,2.148127855e-06,1.715295695e-06,nan,nan,nan,nan
4163,52.0375,2.148653333e-06,1.715722205e-06,nan,nan,nan,nan
4164,52.05,2.149176690e-06,1.716144680e-06,nan,nan,nan,nan
4165,52.0625,2.149694936e-06,1.716563146e-06,nan,nan,nan,nan
4166,52.075,2.150208101e-06,1.716977628e-06,nan,nan,nan,nan
4167,52.0875,2.150716221e-06,1.717388150e-06,nan,nan,nan,nan
4168,52.1,2.151219326e-06,1.717794737e-06,nan,nan,nan,nan
4169,52.1125,2.151717449e-06,1.718197413e-06,nan,nan,nan,nan
4170,52.125,2.152210622e-06,1.718596205e-06,nan,nan,nan,nan
4171,52.1375,2.152698879e-06,1.718991137e-06,nan,nan,nan,nan
4172,52.15,2.153182253e-06,1.719382239e-06,nan,nan,nan,nan
4173,52.1625,2.153660775e-06,1.719769528e-06,nan,nan,nan,nan
4174,52.175,2.154134478e-06,1.720153034e-06,nan,nan,nan,nan
4175,52.1875,2.154603392e-06,1.720532775e-06,nan,nan,nan,nan
4176,52.2,2.155067550e-06,1.720908783e-06,nan,nan,nan,nan
4177,52.2125,2.155526986e-06,1.721281081e-06,nan,nan,nan,nan
4178,52.225,2.155981734e-06,1.721649696e-06,nan,nan,nan,nan
4179,52.2375,2.156431824e-06,1.722014651e-06,nan,nan,nan,nan
4180,52.25,2.156877287e-06,1.722375969e-06,nan,nan,4.848899e-13,5.684342e-13
4181,52.2625,2.157318152e-06,1.722733670e-06,nan,nan,nan,nan
4182,52.275,2.157754454e-06,1.723087781e-06,nan,nan,nan,nan
4183,52.2875,2.158186223e-06,1.723438329e-06,nan,nan,nan,nan
4184,52.3,2.158613496e-06,1.723785345e-06,nan,nan,nan,nan
4185,52.3125,2.159036302e-06,1.724128846e-06,nan,nan,nan,nan
4186,52.325,2.159454672e-06,1.724468858e-06,nan,nan,nan,nan
4187,52.3375,2.159868636e-06,1.724805399e-06,nan,nan,nan,nan
4188,52.35,2.160278226e-06,1.725138497e-06,nan,nan,nan,nan
4189,52.3625,2.160683473e-06,1.725468178e-06,nan,nan,nan,nan
4190,52.375,2.161084412e-06,1.725794467e-06,nan,nan,nan,nan
4191,52.3875,2.161481071e-06,1.726117389e-06,nan,nan,nan,nan
4192,52.4,2.161873482e-06,1.726436964e-06,nan,nan,nan,nan
4193,52.4125,2.162261677e-06,1.726753215e-06,nan,nan,nan,nan
4194,52.425,2.162645683e-06,1.727066169e-06,nan,nan,nan,nan
4195,52.4375,2.163025533e-06,1.727375846e-06,nan,nan,nan,nan
4196,52.45,2.163401261e-06,1.727682277e-06,nan,nan,nan,nan
4197,52.4625,2.163772896e-06,1.727985480e-06,nan,nan,nan,nan
4198,52.475,2.164140469e-06,1.728285478e-06,nan,nan,nan,nan
4199,52.4875,2.164504008e-06,1.728582297e-06,nan,nan,nan,nan
4200,52.5,2.164863544e-06,1.728875961e-06,nan,nan,4.686529e-13,5.617729e-13
4201,52.5125,2.165219109e-06,1.729166488e-06,nan,nan,nan,nan
4202,52.525,2.165570733e-06,1.729453908e-06,nan,nan,nan,nan
4203,52.5375,2.165918448e-06,1.729738242e-06,nan,nan,nan,nan
4204,52.55,2.166262282e-06,1.730019514e-06,nan,nan,nan,nan
4205,52.5625,2.166602265e-06,1.730297743e-06,nan,nan,nan,nan
4206,52.575,2.166938427e-06,1.730572953e-06,nan,nan,nan,nan
4207,52.5875,2.167270798e-06,1.730845173e-06,nan,nan,nan,nan
4208,52.6,2.167599408e-06,1.731114422e-06,nan,nan,nan,nan
4209,52.6125,2.167924288e-06,1.731380725e-06,nan,nan,nan,nan
4210,52.625,2.168245466e-06,1.731644098e-06,nan,nan,nan,nan
4211,52.6375,2.168562971e-06,1.731904567e-06,nan,nan,nan,nan
4212,52.65,2.168876832e-06,1.732162155e-06,nan,nan,nan,nan
4213,52.6625,2.169187081e-06,1.732416886e-06,nan,nan,nan,nan
4214,52.675,2.169493745e-06,1.732668784e-06,nan,nan,nan,nan
4215,52.6875,2.169796856e-06,1.732917869e-06,nan,nan,nan,nan
4216,52.7,2.170096438e-06,1.733164166e-06,nan,nan,nan,nan
4217,52.7125,2.170392524e-06,1.733407690e-06,nan,nan,nan,nan
4218,52.725,2.170685140e-06,1.733648466e-06,nan,nan,nan,nan
4219,52.7375,2.170974315e-06,1.733886516e-06,nan,nan,nan,nan
4220,52.75,2.171260079e-06,1.734121868e-06,nan,nan,4.635181e-13,5.684342e-13
4221,52.7625,2.171542462e-06,1.734354539e-06,nan,nan,nan,nan
4222,52.775,2.171821491e-06,1.734584552e-06,nan,nan,nan,nan
4223,52.7875,2.172097192e-06,1.734811928e-06,nan,nan,nan,nan
4224,52.8,2.172369593e-06,1.735036684e-06,nan,nan,nan,nan
4225,52.8125,2.172638723e-06,1.735258846e-06,nan,nan,nan,nan
4226,52.825,2.172904610e-06,1.735478439e-06,nan,nan,nan,nan
4227,52.8375,2.173167286e-06,1.735695480e-06,nan,nan,nan,nan
4228,52.85,2.173426774e-06,1.735909995e-06,nan,nan,nan,nan
4229,52.8625,2.173683103e-06,1.736121998e-06,nan,nan,nan,nan
4230,52.875,2.173936298e-06,1.736331511e-06,nan,nan,nan,nan
4231,52.8875,2.174186387e-06,1.736538558e-06,nan,nan,nan,nan
4232,52.9,2.174433399e-06,1.736743162e-06,nan,nan,nan,nan
4233,52.9125,2.174677362e-06,1.736945340e-06,nan,nan,nan,nan
4234,52.925,2.174918302e-06,1.737145118e-06,nan,nan,nan,nan
4235,52.9375,2.175156247e-06,1.737342512e-06,nan,nan,nan,nan
4236,52.95,2.175391219e-06,1.737537542e-06,nan,nan,nan,nan
4237,52.9625,2.175623247e-06,1.737730227e-06,nan,nan,nan,nan
4238,52.975,2.175852358e-06,1.737920590e-06,nan,nan,nan,nan
4239,52.9875,2.176078578e-06,1.738108654e-06,nan,nan,nan,nan
4240,53,2.176301935e-06,1.738294438e-06,nan,nan,4.726775e-13,5.628831e-13
4241,53.0125,2.176522455e-06,1.738477959e-06,nan,nan,nan,nan
4242,53.025,2.176740163e-06,1.738659243e-06,nan,nan,nan,nan
4243,53.0375,2.176955083e-06,1.738838301e-06,nan,nan,nan,nan
4244,53.05,2.177167243e-06,1.739015160e-06,nan,nan,nan,nan
4245,53.0625,2.177376667e-06,1.739189836e-06,nan,nan,nan,nan
4246,53.075,2.177583380e-06,1.739362351e-06,nan,nan,nan,nan
4247,53.0875,2.177787409e-06,1.739532722e-06,nan,nan,nan,nan
4248,53.1,2.177988780e-06,1.739700972e-06,nan,nan,nan,nan
4249,53.1125,2.178187519e-06,1.739867117e-06,nan,nan,nan,nan
4250,53.125,2.178383648e-06,1.740031181e-06,nan,nan,nan,nan
4251,53.1375,2.178577193e-06,1.740193177e-06,nan,nan,nan,nan
4252,53.15,2.178768177e-06,1.740353128e-06,nan,nan,nan,nan
4253,53.1625,2.178956625e-06,1.740511051e-06,nan,nan,nan,nan
4254,53.175,2.179142563e-06,1.740666965e-06,nan,nan,nan,nan
4255,53.1875,2.179326018e-06,1.740820893e-06,nan,nan,nan,nan
4256,53.2,2.179507013e-06,1.740972852e-06,nan,nan,nan,nan
4257,53.2125,2.179685569e-06,1.741122854e-06,nan,nan,nan,nan
4258,53.225,2.179861708e-06,1.741270922e-06,nan,nan,nan,nan
4259,53.2375,2.180035455e-06,1.741417074e-06,nan,nan,nan,nan
4260,53.25,2.180206833e-06,1.741561330e-06,nan,nan,4.837450e-13,5.839773e-13
4261,53.2625,2.180375874e-06,1.741703710e-06,nan,nan,nan,nan
4262,53.275,2.180542596e-06,1.741844229e-06,nan,nan,nan,nan
4263,53.2875,2.180707025e-06,1.741982908e-06,nan,nan,nan,nan
4264,53.3,2.180869178e-06,1.742119757e-06,nan,nan,nan,nan
4265,53.3125,2.181029077e-06,1.742254799e-06,nan,nan,nan,nan
4266,53.325,2.181186746e-06,1.742388050e-06,nan,nan,nan,nan
4267,53.3375,2.181342213e-06,1.742519530e-06,nan,nan,nan,nan
4268,53.35,2.181495500e-06,1.742649263e-06,nan,nan,nan,nan
4269,53.3625,2.181646632e-06,1.742777255e-06,nan,nan,nan,nan
4270,53.375,2.181795626e-06,1.742903525e-06,nan,nan,nan,nan
4271,53.3875,2.181942500e-06,1.743028092e-06,nan,nan,nan,nan
4272,53.4,2.182087277e-06,1.743150973e-06,nan,nan,nan,nan
4273,53.4125,2.182229984e-06,1.743272186e-06,nan,nan,nan,nan
4274,53.425,2.182370646e-06,1.743391750e-06,nan,nan,nan,nan
4275,53.4375,2.182509280e-06,1.743509680e-06,nan,nan,nan,nan
4276,53.45,2.182645910e-06,1.743625990e-06,nan,nan,nan,nan
4277,53.4625,2.182780552e-06,1.743740698e-06,nan,nan,nan,nan
4278,53.475,2.182913229e-06,1.743853818e-06,nan,nan,nan,nan
4279,53.4875,2.183043963e-06,1.743965373e-06,nan,nan,nan,nan
4280,53.5,2.183172777e-06,1.744075376e-06,nan,nan,4.882206e-13,5.950795e-13
4281,53.5125,2.183299691e-06,1.744183840e-06,nan,nan,nan,nan
4282,53.525,2.183424724e-06,1.744290785e-06,nan,nan,nan,nan
4283,53.5375,2.183547897e-06,1.744396225e-06,nan,nan,nan,nan
4284,53.55,2.183669231e-06,1.744500179e-06,nan,nan,nan,nan
4285,53.5625,2.183788746e-06,1.744602656e-06,nan,nan,nan,nan
4286,53.575,2.183906462e-06,1.744703676e-06,nan,nan,nan,nan
4287,53.5875,2.184022398e-06,1.744803256e-06,nan,nan,nan,nan
4288,53.6,2.184136575e-06,1.744901407e-06,nan,nan,nan,nan
4289,53.6125,2.184249010e-06,1.744998148e-06,nan,nan,nan,nan
4290,53.625,2.184359727e-06,1.745093495e-06,nan,nan,nan,nan
4291,53.6375,2.184468747e-06,1.745187463e-06,nan,nan,nan,nan
4292,53.65,2.184576088e-06,1.745280065e-06,nan,nan,nan,nan
4293,53.6625,2.184681763e-06,1.745371312e-06,nan,nan,nan,nan
4294,53.675,2.184785793e-06,1.745461222e-06,nan,nan,nan,nan
4295,53.6875,2.184888197e-06,1.745549812e-06,nan,nan,nan,nan
4296,53.7,2.184988996e-06,1.745637100e-06,nan,nan,nan,nan
4297,53.7125,2.185088214e-06,1.745723095e-06,nan,nan,nan,nan
4298,53.725,2.185185866e-06,1.745807814e-06,nan,nan,nan,nan
4299,53.7375,2.185281967e-06,1.745891264e-06,nan,nan,nan,nan
4300,53.75,2.185376531e-06,1.745973466e-06,nan,nan,4.883247e-13,5.950795e-13
4301,53.7625,2.185469578e-06,1.746054427e-06,nan,nan,nan,nan
4302,53.775,2.185561130e-06,1.746134171e-06,nan,nan,nan,nan
4303,53.7875,2.185651207e-06,1.746212713e-06,nan,nan,nan,nan
4304,53.8,2.185739828e-06,1.746290061e-06,nan,nan,nan,nan
4305,53.8125,2.185827008e-06,1.746366225e-06,nan,nan,nan,nan
4306,53.825,2.185912757e-06,1.746441222e-06,nan,nan,nan,nan
4307,53.8375,2.185997095e-06,1.746515065e-06,nan,nan,nan,nan
4308,53.85,2.186080040e-06,1.746587769e-06,nan,nan,nan,nan
4309,53.8625,2.186161615e-06,1.746659347e-06,nan,nan,nan,nan
4310,53.875,2.186241833e-06,1.746729815e-06,nan,nan,nan,nan
4311,53.8875,2.186320713e-06,1.746799183e-06,nan,nan,nan,nan
4312,53.9,2.186398269e-06,1.746867464e-06,nan,nan,nan,nan
4313,53.9125,2.186474515e-06,1.746934666e-06,nan,nan,nan,nan
4314,53.925,2.186549468e-06,1.747000807e-06,nan,nan,nan,nan
4315,53.9375,2.186623144e-06,1.747065902e-06,nan,nan,nan,nan
4316,53.95,2.186695564e-06,1.747129961e-06,nan,nan,nan,nan
4317,53.9625,2.186766742e-06,1.747192996e-06,nan,nan,nan,nan
4318,53.975,2.186836692e-06,1.747255018e-06,nan,nan,nan,nan
4319,53.9875,2.186905429e-06,1.747316043e-06,nan,nan,nan,nan
4320,54,2.186972971e-06,1.747376080e-06,nan,nan,4.930778e-13,6.084022e-13
4321,54.0125,2.187039330e-06,1.747435140e-06,nan,nan,nan,nan
4322,54.025,2.187104525e-06,1.747493239e-06,nan,nan,nan,nan
4323,54.0375,2.187168567e-06,1.747550384e-06,nan,nan,nan,nan
4324,54.05,2.187231473e-06,1.747606592e-06,nan,nan,nan,nan
4325,54.0625,2.187293259e-06,1.747661871e-06,nan,nan,nan,nan
4326,54.075,2.187353940e-06,1.747716235e-06,nan,nan,nan,nan
4327,54.0875,2.187413530e-06,1.747769697e-06,nan,nan,nan,nan
4328,54.1,2.187472045e-06,1.747822264e-06,nan,nan,nan,nan
4329,54.1125,2.187529494e-06,1.747873946e-06,nan,nan,nan,nan
4330,54.125,2.187585892e-06,1.747924756e-06,nan,nan,nan,nan
4331,54.1375,2.187641255e-06,1.747974708e-06,nan,nan,nan,nan
4332,54.15,2.187695599e-06,1.748023815e-06,nan,nan,nan,nan
4333,54.1625,2.187748939e-06,1.748072083e-06,nan,nan,nan,nan
4334,54.175,2.187801289e-06,1.748119523e-06,nan,nan,nan,nan
4335,54.1875,2.187852658e-06,1.748166144e-06,nan,nan,nan,nan
4336,54.2,2.187903055e-06,1.748211958e-06,nan,nan,nan,nan
4337,54.2125,2.187952496e-06,1.748256974e-06,nan,nan,nan,nan
4338,54.225,2.188000999e-06,1.748301210e-06,nan,nan,nan,nan
4339,54.2375,2.188048581e-06,1.748344678e-06,nan,nan,nan,nan
4340,54.25,2.188095255e-06,1.748387379e-06,nan,nan,5.020984e-13,6.106227e-13
4341,54.2625,2.188141025e-06,1.748429321e-06,nan,nan,nan,nan
4342,54.275,2.188185903e-06,1.748470515e-06,nan,nan,nan,nan
4343,54.2875,2.188229899e-06,1.748510973e-06,nan,nan,nan,nan
4344,54.3,2.188273034e-06,1.748550713e-06,nan,nan,nan,nan
4345,54.3125,2.188315321e-06,1.748589743e-06,nan,nan,nan,nan
4346,54.325,2.188356776e-06,1.748628069e-06,nan,nan,nan,nan
4347,54.3375,2.188397404e-06,1.748665692e-06,nan,nan,nan,nan
4348,54.35,2.188437215e-06,1.748702629e-06,nan,nan,nan,nan
4349,54.3625,2.188476217e-06,1.748738886e-06,nan,nan,nan,nan
4350,54.375,2.188514425e-06,1.748774477e-06,nan,nan,nan,nan
4351,54.3875,2.188551859e-06,1.748809416e-06,nan,nan,nan,nan
4352,54.4,2.188588529e-06,1.748843708e-06,nan,nan,nan,nan
4353,54.4125,2.188624445e-06,1.748877358e-06,nan,nan,nan,nan
4354,54.425,2.188659614e-06,1.748910375e-06,nan,nan,nan,nan
4355,54.4375,2.188694043e-06,1.748942767e-06,nan,nan,nan,nan
4356,54.45,2.188727749e-06,1.748974546e-06,nan,nan,nan,nan
4357,54.4625,2.188760743e-06,1.749005724e-06,nan,nan,nan,nan
4358,54.475,2.188793039e-06,1.749036306e-06,nan,nan,nan,nan
4359,54.4875,2.188824644e-06,1.749066302e-06,nan,nan,nan,nan
4360,54.5,2.188855569e-06,1.749095717e-06,nan,nan,5.034341e-13,6.061818e-13
4361,54.5125,2.188885822e-06,1.749124556e-06,nan,nan,nan,nan
4362,54.525,2.188915416e-06,1.749152838e-06,nan,nan,nan,nan
4363,54.5375,2.188944361e-06,1.749180566e-06,nan,nan,nan,nan
4364,54.55,2.188972668e-06,1.749207748e-06,nan,nan,nan,nan
4365,54.5625,2.189000345e-06,1.749234388e-06,nan,nan,nan,nan
4366,54.575,2.189027402e-06,1.749260498e-06,nan,nan,nan,nan
4367,54.5875,2.189053849e-06,1.749286091e-06,nan,nan,nan,nan
4368,54.6,2.189079699e-06,1.749311168e-06,nan,nan,nan,nan
4369,54.6125,2.189104961e-06,1.749335738e-06,nan,nan,nan,nan
4370,54.625,2.189129642e-06,1.749359808e-06,nan,nan,nan,nan
4371,54.6375,2.189153750e-06,1.749383382e-06,nan,nan,nan,nan
4372,54.65,2.189177291e-06,1.749406472e-06,nan,nan,nan,nan
4373,54.6625,2.189200281e-06,1.749429086e-06,nan,nan,nan,nan
4374,54.675,2.189222727e-06,1.749451234e-06,nan,nan,nan,nan
4375,54.6875,2.189244644e-06,1.749472921e-06,nan,nan,nan,nan
4376,54.7,2.189266036e-06,1.749494152e-06,nan,nan,nan,nan
4377,54.7125,2.189286907e-06,1.749514927e-06,nan,nan,nan,nan
4378,54.725,2.189307265e-06,1.749535263e-06,nan,nan,nan,nan
4379,54.7375,2.189327121e-06,1.749555161e-06,nan,nan,nan,nan
4380,54.75,2.189346487e-06,1.749574640e-06,nan,nan,5.054290e-13,6.084022e-13
4381,54.7625,2.189365377e-06,1.749593698e-06,nan,nan,nan,nan
4382,54.775,2.189383794e-06,1.749612340e-06,nan,nan,nan,nan
4383,54.7875,2.189401741e-06,1.749630571e-06,nan,nan,nan,nan
4384,54.8,2.189419224e-06,1.749648398e-06,nan,nan,nan,nan
4385,54.8125,2.189436252e-06,1.749665828e-06,nan,nan,nan,nan
4386,54.825,2.189452839e-06,1.749682878e-06,nan,nan,nan,nan
4387,54.8375,2.189468994e-06,1.749699544e-06,nan,nan,nan,nan
4388,54.85,2.189484725e-06,1.749715838e-06,nan,nan,nan,nan
4389,54.8625,2.189500035e-06,1.749731755e-06,nan,nan,nan,nan
4390,54.875,2.189514932e-06,1.749747309e-06,nan,nan,nan,nan
4391,54.8875,2.189529417e-06,1.749762503e-06,nan,nan,nan,nan
4392,54.9,2.189543505e-06,1.749777349e-06,nan,nan,nan,nan
4393,54.9125,2.189557204e-06,1.749791847e-06,nan,nan,nan,nan
4394,54.925,2.189570521e-06,1.749806007e-06,nan,nan,nan,nan
4395,54.9375,2.189583460e-06,1.749819831e-06,nan,nan,nan,nan
4396,54.95,2.189596030e-06,1.749833326e-06,nan,nan,nan,nan
4397,54.9625,2.189608235e-06,1.749846495e-06,nan,nan,nan,nan
4398,54.975,2.189620084e-06,1.749859348e-06,nan,nan,nan,nan
4399,54.9875,2.189631583e-06,1.749871890e-06,nan,nan,nan,nan
4400,55,2.189642740e-06,1.749884125e-06,nan,nan,5.082046e-13,6.106227e-13
4401,55.0125,2.189653560e-06,1.749896056e-06,nan,nan,nan,nan
4402,55.025,2.189664048e-06,1.749907693e-06,nan,nan,nan,nan
4403,55.0375,2.189674213e-06,1.749919037e-06,nan,nan,nan,nan
4404,55.05,2.189684062e-06,1.749930097e-06,nan,nan,nan,nan
4405,55.0625,2.189693600e-06,1.749940874e-06,nan,nan,nan,nan
4406,55.075,2.189702832e-06,1.749951374e-06,nan,nan,nan,nan
4407,55.0875,2.189711761e-06,1.749961600e-06,nan,nan,nan,nan
4408,55.1,2.189720394e-06,1.749971560e-06,nan,nan,nan,nan
4409,55.1125,2.189728739e-06,1.749981261e-06,nan,nan,nan,nan
4410,55.125,2.189736806e-06,1.749990707e-06,nan,nan,nan,nan
4411,55.1375,2.189744600e-06,1.749999900e-06,nan,nan,nan,nan
4412,55.15,2.189752122e-06,1.750008844e-06,nan,nan,nan,nan
4413,55.1625,2.189759375e-06,1.750017541e-06,nan,nan,nan,nan
4414,55.175,2.189766366e-06,1.750025997e-06,nan,nan,nan,nan
4415,55.1875,2.189773098e-06,1.750034224e-06,nan,nan,nan,nan
4416,55.2,2.189779586e-06,1.750042224e-06,nan,nan,nan,nan
4417,55.2125,2.189785834e-06,1.750050002e-06,nan,nan,nan,nan
4418,55.225,2.189791844e-06,1.750057554e-06,nan,nan,nan,nan
4419,55.2375,2.189797618e-06,1.750064886e-06,nan,nan,nan,nan
4420,55.25,2.189803157e-06,1.750072561e-06,nan,nan,4.943268e-13,6.206147e-13
4421,55.2625,2.189808469e-06,1.750080095e-06,nan,nan,nan,nan
4422,55.275,2.189813563e-06,1.750087408e-06,nan,nan,nan,nan
4423,55.2875,2.189818448e-06,1.750094508e-06,nan,nan,nan,nan
4424,55.3,2.189823126e-06,1.750101399e-06,nan,nan,nan,nan
4425,55.3125,2.189827598e-06,1.750108091e-06,nan,nan,nan,nan
4426,55.325,2.189831864e-06,1.750114585e-06,nan,nan,nan,nan
4427,55.3375,2.189835930e-06,1.750120882e-06,nan,nan,nan,nan
4428,55.35,2.189839804e-06,1.750126983e-06,nan,nan,nan,nan
4429,55.3625,2.189843493e-06,1.750132892e-06,nan,nan,nan,nan
4430,55.375,2.189847003e-06,1.750138615e-06,nan,nan,nan,nan
4431,55.3875,2.189850334e-06,1.750144160e-06,nan,nan,nan,nan
4432,55.4,2.189853488e-06,1.750149530e-06,nan,nan,nan,nan
4433,55.4125,2.189856466e-06,1.750154726e-06,nan,nan,nan,nan
4434,55.425,2.189859276e-06,1.750159749e-06,nan,nan,nan,nan
4435,55.4375,2.189861927e-06,1.750164602e-06,nan,nan,nan,nan
4436,55.45,2.189864419e-06,1.750169291e-06,nan,nan,nan,nan
4437,55.4625,2.189866758e-06,1.750173821e-06,nan,nan,nan,nan
4438,55.475,2.189868945e-06,1.750178196e-06,nan,nan,nan,nan
4439,55.4875,2.189870982e-06,1.750182418e-06,nan,nan,nan,nan
4440,55.5,2.189872873e-06,1.750186489e-06,nan,nan,4.950207e-13,6.195044e-13
4441,55.5125,2.189874622e-06,1.750190411e-06,nan,nan,nan,nan
4442,55.525,2.189876235e-06,1.750194189e-06,nan,nan,nan,nan
4443,55.5375,2.189877715e-06,1.750197823e-06,nan,nan,nan,nan
4444,55.55,2.189879064e-06,1.750201320e-06,nan,nan,nan,nan
4445,55.5625,2.189880288e-06,1.750204682e-06,nan,nan,nan,nan
4446,55.575,2.189881387e-06,1.750207912e-06,nan,nan,nan,nan
4447,55.5875,2.189882367e-06,1.750211014e-06,nan,nan,nan,nan
4448,55.6,2.189883227e-06,1.750213990e-06,nan,nan,nan,nan
4449,55.6125,2.189883971e-06,1.750216842e-06,nan,nan,nan,nan
4450,55.625,2.189884602e-06,1.750219570e-06,nan,nan,nan,nan
4451,55.6375,2.189885245e-06,1.750222179e-06,nan,nan,nan,nan
4452,55.65,2.189887000e-06,1.750224673e-06,nan,nan,nan,nan
4453,55.6625,2.189888615e-06,1.750227055e-06,nan,nan,nan,nan
4454,55.675,2.189890091e-06,1.750229330e-06,nan,nan,nan,nan
4455,55.6875,2.189891431e-06,1.750231498e-06,nan,nan,nan,nan
4456,55.7,2.189892641e-06,1.750233559e-06,nan,nan,nan,nan
4457,55.7125,2.189893723e-06,1.750235514e-06,nan,nan,nan,nan
4458,55.725,2.189894684e-06,1.750237369e-06,nan,nan,nan,nan
4459,55.7375,2.189895525e-06,1.750239126e-06,nan,nan,nan,nan
4460,55.75,2.189896248e-06,1.750240791e-06,nan,nan,4.915512e-13,6.342149e-13
4461,55.7625,2.189896854e-06,1.750242363e-06,nan,nan,nan,nan
4462,55.775,2.189897349e-06,1.750243844e-06,nan,nan,nan,nan
4463,55.7875,2.189897735e-06,1.750245234e-06,nan,nan,nan,nan
4464,55.8,2.189898092e-06,1.750246533e-06,nan,nan,nan,nan
4465,55.8125,2.189899566e-06,1.750247750e-06,nan,nan,nan,nan
4466,55.825,2.189900901e-06,1.750248887e-06,nan,nan,nan,nan
4467,55.8375,2.189902100e-06,1.750249946e-06,nan,nan,nan,nan
4468,55.85,2.189903168e-06,1.750250927e-06,nan,nan,nan,nan
4469,55.8625,2.189904109e-06,1.750251831e-06,nan,nan,nan,nan
4470,55.875,2.189904929e-06,1.750252658e-06,nan,nan,nan,nan
4471,55.8875,2.189906391e-06,1.750253412e-06,nan,nan,nan,nan
4472,55.9,2.189908466e-06,1.750254096e-06,nan,nan,nan,nan
4473,55.9125,2.189910384e-06,1.750255111e-06,nan,nan,nan,nan
4474,55.925,2.189912147e-06,1.750256506e-06,nan,nan,nan,nan
4475,55.9375,2.189913762e-06,1.750257810e-06,nan,nan,nan,nan
4476,55.95,2.189915232e-06,1.750259025e-06,nan,nan,nan,nan
4477,55.9625,2.189916565e-06,1.750260158e-06,nan,nan,nan,nan
4478,55.975,2.189919033e-06,1.750261209e-06,nan,nan,nan,nan
4479,55.9875,2.189921809e-06,1.750262182e-06,nan,nan,nan,nan
4480,56,2.189924406e-06,1.750263076e-06,nan,nan,4.996004e-13,6.328271e-13
4481,56.0125,2.189926831e-06,1.750263894e-06,nan,nan,nan,nan
4482,56.025,2.189929090e-06,1.750265148e-06,nan,nan,nan,nan
4483,56.0375,2.189931186e-06,1.750266732e-06,nan,nan,nan,nan
4484,56.05,2.189933121e-06,1.750268224e-06,nan,nan,nan,nan
4485,56.0625,2.189934895e-06,1.750269623e-06,nan,nan,nan,nan
4486,56.075,2.189936511e-06,1.750270933e-06,nan,nan,nan,nan
4487,56.0875,2.189937978e-06,1.750272149e-06,nan,nan,nan,nan
4488,56.1,2.189939302e-06,1.750273278e-06,nan,nan,nan,nan
4489,56.1125,2.189940491e-06,1.750274323e-06,nan,nan,nan,nan
4490,56.125,2.189942937e-06,1.750275287e-06,nan,nan,nan,nan
4491,56.1375,2.189945574e-06,1.750276173e-06,nan,nan,nan,nan
4492,56.15,2.189948028e-06,1.750276980e-06,nan,nan,nan,nan
4493,56.1625,2.189950306e-06,1.750277709e-06,nan,nan,nan,nan
4494,56.175,2.189952417e-06,1.750278362e-06,nan,nan,nan,nan
4495,56.1875,2.189954367e-06,1.750278945e-06,nan,nan,nan,nan
4496,56.2,2.189956157e-06,1.750279458e-06,nan,nan,nan,nan
4497,56.2125,2.189957788e-06,1.750279904e-06,nan,nan,nan,nan
4498,56.225,2.189959259e-06,1.750280281e-06,nan,nan,nan,nan
4499,56.2375,2.189960579e-06,1.750281254e-06,nan,nan,nan,nan
4500,56.25,2.189961753e-06,1.750282294e-06,nan,nan,5.118128e-13,6.328271e-13
4501,56.2625,2.189962790e-06,1.750283249e-06,nan,nan,nan,nan
4502,56.275,2.189963694e-06,1.750284121e-06,nan,nan,nan,nan
4503,56.2875,2.189964463e-06,1.750284917e-06,nan,nan,nan,nan
4504,56.3,2.189965095e-06,1.750285635e-06,nan,nan,nan,nan
4505,56.3125,2.189965997e-06,1.750286275e-06,nan,nan,nan,nan
4506,56.325,2.189967959e-06,1.750286840e-06,nan,nan,nan,nan
4507,56.3375,2.189969758e-06,1.750287333e-06,nan,nan,nan,nan
4508,56.35,2.189971398e-06,1.750287759e-06,nan,nan,nan,nan
4509,56.3625,2.189972881e-06,1.750288116e-06,nan,nan,nan,nan
4510,56.375,2.189974207e-06,1.750288407e-06,nan,nan,nan,nan
4511,56.3875,2.189975378e-06,1.750288631e-06,nan,nan,nan,nan
4512,56.4,2.189976403e-06,1.750288791e-06,nan,nan,nan,nan
4513,56.4125,2.189977288e-06,1.750288895e-06,nan,nan,nan,nan
4514,56.425,2.189978038e-06,1.750288941e-06,nan,nan,nan,nan
4515,56.4375,2.189978655e-06,1.750288932e-06,nan,nan,nan,nan
4516,56.45,2.189979138e-06,1.750289294e-06,nan,nan,nan,nan
4517,56.4625,2.189979489e-06,1.750289842e-06,nan,nan,nan,nan
4518,56.475,2.189980459e-06,1.750290316e-06,nan,nan,nan,nan
4519,56.4875,2.189982108e-06,1.750290720e-06,nan,nan,nan,nan
4520,56.5,2.189983596e-06,1.750291055e-06,nan,nan,5.047351e-13,6.417089e-13
4521,56.5125,2.189984925e-06,1.750291323e-06,nan,nan,nan,nan
4522,56.525,2.189986097e-06,1.750291524e-06,nan,nan,nan,nan
4523,56.5375,2.189987119e-06,1.750291667e-06,nan,nan,nan,nan
4524,56.55,2.189987994e-06,1.750292523e-06,nan,nan,nan,nan
4525,56.5625,2.189988727e-06,1.750293296e-06,nan,nan,nan,nan
4526,56.575,2.189989322e-06,1.750293987e-06,nan,nan,nan,nan
4527,56.5875,2.189989782e-06,1.750294909e-06,nan,nan,nan,nan
4528,56.6,2.189990109e-06,1.750296436e-06,nan,nan,nan,nan
4529,56.6125,2.189990306e-06,1.750297859e-06,nan,nan,nan,nan
4530,56.625,2.189990378e-06,1.750299180e-06,nan,nan,nan,nan
4531,56.6375,2.189990331e-06,1.750300400e-06,nan,nan,nan,nan
4532,56.65,2.189990165e-06,1.750301526e-06,nan,nan,nan,nan
4533,56.6625,2.189989887e-06,1.750302650e-06,nan,nan,nan,nan
4534,56.675,2.189989496e-06,1.750304410e-06,nan,nan,nan,nan
4535,56.6875,2.189988997e-06,1.750306056e-06,nan,nan,nan,nan
4536,56.7,2.189988394e-06,1.750307592e-06,nan,nan,nan,nan
4537,56.7125,2.189987689e-06,1.750309020e-06,nan,nan,nan,nan
4538,56.725,2.189986885e-06,1.750310345e-06,nan,nan,nan,nan
4539,56.7375,2.189985986e-06,1.750311566e-06,nan,nan,nan,nan
4540,56.75,2.189984994e-06,1.750312688e-06,nan,nan,5.279110e-13,6.405987e-13
4541,56.7625,2.189983913e-06,1.750313715e-06,nan,nan,nan,nan
4542,56.775,2.189982745e-06,1.750314645e-06,nan,nan,nan,nan
4543,56.7875,2.189981493e-06,1.750315486e-06,nan,nan,nan,nan
4544,56.8,2.189980161e-06,1.750316301e-06,nan,nan,nan,nan
4545,56.8125,2.189978749e-06,1.750317238e-06,nan,nan,nan,nan
4546,56.825,2.189977260e-06,1.750318081e-06,nan,nan,nan,nan
4547,56.8375,2.189975697e-06,1.750318835e-06,nan,nan,nan,nan
4548,56.85,2.189974064e-06,1.750319501e-06,nan,nan,nan,nan
4549,56.8625,2.189972365e-06,1.750320083e-06,nan,nan,nan,nan
4550,56.875,2.189970598e-06,1.750320584e-06,nan,nan,nan,nan
4551,56.8875,2.189968768e-06,1.750321005e-06,nan,nan,nan,nan
4552,56.9,2.189966877e-06,1.750321347e-06,nan,nan,nan,nan
4553,56.9125,2.189964925e-06,1.750321612e-06,nan,nan,nan,nan
4554,56.925,2.189962918e-06,1.750321803e-06,nan,nan,nan,nan
4555,56.9375,2.189960857e-06,1.750321923e-06,nan,nan,nan,nan
4556,56.95,2.189958745e-06,1.750321973e-06,nan,nan,nan,nan
4557,56.9625,2.189956582e-06,1.750321959e-06,nan,nan,nan,nan
4558,56.975,2.189954370e-06,1.750321879e-06,nan,nan,nan,nan
4559,56.9875,2.189952111e-06,1.750321732e-06,nan,nan,nan,nan
4560,57,2.189949809e-06,1.750321521e-06,nan,nan,5.305478e-13,6.372680e-13
4561,57.0125,2.189947465e-06,1.750321252e-06,nan,nan,nan,nan
4562,57.025,2.189945081e-06,1.750320927e-06,nan,nan,nan,nan
4563,57.0375,2.189942660e-06,1.750320545e-06,nan,nan,nan,nan
4564,57.05,2.189940201e-06,1.750320110e-06,nan,nan,nan,nan
4565,57.0625,2.189937707e-06,1.750319620e-06,nan,nan,nan,nan
4566,57.075,2.189935179e-06,1.750319077e-06,nan,nan,nan,nan
4567,57.0875,2.189932620e-06,1.750318484e-06,nan,nan,nan,nan
4568,57.1,2.189930033e-06,1.750317845e-06,nan,nan,nan,nan
4569,57.1125,2.189927420e-06,1.750317160e-06,nan,nan,nan,nan
4570,57.125,2.189924779e-06,1.750316432e-06,nan,nan,nan,nan
4571,57.1375,2.189922112e-06,1.750315661e-06,nan,nan,nan,nan
4572,57.15,2.189919420e-06,1.750314844e-06,nan,nan,nan,nan
4573,57.1625,2.189916708e-06,1.750313987e-06,nan,nan,nan,nan
4574,57.175,2.189913977e-06,1.750313092e-06,nan,nan,nan,nan
4575,57.1875,2.189911228e-06,1.750312161e-06,nan,nan,nan,nan
4576,57.2,2.189908460e-06,1.750311196e-06,nan,nan,nan,nan
4577,57.2125,2.189905675e-06,1.750310195e-06,nan,nan,nan,nan
4578,57.225,2.189902875e-06,1.750309160e-06,nan,nan,nan,nan
4579,57.2375,2.189900062e-06,1.750308092e-06,nan,nan,nan,nan
4580,57.25,2.189897238e-06,1.750306992e-06,nan,nan,5.412337e-13,6.572520e-13
4581,57.2625,2.189894404e-06,1.750305865e-06,nan,nan,nan,nan
4582,57.275,2.189891557e-06,1.750304710e-06,nan,nan,nan,nan
4583,57.2875,2.189888702e-06,1.750303528e-06,nan,nan,nan,nan
4584,57.3,2.189885840e-06,1.750302320e-06,nan,nan,nan,nan
4585,57.3125,2.189882972e-06,1.750301087e-06,nan,nan,nan,nan
4586,57.325,2.189880099e-06,1.750299829e-06,nan,nan,nan,nan
4587,57.3375,2.189877221e-06,1.750298550e-06,nan,nan,nan,nan
4588,57.35,2.189874340e-06,1.750297249e-06,nan,nan,nan,nan
4589,57.3625,2.189871453e-06,1.750295927e-06,nan,nan,nan,nan
4590,57.375,2.189868569e-06,1.750294584e-06,nan,nan,nan,nan
4591,57.3875,2.189865685e-06,1.750293226e-06,nan,nan,nan,nan
4592,57.4,2.189862802e-06,1.750291850e-06,nan,nan,nan,nan
4593,57.4125,2.189859918e-06,1.750290459e-06,nan,nan,nan,nan
4594,57.425,2.189857034e-06,1.750289051e-06,nan,nan,nan,nan
4595,57.4375,2.189854154e-06,1.750287625e-06,nan,nan,nan,nan
4596,57.45,2.189851280e-06,1.750286185e-06,nan,nan,nan,nan
4597,57.4625,2.189848413e-06,1.750284734e-06,nan,nan,nan,nan
4598,57.475,2.189845553e-06,1.750283275e-06,nan,nan,nan,nan
4599,57.4875,2.189842695e-06,1.750281806e-06,nan,nan,nan,nan
4600,57.5,2.189839843e-06,1.750280325e-06,nan,nan,5.334687e-13,6.594725e-13
4601,57.5125,2.189836998e-06,1.750278831e-06,nan,nan,nan,nan
4602,57.525,2.189834162e-06,1.750277326e-06,nan,nan,nan,nan
4603,57.5375,2.189831338e-06,1.750275813e-06,nan,nan,nan,nan
4604,57.55,2.189828523e-06,1.750274297e-06,nan,nan,nan,nan
4605,57.5625,2.189825720e-06,1.750272777e-06,nan,nan,nan,nan
4606,57.575,2.189822924e-06,1.750271250e-06,nan,nan,nan,nan
4607,57.5875,2.189820137e-06,1.750269715e-06,nan,nan,nan,nan
4608,57.6,2.189817364e-06,1.750268173e-06,nan,nan,nan,nan
4609,57.6125,2.189814606e-06,1.750266627e-06,nan,nan,nan,nan
4610,57.625,2.189811859e-06,1.750265080e-06,nan,nan,nan,nan
4611,57.6375,2.189809128e-06,1.750263532e-06,nan,nan,nan,nan
4612,57.65,2.189806409e-06,1.750261982e-06,nan,nan,nan,nan
4613,57.6625,2.189803704e-06,1.750260429e-06,nan,nan,nan,nan
4614,57.675,2.189801015e-06,1.750258874e-06,nan,nan,nan,nan
4615,57.6875,2.189798340e-06,1.750257320e-06,nan,nan,nan,nan
4616,57.7,2.189795681e-06,1.750255765e-06,nan,nan,nan,nan
4617,57.7125,2.189793037e-06,1.750254212e-06,nan,nan,nan,nan
4618,57.725,2.189790410e-06,1.750252658e-06,nan,nan,nan,nan
4619,57.7375,2.189787799e-06,1.750251105e-06,nan,nan,nan,nan
4620,57.75,2.189785207e-06,1.750249555e-06,nan,nan,5.323519e-13,6.783463e-13
4621,57.7625,2.189782633e-06,1.750248007e-06,nan,nan,nan,nan
4622,57.775,2.189780075e-06,1.750246465e-06,nan,nan,nan,nan
4623,57.7875,2.189777535e-06,1.750244923e-06,nan,nan,nan,nan
4624,57.8,2.189775013e-06,1.750243385e-06,nan,nan,nan,nan
4625,57.8125,2.189772510e-06,1.750241850e-06,nan,nan,nan,nan
4626,57.825,2.189770027e-06,1.750240322e-06,nan,nan,nan,nan
4627,57.8375,2.189767564e-06,1.750238798e-06,nan,nan,nan,nan
4628,57.85,2.189765119e-06,1.750237281e-06,nan,nan,nan,nan
4629,57.8625,2.189762692e-06,1.750235769e-06,nan,nan,nan,nan
4630,57.875,2.189760286e-06,1.750234261e-06,nan,nan,nan,nan
4631,57.8875,2.189757899e-06,1.750232758e-06,nan,nan,nan,nan
4632,57.9,2.189755535e-06,1.750231262e-06,nan,nan,nan,nan
4633,57.9125,2.189753189e-06,1.750229776e-06,nan,nan,nan,nan
4634,57.925,2.189750864e-06,1.750228297e-06,nan,nan,nan,nan
4635,57.9375,2.189748559e-06,1.750226825e-06,nan,nan,nan,nan
4636,57.95,2.189746274e-06,1.750225358e-06,nan,nan,nan,nan
4637,57.9625,2.189744009e-06,1.750223897e-06,nan,nan,nan,nan
4638,57.975,2.189741766e-06,1.750222446e-06,nan,nan,nan,nan
4639,57.9875,2.189739545e-06,1.750221006e-06,nan,nan,nan,nan
4640,58,2.189737346e-06,1.750219575e-06,nan,nan,5.391521e-13,6.772360e-13
4641,58.0125,2.189735167e-06,1.750218152e-06,nan,nan,nan,nan
4642,58.025,2.189733009e-06,1.750216737e-06,nan,nan,nan,nan
4643,58.0375,2.189730873e-06,1.750215330e-06,nan,nan,nan,nan
4644,58.05,2.189728757e-06,1.750213932e-06,nan,nan,nan,nan
4645,58.0625,2.189726663e-06,1.750212546e-06,nan,nan,nan,nan
4646,58.075,2.189724592e-06,1.750211170e-06,nan,nan,nan,nan
4647,58.0875,2.189722543e-06,1.750209805e-06,nan,nan,nan,nan
4648,58.1,2.189720515e-06,1.750208448e-06,nan,nan,nan,nan
4649,58.1125,2.189718508e-06,1.750207102e-06,nan,nan,nan,nan
4650,58.125,2.189716521e-06,1.750205765e-06,nan,nan,nan,nan
4651,58.1375,2.189714555e-06,1.750204440e-06,nan,nan,nan,nan
4652,58.15,2.189712613e-06,1.750203125e-06,nan,nan,nan,nan
4653,58.1625,2.189710691e-06,1.750201821e-06,nan,nan,nan,nan
4654,58.175,2.189708793e-06,1.750200527e-06,nan,nan,nan,nan
4655,58.1875,2.189706915e-06,1.750199244e-06,nan,nan,nan,nan
4656,58.2,2.189705058e-06,1.750197974e-06,nan,nan,nan,nan
4657,58.2125,2.189703222e-06,1.750196714e-06,nan,nan,nan,nan
4658,58.225,2.189701407e-06,1.750195466e-06,nan,nan,nan,nan
4659,58.2375,2.189699614e-06,1.750194228e-06,nan,nan,nan,nan
4660,58.25,2.189697843e-06,1.750193001e-06,nan,nan,5.295764e-13,7.061018e-13
4661,58.2625,2.189696093e-06,1.750191786e-06,nan,nan,nan,nan
4662,58.275,2.189694364e-06,1.750190582e-06,nan,nan,nan,nan
4663,58.2875,2.189692656e-06,1.750189391e-06,nan,nan,nan,nan
4664,58.3,2.189690968e-06,1.750188212e-06,nan,nan,nan,nan
4665,58.3125,2.189689301e-06,1.750187043e-06,nan,nan,nan,nan
4666,58.325,2.189687656e-06,1.750185885e-06,nan,nan,nan,nan
4667,58.3375,2.189686031e-06,1.750184739e-06,nan,nan,nan,nan
4668,58.35,2.189684428e-06,1.750183607e-06,nan,nan,nan,nan
4669,58.3625,2.189682846e-06,1.750182487e-06,nan,nan,nan,nan
4670,58.375,2.189681282e-06,1.750181379e-06,nan,nan,nan,nan
4671,58.3875,2.189679738e-06,1.750180281e-06,nan,nan,nan,nan
4672,58.4,2.189678213e-06,1.750179193e-06,nan,nan,nan,nan
4673,58.4125,2.189676710e-06,1.750178117e-06,nan,nan,nan,nan
4674,58.425,2.189675228e-06,1.750177054e-06,nan,nan,nan,nan
4675,58.4375,2.189673767e-06,1.750176005e-06,nan,nan,nan,nan
4676,58.45,2.189672323e-06,1.750174968e-06,nan,nan,nan,nan
4677,58.4625,2.189670899e-06,1.750173942e-06,nan,nan,nan,nan
4678,58.475,2.189669494e-06,1.750172925e-06,nan,nan,nan,nan
4679,58.4875,2.189668108e-06,1.750171920e-06,nan,nan,nan,nan
4680,58.5,2.189666744e-06,1.750170927e-06,nan,nan,5.195909e-13,7.149836e-13
4681,58.5125,2.189665399e-06,1.750169947e-06,nan,nan,nan,nan
4682,58.525,2.189664071e-06,1.750168982e-06,nan,nan,nan,nan
4683,58.5375,2.189662759e-06,1.750168026e-06,nan,nan,nan,nan
4684,58.55,2.189661467e-06,1.750167080e-06,nan,nan,nan,nan
4685,58.5625,2.189660193e-06,1.750166143e-06,nan,nan,nan,nan
4686,58.575,2.189658939e-06,1.750165219e-06,nan,nan,nan,nan
4687,58.5875,2.189657706e-06,1.750164308e-06,nan,nan,nan,nan
4688,58.6,2.189656489e-06,1.750163410e-06,nan,nan,nan,nan
4689,58.6125,2.189655289e-06,1.750162525e-06,nan,nan,nan,nan
4690,58.625,2.189654106e-06,1.750161649e-06,nan,nan,nan,nan
4691,58.6375,2.189652940e-06,1.750160783e-06,nan,nan,nan,nan
4692,58.65,2.189651793e-06,1.750159928e-06,nan,nan,nan,nan
4693,58.6625,2.189650663e-06,1.750159085e-06,nan,nan,nan,nan
4694,58.675,2.189649552e-06,1.750158253e-06,nan,nan,nan,nan
4695,58.6875,2.189648455e-06,1.750157433e-06,nan,nan,nan,nan
4696,58.7,2.189647376e-06,1.750156624e-06,nan,nan,nan,nan
4697,58.7125,2.189646313e-06,1.750155824e-06,nan,nan,nan,nan
4698,58.725,2.189645267e-06,1.750155036e-06,nan,nan,nan,nan
4699,58.7375,2.189644236e-06,1.750154260e-06,nan,nan,nan,nan
4700,58.75,2.189643221e-06,1.750153493e-06,nan,nan,5.309642e-13,7.116530e-13
4701,58.7625,2.189642224e-06,1.750152737e-06,nan,nan,nan,nan
4702,58.775,2.189641242e-06,1.750151991e-06,nan,nan,nan,nan
4703,58.7875,2.189640276e-06,1.750151257e-06,nan,nan,nan,nan
4704,58.8,2.189639325e-06,1.750150534e-06,nan,nan,nan,nan
4705,58.8125,2.189638387e-06,1.750149821e-06,nan,nan,nan,nan
4706,58.825,2.189637464e-06,1.750149117e-06,nan,nan,nan,nan
4707,58.8375,2.189636556e-06,1.750148421e-06,nan,nan,nan,nan
4708,58.85,2.189635665e-06,1.750147735e-06,nan,nan,nan,nan
4709,58.8625,2.189634789e-06,1.750147060e-06,nan,nan,nan,nan
4710,58.875,2.189633927e-06,1.750146397e-06,nan,nan,nan,nan
4711,58.8875,2.189633078e-06,1.750145747e-06,nan,nan,nan,nan
4712,58.9,2.189632243e-06,1.750145103e-06,nan,nan,nan,nan
4713,58.9125,2.189631420e-06,1.750144466e-06,nan,nan,nan,nan
4714,58.925,2.189630614e-06,1.750143838e-06,nan,nan,nan,nan
4715,58.9375,2.189629822e-06,1.750143220e-06,nan,nan,nan,nan
4716,58.95,2.189629044e-06,1.750142615e-06,nan,nan,nan,nan
4717,58.9625,2.189628277e-06,1.750142021e-06,nan,nan,nan,nan
4718,58.975,2.189627522e-06,1.750141435e-06,nan,nan,nan,nan
4719,58.9875,2.189626780e-06,1.750140856e-06,nan,nan,nan,nan
4720,59,2.189626051e-06,1.750140283e-06,nan,nan,5.318033e-13,7.127632e-13
4721,59.0125,2.189625337e-06,1.750139720e-06,nan,nan,nan,nan
4722,59.025,2.189624637e-06,1.750139168e-06,nan,nan,nan,nan
4723,59.0375,2.189623946e-06,1.750138626e-06,nan,nan,nan,nan
4724,59.05,2.189623267e-06,1.750138095e-06,nan,nan,nan,nan
4725,59.0625,2.189622601e-06,1.750137570e-06,nan,nan,nan,nan
4726,59.075,2.189621943e-06,1.750137051e-06,nan,nan,nan,nan
4727,59.0875,2.189621300e-06,1.750136539e-06,nan,nan,nan,nan
4728,59.1,2.189620669e-06,1.750136036e-06,nan,nan,nan,nan
4729,59.1125,2.189620050e-06,1.750135544e-06,nan,nan,nan,nan
4730,59.125,2.189619442e-06,1.750135061e-06,nan,nan,nan,nan
4731,59.1375,2.189618842e-06,1.750134587e-06,nan,nan,nan,nan
4732,59.15,2.189618252e-06,1.750134118e-06,nan,nan,nan,nan
4733,59.1625,2.189617674e-06,1.750133656e-06,nan,nan,nan,nan
4734,59.175,2.189617107e-06,1.750133199e-06,nan,nan,nan,nan
4735,59.1875,2.189616605e-06,1.750132752e-06,nan,nan,nan,nan
4736,59.2,2.189616178e-06,1.750132314e-06,nan,nan,nan,nan
4737,59.2125,2.189615760e-06,1.750131884e-06,nan,nan,nan,nan
4738,59.225,2.189615350e-06,1.750131463e-06,nan,nan,nan,nan
4739,59.2375,2.189614949e-06,1.750131046e-06,nan,nan,nan,nan
4740,59.25,2.189614555e-06,1.750130636e-06,nan,nan,5.279110e-13,7.194245e-13
4741,59.2625,2.189614169e-06,1.750130232e-06,nan,nan,nan,nan
4742,59.275,2.189613788e-06,1.750129836e-06,nan,nan,nan,nan
4743,59.2875,2.189613416e-06,1.750129447e-06,nan,nan,nan,nan
4744,59.3,2.189613054e-06,1.750129068e-06,nan,nan,nan,nan
4745,59.3125,2.189612697e-06,1.750128694e-06,nan,nan,nan,nan
4746,59.325,2.189612350e-06,1.750128328e-06,nan,nan,nan,nan
4747,59.3375,2.189612007e-06,1.750127967e-06,nan,nan,nan,nan
4748,59.35,2.189611668e-06,1.750127611e-06,nan,nan,nan,nan
4749,59.3625,2.189611338e-06,1.750127260e-06,nan,nan,nan,nan
4750,59.375,2.189611014e-06,1.750126917e-06,nan,nan,nan,nan
4751,59.3875,2.189610698e-06,1.750126580e-06,nan,nan,nan,nan
4752,59.4,2.189610392e-06,1.750126252e-06,nan,nan,nan,nan
4753,59.4125,2.189610088e-06,1.750125930e-06,nan,nan,nan,nan
4754,59.425,2.189609789e-06,1.750125611e-06,nan,nan,nan,nan
4755,59.4375,2.189609496e-06,1.750125295e-06,nan,nan,nan,nan
4756,59.45,2.189609210e-06,1.750124986e-06,nan,nan,nan,nan
4757,59.4625,2.189608931e-06,1.750124684e-06,nan,nan,nan,nan
4758,59.475,2.189608658e-06,1.750124391e-06,nan,nan,nan,nan
4759,59.4875,2.189608390e-06,1.750124104e-06,nan,nan,nan,nan
4760,59.5,2.189608151e-06,1.750123821e-06,nan,nan,5.184048e-13,7.127632e-13
4761,59.5125,2.189607954e-06,1.750123540e-06,nan,nan,nan,nan
4762,59.525,2.189607761e-06,1.750123262e-06,nan,nan,nan,nan
4763,59.5375,2.189607574e-06,1.750122990e-06,nan,nan,nan,nan
4764,59.55,2.189607390e-06,1.750122726e-06,nan,nan,nan,nan
4765,59.5625,2.189607210e-06,1.750122470e-06,nan,nan,nan,nan
4766,59.575,2.189607034e-06,1.750122221e-06,nan,nan,nan,nan
4767,59.5875,2.189606863e-06,1.750121972e-06,nan,nan,nan,nan
4768,59.6,2.189606695e-06,1.750121726e-06,nan,nan,nan,nan
4769,59.6125,2.189606531e-06,1.750121483e-06,nan,nan,nan,nan
4770,59.625,2.189606369e-06,1.750121246e-06,nan,nan,nan,nan
4771,59.6375,2.189606209e-06,1.750121016e-06,nan,nan,nan,nan
4772,59.65,2.189606054e-06,1.750120794e-06,nan,nan,nan,nan
4773,59.6625,2.189605905e-06,1.750120574e-06,nan,nan,nan,nan
4774,59.675,2.189605761e-06,1.750120355e-06,nan,nan,nan,nan
4775,59.6875,2.189605620e-06,1.750120141e-06,nan,nan,nan,nan
4776,59.7,2.189605478e-06,1.750119931e-06,nan,nan,nan,nan
4777,59.7125,2.189605336e-06,1.750119728e-06,nan,nan,nan,nan
4778,59.725,2.189605199e-06,1.750119527e-06,nan,nan,nan,nan
4779,59.7375,2.189605068e-06,1.750119332e-06,nan,nan,nan,nan
4780,59.75,2.189604942e-06,1.750119140e-06,nan,nan,5.320744e-13,7.138734e-13
4781,59.7625,2.189604819e-06,1.750118952e-06,nan,nan,nan,nan
4782,59.775,2.189604697e-06,1.750118768e-06,nan,nan,nan,nan
4783,59.7875,2.189604575e-06,1.750118585e-06,nan,nan,nan,nan
4784,59.8,2.189604453e-06,1.750118408e-06,nan,nan,nan,nan
4785,59.8125,2.189604337e-06,1.750118232e-06,nan,nan,nan,nan
4786,59.825,2.189604228e-06,1.750118063e-06,nan,nan,nan,nan
4787,59.8375,2.189604121e-06,1.750117898e-06,nan,nan,nan,nan
4788,59.85,2.189604015e-06,1.750117736e-06,nan,nan,nan,nan
4789,59.8625,2.189603909e-06,1.750117577e-06,nan,nan,nan,nan
4790,59.875,2.189603804e-06,1.750117418e-06,nan,nan,nan,nan
4791,59.8875,2.189603702e-06,1.750117262e-06,nan,nan,nan,nan
4792,59.9,2.189603605e-06,1.750117109e-06,nan,nan,nan,nan
4793,59.9125,2.189603511e-06,1.750116964e-06,nan,nan,nan,nan
4794,59.925,2.189603420e-06,1.750116824e-06,nan,nan,nan,nan
4795,59.9375,2.189603328e-06,1.750116687e-06,nan,nan,nan,nan
4796,59.95,2.189603239e-06,1.750116548e-06,nan,nan,nan,nan
4797,59.9625,2.189603151e-06,1.750116408e-06,nan,nan,nan,nan
4798,59.975,2.189603067e-06,1.750116274e-06,nan,nan,nan,nan
4799,59.9875,2.189602986e-06,1.750116144e-06,nan,nan,nan,nan
4800,60,2.189602903e-06,1.750116021e-06,nan,nan,5.496298e-13,7.127632e-13
4801,60.0125,2.189602825e-06,1.750115941e-06,nan,nan,nan,nan
4802,60.025,2.189602748e-06,1.750115909e-06,nan,nan,nan,nan
4803,60.0375,2.189602675e-06,1.750115878e-06,nan,nan,nan,nan
4804,60.05,2.189602601e-06,1.750115849e-06,nan,nan,nan,nan
4805,60.0625,2.189602529e-06,1.750115824e-06,nan,nan,nan,nan
4806,60.075,2.189602456e-06,1.750115803e-06,nan,nan,nan,nan
4807,60.0875,2.189602388e-06,1.750115780e-06,nan,nan,nan,nan
4808,60.1,2.189602322e-06,1.750115755e-06,nan,nan,nan,nan
4809,60.1125,2.189602259e-06,1.750115727e-06,nan,nan,nan,nan
4810,60.125,2.189602197e-06,1.750115704e-06,nan,nan,nan,nan
4811,60.1375,2.189602136e-06,1.750115681e-06,nan,nan,nan,nan
4812,60.15,2.189602074e-06,1.750115661e-06,nan,nan,nan,nan
4813,60.1625,2.189602013e-06,1.750115642e-06,nan,nan,nan,nan
4814,60.175,2.189601955e-06,1.750115620e-06,nan,nan,nan,nan
4815,60.1875,2.189601899e-06,1.750115598e-06,nan,nan,nan,nan
4816,60.2,2.189601846e-06,1.750115577e-06,nan,nan,nan,nan
4817,60.2125,2.189601794e-06,1.750115558e-06,nan,nan,nan,nan
4818,60.225,2.189601742e-06,1.750115541e-06,nan,nan,nan,nan
4819,60.2375,2.189601689e-06,1.750115524e-06,nan,nan,nan,nan
4820,60.25,2.189601640e-06,1.750115506e-06,nan,nan,5.478951e-13,7.072121e-13
4821,60.2625,2.189601592e-06,1.750115488e-06,nan,nan,nan,nan
4822,60.275,2.189601547e-06,1.750115471e-06,nan,nan,nan,nan
4823,60.2875,2.189601501e-06,1.750115455e-06,nan,nan,nan,nan
4824,60.3,2.189601456e-06,1.750115438e-06,nan,nan,nan,nan
4825,60.3125,2.189601412e-06,1.750115422e-06,nan,nan,nan,nan
4826,60.325,2.189601368e-06,1.750115407e-06,nan,nan,nan,nan
4827,60.3375,2.189601327e-06,1.750115393e-06,nan,nan,nan,nan
4828,60.35,2.189601287e-06,1.750115380e-06,nan,nan,nan,nan
4829,60.3625,2.189601248e-06,1.750115367e-06,nan,nan,nan,nan
4830,60.375,2.189601210e-06,1.750115351e-06,nan,nan,nan,nan
4831,60.3875,2.189601173e-06,1.750115334e-06,nan,nan,nan,nan
4832,60.4,2.189601135e-06,1.750115320e-06,nan,nan,nan,nan
4833,60.4125,2.189601098e-06,1.750115309e-06,nan,nan,nan,nan
4834,60.425,2.189601065e-06,1.750115299e-06,nan,nan,nan,nan
4835,60.4375,2.189601032e-06,1.750115289e-06,nan,nan,nan,nan
4836,60.45,2.189601001e-06,1.750115276e-06,nan,nan,nan,nan
4837,60.4625,2.189600969e-06,1.750115262e-06,nan,nan,nan,nan
4838,60.475,2.189600938e-06,1.750115248e-06,nan,nan,nan,nan
4839,60.4875,2.189600905e-06,1.750115239e-06,nan,nan,nan,nan
4840,60.5,2.189600876e-06,1.750115232e-06,nan,nan,5.521278e-13,7.149836e-13
4841,60.5125,2.189600847e-06,1.750115225e-06,nan,nan,nan,nan
4842,60.525,2.189600821e-06,1.750115215e-06,nan,nan,nan,nan
4843,60.5375,2.189600794e-06,1.750115202e-06,nan,nan,nan,nan
4844,60.55,2.189600769e-06,1.750115189e-06,nan,nan,nan,nan
4845,60.5625,2.189600743e-06,1.750115180e-06,nan,nan,nan,nan
4846,60.575,2.189600717e-06,1.750115174e-06,nan,nan,nan,nan
4847,60.5875,2.189600692e-06,1.750115168e-06,nan,nan,nan,nan
4848,60.6,2.189600667e-06,1.750115160e-06,nan,nan,nan,nan
4849,60.6125,2.189600645e-06,1.750115150e-06,nan,nan,nan,nan
4850,60.625,2.189600624e-06,1.750115139e-06,nan,nan,nan,nan
4851,60.6375,2.189600606e-06,1.750115131e-06,nan,nan,nan,nan
4852,60.65,2.189600584e-06,1.750115126e-06,nan,nan,nan,nan
4853,60.6625,2.189600561e-06,1.750115120e-06,nan,nan,nan,nan
4854,60.675,2.189600538e-06,1.750115114e-06,nan,nan,nan,nan
4855,60.6875,2.189600517e-06,1.750115107e-06,nan,nan,nan,nan
4856,60.7,2.189600498e-06,1.750115098e-06,nan,nan,nan,nan
4857,60.7125,2.189600483e-06,1.750115091e-06,nan,nan,nan,nan
4858,60.725,2.189600468e-06,1.750115085e-06,nan,nan,nan,nan
4859,60.7375,2.189600451e-06,1.750115080e-06,nan,nan,nan,nan
4860,60.75,2.189600430e-06,1.750115074e-06,nan,nan,5.404011e-13,7.160939e-13
4861,60.7625,2.189600411e-06,1.750115069e-06,nan,nan,nan,nan
4862,60.775,2.189600395e-06,1.750115065e-06,nan,nan,nan,nan
4863,60.7875,2.189600380e-06,1.750115060e-06,nan,nan,nan,nan
4864,60.8,2.189600368e-06,1.750115055e-06,nan,nan,nan,nan
4865,60.8125,2.189600354e-06,1.750115048e-06,nan,nan,nan,nan
4866,60.825,2.189600337e-06,1.750115041e-06,nan,nan,nan,nan
4867,60.8375,2.189600322e-06,1.750115036e-06,nan,nan,nan,nan
4868,60.85,2.189600309e-06,1.750115033e-06,nan,nan,nan,nan
4869,60.8625,2.189600298e-06,1.750115030e-06,nan,nan,nan,nan
4870,60.875,2.189600287e-06,1.750115025e-06,nan,nan,nan,nan
4871,60.8875,2.189600277e-06,1.750115020e-06,nan,nan,nan,nan
4872,60.9,2.189600262e-06,1.750115015e-06,nan,nan,nan,nan
4873,60.9125,2.189600248e-06,1.750115012e-06,nan,nan,nan,nan
4874,60.925,2.189600237e-06,1.750115009e-06,nan,nan,nan,nan
4875,60.9375,2.189600227e-06,1.750115007e-06,nan,nan,nan,nan
4876,60.95,2.189600220e-06,1.750115002e-06,nan,nan,nan,nan
4877,60.9625,2.189600209e-06,1.750114997e-06,nan,nan,nan,nan
4878,60.975,2.189600199e-06,1.750114991e-06,nan,nan,nan,nan
4879,60.9875,2.189600188e-06,1.750114987e-06,nan,nan,nan,nan
4880,61,2.189600177e-06,1.750114987e-06,nan,nan,5.446338e-13,7.105427e-13
4881,61.0125,2.189600168e-06,1.750114986e-06,nan,nan,nan,nan
4882,61.025,2.189600160e-06,1.750114984e-06,nan,nan,nan,nan
4883,61.0375,2.189600153e-06,1.750114980e-06,nan,nan,nan,nan
4884,61.05,2.189600145e-06,1.750114975e-06,nan,nan,nan,nan
4885,61.0625,2.189600138e-06,1.750114971e-06,nan,nan,nan,nan
4886,61.075,2.189600131e-06,1.750114971e-06,nan,nan,nan,nan
4887,61.0875,2.189600123e-06,1.750114970e-06,nan,nan,nan,nan
4888,61.1,2.189600117e-06,1.750114968e-06,nan,nan,nan,nan
4889,61.1125,2.189600108e-06,1.750114963e-06,nan,nan,nan,nan
4890,61.125,2.189600101e-06,1.750114960e-06,nan,nan,nan,nan
4891,61.1375,2.189600095e-06,1.750114957e-06,nan,nan,nan,nan
4892,61.15,2.189600090e-06,1.750114957e-06,nan,nan,nan,nan
4893,61.1625,2.189600083e-06,1.750114956e-06,nan,nan,nan,nan
4894,61.175,2.189600077e-06,1.750114954e-06,nan,nan,nan,nan
4895,61.1875,2.189600070e-06,1.750114952e-06,nan,nan,nan,nan
4896,61.2,2.189600063e-06,1.750114950e-06,nan,nan,nan,nan
4897,61.2125,2.189600060e-06,1.750114947e-06,nan,nan,nan,nan
4898,61.225,2.189600057e-06,1.750114947e-06,nan,nan,nan,nan
4899,61.2375,2.189600051e-06,1.750114945e-06,nan,nan,nan,nan
4900,61.25,2.189600044e-06,1.750114944e-06,nan,nan,5.412337e-13,7.072121e-13
4901,61.2625,2.189600039e-06,1.750114942e-06,nan,nan,nan,nan
4902,61.275,2.189600034e-06,1.750114941e-06,nan,nan,nan,nan
4903,61.2875,2.189600032e-06,1.750114940e-06,nan,nan,nan,nan
4904,61.3,2.189600030e-06,1.750114939e-06,nan,nan,nan,nan
4905,61.3125,2.189600027e-06,1.750114937e-06,nan,nan,nan,nan
4906,61.325,2.189600021e-06,1.750114935e-06,nan,nan,nan,nan
4907,61.3375,2.189600015e-06,1.750114932e-06,nan,nan,nan,nan
4908,61.35,2.189600011e-06,1.750114931e-06,nan,nan,nan,nan
4909,61.3625,2.189600009e-06,1.750114931e-06,nan,nan,nan,nan
4910,61.375,2.189600008e-06,1.750114930e-06,nan,nan,nan,nan
4911,61.3875,2.189600006e-06,1.750114930e-06,nan,nan,nan,nan
4912,61.4,2.189600002e-06,1.750114929e-06,nan,nan,nan,nan
4913,61.4125,2.189599998e-06,1.750114927e-06,nan,nan,nan,nan
4914,61.425,2.189599995e-06,1.750114926e-06,nan,nan,nan,nan
4915,61.4375,2.189599994e-06,1.750114925e-06,nan,nan,nan,nan
4916,61.45,2.189599992e-06,1.750114925e-06,nan,nan,nan,nan
4917,61.4625,2.189599989e-06,1.750114926e-06,nan,nan,nan,nan
4918,61.475,2.189599985e-06,1.750114926e-06,nan,nan,nan,nan
4919,61.4875,2.189599984e-06,1.750114925e-06,nan,nan,nan,nan
4920,61.5,2.189599981e-06,1.750114924e-06,nan,nan,5.623974e-13,6.994405e-13
4921,61.5125,2.189599980e-06,1.750114924e-06,nan,nan,nan,nan
4922,61.525,2.189599979e-06,1.750114924e-06,nan,nan,nan,nan
4923,61.5375,2.189599977e-06,1.750114922e-06,nan,nan,nan,nan
4924,61.55,2.189599974e-06,1.750114921e-06,nan,nan,nan,nan
4925,61.5625,2.189599971e-06,1.750114919e-06,nan,nan,nan,nan
4926,61.575,2.189599971e-06,1.750114919e-06,nan,nan,nan,nan
4927,61.5875,2.189599972e-06,1.750114918e-06,nan,nan,nan,nan
4928,61.6,2.189599971e-06,1.750114918e-06,nan,nan,nan,nan
4929,61.6125,2.189599969e-06,1.750114916e-06,nan,nan,nan,nan
4930,61.625,2.189599965e-06,1.750114916e-06,nan,nan,nan,nan
4931,61.6375,2.189599963e-06,1.750114915e-06,nan,nan,nan,nan
4932,61.65,2.189599963e-06,1.750114915e-06,nan,nan,nan,nan
4933,61.6625,2.189599963e-06,1.750114916e-06,nan,nan,nan,nan
4934,61.675,2.189599962e-06,1.750114915e-06,nan,nan,nan,nan
4935,61.6875,2.189599960e-06,1.750114916e-06,nan,nan,nan,nan
4936,61.7,2.189599958e-06,1.750114915e-06,nan,nan,nan,nan
4937,61.7125,2.189599956e-06,1.750114914e-06,nan,nan,nan,nan
4938,61.725,2.189599956e-06,1.750114914e-06,nan,nan,nan,nan
4939,61.7375,2.189599956e-06,1.750114914e-06,nan,nan,nan,nan
4940,61.75,2.189599956e-06,1.750114913e-06,nan,nan,5.678791e-13,7.038814e-13
4941,61.7625,2.189599954e-06,1.750114912e-06,nan,nan,nan,nan
4942,61.775,2.189599952e-06,1.750114911e-06,nan,nan,nan,nan
4943,61.7875,2.189599952e-06,1.750114912e-06,nan,nan,nan,nan
4944,61.8,2.189599952e-06,1.750114912e-06,nan,nan,nan,nan
4945,61.8125,2.189599953e-06,1.750114912e-06,nan,nan,nan,nan
4946,61.825,2.189599953e-06,1.750114911e-06,nan,nan,nan,nan
4947,61.8375,2.189599952e-06,1.750114911e-06,nan,nan,nan,nan
4948,61.85,2.189599951e-06,1.750114910e-06,nan,nan,nan,nan
4949,61.8625,2.189599950e-06,1.750114910e-06,nan,nan,nan,nan
4950,61.875,2.189599950e-06,1.750114911e-06,nan,nan,nan,nan
4951,61.8875,2.189599951e-06,1.750114913e-06,nan,nan,nan,nan
4952,61.9,2.189599952e-06,1.750114913e-06,nan,nan,nan,nan
4953,61.9125,2.189599951e-06,1.750114911e-06,nan,nan,nan,nan
4954,61.925,2.189599948e-06,1.750114910e-06,nan,nan,nan,nan
4955,61.9375,2.189599946e-06,1.750114910e-06,nan,nan,nan,nan
4956,61.95,2.189599944e-06,1.750114912e-06,nan,nan,nan,nan
4957,61.9625,2.189599944e-06,1.750114914e-06,nan,nan,nan,nan
4958,61.975,2.189599944e-06,1.750114913e-06,nan,nan,nan,nan
4959,61.9875,2.189599945e-06,1.750114910e-06,nan,nan,nan,nan
4960,62,2.189599947e-06,1.750114907e-06,nan,nan,5.662137e-13,7.127632e-13
4961,62.0125,2.189599948e-06,1.750114906e-06,nan,nan,nan,nan
4962,62.025,2.189599948e-06,1.750114907e-06,nan,nan,nan,nan
4963,62.0375,2.189599947e-06,1.750114910e-06,nan,nan,nan,nan
4964,62.05,2.189599946e-06,1.750114913e-06,nan,nan,nan,nan
4965,62.0625,2.189599945e-06,1.750114911e-06,nan,nan,nan,nan
4966,62.075,2.189599944e-06,1.750114908e-06,nan,nan,nan,nan
4967,62.0875,2.189599945e-06,1.750114906e-06,nan,nan,nan,nan
4968,62.1,2.189599947e-06,1.750114907e-06,nan,nan,nan,nan
4969,62.1125,2.189599947e-06,1.750114909e-06,nan,nan,nan,nan
4970,62.125,2.189599945e-06,1.750114911e-06,nan,nan,nan,nan
4971,62.1375,2.189599942e-06,1.750114911e-06,nan,nan,nan,nan
4972,62.15,2.189599942e-06,1.750114909e-06,nan,nan,nan,nan
4973,62.1625,2.189599944e-06,1.750114907e-06,nan,nan,nan,nan
4974,62.175,2.189599946e-06,1.750114906e-06,nan,nan,nan,nan
4975,62.1875,2.189599947e-06,1.750114909e-06,nan,nan,nan,nan
4976,62.2,2.189599947e-06,1.750114910e-06,nan,nan,nan,nan
4977,62.2125,2.189599944e-06,1.750114909e-06,nan,nan,nan,nan
4978,62.225,2.189599943e-06,1.750114908e-06,nan,nan,nan,nan
4979,62.2375,2.189599945e-06,1.750114907e-06,nan,nan,nan,nan
4980,62.25,2.189599948e-06,1.750114906e-06,nan,nan,5.651035e-13,7.049916e-13
4981,62.2625,2.189599949e-06,1.750114906e-06,nan,nan,nan,nan
4982,62.275,2.189599947e-06,1.750114907e-06,nan,nan,nan,nan
4983,62.2875,2.189599945e-06,1.750114907e-06,nan,nan,nan,nan
4984,62.3,2.189599943e-06,1.750114908e-06,nan,nan,nan,nan
4985,62.3125,2.189599945e-06,1.750114908e-06,nan,nan,nan,nan
4986,62.325,2.189599947e-06,1.750114909e-06,nan,nan,nan,nan
4987,62.3375,2.189599949e-06,1.750114908e-06,nan,nan,nan,nan
4988,62.35,2.189599948e-06,1.750114905e-06,nan,nan,nan,nan
4989,62.3625,2.189599944e-06,1.750114906e-06,nan,nan,nan,nan
4990,62.375,2.189599942e-06,1.750114907e-06,nan,nan,nan,nan
4991,62.3875,2.189599944e-06,1.750114909e-06,nan,nan,nan,nan
4992,62.4,2.189599946e-06,1.750114909e-06,nan,nan,nan,nan
4993,62.4125,2.189599948e-06,1.750114907e-06,nan,nan,nan,nan
4994,62.425,2.189599948e-06,1.750114904e-06,nan,nan,nan,nan
4995,62.4375,2.189599946e-06,1.750114903e-06,nan,nan,nan,nan
4996,62.45,2.189599945e-06,1.750114906e-06,nan,nan,nan,nan
4997,62.4625,2.189599946e-06,1.750114910e-06,nan,nan,nan,nan
4998,62.475,2.189599946e-06,1.750114913e-06,nan,nan,nan,nan
4999,62.4875,2.189599947e-06,1.750114911e-06,nan,nan,nan,nan
5000,62.5,2.189599948e-06,1.750114907e-06,nan,nan,5.688505e-13,7.105427e-13
5001,62.5125,2.189599947e-06,1.750114903e-06,nan,nan,nan,nan
5002,62.525,2.189599946e-06,1.750114904e-06,nan,nan,nan,nan
5003,62.5375,2.189599946e-06,1.750114908e-06,nan,nan,nan,nan
5004,62.55,2.189599946e-06,1.750114912e-06,nan,nan,nan,nan
5005,62.5625,2.189599945e-06,1.750114911e-06,nan,nan,nan,nan
5006,62.575,2.189599944e-06,1.750114908e-06,nan,nan,nan,nan
5007,62.5875,2.189599945e-06,1.750114905e-06,nan,nan,nan,nan
5008,62.6,2.189599946e-06,1.750114903e-06,nan,nan,nan,nan
5009,62.6125,2.189599948e-06,1.750114905e-06,nan,nan,nan,nan
5010,62.625,2.189599946e-06,1.750114907e-06,nan,nan,nan,nan
5011,62.6375,2.189599944e-06,1.750114909e-06,nan,nan,nan,nan
5012,62.65,2.189599942e-06,1.750114907e-06,nan,nan,nan,nan
5013,62.6625,2.189599943e-06,1.750114905e-06,nan,nan,nan,nan
5014,62.675,2.189599946e-06,1.750114904e-06,nan,nan,nan,nan
5015,62.6875,2.189599949e-06,1.750114904e-06,nan,nan,nan,nan
5016,62.7,2.189599949e-06,1.750114905e-06,nan,nan,nan,nan
5017,62.7125,2.189599945e-06,1.750114908e-06,nan,nan,nan,nan
5018,62.725,2.189599943e-06,1.750114907e-06,nan,nan,nan,nan
5019,62.7375,2.189599942e-06,1.750114907e-06,nan,nan,nan,nan
5020,62.75,2.189599945e-06,1.750114906e-06,nan,nan,5.798140e-13,7.110978e-13
5021,62.7625,2.189599948e-06,1.750114905e-06,nan,nan,nan,nan
5022,62.775,2.189599947e-06,1.750114905e-06,nan,nan,nan,nan
5023,62.7875,2.189599944e-06,1.750114905e-06,nan,nan,nan,nan
5024,62.8,2.189599941e-06,1.750114906e-06,nan,nan,nan,nan
5025,62.8125,2.189599941e-06,1.750114906e-06,nan,nan,nan,nan
5026,62.825,2.189599944e-06,1.750114907e-06,nan,nan,nan,nan
5027,62.8375,2.189599948e-06,1.750114906e-06,nan,nan,nan,nan
5028,62.85,2.189599949e-06,1.750114904e-06,nan,nan,nan,nan
5029,62.8625,2.189599947e-06,1.750114903e-06,nan,nan,nan,nan
5030,62.875,2.189599943e-06,1.750114902e-06,nan,nan,nan,nan
5031,62.8875,2.189599941e-06,1.750114904e-06,nan,nan,nan,nan
5032,62.9,2.189599941e-06,1.750114906e-06,nan,nan,nan,nan
5033,62.9125,2.189599944e-06,1.750114908e-06,nan,nan,nan,nan
5034,62.925,2.189599945e-06,1.750114905e-06,nan,nan,nan,nan
5035,62.9375,2.189599945e-06,1.750114902e-06,nan,nan,nan,nan
5036,62.95,2.189599943e-06,1.750114900e-06,nan,nan,nan,nan
5037,62.9625,2.189599942e-06,1.750114902e-06,nan,nan,nan,nan
5038,62.975,2.189599941e-06,1.750114905e-06,nan,nan,nan,nan
5039,62.9875,2.189599941e-06,1.750114907e-06,nan,nan,nan,nan
5040,63,2.189599942e-06,1.750114906e-06,nan,nan,5.855039e-13,7.105427e-13
5041,63.0125,2.189599943e-06,1.750114903e-06,nan,nan,nan,nan
5042,63.025,2.189599944e-06,1.750114900e-06,nan,nan,nan,nan
5043,63.0375,2.189599944e-06,1.750114902e-06,nan,nan,nan,nan
5044,63.05,2.189599943e-06,1.750114905e-06,nan,nan,nan,nan
5045,63.0625,2.189599941e-06,1.750114907e-06,nan,nan,nan,nan
5046,63.075,2.189599940e-06,1.750114906e-06,nan,nan,nan,nan
5047,63.0875,2.189599940e-06,1.750114904e-06,nan,nan,nan,nan
5048,63.1,2.189599942e-06,1.750114901e-06,nan,nan,nan,nan
5049,63.1125,2.189599944e-06,1.750114900e-06,nan,nan,nan,nan
5050,63.125,2.189599947e-06,1.750114902e-06,nan,nan,nan,nan
5051,63.1375,2.189599944e-06,1.750114905e-06,nan,nan,nan,nan
5052,63.15,2.189599941e-06,1.750114907e-06,nan,nan,nan,nan
5053,63.1625,2.189599938e-06,1.750114907e-06,nan,nan,nan,nan
5054,63.175,2.189599938e-06,1.750114904e-06,nan,nan,nan,nan
5055,63.1875,2.189599941e-06,1.750114902e-06,nan,nan,nan,nan
5056,63.2,2.189599943e-06,1.750114903e-06,nan,nan,nan,nan
5057,63.2125,2.189599943e-06,1.750114902e-06,nan,nan,nan,nan
5058,63.225,2.189599941e-06,1.750114903e-06,nan,nan,nan,nan
5059,63.2375,2.189599938e-06,1.750114903e-06,nan,nan,nan,nan
5060,63.25,2.189599937e-06,1.750114903e-06,nan,nan,5.814793e-13,6.972201e-13
5061,63.2625,2.189599937e-06,1.750114904e-06,nan,nan,nan,nan
5062,63.275,2.189599941e-06,1.750114905e-06,nan,nan,nan,nan
5063,63.2875,2.189599942e-06,1.750114903e-06,nan,nan,nan,nan
5064,63.3,2.189599941e-06,1.750114902e-06,nan,nan,nan,nan
5065,63.3125,2.189599939e-06,1.750114901e-06,nan,nan,nan,nan
5066,63.325,2.189599936e-06,1.750114901e-06,nan,nan,nan,nan
5067,63.3375,2.189599935e-06,1.750114904e-06,nan,nan,nan,nan
5068,63.35,2.189599937e-06,1.750114905e-06,nan,nan,nan,nan
5069,63.3625,2.189599938e-06,1.750114903e-06,nan,nan,nan,nan
5070,63.375,2.189599940e-06,1.750114901e-06,nan,nan,nan,nan
5071,63.3875,2.189599939e-06,1.750114898e-06,nan,nan,nan,nan
5072,63.4,2.189599937e-06,1.750114900e-06,nan,nan,nan,nan
5073,63.4125,2.189599936e-06,1.750114905e-06,nan,nan,nan,nan
5074,63.425,2.189599937e-06,1.750114909e-06,nan,nan,nan,nan
5075,63.4375,2.189599940e-06,1.750114909e-06,nan,nan,nan,nan
5076,63.45,2.189599940e-06,1.750114905e-06,nan,nan,nan,nan
5077,63.4625,2.189599939e-06,1.750114898e-06,nan,nan,nan,nan
5078,63.475,2.189599937e-06,1.750114896e-06,nan,nan,nan,nan
5079,63.4875,2.189599936e-06,1.750114900e-06,nan,nan,nan,nan
5080,63.5,2.189599935e-06,1.750114905e-06,nan,nan,6.225576e-13,7.105427e-13
5081,63.5125,2.189599936e-06,1.750114907e-06,nan,nan,nan,nan
5082,63.525,2.189599939e-06,1.750114903e-06,nan,nan,nan,nan
5083,63.5375,2.189599940e-06,1.750114898e-06,nan,nan,nan,nan
5084,63.55,2.189599941e-06,1.750114896e-06,nan,nan,nan,nan
5085,63.5625,2.189599940e-06,1.750114900e-06,nan,nan,nan,nan
5086,63.575,2.189599938e-06,1.750114907e-06,nan,nan,nan,nan
5087,63.5875,2.189599936e-06,1.750114910e-06,nan,nan,nan,nan
5088,63.6,2.189599936e-06,1.750114908e-06,nan,nan,nan,nan
5089,63.6125,2.189599937e-06,1.750114902e-06,nan,nan,nan,nan
5090,63.625,2.189599939e-06,1.750114900e-06,nan,nan,nan,nan
5091,63.6375,2.189599940e-06,1.750114902e-06,nan,nan,nan,nan
5092,63.65,2.189599939e-06,1.750114904e-06,nan,nan,nan,nan
5093,63.6625,2.189599935e-06,1.750114907e-06,nan,nan,nan,nan
5094,63.675,2.189599933e-06,1.750114907e-06,nan,nan,nan,nan
5095,63.6875,2.189599933e-06,1.750114906e-06,nan,nan,nan,nan
5096,63.7,2.189599936e-06,1.750114904e-06,nan,nan,nan,nan
5097,63.7125,2.189599940e-06,1.750114904e-06,nan,nan,nan,nan
5098,63.725,2.189599941e-06,1.750114903e-06,nan,nan,nan,nan
5099,63.7375,2.189599937e-06,1.750114903e-06,nan,nan,nan,nan
5100,63.75,2.189599933e-06,1.750114902e-06,nan,nan,6.161738e-13,7.216450e-13
5101,63.7625,2.189599930e-06,1.750114903e-06,nan,nan,nan,nan
5102,63.775,2.189599931e-06,1.750114904e-06,nan,nan,nan,nan
5103,63.7875,2.189599938e-06,1.750114905e-06,nan,nan,nan,nan
5104,63.8,2.189599942e-06,1.750114903e-06,nan,nan,nan,nan
5105,63.8125,2.189599942e-06,1.750114900e-06,nan,nan,nan,nan
5106,63.825,2.189599936e-06,1.750114898e-06,nan,nan,nan,nan
5107,63.8375,2.189599931e-06,1.750114900e-06,nan,nan,nan,nan
5108,63.85,2.189599929e-06,1.750114906e-06,nan,nan,nan,nan
5109,63.8625,2.189599932e-06,1.750114908e-06,nan,nan,nan,nan
5110,63.875,2.189599935e-06,1.750114906e-06,nan,nan,nan,nan
5111,63.8875,2.189599937e-06,1.750114903e-06,nan,nan,nan,nan
5112,63.9,2.189599936e-06,1.750114899e-06,nan,nan,nan,nan
5113,63.9125,2.189599933e-06,1.750114899e-06,nan,nan,nan,nan
5114,63.925,2.189599931e-06,1.750114906e-06,nan,nan,nan,nan
5115,63.9375,2.189599933e-06,1.750114910e-06,nan,nan,nan,nan
5116,63.95,2.189599937e-06,1.750114909e-06,nan,nan,nan,nan
5117,63.9625,2.189599939e-06,1.750114903e-06,nan,nan,nan,nan
5118,63.975,2.189599938e-06,1.750114898e-06,nan,nan,nan,nan
5119,63.9875,2.189599936e-06,1.750114899e-06,nan,nan,nan,nan
5120,64,2.189599936e-06,1.750114905e-06,nan,nan,6.074308e-13,7.127632e-13
5121,64.0125,2.189599936e-06,1.750114911e-06,nan,nan,nan,nan
5122,64.025,2.189599936e-06,1.750114911e-06,nan,nan,nan,nan
5123,64.0375,2.189599936e-06,1.750114905e-06,nan,nan,nan,nan
5124,64.05,2.189599937e-06,1.750114898e-06,nan,nan,nan,nan
5125,64.0625,2.189599937e-06,1.750114896e-06,nan,nan,nan,nan
5126,64.075,2.189599938e-06,1.750114901e-06,nan,nan,nan,nan
5127,64.0875,2.189599937e-06,1.750114907e-06,nan,nan,nan,nan
5128,64.1,2.189599936e-06,1.750114909e-06,nan,nan,nan,nan
5129,64.1125,2.189599935e-06,1.750114906e-06,nan,nan,nan,nan
5130,64.125,2.189599935e-06,1.750114901e-06,nan,nan,nan,nan
5131,64.1375,2.189599936e-06,1.750114899e-06,nan,nan,nan,nan
5132,64.15,2.189599939e-06,1.750114901e-06,nan,nan,nan,nan
5133,64.1625,2.189599938e-06,1.750114905e-06,nan,nan,nan,nan
5134,64.175,2.189599937e-06,1.750114906e-06,nan,nan,nan,nan
5135,64.1875,2.189599933e-06,1.750114905e-06,nan,nan,nan,nan
5136,64.2,2.189599933e-06,1.750114903e-06,nan,nan,nan,nan
5137,64.2125,2.189599936e-06,1.750114904e-06,nan,nan,nan,nan
5138,64.225,2.189599941e-06,1.750114903e-06,nan,nan,nan,nan
5139,64.2375,2.189599943e-06,1.750114904e-06,nan,nan,nan,nan
5140,64.25,2.189599940e-06,1.750114903e-06,nan,nan,6.100676e-13,7.227552e-13
5141,64.2625,2.189599936e-06,1.750114903e-06,nan,nan,nan,nan
5142,64.275,2.189599935e-06,1.750114903e-06,nan,nan,nan,nan
5143,64.2875,2.189599936e-06,1.750114906e-06,nan,nan,nan,nan
5144,64.3,2.189599942e-06,1.750114907e-06,nan,nan,nan,nan
5145,64.3125,2.189599944e-06,1.750114904e-06,nan,nan,nan,nan
5146,64.325,2.189599941e-06,1.750114902e-06,nan,nan,nan,nan
5147,64.3375,2.189599937e-06,1.750114901e-06,nan,nan,nan,nan
5148,64.35,2.189599933e-06,1.750114904e-06,nan,nan,nan,nan
5149,64.3625,2.189599935e-06,1.750114908e-06,nan,nan,nan,nan
5150,64.375,2.189599938e-06,1.750114911e-06,nan,nan,nan,nan
5151,64.3875,2.189599942e-06,1.750114908e-06,nan,nan,nan,nan
5152,64.4,2.189599942e-06,1.750114901e-06,nan,nan,nan,nan
5153,64.4125,2.189599940e-06,1.750114898e-06,nan,nan,nan,nan
5154,64.425,2.189599937e-06,1.750114900e-06,nan,nan,nan,nan
5155,64.4375,2.189599936e-06,1.750114907e-06,nan,nan,nan,nan
5156,64.45,2.189599938e-06,1.750114911e-06,nan,nan,nan,nan
5157,64.4625,2.189599939e-06,1.750114910e-06,nan,nan,nan,nan
5158,64.475,2.189599939e-06,1.750114904e-06,nan,nan,nan,nan
5159,64.4875,2.189599938e-06,1.750114898e-06,nan,nan,nan,nan
5160,64.5,2.189599939e-06,1.750114898e-06,nan,nan,6.150636e-13,7.172041e-13
5161,64.5125,2.189599938e-06,1.750114903e-06,nan,nan,nan,nan
5162,64.525,2.189599939e-06,1.750114908e-06,nan,nan,nan,nan
5163,64.5375,2.189599939e-06,1.750114910e-06,nan,nan,nan,nan
5164,64.55,2.189599937e-06,1.750114907e-06,nan,nan,nan,nan
5165,64.5625,2.189599938e-06,1.750114904e-06,nan,nan,nan,nan
5166,64.575,2.189599940e-06,1.750114903e-06,nan,nan,nan,nan
5167,64.5875,2.189599942e-06,1.750114905e-06,nan,nan,nan,nan
5168,64.6,2.189599943e-06,1.750114909e-06,nan,nan,nan,nan
5169,64.6125,2.189599941e-06,1.750114911e-06,nan,nan,nan,nan
5170,64.625,2.189599938e-06,1.750114910e-06,nan,nan,nan,nan
5171,64.6375,2.189599937e-06,1.750114907e-06,nan,nan,nan,nan
5172,64.65,2.189599939e-06,1.750114905e-06,nan,nan,nan,nan
5173,64.6625,2.189599943e-06,1.750114905e-06,nan,nan,nan,nan
5174,64.675,2.189599946e-06,1.750114905e-06,nan,nan,nan,nan
5175,64.6875,2.189599944e-06,1.750114904e-06,nan,nan,nan,nan
5176,64.7,2.189599941e-06,1.750114904e-06,nan,nan,nan,nan
5177,64.7125,2.189599938e-06,1.750114905e-06,nan,nan,nan,nan
5178,64.725,2.189599939e-06,1.750114907e-06,nan,nan,nan,nan
5179,64.7375,2.189599943e-06,1.750114907e-06,nan,nan,nan,nan
5180,64.75,2.189599944e-06,1.750114906e-06,nan,nan,6.133982e-13,7.216450e-13
5181,64.7625,2.189599943e-06,1.750114903e-06,nan,nan,nan,nan
5182,64.775,2.189599939e-06,1.750114901e-06,nan,nan,nan,nan
5183,64.7875,2.189599936e-06,1.750114904e-06,nan,nan,nan,nan
5184,64.8,2.189599937e-06,1.750114907e-06,nan,nan,nan,nan
5185,64.8125,2.189599940e-06,1.750114910e-06,nan,nan,nan,nan
5186,64.825,2.189599943e-06,1.750114908e-06,nan,nan,nan,nan
5187,64.8375,2.189599944e-06,1.750114905e-06,nan,nan,nan,nan
5188,64.85,2.189599941e-06,1.750114901e-06,nan,nan,nan,nan
5189,64.8625,2.189599938e-06,1.750114903e-06,nan,nan,nan,nan
5190,64.875,2.189599936e-06,1.750114907e-06,nan,nan,nan,nan
5191,64.8875,2.189599939e-06,1.750114911e-06,nan,nan,nan,nan
5192,64.9,2.189599942e-06,1.750114910e-06,nan,nan,nan,nan
5193,64.9125,2.189599944e-06,1.750114906e-06,nan,nan,nan,nan
5194,64.925,2.189599944e-06,1.750114900e-06,nan,nan,nan,nan
5195,64.9375,2.189599943e-06,1.750114899e-06,nan,nan,nan,nan
5196,64.95,2.189599941e-06,1.750114903e-06,nan,nan,nan,nan
5197,64.9625,2.189599941e-06,1.750114910e-06,nan,nan,nan,nan
5198,64.975,2.189599941e-06,1.750114911e-06,nan,nan,nan,nan
5199,64.9875,2.189599942e-06,1.750114907e-06,nan,nan,nan,nan
5200,65,2.189599941e-06,1.750114901e-06,nan,nan,6.057654e-13,7.283063e-13
5201,65.0125,2.189599942e-06,1.750114900e-06,nan,nan,nan,nan
5202,65.025,2.189599942e-06,1.750114902e-06,nan,nan,nan,nan
5203,65.0375,2.189599943e-06,1.750114908e-06,nan,nan,nan,nan
5204,65.05,2.189599940e-06,1.750114911e-06,nan,nan,nan,nan
5205,65.0625,2.189599939e-06,1.750114910e-06,nan,nan,nan,nan
5206,65.075,2.189599937e-06,1.750114905e-06,nan,nan,nan,nan
5207,65.0875,2.189599939e-06,1.750114901e-06,nan,nan,nan,nan
5208,65.1,2.189599944e-06,1.750114901e-06,nan,nan,nan,nan
5209,65.1125,2.189599945e-06,1.750114905e-06,nan,nan,nan,nan
5210,65.125,2.189599944e-06,1.750114909e-06,nan,nan,nan,nan
5211,65.1375,2.189599940e-06,1.750114908e-06,nan,nan,nan,nan
5212,65.15,2.189599937e-06,1.750114905e-06,nan,nan,nan,nan
5213,65.1625,2.189599938e-06,1.750114901e-06,nan,nan,nan,nan
5214,65.175,2.189599943e-06,1.750114901e-06,nan,nan,nan,nan
5215,65.1875,2.189599946e-06,1.750114901e-06,nan,nan,nan,nan
5216,65.2,2.189599946e-06,1.750114903e-06,nan,nan,nan,nan
5217,65.2125,2.189599941e-06,1.750114906e-06,nan,nan,nan,nan
5218,65.225,2.189599938e-06,1.750114906e-06,nan,nan,nan,nan
5219,65.2375,2.189599940e-06,1.750114906e-06,nan,nan,nan,nan
5220,65.25,2.189599946e-06,1.750114905e-06,nan,nan,6.136758e-13,7.599477e-13
5221,65.2625,2.189599949e-06,1.750114903e-06,nan,nan,nan,nan
5222,65.275,2.189599946e-06,1.750114901e-06,nan,nan,nan,nan
5223,65.2875,2.189599939e-06,1.750114901e-06,nan,nan,nan,nan
5224,65.3,2.189599935e-06,1.750114905e-06,nan,nan,nan,nan
5225,65.3125,2.189599936e-06,1.750114909e-06,nan,nan,nan,nan
5226,65.325,2.189599941e-06,1.750114910e-06,nan,nan,nan,nan
5227,65.3375,2.189599947e-06,1.750114907e-06,nan,nan,nan,nan
5228,65.35,2.189599947e-06,1.750114902e-06,nan,nan,nan,nan
5229,65.3625,2.189599943e-06,1.750114900e-06,nan,nan,nan,nan
5230,65.375,2.189599939e-06,1.750114902e-06,nan,nan,nan,nan
5231,65.3875,2.189599939e-06,1.750114910e-06,nan,nan,nan,nan
5232,65.4,2.189599943e-06,1.750114913e-06,nan,nan,nan,nan
5233,65.4125,2.189599945e-06,1.750114911e-06,nan,nan,nan,nan
5234,65.425,2.189599946e-06,1.750114904e-06,nan,nan,nan,nan
5235,65.4375,2.189599942e-06,1.750114899e-06,nan,nan,nan,nan
5236,65.45,2.189599940e-06,1.750114898e-06,nan,nan,nan,nan
5237,65.4625,2.189599940e-06,1.750114903e-06,nan,nan,nan,nan
5238,65.475,2.189599942e-06,1.750114910e-06,nan,nan,nan,nan
5239,65.4875,2.189599943e-06,1.750114911e-06,nan,nan,nan,nan
5240,65.5,2.189599942e-06,1.750114907e-06,nan,nan,5.999368e-13,7.638334e-13
5241,65.5125,2.189599941e-06,1.750114900e-06,nan,nan,nan,nan
5242,65.525,2.189599940e-06,1.750114899e-06,nan,nan,nan,nan
5243,65.5375,2.189599942e-06,1.750114902e-06,nan,nan,nan,nan
5244,65.55,2.189599944e-06,1.750114909e-06,nan,nan,nan,nan
5245,65.5625,2.189599942e-06,1.750114910e-06,nan,nan,nan,nan
5246,65.575,2.189599938e-06,1.750114908e-06,nan,nan,nan,nan
5247,65.5875,2.189599939e-06,1.750114902e-06,nan,nan,nan,nan
5248,65.6,2.189599941e-06,1.750114900e-06,nan,nan,nan,nan
5249,65.6125,2.189599947e-06,1.750114903e-06,nan,nan,nan,nan
5250,65.625,2.189599947e-06,1.750114907e-06,nan,nan,nan,nan
5251,65.6375,2.189599944e-06,1.750114908e-06,nan,nan,nan,nan
5252,65.65,2.189599938e-06,1.750114907e-06,nan,nan,nan,nan
5253,65.6625,2.189599935e-06,1.750114903e-06,nan,nan,nan,nan
5254,65.675,2.189599938e-06,1.750114903e-06,nan,nan,nan,nan
5255,65.6875,2.189599945e-06,1.750114904e-06,nan,nan,nan,nan
5256,65.7,2.189599947e-06,1.750114906e-06,nan,nan,nan,nan
5257,65.7125,2.189599944e-06,1.750114907e-06,nan,nan,nan,nan
5258,65.725,2.189599938e-06,1.750114906e-06,nan,nan,nan,nan
5259,65.7375,2.189599935e-06,1.750114904e-06,nan,nan,nan,nan
5260,65.75,2.189599939e-06,1.750114904e-06,nan,nan,6.059042e-13,7.610579e-13
5261,65.7625,2.189599944e-06,1.750114905e-06,nan,nan,nan,nan
5262,65.775,2.189599947e-06,1.750114905e-06,nan,nan,nan,nan
5263,65.7875,2.189599942e-06,1.750114904e-06,nan,nan,nan,nan
5264,65.8,2.189599937e-06,1.750114902e-06,nan,nan,nan,nan
5265,65.8125,2.189599934e-06,1.750114903e-06,nan,nan,nan,nan
5266,65.825,2.189599936e-06,1.750114907e-06,nan,nan,nan,nan
5267,65.8375,2.189599942e-06,1.750114908e-06,nan,nan,nan,nan
5268,65.85,2.189599946e-06,1.750114906e-06,nan,nan,nan,nan
5269,65.8625,2.189599943e-06,1.750114902e-06,nan,nan,nan,nan
5270,65.875,2.189599939e-06,1.750114899e-06,nan,nan,nan,nan
5271,65.8875,2.189599938e-06,1.750114900e-06,nan,nan,nan,nan
5272,65.9,2.189599939e-06,1.750114905e-06,nan,nan,nan,nan
5273,65.9125,2.189599942e-06,1.750114909e-06,nan,nan,nan,nan
5274,65.925,2.189599944e-06,1.750114908e-06,nan,nan,nan,nan
5275,65.9375,2.189599942e-06,1.750114902e-06,nan,nan,nan,nan
5276,65.95,2.189599940e-06,1.750114899e-06,nan,nan,nan,nan
5277,65.9625,2.189599939e-06,1.750114899e-06,nan,nan,nan,nan
5278,65.975,2.189599939e-06,1.750114906e-06,nan,nan,nan,nan
5279,65.9875,2.189599941e-06,1.750114911e-06,nan,nan,nan,nan
5280,66,2.189599940e-06,1.750114910e-06,nan,nan,6.199208e-13,7.682743e-13
5281,66.0125,2.189599939e-06,1.750114904e-06,nan,nan,nan,nan
5282,66.025,2.189599940e-06,1.750114898e-06,nan,nan,nan,nan
5283,66.0375,2.189599940e-06,1.750114897e-06,nan,nan,nan,nan
5284,66.05,2.189599941e-06,1.750114902e-06,nan,nan,nan,nan
5285,66.0625,2.189599941e-06,1.750114908e-06,nan,nan,nan,nan
5286,66.075,2.189599939e-06,1.750114907e-06,nan,nan,nan,nan
5287,66.0875,2.189599937e-06,1.750114903e-06,nan,nan,nan,nan
5288,66.1,2.189599938e-06,1.750114898e-06,nan,nan,nan,nan
5289,66.1125,2.189599941e-06,1.750114898e-06,nan,nan,nan,nan
5290,66.125,2.189599942e-06,1.750114902e-06,nan,nan,nan,nan
5291,66.1375,2.189599941e-06,1.750114905e-06,nan,nan,nan,nan
5292,66.15,2.189599937e-06,1.750114906e-06,nan,nan,nan,nan
5293,66.1625,2.189599934e-06,1.750114904e-06,nan,nan,nan,nan
5294,66.175,2.189599935e-06,1.750114901e-06,nan,nan,nan,nan
5295,66.1875,2.189599941e-06,1.750114901e-06,nan,nan,nan,nan
5296,66.2,2.189599944e-06,1.750114904e-06,nan,nan,nan,nan
5297,66.2125,2.189599944e-06,1.750114905e-06,nan,nan,nan,nan
5298,66.225,2.189599939e-06,1.750114904e-06,nan,nan,nan,nan
5299,66.2375,2.189599934e-06,1.750114902e-06,nan,nan,nan,nan
5300,66.25,2.189599933e-06,1.750114902e-06,nan,nan,6.333822e-13,7.804868e-13
5301,66.2625,2.189599935e-06,1.750114905e-06,nan,nan,nan,nan
5302,66.275,2.189599940e-06,1.750114906e-06,nan,nan,nan,nan
5303,66.2875,2.189599943e-06,1.750114904e-06,nan,nan,nan,nan
5304,66.3,2.189599942e-06,1.750114902e-06,nan,nan,nan,nan
5305,66.3125,2.189599939e-06,1.750114899e-06,nan,nan,nan,nan
5306,66.325,2.189599936e-06,1.750114901e-06,nan,nan,nan,nan
5307,66.3375,2.189599936e-06,1.750114905e-06,nan,nan,nan,nan
5308,66.35,2.189599938e-06,1.750114909e-06,nan,nan,nan,nan
5309,66.3625,2.189599941e-06,1.750114907e-06,nan,nan,nan,nan
5310,66.375,2.189599942e-06,1.750114902e-06,nan,nan,nan,nan
5311,66.3875,2.189599939e-06,1.750114899e-06,nan,nan,nan,nan
5312,66.4,2.189599936e-06,1.750114901e-06,nan,nan,nan,nan
5313,66.4125,2.189599936e-06,1.750114906e-06,nan,nan,nan,nan
5314,66.425,2.189599937e-06,1.750114908e-06,nan,nan,nan,nan
5315,66.4375,2.189599938e-06,1.750114907e-06,nan,nan,nan,nan
5316,66.45,2.189599940e-06,1.750114902e-06,nan,nan,nan,nan
5317,66.4625,2.189599940e-06,1.750114897e-06,nan,nan,nan,nan
5318,66.475,2.189599939e-06,1.750114899e-06,nan,nan,nan,nan
5319,66.4875,2.189599939e-06,1.750114905e-06,nan,nan,nan,nan
5320,66.5,2.189599939e-06,1.750114910e-06,nan,nan,6.315781e-13,7.971401e-13
5321,66.5125,2.189599938e-06,1.750114908e-06,nan,nan,nan,nan
5322,66.525,2.189599938e-06,1.750114903e-06,nan,nan,nan,nan
5323,66.5375,2.189599939e-06,1.750114900e-06,nan,nan,nan,nan
5324,66.55,2.189599940e-06,1.750114900e-06,nan,nan,nan,nan
5325,66.5625,2.189599941e-06,1.750114904e-06,nan,nan,nan,nan
5326,66.575,2.189599940e-06,1.750114909e-06,nan,nan,nan,nan
5327,66.5875,2.189599939e-06,1.750114909e-06,nan,nan,nan,nan
5328,66.6,2.189599937e-06,1.750114905e-06,nan,nan,nan,nan
5329,66.6125,2.189599937e-06,1.750114901e-06,nan,nan,nan,nan
5330,66.625,2.189599939e-06,1.750114900e-06,nan,nan,nan,nan
5331,66.6375,2.189599941e-06,1.750114903e-06,nan,nan,nan,nan
5332,66.65,2.189599941e-06,1.750114907e-06,nan,nan,nan,nan
5333,66.6625,2.189599939e-06,1.750114908e-06,nan,nan,nan,nan
5334,66.675,2.189599935e-06,1.750114907e-06,nan,nan,nan,nan
5335,66.6875,2.189599935e-06,1.750114906e-06,nan,nan,nan,nan
5336,66.7,2.189599937e-06,1.750114906e-06,nan,nan,nan,nan
5337,66.7125,2.189599942e-06,1.750114907e-06,nan,nan,nan,nan
5338,66.725,2.189599944e-06,1.750114906e-06,nan,nan,nan,nan
5339,66.7375,2.189599941e-06,1.750114904e-06,nan,nan,nan,nan
5340,66.75,2.189599935e-06,1.750114904e-06,nan,nan,6.361578e-13,8.004708e-13
5341,66.7625,2.189599932e-06,1.750114905e-06,nan,nan,nan,nan
5342,66.775,2.189599934e-06,1.750114908e-06,nan,nan,nan,nan
5343,66.7875,2.189599940e-06,1.750114908e-06,nan,nan,nan,nan
5344,66.8,2.189599944e-06,1.750114905e-06,nan,nan,nan,nan
5345,66.8125,2.189599941e-06,1.750114902e-06,nan,nan,nan,nan
5346,66.825,2.189599935e-06,1.750114901e-06,nan,nan,nan,nan
5347,66.8375,2.189599931e-06,1.750114904e-06,nan,nan,nan,nan
5348,66.85,2.189599933e-06,1.750114908e-06,nan,nan,nan,nan
5349,66.8625,2.189599940e-06,1.750114911e-06,nan,nan,nan,nan
5350,66.875,2.189599945e-06,1.750114908e-06,nan,nan,nan,nan
5351,66.8875,2.189599944e-06,1.750114903e-06,nan,nan,nan,nan
5352,66.9,2.189599938e-06,1.750114900e-06,nan,nan,nan,nan
5353,66.9125,2.189599934e-06,1.750114901e-06,nan,nan,nan,nan
5354,66.925,2.189599934e-06,1.750114907e-06,nan,nan,nan,nan
5355,66.9375,2.189599938e-06,1.750114911e-06,nan,nan,nan,nan
5356,66.95,2.189599943e-06,1.750114909e-06,nan,nan,nan,nan
5357,66.9625,2.189599943e-06,1.750114903e-06,nan,nan,nan,nan
5358,66.975,2.189599941e-06,1.750114898e-06,nan,nan,nan,nan
5359,66.9875,2.189599937e-06,1.750114898e-06,nan,nan,nan,nan
5360,67,2.189599935e-06,1.750114904e-06,nan,nan,6.354639e-13,8.126833e-13
5361,67.0125,2.189599937e-06,1.750114910e-06,nan,nan,nan,nan
5362,67.025,2.189599939e-06,1.750114911e-06,nan,nan,nan,nan
5363,67.0375,2.189599939e-06,1.750114905e-06,nan,nan,nan,nan
5364,67.05,2.189599941e-06,1.750114900e-06,nan,nan,nan,nan
5365,67.0625,2.189599941e-06,1.750114897e-06,nan,nan,nan,nan
5366,67.075,2.189599942e-06,1.750114901e-06,nan,nan,nan,nan
5367,67.0875,2.189599940e-06,1.750114907e-06,nan,nan,nan,nan
5368,67.1,2.189599939e-06,1.750114908e-06,nan,nan,nan,nan
5369,67.1125,2.189599937e-06,1.750114906e-06,nan,nan,nan,nan
5370,67.125,2.189599938e-06,1.750114902e-06,nan,nan,nan,nan
5371,67.1375,2.189599942e-06,1.750114900e-06,nan,nan,nan,nan
5372,67.15,2.189599946e-06,1.750114901e-06,nan,nan,nan,nan
5373,67.1625,2.189599946e-06,1.750114906e-06,nan,nan,nan,nan
5374,67.175,2.189599939e-06,1.750114908e-06,nan,nan,nan,nan
5375,67.1875,2.189599933e-06,1.750114907e-06,nan,nan,nan,nan
5376,67.2,2.189599933e-06,1.750114904e-06,nan,nan,nan,nan
5377,67.2125,2.189599940e-06,1.750114903e-06,nan,nan,nan,nan
5378,67.225,2.189599947e-06,1.750114903e-06,nan,nan,nan,nan
5379,67.2375,2.189599947e-06,1.750114903e-06,nan,nan,nan,nan
5380,67.25,2.189599941e-06,1.750114904e-06,nan,nan,6.289413e-13,8.121281e-13
5381,67.2625,2.189599934e-06,1.750114904e-06,nan,nan,nan,nan
5382,67.275,2.189599932e-06,1.750114905e-06,nan,nan,nan,nan
5383,67.2875,2.189599937e-06,1.750114905e-06,nan,nan,nan,nan
5384,67.3,2.189599946e-06,1.750114904e-06,nan,nan,nan,nan
5385,67.3125,2.189599947e-06,1.750114902e-06,nan,nan,nan,nan
5386,67.325,2.189599943e-06,1.750114903e-06,nan,nan,nan,nan
5387,67.3375,2.189599935e-06,1.750114903e-06,nan,nan,nan,nan
5388,67.35,2.189599932e-06,1.750114905e-06,nan,nan,nan,nan
5389,67.3625,2.189599937e-06,1.750114908e-06,nan,nan,nan,nan
5390,67.375,2.189599943e-06,1.750114908e-06,nan,nan,nan,nan
5391,67.3875,2.189599947e-06,1.750114904e-06,nan,nan,nan,nan
5392,67.4,2.189599944e-06,1.750114900e-06,nan,nan,nan,nan
5393,67.4125,2.189599937e-06,1.750114900e-06,nan,nan,nan,nan
5394,67.425,2.189599934e-06,1.750114905e-06,nan,nan,nan,nan
5395,67.4375,2.189599937e-06,1.750114911e-06,nan,nan,nan,nan
5396,67.45,2.189599941e-06,1.750114911e-06,nan,nan,nan,nan
5397,67.4625,2.189599945e-06,1.750114906e-06,nan,nan,nan,nan
5398,67.475,2.189599943e-06,1.750114901e-06,nan,nan,nan,nan
5399,67.4875,2.189599940e-06,1.750114898e-06,nan,nan,nan,nan
5400,67.5,2.189599940e-06,1.750114902e-06,nan,nan,6.335210e-13,8.215650e-13
5401,67.5125,2.189599942e-06,1.750114909e-06,nan,nan,nan,nan
5402,67.525,2.189599943e-06,1.750114913e-06,nan,nan,nan,nan
5403,67.5375,2.189599941e-06,1.750114910e-06,nan,nan,nan,nan
5404,67.55,2.189599939e-06,1.750114903e-06,nan,nan,nan,nan
5405,67.5625,2.189599939e-06,1.750114898e-06,nan,nan,nan,nan
5406,67.575,2.189599940e-06,1.750114900e-06,nan,nan,nan,nan
5407,67.5875,2.189599943e-06,1.750114905e-06,nan,nan,nan,nan
5408,67.6,2.189599943e-06,1.750114910e-06,nan,nan,nan,nan
5409,67.6125,2.189599939e-06,1.750114909e-06,nan,nan,nan,nan
5410,67.625,2.189599935e-06,1.750114906e-06,nan,nan,nan,nan
5411,67.6375,2.189599935e-06,1.750114902e-06,nan,nan,nan,nan
5412,67.65,2.189599941e-06,1.750114904e-06,nan,nan,nan,nan
5413,67.6625,2.189599945e-06,1.750114907e-06,nan,nan,nan,nan
5414,67.675,2.189599945e-06,1.750114908e-06,nan,nan,nan,nan
5415,67.6875,2.189599939e-06,1.750114908e-06,nan,nan,nan,nan
5416,67.7,2.189599935e-06,1.750114906e-06,nan,nan,nan,nan
5417,67.7125,2.189599935e-06,1.750114905e-06,nan,nan,nan,nan
5418,67.725,2.189599940e-06,1.750114905e-06,nan,nan,nan,nan
5419,67.7375,2.189599947e-06,1.750114905e-06,nan,nan,nan,nan
5420,67.75,2.189599947e-06,1.750114904e-06,nan,nan,6.181167e-13,8.221201e-13
5421,67.7625,2.189599942e-06,1.750114902e-06,nan,nan,nan,nan
5422,67.775,2.189599936e-06,1.750114903e-06,nan,nan,nan,nan
5423,67.7875,2.189599934e-06,1.750114904e-06,nan,nan,nan,nan
5424,67.8,2.189599939e-06,1.750114907e-06,nan,nan,nan,nan
5425,67.8125,2.189599946e-06,1.750114907e-06,nan,nan,nan,nan
5426,67.825,2.189599948e-06,1.750114905e-06,nan,nan,nan,nan
5427,67.8375,2.189599943e-06,1.750114902e-06,nan,nan,nan,nan
5428,67.85,2.189599937e-06,1.750114903e-06,nan,nan,nan,nan
5429,67.8625,2.189599936e-06,1.750114906e-06,nan,nan,nan,nan
5430,67.875,2.189599939e-06,1.750114910e-06,nan,nan,nan,nan
5431,67.8875,2.189599943e-06,1.750114910e-06,nan,nan,nan,nan
5432,67.9,2.189599945e-06,1.750114905e-06,nan,nan,nan,nan
5433,67.9125,2.189599942e-06,1.750114899e-06,nan,nan,nan,nan
5434,67.925,2.189599939e-06,1.750114898e-06,nan,nan,nan,nan
5435,67.9375,2.189599937e-06,1.750114903e-06,nan,nan,nan,nan
5436,67.95,2.189599938e-06,1.750114909e-06,nan,nan,nan,nan
5437,67.9625,2.189599941e-06,1.750114910e-06,nan,nan,nan,nan
5438,67.975,2.189599941e-06,1.750114907e-06,nan,nan,nan,nan
5439,67.9875,2.189599941e-06,1.750114902e-06,nan,nan,nan,nan
5440,68,2.189599940e-06,1.750114899e-06,nan,nan,6.082634e-13,8.171241e-13
5441,68.0125,2.189599941e-06,1.750114901e-06,nan,nan,nan,nan
5442,68.025,2.189599941e-06,1.750114906e-06,nan,nan,nan,nan
5443,68.0375,2.189599941e-06,1.750114908e-06,nan,nan,nan,nan
5444,68.05,2.189599941e-06,1.750114906e-06,nan,nan,nan,nan
5445,68.0625,2.189599939e-06,1.750114902e-06,nan,nan,nan,nan
5446,68.075,2.189599940e-06,1.750114900e-06,nan,nan,nan,nan
5447,68.0875,2.189599942e-06,1.750114901e-06,nan,nan,nan,nan
5448,68.1,2.189599942e-06,1.750114904e-06,nan,nan,nan,nan
5449,68.1125,2.189599942e-06,1.750114906e-06,nan,nan,nan,nan
5450,68.125,2.189599938e-06,1.750114905e-06,nan,nan,nan,nan
5451,68.1375,2.189599936e-06,1.750114903e-06,nan,nan,nan,nan
5452,68.15,2.189599939e-06,1.750114901e-06,nan,nan,nan,nan
5453,68.1625,2.189599943e-06,1.750114902e-06,nan,nan,nan,nan
5454,68.175,2.189599946e-06,1.750114903e-06,nan,nan,nan,nan
5455,68.1875,2.189599943e-06,1.750114904e-06,nan,nan,nan,nan
5456,68.2,2.189599937e-06,1.750114905e-06,nan,nan,nan,nan
5457,68.2125,2.189599935e-06,1.750114905e-06,nan,nan,nan,nan
5458,68.225,2.189599936e-06,1.750114905e-06,nan,nan,nan,nan
5459,68.2375,2.189599944e-06,1.750114905e-06,nan,nan,nan,nan
5460,68.25,2.189599949e-06,1.750114904e-06,nan,nan,6.061818e-13,8.243406e-13
5461,68.2625,2.189599948e-06,1.750114903e-06,nan,nan,nan,nan
5462,68.275,2.189599941e-06,1.750114901e-06,nan,nan,nan,nan
5463,68.2875,2.189599934e-06,1.750114903e-06,nan,nan,nan,nan
5464,68.3,2.189599932e-06,1.750114906e-06,nan,nan,nan,nan
5465,68.3125,2.189599938e-06,1.750114907e-06,nan,nan,nan,nan
5466,68.325,2.189599945e-06,1.750114906e-06,nan,nan,nan,nan
5467,68.3375,2.189599947e-06,1.750114902e-06,nan,nan,nan,nan
5468,68.35,2.189599944e-06,1.750114899e-06,nan,nan,nan,nan
5469,68.3625,2.189599938e-06,1.750114901e-06,nan,nan,nan,nan
5470,68.375,2.189599935e-06,1.750114905e-06,nan,nan,nan,nan
5471,68.3875,2.189599936e-06,1.750114908e-06,nan,nan,nan,nan
5472,68.4,2.189599941e-06,1.750114906e-06,nan,nan,nan,nan
5473,68.4125,2.189599944e-06,1.750114903e-06,nan,nan,nan,nan
5474,68.425,2.189599943e-06,1.750114900e-06,nan,nan,nan,nan
5475,68.4375,2.189599941e-06,1.750114900e-06,nan,nan,nan,nan
5476,68.45,2.189599939e-06,1.750114904e-06,nan,nan,nan,nan
5477,68.4625,2.189599939e-06,1.750114907e-06,nan,nan,nan,nan
5478,68.475,2.189599940e-06,1.750114908e-06,nan,nan,nan,nan
5479,68.4875,2.189599940e-06,1.750114904e-06,nan,nan,nan,nan
5480,68.5,2.189599941e-06,1.750114903e-06,nan,nan,6.067369e-13,8.082424e-13
5481,68.5125,2.189599941e-06,1.750114903e-06,nan,nan,nan,nan
5482,68.525,2.189599943e-06,1.750114904e-06,nan,nan,nan,nan
5483,68.5375,2.189599942e-06,1.750114908e-06,nan,nan,nan,nan
5484,68.55,2.189599940e-06,1.750114909e-06,nan,nan,nan,nan
5485,68.5625,2.189599937e-06,1.750114907e-06,nan,nan,nan,nan
5486,68.575,2.189599937e-06,1.750114904e-06,nan,nan,nan,nan
5487,68.5875,2.189599941e-06,1.750114902e-06,nan,nan,nan,nan
5488,68.6,2.189599946e-06,1.750114902e-06,nan,nan,nan,nan
5489,68.6125,2.189599947e-06,1.750114905e-06,nan,nan,nan,nan
5490,68.625,2.189599943e-06,1.750114906e-06,nan,nan,nan,nan
5491,68.6375,2.189599938e-06,1.750114907e-06,nan,nan,nan,nan
5492,68.65,2.189599933e-06,1.750114906e-06,nan,nan,nan,nan
5493,68.6625,2.189599936e-06,1.750114905e-06,nan,nan,nan,nan
5494,68.675,2.189599945e-06,1.750114903e-06,nan,nan,nan,nan
5495,68.6875,2.189599948e-06,1.750114903e-06,nan,nan,nan,nan
5496,68.7,2.189599945e-06,1.750114904e-06,nan,nan,nan,nan
5497,68.7125,2.189599936e-06,1.750114905e-06,nan,nan,nan,nan
5498,68.725,2.189599931e-06,1.750114907e-06,nan,nan,nan,nan
5499,68.7375,2.189599933e-06,1.750114907e-06,nan,nan,nan,nan
5500,68.75,2.189599939e-06,1.750114906e-06,nan,nan,6.075696e-13,8.015810e-13
5501,68.7625,2.189599948e-06,1.750114904e-06,nan,nan,nan,nan
5502,68.775,2.189599945e-06,1.750114903e-06,nan,nan,nan,nan
5503,68.7875,2.189599938e-06,1.750114904e-06,nan,nan,nan,nan
5504,68.8,2.189599931e-06,1.750114907e-06,nan,nan,nan,nan
5505,68.8125,2.189599931e-06,1.750114909e-06,nan,nan,nan,nan
5506,68.825,2.189599938e-06,1.750114908e-06,nan,nan,nan,nan
5507,68.8375,2.189599944e-06,1.750114905e-06,nan,nan,nan,nan
5508,68.85,2.189599944e-06,1.750114904e-06,nan,nan,nan,nan
5509,68.8625,2.189599939e-06,1.750114902e-06,nan,nan,nan,nan
5510,68.875,2.189599935e-06,1.750114904e-06,nan,nan,nan,nan
5511,68.8875,2.189599935e-06,1.750114907e-06,nan,nan,nan,nan
5512,68.9,2.189599940e-06,1.750114907e-06,nan,nan,nan,nan
5513,68.9125,2.189599944e-06,1.750114905e-06,nan,nan,nan,nan
5514,68.925,2.189599945e-06,1.750114901e-06,nan,nan,nan,nan
5515,68.9375,2.189599941e-06,1.750114899e-06,nan,nan,nan,nan
5516,68.95,2.189599938e-06,1.750114901e-06,nan,nan,nan,nan
5517,68.9625,2.189599936e-06,1.750114905e-06,nan,nan,nan,nan
5518,68.975,2.189599938e-06,1.750114908e-06,nan,nan,nan,nan
5519,68.9875,2.189599940e-06,1.750114906e-06,nan,nan,nan,nan
5520,69,2.189599940e-06,1.750114902e-06,nan,nan,6.124268e-13,8.060219e-13
5521,69.0125,2.189599939e-06,1.750114899e-06,nan,nan,nan,nan
5522,69.025,2.189599940e-06,1.750114900e-06,nan,nan,nan,nan
5523,69.0375,2.189599941e-06,1.750114903e-06,nan,nan,nan,nan
5524,69.05,2.189599942e-06,1.750114906e-06,nan,nan,nan,nan
5525,69.0625,2.189599941e-06,1.750114906e-06,nan,nan,nan,nan
5526,69.075,2.189599938e-06,1.750114903e-06,nan,nan,nan,nan
5527,69.0875,2.189599936e-06,1.750114900e-06,nan,nan,nan,nan
5528,69.1,2.189599938e-06,1.750114900e-06,nan,nan,nan,nan
5529,69.1125,2.189599943e-06,1.750114901e-06,nan,nan,nan,nan
5530,69.125,2.189599944e-06,1.750114905e-06,nan,nan,nan,nan
5531,69.1375,2.189599941e-06,1.750114906e-06,nan,nan,nan,nan
5532,69.15,2.189599937e-06,1.750114904e-06,nan,nan,nan,nan
5533,69.1625,2.189599936e-06,1.750114901e-06,nan,nan,nan,nan
5534,69.175,2.189599940e-06,1.750114899e-06,nan,nan,nan,nan
5535,69.1875,2.189599945e-06,1.750114901e-06,nan,nan,nan,nan
5536,69.2,2.189599946e-06,1.750114903e-06,nan,nan,nan,nan
5537,69.2125,2.189599941e-06,1.750114905e-06,nan,nan,nan,nan
5538,69.225,2.189599934e-06,1.750114904e-06,nan,nan,nan,nan
5539,69.2375,2.189599931e-06,1.750114903e-06,nan,nan,nan,nan
5540,69.25,2.189599937e-06,1.750114902e-06,nan,nan,6.197820e-13,8.165690e-13
5541,69.2625,2.189599943e-06,1.750114902e-06,nan,nan,nan,nan
5542,69.275,2.189599946e-06,1.750114904e-06,nan,nan,nan,nan
5543,69.2875,2.189599942e-06,1.750114905e-06,nan,nan,nan,nan
5544,69.3,2.189599934e-06,1.750114906e-06,nan,nan,nan,nan
5545,69.3125,2.189599931e-06,1.750114906e-06,nan,nan,nan,nan
5546,69.325,2.189599935e-06,1.750114907e-06,nan,nan,nan,nan
5547,69.3375,2.189599941e-06,1.750114906e-06,nan,nan,nan,nan
5548,69.35,2.189599946e-06,1.750114905e-06,nan,nan,nan,nan
5549,69.3625,2.189599944e-06,1.750114904e-06,nan,nan,nan,nan
5550,69.375,2.189599938e-06,1.750114904e-06,nan,nan,nan,nan
5551,69.3875,2.189599935e-06,1.750114905e-06,nan,nan,nan,nan
5552,69.4,2.189599936e-06,1.750114905e-06,nan,nan,nan,nan
5553,69.4125,2.189599938e-06,1.750114906e-06,nan,nan,nan,nan
5554,69.425,2.189599941e-06,1.750114905e-06,nan,nan,nan,nan
5555,69.4375,2.189599941e-06,1.750114904e-06,nan,nan,nan,nan
5556,69.45,2.189599939e-06,1.750114904e-06,nan,nan,nan,nan
5557,69.4625,2.189599938e-06,1.750114905e-06,nan,nan,nan,nan
5558,69.475,2.189599939e-06,1.750114907e-06,nan,nan,nan,nan
5559,69.4875,2.189599939e-06,1.750114908e-06,nan,nan,nan,nan
5560,69.5,2.189599937e-06,1.750114907e-06,nan,nan,6.196432e-13,8.149037e-13
5561,69.5125,2.189599936e-06,1.750114904e-06,nan,nan,nan,nan
5562,69.525,2.189599937e-06,1.750114903e-06,nan,nan,nan,nan
5563,69.5375,2.189599939e-06,1.750114904e-06,nan,nan,nan,nan
5564,69.55,2.189599942e-06,1.750114907e-06,nan,nan,nan,nan
5565,69.5625,2.189599941e-06,1.750114908e-06,nan,nan,nan,nan
5566,69.575,2.189599938e-06,1.750114907e-06,nan,nan,nan,nan
5567,69.5875,2.189599935e-06,1.750114905e-06,nan,nan,nan,nan
5568,69.6,2.189599937e-06,1.750114902e-06,nan,nan,nan,nan
5569,69.6125,2.189599942e-06,1.750114904e-06,nan,nan,nan,nan
5570,69.625,2.189599945e-06,1.750114906e-06,nan,nan,nan,nan
5571,69.6375,2.189599944e-06,1.750114908e-06,nan,nan,nan,nan
5572,69.65,2.189599939e-06,1.750114907e-06,nan,nan,nan,nan
5573,69.6625,2.189599935e-06,1.750114906e-06,nan,nan,nan,nan
5574,69.675,2.189599936e-06,1.750114904e-06,nan,nan,nan,nan
5575,69.6875,2.189599942e-06,1.750114904e-06,nan,nan,nan,nan
5576,69.7,2.189599946e-06,1.750114904e-06,nan,nan,nan,nan
5577,69.7125,2.189599945e-06,1.750114905e-06,nan,nan,nan,nan
5578,69.725,2.189599940e-06,1.750114904e-06,nan,nan,nan,nan
5579,69.7375,2.189599933e-06,1.750114903e-06,nan,nan,nan,nan
5580,69.75,2.189599933e-06,1.750114904e-06,nan,nan,6.286638e-13,8.337775e-13
5581,69.7625,2.189599938e-06,1.750114906e-06,nan,nan,nan,nan
5582,69.775,2.189599944e-06,1.750114907e-06,nan,nan,nan,nan
5583,69.7875,2.189599946e-06,1.750114905e-06,nan,nan,nan,nan
5584,69.8,2.189599942e-06,1.750114904e-06,nan,nan,nan,nan
5585,69.8125,2.189599936e-06,1.750114904e-06,nan,nan,nan,nan
5586,69.825,2.189599935e-06,1.750114904e-06,nan,nan,nan,nan
5587,69.8375,2.189599938e-06,1.750114906e-06,nan,nan,nan,nan
5588,69.85,2.189599944e-06,1.750114907e-06,nan,nan,nan,nan
5589,69.8625,2.189599946e-06,1.750114906e-06,nan,nan,nan,nan
5590,69.875,2.189599943e-06,1.750114905e-06,nan,nan,nan,nan
5591,69.8875,2.189599938e-06,1.750114905e-06,nan,nan,nan,nan
5592,69.9,2.189599937e-06,1.750114906e-06,nan,nan,nan,nan
5593,69.9125,2.189599938e-06,1.750114907e-06,nan,nan,nan,nan
5594,69.925,2.189599942e-06,1.750114908e-06,nan,nan,nan,nan
5595,69.9375,2.189599943e-06,1.750114907e-06,nan,nan,nan,nan
5596,69.95,2.189599942e-06,1.750114905e-06,nan,nan,nan,nan
5597,69.9625,2.189599939e-06,1.750114905e-06,nan,nan,nan,nan
5598,69.975,2.189599939e-06,1.750114904e-06,nan,nan,nan,nan
5599,69.9875,2.189599939e-06,1.750114903e-06,nan,nan,nan,nan
5600,70,2.189599940e-06,1.750114904e-06,nan,nan,6.282475e-13,8.326673e-13
5601,70.0125,2.189599940e-06,1.750114904e-06,nan,nan,nan,nan
5602,70.025,2.189599939e-06,1.750114904e-06,nan,nan,nan,nan
5603,70.0375,2.189599939e-06,1.750114903e-06,nan,nan,nan,nan
5604,70.05,2.189599941e-06,1.750114903e-06,nan,nan,nan,nan
5605,70.0625,2.189599942e-06,1.750114904e-06,nan,nan,nan,nan
5606,70.075,2.189599941e-06,1.750114905e-06,nan,nan,nan,nan
5607,70.0875,2.189599936e-06,1.750114904e-06,nan,nan,nan,nan
5608,70.1,2.189599934e-06,1.750114902e-06,nan,nan,nan,nan
5609,70.1125,2.189599936e-06,1.750114901e-06,nan,nan,nan,nan
5610,70.125,2.189599941e-06,1.750114900e-06,nan,nan,nan,nan
5611,70.1375,2.189599945e-06,1.750114902e-06,nan,nan,nan,nan
5612,70.15,2.189599944e-06,1.750114904e-06,nan,nan,nan,nan
5613,70.1625,2.189599939e-06,1.750114904e-06,nan,nan,nan,nan
5614,70.175,2.189599934e-06,1.750114903e-06,nan,nan,nan,nan
5615,70.1875,2.189599936e-06,1.750114903e-06,nan,nan,nan,nan
5616,70.2,2.189599941e-06,1.750114902e-06,nan,nan,nan,nan
5617,70.2125,2.189599946e-06,1.750114903e-06,nan,nan,nan,nan
5618,70.225,2.189599946e-06,1.750114904e-06,nan,nan,nan,nan
5619,70.2375,2.189599940e-06,1.750114905e-06,nan,nan,nan,nan
5620,70.25,2.189599936e-06,1.750114904e-06,nan,nan,6.461498e-13,8.287815e-13
5621,70.2625,2.189599936e-06,1.750114904e-06,nan,nan,nan,nan
5622,70.275,2.189599942e-06,1.750114903e-06,nan,nan,nan,nan
5623,70.2875,2.189599948e-06,1.750114904e-06,nan,nan,nan,nan
5624,70.3,2.189599948e-06,1.750114904e-06,nan,nan,nan,nan
5625,70.3125,2.189599943e-06,1.750114903e-06,nan,nan,nan,nan
5626,70.325,2.189599936e-06,1.750114902e-06,nan,nan,nan,nan
5627,70.3375,2.189599933e-06,1.750114902e-06,nan,nan,nan,nan
5628,70.35,2.189599936e-06,1.750114904e-06,nan,nan,nan,nan
5629,70.3625,2.189599943e-06,1.750114904e-06,nan,nan,nan,nan
5630,70.375,2.189599946e-06,1.750114905e-06,nan,nan,nan,nan
5631,70.3875,2.189599943e-06,1.750114904e-06,nan,nan,nan,nan
5632,70.4,2.189599938e-06,1.750114905e-06,nan,nan,nan,nan
5633,70.4125,2.189599936e-06,1.750114904e-06,nan,nan,nan,nan
5634,70.425,2.189599936e-06,1.750114905e-06,nan,nan,nan,nan
5635,70.4375,2.189599940e-06,1.750114906e-06,nan,nan,nan,nan
5636,70.45,2.189599942e-06,1.750114905e-06,nan,nan,nan,nan
5637,70.4625,2.189599942e-06,1.750114905e-06,nan,nan,nan,nan
5638,70.475,2.189599940e-06,1.750114904e-06,nan,nan,nan,nan
5639,70.4875,2.189599940e-06,1.750114904e-06,nan,nan,nan,nan
5640,70.5,2.189599939e-06,1.750114907e-06,nan,nan,6.369905e-13,8.348877e-13
5641,70.5125,2.189599940e-06,1.750114908e-06,nan,nan,nan,nan
5642,70.525,2.189599938e-06,1.750114907e-06,nan,nan,nan,nan
5643,70.5375,2.189599938e-06,1.750114905e-06,nan,nan,nan,nan
5644,70.55,2.189599940e-06,1.750114902e-06,nan,nan,nan,nan
5645,70.5625,2.189599941e-06,1.750114903e-06,nan,nan,nan,nan
5646,70.575,2.189599941e-06,1.750114905e-06,nan,nan,nan,nan
5647,70.5875,2.189599941e-06,1.750114907e-06,nan,nan,nan,nan
5648,70.6,2.189599937e-06,1.750114906e-06,nan,nan,nan,nan
5649,70.6125,2.189599938e-06,1.750114904e-06,nan,nan,nan,nan
5650,70.625,2.189599940e-06,1.750114901e-06,nan,nan,nan,nan
5651,70.6375,2.189599943e-06,1.750114901e-06,nan,nan,nan,nan
5652,70.65,2.189599944e-06,1.750114904e-06,nan,nan,nan,nan
5653,70.6625,2.189599941e-06,1.750114907e-06,nan,nan,nan,nan
5654,70.675,2.189599936e-06,1.750114908e-06,nan,nan,nan,nan
5655,70.6875,2.189599934e-06,1.750114906e-06,nan,nan,nan,nan
5656,70.7,2.189599938e-06,1.750114904e-06,nan,nan,nan,nan
5657,70.7125,2.189599943e-06,1.750114905e-06,nan,nan,nan,nan
5658,70.725,2.189599945e-06,1.750114907e-06,nan,nan,nan,nan
5659,70.7375,2.189599943e-06,1.750114909e-06,nan,nan,nan,nan
5660,70.75,2.189599937e-06,1.750114908e-06,nan,nan,6.425416e-13,8.443246e-13
5661,70.7625,2.189599935e-06,1.750114905e-06,nan,nan,nan,nan
5662,70.775,2.189599937e-06,1.750114904e-06,nan,nan,nan,nan
5663,70.7875,2.189599942e-06,1.750114904e-06,nan,nan,nan,nan
5664,70.8,2.189599947e-06,1.750114907e-06,nan,nan,nan,nan
5665,70.8125,2.189599946e-06,1.750114908e-06,nan,nan,nan,nan
5666,70.825,2.189599939e-06,1.750114908e-06,nan,nan,nan,nan
5667,70.8375,2.189599934e-06,1.750114907e-06,nan,nan,nan,nan
5668,70.85,2.189599935e-06,1.750114906e-06,nan,nan,nan,nan
5669,70.8625,2.189599941e-06,1.750114904e-06,nan,nan,nan,nan
5670,70.875,2.189599946e-06,1.750114904e-06,nan,nan,nan,nan
5671,70.8875,2.189599947e-06,1.750114906e-06,nan,nan,nan,nan
5672,70.9,2.189599941e-06,1.750114906e-06,nan,nan,nan,nan
5673,70.9125,2.189599936e-06,1.750114906e-06,nan,nan,nan,nan
5674,70.925,2.189599934e-06,1.750114905e-06,nan,nan,nan,nan
5675,70.9375,2.189599938e-06,1.750114905e-06,nan,nan,nan,nan
5676,70.95,2.189599941e-06,1.750114904e-06,nan,nan,nan,nan
5677,70.9625,2.189599942e-06,1.750114904e-06,nan,nan,nan,nan
5678,70.975,2.189599941e-06,1.750114905e-06,nan,nan,nan,nan
5679,70.9875,2.189599938e-06,1.750114906e-06,nan,nan,nan,nan
5680,71,2.189599936e-06,1.750114907e-06,nan,nan,6.443457e-13,8.393286e-13
5681,71.0125,2.189599937e-06,1.750114906e-06,nan,nan,nan,nan
5682,71.025,2.189599939e-06,1.750114904e-06,nan,nan,nan,nan
5683,71.0375,2.189599940e-06,1.750114902e-06,nan,nan,nan,nan
5684,71.05,2.189599941e-06,1.750114900e-06,nan,nan,nan,nan
5685,71.0625,2.189599942e-06,1.750114902e-06,nan,nan,nan,nan
5686,71.075,2.189599943e-06,1.750114906e-06,nan,nan,nan,nan
5687,71.0875,2.189599943e-06,1.750114906e-06,nan,nan,nan,nan
5688,71.1,2.189599941e-06,1.750114905e-06,nan,nan,nan,nan
5689,71.1125,2.189599939e-06,1.750114903e-06,nan,nan,nan,nan
5690,71.125,2.189599939e-06,1.750114901e-06,nan,nan,nan,nan
5691,71.1375,2.189599942e-06,1.750114902e-06,nan,nan,nan,nan
5692,71.15,2.189599945e-06,1.750114903e-06,nan,nan,nan,nan
5693,71.1625,2.189599945e-06,1.750114904e-06,nan,nan,nan,nan
5694,71.175,2.189599941e-06,1.750114905e-06,nan,nan,nan,nan
5695,71.1875,2.189599937e-06,1.750114904e-06,nan,nan,nan,nan
5696,71.2,2.189599937e-06,1.750114902e-06,nan,nan,nan,nan
5697,71.2125,2.189599940e-06,1.750114902e-06,nan,nan,nan,nan
5698,71.225,2.189599946e-06,1.750114902e-06,nan,nan,nan,nan
5699,71.2375,2.189599947e-06,1.750114902e-06,nan,nan,nan,nan
5700,71.25,2.189599942e-06,1.750114903e-06,nan,nan,6.400436e-13,8.415491e-13
5701,71.2625,2.189599937e-06,1.750114903e-06,nan,nan,nan,nan
5702,71.275,2.189599933e-06,1.750114904e-06,nan,nan,nan,nan
5703,71.2875,2.189599937e-06,1.750114904e-06,nan,nan,nan,nan
5704,71.3,2.189599943e-06,1.750114903e-06,nan,nan,nan,nan
5705,71.3125,2.189599948e-06,1.750114902e-06,nan,nan,nan,nan
5706,71.325,2.189599946e-06,1.750114903e-06,nan,nan,nan,nan
5707,71.3375,2.189599941e-06,1.750114905e-06,nan,nan,nan,nan
5708,71.35,2.189599936e-06,1.750114907e-06,nan,nan,nan,nan
5709,71.3625,2.189599935e-06,1.750114907e-06,nan,nan,nan,nan
5710,71.375,2.189599940e-06,1.750114906e-06,nan,nan,nan,nan
5711,71.3875,2.189599944e-06,1.750114903e-06,nan,nan,nan,nan
5712,71.4,2.189599945e-06,1.750114903e-06,nan,nan,nan,nan
5713,71.4125,2.189599941e-06,1.750114905e-06,nan,nan,nan,nan
5714,71.425,2.189599935e-06,1.750114907e-06,nan,nan,nan,nan
5715,71.4375,2.189599936e-06,1.750114906e-06,nan,nan,nan,nan
5716,71.45,2.189599939e-06,1.750114903e-06,nan,nan,nan,nan
5717,71.4625,2.189599943e-06,1.750114900e-06,nan,nan,nan,nan
5718,71.475,2.189599943e-06,1.750114900e-06,nan,nan,nan,nan
5719,71.4875,2.189599941e-06,1.750114904e-06,nan,nan,nan,nan
5720,71.5,2.189599939e-06,1.750114907e-06,nan,nan,6.558643e-13,8.371082e-13
5721,71.5125,2.189599938e-06,1.750114907e-06,nan,nan,nan,nan
5722,71.525,2.189599938e-06,1.750114904e-06,nan,nan,nan,nan
5723,71.5375,2.189599940e-06,1.750114900e-06,nan,nan,nan,nan
5724,71.55,2.189599940e-06,1.750114902e-06,nan,nan,nan,nan
5725,71.5625,2.189599941e-06,1.750114904e-06,nan,nan,nan,nan
5726,71.575,2.189599940e-06,1.750114908e-06,nan,nan,nan,nan
5727,71.5875,2.189599941e-06,1.750114908e-06,nan,nan,nan,nan
5728,71.6,2.189599939e-06,1.750114903e-06,nan,nan,nan,nan
5729,71.6125,2.189599939e-06,1.750114901e-06,nan,nan,nan,nan
5730,71.625,2.189599938e-06,1.750114901e-06,nan,nan,nan,nan
5731,71.6375,2.189599938e-06,1.750114905e-06,nan,nan,nan,nan
5732,71.65,2.189599941e-06,1.750114908e-06,nan,nan,nan,nan
5733,71.6625,2.189599944e-06,1.750114907e-06,nan,nan,nan,nan
5734,71.675,2.189599943e-06,1.750114906e-06,nan,nan,nan,nan
5735,71.6875,2.189599939e-06,1.750114903e-06,nan,nan,nan,nan
5736,71.7,2.189599936e-06,1.750114904e-06,nan,nan,nan,nan
5737,71.7125,2.189599936e-06,1.750114907e-06,nan,nan,nan,nan
5738,71.725,2.189599940e-06,1.750114909e-06,nan,nan,nan,nan
5739,71.7375,2.189599944e-06,1.750114908e-06,nan,nan,nan,nan
5740,71.75,2.189599944e-06,1.750114907e-06,nan,nan,6.586398e-13,8.459899e-13
5741,71.7625,2.189599941e-06,1.750114906e-06,nan,nan,nan,nan
5742,71.775,2.189599935e-06,1.750114905e-06,nan,nan,nan,nan
5743,71.7875,2.189599933e-06,1.750114905e-06,nan,nan,nan,nan
5744,71.8,2.189599937e-06,1.750114904e-06,nan,nan,nan,nan
5745,71.8125,2.189599942e-06,1.750114904e-06,nan,nan,nan,nan
5746,71.825,2.189599944e-06,1.750114904e-06,nan,nan,nan,nan
5747,71.8375,2.189599941e-06,1.750114905e-06,nan,nan,nan,nan
5748,71.85,2.189599937e-06,1.750114907e-06,nan,nan,nan,nan
5749,71.8625,2.189599933e-06,1.750114904e-06,nan,nan,nan,nan
5750,71.875,2.189599935e-06,1.750114902e-06,nan,nan,nan,nan
5751,71.8875,2.189599939e-06,1.750114900e-06,nan,nan,nan,nan
5752,71.9,2.189599941e-06,1.750114901e-06,nan,nan,nan,nan
5753,71.9125,2.189599941e-06,1.750114904e-06,nan,nan,nan,nan
5754,71.925,2.189599939e-06,1.750114907e-06,nan,nan,nan,nan
5755,71.9375,2.189599937e-06,1.750114904e-06,nan,nan,nan,nan
5756,71.95,2.189599938e-06,1.750114901e-06,nan,nan,nan,nan
5757,71.9625,2.189599939e-06,1.750114898e-06,nan,nan,nan,nan
5758,71.975,2.189599940e-06,1.750114901e-06,nan,nan,nan,nan
5759,71.9875,2.189599940e-06,1.750114906e-06,nan,nan,nan,nan
5760,72,2.189599940e-06,1.750114909e-06,nan,nan,6.508682e-13,8.570922e-13
5761,72.0125,2.189599940e-06,1.750114906e-06,nan,nan,nan,nan
5762,72.025,2.189599941e-06,1.750114902e-06,nan,nan,nan,nan
5763,72.0375,2.189599939e-06,1.750114898e-06,nan,nan,nan,nan
5764,72.05,2.189599938e-06,1.750114899e-06,nan,nan,nan,nan
5765,72.0625,2.189599939e-06,1.750114903e-06,nan,nan,nan,nan
5766,72.075,2.189599942e-06,1.750114906e-06,nan,nan,nan,nan
5767,72.0875,2.189599945e-06,1.750114905e-06,nan,nan,nan,nan
5768,72.1,2.189599945e-06,1.750114902e-06,nan,nan,nan,nan
5769,72.1125,2.189599941e-06,1.750114900e-06,nan,nan,nan,nan
5770,72.125,2.189599936e-06,1.750114900e-06,nan,nan,nan,nan
5771,72.1375,2.189599933e-06,1.750114904e-06,nan,nan,nan,nan
5772,72.15,2.189599937e-06,1.750114905e-06,nan,nan,nan,nan
5773,72.1625,2.189599943e-06,1.750114903e-06,nan,nan,nan,nan
5774,72.175,2.189599945e-06,1.750114901e-06,nan,nan,nan,nan
5775,72.1875,2.189599942e-06,1.750114900e-06,nan,nan,nan,nan
5776,72.2,2.189599935e-06,1.750114903e-06,nan,nan,nan,nan
5777,72.2125,2.189599931e-06,1.750114904e-06,nan,nan,nan,nan
5778,72.225,2.189599933e-06,1.750114902e-06,nan,nan,nan,nan
5779,72.2375,2.189599939e-06,1.750114900e-06,nan,nan,nan,nan
5780,72.25,2.189599944e-06,1.750114899e-06,nan,nan,6.419865e-13,8.598677e-13
5781,72.2625,2.189599942e-06,1.750114902e-06,nan,nan,nan,nan
5782,72.275,2.189599937e-06,1.750114902e-06,nan,nan,nan,nan
5783,72.2875,2.189599933e-06,1.750114903e-06,nan,nan,nan,nan
5784,72.3,2.189599935e-06,1.750114901e-06,nan,nan,nan,nan
5785,72.3125,2.189599940e-06,1.750114900e-06,nan,nan,nan,nan
5786,72.325,2.189599943e-06,1.750114902e-06,nan,nan,nan,nan
5787,72.3375,2.189599942e-06,1.750114906e-06,nan,nan,nan,nan
5788,72.35,2.189599938e-06,1.750114908e-06,nan,nan,nan,nan
5789,72.3625,2.189599934e-06,1.750114906e-06,nan,nan,nan,nan
5790,72.375,2.189599936e-06,1.750114901e-06,nan,nan,nan,nan
5791,72.3875,2.189599939e-06,1.750114897e-06,nan,nan,nan,nan
5792,72.4,2.189599942e-06,1.750114899e-06,nan,nan,nan,nan
5793,72.4125,2.189599941e-06,1.750114904e-06,nan,nan,nan,nan
5794,72.425,2.189599937e-06,1.750114907e-06,nan,nan,nan,nan
5795,72.4375,2.189599935e-06,1.750114906e-06,nan,nan,nan,nan
5796,72.45,2.189599937e-06,1.750114903e-06,nan,nan,nan,nan
5797,72.4625,2.189599941e-06,1.750114899e-06,nan,nan,nan,nan
5798,72.475,2.189599941e-06,1.750114899e-06,nan,nan,nan,nan
5799,72.4875,2.189599941e-06,1.750114903e-06,nan,nan,nan,nan
5800,72.5,2.189599937e-06,1.750114908e-06,nan,nan,6.410150e-13,8.637535e-13
5801,72.5125,2.189599936e-06,1.750114909e-06,nan,nan,nan,nan
5802,72.525,2.189599937e-06,1.750114906e-06,nan,nan,nan,nan
5803,72.5375,2.189599939e-06,1.750114902e-06,nan,nan,nan,nan
5804,72.55,2.189599939e-06,1.750114900e-06,nan,nan,nan,nan
5805,72.5625,2.189599939e-06,1.750114903e-06,nan,nan,nan,nan
5806,72.575,2.189599938e-06,1.750114906e-06,nan,nan,nan,nan
5807,72.5875,2.189599937e-06,1.750114909e-06,nan,nan,nan,nan
5808,72.6,2.189599939e-06,1.750114907e-06,nan,nan,nan,nan
5809,72.6125,2.189599938e-06,1.750114905e-06,nan,nan,nan,nan
5810,72.625,2.189599936e-06,1.750114905e-06,nan,nan,nan,nan
5811,72.6375,2.189599934e-06,1.750114905e-06,nan,nan,nan,nan
5812,72.65,2.189599936e-06,1.750114905e-06,nan,nan,nan,nan
5813,72.6625,2.189599941e-06,1.750114905e-06,nan,nan,nan,nan
5814,72.675,2.189599943e-06,1.750114906e-06,nan,nan,nan,nan
5815,72.6875,2.189599942e-06,1.750114906e-06,nan,nan,nan,nan
5816,72.7,2.189599938e-06,1.750114905e-06,nan,nan,nan,nan
5817,72.7125,2.189599933e-06,1.750114903e-06,nan,nan,nan,nan
5818,72.725,2.189599934e-06,1.750114901e-06,nan,nan,nan,nan
5819,72.7375,2.189599938e-06,1.750114903e-06,nan,nan,nan,nan
5820,72.75,2.189599944e-06,1.750114904e-06,nan,nan,6.489254e-13,8.554268e-13
5821,72.7625,2.189599944e-06,1.750114908e-06,nan,nan,nan,nan
5822,72.775,2.189599939e-06,1.750114909e-06,nan,nan,nan,nan
5823,72.7875,2.189599932e-06,1.750114908e-06,nan,nan,nan,nan
5824,72.8,2.189599930e-06,1.750114904e-06,nan,nan,nan,nan
5825,72.8125,2.189599934e-06,1.750114901e-06,nan,nan,nan,nan
5826,72.825,2.189599941e-06,1.750114903e-06,nan,nan,nan,nan
5827,72.8375,2.189599944e-06,1.750114906e-06,nan,nan,nan,nan
5828,72.85,2.189599944e-06,1.750114908e-06,nan,nan,nan,nan
5829,72.8625,2.189599936e-06,1.750114909e-06,nan,nan,nan,nan
5830,72.875,2.189599934e-06,1.750114905e-06,nan,nan,nan,nan
5831,72.8875,2.189599935e-06,1.750114901e-06,nan,nan,nan,nan
5832,72.9,2.189599938e-06,1.750114900e-06,nan,nan,nan,nan
5833,72.9125,2.189599941e-06,1.750114904e-06,nan,nan,nan,nan
5834,72.925,2.189599941e-06,1.750114906e-06,nan,nan,nan,nan
5835,72.9375,2.189599940e-06,1.750114909e-06,nan,nan,nan,nan
5836,72.95,2.189599938e-06,1.750114907e-06,nan,nan,nan,nan
5837,72.9625,2.189599939e-06,1.750114904e-06,nan,nan,nan,nan
5838,72.975,2.189599939e-06,1.750114899e-06,nan,nan,nan,nan
5839,72.9875,2.189599939e-06,1.750114900e-06,nan,nan,nan,nan
5840,73,2.189599940e-06,1.750114902e-06,nan,nan,6.507295e-13,8.615331e-13
5841,73.0125,2.189599941e-06,1.750114906e-06,nan,nan,nan,nan
5842,73.025,2.189599941e-06,1.750114907e-06,nan,nan,nan,nan
5843,73.0375,2.189599940e-06,1.750114905e-06,nan,nan,nan,nan
5844,73.05,2.189599939e-06,1.750114903e-06,nan,nan,nan,nan
5845,73.0625,2.189599936e-06,1.750114900e-06,nan,nan,nan,nan
5846,73.075,2.189599936e-06,1.750114900e-06,nan,nan,nan,nan
5847,73.0875,2.189599938e-06,1.750114904e-06,nan,nan,nan,nan
5848,73.1,2.189599941e-06,1.750114907e-06,nan,nan,nan,nan
5849,73.1125,2.189599941e-06,1.750114907e-06,nan,nan,nan,nan
5850,73.125,2.189599941e-06,1.750114905e-06,nan,nan,nan,nan
5851,73.1375,2.189599938e-06,1.750114902e-06,nan,nan,nan,nan
5852,73.15,2.189599938e-06,1.750114901e-06,nan,nan,nan,nan
5853,73.1625,2.189599940e-06,1.750114903e-06,nan,nan,nan,nan
5854,73.175,2.189599944e-06,1.750114904e-06,nan,nan,nan,nan
5855,73.1875,2.189599945e-06,1.750114904e-06,nan,nan,nan,nan
5856,73.2,2.189599943e-06,1.750114904e-06,nan,nan,nan,nan
5857,73.2125,2.189599938e-06,1.750114903e-06,nan,nan,nan,nan
5858,73.225,2.189599935e-06,1.750114903e-06,nan,nan,nan,nan
5859,73.2375,2.189599936e-06,1.750114904e-06,nan,nan,nan,nan
5860,73.25,2.189599941e-06,1.750114905e-06,nan,nan,6.550316e-13,8.654188e-13
5861,73.2625,2.189599943e-06,1.750114905e-06,nan,nan,nan,nan
5862,73.275,2.189599942e-06,1.750114904e-06,nan,nan,nan,nan
5863,73.2875,2.189599938e-06,1.750114903e-06,nan,nan,nan,nan
5864,73.3,2.189599936e-06,1.750114904e-06,nan,nan,nan,nan
5865,73.3125,2.189599937e-06,1.750114904e-06,nan,nan,nan,nan
5866,73.325,2.189599941e-06,1.750114903e-06,nan,nan,nan,nan
5867,73.3375,2.189599943e-06,1.750114904e-06,nan,nan,nan,nan
5868,73.35,2.189599942e-06,1.750114904e-06,nan,nan,nan,nan
5869,73.3625,2.189599939e-06,1.750114904e-06,nan,nan,nan,nan
5870,73.375,2.189599936e-06,1.750114904e-06,nan,nan,nan,nan
5871,73.3875,2.189599937e-06,1.750114903e-06,nan,nan,nan,nan
5872,73.4,2.189599939e-06,1.750114901e-06,nan,nan,nan,nan
5873,73.4125,2.189599943e-06,1.750114901e-06,nan,nan,nan,nan
5874,73.425,2.189599942e-06,1.750114903e-06,nan,nan,nan,nan
5875,73.4375,2.189599940e-06,1.750114908e-06,nan,nan,nan,nan
5876,73.45,2.189599938e-06,1.750114909e-06,nan,nan,nan,nan
5877,73.4625,2.189599938e-06,1.750114908e-06,nan,nan,nan,nan
5878,73.475,2.189599941e-06,1.750114903e-06,nan,nan,nan,nan
5879,73.4875,2.189599943e-06,1.750114899e-06,nan,nan,nan,nan
5880,73.5,2.189599943e-06,1.750114901e-06,nan,nan,6.802892e-13,8.681944e-13
5881,73.5125,2.189599942e-06,1.750114906e-06,nan,nan,nan,nan
5882,73.525,2.189599941e-06,1.750114911e-06,nan,nan,nan,nan
5883,73.5375,2.189599940e-06,1.750114909e-06,nan,nan,nan,nan
5884,73.55,2.189599940e-06,1.750114904e-06,nan,nan,nan,nan
5885,73.5625,2.189599939e-06,1.750114900e-06,nan,nan,nan,nan
5886,73.575,2.189599939e-06,1.750114900e-06,nan,nan,nan,nan
5887,73.5875,2.189599941e-06,1.750114906e-06,nan,nan,nan,nan
5888,73.6,2.189599942e-06,1.750114910e-06,nan,nan,nan,nan
5889,73.6125,2.189599943e-06,1.750114910e-06,nan,nan,nan,nan
5890,73.625,2.189599942e-06,1.750114905e-06,nan,nan,nan,nan
5891,73.6375,2.189599939e-06,1.750114901e-06,nan,nan,nan,nan
5892,73.65,2.189599937e-06,1.750114901e-06,nan,nan,nan,nan
5893,73.6625,2.189599938e-06,1.750114903e-06,nan,nan,nan,nan
5894,73.675,2.189599940e-06,1.750114907e-06,nan,nan,nan,nan
5895,73.6875,2.189599944e-06,1.750114909e-06,nan,nan,nan,nan
5896,73.7,2.189599942e-06,1.750114907e-06,nan,nan,nan,nan
5897,73.7125,2.189599940e-06,1.750114904e-06,nan,nan,nan,nan
5898,73.725,2.189599937e-06,1.750114905e-06,nan,nan,nan,nan
5899,73.7375,2.189599937e-06,1.750114906e-06,nan,nan,nan,nan
5900,73.75,2.189599940e-06,1.750114907e-06,nan,nan,6.775136e-13,8.820722e-13
5901,73.7625,2.189599944e-06,1.750114905e-06,nan,nan,nan,nan
5902,73.775,2.189599943e-06,1.750114905e-06,nan,nan,nan,nan
5903,73.7875,2.189599941e-06,1.750114904e-06,nan,nan,nan,nan
5904,73.8,2.189599936e-06,1.750114906e-06,nan,nan,nan,nan
5905,73.8125,2.189599936e-06,1.750114907e-06,nan,nan,nan,nan
5906,73.825,2.189599938e-06,1.750114905e-06,nan,nan,nan,nan
5907,73.8375,2.189599943e-06,1.750114902e-06,nan,nan,nan,nan
5908,73.85,2.189599945e-06,1.750114901e-06,nan,nan,nan,nan
5909,73.8625,2.189599942e-06,1.750114903e-06,nan,nan,nan,nan
5910,73.875,2.189599938e-06,1.750114907e-06,nan,nan,nan,nan
5911,73.8875,2.189599937e-06,1.750114906e-06,nan,nan,nan,nan
5912,73.9,2.189599939e-06,1.750114903e-06,nan,nan,nan,nan
5913,73.9125,2.189599941e-06,1.750114899e-06,nan,nan,nan,nan
5914,73.925,2.189599943e-06,1.750114900e-06,nan,nan,nan,nan
5915,73.9375,2.189599940e-06,1.750114906e-06,nan,nan,nan,nan
5916,73.95,2.189599939e-06,1.750114912e-06,nan,nan,nan,nan
5917,73.9625,2.189599937e-06,1.750114913e-06,nan,nan,nan,nan
5918,73.975,2.189599938e-06,1.750114907e-06,nan,nan,nan,nan
5919,73.9875,2.189599939e-06,1.750114900e-06,nan,nan,nan,nan
5920,74,2.189599940e-06,1.750114898e-06,nan,nan,6.797340e-13,8.815171e-13
5921,74.0125,2.189599940e-06,1.750114903e-06,nan,nan,nan,nan
5922,74.025,2.189599939e-06,1.750114909e-06,nan,nan,nan,nan
5923,74.0375,2.189599939e-06,1.750114912e-06,nan,nan,nan,nan
5924,74.05,2.189599939e-06,1.750114908e-06,nan,nan,nan,nan
5925,74.0625,2.189599939e-06,1.750114902e-06,nan,nan,nan,nan
5926,74.075,2.189599939e-06,1.750114900e-06,nan,nan,nan,nan
5927,74.0875,2.189599940e-06,1.750114903e-06,nan,nan,nan,nan
5928,74.1,2.189599942e-06,1.750114909e-06,nan,nan,nan,nan
5929,74.1125,2.189599944e-06,1.750114907e-06,nan,nan,nan,nan
5930,74.125,2.189599943e-06,1.750114903e-06,nan,nan,nan,nan
5931,74.1375,2.189599940e-06,1.750114899e-06,nan,nan,nan,nan
5932,74.15,2.189599936e-06,1.750114899e-06,nan,nan,nan,nan
5933,74.1625,2.189599938e-06,1.750114901e-06,nan,nan,nan,nan
5934,74.175,2.189599939e-06,1.750114905e-06,nan,nan,nan,nan
5935,74.1875,2.189599942e-06,1.750114906e-06,nan,nan,nan,nan
5936,74.2,2.189599944e-06,1.750114904e-06,nan,nan,nan,nan
5937,74.2125,2.189599941e-06,1.750114903e-06,nan,nan,nan,nan
5938,74.225,2.189599935e-06,1.750114903e-06,nan,nan,nan,nan
5939,74.2375,2.189599933e-06,1.750114905e-06,nan,nan,nan,nan
5940,74.25,2.189599937e-06,1.750114904e-06,nan,nan,6.844525e-13,8.854029e-13
5941,74.2625,2.189599942e-06,1.750114902e-06,nan,nan,nan,nan
5942,74.275,2.189599946e-06,1.750114902e-06,nan,nan,nan,nan
5943,74.2875,2.189599946e-06,1.750114903e-06,nan,nan,nan,nan
5944,74.3,2.189599943e-06,1.750114907e-06,nan,nan,nan,nan
5945,74.3125,2.189599939e-06,1.750114907e-06,nan,nan,nan,nan
5946,74.325,2.189599938e-06,1.750114903e-06,nan,nan,nan,nan
5947,74.3375,2.189599943e-06,1.750114899e-06,nan,nan,nan,nan
5948,74.35,2.189599946e-06,1.750114899e-06,nan,nan,nan,nan
5949,74.3625,2.189599946e-06,1.750114903e-06,nan,nan,nan,nan
5950,74.375,2.189599942e-06,1.750114910e-06,nan,nan,nan,nan
5951,74.3875,2.189599938e-06,1.750114911e-06,nan,nan,nan,nan
5952,74.4,2.189599937e-06,1.750114907e-06,nan,nan,nan,nan
5953,74.4125,2.189599939e-06,1.750114901e-06,nan,nan,nan,nan
5954,74.425,2.189599940e-06,1.750114900e-06,nan,nan,nan,nan
5955,74.4375,2.189599941e-06,1.750114904e-06,nan,nan,nan,nan
5956,74.45,2.189599941e-06,1.750114912e-06,nan,nan,nan,nan
5957,74.4625,2.189599940e-06,1.750114912e-06,nan,nan,nan,nan
5958,74.475,2.189599939e-06,1.750114908e-06,nan,nan,nan,nan
5959,74.4875,2.189599939e-06,1.750114903e-06,nan,nan,nan,nan
5960,74.5,2.189599938e-06,1.750114899e-06,nan,nan,6.955547e-13,8.837375e-13
5961,74.5125,2.189599938e-06,1.750114903e-06,nan,nan,nan,nan
5962,74.525,2.189599938e-06,1.750114908e-06,nan,nan,nan,nan
5963,74.5375,2.189599940e-06,1.750114912e-06,nan,nan,nan,nan
5964,74.55,2.189599943e-06,1.750114909e-06,nan,nan,nan,nan
5965,74.5625,2.189599942e-06,1.750114904e-06,nan,nan,nan,nan
5966,74.575,2.189599942e-06,1.750114901e-06,nan,nan,nan,nan
5967,74.5875,2.189599940e-06,1.750114902e-06,nan,nan,nan,nan
5968,74.6,2.189599938e-06,1.750114906e-06,nan,nan,nan,nan
5969,74.6125,2.189599941e-06,1.750114909e-06,nan,nan,nan,nan
5970,74.625,2.189599943e-06,1.750114909e-06,nan,nan,nan,nan
5971,74.6375,2.189599945e-06,1.750114906e-06,nan,nan,nan,nan
5972,74.65,2.189599942e-06,1.750114904e-06,nan,nan,nan,nan
5973,74.6625,2.189599940e-06,1.750114904e-06,nan,nan,nan,nan
5974,74.675,2.189599938e-06,1.750114905e-06,nan,nan,nan,nan
5975,74.6875,2.189599941e-06,1.750114905e-06,nan,nan,nan,nan
5976,74.7,2.189599945e-06,1.750114907e-06,nan,nan,nan,nan
5977,74.7125,2.189599945e-06,1.750114906e-06,nan,nan,nan,nan
5978,74.725,2.189599941e-06,1.750114906e-06,nan,nan,nan,nan
5979,74.7375,2.189599938e-06,1.750114905e-06,nan,nan,nan,nan
5980,74.75,2.189599938e-06,1.750114904e-06,nan,nan,6.927792e-13,8.687495e-13
5981,74.7625,2.189599941e-06,1.750114903e-06,nan,nan,nan,nan
5982,74.775,2.189599944e-06,1.750114904e-06,nan,nan,nan,nan
5983,74.7875,2.189599944e-06,1.750114906e-06,nan,nan,nan,nan
5984,74.8,2.189599941e-06,1.750114910e-06,nan,nan,nan,nan
5985,74.8125,2.189599938e-06,1.750114909e-06,nan,nan,nan,nan
5986,74.825,2.189599937e-06,1.750114906e-06,nan,nan,nan,nan
5987,74.8375,2.189599939e-06,1.750114900e-06,nan,nan,nan,nan
5988,74.85,2.189599944e-06,1.750114899e-06,nan,nan,nan,nan
5989,74.8625,2.189599944e-06,1.750114901e-06,nan,nan,nan,nan
5990,74.875,2.189599941e-06,1.750114906e-06,nan,nan,nan,nan
5991,74.8875,2.189599937e-06,1.750114910e-06,nan,nan,nan,nan
5992,74.9,2.189599935e-06,1.750114908e-06,nan,nan,nan,nan
5993,74.9125,2.189599938e-06,1.750114904e-06,nan,nan,nan,nan
5994,74.925,2.189599942e-06,1.750114900e-06,nan,nan,nan,nan
5995,74.9375,2.189599943e-06,1.750114901e-06,nan,nan,nan,nan
5996,74.95,2.189599940e-06,1.750114905e-06,nan,nan,nan,nan
5997,74.9625,2.189599937e-06,1.750114910e-06,nan,nan,nan,nan
5998,74.975,2.189599937e-06,1.750114909e-06,nan,nan,nan,nan
5999,74.9875,2.189599938e-06,1.750114905e-06,nan,nan,nan,nan
6000,75,2.189599941e-06,1.750114899e-06,nan,nan,6.966649e-13,8.726353e-13
6001,75.0125,2.189599941e-06,1.750114898e-06,nan,nan,nan,nan
6002,75.025,2.189599941e-06,1.750114903e-06,nan,nan,nan,nan
6003,75.0375,2.189599941e-06,1.750114909e-06,nan,nan,nan,nan
6004,75.05,2.189599941e-06,1.750114910e-06,nan,nan,nan,nan
6005,75.0625,2.189599941e-06,1.750114907e-06,nan,nan,nan,nan
6006,75.075,2.189599941e-06,1.750114900e-06,nan,nan,nan,nan
6007,75.0875,2.189599939e-06,1.750114898e-06,nan,nan,nan,nan
6008,75.1,2.189599939e-06,1.750114899e-06,nan,nan,nan,nan
6009,75.1125,2.189599939e-06,1.750114904e-06,nan,nan,nan,nan
6010,75.125,2.189599941e-06,1.750114908e-06,nan,nan,nan,nan
6011,75.1375,2.189599941e-06,1.750114908e-06,nan,nan,nan,nan
6012,75.15,2.189599940e-06,1.750114904e-06,nan,nan,nan,nan
6013,75.1625,2.189599937e-06,1.750114900e-06,nan,nan,nan,nan
6014,75.175,2.189599936e-06,1.750114898e-06,nan,nan,nan,nan
6015,75.1875,2.189599937e-06,1.750114900e-06,nan,nan,nan,nan
6016,75.2,2.189599940e-06,1.750114903e-06,nan,nan,nan,nan
6017,75.2125,2.189599943e-06,1.750114906e-06,nan,nan,nan,nan
6018,75.225,2.189599941e-06,1.750114907e-06,nan,nan,nan,nan
6019,75.2375,2.189599938e-06,1.750114904e-06,nan,nan,nan,nan
6020,75.25,2.189599935e-06,1.750114902e-06,nan,nan,6.883383e-13,8.798517e-13
6021,75.2625,2.189599936e-06,1.750114900e-06,nan,nan,nan,nan
6022,75.275,2.189599941e-06,1.750114901e-06,nan,nan,nan,nan
6023,75.2875,2.189599943e-06,1.750114903e-06,nan,nan,nan,nan
6024,75.3,2.189599944e-06,1.750114906e-06,nan,nan,nan,nan
6025,75.3125,2.189599941e-06,1.750114908e-06,nan,nan,nan,nan
6026,75.325,2.189599938e-06,1.750114906e-06,nan,nan,nan,nan
6027,75.3375,2.189599939e-06,1.750114903e-06,nan,nan,nan,nan
6028,75.35,2.189599941e-06,1.750114900e-06,nan,nan,nan,nan
6029,75.3625,2.189599942e-06,1.750114901e-06,nan,nan,nan,nan
6030,75.375,2.189599941e-06,1.750114906e-06,nan,nan,nan,nan
6031,75.3875,2.189599940e-06,1.750114910e-06,nan,nan,nan,nan
6032,75.4,2.189599938e-06,1.750114910e-06,nan,nan,nan,nan
6033,75.4125,2.189599939e-06,1.750114906e-06,nan,nan,nan,nan
6034,75.425,2.189599941e-06,1.750114900e-06,nan,nan,nan,nan
6035,75.4375,2.189599942e-06,1.750114897e-06,nan,nan,nan,nan
6036,75.45,2.189599940e-06,1.750114900e-06,nan,nan,nan,nan
6037,75.4625,2.189599940e-06,1.750114907e-06,nan,nan,nan,nan
6038,75.475,2.189599938e-06,1.750114911e-06,nan,nan,nan,nan
6039,75.4875,2.189599940e-06,1.750114909e-06,nan,nan,nan,nan
6040,75.5,2.189599941e-06,1.750114903e-06,nan,nan,6.995793e-13,8.726353e-13
6041,75.5125,2.189599941e-06,1.750114898e-06,nan,nan,nan,nan
6042,75.525,2.189599939e-06,1.750114900e-06,nan,nan,nan,nan
6043,75.5375,2.189599940e-06,1.750114905e-06,nan,nan,nan,nan
6044,75.55,2.189599940e-06,1.750114911e-06,nan,nan,nan,nan
6045,75.5625,2.189599940e-06,1.750114910e-06,nan,nan,nan,nan
6046,75.575,2.189599941e-06,1.750114906e-06,nan,nan,nan,nan
6047,75.5875,2.189599939e-06,1.750114900e-06,nan,nan,nan,nan
6048,75.6,2.189599937e-06,1.750114899e-06,nan,nan,nan,nan
6049,75.6125,2.189599938e-06,1.750114904e-06,nan,nan,nan,nan
6050,75.625,2.189599939e-06,1.750114909e-06,nan,nan,nan,nan
6051,75.6375,2.189599941e-06,1.750114910e-06,nan,nan,nan,nan
6052,75.65,2.189599941e-06,1.750114908e-06,nan,nan,nan,nan
6053,75.6625,2.189599940e-06,1.750114904e-06,nan,nan,nan,nan
6054,75.675,2.189599940e-06,1.750114903e-06,nan,nan,nan,nan
6055,75.6875,2.189599938e-06,1.750114904e-06,nan,nan,nan,nan
6056,75.7,2.189599942e-06,1.750114906e-06,nan,nan,nan,nan
6057,75.7125,2.189599942e-06,1.750114904e-06,nan,nan,nan,nan
6058,75.725,2.189599942e-06,1.750114903e-06,nan,nan,nan,nan
6059,75.7375,2.189599939e-06,1.750114904e-06,nan,nan,nan,nan
6060,75.75,2.189599936e-06,1.750114906e-06,nan,nan,6.972201e-13,8.681944e-13
6061,75.7625,2.189599937e-06,1.750114908e-06,nan,nan,nan,nan
6062,75.775,2.189599939e-06,1.750114908e-06,nan,nan,nan,nan
6063,75.7875,2.189599943e-06,1.750114907e-06,nan,nan,nan,nan
6064,75.8,2.189599942e-06,1.750114907e-06,nan,nan,nan,nan
6065,75.8125,2.189599939e-06,1.750114907e-06,nan,nan,nan,nan
6066,75.825,2.189599935e-06,1.750114908e-06,nan,nan,nan,nan
6067,75.8375,2.189599936e-06,1.750114906e-06,nan,nan,nan,nan
6068,75.85,2.189599938e-06,1.750114902e-06,nan,nan,nan,nan
6069,75.8625,2.189599941e-06,1.750114902e-06,nan,nan,nan,nan
6070,75.875,2.189599943e-06,1.750114904e-06,nan,nan,nan,nan
6071,75.8875,2.189599942e-06,1.750114908e-06,nan,nan,nan,nan
6072,75.9,2.189599939e-06,1.750114912e-06,nan,nan,nan,nan
6073,75.9125,2.189599936e-06,1.750114910e-06,nan,nan,nan,nan
6074,75.925,2.189599938e-06,1.750114905e-06,nan,nan,nan,nan
6075,75.9375,2.189599940e-06,1.750114898e-06,nan,nan,nan,nan
6076,75.95,2.189599942e-06,1.750114900e-06,nan,nan,nan,nan
6077,75.9625,2.189599943e-06,1.750114907e-06,nan,nan,nan,nan
6078,75.975,2.189599942e-06,1.750114914e-06,nan,nan,nan,nan
6079,75.9875,2.189599940e-06,1.750114911e-06,nan,nan,nan,nan
6080,76,2.189599939e-06,1.750114904e-06,nan,nan,7.095713e-13,8.637535e-13
6081,76.0125,2.189599938e-06,1.750114897e-06,nan,nan,nan,nan
6082,76.025,2.189599939e-06,1.750114897e-06,nan,nan,nan,nan
6083,76.0375,2.189599940e-06,1.750114904e-06,nan,nan,nan,nan
6084,76.05,2.189599942e-06,1.750114910e-06,nan,nan,nan,nan
6085,76.0625,2.189599941e-06,1.750114911e-06,nan,nan,nan,nan
6086,76.075,2.189599940e-06,1.750114905e-06,nan,nan,nan,nan
6087,76.0875,2.189599938e-06,1.750114899e-06,nan,nan,nan,nan
6088,76.1,2.189599938e-06,1.750114898e-06,nan,nan,nan,nan
6089,76.1125,2.189599939e-06,1.750114902e-06,nan,nan,nan,nan
6090,76.125,2.189599943e-06,1.750114906e-06,nan,nan,nan,nan
6091,76.1375,2.189599945e-06,1.750114906e-06,nan,nan,nan,nan
6092,76.15,2.189599944e-06,1.750114902e-06,nan,nan,nan,nan
6093,76.1625,2.189599942e-06,1.750114900e-06,nan,nan,nan,nan
6094,76.175,2.189599938e-06,1.750114901e-06,nan,nan,nan,nan
6095,76.1875,2.189599938e-06,1.750114904e-06,nan,nan,nan,nan
6096,76.2,2.189599942e-06,1.750114905e-06,nan,nan,nan,nan
6097,76.2125,2.189599944e-06,1.750114903e-06,nan,nan,nan,nan
6098,76.225,2.189599944e-06,1.750114902e-06,nan,nan,nan,nan
6099,76.2375,2.189599941e-06,1.750114901e-06,nan,nan,nan,nan
6100,76.25,2.189599938e-06,1.750114904e-06,nan,nan,7.138734e-13,8.809620e-13
6101,76.2625,2.189599937e-06,1.750114906e-06,nan,nan,nan,nan
6102,76.275,2.189599939e-06,1.750114907e-06,nan,nan,nan,nan
6103,76.2875,2.189599943e-06,1.750114904e-06,nan,nan,nan,nan
6104,76.3,2.189599946e-06,1.750114902e-06,nan,nan,nan,nan
6105,76.3125,2.189599944e-06,1.750114903e-06,nan,nan,nan,nan
6106,76.325,2.189599941e-06,1.750114909e-06,nan,nan,nan,nan
6107,76.3375,2.189599938e-06,1.750114908e-06,nan,nan,nan,nan
6108,76.35,2.189599937e-06,1.750114907e-06,nan,nan,nan,nan
6109,76.3625,2.189599939e-06,1.750114900e-06,nan,nan,nan,nan
6110,76.375,2.189599942e-06,1.750114900e-06,nan,nan,nan,nan
6111,76.3875,2.189599944e-06,1.750114903e-06,nan,nan,nan,nan
6112,76.4,2.189599943e-06,1.750114908e-06,nan,nan,nan,nan
6113,76.4125,2.189599940e-06,1.750114910e-06,nan,nan,nan,nan
6114,76.425,2.189599939e-06,1.750114906e-06,nan,nan,nan,nan
6115,76.4375,2.189599939e-06,1.750114900e-06,nan,nan,nan,nan
6116,76.45,2.189599940e-06,1.750114899e-06,nan,nan,nan,nan
6117,76.4625,2.189599941e-06,1.750114905e-06,nan,nan,nan,nan
6118,76.475,2.189599940e-06,1.750114911e-06,nan,nan,nan,nan
6119,76.4875,2.189599940e-06,1.750114912e-06,nan,nan,nan,nan
6120,76.5,2.189599938e-06,1.750114908e-06,nan,nan,7.266410e-13,8.770762e-13
6121,76.5125,2.189599938e-06,1.750114903e-06,nan,nan,nan,nan
6122,76.525,2.189599939e-06,1.750114902e-06,nan,nan,nan,nan
6123,76.5375,2.189599941e-06,1.750114904e-06,nan,nan,nan,nan
6124,76.55,2.189599942e-06,1.750114908e-06,nan,nan,nan,nan
6125,76.5625,2.189599944e-06,1.750114909e-06,nan,nan,nan,nan
6126,76.575,2.189599942e-06,1.750114906e-06,nan,nan,nan,nan
6127,76.5875,2.189599941e-06,1.750114903e-06,nan,nan,nan,nan
6128,76.6,2.189599940e-06,1.750114903e-06,nan,nan,nan,nan
6129,76.6125,2.189599941e-06,1.750114907e-06,nan,nan,nan,nan
6130,76.625,2.189599941e-06,1.750114909e-06,nan,nan,nan,nan
6131,76.6375,2.189599943e-06,1.750114910e-06,nan,nan,nan,nan
6132,76.65,2.189599942e-06,1.750114908e-06,nan,nan,nan,nan
6133,76.6625,2.189599941e-06,1.750114906e-06,nan,nan,nan,nan
6134,76.675,2.189599940e-06,1.750114906e-06,nan,nan,nan,nan
6135,76.6875,2.189599940e-06,1.750114905e-06,nan,nan,nan,nan
6136,76.7,2.189599940e-06,1.750114906e-06,nan,nan,nan,nan
6137,76.7125,2.189599941e-06,1.750114904e-06,nan,nan,nan,nan
6138,76.725,2.189599942e-06,1.750114904e-06,nan,nan,nan,nan
6139,76.7375,2.189599941e-06,1.750114905e-06,nan,nan,nan,nan
6140,76.75,2.189599940e-06,1.750114907e-06,nan,nan,7.335799e-13,8.665291e-13
6141,76.7625,2.189599939e-06,1.750114908e-06,nan,nan,nan,nan
6142,76.775,2.189599938e-06,1.750114905e-06,nan,nan,nan,nan
6143,76.7875,2.189599940e-06,1.750114901e-06,nan,nan,nan,nan
6144,76.8,2.189599940e-06,1.750114902e-06,nan,nan,nan,nan
6145,76.8125,2.189599943e-06,1.750114906e-06,nan,nan,nan,nan
6146,76.825,2.189599942e-06,1.750114910e-06,nan,nan,nan,nan
6147,76.8375,2.189599941e-06,1.750114909e-06,nan,nan,nan,nan
6148,76.85,2.189599939e-06,1.750114905e-06,nan,nan,nan,nan
6149,76.8625,2.189599939e-06,1.750114900e-06,nan,nan,nan,nan
6150,76.875,2.189599941e-06,1.750114900e-06,nan,nan,nan,nan
6151,76.8875,2.189599941e-06,1.750114906e-06,nan,nan,nan,nan
6152,76.9,2.189599941e-06,1.750114911e-06,nan,nan,nan,nan
6153,76.9125,2.189599941e-06,1.750114913e-06,nan,nan,nan,nan
6154,76.925,2.189599941e-06,1.750114908e-06,nan,nan,nan,nan
6155,76.9375,2.189599940e-06,1.750114901e-06,nan,nan,nan,nan
6156,76.95,2.189599939e-06,1.750114900e-06,nan,nan,nan,nan
6157,76.9625,2.189599939e-06,1.750114904e-06,nan,nan,nan,nan
6158,76.975,2.189599940e-06,1.750114910e-06,nan,nan,nan,nan
6159,76.9875,2.189599941e-06,1.750114913e-06,nan,nan,nan,nan
6160,77,2.189599942e-06,1.750114908e-06,nan,nan,7.313594e-13,8.731904e-13
6161,77.0125,2.189599943e-06,1.750114902e-06,nan,nan,nan,nan
6162,77.025,2.189599942e-06,1.750114899e-06,nan,nan,nan,nan
6163,77.0375,2.189599940e-06,1.750114900e-06,nan,nan,nan,nan
6164,77.05,2.189599938e-06,1.750114906e-06,nan,nan,nan,nan
6165,77.0625,2.189599937e-06,1.750114909e-06,nan,nan,nan,nan
6166,77.075,2.189599939e-06,1.750114908e-06,nan,nan,nan,nan
6167,77.0875,2.189599942e-06,1.750114903e-06,nan,nan,nan,nan
6168,77.1,2.189599941e-06,1.750114900e-06,nan,nan,nan,nan
6169,77.1125,2.189599940e-06,1.750114898e-06,nan,nan,nan,nan
6170,77.125,2.189599939e-06,1.750114901e-06,nan,nan,nan,nan
6171,77.1375,2.189599937e-06,1.750114904e-06,nan,nan,nan,nan
6172,77.15,2.189599939e-06,1.750114905e-06,nan,nan,nan,nan
6173,77.1625,2.189599942e-06,1.750114905e-06,nan,nan,nan,nan
6174,77.175,2.189599943e-06,1.750114903e-06,nan,nan,nan,nan
6175,77.1875,2.189599943e-06,1.750114901e-06,nan,nan,nan,nan
6176,77.2,2.189599941e-06,1.750114900e-06,nan,nan,nan,nan
6177,77.2125,2.189599939e-06,1.750114900e-06,nan,nan,nan,nan
6178,77.225,2.189599939e-06,1.750114902e-06,nan,nan,nan,nan
6179,77.2375,2.189599941e-06,1.750114905e-06,nan,nan,nan,nan
6180,77.25,2.189599942e-06,1.750114907e-06,nan,nan,7.327472e-13,8.815171e-13
6181,77.2625,2.189599943e-06,1.750114905e-06,nan,nan,nan,nan
6182,77.275,2.189599941e-06,1.750114903e-06,nan,nan,nan,nan
6183,77.2875,2.189599941e-06,1.750114899e-06,nan,nan,nan,nan
6184,77.3,2.189599943e-06,1.750114900e-06,nan,nan,nan,nan
6185,77.3125,2.189599944e-06,1.750114903e-06,nan,nan,nan,nan
6186,77.325,2.189599943e-06,1.750114908e-06,nan,nan,nan,nan
6187,77.3375,2.189599941e-06,1.750114910e-06,nan,nan,nan,nan
6188,77.35,2.189599939e-06,1.750114907e-06,nan,nan,nan,nan
6189,77.3625,2.189599939e-06,1.750114902e-06,nan,nan,nan,nan
6190,77.375,2.189599941e-06,1.750114899e-06,nan,nan,nan,nan
6191,77.3875,2.189599942e-06,1.750114902e-06,nan,nan,nan,nan
6192,77.4,2.189599943e-06,1.750114907e-06,nan,nan,nan,nan
6193,77.4125,2.189599940e-06,1.750114912e-06,nan,nan,nan,nan
6194,77.425,2.189599939e-06,1.750114911e-06,nan,nan,nan,nan
6195,77.4375,2.189599938e-06,1.750114905e-06,nan,nan,nan,nan
6196,77.45,2.189599938e-06,1.750114898e-06,nan,nan,nan,nan
6197,77.4625,2.189599939e-06,1.750114900e-06,nan,nan,nan,nan
6198,77.475,2.189599938e-06,1.750114906e-06,nan,nan,nan,nan
6199,77.4875,2.189599937e-06,1.750114912e-06,nan,nan,nan,nan
6200,77.5,2.189599938e-06,1.750114913e-06,nan,nan,7.195633e-13,8.909540e-13
6201,77.5125,2.189599938e-06,1.750114906e-06,nan,nan,nan,nan
6202,77.525,2.189599939e-06,1.750114899e-06,nan,nan,nan,nan
6203,77.5375,2.189599939e-06,1.750114896e-06,nan,nan,nan,nan
6204,77.55,2.189599939e-06,1.750114901e-06,nan,nan,nan,nan
6205,77.5625,2.189599937e-06,1.750114908e-06,nan,nan,nan,nan
6206,77.575,2.189599939e-06,1.750114910e-06,nan,nan,nan,nan
6207,77.5875,2.189599941e-06,1.750114907e-06,nan,nan,nan,nan
6208,77.6,2.189599941e-06,1.750114901e-06,nan,nan,nan,nan
6209,77.6125,2.189599941e-06,1.750114899e-06,nan,nan,nan,nan
6210,77.625,2.189599940e-06,1.750114902e-06,nan,nan,nan,nan
6211,77.6375,2.189599939e-06,1.750114908e-06,nan,nan,nan,nan
6212,77.65,2.189599939e-06,1.750114910e-06,nan,nan,nan,nan
6213,77.6625,2.189599941e-06,1.750114908e-06,nan,nan,nan,nan
6214,77.675,2.189599943e-06,1.750114905e-06,nan,nan,nan,nan
6215,77.6875,2.189599942e-06,1.750114902e-06,nan,nan,nan,nan
6216,77.7,2.189599942e-06,1.750114903e-06,nan,nan,nan,nan
6217,77.7125,2.189599941e-06,1.750114906e-06,nan,nan,nan,nan
6218,77.725,2.189599941e-06,1.750114908e-06,nan,nan,nan,nan
6219,77.7375,2.189599941e-06,1.750114909e-06,nan,nan,nan,nan
6220,77.75,2.189599938e-06,1.750114908e-06,nan,nan,7.230327e-13,8.926193e-13
6221,77.7625,2.189599938e-06,1.750114909e-06,nan,nan,nan,nan
6222,77.775,2.189599939e-06,1.750114906e-06,nan,nan,nan,nan
6223,77.7875,2.189599943e-06,1.750114906e-06,nan,nan,nan,nan
6224,77.8,2.189599943e-06,1.750114904e-06,nan,nan,nan,nan
6225,77.8125,2.189599942e-06,1.750114905e-06,nan,nan,nan,nan
6226,77.825,2.189599940e-06,1.750114906e-06,nan,nan,nan,nan
6227,77.8375,2.189599938e-06,1.750114908e-06,nan,nan,nan,nan
6228,77.85,2.189599938e-06,1.750114907e-06,nan,nan,nan,nan
6229,77.8625,2.189599938e-06,1.750114904e-06,nan,nan,nan,nan
6230,77.875,2.189599939e-06,1.750114900e-06,nan,nan,nan,nan
6231,77.8875,2.189599940e-06,1.750114900e-06,nan,nan,nan,nan
6232,77.9,2.189599939e-06,1.750114904e-06,nan,nan,nan,nan
6233,77.9125,2.189599937e-06,1.750114909e-06,nan,nan,nan,nan
6234,77.925,2.189599938e-06,1.750114910e-06,nan,nan,nan,nan
6235,77.9375,2.189599938e-06,1.750114905e-06,nan,nan,nan,nan
6236,77.95,2.189599939e-06,1.750114900e-06,nan,nan,nan,nan
6237,77.9625,2.189599939e-06,1.750114899e-06,nan,nan,nan,nan
6238,77.975,2.189599939e-06,1.750114904e-06,nan,nan,nan,nan
6239,77.9875,2.189599939e-06,1.750114910e-06,nan,nan,nan,nan
6240,78,2.189599941e-06,1.750114912e-06,nan,nan,7.352452e-13,8.859580e-13
6241,78.0125,2.189599940e-06,1.750114907e-06,nan,nan,nan,nan
6242,78.025,2.189599939e-06,1.750114898e-06,nan,nan,nan,nan
6243,78.0375,2.189599940e-06,1.750114895e-06,nan,nan,nan,nan
6244,78.05,2.189599940e-06,1.750114901e-06,nan,nan,nan,nan
6245,78.0625,2.189599941e-06,1.750114909e-06,nan,nan,nan,nan
6246,78.075,2.189599943e-06,1.750114912e-06,nan,nan,nan,nan
6247,78.0875,2.189599942e-06,1.750114908e-06,nan,nan,nan,nan
6248,78.1,2.189599940e-06,1.750114901e-06,nan,nan,nan,nan
6249,78.1125,2.189599937e-06,1.750114896e-06,nan,nan,nan,nan
6250,78.125,2.189599938e-06,1.750114900e-06,nan,nan,nan,nan
6251,78.1375,2.189599942e-06,1.750114904e-06,nan,nan,nan,nan
6252,78.15,2.189599945e-06,1.750114907e-06,nan,nan,nan,nan
6253,78.1625,2.189599946e-06,1.750114905e-06,nan,nan,nan,nan
6254,78.175,2.189599942e-06,1.750114902e-06,nan,nan,nan,nan
6255,78.1875,2.189599936e-06,1.750114900e-06,nan,nan,nan,nan
6256,78.2,2.189599935e-06,1.750114901e-06,nan,nan,nan,nan
6257,78.2125,2.189599937e-06,1.750114904e-06,nan,nan,nan,nan
6258,78.225,2.189599942e-06,1.750114904e-06,nan,nan,nan,nan
6259,78.2375,2.189599942e-06,1.750114902e-06,nan,nan,nan,nan
6260,78.25,2.189599941e-06,1.750114902e-06,nan,nan,7.413514e-13,8.965051e-13
6261,78.2625,2.189599937e-06,1.750114902e-06,nan,nan,nan,nan
6262,78.275,2.189599937e-06,1.750114906e-06,nan,nan,nan,nan
6263,78.2875,2.189599940e-06,1.750114905e-06,nan,nan,nan,nan
6264,78.3,2.189599942e-06,1.750114903e-06,nan,nan,nan,nan
6265,78.3125,2.189599942e-06,1.750114900e-06,nan,nan,nan,nan
6266,78.325,2.189599940e-06,1.750114902e-06,nan,nan,nan,nan
6267,78.3375,2.189599938e-06,1.750114907e-06,nan,nan,nan,nan
6268,78.35,2.189599938e-06,1.750114908e-06,nan,nan,nan,nan
6269,78.3625,2.189599941e-06,1.750114906e-06,nan,nan,nan,nan
6270,78.375,2.189599942e-06,1.750114899e-06,nan,nan,nan,nan
6271,78.3875,2.189599942e-06,1.750114898e-06,nan,nan,nan,nan
6272,78.4,2.189599940e-06,1.750114900e-06,nan,nan,nan,nan
6273,78.4125,2.189599941e-06,1.750114907e-06,nan,nan,nan,nan
6274,78.425,2.189599940e-06,1.750114912e-06,nan,nan,nan,nan
6275,78.4375,2.189599942e-06,1.750114908e-06,nan,nan,nan,nan
6276,78.45,2.189599942e-06,1.750114902e-06,nan,nan,nan,nan
6277,78.4625,2.189599940e-06,1.750114898e-06,nan,nan,nan,nan
6278,78.475,2.189599939e-06,1.750114900e-06,nan,nan,nan,nan
6279,78.4875,2.189599941e-06,1.750114908e-06,nan,nan,nan,nan
6280,78.5,2.189599941e-06,1.750114913e-06,nan,nan,7.480128e-13,8.970602e-13
6281,78.5125,2.189599942e-06,1.750114913e-06,nan,nan,nan,nan
6282,78.525,2.189599940e-06,1.750114906e-06,nan,nan,nan,nan
6283,78.5375,2.189599938e-06,1.750114902e-06,nan,nan,nan,nan
6284,78.55,2.189599937e-06,1.750114904e-06,nan,nan,nan,nan
6285,78.5625,2.189599940e-06,1.750114908e-06,nan,nan,nan,nan
6286,78.575,2.189599942e-06,1.750114914e-06,nan,nan,nan,nan
6287,78.5875,2.189599943e-06,1.750114911e-06,nan,nan,nan,nan
6288,78.6,2.189599941e-06,1.750114906e-06,nan,nan,nan,nan
6289,78.6125,2.189599936e-06,1.750114903e-06,nan,nan,nan,nan
6290,78.625,2.189599936e-06,1.750114903e-06,nan,nan,nan,nan
6291,78.6375,2.189599940e-06,1.750114905e-06,nan,nan,nan,nan
6292,78.65,2.189599942e-06,1.750114905e-06,nan,nan,nan,nan
6293,78.6625,2.189599943e-06,1.750114905e-06,nan,nan,nan,nan
6294,78.675,2.189599938e-06,1.750114903e-06,nan,nan,nan,nan
6295,78.6875,2.189599934e-06,1.750114904e-06,nan,nan,nan,nan
6296,78.7,2.189599934e-06,1.750114905e-06,nan,nan,nan,nan
6297,78.7125,2.189599937e-06,1.750114906e-06,nan,nan,nan,nan
6298,78.725,2.189599941e-06,1.750114904e-06,nan,nan,nan,nan
6299,78.7375,2.189599941e-06,1.750114901e-06,nan,nan,nan,nan
6300,78.75,2.189599938e-06,1.750114903e-06,nan,nan,7.510659e-13,8.920642e-13
6301,78.7625,2.189599935e-06,1.750114906e-06,nan,nan,nan,nan
6302,78.775,2.189599936e-06,1.750114909e-06,nan,nan,nan,nan
6303,78.7875,2.189599940e-06,1.750114908e-06,nan,nan,nan,nan
6304,78.8,2.189599943e-06,1.750114904e-06,nan,nan,nan,nan
6305,78.8125,2.189599943e-06,1.750114901e-06,nan,nan,nan,nan
6306,78.825,2.189599940e-06,1.750114901e-06,nan,nan,nan,nan
6307,78.8375,2.189599939e-06,1.750114906e-06,nan,nan,nan,nan
6308,78.85,2.189599941e-06,1.750114910e-06,nan,nan,nan,nan
6309,78.8625,2.189599943e-06,1.750114909e-06,nan,nan,nan,nan
6310,78.875,2.189599943e-06,1.750114904e-06,nan,nan,nan,nan
6311,78.8875,2.189599942e-06,1.750114901e-06,nan,nan,nan,nan
6312,78.9,2.189599941e-06,1.750114902e-06,nan,nan,nan,nan
6313,78.9125,2.189599941e-06,1.750114907e-06,nan,nan,nan,nan
6314,78.925,2.189599942e-06,1.750114909e-06,nan,nan,nan,nan
6315,78.9375,2.189599942e-06,1.750114907e-06,nan,nan,nan,nan
6316,78.95,2.189599942e-06,1.750114901e-06,nan,nan,nan,nan
6317,78.9625,2.189599939e-06,1.750114898e-06,nan,nan,nan,nan
6318,78.975,2.189599938e-06,1.750114901e-06,nan,nan,nan,nan
6319,78.9875,2.189599940e-06,1.750114906e-06,nan,nan,nan,nan
6320,79,2.189599941e-06,1.750114910e-06,nan,nan,7.494005e-13,8.726353e-13
6321,79.0125,2.189599941e-06,1.750114910e-06,nan,nan,nan,nan
6322,79.025,2.189599938e-06,1.750114904e-06,nan,nan,nan,nan
6323,79.0375,2.189599935e-06,1.750114900e-06,nan,nan,nan,nan
6324,79.05,2.189599936e-06,1.750114900e-06,nan,nan,nan,nan
6325,79.0625,2.189599940e-06,1.750114904e-06,nan,nan,nan,nan
6326,79.075,2.189599943e-06,1.750114906e-06,nan,nan,nan,nan
6327,79.0875,2.189599942e-06,1.750114906e-06,nan,nan,nan,nan
6328,79.1,2.189599937e-06,1.750114902e-06,nan,nan,nan,nan
6329,79.1125,2.189599935e-06,1.750114899e-06,nan,nan,nan,nan
6330,79.125,2.189599937e-06,1.750114899e-06,nan,nan,nan,nan
6331,79.1375,2.189599942e-06,1.750114900e-06,nan,nan,nan,nan
6332,79.15,2.189599946e-06,1.750114902e-06,nan,nan,nan,nan
6333,79.1625,2.189599945e-06,1.750114902e-06,nan,nan,nan,nan
6334,79.175,2.189599940e-06,1.750114903e-06,nan,nan,nan,nan
6335,79.1875,2.189599939e-06,1.750114903e-06,nan,nan,nan,nan
6336,79.2,2.189599937e-06,1.750114904e-06,nan,nan,nan,nan
6337,79.2125,2.189599942e-06,1.750114902e-06,nan,nan,nan,nan
6338,79.225,2.189599944e-06,1.750114901e-06,nan,nan,nan,nan
6339,79.2375,2.189599944e-06,1.750114900e-06,nan,nan,nan,nan
6340,79.25,2.189599940e-06,1.750114902e-06,nan,nan,7.518985e-13,8.770762e-13
6341,79.2625,2.189599937e-06,1.750114906e-06,nan,nan,nan,nan
6342,79.275,2.189599937e-06,1.750114908e-06,nan,nan,nan,nan
6343,79.2875,2.189599941e-06,1.750114906e-06,nan,nan,nan,nan
6344,79.3,2.189599942e-06,1.750114903e-06,nan,nan,nan,nan
6345,79.3125,2.189599943e-06,1.750114901e-06,nan,nan,nan,nan
6346,79.325,2.189599939e-06,1.750114903e-06,nan,nan,nan,nan
6347,79.3375,2.189599938e-06,1.750114908e-06,nan,nan,nan,nan
6348,79.35,2.189599937e-06,1.750114910e-06,nan,nan,nan,nan
6349,79.3625,2.189599939e-06,1.750114909e-06,nan,nan,nan,nan
6350,79.375,2.189599941e-06,1.750114904e-06,nan,nan,nan,nan
6351,79.3875,2.189599941e-06,1.750114900e-06,nan,nan,nan,nan
6352,79.4,2.189599941e-06,1.750114900e-06,nan,nan,nan,nan
6353,79.4125,2.189599941e-06,1.750114906e-06,nan,nan,nan,nan
6354,79.425,2.189599941e-06,1.750114911e-06,nan,nan,nan,nan
6355,79.4375,2.189599940e-06,1.750114911e-06,nan,nan,nan,nan
6356,79.45,2.189599938e-06,1.750114906e-06,nan,nan,nan,nan
6357,79.4625,2.189599937e-06,1.750114901e-06,nan,nan,nan,nan
6358,79.475,2.189599937e-06,1.750114900e-06,nan,nan,nan,nan
6359,79.4875,2.189599939e-06,1.750114903e-06,nan,nan,nan,nan
6360,79.5,2.189599940e-06,1.750114909e-06,nan,nan,7.485679e-13,8.815171e-13
6361,79.5125,2.189599938e-06,1.750114911e-06,nan,nan,nan,nan
6362,79.525,2.189599938e-06,1.750114909e-06,nan,nan,nan,nan
6363,79.5375,2.189599938e-06,1.750114903e-06,nan,nan,nan,nan
6364,79.55,2.189599941e-06,1.750114900e-06,nan,nan,nan,nan
6365,79.5625,2.189599943e-06,1.750114902e-06,nan,nan,nan,nan
6366,79.575,2.189599943e-06,1.750114904e-06,nan,nan,nan,nan
6367,79.5875,2.189599942e-06,1.750114908e-06,nan,nan,nan,nan
6368,79.6,2.189599939e-06,1.750114909e-06,nan,nan,nan,nan
6369,79.6125,2.189599938e-06,1.750114907e-06,nan,nan,nan,nan
6370,79.625,2.189599940e-06,1.750114902e-06,nan,nan,nan,nan
6371,79.6375,2.189599944e-06,1.750114901e-06,nan,nan,nan,nan
6372,79.65,2.189599944e-06,1.750114902e-06,nan,nan,nan,nan
6373,79.6625,2.189599943e-06,1.750114906e-06,nan,nan,nan,nan
6374,79.675,2.189599939e-06,1.750114909e-06,nan,nan,nan,nan
6375,79.6875,2.189599937e-06,1.750114911e-06,nan,nan,nan,nan
6376,79.7,2.189599939e-06,1.750114908e-06,nan,nan,nan,nan
6377,79.7125,2.189599943e-06,1.750114903e-06,nan,nan,nan,nan
6378,79.725,2.189599944e-06,1.750114900e-06,nan,nan,nan,nan
6379,79.7375,2.189599942e-06,1.750114900e-06,nan,nan,nan,nan
6380,79.75,2.189599938e-06,1.750114904e-06,nan,nan,7.499557e-13,8.876233e-13
6381,79.7625,2.189599936e-06,1.750114908e-06,nan,nan,nan,nan
6382,79.775,2.189599938e-06,1.750114908e-06,nan,nan,nan,nan
6383,79.7875,2.189599941e-06,1.750114906e-06,nan,nan,nan,nan
6384,79.8,2.189599944e-06,1.750114903e-06,nan,nan,nan,nan
6385,79.8125,2.189599943e-06,1.750114901e-06,nan,nan,nan,nan
6386,79.825,2.189599941e-06,1.750114902e-06,nan,nan,nan,nan
6387,79.8375,2.189599940e-06,1.750114906e-06,nan,nan,nan,nan
6388,79.85,2.189599939e-06,1.750114909e-06,nan,nan,nan,nan
6389,79.8625,2.189599940e-06,1.750114908e-06,nan,nan,nan,nan
6390,79.875,2.189599940e-06,1.750114904e-06,nan,nan,nan,nan
6391,79.8875,2.189599940e-06,1.750114900e-06,nan,nan,nan,nan
6392,79.9,2.189599938e-06,1.750114901e-06,nan,nan,nan,nan
6393,79.9125,2.189599939e-06,1.750114904e-06,nan,nan,nan,nan
6394,79.925,2.189599939e-06,1.750114909e-06,nan,nan,nan,nan
6395,79.9375,2.189599940e-06,1.750114908e-06,nan,nan,nan,nan
6396,79.95,2.189599939e-06,1.750114906e-06,nan,nan,nan,nan
6397,79.9625,2.189599939e-06,1.750114901e-06,nan,nan,nan,nan
6398,79.975,2.189599938e-06,1.750114899e-06,nan,nan,nan,nan
6399,79.9875,2.189599939e-06,1.750114902e-06,nan,nan,nan,nan
6400,80,2.189599940e-06,1.750114907e-06,nan,nan,7.466250e-13,8.815171e-13
6401,80.0125,2.189599940e-06,1.750114909e-06,nan,nan,nan,nan
6402,80.025,2.189599941e-06,1.750114908e-06,nan,nan,nan,nan
6403,80.0375,2.189599940e-06,1.750114903e-06,nan,nan,nan,nan
6404,80.05,2.189599939e-06,1.750114900e-06,nan,nan,nan,nan
6405,80.0625,2.189599940e-06,1.750114900e-06,nan,nan,nan,nan
6406,80.075,2.189599940e-06,1.750114902e-06,nan,nan,nan,nan
6407,80.0875,2.189599940e-06,1.750114906e-06,nan,nan,nan,nan
6408,80.1,2.189599940e-06,1.750114905e-06,nan,nan,nan,nan
6409,80.1125,2.189599939e-06,1.750114903e-06,nan,nan,nan,nan
6410,80.125,2.189599939e-06,1.750114901e-06,nan,nan,nan,nan
6411,80.1375,2.189599938e-06,1.750114900e-06,nan,nan,nan,nan
6412,80.15,2.189599939e-06,1.750114901e-06,nan,nan,nan,nan
6413,80.1625,2.189599941e-06,1.750114904e-06,nan,nan,nan,nan
6414,80.175,2.189599940e-06,1.750114906e-06,nan,nan,nan,nan
6415,80.1875,2.189599940e-06,1.750114904e-06,nan,nan,nan,nan
6416,80.2,2.189599940e-06,1.750114902e-06,nan,nan,nan,nan
6417,80.2125,2.189599941e-06,1.750114900e-06,nan,nan,nan,nan
6418,80.225,2.189599942e-06,1.750114900e-06,nan,nan,nan,nan
6419,80.2375,2.189599942e-06,1.750114902e-06,nan,nan,nan,nan
6420,80.25,2.189599940e-06,1.750114904e-06,nan,nan,7.469025e-13,8.892886e-13
6421,80.2625,2.189599939e-06,1.750114906e-06,nan,nan,nan,nan
6422,80.275,2.189599939e-06,1.750114905e-06,nan,nan,nan,nan
6423,80.2875,2.189599940e-06,1.750114903e-06,nan,nan,nan,nan
6424,80.3,2.189599942e-06,1.750114901e-06,nan,nan,nan,nan
6425,80.3125,2.189599942e-06,1.750114899e-06,nan,nan,nan,nan
6426,80.325,2.189599940e-06,1.750114900e-06,nan,nan,nan,nan
6427,80.3375,2.189599937e-06,1.750114902e-06,nan,nan,nan,nan
6428,80.35,2.189599936e-06,1.750114906e-06,nan,nan,nan,nan
6429,80.3625,2.189599938e-06,1.750114906e-06,nan,nan,nan,nan
6430,80.375,2.189599940e-06,1.750114904e-06,nan,nan,nan,nan
6431,80.3875,2.189599942e-06,1.750114901e-06,nan,nan,nan,nan
6432,80.4,2.189599941e-06,1.750114901e-06,nan,nan,nan,nan
6433,80.4125,2.189599940e-06,1.750114903e-06,nan,nan,nan,nan
6434,80.425,2.189599938e-06,1.750114907e-06,nan,nan,nan,nan
6435,80.4375,2.189599937e-06,1.750114908e-06,nan,nan,nan,nan
6436,80.45,2.189599938e-06,1.750114906e-06,nan,nan,nan,nan
6437,80.4625,2.189599940e-06,1.750114903e-06,nan,nan,nan,nan
6438,80.475,2.189599938e-06,1.750114901e-06,nan,nan,nan,nan
6439,80.4875,2.189599938e-06,1.750114903e-06,nan,nan,nan,nan
6440,80.5,2.189599940e-06,1.750114907e-06,nan,nan,7.663314e-13,8.926193e-13
6441,80.5125,2.189599940e-06,1.750114909e-06,nan,nan,nan,nan
6442,80.525,2.189599942e-06,1.750114906e-06,nan,nan,nan,nan
6443,80.5375,2.189599941e-06,1.750114903e-06,nan,nan,nan,nan
6444,80.55,2.189599940e-06,1.750114899e-06,nan,nan,nan,nan
6445,80.5625,2.189599939e-06,1.750114901e-06,nan,nan,nan,nan
6446,80.575,2.189599937e-06,1.750114907e-06,nan,nan,nan,nan
6447,80.5875,2.189599939e-06,1.750114910e-06,nan,nan,nan,nan
6448,80.6,2.189599940e-06,1.750114910e-06,nan,nan,nan,nan
6449,80.6125,2.189599942e-06,1.750114906e-06,nan,nan,nan,nan
6450,80.625,2.189599940e-06,1.750114902e-06,nan,nan,nan,nan
6451,80.6375,2.189599938e-06,1.750114902e-06,nan,nan,nan,nan
6452,80.65,2.189599938e-06,1.750114906e-06,nan,nan,nan,nan
6453,80.6625,2.189599938e-06,1.750114909e-06,nan,nan,nan,nan
6454,80.675,2.189599938e-06,1.750114910e-06,nan,nan,nan,nan
6455,80.6875,2.189599938e-06,1.750114908e-06,nan,nan,nan,nan
6456,80.7,2.189599938e-06,1.750114905e-06,nan,nan,nan,nan
6457,80.7125,2.189599939e-06,1.750114904e-06,nan,nan,nan,nan
6458,80.725,2.189599939e-06,1.750114905e-06,nan,nan,nan,nan
6459,80.7375,2.189599941e-06,1.750114906e-06,nan,nan,nan,nan
6460,80.75,2.189599940e-06,1.750114906e-06,nan,nan,7.635559e-13,8.923418e-13
6461,80.7625,2.189599939e-06,1.750114906e-06,nan,nan,nan,nan
6462,80.775,2.189599937e-06,1.750114906e-06,nan,nan,nan,nan
6463,80.7875,2.189599939e-06,1.750114907e-06,nan,nan,nan,nan
6464,80.8,2.189599940e-06,1.750114907e-06,nan,nan,nan,nan
6465,80.8125,2.189599942e-06,1.750114906e-06,nan,nan,nan,nan
6466,80.825,2.189599941e-06,1.750114906e-06,nan,nan,nan,nan
6467,80.8375,2.189599939e-06,1.750114906e-06,nan,nan,nan,nan
6468,80.85,2.189599938e-06,1.750114906e-06,nan,nan,nan,nan
6469,80.8625,2.189599938e-06,1.750114907e-06,nan,nan,nan,nan
6470,80.875,2.189599939e-06,1.750114905e-06,nan,nan,nan,nan
6471,80.8875,2.189599939e-06,1.750114904e-06,nan,nan,nan,nan
6472,80.9,2.189599938e-06,1.750114903e-06,nan,nan,nan,nan
6473,80.9125,2.189599937e-06,1.750114903e-06,nan,nan,nan,nan
6474,80.925,2.189599937e-06,1.750114904e-06,nan,nan,nan,nan
6475,80.9375,2.189599939e-06,1.750114904e-06,nan,nan,nan,nan
6476,80.95,2.189599941e-06,1.750114904e-06,nan,nan,nan,nan
6477,80.9625,2.189599941e-06,1.750114903e-06,nan,nan,nan,nan
6478,80.975,2.189599938e-06,1.750114903e-06,nan,nan,nan,nan
6479,80.9875,2.189599937e-06,1.750114905e-06,nan,nan,nan,nan
6480,81,2.189599938e-06,1.750114906e-06,nan,nan,7.463474e-13,9.081624e-13
6481,81.0125,2.189599941e-06,1.750114906e-06,nan,nan,nan,nan
6482,81.025,2.189599943e-06,1.750114905e-06,nan,nan,nan,nan
6483,81.0375,2.189599942e-06,1.750114903e-06,nan,nan,nan,nan
6484,81.05,2.189599940e-06,1.750114902e-06,nan,nan,nan,nan
6485,81.0625,2.189599939e-06,1.750114904e-06,nan,nan,nan,nan
6486,81.075,2.189599940e-06,1.750114905e-06,nan,nan,nan,nan
6487,81.0875,2.189599941e-06,1.750114906e-06,nan,nan,nan,nan
6488,81.1,2.189599940e-06,1.750114904e-06,nan,nan,nan,nan
6489,81.1125,2.189599939e-06,1.750114903e-06,nan,nan,nan,nan
6490,81.125,2.189599939e-06,1.750114902e-06,nan,nan,nan,nan
6491,81.1375,2.189599939e-06,1.750114903e-06,nan,nan,nan,nan
6492,81.15,2.189599942e-06,1.750114904e-06,nan,nan,nan,nan
6493,81.1625,2.189599945e-06,1.750114903e-06,nan,nan,nan,nan
6494,81.175,2.189599942e-06,1.750114903e-06,nan,nan,nan,nan
6495,81.1875,2.189599939e-06,1.750114901e-06,nan,nan,nan,nan
6496,81.2,2.189599936e-06,1.750114902e-06,nan,nan,nan,nan
6497,81.2125,2.189599938e-06,1.750114904e-06,nan,nan,nan,nan
6498,81.225,2.189599942e-06,1.750114904e-06,nan,nan,nan,nan
6499,81.2375,2.189599944e-06,1.750114904e-06,nan,nan,nan,nan
6500,81.25,2.189599944e-06,1.750114904e-06,nan,nan,7.424616e-13,9.278689e-13
6501,81.2625,2.189599938e-06,1.750114906e-06,nan,nan,nan,nan
6502,81.275,2.189599935e-06,1.750114906e-06,nan,nan,nan,nan
6503,81.2875,2.189599937e-06,1.750114907e-06,nan,nan,nan,nan
6504,81.3,2.189599940e-06,1.750114905e-06,nan,nan,nan,nan
6505,81.3125,2.189599943e-06,1.750114904e-06,nan,nan,nan,nan
6506,81.325,2.189599944e-06,1.750114904e-06,nan,nan,nan,nan
6507,81.3375,2.189599941e-06,1.750114904e-06,nan,nan,nan,nan
6508,81.35,2.189599937e-06,1.750114907e-06,nan,nan,nan,nan
6509,81.3625,2.189599937e-06,1.750114907e-06,nan,nan,nan,nan
6510,81.375,2.189599941e-06,1.750114906e-06,nan,nan,nan,nan
6511,81.3875,2.189599943e-06,1.750114903e-06,nan,nan,nan,nan
6512,81.4,2.189599942e-06,1.750114900e-06,nan,nan,nan,nan
6513,81.4125,2.189599941e-06,1.750114901e-06,nan,nan,nan,nan
6514,81.425,2.189599940e-06,1.750114904e-06,nan,nan,nan,nan
6515,81.4375,2.189599939e-06,1.750114908e-06,nan,nan,nan,nan
6516,81.45,2.189599940e-06,1.750114908e-06,nan,nan,nan,nan
6517,81.4625,2.189599941e-06,1.750114906e-06,nan,nan,nan,nan
6518,81.475,2.189599939e-06,1.750114902e-06,nan,nan,nan,nan
6519,81.4875,2.189599939e-06,1.750114902e-06,nan,nan,nan,nan
6520,81.5,2.189599940e-06,1.750114904e-06,nan,nan,7.147061e-13,9.303669e-13
6521,81.5125,2.189599941e-06,1.750114907e-06,nan,nan,nan,nan
6522,81.525,2.189599942e-06,1.750114907e-06,nan,nan,nan,nan
6523,81.5375,2.189599940e-06,1.750114908e-06,nan,nan,nan,nan
6524,81.55,2.189599939e-06,1.750114904e-06,nan,nan,nan,nan
6525,81.5625,2.189599939e-06,1.750114903e-06,nan,nan,nan,nan
6526,81.575,2.189599941e-06,1.750114903e-06,nan,nan,nan,nan
6527,81.5875,2.189599943e-06,1.750114905e-06,nan,nan,nan,nan
6528,81.6,2.189599943e-06,1.750114907e-06,nan,nan,nan,nan
6529,81.6125,2.189599940e-06,1.750114908e-06,nan,nan,nan,nan
6530,81.625,2.189599940e-06,1.750114906e-06,nan,nan,nan,nan
6531,81.6375,2.189599941e-06,1.750114905e-06,nan,nan,nan,nan
6532,81.65,2.189599945e-06,1.750114905e-06,nan,nan,nan,nan
6533,81.6625,2.189599944e-06,1.750114906e-06,nan,nan,nan,nan
6534,81.675,2.189599942e-06,1.750114906e-06,nan,nan,nan,nan
6535,81.6875,2.189599938e-06,1.750114906e-06,nan,nan,nan,nan
6536,81.7,2.189599936e-06,1.750114907e-06,nan,nan,nan,nan
6537,81.7125,2.189599938e-06,1.750114906e-06,nan,nan,nan,nan
6538,81.725,2.189599942e-06,1.750114906e-06,nan,nan,nan,nan
6539,81.7375,2.189599944e-06,1.750114905e-06,nan,nan,nan,nan
6540,81.75,2.189599942e-06,1.750114904e-06,nan,nan,7.163714e-13,9.309220e-13
6541,81.7625,2.189599937e-06,1.750114904e-06,nan,nan,nan,nan
6542,81.775,2.189599935e-06,1.750114906e-06,nan,nan,nan,nan
6543,81.7875,2.189599937e-06,1.750114910e-06,nan,nan,nan,nan
6544,81.8,2.189599942e-06,1.750114910e-06,nan,nan,nan,nan
6545,81.8125,2.189599943e-06,1.750114907e-06,nan,nan,nan,nan
6546,81.825,2.189599943e-06,1.750114903e-06,nan,nan,nan,nan
6547,81.8375,2.189599941e-06,1.750114900e-06,nan,nan,nan,nan
6548,81.85,2.189599939e-06,1.750114901e-06,nan,nan,nan,nan
6549,81.8625,2.189599939e-06,1.750114906e-06,nan,nan,nan,nan
6550,81.875,2.189599940e-06,1.750114910e-06,nan,nan,nan,nan
6551,81.8875,2.189599941e-06,1.750114911e-06,nan,nan,nan,nan
6552,81.9,2.189599941e-06,1.750114908e-06,nan,nan,nan,nan
6553,81.9125,2.189599940e-06,1.750114903e-06,nan,nan,nan,nan
6554,81.925,2.189599940e-06,1.750114903e-06,nan,nan,nan,nan
6555,81.9375,2.189599941e-06,1.750114906e-06,nan,nan,nan,nan
6556,81.95,2.189599941e-06,1.750114910e-06,nan,nan,nan,nan
6557,81.9625,2.189599940e-06,1.750114911e-06,nan,nan,nan,nan
6558,81.975,2.189599939e-06,1.750114909e-06,nan,nan,nan,nan
6559,81.9875,2.189599940e-06,1.750114905e-06,nan,nan,nan,nan
6560,82,2.189599941e-06,1.750114902e-06,nan,nan,7.314982e-13,9.259260e-13
6561,82.0125,2.189599943e-06,1.750114903e-06,nan,nan,nan,nan
6562,82.025,2.189599942e-06,1.750114905e-06,nan,nan,nan,nan
6563,82.0375,2.189599940e-06,1.750114906e-06,nan,nan,nan,nan
6564,82.05,2.189599939e-06,1.750114905e-06,nan,nan,nan,nan
6565,82.0625,2.189599939e-06,1.750114903e-06,nan,nan,nan,nan
6566,82.075,2.189599942e-06,1.750114902e-06,nan,nan,nan,nan
6567,82.0875,2.189599943e-06,1.750114903e-06,nan,nan,nan,nan
6568,82.1,2.189599941e-06,1.750114904e-06,nan,nan,nan,nan
6569,82.1125,2.189599936e-06,1.750114906e-06,nan,nan,nan,nan
6570,82.125,2.189599935e-06,1.750114903e-06,nan,nan,nan,nan
6571,82.1375,2.189599938e-06,1.750114901e-06,nan,nan,nan,nan
6572,82.15,2.189599943e-06,1.750114901e-06,nan,nan,nan,nan
6573,82.1625,2.189599946e-06,1.750114903e-06,nan,nan,nan,nan
6574,82.175,2.189599944e-06,1.750114905e-06,nan,nan,nan,nan
6575,82.1875,2.189599938e-06,1.750114905e-06,nan,nan,nan,nan
6576,82.2,2.189599935e-06,1.750114904e-06,nan,nan,nan,nan
6577,82.2125,2.189599936e-06,1.750114902e-06,nan,nan,nan,nan
6578,82.225,2.189599943e-06,1.750114901e-06,nan,nan,nan,nan
6579,82.2375,2.189599947e-06,1.750114900e-06,nan,nan,nan,nan
6580,82.25,2.189599946e-06,1.750114902e-06,nan,nan,7.283063e-13,9.237056e-13
6581,82.2625,2.189599942e-06,1.750114903e-06,nan,nan,nan,nan
6582,82.275,2.189599938e-06,1.750114905e-06,nan,nan,nan,nan
6583,82.2875,2.189599939e-06,1.750114905e-06,nan,nan,nan,nan
6584,82.3,2.189599943e-06,1.750114905e-06,nan,nan,nan,nan
6585,82.3125,2.189599947e-06,1.750114903e-06,nan,nan,nan,nan
6586,82.325,2.189599947e-06,1.750114901e-06,nan,nan,nan,nan
6587,82.3375,2.189599944e-06,1.750114901e-06,nan,nan,nan,nan
6588,82.35,2.189599939e-06,1.750114902e-06,nan,nan,nan,nan
6589,82.3625,2.189599938e-06,1.750114907e-06,nan,nan,nan,nan
6590,82.375,2.189599939e-06,1.750114909e-06,nan,nan,nan,nan
6591,82.3875,2.189599941e-06,1.750114908e-06,nan,nan,nan,nan
6592,82.4,2.189599943e-06,1.750114903e-06,nan,nan,nan,nan
6593,82.4125,2.189599941e-06,1.750114898e-06,nan,nan,nan,nan
6594,82.425,2.189599941e-06,1.750114898e-06,nan,nan,nan,nan
6595,82.4375,2.189599940e-06,1.750114903e-06,nan,nan,nan,nan
6596,82.45,2.189599939e-06,1.750114908e-06,nan,nan,nan,nan
6597,82.4625,2.189599938e-06,1.750114910e-06,nan,nan,nan,nan
6598,82.475,2.189599938e-06,1.750114906e-06,nan,nan,nan,nan
6599,82.4875,2.189599941e-06,1.750114901e-06,nan,nan,nan,nan
6600,82.5,2.189599943e-06,1.750114900e-06,nan,nan,7.432943e-13,9.170442e-13
6601,82.5125,2.189599945e-06,1.750114903e-06,nan,nan,nan,nan
6602,82.525,2.189599943e-06,1.750114907e-06,nan,nan,nan,nan
6603,82.5375,2.189599940e-06,1.750114909e-06,nan,nan,nan,nan
6604,82.55,2.189599937e-06,1.750114907e-06,nan,nan,nan,nan
6605,82.5625,2.189599937e-06,1.750114901e-06,nan,nan,nan,nan
6606,82.575,2.189599940e-06,1.750114901e-06,nan,nan,nan,nan
6607,82.5875,2.189599942e-06,1.750114902e-06,nan,nan,nan,nan
6608,82.6,2.189599942e-06,1.750114905e-06,nan,nan,nan,nan
6609,82.6125,2.189599940e-06,1.750114906e-06,nan,nan,nan,nan
6610,82.625,2.189599938e-06,1.750114905e-06,nan,nan,nan,nan
6611,82.6375,2.189599937e-06,1.750114902e-06,nan,nan,nan,nan
6612,82.65,2.189599940e-06,1.750114902e-06,nan,nan,nan,nan
6613,82.6625,2.189599942e-06,1.750114904e-06,nan,nan,nan,nan
6614,82.675,2.189599942e-06,1.750114906e-06,nan,nan,nan,nan
6615,82.6875,2.189599940e-06,1.750114905e-06,nan,nan,nan,nan
6616,82.7,2.189599939e-06,1.750114904e-06,nan,nan,nan,nan
6617,82.7125,2.189599939e-06,1.750114903e-06,nan,nan,nan,nan
6618,82.725,2.189599940e-06,1.750114905e-06,nan,nan,nan,nan
6619,82.7375,2.189599942e-06,1.750114905e-06,nan,nan,nan,nan
6620,82.75,2.189599941e-06,1.750114906e-06,nan,nan,7.507883e-13,9.170442e-13
6621,82.7625,2.189599940e-06,1.750114907e-06,nan,nan,nan,nan
6622,82.775,2.189599938e-06,1.750114905e-06,nan,nan,nan,nan
6623,82.7875,2.189599937e-06,1.750114906e-06,nan,nan,nan,nan
6624,82.8,2.189599938e-06,1.750114907e-06,nan,nan,nan,nan
6625,82.8125,2.189599941e-06,1.750114907e-06,nan,nan,nan,nan
6626,82.825,2.189599939e-06,1.750114905e-06,nan,nan,nan,nan
6627,82.8375,2.189599939e-06,1.750114904e-06,nan,nan,nan,nan
6628,82.85,2.189599939e-06,1.750114904e-06,nan,nan,nan,nan
6629,82.8625,2.189599938e-06,1.750114905e-06,nan,nan,nan,nan
6630,82.875,2.189599939e-06,1.750114907e-06,nan,nan,nan,nan
6631,82.8875,2.189599939e-06,1.750114906e-06,nan,nan,nan,nan
6632,82.9,2.189599940e-06,1.750114905e-06,nan,nan,nan,nan
6633,82.9125,2.189599939e-06,1.750114902e-06,nan,nan,nan,nan
6634,82.925,2.189599938e-06,1.750114902e-06,nan,nan,nan,nan
6635,82.9375,2.189599939e-06,1.750114906e-06,nan,nan,nan,nan
6636,82.95,2.189599938e-06,1.750114908e-06,nan,nan,nan,nan
6637,82.9625,2.189599938e-06,1.750114908e-06,nan,nan,nan,nan
6638,82.975,2.189599938e-06,1.750114905e-06,nan,nan,nan,nan
6639,82.9875,2.189599938e-06,1.750114903e-06,nan,nan,nan,nan
6640,83,2.189599938e-06,1.750114904e-06,nan,nan,7.496781e-13,9.148238e-13
6641,83.0125,2.189599938e-06,1.750114907e-06,nan,nan,nan,nan
6642,83.025,2.189599938e-06,1.750114908e-06,nan,nan,nan,nan
6643,83.0375,2.189599939e-06,1.750114907e-06,nan,nan,nan,nan
6644,83.05,2.189599938e-06,1.750114904e-06,nan,nan,nan,nan
6645,83.0625,2.189599939e-06,1.750114902e-06,nan,nan,nan,nan
6646,83.075,2.189599940e-06,1.750114904e-06,nan,nan,nan,nan
6647,83.0875,2.189599939e-06,1.750114905e-06,nan,nan,nan,nan
6648,83.1,2.189599939e-06,1.750114906e-06,nan,nan,nan,nan
6649,83.1125,2.189599939e-06,1.750114903e-06,nan,nan,nan,nan
6650,83.125,2.189599938e-06,1.750114903e-06,nan,nan,nan,nan
6651,83.1375,2.189599939e-06,1.750114903e-06,nan,nan,nan,nan
6652,83.15,2.189599942e-06,1.750114904e-06,nan,nan,nan,nan
6653,83.1625,2.189599942e-06,1.750114905e-06,nan,nan,nan,nan
6654,83.175,2.189599941e-06,1.750114904e-06,nan,nan,nan,nan
6655,83.1875,2.189599940e-06,1.750114902e-06,nan,nan,nan,nan
6656,83.2,2.189599938e-06,1.750114902e-06,nan,nan,nan,nan
6657,83.2125,2.189599939e-06,1.750114903e-06,nan,nan,nan,nan
6658,83.225,2.189599940e-06,1.750114906e-06,nan,nan,nan,nan
6659,83.2375,2.189599942e-06,1.750114906e-06,nan,nan,nan,nan
6660,83.25,2.189599942e-06,1.750114906e-06,nan,nan,7.499557e-13,9.170442e-13
6661,83.2625,2.189599941e-06,1.750114904e-06,nan,nan,nan,nan
6662,83.275,2.189599939e-06,1.750114904e-06,nan,nan,nan,nan
6663,83.2875,2.189599938e-06,1.750114904e-06,nan,nan,nan,nan
6664,83.3,2.189599939e-06,1.750114904e-06,nan,nan,nan,nan
6665,83.3125,2.189599942e-06,1.750114903e-06,nan,nan,nan,nan
6666,83.325,2.189599942e-06,1.750114903e-06,nan,nan,nan,nan
6667,83.3375,2.189599941e-06,1.750114904e-06,nan,nan,nan,nan
6668,83.35,2.189599940e-06,1.750114905e-06,nan,nan,nan,nan
6669,83.3625,2.189599941e-06,1.750114908e-06,nan,nan,nan,nan
6670,83.375,2.189599941e-06,1.750114907e-06,nan,nan,nan,nan
6671,83.3875,2.189599944e-06,1.750114903e-06,nan,nan,nan,nan
6672,83.4,2.189599944e-06,1.750114901e-06,nan,nan,nan,nan
6673,83.4125,2.189599942e-06,1.750114902e-06,nan,nan,nan,nan
6674,83.425,2.189599940e-06,1.750114905e-06,nan,nan,nan,nan
6675,83.4375,2.189599938e-06,1.750114909e-06,nan,nan,nan,nan
6676,83.45,2.189599938e-06,1.750114907e-06,nan,nan,nan,nan
6677,83.4625,2.189599941e-06,1.750114905e-06,nan,nan,nan,nan
6678,83.475,2.189599941e-06,1.750114902e-06,nan,nan,nan,nan
6679,83.4875,2.189599940e-06,1.750114904e-06,nan,nan,nan,nan
6680,83.5,2.189599940e-06,1.750114907e-06,nan,nan,7.573109e-13,9.281464e-13
6681,83.5125,2.189599939e-06,1.750114910e-06,nan,nan,nan,nan
6682,83.525,2.189599940e-06,1.750114908e-06,nan,nan,nan,nan
6683,83.5375,2.189599939e-06,1.750114902e-06,nan,nan,nan,nan
6684,83.55,2.189599941e-06,1.750114898e-06,nan,nan,nan,nan
6685,83.5625,2.189599941e-06,1.750114899e-06,nan,nan,nan,nan
6686,83.575,2.189599941e-06,1.750114905e-06,nan,nan,nan,nan
6687,83.5875,2.189599940e-06,1.750114909e-06,nan,nan,nan,nan
6688,83.6,2.189599940e-06,1.750114908e-06,nan,nan,nan,nan
6689,83.6125,2.189599939e-06,1.750114905e-06,nan,nan,nan,nan
6690,83.625,2.189599939e-06,1.750114901e-06,nan,nan,nan,nan
6691,83.6375,2.189599939e-06,1.750114903e-06,nan,nan,nan,nan
6692,83.65,2.189599943e-06,1.750114906e-06,nan,nan,nan,nan
6693,83.6625,2.189599941e-06,1.750114908e-06,nan,nan,nan,nan
6694,83.675,2.189599942e-06,1.750114906e-06,nan,nan,nan,nan
6695,83.6875,2.189599939e-06,1.750114905e-06,nan,nan,nan,nan
6696,83.7,2.189599938e-06,1.750114902e-06,nan,nan,nan,nan
6697,83.7125,2.189599937e-06,1.750114905e-06,nan,nan,nan,nan
6698,83.725,2.189599939e-06,1.750114907e-06,nan,nan,nan,nan
6699,83.7375,2.189599942e-06,1.750114907e-06,nan,nan,nan,nan
6700,83.75,2.189599943e-06,1.750114907e-06,nan,nan,7.591150e-13,9.287016e-13
6701,83.7625,2.189599943e-06,1.750114906e-06,nan,nan,nan,nan
6702,83.775,2.189599941e-06,1.750114905e-06,nan,nan,nan,nan
6703,83.7875,2.189599940e-06,1.750114904e-06,nan,nan,nan,nan
6704,83.8,2.189599941e-06,1.750114902e-06,nan,nan,nan,nan
6705,83.8125,2.189599940e-06,1.750114901e-06,nan,nan,nan,nan
6706,83.825,2.189599941e-06,1.750114903e-06,nan,nan,nan,nan
6707,83.8375,2.189599939e-06,1.750114905e-06,nan,nan,nan,nan
6708,83.85,2.189599938e-06,1.750114909e-06,nan,nan,nan,nan
6709,83.8625,2.189599938e-06,1.750114910e-06,nan,nan,nan,nan
6710,83.875,2.189599940e-06,1.750114907e-06,nan,nan,nan,nan
6711,83.8875,2.189599939e-06,1.750114904e-06,nan,nan,nan,nan
6712,83.9,2.189599941e-06,1.750114903e-06,nan,nan,nan,nan
6713,83.9125,2.189599939e-06,1.750114904e-06,nan,nan,nan,nan
6714,83.925,2.189599937e-06,1.750114906e-06,nan,nan,nan,nan
6715,83.9375,2.189599937e-06,1.750114908e-06,nan,nan,nan,nan
6716,83.95,2.189599938e-06,1.750114906e-06,nan,nan,nan,nan
6717,83.9625,2.189599939e-06,1.750114903e-06,nan,nan,nan,nan
6718,83.975,2.189599940e-06,1.750114904e-06,nan,nan,nan,nan
6719,83.9875,2.189599942e-06,1.750114905e-06,nan,nan,nan,nan
6720,84,2.189599940e-06,1.750114906e-06,nan,nan,7.731316e-13,9.237056e-13
6721,84.0125,2.189599940e-06,1.750114905e-06,nan,nan,nan,nan
6722,84.025,2.189599940e-06,1.750114903e-06,nan,nan,nan,nan
6723,84.0375,2.189599940e-06,1.750114901e-06,nan,nan,nan,nan
6724,84.05,2.189599938e-06,1.750114902e-06,nan,nan,nan,nan
6725,84.0625,2.189599938e-06,1.750114903e-06,nan,nan,nan,nan
6726,84.075,2.189599939e-06,1.750114905e-06,nan,nan,nan,nan
6727,84.0875,2.189599941e-06,1.750114905e-06,nan,nan,nan,nan
6728,84.1,2.189599940e-06,1.750114904e-06,nan,nan,nan,nan
6729,84.1125,2.189599939e-06,1.750114903e-06,nan,nan,nan,nan
6730,84.125,2.189599937e-06,1.750114904e-06,nan,nan,nan,nan
6731,84.1375,2.189599936e-06,1.750114905e-06,nan,nan,nan,nan
6732,84.15,2.189599939e-06,1.750114905e-06,nan,nan,nan,nan
6733,84.1625,2.189599942e-06,1.750114904e-06,nan,nan,nan,nan
6734,84.175,2.189599942e-06,1.750114904e-06,nan,nan,nan,nan
6735,84.1875,2.189599939e-06,1.750114903e-06,nan,nan,nan,nan
6736,84.2,2.189599935e-06,1.750114906e-06,nan,nan,nan,nan
6737,84.2125,2.189599934e-06,1.750114907e-06,nan,nan,nan,nan
6738,84.225,2.189599939e-06,1.750114907e-06,nan,nan,nan,nan
6739,84.2375,2.189599944e-06,1.750114904e-06,nan,nan,nan,nan
6740,84.25,2.189599946e-06,1.750114901e-06,nan,nan,7.738254e-13,9.126033e-13
6741,84.2625,2.189599946e-06,1.750114902e-06,nan,nan,nan,nan
6742,84.275,2.189599938e-06,1.750114903e-06,nan,nan,nan,nan
6743,84.2875,2.189599935e-06,1.750114905e-06,nan,nan,nan,nan
6744,84.3,2.189599936e-06,1.750114904e-06,nan,nan,nan,nan
6745,84.3125,2.189599940e-06,1.750114903e-06,nan,nan,nan,nan
6746,84.325,2.189599943e-06,1.750114905e-06,nan,nan,nan,nan
6747,84.3375,2.189599943e-06,1.750114906e-06,nan,nan,nan,nan
6748,84.35,2.189599939e-06,1.750114907e-06,nan,nan,nan,nan
6749,84.3625,2.189599934e-06,1.750114907e-06,nan,nan,nan,nan
6750,84.375,2.189599937e-06,1.750114905e-06,nan,nan,nan,nan
6751,84.3875,2.189599940e-06,1.750114903e-06,nan,nan,nan,nan
6752,84.4,2.189599944e-06,1.750114904e-06,nan,nan,nan,nan
6753,84.4125,2.189599943e-06,1.750114909e-06,nan,nan,nan,nan
6754,84.425,2.189599939e-06,1.750114907e-06,nan,nan,nan,nan
6755,84.4375,2.189599935e-06,1.750114908e-06,nan,nan,nan,nan
6756,84.45,2.189599936e-06,1.750114904e-06,nan,nan,nan,nan
6757,84.4625,2.189599939e-06,1.750114904e-06,nan,nan,nan,nan
6758,84.475,2.189599942e-06,1.750114906e-06,nan,nan,nan,nan
6759,84.4875,2.189599944e-06,1.750114909e-06,nan,nan,nan,nan
6760,84.5,2.189599944e-06,1.750114910e-06,nan,nan,7.627232e-13,8.992806e-13
6761,84.5125,2.189599942e-06,1.750114907e-06,nan,nan,nan,nan
6762,84.525,2.189599941e-06,1.750114905e-06,nan,nan,nan,nan
6763,84.5375,2.189599940e-06,1.750114903e-06,nan,nan,nan,nan
6764,84.55,2.189599940e-06,1.750114906e-06,nan,nan,nan,nan
6765,84.5625,2.189599940e-06,1.750114908e-06,nan,nan,nan,nan
6766,84.575,2.189599941e-06,1.750114908e-06,nan,nan,nan,nan
6767,84.5875,2.189599944e-06,1.750114903e-06,nan,nan,nan,nan
6768,84.6,2.189599945e-06,1.750114903e-06,nan,nan,nan,nan
6769,84.6125,2.189599944e-06,1.750114902e-06,nan,nan,nan,nan
6770,84.625,2.189599939e-06,1.750114905e-06,nan,nan,nan,nan
6771,84.6375,2.189599936e-06,1.750114907e-06,nan,nan,nan,nan
6772,84.65,2.189599935e-06,1.750114908e-06,nan,nan,nan,nan
6773,84.6625,2.189599940e-06,1.750114906e-06,nan,nan,nan,nan
6774,84.675,2.189599943e-06,1.750114905e-06,nan,nan,nan,nan
6775,84.6875,2.189599944e-06,1.750114905e-06,nan,nan,nan,nan
6776,84.7,2.189599939e-06,1.750114905e-06,nan,nan,nan,nan
6777,84.7125,2.189599937e-06,1.750114905e-06,nan,nan,nan,nan
6778,84.725,2.189599939e-06,1.750114905e-06,nan,nan,nan,nan
6779,84.7375,2.189599943e-06,1.750114905e-06,nan,nan,nan,nan
6780,84.75,2.189599947e-06,1.750114905e-06,nan,nan,7.591150e-13,9.042767e-13
6781,84.7625,2.189599945e-06,1.750114908e-06,nan,nan,nan,nan
6782,84.775,2.189599940e-06,1.750114909e-06,nan,nan,nan,nan
6783,84.7875,2.189599936e-06,1.750114907e-06,nan,nan,nan,nan
6784,84.8,2.189599936e-06,1.750114905e-06,nan,nan,nan,nan
6785,84.8125,2.189599941e-06,1.750114904e-06,nan,nan,nan,nan
6786,84.825,2.189599947e-06,1.750114905e-06,nan,nan,nan,nan
6787,84.8375,2.189599949e-06,1.750114907e-06,nan,nan,nan,nan
6788,84.85,2.189599944e-06,1.750114907e-06,nan,nan,nan,nan
6789,84.8625,2.189599939e-06,1.750114905e-06,nan,nan,nan,nan
6790,84.875,2.189599936e-06,1.750114903e-06,nan,nan,nan,nan
6791,84.8875,2.189599937e-06,1.750114903e-06,nan,nan,nan,nan
6792,84.9,2.189599942e-06,1.750114906e-06,nan,nan,nan,nan
6793,84.9125,2.189599943e-06,1.750114908e-06,nan,nan,nan,nan
6794,84.925,2.189599941e-06,1.750114909e-06,nan,nan,nan,nan
6795,84.9375,2.189599940e-06,1.750114906e-06,nan,nan,nan,nan
6796,84.95,2.189599938e-06,1.750114902e-06,nan,nan,nan,nan
6797,84.9625,2.189599938e-06,1.750114903e-06,nan,nan,nan,nan
6798,84.975,2.189599940e-06,1.750114904e-06,nan,nan,nan,nan
6799,84.9875,2.189599941e-06,1.750114907e-06,nan,nan,nan,nan
6800,85,2.189599940e-06,1.750114908e-06,nan,nan,7.759071e-13,8.992806e-13
6801,85.0125,2.189599941e-06,1.750114905e-06,nan,nan,nan,nan
6802,85.025,2.189599940e-06,1.750114902e-06,nan,nan,nan,nan
6803,85.0375,2.189599939e-06,1.750114902e-06,nan,nan,nan,nan
6804,85.05,2.189599937e-06,1.750114903e-06,nan,nan,nan,nan
6805,85.0625,2.189599938e-06,1.750114903e-06,nan,nan,nan,nan
6806,85.075,2.189599940e-06,1.750114903e-06,nan,nan,nan,nan
6807,85.0875,2.189599943e-06,1.750114901e-06,nan,nan,nan,nan
6808,85.1,2.189599946e-06,1.750114902e-06,nan,nan,nan,nan
6809,85.1125,2.189599944e-06,1.750114904e-06,nan,nan,nan,nan
6810,85.125,2.189599939e-06,1.750114904e-06,nan,nan,nan,nan
6811,85.1375,2.189599937e-06,1.750114903e-06,nan,nan,nan,nan
6812,85.15,2.189599939e-06,1.750114900e-06,nan,nan,nan,nan
6813,85.1625,2.189599945e-06,1.750114899e-06,nan,nan,nan,nan
6814,85.175,2.189599950e-06,1.750114901e-06,nan,nan,nan,nan
6815,85.1875,2.189599948e-06,1.750114903e-06,nan,nan,nan,nan
6816,85.2,2.189599941e-06,1.750114903e-06,nan,nan,nan,nan
6817,85.2125,2.189599935e-06,1.750114902e-06,nan,nan,nan,nan
6818,85.225,2.189599935e-06,1.750114901e-06,nan,nan,nan,nan
6819,85.2375,2.189599939e-06,1.750114900e-06,nan,nan,nan,nan
6820,85.25,2.189599945e-06,1.750114904e-06,nan,nan,7.638334e-13,9.037215e-13
6821,85.2625,2.189599945e-06,1.750114906e-06,nan,nan,nan,nan
6822,85.275,2.189599940e-06,1.750114906e-06,nan,nan,nan,nan
6823,85.2875,2.189599935e-06,1.750114902e-06,nan,nan,nan,nan
6824,85.3,2.189599935e-06,1.750114899e-06,nan,nan,nan,nan
6825,85.3125,2.189599939e-06,1.750114900e-06,nan,nan,nan,nan
6826,85.325,2.189599945e-06,1.750114904e-06,nan,nan,nan,nan
6827,85.3375,2.189599944e-06,1.750114908e-06,nan,nan,nan,nan
6828,85.35,2.189599941e-06,1.750114909e-06,nan,nan,nan,nan
6829,85.3625,2.189599935e-06,1.750114906e-06,nan,nan,nan,nan
6830,85.375,2.189599935e-06,1.750114904e-06,nan,nan,nan,nan
6831,85.3875,2.189599940e-06,1.750114902e-06,nan,nan,nan,nan
6832,85.4,2.189599942e-06,1.750114904e-06,nan,nan,nan,nan
6833,85.4125,2.189599943e-06,1.750114906e-06,nan,nan,nan,nan
6834,85.425,2.189599941e-06,1.750114908e-06,nan,nan,nan,nan
6835,85.4375,2.189599937e-06,1.750114905e-06,nan,nan,nan,nan
6836,85.45,2.189599937e-06,1.750114903e-06,nan,nan,nan,nan
6837,85.4625,2.189599939e-06,1.750114901e-06,nan,nan,nan,nan
6838,85.475,2.189599940e-06,1.750114902e-06,nan,nan,nan,nan
6839,85.4875,2.189599940e-06,1.750114904e-06,nan,nan,nan,nan
6840,85.5,2.189599940e-06,1.750114906e-06,nan,nan,7.500944e-13,9.059420e-13
6841,85.5125,2.189599940e-06,1.750114907e-06,nan,nan,nan,nan
6842,85.525,2.189599939e-06,1.750114907e-06,nan,nan,nan,nan
6843,85.5375,2.189599939e-06,1.750114907e-06,nan,nan,nan,nan
6844,85.55,2.189599938e-06,1.750114906e-06,nan,nan,nan,nan
6845,85.5625,2.189599937e-06,1.750114905e-06,nan,nan,nan,nan
6846,85.575,2.189599939e-06,1.750114904e-06,nan,nan,nan,nan
6847,85.5875,2.189599942e-06,1.750114905e-06,nan,nan,nan,nan
6848,85.6,2.189599944e-06,1.750114906e-06,nan,nan,nan,nan
6849,85.6125,2.189599943e-06,1.750114907e-06,nan,nan,nan,nan
6850,85.625,2.189599938e-06,1.750114905e-06,nan,nan,nan,nan
6851,85.6375,2.189599934e-06,1.750114903e-06,nan,nan,nan,nan
6852,85.65,2.189599938e-06,1.750114903e-06,nan,nan,nan,nan
6853,85.6625,2.189599944e-06,1.750114906e-06,nan,nan,nan,nan
6854,85.675,2.189599948e-06,1.750114909e-06,nan,nan,nan,nan
6855,85.6875,2.189599946e-06,1.750114911e-06,nan,nan,nan,nan
6856,85.7,2.189599939e-06,1.750114909e-06,nan,nan,nan,nan
6857,85.7125,2.189599932e-06,1.750114905e-06,nan,nan,nan,nan
6858,85.725,2.189599934e-06,1.750114903e-06,nan,nan,nan,nan
6859,85.7375,2.189599942e-06,1.750114904e-06,nan,nan,nan,nan
6860,85.75,2.189599949e-06,1.750114906e-06,nan,nan,7.491230e-13,9.170442e-13
6861,85.7625,2.189599948e-06,1.750114907e-06,nan,nan,nan,nan
6862,85.775,2.189599939e-06,1.750114907e-06,nan,nan,nan,nan
6863,85.7875,2.189599932e-06,1.750114905e-06,nan,nan,nan,nan
6864,85.8,2.189599930e-06,1.750114904e-06,nan,nan,nan,nan
6865,85.8125,2.189599936e-06,1.750114904e-06,nan,nan,nan,nan
6866,85.825,2.189599942e-06,1.750114907e-06,nan,nan,nan,nan
6867,85.8375,2.189599944e-06,1.750114910e-06,nan,nan,nan,nan
6868,85.85,2.189599941e-06,1.750114910e-06,nan,nan,nan,nan
6869,85.8625,2.189599937e-06,1.750114907e-06,nan,nan,nan,nan
6870,85.875,2.189599936e-06,1.750114904e-06,nan,nan,nan,nan
6871,85.8875,2.189599939e-06,1.750114903e-06,nan,nan,nan,nan
6872,85.9,2.189599943e-06,1.750114904e-06,nan,nan,nan,nan
6873,85.9125,2.189599941e-06,1.750114907e-06,nan,nan,nan,nan
6874,85.925,2.189599940e-06,1.750114910e-06,nan,nan,nan,nan
6875,85.9375,2.189599939e-06,1.750114909e-06,nan,nan,nan,nan
6876,85.95,2.189599939e-06,1.750114907e-06,nan,nan,nan,nan
6877,85.9625,2.189599941e-06,1.750114902e-06,nan,nan,nan,nan
6878,85.975,2.189599942e-06,1.750114900e-06,nan,nan,nan,nan
6879,85.9875,2.189599939e-06,1.750114900e-06,nan,nan,nan,nan
6880,86,2.189599937e-06,1.750114902e-06,nan,nan,7.570333e-13,9.148238e-13
6881,86.0125,2.189599937e-06,1.750114906e-06,nan,nan,nan,nan
6882,86.025,2.189599939e-06,1.750114906e-06,nan,nan,nan,nan
6883,86.0375,2.189599942e-06,1.750114904e-06,nan,nan,nan,nan
6884,86.05,2.189599942e-06,1.750114901e-06,nan,nan,nan,nan
6885,86.0625,2.189599941e-06,1.750114901e-06,nan,nan,nan,nan
6886,86.075,2.189599941e-06,1.750114902e-06,nan,nan,nan,nan
6887,86.0875,2.189599943e-06,1.750114904e-06,nan,nan,nan,nan
6888,86.1,2.189599943e-06,1.750114906e-06,nan,nan,nan,nan
6889,86.1125,2.189599942e-06,1.750114903e-06,nan,nan,nan,nan
6890,86.125,2.189599937e-06,1.750114900e-06,nan,nan,nan,nan
6891,86.1375,2.189599936e-06,1.750114899e-06,nan,nan,nan,nan
6892,86.15,2.189599939e-06,1.750114900e-06,nan,nan,nan,nan
6893,86.1625,2.189599945e-06,1.750114903e-06,nan,nan,nan,nan
6894,86.175,2.189599948e-06,1.750114905e-06,nan,nan,nan,nan
6895,86.1875,2.189599946e-06,1.750114906e-06,nan,nan,nan,nan
6896,86.2,2.189599940e-06,1.750114903e-06,nan,nan,nan,nan
6897,86.2125,2.189599935e-06,1.750114903e-06,nan,nan,nan,nan
6898,86.225,2.189599936e-06,1.750114902e-06,nan,nan,nan,nan
6899,86.2375,2.189599945e-06,1.750114903e-06,nan,nan,nan,nan
6900,86.25,2.189599949e-06,1.750114905e-06,nan,nan,7.696621e-13,9.214851e-13
6901,86.2625,2.189599947e-06,1.750114905e-06,nan,nan,nan,nan
6902,86.275,2.189599941e-06,1.750114904e-06,nan,nan,nan,nan
6903,86.2875,2.189599934e-06,1.750114902e-06,nan,nan,nan,nan
6904,86.3,2.189599935e-06,1.750114900e-06,nan,nan,nan,nan
6905,86.3125,2.189599941e-06,1.750114901e-06,nan,nan,nan,nan
6906,86.325,2.189599946e-06,1.750114901e-06,nan,nan,nan,nan
6907,86.3375,2.189599944e-06,1.750114904e-06,nan,nan,nan,nan
6908,86.35,2.189599939e-06,1.750114907e-06,nan,nan,nan,nan
6909,86.3625,2.189599933e-06,1.750114907e-06,nan,nan,nan,nan
6910,86.375,2.189599932e-06,1.750114903e-06,nan,nan,nan,nan
6911,86.3875,2.189599936e-06,1.750114900e-06,nan,nan,nan,nan
6912,86.4,2.189599941e-06,1.750114900e-06,nan,nan,nan,nan
6913,86.4125,2.189599943e-06,1.750114901e-06,nan,nan,nan,nan
6914,86.425,2.189599941e-06,1.750114906e-06,nan,nan,nan,nan
6915,86.4375,2.189599939e-06,1.750114909e-06,nan,nan,nan,nan
6916,86.45,2.189599939e-06,1.750114905e-06,nan,nan,nan,nan
6917,86.4625,2.189599938e-06,1.750114900e-06,nan,nan,nan,nan
6918,86.475,2.189599938e-06,1.750114896e-06,nan,nan,nan,nan
6919,86.4875,2.189599937e-06,1.750114900e-06,nan,nan,nan,nan
6920,86.5,2.189599938e-06,1.750114908e-06,nan,nan,7.720213e-13,9.175993e-13
6921,86.5125,2.189599942e-06,1.750114913e-06,nan,nan,nan,nan
6922,86.525,2.189599942e-06,1.750114912e-06,nan,nan,nan,nan
6923,86.5375,2.189599941e-06,1.750114906e-06,nan,nan,nan,nan
6924,86.55,2.189599940e-06,1.750114900e-06,nan,nan,nan,nan
6925,86.5625,2.189599939e-06,1.750114900e-06,nan,nan,nan,nan
6926,86.575,2.189599940e-06,1.750114905e-06,nan,nan,nan,nan
6927,86.5875,2.189599943e-06,1.750114912e-06,nan,nan,nan,nan
6928,86.6,2.189599944e-06,1.750114912e-06,nan,nan,nan,nan
6929,86.6125,2.189599941e-06,1.750114906e-06,nan,nan,nan,nan
6930,86.625,2.189599936e-06,1.750114900e-06,nan,nan,nan,nan
6931,86.6375,2.189599933e-06,1.750114897e-06,nan,nan,nan,nan
6932,86.65,2.189599935e-06,1.750114901e-06,nan,nan,nan,nan
6933,86.6625,2.189599941e-06,1.750114907e-06,nan,nan,nan,nan
6934,86.675,2.189599944e-06,1.750114911e-06,nan,nan,nan,nan
6935,86.6875,2.189599943e-06,1.750114911e-06,nan,nan,nan,nan
6936,86.7,2.189599938e-06,1.750114907e-06,nan,nan,nan,nan
6937,86.7125,2.189599934e-06,1.750114905e-06,nan,nan,nan,nan
6938,86.725,2.189599936e-06,1.750114904e-06,nan,nan,nan,nan
6939,86.7375,2.189599939e-06,1.750114906e-06,nan,nan,nan,nan
6940,86.75,2.189599944e-06,1.750114907e-06,nan,nan,7.771561e-13,9.370282e-13
6941,86.7625,2.189599942e-06,1.750114907e-06,nan,nan,nan,nan
6942,86.775,2.189599936e-06,1.750114909e-06,nan,nan,nan,nan
6943,86.7875,2.189599932e-06,1.750114907e-06,nan,nan,nan,nan
6944,86.8,2.189599933e-06,1.750114904e-06,nan,nan,nan,nan
6945,86.8125,2.189599936e-06,1.750114903e-06,nan,nan,nan,nan
6946,86.825,2.189599940e-06,1.750114902e-06,nan,nan,nan,nan
6947,86.8375,2.189599941e-06,1.750114904e-06,nan,nan,nan,nan
6948,86.85,2.189599940e-06,1.750114906e-06,nan,nan,nan,nan
6949,86.8625,2.189599937e-06,1.750114906e-06,nan,nan,nan,nan
6950,86.875,2.189599937e-06,1.750114904e-06,nan,nan,nan,nan
6951,86.8875,2.189599938e-06,1.750114900e-06,nan,nan,nan,nan
6952,86.9,2.189599941e-06,1.750114900e-06,nan,nan,nan,nan
6953,86.9125,2.189599942e-06,1.750114903e-06,nan,nan,nan,nan
6954,86.925,2.189599942e-06,1.750114908e-06,nan,nan,nan,nan
6955,86.9375,2.189599943e-06,1.750114912e-06,nan,nan,nan,nan
6956,86.95,2.189599942e-06,1.750114909e-06,nan,nan,nan,nan
6957,86.9625,2.189599939e-06,1.750114903e-06,nan,nan,nan,nan
6958,86.975,2.189599937e-06,1.750114899e-06,nan,nan,nan,nan
6959,86.9875,2.189599936e-06,1.750114900e-06,nan,nan,nan,nan
6960,87,2.189599938e-06,1.750114904e-06,nan,nan,7.811807e-13,9.475754e-13
6961,87.0125,2.189599941e-06,1.750114907e-06,nan,nan,nan,nan
6962,87.025,2.189599941e-06,1.750114905e-06,nan,nan,nan,nan
6963,87.0375,2.189599940e-06,1.750114902e-06,nan,nan,nan,nan
6964,87.05,2.189599939e-06,1.750114899e-06,nan,nan,nan,nan
6965,87.0625,2.189599939e-06,1.750114901e-06,nan,nan,nan,nan
6966,87.075,2.189599942e-06,1.750114906e-06,nan,nan,nan,nan
6967,87.0875,2.189599946e-06,1.750114909e-06,nan,nan,nan,nan
6968,87.1,2.189599945e-06,1.750114908e-06,nan,nan,nan,nan
6969,87.1125,2.189599940e-06,1.750114904e-06,nan,nan,nan,nan
6970,87.125,2.189599936e-06,1.750114901e-06,nan,nan,nan,nan
6971,87.1375,2.189599934e-06,1.750114903e-06,nan,nan,nan,nan
6972,87.15,2.189599937e-06,1.750114905e-06,nan,nan,nan,nan
6973,87.1625,2.189599944e-06,1.750114906e-06,nan,nan,nan,nan
6974,87.175,2.189599946e-06,1.750114906e-06,nan,nan,nan,nan
6975,87.1875,2.189599943e-06,1.750114904e-06,nan,nan,nan,nan
6976,87.2,2.189599935e-06,1.750114903e-06,nan,nan,nan,nan
6977,87.2125,2.189599932e-06,1.750114904e-06,nan,nan,nan,nan
6978,87.225,2.189599933e-06,1.750114904e-06,nan,nan,nan,nan
6979,87.2375,2.189599939e-06,1.750114904e-06,nan,nan,nan,nan
6980,87.25,2.189599944e-06,1.750114903e-06,nan,nan,7.835399e-13,9.547918e-13
6981,87.2625,2.189599944e-06,1.750114906e-06,nan,nan,nan,nan
6982,87.275,2.189599940e-06,1.750114909e-06,nan,nan,nan,nan
6983,87.2875,2.189599934e-06,1.750114908e-06,nan,nan,nan,nan
6984,87.3,2.189599934e-06,1.750114906e-06,nan,nan,nan,nan
6985,87.3125,2.189599939e-06,1.750114901e-06,nan,nan,nan,nan
6986,87.325,2.189599944e-06,1.750114899e-06,nan,nan,nan,nan
6987,87.3375,2.189599945e-06,1.750114903e-06,nan,nan,nan,nan
6988,87.35,2.189599941e-06,1.750114907e-06,nan,nan,nan,nan
6989,87.3625,2.189599935e-06,1.750114909e-06,nan,nan,nan,nan
6990,87.375,2.189599933e-06,1.750114906e-06,nan,nan,nan,nan
6991,87.3875,2.189599936e-06,1.750114901e-06,nan,nan,nan,nan
6992,87.4,2.189599940e-06,1.750114898e-06,nan,nan,nan,nan
6993,87.4125,2.189599944e-06,1.750114902e-06,nan,nan,nan,nan
6994,87.425,2.189599944e-06,1.750114908e-06,nan,nan,nan,nan
6995,87.4375,2.189599941e-06,1.750114911e-06,nan,nan,nan,nan
6996,87.45,2.189599938e-06,1.750114909e-06,nan,nan,nan,nan
6997,87.4625,2.189599938e-06,1.750114903e-06,nan,nan,nan,nan
6998,87.475,2.189599940e-06,1.750114898e-06,nan,nan,nan,nan
6999,87.4875,2.189599942e-06,1.750114902e-06,nan,nan,nan,nan
7000,87.5,2.189599944e-06,1.750114908e-06,nan,nan,7.915196e-13,9.692247e-13
7001,87.5125,2.189599945e-06,1.750114912e-06,nan,nan,nan,nan
7002,87.525,2.189599942e-06,1.750114910e-06,nan,nan,nan,nan
7003,87.5375,2.189599939e-06,1.750114904e-06,nan,nan,nan,nan
7004,87.55,2.189599938e-06,1.750114899e-06,nan,nan,nan,nan
7005,87.5625,2.189599938e-06,1.750114902e-06,nan,nan,nan,nan
7006,87.575,2.189599940e-06,1.750114908e-06,nan,nan,nan,nan
7007,87.5875,2.189599944e-06,1.750114914e-06,nan,nan,nan,nan
7008,87.6,2.189599944e-06,1.750114912e-06,nan,nan,nan,nan
7009,87.6125,2.189599944e-06,1.750114907e-06,nan,nan,nan,nan
7010,87.625,2.189599941e-06,1.750114903e-06,nan,nan,nan,nan
7011,87.6375,2.189599938e-06,1.750114902e-06,nan,nan,nan,nan
7012,87.65,2.189599940e-06,1.750114905e-06,nan,nan,nan,nan
7013,87.6625,2.189599941e-06,1.750114909e-06,nan,nan,nan,nan
7014,87.675,2.189599944e-06,1.750114910e-06,nan,nan,nan,nan
7015,87.6875,2.189599946e-06,1.750114907e-06,nan,nan,nan,nan
7016,87.7,2.189599943e-06,1.750114904e-06,nan,nan,nan,nan
7017,87.7125,2.189599937e-06,1.750114904e-06,nan,nan,nan,nan
7018,87.725,2.189599934e-06,1.750114903e-06,nan,nan,nan,nan
7019,87.7375,2.189599937e-06,1.750114906e-06,nan,nan,nan,nan
7020,87.75,2.189599941e-06,1.750114907e-06,nan,nan,7.938095e-13,9.747758e-13
7021,87.7625,2.189599945e-06,1.750114908e-06,nan,nan,nan,nan
7022,87.775,2.189599942e-06,1.750114909e-06,nan,nan,nan,nan
7023,87.7875,2.189599937e-06,1.750114909e-06,nan,nan,nan,nan
7024,87.8,2.189599935e-06,1.750114906e-06,nan,nan,nan,nan
7025,87.8125,2.189599936e-06,1.750114904e-06,nan,nan,nan,nan
7026,87.825,2.189599942e-06,1.750114904e-06,nan,nan,nan,nan
7027,87.8375,2.189599947e-06,1.750114905e-06,nan,nan,nan,nan
7028,87.85,2.189599947e-06,1.750114908e-06,nan,nan,nan,nan
7029,87.8625,2.189599941e-06,1.750114908e-06,nan,nan,nan,nan
7030,87.875,2.189599935e-06,1.750114906e-06,nan,nan,nan,nan
7031,87.8875,2.189599933e-06,1.750114904e-06,nan,nan,nan,nan
7032,87.9,2.189599938e-06,1.750114904e-06,nan,nan,nan,nan
7033,87.9125,2.189599944e-06,1.750114905e-06,nan,nan,nan,nan
7034,87.925,2.189599950e-06,1.750114908e-06,nan,nan,nan,nan
7035,87.9375,2.189599946e-06,1.750114909e-06,nan,nan,nan,nan
7036,87.95,2.189599940e-06,1.750114907e-06,nan,nan,nan,nan
7037,87.9625,2.189599937e-06,1.750114904e-06,nan,nan,nan,nan
7038,87.975,2.189599937e-06,1.750114903e-06,nan,nan,nan,nan
7039,87.9875,2.189599941e-06,1.750114905e-06,nan,nan,nan,nan
7040,88,2.189599943e-06,1.750114907e-06,nan,nan,7.967932e-13,9.797718e-13
7041,88.0125,2.189599942e-06,1.750114906e-06,nan,nan,nan,nan
7042,88.025,2.189599941e-06,1.750114903e-06,nan,nan,nan,nan
7043,88.0375,2.189599939e-06,1.750114901e-06,nan,nan,nan,nan
7044,88.05,2.189599938e-06,1.750114900e-06,nan,nan,nan,nan
7045,88.0625,2.189599939e-06,1.750114902e-06,nan,nan,nan,nan
7046,88.075,2.189599940e-06,1.750114907e-06,nan,nan,nan,nan
7047,88.0875,2.189599942e-06,1.750114908e-06,nan,nan,nan,nan
7048,88.1,2.189599942e-06,1.750114907e-06,nan,nan,nan,nan
7049,88.1125,2.189599942e-06,1.750114904e-06,nan,nan,nan,nan
7050,88.125,2.189599939e-06,1.750114903e-06,nan,nan,nan,nan
7051,88.1375,2.189599939e-06,1.750114904e-06,nan,nan,nan,nan
7052,88.15,2.189599940e-06,1.750114906e-06,nan,nan,nan,nan
7053,88.1625,2.189599942e-06,1.750114906e-06,nan,nan,nan,nan
7054,88.175,2.189599947e-06,1.750114906e-06,nan,nan,nan,nan
7055,88.1875,2.189599947e-06,1.750114905e-06,nan,nan,nan,nan
7056,88.2,2.189599942e-06,1.750114905e-06,nan,nan,nan,nan
7057,88.2125,2.189599937e-06,1.750114904e-06,nan,nan,nan,nan
7058,88.225,2.189599935e-06,1.750114905e-06,nan,nan,nan,nan
7059,88.2375,2.189599940e-06,1.750114903e-06,nan,nan,nan,nan
7060,88.25,2.189599946e-06,1.750114903e-06,nan,nan,7.902012e-13,9.747758e-13
7061,88.2625,2.189599949e-06,1.750114903e-06,nan,nan,nan,nan
7062,88.275,2.189599946e-06,1.750114906e-06,nan,nan,nan,nan
7063,88.2875,2.189599939e-06,1.750114906e-06,nan,nan,nan,nan
7064,88.3,2.189599936e-06,1.750114906e-06,nan,nan,nan,nan
7065,88.3125,2.189599939e-06,1.750114904e-06,nan,nan,nan,nan
7066,88.325,2.189599944e-06,1.750114903e-06,nan,nan,nan,nan
7067,88.3375,2.189599948e-06,1.750114906e-06,nan,nan,nan,nan
7068,88.35,2.189599945e-06,1.750114909e-06,nan,nan,nan,nan
7069,88.3625,2.189599936e-06,1.750114909e-06,nan,nan,nan,nan
7070,88.375,2.189599931e-06,1.750114906e-06,nan,nan,nan,nan
7071,88.3875,2.189599934e-06,1.750114903e-06,nan,nan,nan,nan
7072,88.4,2.189599940e-06,1.750114901e-06,nan,nan,nan,nan
7073,88.4125,2.189599945e-06,1.750114903e-06,nan,nan,nan,nan
7074,88.425,2.189599944e-06,1.750114907e-06,nan,nan,nan,nan
7075,88.4375,2.189599940e-06,1.750114909e-06,nan,nan,nan,nan
7076,88.45,2.189599937e-06,1.750114906e-06,nan,nan,nan,nan
7077,88.4625,2.189599940e-06,1.750114902e-06,nan,nan,nan,nan
7078,88.475,2.189599943e-06,1.750114901e-06,nan,nan,nan,nan
7079,88.4875,2.189599945e-06,1.750114903e-06,nan,nan,nan,nan
7080,88.5,2.189599944e-06,1.750114909e-06,nan,nan,8.070627e-13,9.675594e-13
7081,88.5125,2.189599942e-06,1.750114911e-06,nan,nan,nan,nan
7082,88.525,2.189599942e-06,1.750114906e-06,nan,nan,nan,nan
7083,88.5375,2.189599943e-06,1.750114902e-06,nan,nan,nan,nan
7084,88.55,2.189599943e-06,1.750114900e-06,nan,nan,nan,nan
7085,88.5625,2.189599941e-06,1.750114903e-06,nan,nan,nan,nan
7086,88.575,2.189599938e-06,1.750114910e-06,nan,nan,nan,nan
7087,88.5875,2.189599939e-06,1.750114914e-06,nan,nan,nan,nan
7088,88.6,2.189599942e-06,1.750114912e-06,nan,nan,nan,nan
7089,88.6125,2.189599946e-06,1.750114906e-06,nan,nan,nan,nan
7090,88.625,2.189599944e-06,1.750114901e-06,nan,nan,nan,nan
7091,88.6375,2.189599941e-06,1.750114901e-06,nan,nan,nan,nan
7092,88.65,2.189599936e-06,1.750114906e-06,nan,nan,nan,nan
7093,88.6625,2.189599939e-06,1.750114910e-06,nan,nan,nan,nan
7094,88.675,2.189599945e-06,1.750114911e-06,nan,nan,nan,nan
7095,88.6875,2.189599949e-06,1.750114908e-06,nan,nan,nan,nan
7096,88.7,2.189599946e-06,1.750114904e-06,nan,nan,nan,nan
7097,88.7125,2.189599939e-06,1.750114903e-06,nan,nan,nan,nan
7098,88.725,2.189599935e-06,1.750114904e-06,nan,nan,nan,nan
7099,88.7375,2.189599938e-06,1.750114905e-06,nan,nan,nan,nan
7100,88.75,2.189599943e-06,1.750114908e-06,nan,nan,8.029688e-13,9.792167e-13
7101,88.7625,2.189599949e-06,1.750114906e-06,nan,nan,nan,nan
7102,88.775,2.189599946e-06,1.750114907e-06,nan,nan,nan,nan
7103,88.7875,2.189599938e-06,1.750114905e-06,nan,nan,nan,nan
7104,88.8,2.189599933e-06,1.750114906e-06,nan,nan,nan,nan
7105,88.8125,2.189599935e-06,1.750114904e-06,nan,nan,nan,nan
7106,88.825,2.189599941e-06,1.750114903e-06,nan,nan,nan,nan
7107,88.8375,2.189599946e-06,1.750114905e-06,nan,nan,nan,nan
7108,88.85,2.189599945e-06,1.750114907e-06,nan,nan,nan,nan
7109,88.8625,2.189599939e-06,1.750114907e-06,nan,nan,nan,nan
7110,88.875,2.189599935e-06,1.750114904e-06,nan,nan,nan,nan
7111,88.8875,2.189599937e-06,1.750114901e-06,nan,nan,nan,nan
7112,88.9,2.189599941e-06,1.750114900e-06,nan,nan,nan,nan
7113,88.9125,2.189599944e-06,1.750114903e-06,nan,nan,nan,nan
7114,88.925,2.189599942e-06,1.750114908e-06,nan,nan,nan,nan
7115,88.9375,2.189599938e-06,1.750114910e-06,nan,nan,nan,nan
7116,88.95,2.189599937e-06,1.750114908e-06,nan,nan,nan,nan
7117,88.9625,2.189599940e-06,1.750114902e-06,nan,nan,nan,nan
7118,88.975,2.189599943e-06,1.750114896e-06,nan,nan,nan,nan
7119,88.9875,2.189599944e-06,1.750114897e-06,nan,nan,nan,nan
7120,89,2.189599942e-06,1.750114902e-06,nan,nan,7.974871e-13,9.769963e-13
7121,89.0125,2.189599941e-06,1.750114909e-06,nan,nan,nan,nan
7122,89.025,2.189599939e-06,1.750114908e-06,nan,nan,nan,nan
7123,89.0375,2.189599939e-06,1.750114902e-06,nan,nan,nan,nan
7124,89.05,2.189599939e-06,1.750114898e-06,nan,nan,nan,nan
7125,89.0625,2.189599938e-06,1.750114897e-06,nan,nan,nan,nan
7126,89.075,2.189599936e-06,1.750114901e-06,nan,nan,nan,nan
7127,89.0875,2.189599941e-06,1.750114908e-06,nan,nan,nan,nan
7128,89.1,2.189599943e-06,1.750114910e-06,nan,nan,nan,nan
7129,89.1125,2.189599947e-06,1.750114907e-06,nan,nan,nan,nan
7130,89.125,2.189599942e-06,1.750114903e-06,nan,nan,nan,nan
7131,89.1375,2.189599938e-06,1.750114899e-06,nan,nan,nan,nan
7132,89.15,2.189599935e-06,1.750114900e-06,nan,nan,nan,nan
7133,89.1625,2.189599940e-06,1.750114904e-06,nan,nan,nan,nan
7134,89.175,2.189599943e-06,1.750114906e-06,nan,nan,nan,nan
7135,89.1875,2.189599946e-06,1.750114904e-06,nan,nan,nan,nan
7136,89.2,2.189599941e-06,1.750114903e-06,nan,nan,nan,nan
7137,89.2125,2.189599935e-06,1.750114902e-06,nan,nan,nan,nan
7138,89.225,2.189599934e-06,1.750114902e-06,nan,nan,nan,nan
7139,89.2375,2.189599938e-06,1.750114903e-06,nan,nan,nan,nan
7140,89.25,2.189599944e-06,1.750114904e-06,nan,nan,7.902012e-13,9.858780e-13
7141,89.2625,2.189599945e-06,1.750114906e-06,nan,nan,nan,nan
7142,89.275,2.189599940e-06,1.750114905e-06,nan,nan,nan,nan
7143,89.2875,2.189599934e-06,1.750114903e-06,nan,nan,nan,nan
7144,89.3,2.189599932e-06,1.750114902e-06,nan,nan,nan,nan
7145,89.3125,2.189599939e-06,1.750114900e-06,nan,nan,nan,nan
7146,89.325,2.189599945e-06,1.750114900e-06,nan,nan,nan,nan
7147,89.3375,2.189599945e-06,1.750114903e-06,nan,nan,nan,nan
7148,89.35,2.189599939e-06,1.750114907e-06,nan,nan,nan,nan
7149,89.3625,2.189599933e-06,1.750114908e-06,nan,nan,nan,nan
7150,89.375,2.189599932e-06,1.750114904e-06,nan,nan,nan,nan
7151,89.3875,2.189599939e-06,1.750114901e-06,nan,nan,nan,nan
7152,89.4,2.189599946e-06,1.750114899e-06,nan,nan,nan,nan
7153,89.4125,2.189599947e-06,1.750114901e-06,nan,nan,nan,nan
7154,89.425,2.189599942e-06,1.750114907e-06,nan,nan,nan,nan
7155,89.4375,2.189599936e-06,1.750114911e-06,nan,nan,nan,nan
7156,89.45,2.189599935e-06,1.750114910e-06,nan,nan,nan,nan
7157,89.4625,2.189599939e-06,1.750114904e-06,nan,nan,nan,nan
7158,89.475,2.189599943e-06,1.750114900e-06,nan,nan,nan,nan
7159,89.4875,2.189599943e-06,1.750114903e-06,nan,nan,nan,nan
7160,89.5,2.189599942e-06,1.750114909e-06,nan,nan,7.934625e-13,9.886536e-13
7161,89.5125,2.189599939e-06,1.750114912e-06,nan,nan,nan,nan
7162,89.525,2.189599940e-06,1.750114911e-06,nan,nan,nan,nan
7163,89.5375,2.189599940e-06,1.750114904e-06,nan,nan,nan,nan
7164,89.55,2.189599940e-06,1.750114900e-06,nan,nan,nan,nan
7165,89.5625,2.189599938e-06,1.750114902e-06,nan,nan,nan,nan
7166,89.575,2.189599938e-06,1.750114907e-06,nan,nan,nan,nan
7167,89.5875,2.189599940e-06,1.750114912e-06,nan,nan,nan,nan
7168,89.6,2.189599944e-06,1.750114911e-06,nan,nan,nan,nan
7169,89.6125,2.189599943e-06,1.750114906e-06,nan,nan,nan,nan
7170,89.625,2.189599939e-06,1.750114902e-06,nan,nan,nan,nan
7171,89.6375,2.189599935e-06,1.750114902e-06,nan,nan,nan,nan
7172,89.65,2.189599934e-06,1.750114904e-06,nan,nan,nan,nan
7173,89.6625,2.189599940e-06,1.750114906e-06,nan,nan,nan,nan
7174,89.675,2.189599944e-06,1.750114908e-06,nan,nan,nan,nan
7175,89.6875,2.189599944e-06,1.750114907e-06,nan,nan,nan,nan
7176,89.7,2.189599938e-06,1.750114906e-06,nan,nan,nan,nan
7177,89.7125,2.189599931e-06,1.750114905e-06,nan,nan,nan,nan
7178,89.725,2.189599933e-06,1.750114904e-06,nan,nan,nan,nan
7179,89.7375,2.189599940e-06,1.750114905e-06,nan,nan,nan,nan
7180,89.75,2.189599947e-06,1.750114906e-06,nan,nan,7.988055e-13,9.947598e-13
7181,89.7625,2.189599948e-06,1.750114907e-06,nan,nan,nan,nan
7182,89.775,2.189599941e-06,1.750114910e-06,nan,nan,nan,nan
7183,89.7875,2.189599933e-06,1.750114909e-06,nan,nan,nan,nan
7184,89.8,2.189599933e-06,1.750114905e-06,nan,nan,nan,nan
7185,89.8125,2.189599940e-06,1.750114903e-06,nan,nan,nan,nan
7186,89.825,2.189599947e-06,1.750114901e-06,nan,nan,nan,nan
7187,89.8375,2.189599949e-06,1.750114907e-06,nan,nan,nan,nan
7188,89.85,2.189599944e-06,1.750114911e-06,nan,nan,nan,nan
7189,89.8625,2.189599937e-06,1.750114912e-06,nan,nan,nan,nan
7190,89.875,2.189599933e-06,1.750114909e-06,nan,nan,nan,nan
7191,89.8875,2.189599937e-06,1.750114901e-06,nan,nan,nan,nan
7192,89.9,2.189599943e-06,1.750114898e-06,nan,nan,nan,nan
7193,89.9125,2.189599946e-06,1.750114902e-06,nan,nan,nan,nan
7194,89.925,2.189599943e-06,1.750114908e-06,nan,nan,nan,nan
7195,89.9375,2.189599938e-06,1.750114911e-06,nan,nan,nan,nan
7196,89.95,2.189599937e-06,1.750114905e-06,nan,nan,nan,nan
7197,89.9625,2.189599940e-06,1.750114899e-06,nan,nan,nan,nan
7198,89.975,2.189599940e-06,1.750114895e-06,nan,nan,nan,nan
7199,89.9875,2.189599942e-06,1.750114899e-06,nan,nan,nan,nan
7200,90,2.189599943e-06,1.750114908e-06,nan,nan,8.078954e-13,9.964252e-13
7201,90.0125,2.189599941e-06,1.750114912e-06,nan,nan,nan,nan
7202,90.025,2.189599940e-06,1.750114908e-06,nan,nan,nan,nan
7203,90.0375,2.189599938e-06,1.750114900e-06,nan,nan,nan,nan
7204,90.05,2.189599936e-06,1.750114896e-06,nan,nan,nan,nan
7205,90.0625,2.189599935e-06,1.750114897e-06,nan,nan,nan,nan
7206,90.075,2.189599938e-06,1.750114904e-06,nan,nan,nan,nan
7207,90.0875,2.189599944e-06,1.750114909e-06,nan,nan,nan,nan
7208,90.1,2.189599947e-06,1.750114904e-06,nan,nan,nan,nan
7209,90.1125,2.189599945e-06,1.750114898e-06,nan,nan,nan,nan
7210,90.125,2.189599940e-06,1.750114895e-06,nan,nan,nan,nan
7211,90.1375,2.189599936e-06,1.750114896e-06,nan,nan,nan,nan
7212,90.15,2.189599936e-06,1.750114901e-06,nan,nan,nan,nan
7213,90.1625,2.189599942e-06,1.750114904e-06,nan,nan,nan,nan
7214,90.175,2.189599947e-06,1.750114903e-06,nan,nan,nan,nan
7215,90.1875,2.189599946e-06,1.750114901e-06,nan,nan,nan,nan
7216,90.2,2.189599940e-06,1.750114900e-06,nan,nan,nan,nan
7217,90.2125,2.189599935e-06,1.750114900e-06,nan,nan,nan,nan
7218,90.225,2.189599934e-06,1.750114903e-06,nan,nan,nan,nan
7219,90.2375,2.189599940e-06,1.750114903e-06,nan,nan,nan,nan
7220,90.25,2.189599945e-06,1.750114902e-06,nan,nan,8.004708e-13,1.008083e-12
7221,90.2625,2.189599947e-06,1.750114903e-06,nan,nan,nan,nan
7222,90.275,2.189599940e-06,1.750114905e-06,nan,nan,nan,nan
7223,90.2875,2.189599934e-06,1.750114907e-06,nan,nan,nan,nan
7224,90.3,2.189599933e-06,1.750114904e-06,nan,nan,nan,nan
7225,90.3125,2.189599937e-06,1.750114899e-06,nan,nan,nan,nan
7226,90.325,2.189599945e-06,1.750114897e-06,nan,nan,nan,nan
7227,90.3375,2.189599946e-06,1.750114901e-06,nan,nan,nan,nan
7228,90.35,2.189599942e-06,1.750114906e-06,nan,nan,nan,nan
7229,90.3625,2.189599937e-06,1.750114910e-06,nan,nan,nan,nan
7230,90.375,2.189599934e-06,1.750114907e-06,nan,nan,nan,nan
7231,90.3875,2.189599936e-06,1.750114900e-06,nan,nan,nan,nan
7232,90.4,2.189599940e-06,1.750114897e-06,nan,nan,nan,nan
7233,90.4125,2.189599944e-06,1.750114900e-06,nan,nan,nan,nan
7234,90.425,2.189599943e-06,1.750114909e-06,nan,nan,nan,nan
7235,90.4375,2.189599939e-06,1.750114914e-06,nan,nan,nan,nan
7236,90.45,2.189599935e-06,1.750114911e-06,nan,nan,nan,nan
7237,90.4625,2.189599933e-06,1.750114902e-06,nan,nan,nan,nan
7238,90.475,2.189599936e-06,1.750114896e-06,nan,nan,nan,nan
7239,90.4875,2.189599939e-06,1.750114899e-06,nan,nan,nan,nan
7240,90.5,2.189599941e-06,1.750114908e-06,nan,nan,8.130302e-13,1.008638e-12
7241,90.5125,2.189599939e-06,1.750114915e-06,nan,nan,nan,nan
7242,90.525,2.189599936e-06,1.750114913e-06,nan,nan,nan,nan
7243,90.5375,2.189599933e-06,1.750114906e-06,nan,nan,nan,nan
7244,90.55,2.189599934e-06,1.750114899e-06,nan,nan,nan,nan
7245,90.5625,2.189599937e-06,1.750114899e-06,nan,nan,nan,nan
7246,90.575,2.189599941e-06,1.750114905e-06,nan,nan,nan,nan
7247,90.5875,2.189599945e-06,1.750114909e-06,nan,nan,nan,nan
7248,90.6,2.189599944e-06,1.750114909e-06,nan,nan,nan,nan
7249,90.6125,2.189599940e-06,1.750114904e-06,nan,nan,nan,nan
7250,90.625,2.189599935e-06,1.750114901e-06,nan,nan,nan,nan
7251,90.6375,2.189599933e-06,1.750114901e-06,nan,nan,nan,nan
7252,90.65,2.189599938e-06,1.750114906e-06,nan,nan,nan,nan
7253,90.6625,2.189599944e-06,1.750114909e-06,nan,nan,nan,nan
7254,90.675,2.189599947e-06,1.750114908e-06,nan,nan,nan,nan
7255,90.6875,2.189599945e-06,1.750114906e-06,nan,nan,nan,nan
7256,90.7,2.189599939e-06,1.750114903e-06,nan,nan,nan,nan
7257,90.7125,2.189599932e-06,1.750114902e-06,nan,nan,nan,nan
7258,90.725,2.189599932e-06,1.750114903e-06,nan,nan,nan,nan
7259,90.7375,2.189599938e-06,1.750114904e-06,nan,nan,nan,nan
7260,90.75,2.189599944e-06,1.750114905e-06,nan,nan,8.101853e-13,1.014744e-12
7261,90.7625,2.189599946e-06,1.750114907e-06,nan,nan,nan,nan
7262,90.775,2.189599942e-06,1.750114909e-06,nan,nan,nan,nan
7263,90.7875,2.189599938e-06,1.750114909e-06,nan,nan,nan,nan
7264,90.8,2.189599935e-06,1.750114907e-06,nan,nan,nan,nan
7265,90.8125,2.189599938e-06,1.750114904e-06,nan,nan,nan,nan
7266,90.825,2.189599943e-06,1.750114904e-06,nan,nan,nan,nan
7267,90.8375,2.189599944e-06,1.750114907e-06,nan,nan,nan,nan
7268,90.85,2.189599941e-06,1.750114910e-06,nan,nan,nan,nan
7269,90.8625,2.189599937e-06,1.750114910e-06,nan,nan,nan,nan
7270,90.875,2.189599934e-06,1.750114906e-06,nan,nan,nan,nan
7271,90.8875,2.189599936e-06,1.750114900e-06,nan,nan,nan,nan
7272,90.9,2.189599940e-06,1.750114898e-06,nan,nan,nan,nan
7273,90.9125,2.189599943e-06,1.750114903e-06,nan,nan,nan,nan
7274,90.925,2.189599943e-06,1.750114910e-06,nan,nan,nan,nan
7275,90.9375,2.189599940e-06,1.750114911e-06,nan,nan,nan,nan
7276,90.95,2.189599936e-06,1.750114908e-06,nan,nan,nan,nan
7277,90.9625,2.189599935e-06,1.750114901e-06,nan,nan,nan,nan
7278,90.975,2.189599934e-06,1.750114898e-06,nan,nan,nan,nan
7279,90.9875,2.189599936e-06,1.750114903e-06,nan,nan,nan,nan
7280,91,2.189599939e-06,1.750114909e-06,nan,nan,8.119200e-13,1.021405e-12
7281,91.0125,2.189599942e-06,1.750114911e-06,nan,nan,nan,nan
7282,91.025,2.189599942e-06,1.750114907e-06,nan,nan,nan,nan
7283,91.0375,2.189599941e-06,1.750114899e-06,nan,nan,nan,nan
7284,91.05,2.189599937e-06,1.750114898e-06,nan,nan,nan,nan
7285,91.0625,2.189599938e-06,1.750114902e-06,nan,nan,nan,nan
7286,91.075,2.189599940e-06,1.750114907e-06,nan,nan,nan,nan
7287,91.0875,2.189599944e-06,1.750114908e-06,nan,nan,nan,nan
7288,91.1,2.189599945e-06,1.750114905e-06,nan,nan,nan,nan
7289,91.1125,2.189599943e-06,1.750114900e-06,nan,nan,nan,nan
7290,91.125,2.189599939e-06,1.750114898e-06,nan,nan,nan,nan
7291,91.1375,2.189599935e-06,1.750114900e-06,nan,nan,nan,nan
7292,91.15,2.189599938e-06,1.750114906e-06,nan,nan,nan,nan
7293,91.1625,2.189599944e-06,1.750114905e-06,nan,nan,nan,nan
7294,91.175,2.189599951e-06,1.750114902e-06,nan,nan,nan,nan
7295,91.1875,2.189599950e-06,1.750114900e-06,nan,nan,nan,nan
7296,91.2,2.189599941e-06,1.750114902e-06,nan,nan,nan,nan
7297,91.2125,2.189599934e-06,1.750114903e-06,nan,nan,nan,nan
7298,91.225,2.189599934e-06,1.750114904e-06,nan,nan,nan,nan
7299,91.2375,2.189599939e-06,1.750114900e-06,nan,nan,nan,nan
7300,91.25,2.189599946e-06,1.750114899e-06,nan,nan,7.960299e-13,1.025846e-12
7301,91.2625,2.189599948e-06,1.750114901e-06,nan,nan,nan,nan
7302,91.275,2.189599942e-06,1.750114905e-06,nan,nan,nan,nan
7303,91.2875,2.189599934e-06,1.750114907e-06,nan,nan,nan,nan
7304,91.3,2.189599932e-06,1.750114904e-06,nan,nan,nan,nan
7305,91.3125,2.189599937e-06,1.750114899e-06,nan,nan,nan,nan
7306,91.325,2.189599945e-06,1.750114897e-06,nan,nan,nan,nan
7307,91.3375,2.189599949e-06,1.750114903e-06,nan,nan,nan,nan
7308,91.35,2.189599945e-06,1.750114909e-06,nan,nan,nan,nan
7309,91.3625,2.189599936e-06,1.750114913e-06,nan,nan,nan,nan
7310,91.375,2.189599932e-06,1.750114907e-06,nan,nan,nan,nan
7311,91.3875,2.189599934e-06,1.750114900e-06,nan,nan,nan,nan
7312,91.4,2.189599942e-06,1.750114896e-06,nan,nan,nan,nan
7313,91.4125,2.189599945e-06,1.750114900e-06,nan,nan,nan,nan
7314,91.425,2.189599945e-06,1.750114909e-06,nan,nan,nan,nan
7315,91.4375,2.189599940e-06,1.750114913e-06,nan,nan,nan,nan
7316,91.45,2.189599936e-06,1.750114907e-06,nan,nan,nan,nan
7317,91.4625,2.189599937e-06,1.750114899e-06,nan,nan,nan,nan
7318,91.475,2.189599938e-06,1.750114897e-06,nan,nan,nan,nan
7319,91.4875,2.189599940e-06,1.750114901e-06,nan,nan,nan,nan
7320,91.5,2.189599940e-06,1.750114909e-06,nan,nan,7.915196e-13,1.026956e-12
7321,91.5125,2.189599939e-06,1.750114913e-06,nan,nan,nan,nan
7322,91.525,2.189599938e-06,1.750114908e-06,nan,nan,nan,nan
7323,91.5375,2.189599938e-06,1.750114901e-06,nan,nan,nan,nan
7324,91.55,2.189599939e-06,1.750114899e-06,nan,nan,nan,nan
7325,91.5625,2.189599938e-06,1.750114903e-06,nan,nan,nan,nan
7326,91.575,2.189599939e-06,1.750114910e-06,nan,nan,nan,nan
7327,91.5875,2.189599939e-06,1.750114912e-06,nan,nan,nan,nan
7328,91.6,2.189599940e-06,1.750114908e-06,nan,nan,nan,nan
7329,91.6125,2.189599940e-06,1.750114900e-06,nan,nan,nan,nan
7330,91.625,2.189599938e-06,1.750114898e-06,nan,nan,nan,nan
7331,91.6375,2.189599936e-06,1.750114902e-06,nan,nan,nan,nan
7332,91.65,2.189599935e-06,1.750114908e-06,nan,nan,nan,nan
7333,91.6625,2.189599940e-06,1.750114912e-06,nan,nan,nan,nan
7334,91.675,2.189599946e-06,1.750114910e-06,nan,nan,nan,nan
7335,91.6875,2.189599948e-06,1.750114907e-06,nan,nan,nan,nan
7336,91.7,2.189599942e-06,1.750114906e-06,nan,nan,nan,nan
7337,91.7125,2.189599935e-06,1.750114907e-06,nan,nan,nan,nan
7338,91.725,2.189599933e-06,1.750114910e-06,nan,nan,nan,nan
7339,91.7375,2.189599937e-06,1.750114910e-06,nan,nan,nan,nan
7340,91.75,2.189599944e-06,1.750114910e-06,nan,nan,7.994994e-13,1.030287e-12
7341,91.7625,2.189599947e-06,1.750114911e-06,nan,nan,nan,nan
7342,91.775,2.189599943e-06,1.750114911e-06,nan,nan,nan,nan
7343,91.7875,2.189599936e-06,1.750114909e-06,nan,nan,nan,nan
7344,91.8,2.189599932e-06,1.750114906e-06,nan,nan,nan,nan
7345,91.8125,2.189599933e-06,1.750114903e-06,nan,nan,nan,nan
7346,91.825,2.189599939e-06,1.750114901e-06,nan,nan,nan,nan
7347,91.8375,2.189599944e-06,1.750114905e-06,nan,nan,nan,nan
7348,91.85,2.189599942e-06,1.750114910e-06,nan,nan,nan,nan
7349,91.8625,2.189599936e-06,1.750114911e-06,nan,nan,nan,nan
7350,91.875,2.189599933e-06,1.750114905e-06,nan,nan,nan,nan
7351,91.8875,2.189599936e-06,1.750114899e-06,nan,nan,nan,nan
7352,91.9,2.189599940e-06,1.750114897e-06,nan,nan,nan,nan
7353,91.9125,2.189599944e-06,1.750114902e-06,nan,nan,nan,nan
7354,91.925,2.189599944e-06,1.750114910e-06,nan,nan,nan,nan
7355,91.9375,2.189599939e-06,1.750114911e-06,nan,nan,nan,nan
7356,91.95,2.189599937e-06,1.750114907e-06,nan,nan,nan,nan
7357,91.9625,2.189599937e-06,1.750114900e-06,nan,nan,nan,nan
7358,91.975,2.189599938e-06,1.750114898e-06,nan,nan,nan,nan
7359,91.9875,2.189599940e-06,1.750114902e-06,nan,nan,nan,nan
7360,92,2.189599940e-06,1.750114909e-06,nan,nan,7.993606e-13,1.043610e-12
7361,92.0125,2.189599941e-06,1.750114912e-06,nan,nan,nan,nan
7362,92.025,2.189599940e-06,1.750114907e-06,nan,nan,nan,nan
7363,92.0375,2.189599941e-06,1.750114899e-06,nan,nan,nan,nan
7364,92.05,2.189599941e-06,1.750114897e-06,nan,nan,nan,nan
7365,92.0625,2.189599941e-06,1.750114900e-06,nan,nan,nan,nan
7366,92.075,2.189599944e-06,1.750114906e-06,nan,nan,nan,nan
7367,92.0875,2.189599946e-06,1.750114909e-06,nan,nan,nan,nan
7368,92.1,2.189599947e-06,1.750114904e-06,nan,nan,nan,nan
7369,92.1125,2.189599946e-06,1.750114900e-06,nan,nan,nan,nan
7370,92.125,2.189599939e-06,1.750114899e-06,nan,nan,nan,nan
7371,92.1375,2.189599935e-06,1.750114901e-06,nan,nan,nan,nan
7372,92.15,2.189599937e-06,1.750114904e-06,nan,nan,nan,nan
7373,92.1625,2.189599942e-06,1.750114905e-06,nan,nan,nan,nan
7374,92.175,2.189599946e-06,1.750114905e-06,nan,nan,nan,nan
7375,92.1875,2.189599945e-06,1.750114903e-06,nan,nan,nan,nan
7376,92.2,2.189599938e-06,1.750114905e-06,nan,nan,nan,nan
7377,92.2125,2.189599933e-06,1.750114904e-06,nan,nan,nan,nan
7378,92.225,2.189599933e-06,1.750114904e-06,nan,nan,nan,nan
7379,92.2375,2.189599942e-06,1.750114903e-06,nan,nan,nan,nan
7380,92.25,2.189599948e-06,1.750114902e-06,nan,nan,8.015810e-13,1.048051e-12
7381,92.2625,2.189599948e-06,1.750114904e-06,nan,nan,nan,nan
7382,92.275,2.189599941e-06,1.750114908e-06,nan,nan,nan,nan
7383,92.2875,2.189599934e-06,1.750114909e-06,nan,nan,nan,nan
7384,92.3,2.189599934e-06,1.750114904e-06,nan,nan,nan,nan
7385,92.3125,2.189599939e-06,1.750114899e-06,nan,nan,nan,nan
7386,92.325,2.189599945e-06,1.750114899e-06,nan,nan,nan,nan
7387,92.3375,2.189599946e-06,1.750114903e-06,nan,nan,nan,nan
7388,92.35,2.189599942e-06,1.750114910e-06,nan,nan,nan,nan
7389,92.3625,2.189599938e-06,1.750114911e-06,nan,nan,nan,nan
7390,92.375,2.189599937e-06,1.750114905e-06,nan,nan,nan,nan
7391,92.3875,2.189599941e-06,1.750114898e-06,nan,nan,nan,nan
7392,92.4,2.189599944e-06,1.750114896e-06,nan,nan,nan,nan
7393,92.4125,2.189599943e-06,1.750114903e-06,nan,nan,nan,nan
7394,92.425,2.189599938e-06,1.750114911e-06,nan,nan,nan,nan
7395,92.4375,2.189599933e-06,1.750114914e-06,nan,nan,nan,nan
7396,92.45,2.189599935e-06,1.750114908e-06,nan,nan,nan,nan
7397,92.4625,2.189599940e-06,1.750114898e-06,nan,nan,nan,nan
7398,92.475,2.189599943e-06,1.750114894e-06,nan,nan,nan,nan
7399,92.4875,2.189599943e-06,1.750114901e-06,nan,nan,nan,nan
7400,92.5,2.189599939e-06,1.750114909e-06,nan,nan,8.035239e-13,1.049161e-12
7401,92.5125,2.189599939e-06,1.750114915e-06,nan,nan,nan,nan
7402,92.525,2.189599940e-06,1.750114912e-06,nan,nan,nan,nan
7403,92.5375,2.189599942e-06,1.750114903e-06,nan,nan,nan,nan
7404,92.55,2.189599941e-06,1.750114897e-06,nan,nan,nan,nan
7405,92.5625,2.189599939e-06,1.750114898e-06,nan,nan,nan,nan
7406,92.575,2.189599939e-06,1.750114905e-06,nan,nan,nan,nan
7407,92.5875,2.189599942e-06,1.750114910e-06,nan,nan,nan,nan
7408,92.6,2.189599944e-06,1.750114910e-06,nan,nan,nan,nan
7409,92.6125,2.189599943e-06,1.750114908e-06,nan,nan,nan,nan
7410,92.625,2.189599937e-06,1.750114905e-06,nan,nan,nan,nan
7411,92.6375,2.189599934e-06,1.750114906e-06,nan,nan,nan,nan
7412,92.65,2.189599934e-06,1.750114907e-06,nan,nan,nan,nan
7413,92.6625,2.189599941e-06,1.750114908e-06,nan,nan,nan,nan
7414,92.675,2.189599947e-06,1.750114908e-06,nan,nan,nan,nan
7415,92.6875,2.189599947e-06,1.750114909e-06,nan,nan,nan,nan
7416,92.7,2.189599941e-06,1.750114911e-06,nan,nan,nan,nan
7417,92.7125,2.189599933e-06,1.750114908e-06,nan,nan,nan,nan
7418,92.725,2.189599931e-06,1.750114906e-06,nan,nan,nan,nan
7419,92.7375,2.189599939e-06,1.750114903e-06,nan,nan,nan,nan
7420,92.75,2.189599946e-06,1.750114904e-06,nan,nan,8.040790e-13,1.048051e-12
7421,92.7625,2.189599947e-06,1.750114906e-06,nan,nan,nan,nan
7422,92.775,2.189599941e-06,1.750114908e-06,nan,nan,nan,nan
7423,92.7875,2.189599936e-06,1.750114908e-06,nan,nan,nan,nan
7424,92.8,2.189599933e-06,1.750114905e-06,nan,nan,nan,nan
7425,92.8125,2.189599938e-06,1.750114901e-06,nan,nan,nan,nan
7426,92.825,2.189599944e-06,1.750114901e-06,nan,nan,nan,nan
7427,92.8375,2.189599945e-06,1.750114908e-06,nan,nan,nan,nan
7428,92.85,2.189599941e-06,1.750114913e-06,nan,nan,nan,nan
7429,92.8625,2.189599937e-06,1.750114913e-06,nan,nan,nan,nan
7430,92.875,2.189599936e-06,1.750114907e-06,nan,nan,nan,nan
7431,92.8875,2.189599942e-06,1.750114900e-06,nan,nan,nan,nan
7432,92.9,2.189599946e-06,1.750114897e-06,nan,nan,nan,nan
7433,92.9125,2.189599946e-06,1.750114903e-06,nan,nan,nan,nan
7434,92.925,2.189599941e-06,1.750114910e-06,nan,nan,nan,nan
7435,92.9375,2.189599936e-06,1.750114915e-06,nan,nan,nan,nan
7436,92.95,2.189599935e-06,1.750114911e-06,nan,nan,nan,nan
7437,92.9625,2.189599939e-06,1.750114903e-06,nan,nan,nan,nan
7438,92.975,2.189599943e-06,1.750114899e-06,nan,nan,nan,nan
7439,92.9875,2.189599943e-06,1.750114903e-06,nan,nan,nan,nan
7440,93,2.189599943e-06,1.750114908e-06,nan,nan,8.027606e-13,1.046940e-12
7441,93.0125,2.189599943e-06,1.750114910e-06,nan,nan,nan,nan
7442,93.025,2.189599942e-06,1.750114907e-06,nan,nan,nan,nan
7443,93.0375,2.189599941e-06,1.750114900e-06,nan,nan,nan,nan
7444,93.05,2.189599940e-06,1.750114897e-06,nan,nan,nan,nan
7445,93.0625,2.189599939e-06,1.750114900e-06,nan,nan,nan,nan
7446,93.075,2.189599940e-06,1.750114906e-06,nan,nan,nan,nan
7447,93.0875,2.189599941e-06,1.750114907e-06,nan,nan,nan,nan
7448,93.1,2.189599943e-06,1.750114906e-06,nan,nan,nan,nan
7449,93.1125,2.189599940e-06,1.750114902e-06,nan,nan,nan,nan
7450,93.125,2.189599936e-06,1.750114901e-06,nan,nan,nan,nan
7451,93.1375,2.189599934e-06,1.750114903e-06,nan,nan,nan,nan
7452,93.15,2.189599936e-06,1.750114905e-06,nan,nan,nan,nan
7453,93.1625,2.189599942e-06,1.750114905e-06,nan,nan,nan,nan
7454,93.175,2.189599947e-06,1.750114904e-06,nan,nan,nan,nan
7455,93.1875,2.189599945e-06,1.750114901e-06,nan,nan,nan,nan
7456,93.2,2.189599938e-06,1.750114902e-06,nan,nan,nan,nan
7457,93.2125,2.189599933e-06,1.750114904e-06,nan,nan,nan,nan
7458,93.225,2.189599935e-06,1.750114905e-06,nan,nan,nan,nan
7459,93.2375,2.189599945e-06,1.750114905e-06,nan,nan,nan,nan
7460,93.25,2.189599951e-06,1.750114905e-06,nan,nan,8.062995e-13,1.039169e-12
7461,93.2625,2.189599951e-06,1.750114904e-06,nan,nan,nan,nan
7462,93.275,2.189599944e-06,1.750114905e-06,nan,nan,nan,nan
7463,93.2875,2.189599935e-06,1.750114906e-06,nan,nan,nan,nan
7464,93.3,2.189599933e-06,1.750114904e-06,nan,nan,nan,nan
7465,93.3125,2.189599940e-06,1.750114902e-06,nan,nan,nan,nan
7466,93.325,2.189599947e-06,1.750114902e-06,nan,nan,nan,nan
7467,93.3375,2.189599951e-06,1.750114904e-06,nan,nan,nan,nan
7468,93.35,2.189599945e-06,1.750114908e-06,nan,nan,nan,nan
7469,93.3625,2.189599937e-06,1.750114907e-06,nan,nan,nan,nan
7470,93.375,2.189599934e-06,1.750114902e-06,nan,nan,nan,nan
7471,93.3875,2.189599937e-06,1.750114898e-06,nan,nan,nan,nan
7472,93.4,2.189599942e-06,1.750114896e-06,nan,nan,nan,nan
7473,93.4125,2.189599944e-06,1.750114901e-06,nan,nan,nan,nan
7474,93.425,2.189599943e-06,1.750114909e-06,nan,nan,nan,nan
7475,93.4375,2.189599938e-06,1.750114912e-06,nan,nan,nan,nan
7476,93.45,2.189599936e-06,1.750114908e-06,nan,nan,nan,nan
7477,93.4625,2.189599937e-06,1.750114901e-06,nan,nan,nan,nan
7478,93.475,2.189599940e-06,1.750114900e-06,nan,nan,nan,nan
7479,93.4875,2.189599943e-06,1.750114903e-06,nan,nan,nan,nan
7480,93.5,2.189599944e-06,1.750114910e-06,nan,nan,8.118506e-13,1.047495e-12
7481,93.5125,2.189599944e-06,1.750114914e-06,nan,nan,nan,nan
7482,93.525,2.189599941e-06,1.750114912e-06,nan,nan,nan,nan
7483,93.5375,2.189599939e-06,1.750114905e-06,nan,nan,nan,nan
7484,93.55,2.189599937e-06,1.750114900e-06,nan,nan,nan,nan
7485,93.5625,2.189599937e-06,1.750114902e-06,nan,nan,nan,nan
7486,93.575,2.189599939e-06,1.750114906e-06,nan,nan,nan,nan
7487,93.5875,2.189599944e-06,1.750114911e-06,nan,nan,nan,nan
7488,93.6,2.189599945e-06,1.750114910e-06,nan,nan,nan,nan
7489,93.6125,2.189599944e-06,1.750114905e-06,nan,nan,nan,nan
7490,93.625,2.189599940e-06,1.750114901e-06,nan,nan,nan,nan
7491,93.6375,2.189599937e-06,1.750114903e-06,nan,nan,nan,nan
7492,93.65,2.189599938e-06,1.750114906e-06,nan,nan,nan,nan
7493,93.6625,2.189599944e-06,1.750114909e-06,nan,nan,nan,nan
7494,93.675,2.189599947e-06,1.750114908e-06,nan,nan,nan,nan
7495,93.6875,2.189599945e-06,1.750114905e-06,nan,nan,nan,nan
7496,93.7,2.189599938e-06,1.750114903e-06,nan,nan,nan,nan
7497,93.7125,2.189599935e-06,1.750114903e-06,nan,nan,nan,nan
7498,93.725,2.189599933e-06,1.750114905e-06,nan,nan,nan,nan
7499,93.7375,2.189599939e-06,1.750114906e-06,nan,nan,nan,nan
7500,93.75,2.189599944e-06,1.750114907e-06,nan,nan,8.112955e-13,1.050271e-12
7501,93.7625,2.189599943e-06,1.750114906e-06,nan,nan,nan,nan
7502,93.775,2.189599939e-06,1.750114905e-06,nan,nan,nan,nan
7503,93.7875,2.189599933e-06,1.750114904e-06,nan,nan,nan,nan
7504,93.8,2.189599934e-06,1.750114906e-06,nan,nan,nan,nan
7505,93.8125,2.189599940e-06,1.750114906e-06,nan,nan,nan,nan
7506,93.825,2.189599946e-06,1.750114907e-06,nan,nan,nan,nan
7507,93.8375,2.189599948e-06,1.750114908e-06,nan,nan,nan,nan
7508,93.85,2.189599944e-06,1.750114909e-06,nan,nan,nan,nan
7509,93.8625,2.189599938e-06,1.750114909e-06,nan,nan,nan,nan
7510,93.875,2.189599937e-06,1.750114906e-06,nan,nan,nan,nan
7511,93.8875,2.189599940e-06,1.750114904e-06,nan,nan,nan,nan
7512,93.9,2.189599943e-06,1.750114903e-06,nan,nan,nan,nan
7513,93.9125,2.189599944e-06,1.750114904e-06,nan,nan,nan,nan
7514,93.925,2.189599941e-06,1.750114907e-06,nan,nan,nan,nan
7515,93.9375,2.189599937e-06,1.750114909e-06,nan,nan,nan,nan
7516,93.95,2.189599938e-06,1.750114907e-06,nan,nan,nan,nan
7517,93.9625,2.189599940e-06,1.750114902e-06,nan,nan,nan,nan
7518,93.975,2.189599940e-06,1.750114901e-06,nan,nan,nan,nan
7519,93.9875,2.189599939e-06,1.750114902e-06,nan,nan,nan,nan
7520,94,2.189599938e-06,1.750114906e-06,nan,nan,8.074097e-13,1.056377e-12
7521,94.0125,2.189599937e-06,1.750114908e-06,nan,nan,nan,nan
7522,94.025,2.189599940e-06,1.750114905e-06,nan,nan,nan,nan
7523,94.0375,2.189599940e-06,1.750114900e-06,nan,nan,nan,nan
7524,94.05,2.189599939e-06,1.750114898e-06,nan,nan,nan,nan
7525,94.0625,2.189599937e-06,1.750114900e-06,nan,nan,nan,nan
7526,94.075,2.189599938e-06,1.750114904e-06,nan,nan,nan,nan
7527,94.0875,2.189599941e-06,1.750114907e-06,nan,nan,nan,nan
7528,94.1,2.189599944e-06,1.750114905e-06,nan,nan,nan,nan
7529,94.1125,2.189599944e-06,1.750114900e-06,nan,nan,nan,nan
7530,94.125,2.189599940e-06,1.750114898e-06,nan,nan,nan,nan
7531,94.1375,2.189599936e-06,1.750114900e-06,nan,nan,nan,nan
7532,94.15,2.189599937e-06,1.750114905e-06,nan,nan,nan,nan
7533,94.1625,2.189599942e-06,1.750114908e-06,nan,nan,nan,nan
7534,94.175,2.189599948e-06,1.750114907e-06,nan,nan,nan,nan
7535,94.1875,2.189599948e-06,1.750114904e-06,nan,nan,nan,nan
7536,94.2,2.189599941e-06,1.750114901e-06,nan,nan,nan,nan
7537,94.2125,2.189599935e-06,1.750114900e-06,nan,nan,nan,nan
7538,94.225,2.189599936e-06,1.750114900e-06,nan,nan,nan,nan
7539,94.2375,2.189599943e-06,1.750114902e-06,nan,nan,nan,nan
7540,94.25,2.189599949e-06,1.750114902e-06,nan,nan,7.974177e-13,1.039169e-12
7541,94.2625,2.189599948e-06,1.750114903e-06,nan,nan,nan,nan
7542,94.275,2.189599940e-06,1.750114905e-06,nan,nan,nan,nan
7543,94.2875,2.189599932e-06,1.750114906e-06,nan,nan,nan,nan
7544,94.3,2.189599932e-06,1.750114905e-06,nan,nan,nan,nan
7545,94.3125,2.189599939e-06,1.750114904e-06,nan,nan,nan,nan
7546,94.325,2.189599947e-06,1.750114904e-06,nan,nan,nan,nan
7547,94.3375,2.189599947e-06,1.750114905e-06,nan,nan,nan,nan
7548,94.35,2.189599940e-06,1.750114906e-06,nan,nan,nan,nan
7549,94.3625,2.189599932e-06,1.750114906e-06,nan,nan,nan,nan
7550,94.375,2.189599930e-06,1.750114901e-06,nan,nan,nan,nan
7551,94.3875,2.189599936e-06,1.750114897e-06,nan,nan,nan,nan
7552,94.4,2.189599944e-06,1.750114898e-06,nan,nan,nan,nan
7553,94.4125,2.189599945e-06,1.750114903e-06,nan,nan,nan,nan
7554,94.425,2.189599939e-06,1.750114911e-06,nan,nan,nan,nan
7555,94.4375,2.189599935e-06,1.750114913e-06,nan,nan,nan,nan
7556,94.45,2.189599935e-06,1.750114909e-06,nan,nan,nan,nan
7557,94.4625,2.189599940e-06,1.750114902e-06,nan,nan,nan,nan
7558,94.475,2.189599944e-06,1.750114898e-06,nan,nan,nan,nan
7559,94.4875,2.189599944e-06,1.750114902e-06,nan,nan,nan,nan
7560,94.5,2.189599939e-06,1.750114908e-06,nan,nan,7.957524e-13,1.034173e-12
7561,94.5125,2.189599936e-06,1.750114913e-06,nan,nan,nan,nan
7562,94.525,2.189599938e-06,1.750114908e-06,nan,nan,nan,nan
7563,94.5375,2.189599942e-06,1.750114901e-06,nan,nan,nan,nan
7564,94.55,2.189599944e-06,1.750114898e-06,nan,nan,nan,nan
7565,94.5625,2.189599941e-06,1.750114901e-06,nan,nan,nan,nan
7566,94.575,2.189599938e-06,1.750114909e-06,nan,nan,nan,nan
7567,94.5875,2.189599938e-06,1.750114913e-06,nan,nan,nan,nan
7568,94.6,2.189599939e-06,1.750114911e-06,nan,nan,nan,nan
7569,94.6125,2.189599942e-06,1.750114904e-06,nan,nan,nan,nan
7570,94.625,2.189599942e-06,1.750114901e-06,nan,nan,nan,nan
7571,94.6375,2.189599937e-06,1.750114903e-06,nan,nan,nan,nan
7572,94.65,2.189599936e-06,1.750114908e-06,nan,nan,nan,nan
7573,94.6625,2.189599940e-06,1.750114912e-06,nan,nan,nan,nan
7574,94.675,2.189599945e-06,1.750114910e-06,nan,nan,nan,nan
7575,94.6875,2.189599946e-06,1.750114906e-06,nan,nan,nan,nan
7576,94.7,2.189599942e-06,1.750114903e-06,nan,nan,nan,nan
7577,94.7125,2.189599937e-06,1.750114902e-06,nan,nan,nan,nan
7578,94.725,2.189599933e-06,1.750114904e-06,nan,nan,nan,nan
7579,94.7375,2.189599937e-06,1.750114906e-06,nan,nan,nan,nan
7580,94.75,2.189599943e-06,1.750114907e-06,nan,nan,8.140710e-13,1.025846e-12
7581,94.7625,2.189599944e-06,1.750114907e-06,nan,nan,nan,nan
7582,94.775,2.189599939e-06,1.750114906e-06,nan,nan,nan,nan
7583,94.7875,2.189599935e-06,1.750114905e-06,nan,nan,nan,nan
7584,94.8,2.189599934e-06,1.750114905e-06,nan,nan,nan,nan
7585,94.8125,2.189599940e-06,1.750114906e-06,nan,nan,nan,nan
7586,94.825,2.189599947e-06,1.750114907e-06,nan,nan,nan,nan
7587,94.8375,2.189599948e-06,1.750114908e-06,nan,nan,nan,nan
7588,94.85,2.189599942e-06,1.750114909e-06,nan,nan,nan,nan
7589,94.8625,2.189599935e-06,1.750114907e-06,nan,nan,nan,nan
7590,94.875,2.189599933e-06,1.750114905e-06,nan,nan,nan,nan
7591,94.8875,2.189599938e-06,1.750114902e-06,nan,nan,nan,nan
7592,94.9,2.189599942e-06,1.750114904e-06,nan,nan,nan,nan
7593,94.9125,2.189599944e-06,1.750114908e-06,nan,nan,nan,nan
7594,94.925,2.189599941e-06,1.750114910e-06,nan,nan,nan,nan
7595,94.9375,2.189599937e-06,1.750114909e-06,nan,nan,nan,nan
7596,94.95,2.189599935e-06,1.750114903e-06,nan,nan,nan,nan
7597,94.9625,2.189599938e-06,1.750114898e-06,nan,nan,nan,nan
7598,94.975,2.189599942e-06,1.750114899e-06,nan,nan,nan,nan
7599,94.9875,2.189599944e-06,1.750114904e-06,nan,nan,nan,nan
7600,95,2.189599943e-06,1.750114908e-06,nan,nan,8.107404e-13,1.024181e-12
7601,95.0125,2.189599943e-06,1.750114907e-06,nan,nan,nan,nan
7602,95.025,2.189599942e-06,1.750114901e-06,nan,nan,nan,nan
7603,95.0375,2.189599941e-06,1.750114895e-06,nan,nan,nan,nan
7604,95.05,2.189599938e-06,1.750114896e-06,nan,nan,nan,nan
7605,95.0625,2.189599937e-06,1.750114902e-06,nan,nan,nan,nan
7606,95.075,2.189599941e-06,1.750114908e-06,nan,nan,nan,nan
7607,95.0875,2.189599943e-06,1.750114910e-06,nan,nan,nan,nan
7608,95.1,2.189599945e-06,1.750114907e-06,nan,nan,nan,nan
7609,95.1125,2.189599943e-06,1.750114902e-06,nan,nan,nan,nan
7610,95.125,2.189599938e-06,1.750114901e-06,nan,nan,nan,nan
7611,95.1375,2.189599933e-06,1.750114903e-06,nan,nan,nan,nan
7612,95.15,2.189599935e-06,1.750114904e-06,nan,nan,nan,nan
7613,95.1625,2.189599942e-06,1.750114903e-06,nan,nan,nan,nan
7614,95.175,2.189599947e-06,1.750114902e-06,nan,nan,nan,nan
7615,95.1875,2.189599945e-06,1.750114902e-06,nan,nan,nan,nan
7616,95.2,2.189599939e-06,1.750114903e-06,nan,nan,nan,nan
7617,95.2125,2.189599933e-06,1.750114904e-06,nan,nan,nan,nan
7618,95.225,2.189599936e-06,1.750114904e-06,nan,nan,nan,nan
7619,95.2375,2.189599943e-06,1.750114903e-06,nan,nan,nan,nan
7620,95.25,2.189599947e-06,1.750114903e-06,nan,nan,8.062995e-13,1.014744e-12
7621,95.2625,2.189599946e-06,1.750114904e-06,nan,nan,nan,nan
7622,95.275,2.189599938e-06,1.750114907e-06,nan,nan,nan,nan
7623,95.2875,2.189599932e-06,1.750114906e-06,nan,nan,nan,nan
7624,95.3,2.189599935e-06,1.750114903e-06,nan,nan,nan,nan
7625,95.3125,2.189599943e-06,1.750114899e-06,nan,nan,nan,nan
7626,95.325,2.189599946e-06,1.750114900e-06,nan,nan,nan,nan
7627,95.3375,2.189599944e-06,1.750114905e-06,nan,nan,nan,nan
7628,95.35,2.189599936e-06,1.750114910e-06,nan,nan,nan,nan
7629,95.3625,2.189599933e-06,1.750114909e-06,nan,nan,nan,nan
7630,95.375,2.189599935e-06,1.750114904e-06,nan,nan,nan,nan
7631,95.3875,2.189599942e-06,1.750114897e-06,nan,nan,nan,nan
7632,95.4,2.189599945e-06,1.750114897e-06,nan,nan,nan,nan
7633,95.4125,2.189599944e-06,1.750114902e-06,nan,nan,nan,nan
7634,95.425,2.189599939e-06,1.750114910e-06,nan,nan,nan,nan
7635,95.4375,2.189599936e-06,1.750114913e-06,nan,nan,nan,nan
7636,95.45,2.189599939e-06,1.750114906e-06,nan,nan,nan,nan
7637,95.4625,2.189599943e-06,1.750114898e-06,nan,nan,nan,nan
7638,95.475,2.189599944e-06,1.750114896e-06,nan,nan,nan,nan
7639,95.4875,2.189599942e-06,1.750114902e-06,nan,nan,nan,nan
7640,95.5,2.189599941e-06,1.750114909e-06,nan,nan,8.045647e-13,1.022515e-12
7641,95.5125,2.189599941e-06,1.750114910e-06,nan,nan,nan,nan
7642,95.525,2.189599943e-06,1.750114906e-06,nan,nan,nan,nan
7643,95.5375,2.189599942e-06,1.750114902e-06,nan,nan,nan,nan
7644,95.55,2.189599939e-06,1.750114901e-06,nan,nan,nan,nan
7645,95.5625,2.189599936e-06,1.750114905e-06,nan,nan,nan,nan
7646,95.575,2.189599937e-06,1.750114911e-06,nan,nan,nan,nan
7647,95.5875,2.189599942e-06,1.750114912e-06,nan,nan,nan,nan
7648,95.6,2.189599946e-06,1.750114909e-06,nan,nan,nan,nan
7649,95.6125,2.189599944e-06,1.750114903e-06,nan,nan,nan,nan
7650,95.625,2.189599939e-06,1.750114902e-06,nan,nan,nan,nan
7651,95.6375,2.189599935e-06,1.750114906e-06,nan,nan,nan,nan
7652,95.65,2.189599935e-06,1.750114911e-06,nan,nan,nan,nan
7653,95.6625,2.189599941e-06,1.750114913e-06,nan,nan,nan,nan
7654,95.675,2.189599945e-06,1.750114912e-06,nan,nan,nan,nan
7655,95.6875,2.189599944e-06,1.750114909e-06,nan,nan,nan,nan
7656,95.7,2.189599938e-06,1.750114907e-06,nan,nan,nan,nan
7657,95.7125,2.189599934e-06,1.750114905e-06,nan,nan,nan,nan
7658,95.725,2.189599935e-06,1.750114906e-06,nan,nan,nan,nan
7659,95.7375,2.189599942e-06,1.750114906e-06,nan,nan,nan,nan
7660,95.75,2.189599944e-06,1.750114906e-06,nan,nan,8.051892e-13,1.043610e-12
7661,95.7625,2.189599941e-06,1.750114908e-06,nan,nan,nan,nan
7662,95.775,2.189599935e-06,1.750114907e-06,nan,nan,nan,nan
7663,95.7875,2.189599933e-06,1.750114904e-06,nan,nan,nan,nan
7664,95.8,2.189599936e-06,1.750114904e-06,nan,nan,nan,nan
7665,95.8125,2.189599942e-06,1.750114903e-06,nan,nan,nan,nan
7666,95.825,2.189599945e-06,1.750114904e-06,nan,nan,nan,nan
7667,95.8375,2.189599942e-06,1.750114907e-06,nan,nan,nan,nan
7668,95.85,2.189599937e-06,1.750114908e-06,nan,nan,nan,nan
7669,95.8625,2.189599935e-06,1.750114904e-06,nan,nan,nan,nan
7670,95.875,2.189599938e-06,1.750114899e-06,nan,nan,nan,nan
7671,95.8875,2.189599942e-06,1.750114898e-06,nan,nan,nan,nan
7672,95.9,2.189599946e-06,1.750114902e-06,nan,nan,nan,nan
7673,95.9125,2.189599944e-06,1.750114906e-06,nan,nan,nan,nan
7674,95.925,2.189599942e-06,1.750114908e-06,nan,nan,nan,nan
7675,95.9375,2.189599940e-06,1.750114906e-06,nan,nan,nan,nan
7676,95.95,2.189599940e-06,1.750114899e-06,nan,nan,nan,nan
7677,95.9625,2.189599941e-06,1.750114898e-06,nan,nan,nan,nan
7678,95.975,2.189599941e-06,1.750114900e-06,nan,nan,nan,nan
7679,95.9875,2.189599940e-06,1.750114907e-06,nan,nan,nan,nan
7680,96,2.189599942e-06,1.750114909e-06,nan,nan,7.857603e-13,1.044720e-12
7681,96.0125,2.189599944e-06,1.750114906e-06,nan,nan,nan,nan
7682,96.025,2.189599945e-06,1.750114901e-06,nan,nan,nan,nan
7683,96.0375,2.189599942e-06,1.750114899e-06,nan,nan,nan,nan
7684,96.05,2.189599938e-06,1.750114901e-06,nan,nan,nan,nan
7685,96.0625,2.189599938e-06,1.750114907e-06,nan,nan,nan,nan
7686,96.075,2.189599941e-06,1.750114910e-06,nan,nan,nan,nan
7687,96.0875,2.189599945e-06,1.750114906e-06,nan,nan,nan,nan
7688,96.1,2.189599946e-06,1.750114900e-06,nan,nan,nan,nan
7689,96.1125,2.189599940e-06,1.750114897e-06,nan,nan,nan,nan
7690,96.125,2.189599934e-06,1.750114898e-06,nan,nan,nan,nan
7691,96.1375,2.189599933e-06,1.750114902e-06,nan,nan,nan,nan
7692,96.15,2.189599939e-06,1.750114905e-06,nan,nan,nan,nan
7693,96.1625,2.189599947e-06,1.750114904e-06,nan,nan,nan,nan
7694,96.175,2.189599949e-06,1.750114901e-06,nan,nan,nan,nan
7695,96.1875,2.189599942e-06,1.750114900e-06,nan,nan,nan,nan
7696,96.2,2.189599934e-06,1.750114901e-06,nan,nan,nan,nan
7697,96.2125,2.189599929e-06,1.750114903e-06,nan,nan,nan,nan
7698,96.225,2.189599937e-06,1.750114904e-06,nan,nan,nan,nan
7699,96.2375,2.189599945e-06,1.750114903e-06,nan,nan,nan,nan
7700,96.25,2.189599948e-06,1.750114903e-06,nan,nan,8.072709e-13,1.032507e-12
7701,96.2625,2.189599942e-06,1.750114903e-06,nan,nan,nan,nan
7702,96.275,2.189599933e-06,1.750114905e-06,nan,nan,nan,nan
7703,96.2875,2.189599929e-06,1.750114904e-06,nan,nan,nan,nan
7704,96.3,2.189599934e-06,1.750114902e-06,nan,nan,nan,nan
7705,96.3125,2.189599943e-06,1.750114901e-06,nan,nan,nan,nan
7706,96.325,2.189599948e-06,1.750114901e-06,nan,nan,nan,nan
7707,96.3375,2.189599944e-06,1.750114905e-06,nan,nan,nan,nan
7708,96.35,2.189599940e-06,1.750114908e-06,nan,nan,nan,nan
7709,96.3625,2.189599935e-06,1.750114909e-06,nan,nan,nan,nan
7710,96.375,2.189599937e-06,1.750114907e-06,nan,nan,nan,nan
7711,96.3875,2.189599941e-06,1.750114904e-06,nan,nan,nan,nan
7712,96.4,2.189599945e-06,1.750114905e-06,nan,nan,nan,nan
7713,96.4125,2.189599944e-06,1.750114907e-06,nan,nan,nan,nan
7714,96.425,2.189599940e-06,1.750114908e-06,nan,nan,nan,nan
7715,96.4375,2.189599938e-06,1.750114906e-06,nan,nan,nan,nan
7716,96.45,2.189599938e-06,1.750114903e-06,nan,nan,nan,nan
7717,96.4625,2.189599938e-06,1.750114902e-06,nan,nan,nan,nan
7718,96.475,2.189599939e-06,1.750114904e-06,nan,nan,nan,nan
7719,96.4875,2.189599939e-06,1.750114908e-06,nan,nan,nan,nan
7720,96.5,2.189599939e-06,1.750114909e-06,nan,nan,8.096301e-13,1.034728e-12
7721,96.5125,2.189599940e-06,1.750114906e-06,nan,nan,nan,nan
7722,96.525,2.189599940e-06,1.750114902e-06,nan,nan,nan,nan
7723,96.5375,2.189599938e-06,1.750114900e-06,nan,nan,nan,nan
7724,96.55,2.189599934e-06,1.750114902e-06,nan,nan,nan,nan
7725,96.5625,2.189599935e-06,1.750114907e-06,nan,nan,nan,nan
7726,96.575,2.189599939e-06,1.750114910e-06,nan,nan,nan,nan
7727,96.5875,2.189599944e-06,1.750114909e-06,nan,nan,nan,nan
7728,96.6,2.189599945e-06,1.750114907e-06,nan,nan,nan,nan
7729,96.6125,2.189599941e-06,1.750114905e-06,nan,nan,nan,nan
7730,96.625,2.189599936e-06,1.750114906e-06,nan,nan,nan,nan
7731,96.6375,2.189599935e-06,1.750114909e-06,nan,nan,nan,nan
7732,96.65,2.189599938e-06,1.750114911e-06,nan,nan,nan,nan
7733,96.6625,2.189599942e-06,1.750114910e-06,nan,nan,nan,nan
7734,96.675,2.189599944e-06,1.750114907e-06,nan,nan,nan,nan
7735,96.6875,2.189599941e-06,1.750114904e-06,nan,nan,nan,nan
7736,96.7,2.189599937e-06,1.750114904e-06,nan,nan,nan,nan
7737,96.7125,2.189599936e-06,1.750114905e-06,nan,nan,nan,nan
7738,96.725,2.189599940e-06,1.750114905e-06,nan,nan,nan,nan
7739,96.7375,2.189599945e-06,1.750114907e-06,nan,nan,nan,nan
7740,96.75,2.189599949e-06,1.750114908e-06,nan,nan,8.144874e-13,1.050271e-12
7741,96.7625,2.189599945e-06,1.750114908e-06,nan,nan,nan,nan
7742,96.775,2.189599940e-06,1.750114906e-06,nan,nan,nan,nan
7743,96.7875,2.189599939e-06,1.750114904e-06,nan,nan,nan,nan
7744,96.8,2.189599941e-06,1.750114903e-06,nan,nan,nan,nan
7745,96.8125,2.189599943e-06,1.750114905e-06,nan,nan,nan,nan
7746,96.825,2.189599943e-06,1.750114908e-06,nan,nan,nan,nan
7747,96.8375,2.189599940e-06,1.750114910e-06,nan,nan,nan,nan
7748,96.85,2.189599935e-06,1.750114909e-06,nan,nan,nan,nan
7749,96.8625,2.189599935e-06,1.750114903e-06,nan,nan,nan,nan
7750,96.875,2.189599938e-06,1.750114900e-06,nan,nan,nan,nan
7751,96.8875,2.189599942e-06,1.750114901e-06,nan,nan,nan,nan
7752,96.9,2.189599941e-06,1.750114908e-06,nan,nan,nan,nan
7753,96.9125,2.189599940e-06,1.750114914e-06,nan,nan,nan,nan
7754,96.925,2.189599939e-06,1.750114913e-06,nan,nan,nan,nan
7755,96.9375,2.189599941e-06,1.750114908e-06,nan,nan,nan,nan
7756,96.95,2.189599941e-06,1.750114900e-06,nan,nan,nan,nan
7757,96.9625,2.189599941e-06,1.750114897e-06,nan,nan,nan,nan
7758,96.975,2.189599939e-06,1.750114901e-06,nan,nan,nan,nan
7759,96.9875,2.189599938e-06,1.750114908e-06,nan,nan,nan,nan
7760,97,2.189599940e-06,1.750114911e-06,nan,nan,8.226753e-13,1.060263e-12
7761,97.0125,2.189599944e-06,1.750114906e-06,nan,nan,nan,nan
7762,97.025,2.189599945e-06,1.750114900e-06,nan,nan,nan,nan
7763,97.0375,2.189599941e-06,1.750114896e-06,nan,nan,nan,nan
7764,97.05,2.189599937e-06,1.750114900e-06,nan,nan,nan,nan
7765,97.0625,2.189599935e-06,1.750114908e-06,nan,nan,nan,nan
7766,97.075,2.189599937e-06,1.750114910e-06,nan,nan,nan,nan
7767,97.0875,2.189599941e-06,1.750114908e-06,nan,nan,nan,nan
7768,97.1,2.189599944e-06,1.750114901e-06,nan,nan,nan,nan
7769,97.1125,2.189599941e-06,1.750114897e-06,nan,nan,nan,nan
7770,97.125,2.189599937e-06,1.750114899e-06,nan,nan,nan,nan
7771,97.1375,2.189599934e-06,1.750114904e-06,nan,nan,nan,nan
7772,97.15,2.189599939e-06,1.750114906e-06,nan,nan,nan,nan
7773,97.1625,2.189599944e-06,1.750114906e-06,nan,nan,nan,nan
7774,97.175,2.189599946e-06,1.750114903e-06,nan,nan,nan,nan
7775,97.1875,2.189599941e-06,1.750114901e-06,nan,nan,nan,nan
7776,97.2,2.189599935e-06,1.750114902e-06,nan,nan,nan,nan
7777,97.2125,2.189599934e-06,1.750114904e-06,nan,nan,nan,nan
7778,97.225,2.189599938e-06,1.750114904e-06,nan,nan,nan,nan
7779,97.2375,2.189599946e-06,1.750114904e-06,nan,nan,nan,nan
7780,97.25,2.189599949e-06,1.750114903e-06,nan,nan,8.054668e-13,1.043610e-12
7781,97.2625,2.189599945e-06,1.750114902e-06,nan,nan,nan,nan
7782,97.275,2.189599938e-06,1.750114901e-06,nan,nan,nan,nan
7783,97.2875,2.189599935e-06,1.750114902e-06,nan,nan,nan,nan
7784,97.3,2.189599938e-06,1.750114903e-06,nan,nan,nan,nan
7785,97.3125,2.189599945e-06,1.750114902e-06,nan,nan,nan,nan
7786,97.325,2.189599949e-06,1.750114905e-06,nan,nan,nan,nan
7787,97.3375,2.189599943e-06,1.750114907e-06,nan,nan,nan,nan
7788,97.35,2.189599936e-06,1.750114908e-06,nan,nan,nan,nan
7789,97.3625,2.189599932e-06,1.750114907e-06,nan,nan,nan,nan
7790,97.375,2.189599936e-06,1.750114905e-06,nan,nan,nan,nan
7791,97.3875,2.189599943e-06,1.750114903e-06,nan,nan,nan,nan
7792,97.4,2.189599947e-06,1.750114905e-06,nan,nan,nan,nan
7793,97.4125,2.189599945e-06,1.750114909e-06,nan,nan,nan,nan
7794,97.425,2.189599941e-06,1.750114910e-06,nan,nan,nan,nan
7795,97.4375,2.189599934e-06,1.750114907e-06,nan,nan,nan,nan
7796,97.45,2.189599936e-06,1.750114903e-06,nan,nan,nan,nan
7797,97.4625,2.189599939e-06,1.750114900e-06,nan,nan,nan,nan
7798,97.475,2.189599944e-06,1.750114903e-06,nan,nan,nan,nan
7799,97.4875,2.189599944e-06,1.750114906e-06,nan,nan,nan,nan
7800,97.5,2.189599940e-06,1.750114907e-06,nan,nan,8.157364e-13,1.025846e-12
7801,97.5125,2.189599938e-06,1.750114906e-06,nan,nan,nan,nan
7802,97.525,2.189599937e-06,1.750114900e-06,nan,nan,nan,nan
7803,97.5375,2.189599938e-06,1.750114900e-06,nan,nan,nan,nan
7804,97.55,2.189599941e-06,1.750114903e-06,nan,nan,nan,nan
7805,97.5625,2.189599942e-06,1.750114909e-06,nan,nan,nan,nan
7806,97.575,2.189599942e-06,1.750114912e-06,nan,nan,nan,nan
7807,97.5875,2.189599941e-06,1.750114910e-06,nan,nan,nan,nan
7808,97.6,2.189599940e-06,1.750114906e-06,nan,nan,nan,nan
7809,97.6125,2.189599939e-06,1.750114904e-06,nan,nan,nan,nan
7810,97.625,2.189599937e-06,1.750114906e-06,nan,nan,nan,nan
7811,97.6375,2.189599939e-06,1.750114909e-06,nan,nan,nan,nan
7812,97.65,2.189599941e-06,1.750114910e-06,nan,nan,nan,nan
7813,97.6625,2.189599944e-06,1.750114908e-06,nan,nan,nan,nan
7814,97.675,2.189599944e-06,1.750114906e-06,nan,nan,nan,nan
7815,97.6875,2.189599939e-06,1.750114905e-06,nan,nan,nan,nan
7816,97.7,2.189599936e-06,1.750114906e-06,nan,nan,nan,nan
7817,97.7125,2.189599936e-06,1.750114907e-06,nan,nan,nan,nan
7818,97.725,2.189599943e-06,1.750114906e-06,nan,nan,nan,nan
7819,97.7375,2.189599948e-06,1.750114905e-06,nan,nan,nan,nan
7820,97.75,2.189599947e-06,1.750114905e-06,nan,nan,8.024137e-13,1.034728e-12
7821,97.7625,2.189599941e-06,1.750114908e-06,nan,nan,nan,nan
7822,97.775,2.189599935e-06,1.750114909e-06,nan,nan,nan,nan
7823,97.7875,2.189599935e-06,1.750114908e-06,nan,nan,nan,nan
7824,97.8,2.189599941e-06,1.750114906e-06,nan,nan,nan,nan
7825,97.8125,2.189599946e-06,1.750114903e-06,nan,nan,nan,nan
7826,97.825,2.189599945e-06,1.750114904e-06,nan,nan,nan,nan
7827,97.8375,2.189599941e-06,1.750114906e-06,nan,nan,nan,nan
7828,97.85,2.189599934e-06,1.750114909e-06,nan,nan,nan,nan
7829,97.8625,2.189599931e-06,1.750114908e-06,nan,nan,nan,nan
7830,97.875,2.189599937e-06,1.750114904e-06,nan,nan,nan,nan
7831,97.8875,2.189599942e-06,1.750114903e-06,nan,nan,nan,nan
7832,97.9,2.189599945e-06,1.750114905e-06,nan,nan,nan,nan
7833,97.9125,2.189599943e-06,1.750114909e-06,nan,nan,nan,nan
7834,97.925,2.189599939e-06,1.750114911e-06,nan,nan,nan,nan
7835,97.9375,2.189599939e-06,1.750114907e-06,nan,nan,nan,nan
7836,97.95,2.189599941e-06,1.750114902e-06,nan,nan,nan,nan
7837,97.9625,2.189599945e-06,1.750114902e-06,nan,nan,nan,nan
7838,97.975,2.189599945e-06,1.750114903e-06,nan,nan,nan,nan
7839,97.9875,2.189599943e-06,1.750114907e-06,nan,nan,nan,nan
7840,98,2.189599941e-06,1.750114907e-06,nan,nan,7.957524e-13,1.032507e-12
7841,98.0125,2.189599939e-06,1.750114904e-06,nan,nan,nan,nan
7842,98.025,2.189599940e-06,1.750114900e-06,nan,nan,nan,nan
7843,98.0375,2.189599941e-06,1.750114900e-06,nan,nan,nan,nan
7844,98.05,2.189599939e-06,1.750114904e-06,nan,nan,nan,nan
7845,98.0625,2.189599940e-06,1.750114908e-06,nan,nan,nan,nan
7846,98.075,2.189599941e-06,1.750114907e-06,nan,nan,nan,nan
7847,98.0875,2.189599944e-06,1.750114903e-06,nan,nan,nan,nan
7848,98.1,2.189599943e-06,1.750114898e-06,nan,nan,nan,nan
7849,98.1125,2.189599941e-06,1.750114899e-06,nan,nan,nan,nan
7850,98.125,2.189599938e-06,1.750114903e-06,nan,nan,nan,nan
7851,98.1375,2.189599937e-06,1.750114907e-06,nan,nan,nan,nan
7852,98.15,2.189599942e-06,1.750114907e-06,nan,nan,nan,nan
7853,98.1625,2.189599945e-06,1.750114904e-06,nan,nan,nan,nan
7854,98.175,2.189599945e-06,1.750114900e-06,nan,nan,nan,nan
7855,98.1875,2.189599940e-06,1.750114901e-06,nan,nan,nan,nan
7856,98.2,2.189599935e-06,1.750114905e-06,nan,nan,nan,nan
7857,98.2125,2.189599934e-06,1.750114905e-06,nan,nan,nan,nan
7858,98.225,2.189599938e-06,1.750114903e-06,nan,nan,nan,nan
7859,98.2375,2.189599946e-06,1.750114900e-06,nan,nan,nan,nan
7860,98.25,2.189599947e-06,1.750114902e-06,nan,nan,7.961687e-13,1.036948e-12
7861,98.2625,2.189599944e-06,1.750114905e-06,nan,nan,nan,nan
7862,98.275,2.189599939e-06,1.750114907e-06,nan,nan,nan,nan
7863,98.2875,2.189599938e-06,1.750114905e-06,nan,nan,nan,nan
7864,98.3,2.189599942e-06,1.750114899e-06,nan,nan,nan,nan
7865,98.3125,2.189599946e-06,1.750114897e-06,nan,nan,nan,nan
7866,98.325,2.189599945e-06,1.750114899e-06,nan,nan,nan,nan
7867,98.3375,2.189599941e-06,1.750114906e-06,nan,nan,nan,nan
7868,98.35,2.189599937e-06,1.750114911e-06,nan,nan,nan,nan
7869,98.3625,2.189599936e-06,1.750114907e-06,nan,nan,nan,nan
7870,98.375,2.189599942e-06,1.750114898e-06,nan,nan,nan,nan
7871,98.3875,2.189599947e-06,1.750114894e-06,nan,nan,nan,nan
7872,98.4,2.189599946e-06,1.750114897e-06,nan,nan,nan,nan
7873,98.4125,2.189599941e-06,1.750114906e-06,nan,nan,nan,nan
7874,98.425,2.189599937e-06,1.750114912e-06,nan,nan,nan,nan
7875,98.4375,2.189599937e-06,1.750114909e-06,nan,nan,nan,nan
7876,98.45,2.189599940e-06,1.750114902e-06,nan,nan,nan,nan
7877,98.4625,2.189599942e-06,1.750114900e-06,nan,nan,nan,nan
7878,98.475,2.189599943e-06,1.750114903e-06,nan,nan,nan,nan
7879,98.4875,2.189599940e-06,1.750114909e-06,nan,nan,nan,nan
7880,98.5,2.189599938e-06,1.750114913e-06,nan,nan,7.976259e-13,1.035838e-12
7881,98.5125,2.189599938e-06,1.750114910e-06,nan,nan,nan,nan
7882,98.525,2.189599940e-06,1.750114904e-06,nan,nan,nan,nan
7883,98.5375,2.189599941e-06,1.750114902e-06,nan,nan,nan,nan
7884,98.55,2.189599940e-06,1.750114905e-06,nan,nan,nan,nan
7885,98.5625,2.189599940e-06,1.750114910e-06,nan,nan,nan,nan
7886,98.575,2.189599941e-06,1.750114911e-06,nan,nan,nan,nan
7887,98.5875,2.189599943e-06,1.750114908e-06,nan,nan,nan,nan
7888,98.6,2.189599943e-06,1.750114903e-06,nan,nan,nan,nan
7889,98.6125,2.189599942e-06,1.750114903e-06,nan,nan,nan,nan
7890,98.625,2.189599939e-06,1.750114907e-06,nan,nan,nan,nan
7891,98.6375,2.189599939e-06,1.750114911e-06,nan,nan,nan,nan
7892,98.65,2.189599941e-06,1.750114911e-06,nan,nan,nan,nan
7893,98.6625,2.189599944e-06,1.750114910e-06,nan,nan,nan,nan
7894,98.675,2.189599941e-06,1.750114905e-06,nan,nan,nan,nan
7895,98.6875,2.189599937e-06,1.750114903e-06,nan,nan,nan,nan
7896,98.7,2.189599934e-06,1.750114904e-06,nan,nan,nan,nan
7897,98.7125,2.189599935e-06,1.750114904e-06,nan,nan,nan,nan
7898,98.725,2.189599941e-06,1.750114906e-06,nan,nan,nan,nan
7899,98.7375,2.189599944e-06,1.750114908e-06,nan,nan,nan,nan
7900,98.75,2.189599944e-06,1.750114909e-06,nan,nan,7.993606e-13,1.036948e-12
7901,98.7625,2.189599940e-06,1.750114911e-06,nan,nan,nan,nan
7902,98.775,2.189599935e-06,1.750114910e-06,nan,nan,nan,nan
7903,98.7875,2.189599936e-06,1.750114906e-06,nan,nan,nan,nan
7904,98.8,2.189599941e-06,1.750114902e-06,nan,nan,nan,nan
7905,98.8125,2.189599946e-06,1.750114903e-06,nan,nan,nan,nan
7906,98.825,2.189599945e-06,1.750114905e-06,nan,nan,nan,nan
7907,98.8375,2.189599941e-06,1.750114910e-06,nan,nan,nan,nan
7908,98.85,2.189599939e-06,1.750114911e-06,nan,nan,nan,nan
7909,98.8625,2.189599940e-06,1.750114906e-06,nan,nan,nan,nan
7910,98.875,2.189599943e-06,1.750114901e-06,nan,nan,nan,nan
7911,98.8875,2.189599945e-06,1.750114902e-06,nan,nan,nan,nan
7912,98.9,2.189599942e-06,1.750114906e-06,nan,nan,nan,nan
7913,98.9125,2.189599940e-06,1.750114909e-06,nan,nan,nan,nan
7914,98.925,2.189599939e-06,1.750114909e-06,nan,nan,nan,nan
7915,98.9375,2.189599940e-06,1.750114904e-06,nan,nan,nan,nan
7916,98.95,2.189599942e-06,1.750114900e-06,nan,nan,nan,nan
7917,98.9625,2.189599942e-06,1.750114901e-06,nan,nan,nan,nan
7918,98.975,2.189599941e-06,1.750114905e-06,nan,nan,nan,nan
7919,98.9875,2.189599939e-06,1.750114909e-06,nan,nan,nan,nan
7920,99,2.189599939e-06,1.750114909e-06,nan,nan,7.958217e-13,1.042499e-12
7921,99.0125,2.189599940e-06,1.750114906e-06,nan,nan,nan,nan
7922,99.025,2.189599940e-06,1.750114904e-06,nan,nan,nan,nan
7923,99.0375,2.189599939e-06,1.750114903e-06,nan,nan,nan,nan
7924,99.05,2.189599939e-06,1.750114907e-06,nan,nan,nan,nan
7925,99.0625,2.189599938e-06,1.750114908e-06,nan,nan,nan,nan
7926,99.075,2.189599942e-06,1.750114908e-06,nan,nan,nan,nan
7927,99.0875,2.189599943e-06,1.750114904e-06,nan,nan,nan,nan
7928,99.1,2.189599942e-06,1.750114902e-06,nan,nan,nan,nan
7929,99.1125,2.189599939e-06,1.750114902e-06,nan,nan,nan,nan
7930,99.125,2.189599937e-06,1.750114903e-06,nan,nan,nan,nan
7931,99.1375,2.189599940e-06,1.750114905e-06,nan,nan,nan,nan
7932,99.15,2.189599946e-06,1.750114903e-06,nan,nan,nan,nan
7933,99.1625,2.189599947e-06,1.750114902e-06,nan,nan,nan,nan
7934,99.175,2.189599943e-06,1.750114904e-06,nan,nan,nan,nan
7935,99.1875,2.189599937e-06,1.750114906e-06,nan,nan,nan,nan
7936,99.2,2.189599933e-06,1.750114903e-06,nan,nan,nan,nan
7937,99.2125,2.189599936e-06,1.750114900e-06,nan,nan,nan,nan
7938,99.225,2.189599943e-06,1.750114898e-06,nan,nan,nan,nan
7939,99.2375,2.189599946e-06,1.750114898e-06,nan,nan,nan,nan
7940,99.25,2.189599944e-06,1.750114902e-06,nan,nan,8.039402e-13,1.032507e-12
7941,99.2625,2.189599938e-06,1.750114906e-06,nan,nan,nan,nan
7942,99.275,2.189599937e-06,1.750114906e-06,nan,nan,nan,nan
7943,99.2875,2.189599938e-06,1.750114903e-06,nan,nan,nan,nan
7944,99.3,2.189599945e-06,1.750114900e-06,nan,nan,nan,nan
7945,99.3125,2.189599947e-06,1.750114901e-06,nan,nan,nan,nan
7946,99.325,2.189599944e-06,1.750114906e-06,nan,nan,nan,nan
7947,99.3375,2.189599939e-06,1.750114911e-06,nan,nan,nan,nan
7948,99.35,2.189599936e-06,1.750114910e-06,nan,nan,nan,nan
7949,99.3625,2.189599940e-06,1.750114905e-06,nan,nan,nan,nan
7950,99.375,2.189599947e-06,1.750114902e-06,nan,nan,nan,nan
7951,99.3875,2.189599949e-06,1.750114902e-06,nan,nan,nan,nan
7952,99.4,2.189599944e-06,1.750114905e-06,nan,nan,nan,nan
7953,99.4125,2.189599939e-06,1.750114908e-06,nan,nan,nan,nan
7954,99.425,2.189599936e-06,1.750114908e-06,nan,nan,nan,nan
7955,99.4375,2.189599938e-06,1.750114905e-06,nan,nan,nan,nan
7956,99.45,2.189599942e-06,1.750114903e-06,nan,nan,nan,nan
7957,99.4625,2.189599944e-06,1.750114904e-06,nan,nan,nan,nan
7958,99.475,2.189599942e-06,1.750114907e-06,nan,nan,nan,nan
7959,99.4875,2.189599941e-06,1.750114910e-06,nan,nan,nan,nan
7960,99.5,2.189599940e-06,1.750114907e-06,nan,nan,7.996381e-13,1.041389e-12
7961,99.5125,2.189599940e-06,1.750114904e-06,nan,nan,nan,nan
7962,99.525,2.189599940e-06,1.750114902e-06,nan,nan,nan,nan
7963,99.5375,2.189599939e-06,1.750114903e-06,nan,nan,nan,nan
7964,99.55,2.189599938e-06,1.750114906e-06,nan,nan,nan,nan
7965,99.5625,2.189599938e-06,1.750114908e-06,nan,nan,nan,nan
7966,99.575,2.189599941e-06,1.750114907e-06,nan,nan,nan,nan
7967,99.5875,2.189599942e-06,1.750114906e-06,nan,nan,nan,nan
7968,99.6,2.189599941e-06,1.750114905e-06,nan,nan,nan,nan
7969,99.6125,2.189599936e-06,1.750114905e-06,nan,nan,nan,nan
7970,99.625,2.189599936e-06,1.750114906e-06,nan,nan,nan,nan
7971,99.6375,2.189599939e-06,1.750114905e-06,nan,nan,nan,nan
7972,99.65,2.189599943e-06,1.750114905e-06,nan,nan,nan,nan
7973,99.6625,2.189599947e-06,1.750114905e-06,nan,nan,nan,nan
7974,99.675,2.189599944e-06,1.750114906e-06,nan,nan,nan,nan
7975,99.6875,2.189599939e-06,1.750114907e-06,nan,nan,nan,nan
7976,99.7,2.189599937e-06,1.750114907e-06,nan,nan,nan,nan
7977,99.7125,2.189599940e-06,1.750114905e-06,nan,nan,nan,nan
7978,99.725,2.189599944e-06,1.750114905e-06,nan,nan,nan,nan
7979,99.7375,2.189599946e-06,1.750114908e-06,nan,nan,nan,nan
7980,99.75,2.189599942e-06,1.750114908e-06,nan,nan,8.172629e-13,1.045830e-12
7981,99.7625,2.189599936e-06,1.750114908e-06,nan,nan,nan,nan
7982,99.775,2.189599934e-06,1.750114906e-06,nan,nan,nan,nan
7983,99.7875,2.189599938e-06,1.750114906e-06,nan,nan,nan,nan
7984,99.8,2.189599943e-06,1.750114906e-06,nan,nan,nan,nan
7985,99.8125,2.189599946e-06,1.750114907e-06,nan,nan,nan,nan
7986,99.825,2.189599943e-06,1.750114909e-06,nan,nan,nan,nan
7987,99.8375,2.189599941e-06,1.750114910e-06,nan,nan,nan,nan
7988,99.85,2.189599939e-06,1.750114908e-06,nan,nan,nan,nan
7989,99.8625,2.189599940e-06,1.750114905e-06,nan,nan,nan,nan
7990,99.875,2.189599942e-06,1.750114904e-06,nan,nan,nan,nan
7991,99.8875,2.189599942e-06,1.750114905e-06,nan,nan,nan,nan
7992,99.9,2.189599939e-06,1.750114906e-06,nan,nan,nan,nan
7993,99.9125,2.189599937e-06,1.750114906e-06,nan,nan,nan,nan
7994,99.925,2.189599939e-06,1.750114905e-06,nan,nan,nan,nan
7995,99.9375,2.189599940e-06,1.750114904e-06,nan,nan,nan,nan
7996,99.95,2.189599941e-06,1.750114903e-06,nan,nan,nan,nan
7997,99.9625,2.189599940e-06,1.750114904e-06,nan,nan,nan,nan
7998,99.975,2.189599939e-06,1.750114905e-06,nan,nan,nan,nan
7999,99.9875,2.189599940e-06,1.750114905e-06,nan,nan,nan,nan
8000,100,2.189599940e-06,1.750114903e-06,nan,nan,8.149037e-13,1.050271e-12
8001,100.0125,2.189599942e-06,1.750114902e-06,nan,nan,nan,nan
8002,100.025,2.189599941e-06,1.750114903e-06,nan,nan,nan,nan
8003,100.0375,2.189599937e-06,1.750114903e-06,nan,nan,nan,nan
8004,100.05,2.189599936e-06,1.750114905e-06,nan,nan,nan,nan
8005,100.0625,2.189599939e-06,1.750114905e-06,nan,nan,nan,nan
8006,100.075,2.189599942e-06,1.750114904e-06,nan,nan,nan,nan
8007,100.0875,2.189599942e-06,1.750114903e-06,nan,nan,nan,nan
8008,100.1,2.189599941e-06,1.750114902e-06,nan,nan,nan,nan
8009,100.1125,2.189599937e-06,1.750114902e-06,nan,nan,nan,nan
8010,100.125,2.189599936e-06,1.750114904e-06,nan,nan,nan,nan
8011,100.1375,2.189599939e-06,1.750114904e-06,nan,nan,nan,nan
8012,100.15,2.189599943e-06,1.750114906e-06,nan,nan,nan,nan
8013,100.1625,2.189599945e-06,1.750114905e-06,nan,nan,nan,nan
8014,100.175,2.189599943e-06,1.750114902e-06,nan,nan,nan,nan
8015,100.1875,2.189599940e-06,1.750114901e-06,nan,nan,nan,nan
8016,100.2,2.189599938e-06,1.750114901e-06,nan,nan,nan,nan
8017,100.2125,2.189599941e-06,1.750114902e-06,nan,nan,nan,nan
8018,100.225,2.189599944e-06,1.750114905e-06,nan,nan,nan,nan
8019,100.2375,2.189599944e-06,1.750114906e-06,nan,nan,nan,nan
8020,100.25,2.189599939e-06,1.750114905e-06,nan,nan,8.254508e-13,1.050271e-12
8021,100.2625,2.189599937e-06,1.750114900e-06,nan,nan,nan,nan
8022,100.275,2.189599934e-06,1.750114899e-06,nan,nan,nan,nan
8023,100.2875,2.189599938e-06,1.750114902e-06,nan,nan,nan,nan
8024,100.3,2.189599944e-06,1.750114907e-06,nan,nan,nan,nan
8025,100.3125,2.189599944e-06,1.750114907e-06,nan,nan,nan,nan
8026,100.325,2.189599940e-06,1.750114906e-06,nan,nan,nan,nan
8027,100.3375,2.189599937e-06,1.750114903e-06,nan,nan,nan,nan
8028,100.35,2.189599936e-06,1.750114902e-06,nan,nan,nan,nan
8029,100.3625,2.189599941e-06,1.750114905e-06,nan,nan,nan,nan
8030,100.375,2.189599943e-06,1.750114911e-06,nan,nan,nan,nan
8031,100.3875,2.189599943e-06,1.750114913e-06,nan,nan,nan,nan
8032,100.4,2.189599943e-06,1.750114910e-06,nan,nan,nan,nan
8033,100.4125,2.189599939e-06,1.750114903e-06,nan,nan,nan,nan
8034,100.425,2.189599940e-06,1.750114898e-06,nan,nan,nan,nan
8035,100.4375,2.189599940e-06,1.750114900e-06,nan,nan,nan,nan
8036,100.45,2.189599941e-06,1.750114905e-06,nan,nan,nan,nan
8037,100.4625,2.189599942e-06,1.750114909e-06,nan,nan,nan,nan
8038,100.475,2.189599942e-06,1.750114909e-06,nan,nan,nan,nan
8039,100.4875,2.189599942e-06,1.750114906e-06,nan,nan,nan,nan
8040,100.5,2.189599942e-06,1.750114903e-06,nan,nan,8.398143e-13,1.058043e-12
8041,100.5125,2.189599944e-06,1.750114902e-06,nan,nan,nan,nan
8042,100.525,2.189599941e-06,1.750114905e-06,nan,nan,nan,nan
8043,100.5375,2.189599939e-06,1.750114908e-06,nan,nan,nan,nan
8044,100.55,2.189599939e-06,1.750114909e-06,nan,nan,nan,nan
8045,100.5625,2.189599940e-06,1.750114907e-06,nan,nan,nan,nan
8046,100.575,2.189599944e-06,1.750114906e-06,nan,nan,nan,nan
8047,100.5875,2.189599944e-06,1.750114904e-06,nan,nan,nan,nan
8048,100.6,2.189599940e-06,1.750114903e-06,nan,nan,nan,nan
8049,100.6125,2.189599935e-06,1.750114905e-06,nan,nan,nan,nan
8050,100.625,2.189599936e-06,1.750114906e-06,nan,nan,nan,nan
8051,100.6375,2.189599939e-06,1.750114907e-06,nan,nan,nan,nan
8052,100.65,2.189599943e-06,1.750114907e-06,nan,nan,nan,nan
8053,100.6625,2.189599945e-06,1.750114907e-06,nan,nan,nan,nan
8054,100.675,2.189599943e-06,1.750114907e-06,nan,nan,nan,nan
8055,100.6875,2.189599938e-06,1.750114906e-06,nan,nan,nan,nan
8056,100.7,2.189599936e-06,1.750114908e-06,nan,nan,nan,nan
8057,100.7125,2.189599939e-06,1.750114910e-06,nan,nan,nan,nan
8058,100.725,2.189599944e-06,1.750114912e-06,nan,nan,nan,nan
8059,100.7375,2.189599946e-06,1.750114910e-06,nan,nan,nan,nan
8060,100.75,2.189599944e-06,1.750114907e-06,nan,nan,8.334999e-13,1.053047e-12
8061,100.7625,2.189599939e-06,1.750114902e-06,nan,nan,nan,nan
8062,100.775,2.189599936e-06,1.750114900e-06,nan,nan,nan,nan
8063,100.7875,2.189599937e-06,1.750114903e-06,nan,nan,nan,nan
8064,100.8,2.189599941e-06,1.750114908e-06,nan,nan,nan,nan
8065,100.8125,2.189599942e-06,1.750114913e-06,nan,nan,nan,nan
8066,100.825,2.189599940e-06,1.750114911e-06,nan,nan,nan,nan
8067,100.8375,2.189599939e-06,1.750114909e-06,nan,nan,nan,nan
8068,100.85,2.189599938e-06,1.750114906e-06,nan,nan,nan,nan
8069,100.8625,2.189599942e-06,1.750114904e-06,nan,nan,nan,nan
8070,100.875,2.189599944e-06,1.750114907e-06,nan,nan,nan,nan
8071,100.8875,2.189599944e-06,1.750114908e-06,nan,nan,nan,nan
8072,100.9,2.189599942e-06,1.750114908e-06,nan,nan,nan,nan
8073,100.9125,2.189599938e-06,1.750114905e-06,nan,nan,nan,nan
8074,100.925,2.189599938e-06,1.750114904e-06,nan,nan,nan,nan
8075,100.9375,2.189599939e-06,1.750114904e-06,nan,nan,nan,nan
8076,100.95,2.189599942e-06,1.750114905e-06,nan,nan,nan,nan
8077,100.9625,2.189599943e-06,1.750114906e-06,nan,nan,nan,nan
8078,100.975,2.189599941e-06,1.750114906e-06,nan,nan,nan,nan
8079,100.9875,2.189599941e-06,1.750114905e-06,nan,nan,nan,nan
8080,101,2.189599942e-06,1.750114905e-06,nan,nan,8.390511e-13,1.054157e-12
8081,101.0125,2.189599942e-06,1.750114905e-06,nan,nan,nan,nan
8082,101.025,2.189599942e-06,1.750114905e-06,nan,nan,nan,nan
8083,101.0375,2.189599941e-06,1.750114905e-06,nan,nan,nan,nan
8084,101.05,2.189599941e-06,1.750114907e-06,nan,nan,nan,nan
8085,101.0625,2.189599942e-06,1.750114907e-06,nan,nan,nan,nan
8086,101.075,2.189599942e-06,1.750114907e-06,nan,nan,nan,nan
8087,101.0875,2.189599945e-06,1.750114906e-06,nan,nan,nan,nan
8088,101.1,2.189599942e-06,1.750114904e-06,nan,nan,nan,nan
8089,101.1125,2.189599940e-06,1.750114904e-06,nan,nan,nan,nan
8090,101.125,2.189599939e-06,1.750114903e-06,nan,nan,nan,nan
8091,101.1375,2.189599941e-06,1.750114904e-06,nan,nan,nan,nan
8092,101.15,2.189599942e-06,1.750114907e-06,nan,nan,nan,nan
8093,101.1625,2.189599944e-06,1.750114904e-06,nan,nan,nan,nan
8094,101.175,2.189599941e-06,1.750114902e-06,nan,nan,nan,nan
8095,101.1875,2.189599940e-06,1.750114901e-06,nan,nan,nan,nan
8096,101.2,2.189599941e-06,1.750114903e-06,nan,nan,nan,nan
8097,101.2125,2.189599943e-06,1.750114904e-06,nan,nan,nan,nan
8098,101.225,2.189599945e-06,1.750114905e-06,nan,nan,nan,nan
8099,101.2375,2.189599946e-06,1.750114904e-06,nan,nan,nan,nan
8100,101.25,2.189599942e-06,1.750114902e-06,nan,nan,8.370388e-13,1.054712e-12
8101,101.2625,2.189599937e-06,1.750114900e-06,nan,nan,nan,nan
8102,101.275,2.189599938e-06,1.750114901e-06,nan,nan,nan,nan
8103,101.2875,2.189599940e-06,1.750114903e-06,nan,nan,nan,nan
8104,101.3,2.189599944e-06,1.750114903e-06,nan,nan,nan,nan
8105,101.3125,2.189599943e-06,1.750114904e-06,nan,nan,nan,nan
8106,101.325,2.189599940e-06,1.750114900e-06,nan,nan,nan,nan
8107,101.3375,2.189599938e-06,1.750114900e-06,nan,nan,nan,nan
8108,101.35,2.189599939e-06,1.750114902e-06,nan,nan,nan,nan
8109,101.3625,2.189599943e-06,1.750114906e-06,nan,nan,nan,nan
8110,101.375,2.189599946e-06,1.750114908e-06,nan,nan,nan,nan
8111,101.3875,2.189599946e-06,1.750114905e-06,nan,nan,nan,nan
8112,101.4,2.189599943e-06,1.750114901e-06,nan,nan,nan,nan
8113,101.4125,2.189599939e-06,1.750114902e-06,nan,nan,nan,nan
8114,101.425,2.189599939e-06,1.750114904e-06,nan,nan,nan,nan
8115,101.4375,2.189599940e-06,1.750114909e-06,nan,nan,nan,nan
8116,101.45,2.189599944e-06,1.750114911e-06,nan,nan,nan,nan
8117,101.4625,2.189599946e-06,1.750114910e-06,nan,nan,nan,nan
8118,101.475,2.189599946e-06,1.750114905e-06,nan,nan,nan,nan
8119,101.4875,2.189599944e-06,1.750114903e-06,nan,nan,nan,nan
8120,101.5,2.189599941e-06,1.750114905e-06,nan,nan,8.421042e-13,1.068035e-12
8121,101.5125,2.189599938e-06,1.750114909e-06,nan,nan,nan,nan
8122,101.525,2.189599938e-06,1.750114914e-06,nan,nan,nan,nan
8123,101.5375,2.189599941e-06,1.750114913e-06,nan,nan,nan,nan
8124,101.55,2.189599944e-06,1.750114909e-06,nan,nan,nan,nan
8125,101.5625,2.189599946e-06,1.750114905e-06,nan,nan,nan,nan
8126,101.575,2.189599944e-06,1.750114903e-06,nan,nan,nan,nan
8127,101.5875,2.189599941e-06,1.750114906e-06,nan,nan,nan,nan
8128,101.6,2.189599937e-06,1.750114909e-06,nan,nan,nan,nan
8129,101.6125,2.189599936e-06,1.750114910e-06,nan,nan,nan,nan
8130,101.625,2.189599941e-06,1.750114908e-06,nan,nan,nan,nan
8131,101.6375,2.189599946e-06,1.750114906e-06,nan,nan,nan,nan
8132,101.65,2.189599945e-06,1.750114904e-06,nan,nan,nan,nan
8133,101.6625,2.189599940e-06,1.750114904e-06,nan,nan,nan,nan
8134,101.675,2.189599935e-06,1.750114906e-06,nan,nan,nan,nan
8135,101.6875,2.189599933e-06,1.750114909e-06,nan,nan,nan,nan
8136,101.7,2.189599939e-06,1.750114911e-06,nan,nan,nan,nan
8137,101.7125,2.189599945e-06,1.750114910e-06,nan,nan,nan,nan
8138,101.725,2.189599946e-06,1.750114908e-06,nan,nan,nan,nan
8139,101.7375,2.189599942e-06,1.750114907e-06,nan,nan,nan,nan
8140,101.75,2.189599936e-06,1.750114906e-06,nan,nan,8.366224e-13,1.074696e-12
8141,101.7625,2.189599934e-06,1.750114908e-06,nan,nan,nan,nan
8142,101.775,2.189599938e-06,1.750114908e-06,nan,nan,nan,nan
8143,101.7875,2.189599945e-06,1.750114908e-06,nan,nan,nan,nan
8144,101.8,2.189599948e-06,1.750114908e-06,nan,nan,nan,nan
8145,101.8125,2.189599946e-06,1.750114907e-06,nan,nan,nan,nan
8146,101.825,2.189599939e-06,1.750114906e-06,nan,nan,nan,nan
8147,101.8375,2.189599935e-06,1.750114906e-06,nan,nan,nan,nan
8148,101.85,2.189599940e-06,1.750114907e-06,nan,nan,nan,nan
8149,101.8625,2.189599944e-06,1.750114908e-06,nan,nan,nan,nan
8150,101.875,2.189599947e-06,1.750114907e-06,nan,nan,nan,nan
8151,101.8875,2.189599945e-06,1.750114906e-06,nan,nan,nan,nan
8152,101.9,2.189599941e-06,1.750114905e-06,nan,nan,nan,nan
8153,101.9125,2.189599939e-06,1.750114905e-06,nan,nan,nan,nan
8154,101.925,2.189599938e-06,1.750114906e-06,nan,nan,nan,nan
8155,101.9375,2.189599941e-06,1.750114908e-06,nan,nan,nan,nan
8156,101.95,2.189599942e-06,1.750114911e-06,nan,nan,nan,nan
8157,101.9625,2.189599942e-06,1.750114907e-06,nan,nan,nan,nan
8158,101.975,2.189599941e-06,1.750114906e-06,nan,nan,nan,nan
8159,101.9875,2.189599940e-06,1.750114903e-06,nan,nan,nan,nan
8160,102,2.189599939e-06,1.750114904e-06,nan,nan,8.366918e-13,1.083578e-12
8161,102.0125,2.189599940e-06,1.750114906e-06,nan,nan,nan,nan
8162,102.025,2.189599938e-06,1.750114910e-06,nan,nan,nan,nan
8163,102.0375,2.189599940e-06,1.750114909e-06,nan,nan,nan,nan
8164,102.05,2.189599943e-06,1.750114906e-06,nan,nan,nan,nan
8165,102.0625,2.189599946e-06,1.750114902e-06,nan,nan,nan,nan
8166,102.075,2.189599948e-06,1.750114900e-06,nan,nan,nan,nan
8167,102.0875,2.189599942e-06,1.750114901e-06,nan,nan,nan,nan
8168,102.1,2.189599937e-06,1.750114906e-06,nan,nan,nan,nan
8169,102.1125,2.189599937e-06,1.750114909e-06,nan,nan,nan,nan
8170,102.125,2.189599940e-06,1.750114909e-06,nan,nan,nan,nan
8171,102.1375,2.189599946e-06,1.750114905e-06,nan,nan,nan,nan
8172,102.15,2.189599947e-06,1.750114899e-06,nan,nan,nan,nan
8173,102.1625,2.189599945e-06,1.750114898e-06,nan,nan,nan,nan
8174,102.175,2.189599939e-06,1.750114901e-06,nan,nan,nan,nan
8175,102.1875,2.189599938e-06,1.750114904e-06,nan,nan,nan,nan
8176,102.2,2.189599939e-06,1.750114906e-06,nan,nan,nan,nan
8177,102.2125,2.189599943e-06,1.750114905e-06,nan,nan,nan,nan
8178,102.225,2.189599945e-06,1.750114901e-06,nan,nan,nan,nan
8179,102.2375,2.189599943e-06,1.750114897e-06,nan,nan,nan,nan
8180,102.25,2.189599939e-06,1.750114896e-06,nan,nan,8.373857e-13,1.083578e-12
8181,102.2625,2.189599938e-06,1.750114902e-06,nan,nan,nan,nan
8182,102.275,2.189599941e-06,1.750114905e-06,nan,nan,nan,nan
8183,102.2875,2.189599946e-06,1.750114908e-06,nan,nan,nan,nan
8184,102.3,2.189599946e-06,1.750114906e-06,nan,nan,nan,nan
8185,102.3125,2.189599945e-06,1.750114903e-06,nan,nan,nan,nan
8186,102.325,2.189599941e-06,1.750114899e-06,nan,nan,nan,nan
8187,102.3375,2.189599940e-06,1.750114899e-06,nan,nan,nan,nan
8188,102.35,2.189599942e-06,1.750114903e-06,nan,nan,nan,nan
8189,102.3625,2.189599945e-06,1.750114907e-06,nan,nan,nan,nan
8190,102.375,2.189599943e-06,1.750114909e-06,nan,nan,nan,nan
8191,102.3875,2.189599941e-06,1.750114907e-06,nan,nan,nan,nan
8192,102.4,2.189599941e-06,1.750114903e-06,nan,nan,nan,nan
8193,102.4125,2.189599942e-06,1.750114902e-06,nan,nan,nan,nan
8194,102.425,2.189599943e-06,1.750114904e-06,nan,nan,nan,nan
8195,102.4375,2.189599943e-06,1.750114908e-06,nan,nan,nan,nan
8196,102.45,2.189599940e-06,1.750114911e-06,nan,nan,nan,nan
8197,102.4625,2.189599941e-06,1.750114911e-06,nan,nan,nan,nan
8198,102.475,2.189599941e-06,1.750114905e-06,nan,nan,nan,nan
8199,102.4875,2.189599942e-06,1.750114904e-06,nan,nan,nan,nan
8200,102.5,2.189599942e-06,1.750114903e-06,nan,nan,8.215650e-13,1.103562e-12
8201,102.5125,2.189599939e-06,1.750114908e-06,nan,nan,nan,nan
8202,102.525,2.189599937e-06,1.750114909e-06,nan,nan,nan,nan
8203,102.5375,2.189599938e-06,1.750114909e-06,nan,nan,nan,nan
8204,102.55,2.189599941e-06,1.750114907e-06,nan,nan,nan,nan
8205,102.5625,2.189599942e-06,1.750114905e-06,nan,nan,nan,nan
8206,102.575,2.189599941e-06,1.750114903e-06,nan,nan,nan,nan
8207,102.5875,2.189599937e-06,1.750114905e-06,nan,nan,nan,nan
8208,102.6,2.189599933e-06,1.750114909e-06,nan,nan,nan,nan
8209,102.6125,2.189599936e-06,1.750114909e-06,nan,nan,nan,nan
8210,102.625,2.189599942e-06,1.750114908e-06,nan,nan,nan,nan
8211,102.6375,2.189599946e-06,1.750114908e-06,nan,nan,nan,nan
8212,102.65,2.189599945e-06,1.750114907e-06,nan,nan,nan,nan
8213,102.6625,2.189599937e-06,1.750114910e-06,nan,nan,nan,nan
8214,102.675,2.189599934e-06,1.750114910e-06,nan,nan,nan,nan
8215,102.6875,2.189599937e-06,1.750114910e-06,nan,nan,nan,nan
8216,102.7,2.189599942e-06,1.750114911e-06,nan,nan,nan,nan
8217,102.7125,2.189599944e-06,1.750114910e-06,nan,nan,nan,nan
8218,102.725,2.189599942e-06,1.750114909e-06,nan,nan,nan,nan
8219,102.7375,2.189599936e-06,1.750114909e-06,nan,nan,nan,nan
8220,102.75,2.189599935e-06,1.750114906e-06,nan,nan,8.268386e-13,1.112443e-12
8221,102.7625,2.189599938e-06,1.750114904e-06,nan,nan,nan,nan
8222,102.775,2.189599944e-06,1.750114905e-06,nan,nan,nan,nan
8223,102.7875,2.189599947e-06,1.750114908e-06,nan,nan,nan,nan
8224,102.8,2.189599945e-06,1.750114910e-06,nan,nan,nan,nan
8225,102.8125,2.189599939e-06,1.750114911e-06,nan,nan,nan,nan
8226,102.825,2.189599936e-06,1.750114908e-06,nan,nan,nan,nan
8227,102.8375,2.189599939e-06,1.750114905e-06,nan,nan,nan,nan
8228,102.85,2.189599944e-06,1.750114902e-06,nan,nan,nan,nan
8229,102.8625,2.189599945e-06,1.750114904e-06,nan,nan,nan,nan
8230,102.875,2.189599941e-06,1.750114906e-06,nan,nan,nan,nan
8231,102.8875,2.189599938e-06,1.750114909e-06,nan,nan,nan,nan
8232,102.9,2.189599937e-06,1.750114907e-06,nan,nan,nan,nan
8233,102.9125,2.189599941e-06,1.750114904e-06,nan,nan,nan,nan
8234,102.925,2.189599946e-06,1.750114902e-06,nan,nan,nan,nan
8235,102.9375,2.189599947e-06,1.750114901e-06,nan,nan,nan,nan
8236,102.95,2.189599942e-06,1.750114901e-06,nan,nan,nan,nan
8237,102.9625,2.189599939e-06,1.750114904e-06,nan,nan,nan,nan
8238,102.975,2.189599937e-06,1.750114905e-06,nan,nan,nan,nan
8239,102.9875,2.189599939e-06,1.750114904e-06,nan,nan,nan,nan
8240,103,2.189599943e-06,1.750114904e-06,nan,nan,8.411327e-13,1.125766e-12
8241,103.0125,2.189599944e-06,1.750114904e-06,nan,nan,nan,nan
8242,103.025,2.189599944e-06,1.750114904e-06,nan,nan,nan,nan
8243,103.0375,2.189599944e-06,1.750114904e-06,nan,nan,nan,nan
8244,103.05,2.189599943e-06,1.750114905e-06,nan,nan,nan,nan
8245,103.0625,2.189599942e-06,1.750114904e-06,nan,nan,nan,nan
8246,103.075,2.189599942e-06,1.750114903e-06,nan,nan,nan,nan
8247,103.0875,2.189599941e-06,1.750114903e-06,nan,nan,nan,nan
8248,103.1,2.189599940e-06,1.750114902e-06,nan,nan,nan,nan
8249,103.1125,2.189599943e-06,1.750114903e-06,nan,nan,nan,nan
8250,103.125,2.189599945e-06,1.750114903e-06,nan,nan,nan,nan
8251,103.1375,2.189599943e-06,1.750114905e-06,nan,nan,nan,nan
8252,103.15,2.189599940e-06,1.750114904e-06,nan,nan,nan,nan
8253,103.1625,2.189599936e-06,1.750114903e-06,nan,nan,nan,nan
8254,103.175,2.189599938e-06,1.750114901e-06,nan,nan,nan,nan
8255,103.1875,2.189599944e-06,1.750114900e-06,nan,nan,nan,nan
8256,103.2,2.189599947e-06,1.750114901e-06,nan,nan,nan,nan
8257,103.2125,2.189599945e-06,1.750114904e-06,nan,nan,nan,nan
8258,103.225,2.189599938e-06,1.750114907e-06,nan,nan,nan,nan
8259,103.2375,2.189599932e-06,1.750114906e-06,nan,nan,nan,nan
8260,103.25,2.189599933e-06,1.750114905e-06,nan,nan,8.415491e-13,1.117995e-12
8261,103.2625,2.189599940e-06,1.750114904e-06,nan,nan,nan,nan
8262,103.275,2.189599946e-06,1.750114905e-06,nan,nan,nan,nan
8263,103.2875,2.189599946e-06,1.750114906e-06,nan,nan,nan,nan
8264,103.3,2.189599942e-06,1.750114905e-06,nan,nan,nan,nan
8265,103.3125,2.189599935e-06,1.750114903e-06,nan,nan,nan,nan
8266,103.325,2.189599934e-06,1.750114902e-06,nan,nan,nan,nan
8267,103.3375,2.189599938e-06,1.750114904e-06,nan,nan,nan,nan
8268,103.35,2.189599944e-06,1.750114906e-06,nan,nan,nan,nan
8269,103.3625,2.189599948e-06,1.750114907e-06,nan,nan,nan,nan
8270,103.375,2.189599945e-06,1.750114906e-06,nan,nan,nan,nan
8271,103.3875,2.189599939e-06,1.750114903e-06,nan,nan,nan,nan
8272,103.4,2.189599938e-06,1.750114901e-06,nan,nan,nan,nan
8273,103.4125,2.189599940e-06,1.750114901e-06,nan,nan,nan,nan
8274,103.425,2.189599944e-06,1.750114906e-06,nan,nan,nan,nan
8275,103.4375,2.189599945e-06,1.750114908e-06,nan,nan,nan,nan
8276,103.45,2.189599944e-06,1.750114908e-06,nan,nan,nan,nan
8277,103.4625,2.189599943e-06,1.750114904e-06,nan,nan,nan,nan
8278,103.475,2.189599940e-06,1.750114902e-06,nan,nan,nan,nan
8279,103.4875,2.189599937e-06,1.750114905e-06,nan,nan,nan,nan
8280,103.5,2.189599937e-06,1.750114908e-06,nan,nan,8.305856e-13,1.123546e-12
8281,103.5125,2.189599939e-06,1.750114911e-06,nan,nan,nan,nan
8282,103.525,2.189599943e-06,1.750114908e-06,nan,nan,nan,nan
8283,103.5375,2.189599945e-06,1.750114903e-06,nan,nan,nan,nan
8284,103.55,2.189599944e-06,1.750114900e-06,nan,nan,nan,nan
8285,103.5625,2.189599940e-06,1.750114902e-06,nan,nan,nan,nan
8286,103.575,2.189599936e-06,1.750114908e-06,nan,nan,nan,nan
8287,103.5875,2.189599935e-06,1.750114912e-06,nan,nan,nan,nan
8288,103.6,2.189599939e-06,1.750114911e-06,nan,nan,nan,nan
8289,103.6125,2.189599945e-06,1.750114907e-06,nan,nan,nan,nan
8290,103.625,2.189599948e-06,1.750114903e-06,nan,nan,nan,nan
8291,103.6375,2.189599945e-06,1.750114902e-06,nan,nan,nan,nan
8292,103.65,2.189599938e-06,1.750114906e-06,nan,nan,nan,nan
8293,103.6625,2.189599933e-06,1.750114909e-06,nan,nan,nan,nan
8294,103.675,2.189599934e-06,1.750114910e-06,nan,nan,nan,nan
8295,103.6875,2.189599942e-06,1.750114909e-06,nan,nan,nan,nan
8296,103.7,2.189599947e-06,1.750114907e-06,nan,nan,nan,nan
8297,103.7125,2.189599945e-06,1.750114907e-06,nan,nan,nan,nan
8298,103.725,2.189599940e-06,1.750114907e-06,nan,nan,nan,nan
8299,103.7375,2.189599935e-06,1.750114907e-06,nan,nan,nan,nan
8300,103.75,2.189599934e-06,1.750114908e-06,nan,nan,8.343326e-13,1.127987e-12
8301,103.7625,2.189599940e-06,1.750114908e-06,nan,nan,nan,nan
8302,103.775,2.189599946e-06,1.750114908e-06,nan,nan,nan,nan
8303,103.7875,2.189599947e-06,1.750114907e-06,nan,nan,nan,nan
8304,103.8,2.189599941e-06,1.750114906e-06,nan,nan,nan,nan
8305,103.8125,2.189599935e-06,1.750114905e-06,nan,nan,nan,nan
8306,103.825,2.189599934e-06,1.750114904e-06,nan,nan,nan,nan
8307,103.8375,2.189599938e-06,1.750114905e-06,nan,nan,nan,nan
8308,103.85,2.189599944e-06,1.750114907e-06,nan,nan,nan,nan
8309,103.8625,2.189599946e-06,1.750114909e-06,nan,nan,nan,nan
8310,103.875,2.189599945e-06,1.750114906e-06,nan,nan,nan,nan
8311,103.8875,2.189599942e-06,1.750114904e-06,nan,nan,nan,nan
8312,103.9,2.189599939e-06,1.750114901e-06,nan,nan,nan,nan
8313,103.9125,2.189599939e-06,1.750114902e-06,nan,nan,nan,nan
8314,103.925,2.189599941e-06,1.750114906e-06,nan,nan,nan,nan
8315,103.9375,2.189599944e-06,1.750114910e-06,nan,nan,nan,nan
8316,103.95,2.189599944e-06,1.750114908e-06,nan,nan,nan,nan
8317,103.9625,2.189599943e-06,1.750114904e-06,nan,nan,nan,nan
8318,103.975,2.189599942e-06,1.750114900e-06,nan,nan,nan,nan
8319,103.9875,2.189599940e-06,1.750114901e-06,nan,nan,nan,nan
8320,104,2.189599941e-06,1.750114904e-06,nan,nan,8.343326e-13,1.127987e-12
8321,104.0125,2.189599943e-06,1.750114907e-06,nan,nan,nan,nan
8322,104.025,2.189599944e-06,1.750114907e-06,nan,nan,nan,nan
8323,104.0375,2.189599943e-06,1.750114905e-06,nan,nan,nan,nan
8324,104.05,2.189599941e-06,1.750114904e-06,nan,nan,nan,nan
8325,104.0625,2.189599938e-06,1.750114903e-06,nan,nan,nan,nan
8326,104.075,2.189599937e-06,1.750114904e-06,nan,nan,nan,nan
8327,104.0875,2.189599940e-06,1.750114906e-06,nan,nan,nan,nan
8328,104.1,2.189599943e-06,1.750114905e-06,nan,nan,nan,nan
8329,104.1125,2.189599945e-06,1.750114904e-06,nan,nan,nan,nan
8330,104.125,2.189599943e-06,1.750114903e-06,nan,nan,nan,nan
8331,104.1375,2.189599939e-06,1.750114901e-06,nan,nan,nan,nan
8332,104.15,2.189599937e-06,1.750114903e-06,nan,nan,nan,nan
8333,104.1625,2.189599939e-06,1.750114905e-06,nan,nan,nan,nan
8334,104.175,2.189599940e-06,1.750114905e-06,nan,nan,nan,nan
8335,104.1875,2.189599943e-06,1.750114904e-06,nan,nan,nan,nan
8336,104.2,2.189599942e-06,1.750114904e-06,nan,nan,nan,nan
8337,104.2125,2.189599941e-06,1.750114903e-06,nan,nan,nan,nan
8338,104.225,2.189599937e-06,1.750114902e-06,nan,nan,nan,nan
8339,104.2375,2.189599938e-06,1.750114900e-06,nan,nan,nan,nan
8340,104.25,2.189599942e-06,1.750114901e-06,nan,nan,8.348877e-13,1.133538e-12
8341,104.2625,2.189599944e-06,1.750114902e-06,nan,nan,nan,nan
8342,104.275,2.189599943e-06,1.750114907e-06,nan,nan,nan,nan
8343,104.2875,2.189599940e-06,1.750114906e-06,nan,nan,nan,nan
8344,104.3,2.189599940e-06,1.750114906e-06,nan,nan,nan,nan
8345,104.3125,2.189599941e-06,1.750114903e-06,nan,nan,nan,nan
8346,104.325,2.189599942e-06,1.750114900e-06,nan,nan,nan,nan
8347,104.3375,2.189599944e-06,1.750114900e-06,nan,nan,nan,nan
8348,104.35,2.189599943e-06,1.750114902e-06,nan,nan,nan,nan
8349,104.3625,2.189599939e-06,1.750114904e-06,nan,nan,nan,nan
8350,104.375,2.189599939e-06,1.750114905e-06,nan,nan,nan,nan
8351,104.3875,2.189599940e-06,1.750114904e-06,nan,nan,nan,nan
8352,104.4,2.189599944e-06,1.750114903e-06,nan,nan,nan,nan
8353,104.4125,2.189599945e-06,1.750114903e-06,nan,nan,nan,nan
8354,104.425,2.189599944e-06,1.750114905e-06,nan,nan,nan,nan
8355,104.4375,2.189599941e-06,1.750114906e-06,nan,nan,nan,nan
8356,104.45,2.189599941e-06,1.750114906e-06,nan,nan,nan,nan
8357,104.4625,2.189599940e-06,1.750114906e-06,nan,nan,nan,nan
8358,104.475,2.189599941e-06,1.750114904e-06,nan,nan,nan,nan
8359,104.4875,2.189599942e-06,1.750114903e-06,nan,nan,nan,nan
8360,104.5,2.189599941e-06,1.750114903e-06,nan,nan,8.260059e-13,1.136868e-12
8361,104.5125,2.189599940e-06,1.750114905e-06,nan,nan,nan,nan
8362,104.525,2.189599941e-06,1.750114908e-06,nan,nan,nan,nan
8363,104.5375,2.189599941e-06,1.750114908e-06,nan,nan,nan,nan
8364,104.55,2.189599941e-06,1.750114908e-06,nan,nan,nan,nan
8365,104.5625,2.189599940e-06,1.750114906e-06,nan,nan,nan,nan
8366,104.575,2.189599940e-06,1.750114906e-06,nan,nan,nan,nan
8367,104.5875,2.189599940e-06,1.750114908e-06,nan,nan,nan,nan
8368,104.6,2.189599941e-06,1.750114911e-06,nan,nan,nan,nan
8369,104.6125,2.189599942e-06,1.750114911e-06,nan,nan,nan,nan
8370,104.625,2.189599940e-06,1.750114909e-06,nan,nan,nan,nan
8371,104.6375,2.189599938e-06,1.750114905e-06,nan,nan,nan,nan
8372,104.65,2.189599936e-06,1.750114903e-06,nan,nan,nan,nan
8373,104.6625,2.189599938e-06,1.750114906e-06,nan,nan,nan,nan
8374,104.675,2.189599942e-06,1.750114908e-06,nan,nan,nan,nan
8375,104.6875,2.189599943e-06,1.750114911e-06,nan,nan,nan,nan
8376,104.7,2.189599942e-06,1.750114911e-06,nan,nan,nan,nan
8377,104.7125,2.189599938e-06,1.750114907e-06,nan,nan,nan,nan
8378,104.725,2.189599936e-06,1.750114903e-06,nan,nan,nan,nan
8379,104.7375,2.189599936e-06,1.750114902e-06,nan,nan,nan,nan
8380,104.75,2.189599939e-06,1.750114905e-06,nan,nan,8.323897e-13,1.139644e-12
8381,104.7625,2.189599944e-06,1.750114908e-06,nan,nan,nan,nan
8382,104.775,2.189599943e-06,1.750114910e-06,nan,nan,nan,nan
8383,104.7875,2.189599940e-06,1.750114908e-06,nan,nan,nan,nan
8384,104.8,2.189599938e-06,1.750114905e-06,nan,nan,nan,nan
8385,104.8125,2.189599941e-06,1.750114903e-06,nan,nan,nan,nan
8386,104.825,2.189599941e-06,1.750114905e-06,nan,nan,nan,nan
8387,104.8375,2.189599943e-06,1.750114907e-06,nan,nan,nan,nan
8388,104.85,2.189599943e-06,1.750114908e-06,nan,nan,nan,nan
8389,104.8625,2.189599940e-06,1.750114906e-06,nan,nan,nan,nan
8390,104.875,2.189599937e-06,1.750114903e-06,nan,nan,nan,nan
8391,104.8875,2.189599937e-06,1.750114903e-06,nan,nan,nan,nan
8392,104.9,2.189599940e-06,1.750114905e-06,nan,nan,nan,nan
8393,104.9125,2.189599943e-06,1.750114906e-06,nan,nan,nan,nan
8394,104.925,2.189599945e-06,1.750114906e-06,nan,nan,nan,nan
8395,104.9375,2.189599943e-06,1.750114905e-06,nan,nan,nan,nan
8396,104.95,2.189599940e-06,1.750114904e-06,nan,nan,nan,nan
8397,104.9625,2.189599939e-06,1.750114905e-06,nan,nan,nan,nan
8398,104.975,2.189599938e-06,1.750114907e-06,nan,nan,nan,nan
8399,104.9875,2.189599942e-06,1.750114907e-06,nan,nan,nan,nan
8400,105,2.189599945e-06,1.750114903e-06,nan,nan,8.266998e-13,1.136868e-12
8401,105.0125,2.189599944e-06,1.750114901e-06,nan,nan,nan,nan
8402,105.025,2.189599943e-06,1.750114900e-06,nan,nan,nan,nan
8403,105.0375,2.189599940e-06,1.750114903e-06,nan,nan,nan,nan
8404,105.05,2.189599936e-06,1.750114906e-06,nan,nan,nan,nan
8405,105.0625,2.189599935e-06,1.750114906e-06,nan,nan,nan,nan
8406,105.075,2.189599937e-06,1.750114907e-06,nan,nan,nan,nan
8407,105.0875,2.189599940e-06,1.750114903e-06,nan,nan,nan,nan
8408,105.1,2.189599943e-06,1.750114902e-06,nan,nan,nan,nan
8409,105.1125,2.189599943e-06,1.750114902e-06,nan,nan,nan,nan
8410,105.125,2.189599939e-06,1.750114902e-06,nan,nan,nan,nan
8411,105.1375,2.189599937e-06,1.750114903e-06,nan,nan,nan,nan
8412,105.15,2.189599936e-06,1.750114902e-06,nan,nan,nan,nan
8413,105.1625,2.189599938e-06,1.750114902e-06,nan,nan,nan,nan
8414,105.175,2.189599943e-06,1.750114903e-06,nan,nan,nan,nan
8415,105.1875,2.189599946e-06,1.750114904e-06,nan,nan,nan,nan
8416,105.2,2.189599943e-06,1.750114906e-06,nan,nan,nan,nan
8417,105.2125,2.189599939e-06,1.750114905e-06,nan,nan,nan,nan
8418,105.225,2.189599934e-06,1.750114904e-06,nan,nan,nan,nan
8419,105.2375,2.189599934e-06,1.750114903e-06,nan,nan,nan,nan
8420,105.25,2.189599941e-06,1.750114904e-06,nan,nan,8.245488e-13,1.151856e-12
8421,105.2625,2.189599945e-06,1.750114905e-06,nan,nan,nan,nan
8422,105.275,2.189599945e-06,1.750114908e-06,nan,nan,nan,nan
8423,105.2875,2.189599939e-06,1.750114907e-06,nan,nan,nan,nan
8424,105.3,2.189599933e-06,1.750114903e-06,nan,nan,nan,nan
8425,105.3125,2.189599934e-06,1.750114901e-06,nan,nan,nan,nan
8426,105.325,2.189599940e-06,1.750114900e-06,nan,nan,nan,nan
8427,105.3375,2.189599948e-06,1.750114901e-06,nan,nan,nan,nan
8428,105.35,2.189599948e-06,1.750114904e-06,nan,nan,nan,nan
8429,105.3625,2.189599942e-06,1.750114904e-06,nan,nan,nan,nan
8430,105.375,2.189599935e-06,1.750114905e-06,nan,nan,nan,nan
8431,105.3875,2.189599934e-06,1.750114903e-06,nan,nan,nan,nan
8432,105.4,2.189599938e-06,1.750114904e-06,nan,nan,nan,nan
8433,105.4125,2.189599944e-06,1.750114903e-06,nan,nan,nan,nan
8434,105.425,2.189599947e-06,1.750114905e-06,nan,nan,nan,nan
8435,105.4375,2.189599945e-06,1.750114905e-06,nan,nan,nan,nan
8436,105.45,2.189599940e-06,1.750114907e-06,nan,nan,nan,nan
8437,105.4625,2.189599937e-06,1.750114908e-06,nan,nan,nan,nan
8438,105.475,2.189599939e-06,1.750114909e-06,nan,nan,nan,nan
8439,105.4875,2.189599942e-06,1.750114909e-06,nan,nan,nan,nan
8440,105.5,2.189599944e-06,1.750114908e-06,nan,nan,8.323897e-13,1.159073e-12
8441,105.5125,2.189599941e-06,1.750114907e-06,nan,nan,nan,nan
8442,105.525,2.189599940e-06,1.750114907e-06,nan,nan,nan,nan
8443,105.5375,2.189599939e-06,1.750114907e-06,nan,nan,nan,nan
8444,105.55,2.189599941e-06,1.750114909e-06,nan,nan,nan,nan
8445,105.5625,2.189599942e-06,1.750114910e-06,nan,nan,nan,nan
8446,105.575,2.189599942e-06,1.750114910e-06,nan,nan,nan,nan
8447,105.5875,2.189599942e-06,1.750114908e-06,nan,nan,nan,nan
8448,105.6,2.189599942e-06,1.750114906e-06,nan,nan,nan,nan
8449,105.6125,2.189599942e-06,1.750114905e-06,nan,nan,nan,nan
8450,105.625,2.189599941e-06,1.750114906e-06,nan,nan,nan,nan
8451,105.6375,2.189599938e-06,1.750114908e-06,nan,nan,nan,nan
8452,105.65,2.189599934e-06,1.750114911e-06,nan,nan,nan,nan
8453,105.6625,2.189599935e-06,1.750114913e-06,nan,nan,nan,nan
8454,105.675,2.189599939e-06,1.750114910e-06,nan,nan,nan,nan
8455,105.6875,2.189599945e-06,1.750114908e-06,nan,nan,nan,nan
8456,105.7,2.189599945e-06,1.750114906e-06,nan,nan,nan,nan
8457,105.7125,2.189599940e-06,1.750114905e-06,nan,nan,nan,nan
8458,105.725,2.189599935e-06,1.750114908e-06,nan,nan,nan,nan
8459,105.7375,2.189599932e-06,1.750114909e-06,nan,nan,nan,nan
8460,105.75,2.189599934e-06,1.750114910e-06,nan,nan,8.296142e-13,1.172951e-12
8461,105.7625,2.189599943e-06,1.750114908e-06,nan,nan,nan,nan
8462,105.775,2.189599948e-06,1.750114907e-06,nan,nan,nan,nan
8463,105.7875,2.189599946e-06,1.750114905e-06,nan,nan,nan,nan
8464,105.8,2.189599939e-06,1.750114907e-06,nan,nan,nan,nan
8465,105.8125,2.189599935e-06,1.750114909e-06,nan,nan,nan,nan
8466,105.825,2.189599937e-06,1.750114911e-06,nan,nan,nan,nan
8467,105.8375,2.189599944e-06,1.750114911e-06,nan,nan,nan,nan
8468,105.85,2.189599949e-06,1.750114906e-06,nan,nan,nan,nan
8469,105.8625,2.189599947e-06,1.750114904e-06,nan,nan,nan,nan
8470,105.875,2.189599942e-06,1.750114904e-06,nan,nan,nan,nan
8471,105.8875,2.189599937e-06,1.750114908e-06,nan,nan,nan,nan
8472,105.9,2.189599937e-06,1.750114913e-06,nan,nan,nan,nan
8473,105.9125,2.189599943e-06,1.750114914e-06,nan,nan,nan,nan
8474,105.925,2.189599947e-06,1.750114910e-06,nan,nan,nan,nan
8475,105.9375,2.189599948e-06,1.750114903e-06,nan,nan,nan,nan
8476,105.95,2.189599944e-06,1.750114898e-06,nan,nan,nan,nan
8477,105.9625,2.189599940e-06,1.750114898e-06,nan,nan,nan,nan
8478,105.975,2.189599940e-06,1.750114903e-06,nan,nan,nan,nan
8479,105.9875,2.189599941e-06,1.750114909e-06,nan,nan,nan,nan
8480,106,2.189599943e-06,1.750114911e-06,nan,nan,8.310019e-13,1.179057e-12
8481,106.0125,2.189599944e-06,1.750114908e-06,nan,nan,nan,nan
8482,106.025,2.189599943e-06,1.750114902e-06,nan,nan,nan,nan
8483,106.0375,2.189599943e-06,1.750114898e-06,nan,nan,nan,nan
8484,106.05,2.189599942e-06,1.750114902e-06,nan,nan,nan,nan
8485,106.0625,2.189599942e-06,1.750114909e-06,nan,nan,nan,nan
8486,106.075,2.189599942e-06,1.750114912e-06,nan,nan,nan,nan
8487,106.0875,2.189599942e-06,1.750114910e-06,nan,nan,nan,nan
8488,106.1,2.189599942e-06,1.750114903e-06,nan,nan,nan,nan
8489,106.1125,2.189599942e-06,1.750114896e-06,nan,nan,nan,nan
8490,106.125,2.189599941e-06,1.750114898e-06,nan,nan,nan,nan
8491,106.1375,2.189599939e-06,1.750114901e-06,nan,nan,nan,nan
8492,106.15,2.189599938e-06,1.750114909e-06,nan,nan,nan,nan
8493,106.1625,2.189599941e-06,1.750114910e-06,nan,nan,nan,nan
8494,106.175,2.189599946e-06,1.750114907e-06,nan,nan,nan,nan
8495,106.1875,2.189599948e-06,1.750114901e-06,nan,nan,nan,nan
8496,106.2,2.189599946e-06,1.750114898e-06,nan,nan,nan,nan
8497,106.2125,2.189599941e-06,1.750114900e-06,nan,nan,nan,nan
8498,106.225,2.189599936e-06,1.750114905e-06,nan,nan,nan,nan
8499,106.2375,2.189599937e-06,1.750114908e-06,nan,nan,nan,nan
8500,106.25,2.189599944e-06,1.750114908e-06,nan,nan,8.342632e-13,1.175726e-12
8501,106.2625,2.189599950e-06,1.750114906e-06,nan,nan,nan,nan
8502,106.275,2.189599951e-06,1.750114904e-06,nan,nan,nan,nan
8503,106.2875,2.189599944e-06,1.750114905e-06,nan,nan,nan,nan
8504,106.3,2.189599937e-06,1.750114905e-06,nan,nan,nan,nan
8505,106.3125,2.189599935e-06,1.750114905e-06,nan,nan,nan,nan
8506,106.325,2.189599940e-06,1.750114906e-06,nan,nan,nan,nan
8507,106.3375,2.189599945e-06,1.750114907e-06,nan,nan,nan,nan
8508,106.35,2.189599945e-06,1.750114906e-06,nan,nan,nan,nan
8509,106.3625,2.189599942e-06,1.750114906e-06,nan,nan,nan,nan
8510,106.375,2.189599937e-06,1.750114906e-06,nan,nan,nan,nan
8511,106.3875,2.189599936e-06,1.750114905e-06,nan,nan,nan,nan
8512,106.4,2.189599940e-06,1.750114908e-06,nan,nan,nan,nan
8513,106.4125,2.189599945e-06,1.750114911e-06,nan,nan,nan,nan
8514,106.425,2.189599947e-06,1.750114911e-06,nan,nan,nan,nan
8515,106.4375,2.189599944e-06,1.750114909e-06,nan,nan,nan,nan
8516,106.45,2.189599943e-06,1.750114906e-06,nan,nan,nan,nan
8517,106.4625,2.189599942e-06,1.750114902e-06,nan,nan,nan,nan
8518,106.475,2.189599942e-06,1.750114903e-06,nan,nan,nan,nan
8519,106.4875,2.189599941e-06,1.750114908e-06,nan,nan,nan,nan
8520,106.5,2.189599939e-06,1.750114912e-06,nan,nan,8.329448e-13,1.170175e-12
8521,106.5125,2.189599939e-06,1.750114913e-06,nan,nan,nan,nan
8522,106.525,2.189599940e-06,1.750114907e-06,nan,nan,nan,nan
8523,106.5375,2.189599945e-06,1.750114902e-06,nan,nan,nan,nan
8524,106.55,2.189599948e-06,1.750114903e-06,nan,nan,nan,nan
8525,106.5625,2.189599946e-06,1.750114907e-06,nan,nan,nan,nan
8526,106.575,2.189599941e-06,1.750114912e-06,nan,nan,nan,nan
8527,106.5875,2.189599939e-06,1.750114913e-06,nan,nan,nan,nan
8528,106.6,2.189599941e-06,1.750114909e-06,nan,nan,nan,nan
8529,106.6125,2.189599946e-06,1.750114904e-06,nan,nan,nan,nan
8530,106.625,2.189599947e-06,1.750114903e-06,nan,nan,nan,nan
8531,106.6375,2.189599946e-06,1.750114907e-06,nan,nan,nan,nan
8532,106.65,2.189599942e-06,1.750114911e-06,nan,nan,nan,nan
8533,106.6625,2.189599939e-06,1.750114911e-06,nan,nan,nan,nan
8534,106.675,2.189599940e-06,1.750114908e-06,nan,nan,nan,nan
8535,106.6875,2.189599944e-06,1.750114903e-06,nan,nan,nan,nan
8536,106.7,2.189599947e-06,1.750114903e-06,nan,nan,nan,nan
8537,106.7125,2.189599945e-06,1.750114904e-06,nan,nan,nan,nan
8538,106.725,2.189599941e-06,1.750114909e-06,nan,nan,nan,nan
8539,106.7375,2.189599938e-06,1.750114911e-06,nan,nan,nan,nan
8540,106.75,2.189599938e-06,1.750114910e-06,nan,nan,8.346102e-13,1.176836e-12
8541,106.7625,2.189599941e-06,1.750114909e-06,nan,nan,nan,nan
8542,106.775,2.189599943e-06,1.750114908e-06,nan,nan,nan,nan
8543,106.7875,2.189599944e-06,1.750114906e-06,nan,nan,nan,nan
8544,106.8,2.189599946e-06,1.750114905e-06,nan,nan,nan,nan
8545,106.8125,2.189599943e-06,1.750114905e-06,nan,nan,nan,nan
8546,106.825,2.189599945e-06,1.750114905e-06,nan,nan,nan,nan
8547,106.8375,2.189599942e-06,1.750114907e-06,nan,nan,nan,nan
8548,106.85,2.189599938e-06,1.750114910e-06,nan,nan,nan,nan
8549,106.8625,2.189599937e-06,1.750114909e-06,nan,nan,nan,nan
8550,106.875,2.189599939e-06,1.750114908e-06,nan,nan,nan,nan
8551,106.8875,2.189599943e-06,1.750114906e-06,nan,nan,nan,nan
8552,106.9,2.189599946e-06,1.750114906e-06,nan,nan,nan,nan
8553,106.9125,2.189599945e-06,1.750114908e-06,nan,nan,nan,nan
8554,106.925,2.189599942e-06,1.750114911e-06,nan,nan,nan,nan
8555,106.9375,2.189599937e-06,1.750114910e-06,nan,nan,nan,nan
8556,106.95,2.189599939e-06,1.750114906e-06,nan,nan,nan,nan
8557,106.9625,2.189599943e-06,1.750114902e-06,nan,nan,nan,nan
8558,106.975,2.189599946e-06,1.750114902e-06,nan,nan,nan,nan
8559,106.9875,2.189599947e-06,1.750114902e-06,nan,nan,nan,nan
8560,107,2.189599944e-06,1.750114905e-06,nan,nan,8.346102e-13,1.181277e-12
8561,107.0125,2.189599940e-06,1.750114906e-06,nan,nan,nan,nan
8562,107.025,2.189599940e-06,1.750114904e-06,nan,nan,nan,nan
8563,107.0375,2.189599940e-06,1.750114904e-06,nan,nan,nan,nan
8564,107.05,2.189599942e-06,1.750114902e-06,nan,nan,nan,nan
8565,107.0625,2.189599942e-06,1.750114905e-06,nan,nan,nan,nan
8566,107.075,2.189599941e-06,1.750114905e-06,nan,nan,nan,nan
8567,107.0875,2.189599941e-06,1.750114904e-06,nan,nan,nan,nan
8568,107.1,2.189599942e-06,1.750114902e-06,nan,nan,nan,nan
8569,107.1125,2.189599944e-06,1.750114899e-06,nan,nan,nan,nan
8570,107.125,2.189599943e-06,1.750114899e-06,nan,nan,nan,nan
8571,107.1375,2.189599943e-06,1.750114900e-06,nan,nan,nan,nan
8572,107.15,2.189599940e-06,1.750114903e-06,nan,nan,nan,nan
8573,107.1625,2.189599943e-06,1.750114904e-06,nan,nan,nan,nan
8574,107.175,2.189599945e-06,1.750114904e-06,nan,nan,nan,nan
8575,107.1875,2.189599944e-06,1.750114902e-06,nan,nan,nan,nan
8576,107.2,2.189599941e-06,1.750114902e-06,nan,nan,nan,nan
8577,107.2125,2.189599939e-06,1.750114901e-06,nan,nan,nan,nan
8578,107.225,2.189599941e-06,1.750114899e-06,nan,nan,nan,nan
8579,107.2375,2.189599945e-06,1.750114898e-06,nan,nan,nan,nan
8580,107.25,2.189599950e-06,1.750114899e-06,nan,nan,8.457818e-13,1.176281e-12
8581,107.2625,2.189599948e-06,1.750114900e-06,nan,nan,nan,nan
8582,107.275,2.189599943e-06,1.750114902e-06,nan,nan,nan,nan
8583,107.2875,2.189599937e-06,1.750114902e-06,nan,nan,nan,nan
8584,107.3,2.189599939e-06,1.750114902e-06,nan,nan,nan,nan
8585,107.3125,2.189599942e-06,1.750114902e-06,nan,nan,nan,nan
8586,107.325,2.189599947e-06,1.750114904e-06,nan,nan,nan,nan
8587,107.3375,2.189599946e-06,1.750114905e-06,nan,nan,nan,nan
8588,107.35,2.189599938e-06,1.750114908e-06,nan,nan,nan,nan
8589,107.3625,2.189599933e-06,1.750114907e-06,nan,nan,nan,nan
8590,107.375,2.189599934e-06,1.750114906e-06,nan,nan,nan,nan
8591,107.3875,2.189599940e-06,1.750114906e-06,nan,nan,nan,nan
8592,107.4,2.189599946e-06,1.750114906e-06,nan,nan,nan,nan
8593,107.4125,2.189599945e-06,1.750114907e-06,nan,nan,nan,nan
8594,107.425,2.189599940e-06,1.750114907e-06,nan,nan,nan,nan
8595,107.4375,2.189599935e-06,1.750114908e-06,nan,nan,nan,nan
8596,107.45,2.189599935e-06,1.750114908e-06,nan,nan,nan,nan
8597,107.4625,2.189599939e-06,1.750114909e-06,nan,nan,nan,nan
8598,107.475,2.189599941e-06,1.750114908e-06,nan,nan,nan,nan
8599,107.4875,2.189599942e-06,1.750114907e-06,nan,nan,nan,nan
8600,107.5,2.189599939e-06,1.750114905e-06,nan,nan,8.586187e-13,1.179057e-12
8601,107.5125,2.189599936e-06,1.750114905e-06,nan,nan,nan,nan
8602,107.525,2.189599937e-06,1.750114907e-06,nan,nan,nan,nan
8603,107.5375,2.189599939e-06,1.750114909e-06,nan,nan,nan,nan
8604,107.55,2.189599940e-06,1.750114910e-06,nan,nan,nan,nan
8605,107.5625,2.189599941e-06,1.750114908e-06,nan,nan,nan,nan
8606,107.575,2.189599939e-06,1.750114905e-06,nan,nan,nan,nan
8607,107.5875,2.189599940e-06,1.750114904e-06,nan,nan,nan,nan
8608,107.6,2.189599940e-06,1.750114905e-06,nan,nan,nan,nan
8609,107.6125,2.189599939e-06,1.750114909e-06,nan,nan,nan,nan
8610,107.625,2.189599937e-06,1.750114912e-06,nan,nan,nan,nan
8611,107.6375,2.189599935e-06,1.750114911e-06,nan,nan,nan,nan
8612,107.65,2.189599938e-06,1.750114907e-06,nan,nan,nan,nan
8613,107.6625,2.189599943e-06,1.750114904e-06,nan,nan,nan,nan
8614,107.675,2.189599947e-06,1.750114906e-06,nan,nan,nan,nan
8615,107.6875,2.189599944e-06,1.750114907e-06,nan,nan,nan,nan
8616,107.7,2.189599938e-06,1.750114906e-06,nan,nan,nan,nan
8617,107.7125,2.189599934e-06,1.750114905e-06,nan,nan,nan,nan
8618,107.725,2.189599938e-06,1.750114902e-06,nan,nan,nan,nan
8619,107.7375,2.189599947e-06,1.750114901e-06,nan,nan,nan,nan
8620,107.75,2.189599954e-06,1.750114903e-06,nan,nan,8.562595e-13,1.171285e-12
8621,107.7625,2.189599950e-06,1.750114906e-06,nan,nan,nan,nan
8622,107.775,2.189599942e-06,1.750114907e-06,nan,nan,nan,nan
8623,107.7875,2.189599934e-06,1.750114907e-06,nan,nan,nan,nan
8624,107.8,2.189599935e-06,1.750114905e-06,nan,nan,nan,nan
8625,107.8125,2.189599942e-06,1.750114905e-06,nan,nan,nan,nan
8626,107.825,2.189599950e-06,1.750114906e-06,nan,nan,nan,nan
8627,107.8375,2.189599949e-06,1.750114905e-06,nan,nan,nan,nan
8628,107.85,2.189599942e-06,1.750114904e-06,nan,nan,nan,nan
8629,107.8625,2.189599935e-06,1.750114905e-06,nan,nan,nan,nan
8630,107.875,2.189599934e-06,1.750114907e-06,nan,nan,nan,nan
8631,107.8875,2.189599938e-06,1.750114909e-06,nan,nan,nan,nan
8632,107.9,2.189599945e-06,1.750114911e-06,nan,nan,nan,nan
8633,107.9125,2.189599947e-06,1.750114907e-06,nan,nan,nan,nan
8634,107.925,2.189599941e-06,1.750114903e-06,nan,nan,nan,nan
8635,107.9375,2.189599936e-06,1.750114902e-06,nan,nan,nan,nan
8636,107.95,2.189599936e-06,1.750114905e-06,nan,nan,nan,nan
8637,107.9625,2.189599938e-06,1.750114910e-06,nan,nan,nan,nan
8638,107.975,2.189599942e-06,1.750114913e-06,nan,nan,nan,nan
8639,107.9875,2.189599944e-06,1.750114910e-06,nan,nan,nan,nan
8640,108,2.189599941e-06,1.750114903e-06,nan,nan,8.464063e-13,1.179057e-12
8641,108.0125,2.189599939e-06,1.750114900e-06,nan,nan,nan,nan
8642,108.025,2.189599938e-06,1.750114902e-06,nan,nan,nan,nan
8643,108.0375,2.189599939e-06,1.750114907e-06,nan,nan,nan,nan
8644,108.05,2.189599939e-06,1.750114911e-06,nan,nan,nan,nan
8645,108.0625,2.189599938e-06,1.750114909e-06,nan,nan,nan,nan
8646,108.075,2.189599936e-06,1.750114903e-06,nan,nan,nan,nan
8647,108.0875,2.189599937e-06,1.750114896e-06,nan,nan,nan,nan
8648,108.1,2.189599939e-06,1.750114897e-06,nan,nan,nan,nan
8649,108.1125,2.189599939e-06,1.750114901e-06,nan,nan,nan,nan
8650,108.125,2.189599938e-06,1.750114906e-06,nan,nan,nan,nan
8651,108.1375,2.189599935e-06,1.750114905e-06,nan,nan,nan,nan
8652,108.15,2.189599938e-06,1.750114903e-06,nan,nan,nan,nan
8653,108.1625,2.189599944e-06,1.750114901e-06,nan,nan,nan,nan
8654,108.175,2.189599951e-06,1.750114900e-06,nan,nan,nan,nan
8655,108.1875,2.189599951e-06,1.750114901e-06,nan,nan,nan,nan
8656,108.2,2.189599943e-06,1.750114902e-06,nan,nan,nan,nan
8657,108.2125,2.189599934e-06,1.750114903e-06,nan,nan,nan,nan
8658,108.225,2.189599934e-06,1.750114904e-06,nan,nan,nan,nan
8659,108.2375,2.189599943e-06,1.750114905e-06,nan,nan,nan,nan
8660,108.25,2.189599952e-06,1.750114904e-06,nan,nan,8.384959e-13,1.167955e-12
8661,108.2625,2.189599953e-06,1.750114903e-06,nan,nan,nan,nan
8662,108.275,2.189599945e-06,1.750114899e-06,nan,nan,nan,nan
8663,108.2875,2.189599938e-06,1.750114898e-06,nan,nan,nan,nan
8664,108.3,2.189599934e-06,1.750114900e-06,nan,nan,nan,nan
8665,108.3125,2.189599939e-06,1.750114905e-06,nan,nan,nan,nan
8666,108.325,2.189599945e-06,1.750114905e-06,nan,nan,nan,nan
8667,108.3375,2.189599948e-06,1.750114903e-06,nan,nan,nan,nan
8668,108.35,2.189599945e-06,1.750114899e-06,nan,nan,nan,nan
8669,108.3625,2.189599940e-06,1.750114899e-06,nan,nan,nan,nan
8670,108.375,2.189599936e-06,1.750114902e-06,nan,nan,nan,nan
8671,108.3875,2.189599939e-06,1.750114908e-06,nan,nan,nan,nan
8672,108.4,2.189599942e-06,1.750114908e-06,nan,nan,nan,nan
8673,108.4125,2.189599943e-06,1.750114903e-06,nan,nan,nan,nan
8674,108.425,2.189599940e-06,1.750114896e-06,nan,nan,nan,nan
8675,108.4375,2.189599936e-06,1.750114897e-06,nan,nan,nan,nan
8676,108.45,2.189599935e-06,1.750114903e-06,nan,nan,nan,nan
8677,108.4625,2.189599937e-06,1.750114912e-06,nan,nan,nan,nan
8678,108.475,2.189599938e-06,1.750114914e-06,nan,nan,nan,nan
8679,108.4875,2.189599939e-06,1.750114908e-06,nan,nan,nan,nan
8680,108.5,2.189599939e-06,1.750114900e-06,nan,nan,8.347489e-13,1.165734e-12
8681,108.5125,2.189599938e-06,1.750114899e-06,nan,nan,nan,nan
8682,108.525,2.189599938e-06,1.750114903e-06,nan,nan,nan,nan
8683,108.5375,2.189599940e-06,1.750114911e-06,nan,nan,nan,nan
8684,108.55,2.189599940e-06,1.750114914e-06,nan,nan,nan,nan
8685,108.5625,2.189599940e-06,1.750114911e-06,nan,nan,nan,nan
8686,108.575,2.189599939e-06,1.750114902e-06,nan,nan,nan,nan
8687,108.5875,2.189599941e-06,1.750114899e-06,nan,nan,nan,nan
8688,108.6,2.189599943e-06,1.750114902e-06,nan,nan,nan,nan
8689,108.6125,2.189599943e-06,1.750114906e-06,nan,nan,nan,nan
8690,108.625,2.189599940e-06,1.750114911e-06,nan,nan,nan,nan
8691,108.6375,2.189599936e-06,1.750114911e-06,nan,nan,nan,nan
8692,108.65,2.189599935e-06,1.750114909e-06,nan,nan,nan,nan
8693,108.6625,2.189599940e-06,1.750114907e-06,nan,nan,nan,nan
8694,108.675,2.189599943e-06,1.750114905e-06,nan,nan,nan,nan
8695,108.6875,2.189599942e-06,1.750114905e-06,nan,nan,nan,nan
8696,108.7,2.189599940e-06,1.750114905e-06,nan,nan,nan,nan
8697,108.7125,2.189599936e-06,1.750114907e-06,nan,nan,nan,nan
8698,108.725,2.189599936e-06,1.750114910e-06,nan,nan,nan,nan
8699,108.7375,2.189599940e-06,1.750114912e-06,nan,nan,nan,nan
8700,108.75,2.189599943e-06,1.750114911e-06,nan,nan,8.434226e-13,1.156852e-12
8701,108.7625,2.189599943e-06,1.750114906e-06,nan,nan,nan,nan
8702,108.775,2.189599939e-06,1.750114900e-06,nan,nan,nan,nan
8703,108.7875,2.189599936e-06,1.750114899e-06,nan,nan,nan,nan
8704,108.8,2.189599936e-06,1.750114904e-06,nan,nan,nan,nan
8705,108.8125,2.189599938e-06,1.750114910e-06,nan,nan,nan,nan
8706,108.825,2.189599942e-06,1.750114912e-06,nan,nan,nan,nan
8707,108.8375,2.189599942e-06,1.750114907e-06,nan,nan,nan,nan
8708,108.85,2.189599942e-06,1.750114899e-06,nan,nan,nan,nan
8709,108.8625,2.189599940e-06,1.750114896e-06,nan,nan,nan,nan
8710,108.875,2.189599940e-06,1.750114901e-06,nan,nan,nan,nan
8711,108.8875,2.189599940e-06,1.750114908e-06,nan,nan,nan,nan
8712,108.9,2.189599940e-06,1.750114913e-06,nan,nan,nan,nan
8713,108.9125,2.189599940e-06,1.750114912e-06,nan,nan,nan,nan
8714,108.925,2.189599939e-06,1.750114904e-06,nan,nan,nan,nan
8715,108.9375,2.189599938e-06,1.750114900e-06,nan,nan,nan,nan
8716,108.95,2.189599939e-06,1.750114899e-06,nan,nan,nan,nan
8717,108.9625,2.189599940e-06,1.750114902e-06,nan,nan,nan,nan
8718,108.975,2.189599939e-06,1.750114906e-06,nan,nan,nan,nan
8719,108.9875,2.189599939e-06,1.750114909e-06,nan,nan,nan,nan
8720,109,2.189599939e-06,1.750114907e-06,nan,nan,8.443246e-13,1.150191e-12
8721,109.0125,2.189599941e-06,1.750114904e-06,nan,nan,nan,nan
8722,109.025,2.189599944e-06,1.750114901e-06,nan,nan,nan,nan
8723,109.0375,2.189599942e-06,1.750114899e-06,nan,nan,nan,nan
8724,109.05,2.189599939e-06,1.750114900e-06,nan,nan,nan,nan
8725,109.0625,2.189599936e-06,1.750114904e-06,nan,nan,nan,nan
8726,109.075,2.189599936e-06,1.750114906e-06,nan,nan,nan,nan
8727,109.0875,2.189599940e-06,1.750114907e-06,nan,nan,nan,nan
8728,109.1,2.189599944e-06,1.750114905e-06,nan,nan,nan,nan
8729,109.1125,2.189599943e-06,1.750114901e-06,nan,nan,nan,nan
8730,109.125,2.189599940e-06,1.750114899e-06,nan,nan,nan,nan
8731,109.1375,2.189599936e-06,1.750114901e-06,nan,nan,nan,nan
8732,109.15,2.189599935e-06,1.750114904e-06,nan,nan,nan,nan
8733,109.1625,2.189599939e-06,1.750114907e-06,nan,nan,nan,nan
8734,109.175,2.189599943e-06,1.750114905e-06,nan,nan,nan,nan
8735,109.1875,2.189599944e-06,1.750114901e-06,nan,nan,nan,nan
8736,109.2,2.189599940e-06,1.750114898e-06,nan,nan,nan,nan
8737,109.2125,2.189599936e-06,1.750114900e-06,nan,nan,nan,nan
8738,109.225,2.189599935e-06,1.750114904e-06,nan,nan,nan,nan
8739,109.2375,2.189599938e-06,1.750114909e-06,nan,nan,nan,nan
8740,109.25,2.189599942e-06,1.750114908e-06,nan,nan,8.554962e-13,1.154632e-12
8741,109.2625,2.189599943e-06,1.750114904e-06,nan,nan,nan,nan
8742,109.275,2.189599943e-06,1.750114902e-06,nan,nan,nan,nan
8743,109.2875,2.189599942e-06,1.750114902e-06,nan,nan,nan,nan
8744,109.3,2.189599939e-06,1.750114905e-06,nan,nan,nan,nan
8745,109.3125,2.189599939e-06,1.750114907e-06,nan,nan,nan,nan
8746,109.325,2.189599940e-06,1.750114906e-06,nan,nan,nan,nan
8747,109.3375,2.189599942e-06,1.750114904e-06,nan,nan,nan,nan
8748,109.35,2.189599942e-06,1.750114905e-06,nan,nan,nan,nan
8749,109.3625,2.189599945e-06,1.750114907e-06,nan,nan,nan,nan
8750,109.375,2.189599943e-06,1.750114908e-06,nan,nan,nan,nan
8751,109.3875,2.189599941e-06,1.750114906e-06,nan,nan,nan,nan
8752,109.4,2.189599937e-06,1.750114902e-06,nan,nan,nan,nan
8753,109.4125,2.189599936e-06,1.750114901e-06,nan,nan,nan,nan
8754,109.425,2.189599938e-06,1.750114905e-06,nan,nan,nan,nan
8755,109.4375,2.189599941e-06,1.750114911e-06,nan,nan,nan,nan
8756,109.45,2.189599944e-06,1.750114911e-06,nan,nan,nan,nan
8757,109.4625,2.189599945e-06,1.750114906e-06,nan,nan,nan,nan
8758,109.475,2.189599942e-06,1.750114897e-06,nan,nan,nan,nan
8759,109.4875,2.189599939e-06,1.750114895e-06,nan,nan,nan,nan
8760,109.5,2.189599937e-06,1.750114902e-06,nan,nan,8.437695e-13,1.153522e-12
8761,109.5125,2.189599939e-06,1.750114912e-06,nan,nan,nan,nan
8762,109.525,2.189599942e-06,1.750114917e-06,nan,nan,nan,nan
8763,109.5375,2.189599943e-06,1.750114913e-06,nan,nan,nan,nan
8764,109.55,2.189599942e-06,1.750114904e-06,nan,nan,nan,nan
8765,109.5625,2.189599939e-06,1.750114900e-06,nan,nan,nan,nan
8766,109.575,2.189599939e-06,1.750114903e-06,nan,nan,nan,nan
8767,109.5875,2.189599938e-06,1.750114912e-06,nan,nan,nan,nan
8768,109.6,2.189599940e-06,1.750114917e-06,nan,nan,nan,nan
8769,109.6125,2.189599941e-06,1.750114913e-06,nan,nan,nan,nan
8770,109.625,2.189599942e-06,1.750114906e-06,nan,nan,nan,nan
8771,109.6375,2.189599943e-06,1.750114901e-06,nan,nan,nan,nan
8772,109.65,2.189599944e-06,1.750114902e-06,nan,nan,nan,nan
8773,109.6625,2.189599941e-06,1.750114908e-06,nan,nan,nan,nan
8774,109.675,2.189599938e-06,1.750114913e-06,nan,nan,nan,nan
8775,109.6875,2.189599937e-06,1.750114913e-06,nan,nan,nan,nan
8776,109.7,2.189599938e-06,1.750114912e-06,nan,nan,nan,nan
8777,109.7125,2.189599945e-06,1.750114909e-06,nan,nan,nan,nan
8778,109.725,2.189599948e-06,1.750114908e-06,nan,nan,nan,nan
8779,109.7375,2.189599947e-06,1.750114906e-06,nan,nan,nan,nan
8780,109.75,2.189599940e-06,1.750114905e-06,nan,nan,8.527901e-13,1.167955e-12
8781,109.7625,2.189599935e-06,1.750114904e-06,nan,nan,nan,nan
8782,109.775,2.189599934e-06,1.750114907e-06,nan,nan,nan,nan
8783,109.7875,2.189599939e-06,1.750114910e-06,nan,nan,nan,nan
8784,109.8,2.189599946e-06,1.750114912e-06,nan,nan,nan,nan
8785,109.8125,2.189599946e-06,1.750114908e-06,nan,nan,nan,nan
8786,109.825,2.189599942e-06,1.750114903e-06,nan,nan,nan,nan
8787,109.8375,2.189599936e-06,1.750114901e-06,nan,nan,nan,nan
8788,109.85,2.189599934e-06,1.750114904e-06,nan,nan,nan,nan
8789,109.8625,2.189599938e-06,1.750114910e-06,nan,nan,nan,nan
8790,109.875,2.189599946e-06,1.750114912e-06,nan,nan,nan,nan
8791,109.8875,2.189599948e-06,1.750114909e-06,nan,nan,nan,nan
8792,109.9,2.189599947e-06,1.750114903e-06,nan,nan,nan,nan
8793,109.9125,2.189599941e-06,1.750114899e-06,nan,nan,nan,nan
8794,109.925,2.189599940e-06,1.750114905e-06,nan,nan,nan,nan
8795,109.9375,2.189599942e-06,1.750114913e-06,nan,nan,nan,nan
8796,109.95,2.189599945e-06,1.750114916e-06,nan,nan,nan,nan
8797,109.9625,2.189599946e-06,1.750114910e-06,nan,nan,nan,nan
8798,109.975,2.189599945e-06,1.750114899e-06,nan,nan,nan,nan
8799,109.9875,2.189599943e-06,1.750114893e-06,nan,nan,nan,nan
8800,110,2.189599941e-06,1.750114898e-06,nan,nan,8.462675e-13,1.166844e-12
