n,t,maxE_SF,maxH_SF,W_total,W_phys,divE_TF,divH_TF
1,0.025,0.000000000e+00,0.000000000e+00,nan,nan,nan,nan
2,0.05,0.000000000e+00,0.000000000e+00,nan,nan,nan,nan
3,0.075,0.000000000e+00,0.000000000e+00,nan,nan,nan,nan
4,0.1,0.000000000e+00,0.000000000e+00,nan,nan,nan,nan
5,0.125,0.000000000e+00,0.000000000e+00,nan,nan,nan,nan
6,0.15,0.000000000e+00,0.000000000e+00,nan,nan,nan,nan
7,0.175,0.000000000e+00,0.000000000e+00,nan,nan,nan,nan
8,0.2,0.000000000e+00,0.000000000e+00,nan,nan,nan,nan
9,0.225,0.000000000e+00,0.000000000e+00,nan,nan,nan,nan
10,0.25,0.000000000e+00,0.000000000e+00,nan,nan,nan,nan
11,0.275,0.000000000e+00,0.000000000e+00,nan,nan,nan,nan
12,0.3,0.000000000e+00,0.000000000e+00,nan,nan,nan,nan
13,0.325,0.000000000e+00,0.000000000e+00,nan,nan,nan,nan
14,0.35,0.000000000e+00,0.000000000e+00,nan,nan,nan,nan
15,0.375,0.000000000e+00,0.000000000e+00,nan,nan,nan,nan
16,0.4,0.000000000e+00,0.000000000e+00,nan,nan,nan,nan
17,0.425,0.000000000e+00,0.000000000e+00,nan,nan,nan,nan
18,0.45,0.000000000e+00,0.000000000e+00,nan,nan,nan,nan
19,0.475,0.000000000e+00,0.000000000e+00,nan,nan,nan,nan
20,0.5,0.000000000e+00,0.000000000e+00,nan,nan,nan,nan
21,0.525,0.000000000e+00,0.000000000e+00,nan,nan,nan,nan
22,0.55,0.000000000e+00,0.000000000e+00,nan,nan,nan,nan
23,0.575,0.000000000e+00,0.000000000e+00,nan,nan,nan,nan
24,0.6,0.000000000e+00,0.000000000e+00,nan,nan,nan,nan
25,0.625,0.000000000e+00,0.000000000e+00,nan,nan,nan,nan
26,0.65,0.000000000e+00,0.000000000e+00,nan,nan,nan,nan
27,0.675,0.000000000e+00,0.000000000e+00,nan,nan,nan,nan
28,0.7,0.000000000e+00,0.000000000e+00,nan,nan,nan,nan
29,0.725,0.000000000e+00,0.000000000e+00,nan,nan,nan,nan
30,0.75,0.000000000e+00,0.000000000e+00,nan,nan,nan,nan
31,0.775,0.000000000e+00,0.000000000e+00,nan,nan,nan,nan
32,0.8,0.000000000e+00,0.000000000e+00,nan,nan,nan,nan
33,0.825,0.000000000e+00,0.000000000e+00,nan,nan,nan,nan
34,0.85,0.000000000e+00,0.000000000e+00,nan,nan,nan,nan
35,0.875,0.000000000e+00,0.000000000e+00,nan,nan,nan,nan
36,0.9,0.000000000e+00,0.000000000e+00,nan,nan,nan,nan
37,0.925,0.000000000e+00,0.000000000e+00,nan,nan,nan,nan
38,0.95,0.000000000e+00,0.000000000e+00,nan,nan,nan,nan
39,0.975,0.000000000e+00,0.000000000e+00,nan,nan,nan,nan
40,1,0.000000000e+00,0.000000000e+00,nan,nan,nan,nan
41,1.025,0.000000000e+00,0.000000000e+00,nan,nan,nan,nan
42,1.05,0.000000000e+00,0.000000000e+00,nan,nan,nan,nan
43,1.075,6.681911775e-52,1.336382355e-51,nan,nan,nan,nan
44,1.1,4.276423536e-50,8.552847072e-50,nan,nan,nan,nan
45,1.125,3.382691735e-49,6.842277658e-49,nan,nan,nan,nan
46,1.15,5.639214451e-48,1.094764425e-47,nan,nan,nan,nan
47,1.175,9.019693700e-47,1.751623080e-46,nan,nan,nan,nan
48,1.2,7.550630841e-46,1.401298464e-45,nan,nan,nan,nan
49,1.225,1.120088433e-44,2.242077543e-44,nan,nan,nan,nan
50,1.25,4.875702462e-44,8.968310172e-44,nan,nan,nan,nan
51,1.275,3.789030043e-43,7.174648137e-43,nan,nan,nan,nan
52,1.3,5.754028064e-42,1.147943702e-41,nan,nan,nan,nan
53,1.325,1.399318492e-41,2.295887404e-41,nan,nan,nan,nan
54,1.35,9.653746651e-41,1.836709923e-40,nan,nan,nan,nan
55,1.375,7.315716413e-40,1.469367939e-39,nan,nan,nan,nan
56,1.4,1.698450278e-39,2.938735877e-39,nan,nan,nan,nan
57,1.425,6.317136265e-39,1.175494351e-38,nan,nan,nan,nan
58,1.45,2.587140285e-38,4.701977403e-38,nan,nan,nan,nan
59,1.475,9.778119975e-38,1.880790961e-37,nan,nan,nan,nan
60,1.5,7.166218393e-37,1.504632769e-36,nan,nan,nan,nan
61,1.525,1.689966709e-36,3.009265538e-36,nan,nan,nan,nan
62,1.55,3.080671255e-36,6.018531076e-36,nan,nan,nan,nan
63,1.575,1.169239853e-35,2.407412430e-35,nan,nan,nan,nan
64,1.6,4.609704336e-35,9.629649722e-35,nan,nan,nan,nan
65,1.625,1.103383865e-34,2.407412430e-34,nan,nan,nan,nan
66,1.65,2.220973713e-34,5.777789833e-34,nan,nan,nan,nan
67,1.675,9.193282122e-34,1.540743956e-33,nan,nan,nan,nan
68,1.7,2.941447813e-33,6.162975822e-33,nan,nan,nan,nan
69,1.725,7.432127212e-33,1.540743956e-32,nan,nan,nan,nan
70,1.75,1.613698841e-32,2.465190329e-32,nan,nan,nan,nan
71,1.775,2.152564306e-32,4.930380658e-32,nan,nan,nan,nan
72,1.8,5.576333567e-32,1.232595164e-31,nan,nan,nan,nan
73,1.825,1.033713861e-31,1.972152263e-31,nan,nan,nan,nan
74,1.85,1.396422500e-31,3.944304526e-31,nan,nan,nan,nan
75,1.875,2.952411696e-31,7.888609052e-31,nan,nan,nan,nan
76,1.9,6.201534608e-31,1.380506584e-30,nan,nan,nan,nan
77,1.925,8.620513427e-31,2.366582716e-30,nan,nan,nan,nan
78,1.95,1.022825959e-30,3.549874073e-30,nan,nan,nan,nan
79,1.975,1.142328013e-30,3.944304526e-30,nan,nan,nan,nan
80,2,2.732412259e-30,8.677469957e-30,nan,nan,nan,nan
81,2.025,2.734341149e-30,9.466330863e-30,nan,nan,nan,nan
82,2.05,2.713525002e-30,1.341063539e-29,nan,nan,nan,nan
83,2.075,2.888839236e-30,1.834101605e-29,nan,nan,nan,nan
84,2.1,4.129589640e-30,2.366582716e-29,nan,nan,nan,nan
85,2.125,4.886072564e-30,2.524354897e-29,nan,nan,nan,nan
86,2.15,1.340765161e-29,3.155443621e-29,nan,nan,nan,nan
87,2.175,1.289811862e-29,2.524354897e-29,nan,nan,nan,nan
88,2.2,1.827124426e-29,2.524354897e-29,nan,nan,nan,nan
89,2.225,1.722296601e-29,4.417621069e-29,nan,nan,nan,nan
90,2.25,3.016164073e-29,7.573064690e-29,nan,nan,nan,nan
91,2.275,3.269779487e-29,8.835242138e-29,nan,nan,nan,nan
92,2.3,3.615038009e-29,8.835242138e-29,nan,nan,nan,nan
93,2.325,2.553950318e-29,1.072850831e-28,nan,nan,nan,nan
94,2.35,3.033366017e-29,1.262177448e-28,nan,nan,nan,nan
95,2.375,4.282848085e-29,1.514612938e-28,nan,nan,nan,nan
96,2.4,3.872971012e-29,1.514612938e-28,nan,nan,nan,nan
97,2.425,4.470790827e-29,1.514612938e-28,nan,nan,nan,nan
98,2.45,4.121506455e-29,1.262177448e-28,nan,nan,nan,nan
99,2.475,6.309883486e-29,1.514612938e-28,nan,nan,nan,nan
100,2.5,7.728511059e-29,1.893266173e-28,nan,nan,nan,nan
101,2.525,4.808311982e-29,1.893266173e-28,nan,nan,nan,nan
102,2.55,5.789413914e-29,1.514612938e-28,nan,nan,nan,nan
103,2.575,6.899795710e-29,1.388395193e-28,nan,nan,nan,nan
104,2.6,8.222921917e-29,1.325286321e-28,nan,nan,nan,nan
105,2.625,5.598215012e-29,1.451504066e-28,nan,nan,nan,nan
106,2.65,5.976380929e-29,1.767048428e-28,nan,nan,nan,nan
107,2.675,5.858484075e-29,2.145701662e-28,nan,nan,nan,nan
108,2.7,6.454996738e-29,2.524354897e-28,nan,nan,nan,nan
109,2.725,1.215104732e-28,2.776790386e-28,nan,nan,nan,nan
110,2.75,1.664086800e-28,3.029225876e-28,nan,nan,nan,nan
111,2.775,1.131212676e-28,3.029225876e-28,nan,nan,nan,nan
112,2.8,1.244272615e-28,2.776790386e-28,nan,nan,nan,nan
113,2.825,1.196333812e-28,2.776790386e-28,nan,nan,nan,nan
114,2.85,1.167202757e-28,2.271919407e-28,nan,nan,nan,nan
115,2.875,1.277767725e-28,3.029225876e-28,nan,nan,nan,nan
116,2.9,1.426758251e-28,3.029225876e-28,nan,nan,nan,nan
117,2.925,1.136168455e-28,2.776790386e-28,nan,nan,nan,nan
118,2.95,1.219861090e-28,2.776790386e-28,nan,nan,nan,nan
119,2.975,9.866463596e-29,3.281661366e-28,nan,nan,nan,nan
120,3,1.356004789e-28,4.038967835e-28,nan,nan,nan,nan
121,3.025,1.200050459e-28,3.534096855e-28,nan,nan,nan,nan
122,3.05,1.464101202e-28,3.281661366e-28,nan,nan,nan,nan
123,3.075,1.804605067e-28,4.038967835e-28,nan,nan,nan,nan
124,3.1,1.371228246e-28,5.048709793e-28,nan,nan,nan,nan
125,3.125,1.846435416e-28,5.553580773e-28,nan,nan,nan,nan
126,3.15,1.845863636e-28,6.563322731e-28,nan,nan,nan,nan
127,3.175,1.875624572e-28,6.563322731e-28,nan,nan,nan,nan
128,3.2,1.467670461e-28,7.068193711e-28,nan,nan,nan,nan
129,3.225,1.767220730e-28,8.077935669e-28,nan,nan,nan,nan
130,3.25,1.838501806e-28,8.582806649e-28,nan,nan,nan,nan
131,3.275,1.856695410e-28,7.573064690e-28,nan,nan,nan,nan
132,3.3,1.538195076e-28,7.068193711e-28,nan,nan,nan,nan
133,3.325,1.368208587e-28,7.068193711e-28,nan,nan,nan,nan
134,3.35,1.725006984e-28,7.068193711e-28,nan,nan,nan,nan
135,3.375,1.568932047e-28,7.573064690e-28,nan,nan,nan,nan
136,3.4,2.080461264e-28,8.077935669e-28,nan,nan,nan,nan
137,3.425,2.091815982e-28,8.077935669e-28,nan,nan,nan,nan
138,3.45,2.632503663e-28,8.077935669e-28,nan,nan,nan,nan
139,3.475,2.832691328e-28,1.110716155e-27,nan,nan,nan,nan
140,3.5,2.771748830e-28,1.211690350e-27,nan,nan,nan,nan
141,3.525,2.948837123e-28,1.363151644e-27,nan,nan,nan,nan
142,3.55,4.319303656e-28,1.413638742e-27,nan,nan,nan,nan
143,3.575,3.212214453e-28,1.514612938e-27,nan,nan,nan,nan
144,3.6,3.680313546e-28,1.817535526e-27,nan,nan,nan,nan
145,3.625,4.149661710e-28,2.019483917e-27,nan,nan,nan,nan
146,3.65,4.820650247e-28,2.221432309e-27,nan,nan,nan,nan
147,3.675,5.960697984e-28,2.423380701e-27,nan,nan,nan,nan
148,3.7,4.433221074e-28,2.221432309e-27,nan,nan,nan,nan
149,3.725,5.384881126e-28,2.019483917e-27,nan,nan,nan,nan
150,3.75,5.516778499e-28,2.423380701e-27,nan,nan,nan,nan
151,3.775,6.138053882e-28,3.029225876e-27,nan,nan,nan,nan
152,3.8,6.883136123e-28,2.625329093e-27,nan,nan,nan,nan
153,3.825,7.678462330e-28,2.423380701e-27,nan,nan,nan,nan
154,3.85,5.698335040e-28,2.019483917e-27,nan,nan,nan,nan
155,3.875,7.102435304e-28,2.221432309e-27,nan,nan,nan,nan
156,3.9,6.295246810e-28,2.423380701e-27,nan,nan,nan,nan
157,3.925,7.776982772e-28,3.029225876e-27,nan,nan,nan,nan
158,3.95,7.362312190e-28,2.827277484e-27,nan,nan,nan,nan
159,3.975,8.387446813e-28,2.423380701e-27,nan,nan,nan,nan
160,4,7.704698997e-28,2.625329093e-27,nan,nan,nan,nan
161,4.025,8.830689392e-28,3.736045247e-27,nan,nan,nan,nan
162,4.05,1.444971008e-27,4.442864618e-27,nan,nan,nan,nan
163,4.075,1.315063108e-27,5.250658185e-27,nan,nan,nan,nan
164,4.1,1.191471758e-27,6.058451752e-27,nan,nan,nan,nan
165,4.125,9.295283170e-28,6.866245319e-27,nan,nan,nan,nan
166,4.15,1.382249474e-27,6.462348536e-27,nan,nan,nan,nan
167,4.175,2.186014813e-27,7.270142103e-27,nan,nan,nan,nan
168,4.2,1.781719110e-27,8.077935669e-27,nan,nan,nan,nan
169,4.225,1.490215543e-27,8.481832453e-27,nan,nan,nan,nan
170,4.25,1.856950777e-27,8.481832453e-27,nan,nan,nan,nan
171,4.275,1.475553851e-27,7.270142103e-27,nan,nan,nan,nan
172,4.3,1.495462071e-27,6.462348536e-27,nan,nan,nan,nan
173,4.325,1.714858881e-27,7.674038886e-27,nan,nan,nan,nan
174,4.35,1.922683530e-27,8.077935669e-27,nan,nan,nan,nan
175,4.375,2.444112377e-27,8.885729236e-27,nan,nan,nan,nan
176,4.4,2.282849231e-27,9.693522803e-27,nan,nan,nan,nan
177,4.425,2.490963642e-27,9.693522803e-27,nan,nan,nan,nan
178,4.45,2.671809374e-27,8.885729236e-27,nan,nan,nan,nan
179,4.475,3.161157601e-27,8.077935669e-27,nan,nan,nan,nan
180,4.5,3.147125955e-27,9.693522803e-27,nan,nan,nan,nan
181,4.525,2.971576266e-27,1.130910994e-26,nan,nan,nan,nan
182,4.55,2.837515944e-27,1.373249064e-26,nan,nan,nan,nan
183,4.575,2.554915456e-27,1.615587134e-26,nan,nan,nan,nan
184,4.6,3.419053796e-27,1.777145847e-26,nan,nan,nan,nan
185,4.625,2.958012913e-27,2.100263274e-26,nan,nan,nan,nan
186,4.65,3.230038472e-27,2.423380701e-26,nan,nan,nan,nan
187,4.675,4.467442062e-27,2.423380701e-26,nan,nan,nan,nan
188,4.7,5.017245271e-27,2.261821987e-26,nan,nan,nan,nan
189,4.725,5.989395041e-27,2.261821987e-26,nan,nan,nan,nan
190,4.75,4.404061898e-27,2.423380701e-26,nan,nan,nan,nan
191,4.775,4.830609625e-27,2.261821987e-26,nan,nan,nan,nan
192,4.8,5.138506367e-27,2.100263274e-26,nan,nan,nan,nan
193,4.825,5.682517375e-27,2.423380701e-26,nan,nan,nan,nan
194,4.85,5.325377146e-27,2.746498128e-26,nan,nan,nan,nan
195,4.875,4.675455035e-27,2.746498128e-26,nan,nan,nan,nan
196,4.9,7.555428484e-27,2.261821987e-26,nan,nan,nan,nan
197,4.925,7.592763902e-27,2.261821987e-26,nan,nan,nan,nan
198,4.95,6.038341020e-27,2.584939414e-26,nan,nan,nan,nan
199,4.975,7.898232147e-27,2.908056841e-26,nan,nan,nan,nan
200,5,9.579331609e-27,3.392732981e-26,nan,nan,nan,nan
201,5.025,1.710688611e-26,4.523643975e-26,nan,nan,nan,nan
202,5.05,1.441532703e-26,4.523643975e-26,nan,nan,nan,nan
203,5.075,1.603912946e-26,4.523643975e-26,nan,nan,nan,nan
204,5.1,1.290459220e-26,5.816113682e-26,nan,nan,nan,nan
205,5.125,1.233569463e-26,6.462348536e-26,nan,nan,nan,nan
206,5.15,9.465828046e-27,7.431700816e-26,nan,nan,nan,nan
207,5.175,1.498629533e-26,8.401053096e-26,nan,nan,nan,nan
208,5.2,1.052576117e-26,7.754818243e-26,nan,nan,nan,nan
209,5.225,1.345302431e-26,7.754818243e-26,nan,nan,nan,nan
210,5.25,1.363892788e-26,6.462348536e-26,nan,nan,nan,nan
211,5.275,2.131539103e-26,6.462348536e-26,nan,nan,nan,nan
212,5.3,2.426225747e-26,6.139231109e-26,nan,nan,nan,nan
213,5.325,1.599948920e-26,5.169878828e-26,nan,nan,nan,nan
214,5.35,1.882208419e-26,6.462348536e-26,nan,nan,nan,nan
215,5.375,2.389663429e-26,8.401053096e-26,nan,nan,nan,nan
216,5.4,1.916847718e-26,9.693522803e-26,nan,nan,nan,nan
217,5.425,2.165843397e-26,9.047287950e-26,nan,nan,nan,nan
218,5.45,1.861322622e-26,6.462348536e-26,nan,nan,nan,nan
219,5.475,2.318524706e-26,8.401053096e-26,nan,nan,nan,nan
220,5.5,2.203184664e-26,1.098599251e-25,nan,nan,nan,nan
221,5.525,2.382612886e-26,1.163222736e-25,nan,nan,nan,nan
222,5.55,3.033021430e-26,1.421716678e-25,nan,nan,nan,nan
223,5.575,2.443901455e-26,1.550963649e-25,nan,nan,nan,nan
224,5.6,2.725439375e-26,1.680210619e-25,nan,nan,nan,nan
225,5.625,2.699040872e-26,1.680210619e-25,nan,nan,nan,nan
226,5.65,3.470090201e-26,1.809457590e-25,nan,nan,nan,nan
227,5.675,4.550892889e-26,1.938704561e-25,nan,nan,nan,nan
228,5.7,4.180217037e-26,2.197198502e-25,nan,nan,nan,nan
229,5.725,4.488399660e-26,2.197198502e-25,nan,nan,nan,nan
230,5.75,3.015648507e-26,1.809457590e-25,nan,nan,nan,nan
231,5.775,4.253567361e-26,1.550963649e-25,nan,nan,nan,nan
232,5.8,4.360540016e-26,1.938704561e-25,nan,nan,nan,nan
233,5.825,5.094579532e-26,2.197198502e-25,nan,nan,nan,nan
234,5.85,3.848720862e-26,2.326445473e-25,nan,nan,nan,nan
235,5.875,4.755228797e-26,2.067951531e-25,nan,nan,nan,nan
236,5.9,5.953364643e-26,1.809457590e-25,nan,nan,nan,nan
237,5.925,6.393895189e-26,2.067951531e-25,nan,nan,nan,nan
238,5.95,8.542225883e-26,2.197198502e-25,nan,nan,nan,nan
239,5.975,1.129891613e-25,2.843433356e-25,nan,nan,nan,nan
240,6,8.813789905e-26,3.360421238e-25,nan,nan,nan,nan
241,6.025,8.863214814e-26,4.135903063e-25,nan,nan,nan,nan
242,6.05,8.663418447e-26,4.135903063e-25,nan,nan,nan,nan
243,6.075,8.527008358e-26,5.428372770e-25,nan,nan,nan,nan
244,6.1,9.512150136e-26,5.945360653e-25,nan,nan,nan,nan
245,6.125,9.384022764e-26,5.945360653e-25,nan,nan,nan,nan
246,6.15,1.604886690e-25,6.203854594e-25,nan,nan,nan,nan
247,6.175,1.678744173e-25,6.203854594e-25,nan,nan,nan,nan
248,6.2,1.433936805e-25,5.169878828e-25,nan,nan,nan,nan
249,6.225,1.317058688e-25,6.203854594e-25,nan,nan,nan,nan
250,6.25,1.681715961e-25,5.686866711e-25,nan,nan,nan,nan
251,6.275,1.586680233e-25,6.203854594e-25,nan,nan,nan,nan
252,6.3,1.628489332e-25,6.203854594e-25,nan,nan,nan,nan
253,6.325,1.709152410e-25,6.203854594e-25,nan,nan,nan,nan
254,6.35,1.737411931e-25,6.203854594e-25,nan,nan,nan,nan
255,6.375,1.481418625e-25,7.237830360e-25,nan,nan,nan,nan
256,6.4,2.455107501e-25,7.754818243e-25,nan,nan,nan,nan
257,6.425,2.058290593e-25,7.237830360e-25,nan,nan,nan,nan
258,6.45,2.749632864e-25,5.686866711e-25,nan,nan,nan,nan
259,6.475,2.344949957e-25,7.237830360e-25,nan,nan,nan,nan
260,6.5,2.244734969e-25,9.822769774e-25,nan,nan,nan,nan
261,6.525,2.065391117e-25,1.137373342e-24,nan,nan,nan,nan
262,6.55,2.394087095e-25,1.137373342e-24,nan,nan,nan,nan
263,6.575,3.363488014e-25,1.240770919e-24,nan,nan,nan,nan
264,6.6,1.891002083e-25,1.550963649e-24,nan,nan,nan,nan
265,6.625,2.202823441e-25,1.654361225e-24,nan,nan,nan,nan
266,6.65,2.053216908e-25,1.654361225e-24,nan,nan,nan,nan
267,6.675,2.705008327e-25,1.654361225e-24,nan,nan,nan,nan
268,6.7,3.020076314e-25,1.654361225e-24,nan,nan,nan,nan
269,6.725,3.041443343e-25,1.654361225e-24,nan,nan,nan,nan
270,6.75,2.786327339e-25,1.654361225e-24,nan,nan,nan,nan
271,6.775,3.930073728e-25,1.447566072e-24,nan,nan,nan,nan
272,6.8,3.084497217e-25,1.654361225e-24,nan,nan,nan,nan
273,6.825,5.456367005e-25,1.757758802e-24,nan,nan,nan,nan
274,6.85,5.284205624e-25,1.654361225e-24,nan,nan,nan,nan
275,6.875,6.218045448e-25,1.654361225e-24,nan,nan,nan,nan
276,6.9,5.277445512e-25,1.447566072e-24,nan,nan,nan,nan
277,6.925,6.442288536e-25,1.550963649e-24,nan,nan,nan,nan
278,6.95,6.277073423e-25,1.964553955e-24,nan,nan,nan,nan
279,6.975,1.382942605e-24,3.412120027e-24,nan,nan,nan,nan
280,7,2.395040349e-24,5.169878828e-24,nan,nan,nan,nan
281,7.025,4.167760891e-24,7.444625513e-24,nan,nan,nan,nan
282,7.05,6.934113384e-24,1.096014312e-23,nan,nan,nan,nan
283,7.075,1.203327908e-23,1.695720256e-23,nan,nan,nan,nan
284,7.1,2.077789150e-23,2.812414083e-23,nan,nan,nan,nan
285,7.125,3.494962163e-23,4.735609007e-23,nan,nan,nan,nan
286,7.15,5.875070539e-23,7.920254365e-23,nan,nan,nan,nan
287,7.175,9.798282767e-23,1.315217174e-22,nan,nan,nan,nan
288,7.2,1.612083122e-22,2.146533690e-22,nan,nan,nan,nan
289,7.225,2.594874028e-22,3.428663639e-22,nan,nan,nan,nan
290,7.25,4.091213955e-22,5.368402175e-22,nan,nan,nan,nan
291,7.275,6.313490683e-22,8.242854804e-22,nan,nan,nan,nan
292,7.3,9.532713955e-22,1.237048606e-21,nan,nan,nan,nan
293,7.325,1.405484979e-21,1.812766312e-21,nan,nan,nan,nan
294,7.35,2.016918103e-21,2.583285053e-21,nan,nan,nan,nan
295,7.375,2.808159012e-21,3.575901788e-21,nan,nan,nan,nan
296,7.4,3.796371321e-21,4.794338830e-21,nan,nan,nan,nan
297,7.425,4.913358196e-21,6.142229639e-21,nan,nan,nan,nan
298,7.45,6.005135428e-21,7.409677132e-21,nan,nan,nan,nan
299,7.475,6.755879439e-21,8.181643439e-21,nan,nan,nan,nan
300,7.5,6.939346374e-21,8.254642128e-21,nan,nan,nan,nan
301,7.525,6.391831042e-21,7.694847648e-21,nan,nan,nan,nan
302,7.55,8.042681701e-21,1.070702585e-20,nan,nan,nan,nan
303,7.575,1.716100989e-20,2.304773341e-20,nan,nan,nan,nan
304,7.6,3.528783097e-20,4.625593985e-20,nan,nan,nan,nan
305,7.625,6.438392494e-20,8.254518051e-20,nan,nan,nan,nan
306,7.65,1.066869553e-19,1.349785052e-19,nan,nan,nan,nan
307,7.675,1.658170214e-19,2.067595844e-19,nan,nan,nan,nan
308,7.7,2.404212128e-19,2.957030069e-19,nan,nan,nan,nan
309,7.725,3.262068581e-19,3.955395709e-19,nan,nan,nan,nan
310,7.75,4.130855320e-19,4.950717325e-19,nan,nan,nan,nan
311,7.775,4.915715254e-19,5.780693808e-19,nan,nan,nan,nan
312,7.8,5.238376231e-19,6.008036128e-19,nan,nan,nan,nan
313,7.825,4.976755661e-19,5.616630805e-19,nan,nan,nan,nan
314,7.85,4.720353475e-19,5.526104159e-19,nan,nan,nan,nan
315,7.875,7.190926478e-19,9.422629425e-19,nan,nan,nan,nan
316,7.9,1.463351677e-18,1.866149964e-18,nan,nan,nan,nan
317,7.925,2.656454488e-18,3.307265992e-18,nan,nan,nan,nan
318,7.95,4.266032814e-18,5.181052901e-18,nan,nan,nan,nan
319,7.975,6.260050386e-18,7.479736021e-18,nan,nan,nan,nan
320,8,8.461769329e-18,9.907405240e-18,nan,nan,nan,nan
321,8.025,1.042207180e-17,1.193352418e-17,nan,nan,nan,nan
322,8.05,1.178693776e-17,1.323579432e-17,nan,nan,nan,nan
323,8.075,1.176788713e-17,1.290334682e-17,nan,nan,nan,nan
324,8.1,1.087765356e-17,1.216037557e-17,nan,nan,nan,nan
325,8.125,1.078268441e-17,1.300713720e-17,nan,nan,nan,nan
326,8.15,1.901476424e-17,2.376987035e-17,nan,nan,nan,nan
327,8.175,3.506002416e-17,4.263989995e-17,nan,nan,nan,nan
328,8.2,5.729389807e-17,6.794839077e-17,nan,nan,nan,nan
329,8.225,8.237286863e-17,9.498594218e-17,nan,nan,nan,nan
330,8.25,1.085086481e-16,1.225449218e-16,nan,nan,nan,nan
331,8.275,1.286258593e-16,1.411168338e-16,nan,nan,nan,nan
332,8.3,1.370047250e-16,1.465193721e-16,nan,nan,nan,nan
333,8.325,1.281321738e-16,1.330982078e-16,nan,nan,nan,nan
334,8.35,1.265265593e-16,1.346000918e-16,nan,nan,nan,nan
335,8.375,1.316709913e-16,1.602985335e-16,nan,nan,nan,nan
336,8.4,2.359248207e-16,2.873283016e-16,nan,nan,nan,nan
337,8.425,3.962895779e-16,4.631677728e-16,nan,nan,nan,nan
338,8.45,5.869957340e-16,6.621588459e-16,nan,nan,nan,nan
339,8.475,7.598104090e-16,8.353865921e-16,nan,nan,nan,nan
340,8.5,8.992488435e-16,9.551264381e-16,nan,nan,nan,nan
341,8.525,9.312549608e-16,9.606806137e-16,nan,nan,nan,nan
342,8.55,8.534453014e-16,8.986403660e-16,nan,nan,nan,nan
343,8.575,8.689522793e-16,8.918095999e-16,nan,nan,nan,nan
344,8.6,8.156857454e-16,9.524910605e-16,nan,nan,nan,nan
345,8.625,1.384952075e-15,1.617432587e-15,nan,nan,nan,nan
346,8.65,2.214496437e-15,2.482272463e-15,nan,nan,nan,nan
347,8.675,3.097037026e-15,3.360296665e-15,nan,nan,nan,nan
348,8.7,3.794212001e-15,3.961691712e-15,nan,nan,nan,nan
349,8.725,4.186236780e-15,4.219435500e-15,nan,nan,nan,nan
350,8.75,4.019417123e-15,3.902962901e-15,nan,nan,nan,nan
351,8.775,3.966575948e-15,3.979726387e-15,nan,nan,nan,nan
352,8.8,3.760708827e-15,3.641013510e-15,nan,nan,nan,nan
353,8.825,3.873812593e-15,4.410993613e-15,nan,nan,nan,nan
354,8.85,6.229044436e-15,6.999039234e-15,nan,nan,nan,nan
355,8.875,8.985783394e-15,9.537959490e-15,nan,nan,nan,nan
356,8.9,1.132963858e-14,1.156350741e-14,nan,nan,nan,nan
357,8.925,1.242936886e-14,1.220323306e-14,nan,nan,nan,nan
358,8.95,1.223241771e-14,1.136751948e-14,nan,nan,nan,nan
359,8.975,1.196291779e-14,1.172063954e-14,nan,nan,nan,nan
360,9,1.158809666e-14,1.085866602e-14,nan,nan,nan,nan
361,9.025,1.151039616e-14,1.122950374e-14,nan,nan,nan,nan
362,9.05,1.305642324e-14,1.418764925e-14,nan,nan,nan,nan
363,9.075,1.860552898e-14,1.924429485e-14,nan,nan,nan,nan
364,9.1,2.282906865e-14,2.257774781e-14,nan,nan,nan,nan
365,9.125,2.508386485e-14,2.345137750e-14,nan,nan,nan,nan
366,9.15,2.394537681e-14,2.230214644e-14,nan,nan,nan,nan
367,9.175,2.449914519e-14,2.281113478e-14,nan,nan,nan,nan
368,9.2,2.316183923e-14,2.197442899e-14,nan,nan,nan,nan
369,9.225,2.386683487e-14,2.212873980e-14,nan,nan,nan,nan
370,9.25,2.233786781e-14,2.159781258e-14,nan,nan,nan,nan
371,9.275,2.388532738e-14,2.338445676e-14,nan,nan,nan,nan
372,9.3,2.873279387e-14,2.683012846e-14,nan,nan,nan,nan
373,9.325,3.040751865e-14,2.694811869e-14,nan,nan,nan,nan
374,9.35,2.923653409e-14,2.710705749e-14,nan,nan,nan,nan
375,9.375,3.036942994e-14,2.701448807e-14,nan,nan,nan,nan
376,9.4,2.945463228e-14,2.728614822e-14,nan,nan,nan,nan
377,9.425,3.044362735e-14,2.697804119e-14,nan,nan,nan,nan
378,9.45,2.965942140e-14,2.736962881e-14,nan,nan,nan,nan
379,9.475,3.040823254e-14,2.684198476e-14,nan,nan,nan,nan
380,9.5,2.976334945e-14,2.736008534e-14,nan,nan,nan,nan
381,9.525,3.026686939e-14,2.660988188e-14,nan,nan,nan,nan
382,9.55,2.976929069e-14,2.733371657e-14,nan,nan,nan,nan
383,9.575,3.002351412e-14,2.628561789e-14,nan,nan,nan,nan
384,9.6,2.968044617e-14,2.734636795e-14,nan,nan,nan,nan
385,9.625,2.968245889e-14,2.605517032e-14,nan,nan,nan,nan
386,9.65,2.959817241e-14,2.727032404e-14,nan,nan,nan,nan
387,9.675,2.924827567e-14,2.611593629e-14,nan,nan,nan,nan
388,9.7,2.953872130e-14,2.710859873e-14,nan,nan,nan,nan
389,9.725,2.872578037e-14,2.609740378e-14,nan,nan,nan,nan
390,9.75,2.938915938e-14,2.686447779e-14,nan,nan,nan,nan
391,9.775,2.811999741e-14,2.600218165e-14,nan,nan,nan,nan
392,9.8,2.915303353e-14,2.654149058e-14,nan,nan,nan,nan
393,9.825,2.743612607e-14,2.587021218e-14,nan,nan,nan,nan
394,9.85,2.883413157e-14,2.614338025e-14,nan,nan,nan,nan
395,9.875,2.710670118e-14,2.580240030e-14,nan,nan,nan,nan
396,9.9,2.843645131e-14,2.567407437e-14,nan,nan,nan,nan
397,9.925,2.690341532e-14,2.566157681e-14,nan,nan,nan,nan
398,9.95,2.796415682e-14,2.513766696e-14,nan,nan,nan,nan
399,9.975,2.679436273e-14,2.545063585e-14,nan,nan,nan,nan
400,10,2.742155761e-14,2.453840178e-14,nan,nan,nan,nan
401,10.025,2.661206915e-14,2.517264431e-14,nan,nan,nan,nan
402,10.05,2.681315558e-14,2.388059451e-14,nan,nan,nan,nan
403,10.075,2.635984349e-14,2.483075229e-14,nan,nan,nan,nan
404,10.1,2.711858226e-14,2.340819696e-14,nan,nan,nan,nan
405,10.125,2.662778137e-14,2.442832828e-14,nan,nan,nan,nan
406,10.15,2.921936060e-14,2.358935876e-14,nan,nan,nan,nan
407,10.175,2.793902912e-14,2.469753970e-14,nan,nan,nan,nan
408,10.2,3.045290393e-14,2.398323846e-14,nan,nan,nan,nan
409,10.225,2.905414960e-14,2.564877995e-14,nan,nan,nan,nan
410,10.25,3.144125549e-14,2.521079813e-14,nan,nan,nan,nan
411,10.275,2.996597240e-14,2.642279145e-14,nan,nan,nan,nan
412,10.3,3.234971493e-14,2.625693375e-14,nan,nan,nan,nan
413,10.325,3.066922275e-14,2.701560171e-14,nan,nan,nan,nan
414,10.35,3.321558933e-14,2.930541800e-14,nan,nan,nan,nan
415,10.375,3.137350859e-14,2.756763893e-14,nan,nan,nan,nan
416,10.4,3.383625408e-14,2.771975636e-14,nan,nan,nan,nan
417,10.425,3.143832487e-14,2.805567074e-14,nan,nan,nan,nan
418,10.45,3.421148512e-14,2.813435209e-14,nan,nan,nan,nan
419,10.475,3.422464562e-14,3.011615776e-14,nan,nan,nan,nan
420,10.5,3.488125182e-14,2.833924460e-14,nan,nan,nan,nan
421,10.525,3.547914597e-14,3.149260689e-14,nan,nan,nan,nan
422,10.55,3.686675402e-14,2.833758626e-14,nan,nan,nan,nan
423,10.575,3.646407430e-14,3.264949431e-14,nan,nan,nan,nan
424,10.6,3.853778275e-14,2.969583220e-14,nan,nan,nan,nan
425,10.625,3.717272486e-14,3.357903694e-14,nan,nan,nan,nan
426,10.65,3.987729612e-14,3.119052019e-14,nan,nan,nan,nan
427,10.675,3.760107961e-14,3.653462700e-14,nan,nan,nan,nan
428,10.7,4.319890946e-14,3.824049312e-14,nan,nan,nan,nan
429,10.725,3.894005969e-14,3.473499295e-14,nan,nan,nan,nan
430,10.75,4.154690673e-14,3.676339207e-14,nan,nan,nan,nan
431,10.775,3.778603878e-14,3.495619463e-14,nan,nan,nan,nan
432,10.8,4.187738286e-14,3.518022885e-14,nan,nan,nan,nan
433,10.825,3.854761962e-14,3.493923722e-14,nan,nan,nan,nan
434,10.85,4.187737964e-14,3.506111681e-14,nan,nan,nan,nan
435,10.875,4.079616087e-14,3.468626915e-14,nan,nan,nan,nan
436,10.9,4.155429334e-14,3.577564271e-14,nan,nan,nan,nan
437,10.925,4.270926723e-14,3.638416030e-14,nan,nan,nan,nan
438,10.95,4.091791984e-14,3.626941338e-14,nan,nan,nan,nan
439,10.975,4.427179928e-14,3.826331248e-14,nan,nan,nan,nan
440,11,4.023207477e-14,4.227055052e-14,nan,nan,nan,nan
441,11.025,5.294661694e-14,4.870963930e-14,nan,nan,nan,nan
442,11.05,5.058147638e-14,3.948438248e-14,nan,nan,nan,nan
443,11.075,5.059995764e-14,4.775414286e-14,nan,nan,nan,nan
444,11.1,5.020619128e-14,3.740289830e-14,nan,nan,nan,nan
445,11.125,4.779311892e-14,4.635163259e-14,nan,nan,nan,nan
446,11.15,4.928382985e-14,3.819608752e-14,nan,nan,nan,nan
447,11.175,4.684144298e-14,4.453040253e-14,nan,nan,nan,nan
448,11.2,4.784749459e-14,3.855967066e-14,nan,nan,nan,nan
449,11.225,4.655156790e-14,4.259184737e-14,nan,nan,nan,nan
450,11.25,4.784642190e-14,3.996530640e-14,nan,nan,nan,nan
451,11.275,4.589656530e-14,4.243600245e-14,nan,nan,nan,nan
452,11.3,4.801921159e-14,4.225483063e-14,nan,nan,nan,nan
453,11.325,4.488587572e-14,4.903754015e-14,nan,nan,nan,nan
454,11.35,5.768139258e-14,5.314018317e-14,nan,nan,nan,nan
455,11.375,5.095398612e-14,4.638812759e-14,nan,nan,nan,nan
456,11.4,5.645178524e-14,5.340418696e-14,nan,nan,nan,nan
457,11.425,5.277263933e-14,4.348076121e-14,nan,nan,nan,nan
458,11.45,5.462506361e-14,5.309911976e-14,nan,nan,nan,nan
459,11.475,5.392718018e-14,4.017650245e-14,nan,nan,nan,nan
460,11.5,5.222569338e-14,5.223471582e-14,nan,nan,nan,nan
461,11.525,5.441139953e-14,4.153646703e-14,nan,nan,nan,nan
462,11.55,4.928589638e-14,5.082853838e-14,nan,nan,nan,nan
463,11.575,5.423079664e-14,4.294234566e-14,nan,nan,nan,nan
464,11.6,4.726643093e-14,4.890408633e-14,nan,nan,nan,nan
465,11.625,5.446080662e-14,4.486623688e-14,nan,nan,nan,nan
466,11.65,5.285337374e-14,5.979515758e-14,nan,nan,nan,nan
467,11.675,5.862812818e-14,5.189759263e-14,nan,nan,nan,nan
468,11.7,4.955087287e-14,5.811812258e-14,nan,nan,nan,nan
469,11.725,5.886396824e-14,5.340971472e-14,nan,nan,nan,nan
470,11.75,4.793353179e-14,5.585194637e-14,nan,nan,nan,nan
471,11.775,5.849623630e-14,5.438875477e-14,nan,nan,nan,nan
472,11.8,4.941994822e-14,5.302731822e-14,nan,nan,nan,nan
473,11.825,5.751326173e-14,5.481513879e-14,nan,nan,nan,nan
474,11.85,5.052359147e-14,4.968204889e-14,nan,nan,nan,nan
475,11.875,5.591290954e-14,5.493633020e-14,nan,nan,nan,nan
476,11.9,5.315485446e-14,4.585863442e-14,nan,nan,nan,nan
477,11.925,5.370479607e-14,5.448120616e-14,nan,nan,nan,nan
478,11.95,6.314398754e-14,6.747622006e-14,nan,nan,nan,nan
479,11.975,7.347319596e-14,6.505411410e-14,nan,nan,nan,nan
480,12,6.323152209e-14,6.547049691e-14,nan,nan,nan,nan
481,12.025,7.220234224e-14,6.668490461e-14,nan,nan,nan,nan
482,12.05,6.478940917e-14,6.307440612e-14,nan,nan,nan,nan
483,12.075,7.015950451e-14,6.749264902e-14,nan,nan,nan,nan
484,12.1,6.577770709e-14,5.983279501e-14,nan,nan,nan,nan
485,12.125,6.738359731e-14,6.747743089e-14,nan,nan,nan,nan
486,12.15,6.617532130e-14,6.836741900e-14,nan,nan,nan,nan
487,12.175,6.510763015e-14,6.664975317e-14,nan,nan,nan,nan
488,12.2,6.596317853e-14,6.297880188e-14,nan,nan,nan,nan
489,12.225,7.552740470e-14,7.052929441e-14,nan,nan,nan,nan
490,12.25,8.954725942e-14,7.651581751e-14,nan,nan,nan,nan
491,12.275,9.338133015e-14,7.357153268e-14,nan,nan,nan,nan
492,12.3,8.660042627e-14,7.688688078e-14,nan,nan,nan,nan
493,12.325,9.331025069e-14,7.436024921e-14,nan,nan,nan,nan
494,12.35,8.535211144e-14,7.604802053e-14,nan,nan,nan,nan
495,12.375,9.224615537e-14,8.763228722e-14,nan,nan,nan,nan
496,12.4,1.156221574e-13,1.131899123e-13,nan,nan,nan,nan
497,12.425,1.397414861e-13,1.295859113e-13,nan,nan,nan,nan
498,12.45,1.503947946e-13,1.275279897e-13,nan,nan,nan,nan
499,12.475,1.460552118e-13,1.227339141e-13,nan,nan,nan,nan
500,12.5,1.412001104e-13,1.248973705e-13,nan,nan,nan,nan
501,12.525,1.402289525e-13,1.143126172e-13,nan,nan,nan,nan
502,12.55,1.445570505e-13,1.223599215e-13,nan,nan,nan,nan
503,12.575,1.569838318e-13,1.418661314e-13,nan,nan,nan,nan
504,12.6,1.703875509e-13,1.568889028e-13,nan,nan,nan,nan
505,12.625,1.806726799e-13,1.659749862e-13,nan,nan,nan,nan
506,12.65,1.906071648e-13,1.704335034e-13,nan,nan,nan,nan
507,12.675,2.083972425e-13,1.816765241e-13,nan,nan,nan,nan
508,12.7,2.339444143e-13,1.983160120e-13,nan,nan,nan,nan
509,12.725,2.529746209e-13,2.068932925e-13,nan,nan,nan,nan
510,12.75,2.617070667e-13,2.076984477e-13,nan,nan,nan,nan
511,12.775,2.535097654e-13,2.026393613e-13,nan,nan,nan,nan
512,12.8,2.520579590e-13,2.095964179e-13,nan,nan,nan,nan
513,12.825,2.606155719e-13,2.241027781e-13,nan,nan,nan,nan
514,12.85,2.944254483e-13,2.607122180e-13,nan,nan,nan,nan
515,12.875,3.359711830e-13,2.970575649e-13,nan,nan,nan,nan
516,12.9,3.727990187e-13,3.211859252e-13,nan,nan,nan,nan
517,12.925,3.920087577e-13,3.262639589e-13,nan,nan,nan,nan
518,12.95,3.939210002e-13,3.184452586e-13,nan,nan,nan,nan
519,12.975,4.016446070e-13,3.213928554e-13,nan,nan,nan,nan
520,13,4.177503309e-13,3.380778476e-13,nan,nan,nan,nan
521,13.025,4.383327219e-13,3.651862544e-13,nan,nan,nan,nan
522,13.05,4.709933984e-13,3.967281876e-13,nan,nan,nan,nan
523,13.075,4.947907841e-13,4.232290957e-13,nan,nan,nan,nan
524,13.1,5.241768602e-13,4.449408100e-13,nan,nan,nan,nan
525,13.125,5.527754431e-13,4.654104733e-13,nan,nan,nan,nan
526,13.15,5.948687193e-13,4.959233335e-13,nan,nan,nan,nan
527,13.175,6.426168811e-13,5.290783494e-13,nan,nan,nan,nan
528,13.2,6.757653251e-13,5.482811547e-13,nan,nan,nan,nan
529,13.225,7.056383478e-13,5.720488255e-13,nan,nan,nan,nan
530,13.25,7.244752627e-13,5.868350832e-13,nan,nan,nan,nan
531,13.275,7.558172281e-13,6.246904883e-13,nan,nan,nan,nan
532,13.3,8.063562893e-13,6.719946306e-13,nan,nan,nan,nan
533,13.325,8.640197801e-13,7.263012501e-13,nan,nan,nan,nan
534,13.35,9.350877069e-13,7.785206450e-13,nan,nan,nan,nan
535,13.375,9.810887281e-13,8.047646255e-13,nan,nan,nan,nan
536,13.4,1.027584385e-12,8.361653909e-13,nan,nan,nan,nan
537,13.425,1.067825291e-12,8.637028614e-13,nan,nan,nan,nan
538,13.45,1.109724256e-12,9.064933320e-13,nan,nan,nan,nan
539,13.475,1.181739786e-12,9.696342104e-13,nan,nan,nan,nan
540,13.5,1.242046980e-12,1.026752569e-12,nan,nan,nan,nan
541,13.525,1.320923239e-12,1.094513457e-12,nan,nan,nan,nan
542,13.55,1.387123977e-12,1.142444319e-12,nan,nan,nan,nan
543,13.575,1.464367389e-12,1.206675903e-12,nan,nan,nan,nan
544,13.6,1.558352994e-12,1.274946805e-12,nan,nan,nan,nan
545,13.625,1.640508077e-12,1.333718109e-12,nan,nan,nan,nan
546,13.65,1.741404182e-12,1.414476040e-12,nan,nan,nan,nan
547,13.675,1.818706902e-12,1.468261789e-12,nan,nan,nan,nan
548,13.7,1.897574915e-12,1.545629561e-12,nan,nan,nan,nan
549,13.725,1.995435152e-12,1.625718601e-12,nan,nan,nan,nan
550,13.75,2.094839007e-12,1.725409078e-12,nan,nan,nan,nan
551,13.775,2.248607639e-12,1.846862535e-12,nan,nan,nan,nan
552,13.8,2.375581845e-12,1.938103064e-12,nan,nan,nan,nan
553,13.825,2.514952668e-12,2.049729882e-12,nan,nan,nan,nan
554,13.85,2.635938068e-12,2.130225887e-12,nan,nan,nan,nan
555,13.875,2.742298681e-12,2.224435373e-12,nan,nan,nan,nan
556,13.9,2.898260007e-12,2.346693787e-12,nan,nan,nan,nan
557,13.925,3.034487807e-12,2.460928949e-12,nan,nan,nan,nan
558,13.95,3.220534519e-12,2.627287147e-12,nan,nan,nan,nan
559,13.975,3.390438001e-12,2.754019082e-12,nan,nan,nan,nan
560,14,3.565180130e-12,2.908970973e-12,nan,nan,nan,nan
561,14.025,3.769747888e-12,3.057585927e-12,nan,nan,nan,nan
562,14.05,3.939769102e-12,3.198886512e-12,nan,nan,nan,nan
563,14.075,4.190442791e-12,3.391893885e-12,nan,nan,nan,nan
564,14.1,4.399457227e-12,3.541731449e-12,nan,nan,nan,nan
565,14.125,4.621170048e-12,3.742134628e-12,nan,nan,nan,nan
566,14.15,4.864503126e-12,3.924413530e-12,nan,nan,nan,nan
567,14.175,5.077569484e-12,4.127630195e-12,nan,nan,nan,nan
568,14.2,5.401452683e-12,4.375759882e-12,nan,nan,nan,nan
569,14.225,5.674256605e-12,4.575495680e-12,nan,nan,nan,nan
570,14.25,6.005806338e-12,4.859995300e-12,nan,nan,nan,nan
571,14.275,6.317837131e-12,5.079146254e-12,nan,nan,nan,nan
572,14.3,6.597729455e-12,5.326942792e-12,nan,nan,nan,nan
573,14.325,6.969640583e-12,5.604493818e-12,nan,nan,nan,nan
574,14.35,7.275460441e-12,5.857149081e-12,nan,nan,nan,nan
575,14.375,7.710843209e-12,6.226860361e-12,nan,nan,nan,nan
576,14.4,8.108526763e-12,6.520472869e-12,nan,nan,nan,nan
577,14.425,8.521677453e-12,6.888828197e-12,nan,nan,nan,nan
578,14.45,8.997412848e-12,7.232822055e-12,nan,nan,nan,nan
579,14.475,9.371986289e-12,7.563907760e-12,nan,nan,nan,nan
580,14.5,9.955403000e-12,7.998739082e-12,nan,nan,nan,nan
581,14.525,1.043707333e-11,8.344679589e-12,nan,nan,nan,nan
582,14.55,1.098152353e-11,8.830684858e-12,nan,nan,nan,nan
583,14.575,1.156253566e-11,9.255601290e-12,nan,nan,nan,nan
584,14.6,1.206287830e-11,9.718652378e-12,nan,nan,nan,nan
585,14.625,1.278789753e-11,1.025890511e-11,nan,nan,nan,nan
586,14.65,1.338277863e-11,1.069437414e-11,nan,nan,nan,nan
587,14.675,1.414864498e-11,1.135787127e-11,nan,nan,nan,nan
588,14.7,1.487975945e-11,1.187955338e-11,nan,nan,nan,nan
589,14.725,1.556489989e-11,1.248786881e-11,nan,nan,nan,nan
590,14.75,1.643735689e-11,1.312453224e-11,nan,nan,nan,nan
591,14.775,1.712726907e-11,1.371997061e-11,nan,nan,nan,nan
592,14.8,1.813433821e-11,1.451065703e-11,nan,nan,nan,nan
593,14.825,1.902903008e-11,1.518625264e-11,nan,nan,nan,nan
594,14.85,1.998632327e-11,1.601205434e-11,nan,nan,nan,nan
595,14.875,2.107789868e-11,1.679964684e-11,nan,nan,nan,nan
596,14.9,2.193464338e-11,1.757510805e-11,nan,nan,nan,nan
597,14.925,2.326478357e-11,1.854825737e-11,nan,nan,nan,nan
598,14.95,2.434084729e-11,1.946215901e-11,nan,nan,nan,nan
599,14.975,2.561746736e-11,2.044609364e-11,nan,nan,nan,nan
600,15,2.694953811e-11,2.148941140e-11,nan,nan,nan,nan
601,15.025,2.812136579e-11,2.247313249e-11,nan,nan,nan,nan
602,15.05,2.975873873e-11,2.367219903e-11,nan,nan,nan,nan
603,15.075,3.106783163e-11,2.487783149e-11,nan,nan,nan,nan
604,15.1,3.280998090e-11,2.611553367e-11,nan,nan,nan,nan
605,15.125,3.444692281e-11,2.748537370e-11,nan,nan,nan,nan
606,15.15,3.603926608e-11,2.869362834e-11,nan,nan,nan,nan
607,15.175,3.802467744e-11,3.028676596e-11,nan,nan,nan,nan
608,15.2,3.956792950e-11,3.174563850e-11,nan,nan,nan,nan
609,15.225,4.187720368e-11,3.328390736e-11,nan,nan,nan,nan
610,15.25,4.386161999e-11,3.508492468e-11,nan,nan,nan,nan
611,15.275,4.604481595e-11,3.658112002e-11,nan,nan,nan,nan
612,15.3,4.849109919e-11,3.867746725e-11,nan,nan,nan,nan
613,15.325,5.044934186e-11,4.043618261e-11,nan,nan,nan,nan
614,15.35,5.342401066e-11,4.252680013e-11,nan,nan,nan,nan
615,15.375,5.579856173e-11,4.470979058e-11,nan,nan,nan,nan
616,15.4,5.871151656e-11,4.662332033e-11,nan,nan,nan,nan
617,15.425,6.167930947e-11,4.929502259e-11,nan,nan,nan,nan
618,15.45,6.434913681e-11,5.139409486e-11,nan,nan,nan,nan
619,15.475,6.798971009e-11,5.421215541e-11,nan,nan,nan,nan
620,15.5,7.084796166e-11,5.684567889e-11,nan,nan,nan,nan
621,15.525,7.476478592e-11,5.946073206e-11,nan,nan,nan,nan
622,15.55,7.836105216e-11,6.270308841e-11,nan,nan,nan,nan
623,15.575,8.196998230e-11,6.519969015e-11,nan,nan,nan,nan
624,15.6,8.638550827e-11,6.897904249e-11,nan,nan,nan,nan
625,15.625,8.977804014e-11,7.213886389e-11,nan,nan,nan,nan
626,15.65,9.498522131e-11,7.568226825e-11,nan,nan,nan,nan
627,15.675,9.931696748e-11,7.960154527e-11,nan,nan,nan,nan
628,15.7,1.041974523e-10,8.281419805e-11,nan,nan,nan,nan
629,15.725,1.095631409e-10,8.760515527e-11,nan,nan,nan,nan
630,15.75,1.139419252e-10,9.138066943e-11,nan,nan,nan,nan
631,15.775,1.204889304e-10,9.615694919e-11,nan,nan,nan,nan
632,15.8,1.256559562e-10,1.008709409e-10,nan,nan,nan,nan
633,15.825,1.321659963e-10,1.052511830e-10,nan,nan,nan,nan
634,15.85,1.386420532e-10,1.110423365e-10,nan,nan,nan,nan
635,15.875,1.445891625e-10,1.155196369e-10,nan,nan,nan,nan
636,15.9,1.525442769e-10,1.219211358e-10,nan,nan,nan,nan
637,15.925,1.587115195e-10,1.275657496e-10,nan,nan,nan,nan
638,15.95,1.673933113e-10,1.335055222e-10,nan,nan,nan,nan
639,15.975,1.751755634e-10,1.404812964e-10,nan,nan,nan,nan
640,16,1.831675926e-10,1.457873922e-10,nan,nan,nan,nan
641,16.025,1.927696336e-10,1.542882681e-10,nan,nan,nan,nan
642,16.05,2.000607401e-10,1.610071966e-10,nan,nan,nan,nan
643,16.075,2.115620513e-10,1.690031511e-10,nan,nan,nan,nan
644,16.1,2.208724890e-10,1.773730712e-10,nan,nan,nan,nan
645,16.125,2.315981142e-10,1.846232124e-10,nan,nan,nan,nan
646,16.15,2.431764626e-10,1.948802350e-10,nan,nan,nan,nan
647,16.175,2.527832212e-10,2.028392647e-10,nan,nan,nan,nan
648,16.2,2.669397179e-10,2.135440072e-10,nan,nan,nan,nan
649,16.225,2.779907493e-10,2.235377014e-10,nan,nan,nan,nan
650,16.25,2.922460605e-10,2.333601115e-10,nan,nan,nan,nan
651,16.275,3.061265584e-10,2.456804917e-10,nan,nan,nan,nan
652,16.3,3.190910008e-10,2.550450868e-10,nan,nan,nan,nan
653,16.325,3.361734191e-10,2.692997208e-10,nan,nan,nan,nan
654,16.35,3.492619286e-10,2.811724625e-10,nan,nan,nan,nan
655,16.375,3.681521816e-10,2.943955147e-10,nan,nan,nan,nan
656,16.4,3.847131667e-10,3.091319950e-10,nan,nan,nan,nan
657,16.425,4.020587672e-10,3.209527289e-10,nan,nan,nan,nan
658,16.45,4.225685012e-10,3.389573373e-10,nan,nan,nan,nan
659,16.475,4.379656297e-10,3.529809106e-10,nan,nan,nan,nan
660,16.5,4.628876122e-10,3.706681014e-10,nan,nan,nan,nan
661,16.525,4.825697141e-10,3.882181687e-10,nan,nan,nan,nan
662,16.55,5.056862556e-10,4.042523859e-10,nan,nan,nan,nan
663,16.575,5.302283914e-10,4.258242812e-10,nan,nan,nan,nan
664,16.6,5.508658143e-10,4.422952858e-10,nan,nan,nan,nan
665,16.625,5.809444852e-10,4.658208139e-10,nan,nan,nan,nan
666,16.65,6.041862225e-10,4.866181528e-10,nan,nan,nan,nan
667,16.675,6.347980318e-10,5.082005081e-10,nan,nan,nan,nan
668,16.7,6.640407446e-10,5.339373536e-10,nan,nan,nan,nan
669,16.725,6.917369116e-10,5.531557253e-10,nan,nan,nan,nan
670,16.75,7.277866295e-10,5.842898369e-10,nan,nan,nan,nan
671,16.775,7.551055815e-10,6.088063280e-10,nan,nan,nan,nan
672,16.8,7.954485988e-10,6.376669630e-10,nan,nan,nan,nan
673,16.825,8.301153567e-10,6.682328042e-10,nan,nan,nan,nan
674,16.85,8.670097743e-10,6.940343022e-10,nan,nan,nan,nan
675,16.875,9.100407829e-10,7.314876279e-10,nan,nan,nan,nan
676,16.9,9.423834301e-10,7.602183420e-10,nan,nan,nan,nan
677,16.925,9.949326869e-10,7.985827500e-10,nan,nan,nan,nan
678,16.95,1.035857429e-09,8.347160535e-10,nan,nan,nan,nan
679,16.975,1.084752853e-09,8.694763900e-10,nan,nan,nan,nan
680,17,1.135904965e-09,9.140394603e-10,nan,nan,nan,nan
681,17.025,1.179351813e-09,9.474971455e-10,nan,nan,nan,nan
682,17.05,1.242146709e-09,9.982116621e-10,nan,nan,nan,nan
683,17.075,1.290179081e-09,1.040706960e-09,nan,nan,nan,nan
684,17.1,1.354642646e-09,1.087198785e-09,nan,nan,nan,nan
685,17.125,1.415212967e-09,1.139995688e-09,nan,nan,nan,nan
686,17.15,1.473230910e-09,1.180916068e-09,nan,nan,nan,nan
687,17.175,1.548019510e-09,1.245401710e-09,nan,nan,nan,nan
688,17.2,1.604075084e-09,1.295103311e-09,nan,nan,nan,nan
689,17.225,1.688612826e-09,1.356885001e-09,nan,nan,nan,nan
690,17.25,1.759965167e-09,1.419141614e-09,nan,nan,nan,nan
691,17.275,1.836912606e-09,1.474347402e-09,nan,nan,nan,nan
692,17.3,1.925650005e-09,1.550869730e-09,nan,nan,nan,nan
693,17.325,1.992676711e-09,1.608640915e-09,nan,nan,nan,nan
694,17.35,2.101125695e-09,1.690268937e-09,nan,nan,nan,nan
695,17.375,2.184787192e-09,1.763320031e-09,nan,nan,nan,nan
696,17.4,2.286266269e-09,1.837219746e-09,nan,nan,nan,nan
697,17.425,2.391099342e-09,1.927641570e-09,nan,nan,nan,nan
698,17.45,2.480782900e-09,1.994335654e-09,nan,nan,nan,nan
699,17.475,2.609642591e-09,2.101604040e-09,nan,nan,nan,nan
700,17.5,2.707197504e-09,2.186857460e-09,nan,nan,nan,nan
701,17.525,2.840352576e-09,2.285091492e-09,nan,nan,nan,nan
702,17.55,2.963679961e-09,2.391462885e-09,nan,nan,nan,nan
703,17.575,3.082877430e-09,2.477870516e-09,nan,nan,nan,nan
704,17.6,3.235420722e-09,2.608162453e-09,nan,nan,nan,nan
705,17.625,3.348496310e-09,2.707070983e-09,nan,nan,nan,nan
706,17.65,3.522331500e-09,2.836830242e-09,nan,nan,nan,nan
707,17.675,3.666700987e-09,2.961354150e-09,nan,nan,nan,nan
708,17.7,3.824109799e-09,3.077204616e-09,nan,nan,nan,nan
709,17.725,4.003992681e-09,3.230774931e-09,nan,nan,nan,nan
710,17.75,4.140179980e-09,3.344777289e-09,nan,nan,nan,nan
711,17.775,4.360222931e-09,3.515210819e-09,nan,nan,nan,nan
712,17.8,4.528369022e-09,3.660222691e-09,nan,nan,nan,nan
713,17.825,4.735026560e-09,3.814357089e-09,nan,nan,nan,nan
714,17.85,4.946228890e-09,3.994563571e-09,nan,nan,nan,nan
715,17.875,5.127766293e-09,4.127721958e-09,nan,nan,nan,nan
716,17.9,5.387702910e-09,4.347691912e-09,nan,nan,nan,nan
717,17.925,5.582465585e-09,4.515599433e-09,nan,nan,nan,nan
718,17.95,5.852394215e-09,4.719275828e-09,nan,nan,nan,nan
719,17.975,6.099260044e-09,4.929748058e-09,nan,nan,nan,nan
720,18,6.339517382e-09,5.108742455e-09,nan,nan,nan,nan
721,18.025,6.645382047e-09,5.367346457e-09,nan,nan,nan,nan
722,18.05,6.869578174e-09,5.560543398e-09,nan,nan,nan,nan
723,18.075,7.220428461e-09,5.828032389e-09,nan,nan,nan,nan
724,18.1,7.507575471e-09,6.072603389e-09,nan,nan,nan,nan
725,18.125,7.823532354e-09,6.311155754e-09,nan,nan,nan,nan
726,18.15,8.181993319e-09,6.613875180e-09,nan,nan,nan,nan
727,18.175,8.453396714e-09,6.834618569e-09,nan,nan,nan,nan
728,18.2,8.892330010e-09,7.183959241e-09,nan,nan,nan,nan
729,18.225,9.224553983e-09,7.466577453e-09,nan,nan,nan,nan
730,18.25,9.637624417e-09,7.782111273e-09,nan,nan,nan,nan
731,18.275,1.005589922e-08,8.134837373e-09,nan,nan,nan,nan
732,18.3,1.041638837e-08,8.407188949e-09,nan,nan,nan,nan
733,18.325,1.093183109e-08,8.838982874e-09,nan,nan,nan,nan
734,18.35,1.131401682e-08,9.163589168e-09,nan,nan,nan,nan
735,18.375,1.185121363e-08,9.578163707e-09,nan,nan,nan,nan
736,18.4,1.233700259e-08,9.987125492e-09,nan,nan,nan,nan
737,18.425,1.281227107e-08,1.035105497e-08,nan,nan,nan,nan
738,18.45,1.341514835e-08,1.085524346e-08,nan,nan,nan,nan
739,18.475,1.385199798e-08,1.122556842e-08,nan,nan,nan,nan
740,18.5,1.454724169e-08,1.176699510e-08,nan,nan,nan,nan
741,18.525,1.510863544e-08,1.223862085e-08,nan,nan,nan,nan
742,18.55,1.573118338e-08,1.272085433e-08,nan,nan,nan,nan
743,18.575,1.643338784e-08,1.330694136e-08,nan,nan,nan,nan
744,18.6,1.696411014e-08,1.372623924e-08,nan,nan,nan,nan
745,18.625,1.782485710e-08,1.442946177e-08,nan,nan,nan,nan
746,18.65,1.847004940e-08,1.497015634e-08,nan,nan,nan,nan
747,18.675,1.928070283e-08,1.560443384e-08,nan,nan,nan,nan
748,18.7,2.009497133e-08,1.628243936e-08,nan,nan,nan,nan
749,18.725,2.079754769e-08,1.682931243e-08,nan,nan,nan,nan
750,18.75,2.180229336e-08,1.766190964e-08,nan,nan,nan,nan
751,18.775,2.253935584e-08,1.827777188e-08,nan,nan,nan,nan
752,18.8,2.358927150e-08,1.910655186e-08,nan,nan,nan,nan
753,18.825,2.452892907e-08,1.988680071e-08,nan,nan,nan,nan
754,18.85,2.545196676e-08,2.061342048e-08,nan,nan,nan,nan
755,18.875,2.662006051e-08,2.157892034e-08,nan,nan,nan,nan
756,18.9,2.745648463e-08,2.227532128e-08,nan,nan,nan,nan
757,18.925,2.880963856e-08,2.335184327e-08,nan,nan,nan,nan
758,18.95,2.988838634e-08,2.424465890e-08,nan,nan,nan,nan
759,18.975,3.109298140e-08,2.520215616e-08,nan,nan,nan,nan
760,19,3.244512989e-08,2.631652249e-08,nan,nan,nan,nan
761,19.025,3.346391778e-08,2.712515721e-08,nan,nan,nan,nan
762,19.05,3.512317659e-08,2.848831685e-08,nan,nan,nan,nan
763,19.075,3.635455301e-08,2.950354226e-08,nan,nan,nan,nan
764,19.1,3.791716564e-08,3.075611462e-08,nan,nan,nan,nan
765,19.125,3.947520404e-08,3.203578626e-08,nan,nan,nan,nan
766,19.15,4.081978348e-08,3.311445474e-08,nan,nan,nan,nan
767,19.175,4.274499480e-08,3.469134023e-08,nan,nan,nan,nan
768,19.2,4.414177754e-08,3.583771374e-08,nan,nan,nan,nan
769,19.225,4.615770672e-08,3.746567732e-08,nan,nan,nan,nan
770,19.25,4.794404980e-08,3.892706652e-08,nan,nan,nan,nan
771,19.275,4.970482511e-08,4.035247266e-08,nan,nan,nan,nan
772,19.3,5.192937859e-08,4.216823760e-08,nan,nan,nan,nan
773,19.325,5.350275019e-08,4.345253787e-08,nan,nan,nan,nan
774,19.35,5.609053857e-08,4.555603892e-08,nan,nan,nan,nan
775,19.375,5.812758574e-08,4.721485028e-08,nan,nan,nan,nan
776,19.4,6.041752354e-08,4.908314034e-08,nan,nan,nan,nan
777,19.425,6.297655893e-08,5.116365492e-08,nan,nan,nan,nan
778,19.45,6.489737249e-08,5.273979125e-08,nan,nan,nan,nan
779,19.475,6.804137789e-08,5.529303218e-08,nan,nan,nan,nan
780,19.5,7.035055955e-08,5.716329031e-08,nan,nan,nan,nan
781,19.525,7.331038806e-08,5.959452016e-08,nan,nan,nan,nan
782,19.55,7.624020760e-08,6.196561970e-08,nan,nan,nan,nan
783,19.575,7.876833606e-08,6.405678263e-08,nan,nan,nan,nan
784,19.6,8.239417997e-08,6.698980027e-08,nan,nan,nan,nan
785,19.625,8.499464033e-08,6.908255236e-08,nan,nan,nan,nan
786,19.65,8.879896895e-08,7.222608177e-08,nan,nan,nan,nan
787,19.675,9.213601111e-08,7.491249188e-08,nan,nan,nan,nan
788,19.7,9.543675385e-08,7.766132436e-08,nan,nan,nan,nan
789,19.725,9.960045329e-08,8.101438848e-08,nan,nan,nan,nan
790,19.75,1.025073875e-07,8.333600491e-08,nan,nan,nan,nan
791,19.775,1.073722451e-07,8.737703001e-08,nan,nan,nan,nan
792,19.8,1.111516986e-07,9.040092505e-08,nan,nan,nan,nan
793,19.825,1.154306000e-07,9.398520757e-08,nan,nan,nan,nan
794,19.85,1.201900614e-07,9.779848143e-08,nan,nan,nan,nan
795,19.875,1.237490670e-07,1.008192375e-07,nan,nan,nan,nan
796,19.9,1.296042632e-07,1.055158252e-07,nan,nan,nan,nan
797,19.925,1.338582210e-07,1.088948941e-07,nan,nan,nan,nan
798,19.95,1.393700338e-07,1.135353842e-07,nan,nan,nan,nan
799,19.975,1.447836211e-07,1.178473236e-07,nan,nan,nan,nan
800,20,1.494564789e-07,1.218343089e-07,nan,nan,nan,nan
801,20.025,1.561675901e-07,1.271910288e-07,nan,nan,nan,nan
802,20.05,1.609225095e-07,1.309359174e-07,nan,nan,nan,nan
803,20.075,1.679819193e-07,1.369057603e-07,nan,nan,nan,nan
804,20.1,1.741064774e-07,1.417509334e-07,nan,nan,nan,nan
805,20.125,1.801905222e-07,1.469650439e-07,nan,nan,nan,nan
806,20.15,1.878487224e-07,1.530436021e-07,nan,nan,nan,nan
807,20.175,1.931221092e-07,1.573355181e-07,nan,nan,nan,nan
808,20.2,2.021165119e-07,1.647906300e-07,nan,nan,nan,nan
809,20.225,2.090045696e-07,1.701968197e-07,nan,nan,nan,nan
810,20.25,2.168678532e-07,1.769614145e-07,nan,nan,nan,nan
811,20.275,2.255653395e-07,1.838208340e-07,nan,nan,nan,nan
812,20.3,2.320503752e-07,1.895172417e-07,nan,nan,nan,nan
813,20.325,2.427664258e-07,1.979999153e-07,nan,nan,nan,nan
814,20.35,2.504625317e-07,2.039843535e-07,nan,nan,nan,nan
815,20.375,2.605589754e-07,2.126987423e-07,nan,nan,nan,nan
816,20.4,2.703859500e-07,2.203921102e-07,nan,nan,nan,nan
817,20.425,2.788820563e-07,2.278724770e-07,nan,nan,nan,nan
818,20.45,2.910878785e-07,2.374763698e-07,nan,nan,nan,nan
819,20.475,2.996238571e-07,2.440408702e-07,nan,nan,nan,nan
820,20.5,3.125115248e-07,2.551964455e-07,nan,nan,nan,nan
821,20.525,3.235522342e-07,2.637666311e-07,nan,nan,nan,nan
822,20.55,3.345859748e-07,2.735004794e-07,nan,nan,nan,nan
823,20.575,3.484250012e-07,2.843149833e-07,nan,nan,nan,nan
824,20.6,3.578136888e-07,2.923243209e-07,nan,nan,nan,nan
825,20.625,3.741763864e-07,3.056391613e-07,nan,nan,nan,nan
826,20.65,3.865038262e-07,3.151132393e-07,nan,nan,nan,nan
827,20.675,4.007239990e-07,3.276793153e-07,nan,nan,nan,nan
828,20.7,4.163371697e-07,3.397847451e-07,nan,nan,nan,nan
829,20.725,4.279670456e-07,3.503611853e-07,nan,nan,nan,nan
830,20.75,4.472375614e-07,3.654005718e-07,nan,nan,nan,nan
831,20.775,4.609064597e-07,3.757826854e-07,nan,nan,nan,nan
832,20.8,4.791094956e-07,3.918917718e-07,nan,nan,nan,nan
833,20.825,4.966293936e-07,4.053530344e-07,nan,nan,nan,nan
834,20.85,5.118359643e-07,4.191725524e-07,nan,nan,nan,nan
835,20.875,5.336453749e-07,4.360700562e-07,nan,nan,nan,nan
836,20.9,5.486833611e-07,4.473323876e-07,nan,nan,nan,nan
837,20.925,5.718437029e-07,4.678544471e-07,nan,nan,nan,nan
838,20.95,5.913868271e-07,4.827128810e-07,nan,nan,nan,nan
839,20.975,6.110887451e-07,5.006072449e-07,nan,nan,nan,nan
840,21,6.356537345e-07,5.194824962e-07,nan,nan,nan,nan
841,21.025,6.520499841e-07,5.342079334e-07,nan,nan,nan,nan
842,21.05,6.813560910e-07,5.575502055e-07,nan,nan,nan,nan
843,21.075,7.030129693e-07,5.738131820e-07,nan,nan,nan,nan
844,21.1,7.283367687e-07,5.968020476e-07,nan,nan,nan,nan
845,21.125,7.558621550e-07,6.177514678e-07,nan,nan,nan,nan
846,21.15,7.764066933e-07,6.370989469e-07,nan,nan,nan,nan
847,21.175,8.104498157e-07,6.632644424e-07,nan,nan,nan,nan
848,21.2,8.342721382e-07,6.808922371e-07,nan,nan,nan,nan
849,21.225,8.665943339e-07,7.102211230e-07,nan,nan,nan,nan
850,21.25,8.972620373e-07,7.333060300e-07,nan,nan,nan,nan
851,21.275,9.240768343e-07,7.584612900e-07,nan,nan,nan,nan
852,21.3,9.623524693e-07,7.876253746e-07,nan,nan,nan,nan
853,21.325,9.883369312e-07,8.077928036e-07,nan,nan,nan,nan
854,21.35,1.029333735e-06,8.436999632e-07,nan,nan,nan,nan
855,21.375,1.063288362e-06,8.689314893e-07,nan,nan,nan,nan
856,21.4,1.097952972e-06,9.013455317e-07,nan,nan,nan,nan
857,21.425,1.140772093e-06,9.336486278e-07,nan,nan,nan,nan
858,21.45,1.168840193e-06,9.603407526e-07,nan,nan,nan,nan
859,21.475,1.220546324e-06,1.000494038e-06,nan,nan,nan,nan
860,21.5,1.257876987e-06,1.027814239e-06,nan,nan,nan,nan
861,21.525,1.302319226e-06,1.069256135e-06,nan,nan,nan,nan
862,21.55,1.349959714e-06,1.104786469e-06,nan,nan,nan,nan
863,21.575,1.385744503e-06,1.139680370e-06,nan,nan,nan,nan
864,21.6,1.444810129e-06,1.184332558e-06,nan,nan,nan,nan
865,21.625,1.485527465e-06,1.213590916e-06,nan,nan,nan,nan
866,21.65,1.542091954e-06,1.266209969e-06,nan,nan,nan,nan
867,21.675,1.594778213e-06,1.304981866e-06,nan,nan,nan,nan
868,21.7,1.641405781e-06,1.350126404e-06,nan,nan,nan,nan
869,21.725,1.707364991e-06,1.399477708e-06,nan,nan,nan,nan
870,21.75,1.751372429e-06,1.435735514e-06,nan,nan,nan,nan
871,21.775,1.822900941e-06,1.496800896e-06,nan,nan,nan,nan
872,21.8,1.880777906e-06,1.538727696e-06,nan,nan,nan,nan
873,21.825,1.940926175e-06,1.596616342e-06,nan,nan,nan,nan
874,21.85,2.014194977e-06,1.650789568e-06,nan,nan,nan,nan
875,21.875,2.061253354e-06,1.698526478e-06,nan,nan,nan,nan
876,21.9,2.151179162e-06,1.766270711e-06,nan,nan,nan,nan
877,21.925,2.214279751e-06,1.811131306e-06,nan,nan,nan,nan
878,21.95,2.291201734e-06,1.884787595e-06,nan,nan,nan,nan
879,21.975,2.372118979e-06,1.943797025e-06,nan,nan,nan,nan
880,22,2.433642876e-06,2.005884591e-06,nan,nan,nan,nan
881,22.025,2.534261185e-06,2.080586691e-06,nan,nan,nan,nan
882,22.05,2.602465971e-06,2.129028117e-06,nan,nan,nan,nan
883,22.075,2.700099320e-06,2.221062039e-06,nan,nan,nan,nan
884,22.1,2.788889972e-06,2.284774874e-06,nan,nan,nan,nan
885,22.125,2.868921366e-06,2.364701711e-06,nan,nan,nan,nan
886,22.15,2.980491129e-06,2.446526135e-06,nan,nan,nan,nan
887,22.175,3.053478598e-06,2.510894560e-06,nan,nan,nan,nan
888,22.2,3.176573571e-06,2.612738288e-06,nan,nan,nan,nan
889,22.225,3.273302901e-06,2.680827261e-06,nan,nan,nan,nan
890,22.25,3.376320530e-06,2.782815712e-06,nan,nan,nan,nan
891,22.275,3.499340484e-06,2.871768075e-06,nan,nan,nan,nan
892,22.3,3.578785335e-06,2.956059493e-06,nan,nan,nan,nan
893,22.325,3.730794860e-06,3.068092041e-06,nan,nan,nan,nan
894,22.35,3.835311803e-06,3.139977600e-06,nan,nan,nan,nan
895,22.375,3.966730550e-06,3.269119785e-06,nan,nan,nan,nan
896,22.4,4.101536003e-06,3.364992288e-06,nan,nan,nan,nan
897,22.425,4.206062763e-06,3.474053267e-06,nan,nan,nan,nan
898,22.45,4.374288574e-06,3.596484622e-06,nan,nan,nan,nan
899,22.475,4.486156369e-06,3.681966850e-06,nan,nan,nan,nan
900,22.5,4.652499670e-06,3.833680931e-06,nan,nan,nan,nan
901,22.525,4.799198210e-06,3.935985650e-06,nan,nan,nan,nan
902,22.55,4.934928119e-06,4.075671418e-06,nan,nan,nan,nan
903,22.575,5.120086054e-06,4.208479854e-06,nan,nan,nan,nan
904,22.6,5.238497924e-06,4.321399970e-06,nan,nan,nan,nan
905,22.625,5.447598158e-06,4.487867835e-06,nan,nan,nan,nan
906,22.65,5.605990656e-06,4.595755787e-06,nan,nan,nan,nan
907,22.675,5.780316510e-06,4.773114010e-06,nan,nan,nan,nan
908,22.7,5.982887529e-06,4.915969310e-06,nan,nan,nan,nan
909,22.725,6.116613082e-06,5.063015255e-06,nan,nan,nan,nan
910,22.75,6.367795483e-06,5.244488224e-06,nan,nan,nan,nan
911,22.775,6.537279820e-06,5.356651805e-06,nan,nan,nan,nan
912,22.8,6.759096805e-06,5.580135618e-06,nan,nan,nan,nan
913,22.825,6.979237265e-06,5.732305789e-06,nan,nan,nan,nan
914,22.85,7.154933688e-06,5.921543003e-06,nan,nan,nan,nan
915,22.875,7.430851123e-06,6.117935642e-06,nan,nan,nan,nan
916,22.9,7.610305615e-06,6.267136930e-06,nan,nan,nan,nan
917,22.925,7.890278679e-06,6.512205964e-06,nan,nan,nan,nan
918,22.95,8.127710690e-06,6.672444651e-06,nan,nan,nan,nan
919,22.975,8.355402976e-06,6.913562576e-06,nan,nan,nan,nan
920,23,8.656719142e-06,7.124345376e-06,nan,nan,nan,nan
921,23.025,8.844362397e-06,7.320217364e-06,nan,nan,nan,nan
922,23.05,9.195235073e-06,7.586681044e-06,nan,nan,nan,nan
923,23.075,9.449113428e-06,7.753092518e-06,nan,nan,nan,nan
924,23.1,9.740849879e-06,8.057689349e-06,nan,nan,nan,nan
925,23.125,1.006776607e-05,8.281759056e-06,nan,nan,nan,nan
926,23.15,1.029082203e-05,8.535341333e-06,nan,nan,nan,nan
927,23.175,1.069793992e-05,8.822984392e-06,nan,nan,nan,nan
928,23.2,1.096669191e-05,9.017324025e-06,nan,nan,nan,nan
929,23.225,1.133689854e-05,9.374773325e-06,nan,nan,nan,nan
930,23.25,1.168900203e-05,9.610297337e-06,nan,nan,nan,nan
931,23.275,1.198152663e-05,9.934827150e-06,nan,nan,nan,nan
932,23.3,1.242522058e-05,1.024279785e-05,nan,nan,nan,nan
933,23.325,1.270635435e-05,1.050052405e-05,nan,nan,nan,nan
934,23.35,1.317224317e-05,1.088810881e-05,nan,nan,nan,nan
935,23.375,1.354832447e-05,1.113233961e-05,nan,nan,nan,nan
936,23.4,1.392653487e-05,1.154362989e-05,nan,nan,nan,nan
937,23.425,1.440702490e-05,1.187026096e-05,nan,nan,nan,nan
938,23.45,1.469690138e-05,1.220639368e-05,nan,nan,nan,nan
939,23.475,1.527893917e-05,1.262365430e-05,nan,nan,nan,nan
940,23.5,1.567677305e-05,1.287304349e-05,nan,nan,nan,nan
941,23.525,1.616006209e-05,1.338958267e-05,nan,nan,nan,nan
942,23.55,1.667670178e-05,1.373217767e-05,nan,nan,nan,nan
943,23.575,1.704587111e-05,1.416469259e-05,nan,nan,nan,nan
944,23.6,1.769271017e-05,1.461026151e-05,nan,nan,nan,nan
945,23.625,1.810879485e-05,1.494518914e-05,nan,nan,nan,nan
946,23.65,1.872026697e-05,1.550364883e-05,nan,nan,nan,nan
947,23.675,1.927129361e-05,1.585822878e-05,nan,nan,nan,nan
948,23.7,1.975425476e-05,1.640855567e-05,nan,nan,nan,nan
949,23.725,2.045326921e-05,1.687991183e-05,nan,nan,nan,nan
950,23.75,2.088251780e-05,1.732069812e-05,nan,nan,nan,nan
951,23.775,2.164960263e-05,1.792018359e-05,nan,nan,nan,nan
952,23.8,2.223183947e-05,1.828118799e-05,nan,nan,nan,nan
953,23.825,2.285451188e-05,1.897478086e-05,nan,nan,nan,nan
954,23.85,2.360465248e-05,1.946795826e-05,nan,nan,nan,nan
955,23.875,2.406151639e-05,2.003887505e-05,nan,nan,nan,nan
956,23.9,2.499518246e-05,2.067720293e-05,nan,nan,nan,nan
957,23.925,2.560368612e-05,2.110704091e-05,nan,nan,nan,nan
958,23.95,2.639690593e-05,2.190412624e-05,nan,nan,nan,nan
959,23.975,2.719556390e-05,2.241337030e-05,nan,nan,nan,nan
960,24,2.780251067e-05,2.314329385e-05,nan,nan,nan,nan
961,24.025,2.880915898e-05,2.381665756e-05,nan,nan,nan,nan
962,24.05,2.943680415e-05,2.438859792e-05,nan,nan,nan,nan
963,24.075,3.043712222e-05,2.524161420e-05,nan,nan,nan,nan
964,24.1,3.127972688e-05,2.575897855e-05,nan,nan,nan,nan
965,24.125,3.207121497e-05,2.668213346e-05,nan,nan,nan,nan
966,24.15,3.314911304e-05,2.738470853e-05,nan,nan,nan,nan
967,24.175,3.378610586e-05,2.813134927e-05,nan,nan,nan,nan
968,24.2,3.503669554e-05,2.903683958e-05,nan,nan,nan,nan
969,24.225,3.591624013e-05,2.958159777e-05,nan,nan,nan,nan
970,24.25,3.693320555e-05,3.070851974e-05,nan,nan,nan,nan
971,24.275,3.807844928e-05,3.143200097e-05,nan,nan,nan,nan
972,24.3,3.882832443e-05,3.239204219e-05,nan,nan,nan,nan
973,24.325,4.026344715e-05,3.334427797e-05,nan,nan,nan,nan
974,24.35,4.116993341e-05,3.407880237e-05,nan,nan,nan,nan
975,24.375,4.246082114e-05,3.528086993e-05,nan,nan,nan,nan
976,24.4,4.366679406e-05,3.601393127e-05,nan,nan,nan,nan
977,24.425,4.465897865e-05,3.723313938e-05,nan,nan,nan,nan
978,24.45,4.619192666e-05,3.822358969e-05,nan,nan,nan,nan
979,24.475,4.711171738e-05,3.919143993e-05,nan,nan,nan,nan
980,24.5,4.873365075e-05,4.046323505e-05,nan,nan,nan,nan
981,24.525,4.999039058e-05,4.119090246e-05,nan,nan,nan,nan
982,24.55,5.127896131e-05,4.272320147e-05,nan,nan,nan,nan
983,24.575,5.290385398e-05,4.373991400e-05,nan,nan,nan,nan
984,24.6,5.381892173e-05,4.499269077e-05,nan,nan,nan,nan
985,24.625,5.583902419e-05,4.632563482e-05,nan,nan,nan,nan
986,24.65,5.713248461e-05,4.725972083e-05,nan,nan,nan,nan
987,24.675,5.878133287e-05,4.893726454e-05,nan,nan,nan,nan
988,24.7,6.048855497e-05,4.996414741e-05,nan,nan,nan,nan
989,24.725,6.171466339e-05,5.156273373e-05,nan,nan,nan,nan
990,24.75,6.387249943e-05,5.294437890e-05,nan,nan,nan,nan
991,24.775,6.518369388e-05,5.418864663e-05,nan,nan,nan,nan
992,24.8,6.726802232e-05,5.595720619e-05,nan,nan,nan,nan
993,24.825,6.904338300e-05,5.697319846e-05,nan,nan,nan,nan
994,24.85,7.065709547e-05,5.898915921e-05,nan,nan,nan,nan
995,24.875,7.293833907e-05,6.040236684e-05,nan,nan,nan,nan
996,24.9,7.424235265e-05,6.202528394e-05,nan,nan,nan,nan
997,24.925,7.685036077e-05,6.387209281e-05,nan,nan,nan,nan
998,24.95,7.867411863e-05,6.504908135e-05,nan,nan,nan,nan
999,24.975,8.075931091e-05,6.736736572e-05,nan,nan,nan,nan
1000,25,8.314996717e-05,6.878935825e-05,nan,nan,nan,nan
1001,25.025,8.464304251e-05,7.087151692e-05,nan,nan,nan,nan
1002,25.05,8.764959816e-05,7.277849911e-05,nan,nan,nan,nan
1003,25.075,8.949533686e-05,7.436615221e-05,nan,nan,nan,nan
1004,25.1,9.215055119e-05,7.680093129e-05,nan,nan,nan,nan
1005,25.125,9.463039683e-05,7.820220340e-05,nan,nan,nan,nan
1006,25.15,9.662812428e-05,8.083810259e-05,nan,nan,nan,nan
1007,25.175,9.979739353e-05,8.278079026e-05,nan,nan,nan,nan
1008,25.2,1.016307306e-04,8.486953623e-05,nan,nan,nan,nan
1009,25.225,1.049713116e-04,8.740194952e-05,nan,nan,nan,nan
1010,25.25,1.075126165e-04,8.887276016e-05,nan,nan,nan,nan
1011,25.275,1.101246390e-04,9.204506349e-05,nan,nan,nan,nan
1012,25.3,1.134362669e-04,9.399135504e-05,nan,nan,nan,nan
1013,25.325,1.152272832e-04,9.668737071e-05,nan,nan,nan,nan
1014,25.35,1.193738616e-04,9.929131877e-05,nan,nan,nan,nan
1015,25.375,1.219399218e-04,1.013038882e-04,nan,nan,nan,nan
1016,25.4,1.252948029e-04,1.046220356e-04,nan,nan,nan,nan
1017,25.425,1.287199994e-04,1.065307773e-04,nan,nan,nan,nan
1018,25.45,1.311656239e-04,1.099582419e-04,nan,nan,nan,nan
1019,25.475,1.355227160e-04,1.125989714e-04,nan,nan,nan,nan
1020,25.5,1.380661789e-04,1.152722040e-04,nan,nan,nan,nan
1021,25.525,1.423140914e-04,1.187085581e-04,nan,nan,nan,nan
1022,25.55,1.458139662e-04,1.205336383e-04,nan,nan,nan,nan
1023,25.575,1.490569593e-04,1.248315386e-04,nan,nan,nan,nan
1024,25.6,1.535950418e-04,1.274640281e-04,nan,nan,nan,nan
1025,25.625,1.560560012e-04,1.309371707e-04,nan,nan,nan,nan
1026,25.65,1.613717230e-04,1.344542906e-04,nan,nan,nan,nan
1027,25.675,1.648953864e-04,1.369918818e-04,nan,nan,nan,nan
1028,25.7,1.691027947e-04,1.414677345e-04,nan,nan,nan,nan
1029,25.725,1.737809828e-04,1.440348619e-04,nan,nan,nan,nan
1030,25.75,1.767434091e-04,1.484703334e-04,nan,nan,nan,nan
1031,25.775,1.826710635e-04,1.520191398e-04,nan,nan,nan,nan
1032,25.8,1.861534684e-04,1.554249226e-04,nan,nan,nan,nan
1033,25.825,1.915199882e-04,1.600385826e-04,nan,nan,nan,nan
1034,25.85,1.962838839e-04,1.624690521e-04,nan,nan,nan,nan
1035,25.875,2.002780961e-04,1.680555840e-04,nan,nan,nan,nan
1036,25.9,2.064299304e-04,1.715732787e-04,nan,nan,nan,nan
1037,25.925,2.097894327e-04,1.760290634e-04,nan,nan,nan,nan
1038,25.95,2.165411410e-04,1.807272014e-04,nan,nan,nan,nan
1039,25.975,2.213203909e-04,1.839143707e-04,nan,nan,nan,nan
1040,26,2.265626028e-04,1.898893195e-04,nan,nan,nan,nan
1041,26.025,2.328807768e-04,1.932970360e-04,nan,nan,nan,nan
1042,26.05,2.364348535e-04,1.990142904e-04,nan,nan,nan,nan
1043,26.075,2.444148669e-04,2.037280339e-04,nan,nan,nan,nan
1044,26.1,2.491204048e-04,2.080528257e-04,nan,nan,nan,nan
1045,26.125,2.558620281e-04,2.141804731e-04,nan,nan,nan,nan
1046,26.15,2.622707282e-04,2.173806350e-04,nan,nan,nan,nan
1047,26.175,2.671566058e-04,2.246043806e-04,nan,nan,nan,nan
1048,26.2,2.754059181e-04,2.292466534e-04,nan,nan,nan,nan
1049,26.225,2.799268634e-04,2.349454271e-04,nan,nan,nan,nan
1050,26.25,2.884591215e-04,2.411503927e-04,nan,nan,nan,nan
1051,26.275,2.948614470e-04,2.451448279e-04,nan,nan,nan,nan
1052,26.3,3.013579497e-04,2.530368573e-04,nan,nan,nan,nan
1053,26.325,3.097951377e-04,2.574993948e-04,nan,nan,nan,nan
1054,26.35,3.140243758e-04,2.648462493e-04,nan,nan,nan,nan
1055,26.375,3.246543297e-04,2.710325432e-04,nan,nan,nan,nan
1056,26.4,3.309287958e-04,2.765138599e-04,nan,nan,nan,nan
1057,26.425,3.393593235e-04,2.845627690e-04,nan,nan,nan,nan
1058,26.45,3.478792099e-04,2.887127800e-04,nan,nan,nan,nan
1059,26.475,3.538242144e-04,2.980243511e-04,nan,nan,nan,nan
1060,26.5,3.647656399e-04,3.040720030e-04,nan,nan,nan,nan
1061,26.525,3.707622664e-04,3.113461628e-04,nan,nan,nan,nan
1062,26.55,3.815004614e-04,3.194462601e-04,nan,nan,nan,nan
1063,26.575,3.899701757e-04,3.244515714e-04,nan,nan,nan,nan
1064,26.6,3.979892306e-04,3.347634265e-04,nan,nan,nan,nan
1065,26.625,4.091281861e-04,3.405247247e-04,nan,nan,nan,nan
1066,26.65,4.146641421e-04,3.499454346e-04,nan,nan,nan,nan
1067,26.675,4.281400981e-04,3.579639048e-04,nan,nan,nan,nan
1068,26.7,4.363946783e-04,3.649081654e-04,nan,nan,nan,nan
1069,26.725,4.469022262e-04,3.753612166e-04,nan,nan,nan,nan
1070,26.75,4.580935847e-04,3.806565288e-04,nan,nan,nan,nan
1071,26.775,4.653032989e-04,3.926310988e-04,nan,nan,nan,nan
1072,26.8,4.796553986e-04,4.004037695e-04,nan,nan,nan,nan
1073,26.825,4.874929017e-04,4.096813481e-04,nan,nan,nan,nan
1074,26.85,5.009664501e-04,4.201286463e-04,nan,nan,nan,nan
1075,26.875,5.120289585e-04,4.264130264e-04,nan,nan,nan,nan
1076,26.9,5.219047549e-04,4.397375218e-04,nan,nan,nan,nan
1077,26.925,5.364410752e-04,4.470641691e-04,nan,nan,nan,nan
1078,26.95,5.436171616e-04,4.591294773e-04,nan,nan,nan,nan
1079,26.975,5.606048126e-04,4.693886509e-04,nan,nan,nan,nan
1080,27,5.713156081e-04,4.781962127e-04,nan,nan,nan,nan
1081,27.025,5.843866311e-04,4.916129155e-04,nan,nan,nan,nan
1082,27.05,5.989081458e-04,4.982520785e-04,nan,nan,nan,nan
1083,27.075,6.076438134e-04,5.136266647e-04,nan,nan,nan,nan
1084,27.1,6.262587400e-04,5.234746522e-04,nan,nan,nan,nan
1085,27.125,6.363472893e-04,5.353115204e-04,nan,nan,nan,nan
1086,27.15,6.532214067e-04,5.486178838e-04,nan,nan,nan,nan
1087,27.175,6.674822928e-04,5.565409485e-04,nan,nan,nan,nan
1088,27.2,6.796401319e-04,5.735613992e-04,nan,nan,nan,nan
1089,27.225,6.983866205e-04,5.827286453e-04,nan,nan,nan,nan
1090,27.25,7.075280488e-04,5.981759905e-04,nan,nan,nan,nan
1091,27.275,7.289009098e-04,6.111235730e-04,nan,nan,nan,nan
1092,27.3,7.426017712e-04,6.223235351e-04,nan,nan,nan,nan
1093,27.325,7.588548492e-04,6.393347676e-04,nan,nan,nan,nan
1094,27.35,7.774617936e-04,6.474988517e-04,nan,nan,nan,nan
1095,27.375,7.880671403e-04,6.672214037e-04,nan,nan,nan,nan
1096,27.4,8.119343945e-04,6.795093798e-04,nan,nan,nan,nan
1097,27.425,8.247148203e-04,6.946329236e-04,nan,nan,nan,nan
1098,27.45,8.458339155e-04,7.113582236e-04,nan,nan,nan,nan
1099,27.475,8.639700323e-04,7.214089906e-04,nan,nan,nan,nan
1100,27.5,8.789627232e-04,7.428921183e-04,nan,nan,nan,nan
1101,27.525,9.028461031e-04,7.541601726e-04,nan,nan,nan,nan
1102,27.55,9.142765251e-04,7.739471864e-04,nan,nan,nan,nan
1103,27.575,9.411409285e-04,7.900508610e-04,nan,nan,nan,nan
1104,27.6,9.584064647e-04,8.043488893e-04,nan,nan,nan,nan
1105,27.625,9.786393676e-04,8.256424019e-04,nan,nan,nan,nan
1106,27.65,1.002172255e-03,8.354629804e-04,nan,nan,nan,nan
1107,27.675,1.015113262e-03,8.607566757e-04,nan,nan,nan,nan
1108,27.7,1.045354199e-03,8.758361397e-04,nan,nan,nan,nan
1109,27.725,1.061271881e-03,8.952039540e-04,nan,nan,nan,nan
1110,27.75,1.087718423e-03,9.159332034e-04,nan,nan,nan,nan
1111,27.775,1.110457407e-03,9.287828979e-04,nan,nan,nan,nan
1112,27.8,1.129016905e-03,9.555608511e-04,nan,nan,nan,nan
1113,27.825,1.159063174e-03,9.691380178e-04,nan,nan,nan,nan
1114,27.85,1.173068368e-03,9.945131359e-04,nan,nan,nan,nan
1115,27.875,1.206835301e-03,1.014228317e-03,nan,nan,nan,nan
1116,27.9,1.228250128e-03,1.032571486e-03,nan,nan,nan,nan
1117,27.925,1.253504542e-03,1.058864481e-03,nan,nan,nan,nan
1118,27.95,1.282864160e-03,1.070376438e-03,nan,nan,nan,nan
1119,27.975,1.298786389e-03,1.102823281e-03,nan,nan,nan,nan
1120,28,1.336635249e-03,1.120989880e-03,nan,nan,nan,nan
1121,28.025,1.356097930e-03,1.145867768e-03,nan,nan,nan,nan
1122,28.05,1.389271516e-03,1.171173169e-03,nan,nan,nan,nan
1123,28.075,1.417355279e-03,1.187747348e-03,nan,nan,nan,nan
1124,28.1,1.440464532e-03,1.220684683e-03,nan,nan,nan,nan
1125,28.125,1.477768351e-03,1.236673167e-03,nan,nan,nan,nan
1126,28.15,1.494541394e-03,1.269267923e-03,nan,nan,nan,nan
1127,28.175,1.537021171e-03,1.292988139e-03,nan,nan,nan,nan
1128,28.2,1.563130604e-03,1.316651581e-03,nan,nan,nan,nan
1129,28.225,1.594779836e-03,1.348645889e-03,nan,nan,nan,nan
1130,28.25,1.630883677e-03,1.362549681e-03,nan,nan,nan,nan
1131,28.275,1.650692735e-03,1.403369146e-03,nan,nan,nan,nan
1132,28.3,1.697459027e-03,1.424800244e-03,nan,nan,nan,nan
1133,28.325,1.720773411e-03,1.456864592e-03,nan,nan,nan,nan
1134,28.35,1.762495674e-03,1.487247691e-03,nan,nan,nan,nan
1135,28.375,1.796622525e-03,1.508823015e-03,nan,nan,nan,nan
1136,28.4,1.825613479e-03,1.548763647e-03,nan,nan,nan,nan
1137,28.425,1.871286029e-03,1.567083130e-03,nan,nan,nan,nan
1138,28.45,1.890848487e-03,1.609031446e-03,nan,nan,nan,nan
1139,28.475,1.944374206e-03,1.637016254e-03,nan,nan,nan,nan
1140,28.5,1.975610694e-03,1.667717220e-03,nan,nan,nan,nan
1141,28.525,2.015476640e-03,1.706031749e-03,nan,nan,nan,nan
1142,28.55,2.059190789e-03,1.724470147e-03,nan,nan,nan,nan
1143,28.575,2.084162571e-03,1.773788226e-03,nan,nan,nan,nan
1144,28.6,2.141168614e-03,1.798455333e-03,nan,nan,nan,nan
1145,28.625,2.168449733e-03,1.839925699e-03,nan,nan,nan,nan
1146,28.65,2.221101668e-03,1.875734050e-03,nan,nan,nan,nan
1147,28.675,2.261840780e-03,1.904065853e-03,nan,nan,nan,nan
1148,28.7,2.298525494e-03,1.951754146e-03,nan,nan,nan,nan
1149,28.725,2.353614243e-03,1.972037515e-03,nan,nan,nan,nan
1150,28.75,2.375707093e-03,2.026128019e-03,nan,nan,nan,nan
1151,28.775,2.443293682e-03,2.058402580e-03,nan,nan,nan,nan
1152,28.8,2.479872404e-03,2.098448274e-03,nan,nan,nan,nan
1153,28.825,2.530378986e-03,2.143522632e-03,nan,nan,nan,nan
1154,28.85,2.582418590e-03,2.168288109e-03,nan,nan,nan,nan
1155,28.875,2.614346926e-03,2.226980927e-03,nan,nan,nan,nan
1156,28.9,2.682833383e-03,2.254530918e-03,nan,nan,nan,nan
1157,28.925,2.713879882e-03,2.308339363e-03,nan,nan,nan,nan
1158,28.95,2.780579016e-03,2.349651330e-03,nan,nan,nan,nan
1159,28.975,2.828250080e-03,2.387138903e-03,nan,nan,nan,nan
1160,29,2.875092818e-03,2.443108249e-03,nan,nan,nan,nan
1161,29.025,2.940465728e-03,2.464563221e-03,nan,nan,nan,nan
1162,29.05,2.965787950e-03,2.534431219e-03,nan,nan,nan,nan
1163,29.075,3.049949359e-03,2.570650975e-03,nan,nan,nan,nan
1164,29.1,3.091725579e-03,2.623127211e-03,nan,nan,nan,nan
1165,29.125,3.156096710e-03,2.675089628e-03,nan,nan,nan,nan
1166,29.15,3.216887288e-03,2.708681198e-03,nan,nan,nan,nan
1167,29.175,3.258277505e-03,2.777374686e-03,nan,nan,nan,nan
1168,29.2,3.339268820e-03,2.806973107e-03,nan,nan,nan,nan
1169,29.225,3.373396602e-03,2.876977355e-03,nan,nan,nan,nan
1170,29.25,3.458222126e-03,2.923448045e-03,nan,nan,nan,nan
1171,29.275,3.512732255e-03,2.973345145e-03,nan,nan,nan,nan
1172,29.3,3.573071189e-03,3.037766709e-03,nan,nan,nan,nan
1173,29.325,3.649257048e-03,3.065902599e-03,nan,nan,nan,nan
1174,29.35,3.683113022e-03,3.149362737e-03,nan,nan,nan,nan
1175,29.375,3.782276918e-03,3.188636104e-03,nan,nan,nan,nan
1176,29.4,3.828557055e-03,3.257644271e-03,nan,nan,nan,nan
1177,29.425,3.911067766e-03,3.316136389e-03,nan,nan,nan,nan
1178,29.45,3.980558908e-03,3.361994741e-03,nan,nan,nan,nan
1179,29.475,4.034876518e-03,3.440891689e-03,nan,nan,nan,nan
1180,29.5,4.128997409e-03,3.471021045e-03,nan,nan,nan,nan
1181,29.525,4.164823544e-03,3.562268859e-03,nan,nan,nan,nan
1182,29.55,4.273098005e-03,3.612929722e-03,nan,nan,nan,nan
1183,29.575,4.333727381e-03,3.679608179e-03,nan,nan,nan,nan
1184,29.6,4.412055043e-03,3.752091952e-03,nan,nan,nan,nan
1185,29.625,4.499031003e-03,3.792224332e-03,nan,nan,nan,nan
1186,29.65,4.545033089e-03,3.887831360e-03,nan,nan,nan,nan
1187,29.675,4.659907011e-03,3.928493016e-03,nan,nan,nan,nan
1188,29.7,4.709204955e-03,4.019443032e-03,nan,nan,nan,nan
1189,29.725,4.815494661e-03,4.083393754e-03,nan,nan,nan,nan
1190,29.75,4.892917228e-03,4.146194549e-03,nan,nan,nan,nan
1191,29.775,4.964901262e-03,4.234849163e-03,nan,nan,nan,nan
1192,29.8,5.072134934e-03,4.267327173e-03,nan,nan,nan,nan
1193,29.825,5.107303527e-03,4.382107083e-03,nan,nan,nan,nan
1194,29.85,5.245939710e-03,4.435111507e-03,nan,nan,nan,nan
1195,29.875,5.311067223e-03,4.524385822e-03,nan,nan,nan,nan
1196,29.9,5.413378954e-03,4.603725919e-03,nan,nan,nan,nan
1197,29.925,5.510296048e-03,4.660875421e-03,nan,nan,nan,nan
1198,29.95,5.573467508e-03,4.768096730e-03,nan,nan,nan,nan
1199,29.975,5.704011488e-03,4.807424102e-03,nan,nan,nan,nan
1200,30,5.753741656e-03,4.927390811e-03,nan,nan,nan,nan
1201,30.025,5.891198369e-03,4.994731394e-03,nan,nan,nan,nan
1202,30.05,5.974756190e-03,5.080744699e-03,nan,nan,nan,nan
1203,30.075,6.070806635e-03,5.177776416e-03,nan,nan,nan,nan
1204,30.1,6.190185224e-03,5.227266096e-03,nan,nan,nan,nan
1205,30.125,6.241753357e-03,5.355672450e-03,nan,nan,nan,nan
1206,30.15,6.398948354e-03,5.407979907e-03,nan,nan,nan,nan
1207,30.175,6.465708596e-03,5.527500248e-03,nan,nan,nan,nan
1208,30.2,6.599927839e-03,5.611356565e-03,nan,nan,nan,nan
1209,30.225,6.704765365e-03,5.692309622e-03,nan,nan,nan,nan
1210,30.25,6.791970719e-03,5.809541383e-03,nan,nan,nan,nan
1211,30.275,6.937049152e-03,5.849121234e-03,nan,nan,nan,nan
1212,30.3,6.983148178e-03,6.001557073e-03,nan,nan,nan,nan
1213,30.325,7.161371753e-03,6.068870044e-03,nan,nan,nan,nan
1214,30.35,7.247859227e-03,6.186393176e-03,nan,nan,nan,nan
1215,30.375,7.376507263e-03,6.289131864e-03,nan,nan,nan,nan
1216,30.4,7.505725422e-03,6.363007942e-03,nan,nan,nan,nan
1217,30.425,7.581194541e-03,6.503155279e-03,nan,nan,nan,nan
1218,30.45,7.755485351e-03,6.550147247e-03,nan,nan,nan,nan
1219,30.475,7.819349051e-03,6.709867204e-03,nan,nan,nan,nan
1220,30.5,7.995837275e-03,6.794376180e-03,nan,nan,nan,nan
1221,30.525,8.104977595e-03,6.908160995e-03,nan,nan,nan,nan
1222,30.55,8.225441727e-03,7.032333845e-03,nan,nan,nan,nan
1223,30.575,8.382392605e-03,7.096898630e-03,nan,nan,nan,nan
1224,30.6,8.442924363e-03,7.262882212e-03,nan,nan,nan,nan
1225,30.625,8.650213659e-03,7.324977682e-03,nan,nan,nan,nan
1226,30.65,8.734551649e-03,7.484847300e-03,nan,nan,nan,nan
1227,30.675,8.907019971e-03,7.588902924e-03,nan,nan,nan,nan
1228,30.7,9.041963459e-03,7.697021459e-03,nan,nan,nan,nan
1229,30.725,9.151353382e-03,7.845360342e-03,nan,nan,nan,nan
1230,30.75,9.339636120e-03,7.898165880e-03,nan,nan,nan,nan
1231,30.775,9.393907425e-03,8.093106221e-03,nan,nan,nan,nan
1232,30.8,9.626064584e-03,8.172414768e-03,nan,nan,nan,nan
1233,30.825,9.733781252e-03,8.330860755e-03,nan,nan,nan,nan
1234,30.85,9.899703787e-03,8.456965476e-03,nan,nan,nan,nan
1235,30.875,1.006381769e-02,8.557310673e-03,nan,nan,nan,nan
1236,30.9,1.015897206e-02,8.732718870e-03,nan,nan,nan,nan
1237,30.925,1.038242457e-02,8.782133416e-03,nan,nan,nan,nan
1238,30.95,1.045710872e-02,8.998320522e-03,nan,nan,nan,nan
1239,30.975,1.068796687e-02,9.097072015e-03,nan,nan,nan,nan
1240,31,1.082214976e-02,9.252380093e-03,nan,nan,nan,nan
1241,31.025,1.097877039e-02,9.403175975e-03,nan,nan,nan,nan
1242,31.05,1.117562662e-02,9.493474314e-03,nan,nan,nan,nan
1243,31.075,1.125312548e-02,9.699013856e-03,nan,nan,nan,nan
1244,31.1,1.151581145e-02,9.764732501e-03,nan,nan,nan,nan
1245,31.125,1.161366570e-02,9.983115724e-03,nan,nan,nan,nan
1246,31.15,1.184093434e-02,1.010364449e-02,nan,nan,nan,nan
1247,31.175,1.200483773e-02,1.025397625e-02,nan,nan,nan,nan
1248,31.2,1.214918739e-02,1.043222855e-02,nan,nan,nan,nan
1249,31.225,1.238254530e-02,1.051005809e-02,nan,nan,nan,nan
1250,31.25,1.243872898e-02,1.074893271e-02,nan,nan,nan,nan
1251,31.275,1.274491983e-02,1.083293315e-02,nan,nan,nan,nan
1252,31.3,1.286882648e-02,1.105216700e-02,nan,nan,nan,nan
1253,31.325,1.309005197e-02,1.119689152e-02,nan,nan,nan,nan
1254,31.35,1.328707529e-02,1.134030697e-02,nan,nan,nan,nan
1255,31.375,1.341599605e-02,1.154888306e-02,nan,nan,nan,nan
1256,31.4,1.368977979e-02,1.161169743e-02,nan,nan,nan,nan
1257,31.425,1.376592344e-02,1.188723068e-02,nan,nan,nan,nan
1258,31.45,1.407492610e-02,1.199153234e-02,nan,nan,nan,nan
1259,31.475,1.422786644e-02,1.221022019e-02,nan,nan,nan,nan
1260,31.5,1.444046131e-02,1.238161796e-02,nan,nan,nan,nan
1261,31.525,1.467412187e-02,1.251610421e-02,nan,nan,nan,nan
1262,31.55,1.478429842e-02,1.275794749e-02,nan,nan,nan,nan
1263,31.575,1.510256845e-02,1.281424603e-02,nan,nan,nan,nan
1264,31.6,1.520290009e-02,1.311871453e-02,nan,nan,nan,nan
1265,31.625,1.551104291e-02,1.324534925e-02,nan,nan,nan,nan
1266,31.65,1.569606523e-02,1.346207679e-02,nan,nan,nan,nan
1267,31.675,1.589734515e-02,1.366265392e-02,nan,nan,nan,nan
1268,31.7,1.617124479e-02,1.378616053e-02,nan,nan,nan,nan
1269,31.725,1.625924378e-02,1.406425902e-02,nan,nan,nan,nan
1270,31.75,1.662616221e-02,1.413781056e-02,nan,nan,nan,nan
1271,31.775,1.675319670e-02,1.444822489e-02,nan,nan,nan,nan
1272,31.8,1.705850118e-02,1.459920233e-02,nan,nan,nan,nan
1273,31.825,1.727868257e-02,1.481257776e-02,nan,nan,nan,nan
1274,31.85,1.746591139e-02,1.504483314e-02,nan,nan,nan,nan
1275,31.875,1.778369672e-02,1.515531446e-02,nan,nan,nan,nan
1276,31.9,1.784601450e-02,1.547266358e-02,nan,nan,nan,nan
1277,31.925,1.826580372e-02,1.556492039e-02,nan,nan,nan,nan
1278,31.95,1.842202522e-02,1.588061734e-02,nan,nan,nan,nan
1279,31.975,1.872253117e-02,1.605788462e-02,nan,nan,nan,nan
1280,32,1.898093270e-02,1.626658605e-02,nan,nan,nan,nan
1281,32.025,1.915137602e-02,1.653296958e-02,nan,nan,nan,nan
1282,32.05,1.951669191e-02,1.662843454e-02,nan,nan,nan,nan
1283,32.075,1.959778660e-02,1.698799403e-02,nan,nan,nan,nan
1284,32.1,2.002670548e-02,1.710028744e-02,nan,nan,nan,nan
1285,32.125,2.021451767e-02,1.742074193e-02,nan,nan,nan,nan
1286,32.15,2.050834246e-02,1.762613748e-02,nan,nan,nan,nan
1287,32.175,2.080795753e-02,1.782896775e-02,nan,nan,nan,nan
1288,32.2,2.095894511e-02,1.813183258e-02,nan,nan,nan,nan
1289,32.225,2.137538109e-02,1.821040215e-02,nan,nan,nan,nan
1290,32.25,2.148041349e-02,1.861504664e-02,nan,nan,nan,nan
1291,32.275,2.191402663e-02,1.874853644e-02,nan,nan,nan,nan
1292,32.3,2.213569602e-02,1.907342129e-02,nan,nan,nan,nan
1293,32.325,2.242110273e-02,1.930862247e-02,nan,nan,nan,nan
1294,32.35,2.276479828e-02,1.950457171e-02,nan,nan,nan,nan
1295,32.375,2.289379562e-02,1.984612012e-02,nan,nan,nan,nan
1296,32.4,2.336482507e-02,1.990609269e-02,nan,nan,nan,nan
1297,32.425,2.349525848e-02,2.035855588e-02,nan,nan,nan,nan
1298,32.45,2.393284843e-02,2.051417365e-02,nan,nan,nan,nan
1299,32.475,2.419044058e-02,2.084342693e-02,nan,nan,nan,nan
1300,32.5,2.446591521e-02,2.110989141e-02,nan,nan,nan,nan
1301,32.525,2.485636569e-02,2.129820746e-02,nan,nan,nan,nan
1302,32.55,2.496105483e-02,2.168043033e-02,nan,nan,nan,nan
1303,32.575,2.548996668e-02,2.174357363e-02,nan,nan,nan,nan
1304,32.6,2.564698601e-02,2.222316739e-02,nan,nan,nan,nan
1305,32.625,2.608814814e-02,2.240155360e-02,nan,nan,nan,nan
1306,32.65,2.638345666e-02,2.273545369e-02,nan,nan,nan,nan
1307,32.675,2.664779446e-02,2.303435447e-02,nan,nan,nan,nan
1308,32.7,2.708740844e-02,2.321462123e-02,nan,nan,nan,nan
1309,32.725,2.716577814e-02,2.363923097e-02,nan,nan,nan,nan
1310,32.75,2.775560110e-02,2.371552076e-02,nan,nan,nan,nan
1311,32.775,2.794003724e-02,2.421340892e-02,nan,nan,nan,nan
1312,32.8,2.838477117e-02,2.441484373e-02,nan,nan,nan,nan
1313,32.825,2.871923948e-02,2.475409220e-02,nan,nan,nan,nan
1314,32.85,2.897164046e-02,2.508624619e-02,nan,nan,nan,nan
1315,32.875,2.946247976e-02,2.525846987e-02,nan,nan,nan,nan
1316,32.9,2.951913127e-02,2.572682676e-02,nan,nan,nan,nan
1317,32.925,3.016634421e-02,2.581557632e-02,nan,nan,nan,nan
1318,32.95,3.037859135e-02,2.633365905e-02,nan,nan,nan,nan
1319,32.975,3.082740122e-02,2.655798698e-02,nan,nan,nan,nan
1320,33,3.120203709e-02,2.690379897e-02,nan,nan,nan,nan
1321,33.025,3.144221052e-02,2.726958920e-02,nan,nan,nan,nan
1322,33.05,3.198590209e-02,2.743429240e-02,nan,nan,nan,nan
1323,33.075,3.205761561e-02,2.794732449e-02,nan,nan,nan,nan
1324,33.1,3.272659887e-02,2.804733053e-02,nan,nan,nan,nan
1325,33.125,3.296652491e-02,2.858811354e-02,nan,nan,nan,nan
1326,33.15,3.342052821e-02,2.883466197e-02,nan,nan,nan,nan
1327,33.175,3.383581130e-02,2.918886411e-02,nan,nan,nan,nan
1328,33.2,3.406408882e-02,2.958815573e-02,nan,nan,nan,nan
1329,33.225,3.466172942e-02,2.974647903e-02,nan,nan,nan,nan
1330,33.25,3.474714938e-02,3.030459558e-02,nan,nan,nan,nan
1331,33.275,3.544051877e-02,3.041405362e-02,nan,nan,nan,nan
1332,33.3,3.570736901e-02,3.098074917e-02,nan,nan,nan,nan
1333,33.325,3.616841366e-02,3.124824094e-02,nan,nan,nan,nan
1334,33.35,3.662419616e-02,3.161337627e-02,nan,nan,nan,nan
1335,33.375,3.684165330e-02,3.204542644e-02,nan,nan,nan,nan
1336,33.4,3.749370717e-02,3.219923727e-02,nan,nan,nan,nan
1337,33.425,3.759076061e-02,3.280223606e-02,nan,nan,nan,nan
1338,33.45,3.831196972e-02,3.291865027e-02,nan,nan,nan,nan
1339,33.475,3.860426420e-02,3.351528465e-02,nan,nan,nan,nan
1340,33.5,3.907505326e-02,3.380174509e-02,nan,nan,nan,nan
1341,33.525,3.957045406e-02,3.418118464e-02,nan,nan,nan,nan
1342,33.55,3.977903952e-02,3.464454675e-02,nan,nan,nan,nan
1343,33.575,4.048522949e-02,3.479655495e-02,nan,nan,nan,nan
1344,33.6,4.059102073e-02,3.544352371e-02,nan,nan,nan,nan
1345,33.625,4.134448805e-02,3.556361167e-02,nan,nan,nan,nan
1346,33.65,4.165991288e-02,3.619513869e-02,nan,nan,nan,nan
1347,33.675,4.214413636e-02,3.649779735e-02,nan,nan,nan,nan
1348,33.7,4.267742916e-02,3.689585782e-02,nan,nan,nan,nan
1349,33.725,4.288010118e-02,3.738828031e-02,nan,nan,nan,nan
1350,33.75,4.363929363e-02,3.754215987e-02,nan,nan,nan,nan
1351,33.775,4.374999362e-02,3.823137224e-02,nan,nan,nan,nan
1352,33.8,4.454123581e-02,3.835096500e-02,nan,nan,nan,nan
1353,33.825,4.487652913e-02,3.902338484e-02,nan,nan,nan,nan
1354,33.85,4.537900207e-02,3.933857247e-02,nan,nan,nan,nan
1355,33.875,4.594749796e-02,3.976063928e-02,nan,nan,nan,nan
1356,33.9,4.614836701e-02,4.027895955e-02,nan,nan,nan,nan
1357,33.925,4.695845112e-02,4.043947587e-02,nan,nan,nan,nan
1358,33.95,4.706918213e-02,4.116828235e-02,nan,nan,nan,nan
1359,33.975,4.790495273e-02,4.128222044e-02,nan,nan,nan,nan
1360,34,4.825578578e-02,4.200270294e-02,nan,nan,nan,nan
1361,34.025,4.878259172e-02,4.232574428e-02,nan,nan,nan,nan
1362,34.05,4.938251682e-02,4.277839924e-02,nan,nan,nan,nan
1363,34.075,4.958699374e-02,4.331843332e-02,nan,nan,nan,nan
1364,34.1,5.044475584e-02,4.349157503e-02,nan,nan,nan,nan
1365,34.125,5.054947210e-02,4.425628956e-02,nan,nan,nan,nan
1366,34.15,5.143790447e-02,4.435831557e-02,nan,nan,nan,nan
1367,34.175,5.179875870e-02,4.513532719e-02,nan,nan,nan,nan
1368,34.2,5.235739744e-02,4.546043022e-02,nan,nan,nan,nan
1369,34.225,5.298376644e-02,4.595158286e-02,nan,nan,nan,nan
1370,34.25,5.319871484e-02,4.650801139e-02,nan,nan,nan,nan
1371,34.275,5.409970850e-02,4.670112596e-02,nan,nan,nan,nan
1372,34.3,5.419107370e-02,4.749690873e-02,nan,nan,nan,nan
1373,34.325,5.514182724e-02,4.757955717e-02,nan,nan,nan,nan
1374,34.35,5.550586807e-02,4.842299058e-02,nan,nan,nan,nan
1375,34.375,5.610540664e-02,4.874313301e-02,nan,nan,nan,nan
1376,34.4,5.675189302e-02,4.928215449e-02,nan,nan,nan,nan
1377,34.425,5.698578488e-02,4.984840588e-02,nan,nan,nan,nan
1378,34.45,5.792419762e-02,5.007033784e-02,nan,nan,nan,nan
1379,34.475,5.799346025e-02,5.089107520e-02,nan,nan,nan,nan
1380,34.5,5.901786844e-02,5.094556063e-02,nan,nan,nan,nan
1381,34.525,5.937681685e-02,5.186686566e-02,nan,nan,nan,nan
1382,34.55,6.002804234e-02,5.217367955e-02,nan,nan,nan,nan
1383,34.575,6.068684627e-02,5.277153809e-02,nan,nan,nan,nan
1384,34.6,6.094991931e-02,5.333966974e-02,nan,nan,nan,nan
1385,34.625,6.191843698e-02,5.360090030e-02,nan,nan,nan,nan
1386,34.65,6.195530443e-02,5.443908265e-02,nan,nan,nan,nan
1387,34.675,6.306652343e-02,5.445518690e-02,nan,nan,nan,nan
1388,34.7,6.341052627e-02,5.546750175e-02,nan,nan,nan,nan
1389,34.725,6.412609911e-02,5.575115718e-02,nan,nan,nan,nan
1390,34.75,6.478781405e-02,5.642055362e-02,nan,nan,nan,nan
1391,34.775,6.509222963e-02,5.698113211e-02,nan,nan,nan,nan
1392,34.8,6.608189935e-02,5.729391911e-02,nan,nan,nan,nan
1393,34.825,6.607441212e-02,5.814051763e-02,nan,nan,nan,nan
1394,34.85,6.728756828e-02,5.810647727e-02,nan,nan,nan,nan
1395,34.875,6.760506859e-02,5.922475851e-02,nan,nan,nan,nan
1396,34.9,6.839967473e-02,5.947384745e-02,nan,nan,nan,nan
1397,34.925,6.905315401e-02,6.022934968e-02,nan,nan,nan,nan
1398,34.95,6.941315379e-02,6.077133104e-02,nan,nan,nan,nan
1399,34.975,7.041324687e-02,6.114984759e-02,nan,nan,nan,nan
1400,35,7.034765390e-02,6.199419107e-02,nan,nan,nan,nan
1401,35.025,7.167998872e-02,6.198188163e-02,nan,nan,nan,nan
1402,35.05,7.195759726e-02,6.313773620e-02,nan,nan,nan,nan
1403,35.075,7.284809771e-02,6.333915764e-02,nan,nan,nan,nan
1404,35.1,7.348032219e-02,6.419733232e-02,nan,nan,nan,nan
1405,35.125,7.391238209e-02,6.470794360e-02,nan,nan,nan,nan
1406,35.15,7.491025798e-02,6.516841407e-02,nan,nan,nan,nan
1407,35.175,7.486775374e-02,6.599806687e-02,nan,nan,nan,nan
1408,35.2,7.624190542e-02,6.604649640e-02,nan,nan,nan,nan
1409,35.225,7.646427467e-02,6.720470267e-02,nan,nan,nan,nan
1410,35.25,7.746985063e-02,6.734355034e-02,nan,nan,nan,nan
1411,35.275,7.806579895e-02,6.832309042e-02,nan,nan,nan,nan
1412,35.3,7.858877865e-02,6.878771370e-02,nan,nan,nan,nan
1413,35.325,7.956975139e-02,6.934854545e-02,nan,nan,nan,nan
1414,35.35,7.959348712e-02,7.014918797e-02,nan,nan,nan,nan
1415,35.375,8.097049581e-02,7.027647071e-02,nan,nan,nan,nan
1416,35.4,8.112019808e-02,7.142301755e-02,nan,nan,nan,nan
1417,35.425,8.226248984e-02,7.148247153e-02,nan,nan,nan,nan
1418,35.45,8.280501259e-02,7.260431790e-02,nan,nan,nan,nan
1419,35.475,8.344029876e-02,7.300637820e-02,nan,nan,nan,nan
1420,35.5,8.438750740e-02,7.368828744e-02,nan,nan,nan,nan
1421,35.525,8.449860916e-02,7.444360031e-02,nan,nan,nan,nan
1422,35.55,8.586191292e-02,7.467021935e-02,nan,nan,nan,nan
1423,35.575,8.591932397e-02,7.578905398e-02,nan,nan,nan,nan
1424,35.6,8.722256174e-02,7.575027761e-02,nan,nan,nan,nan
1425,35.625,8.769226118e-02,7.703773316e-02,nan,nan,nan,nan
1426,35.65,8.846390252e-02,7.735859164e-02,nan,nan,nan,nan
1427,35.675,8.935818695e-02,7.818472159e-02,nan,nan,nan,nan
1428,35.7,8.958051376e-02,7.887627517e-02,nan,nan,nan,nan
1429,35.725,9.091120173e-02,7.922520473e-02,nan,nan,nan,nan
1430,35.75,9.085439144e-02,8.029811854e-02,nan,nan,nan,nan
1431,35.775,9.234551622e-02,8.015448151e-02,nan,nan,nan,nan
1432,35.8,9.272063307e-02,8.161899643e-02,nan,nan,nan,nan
1433,35.825,9.365546536e-02,8.183785027e-02,nan,nan,nan,nan
1434,35.85,9.447524925e-02,8.283388000e-02,nan,nan,nan,nan
1435,35.875,9.483552210e-02,8.344103054e-02,nan,nan,nan,nan
1436,35.9,9.611221364e-02,8.393784878e-02,nan,nan,nan,nan
1437,35.925,9.591684549e-02,8.494436976e-02,nan,nan,nan,nan
1438,35.95,9.762561794e-02,8.492610253e-02,nan,nan,nan,nan
1439,35.975,9.788192695e-02,8.634262549e-02,nan,nan,nan,nan
1440,36,9.900968595e-02,8.643641614e-02,nan,nan,nan,nan
1441,36.025,9.973086843e-02,8.763065811e-02,nan,nan,nan,nan
1442,36.05,1.002587873e-01,8.813045221e-02,nan,nan,nan,nan
1443,36.075,1.014575197e-01,8.880344279e-02,nan,nan,nan,nan
1444,36.1,1.013674510e-01,8.972073629e-02,nan,nan,nan,nan
1445,36.125,1.030558562e-01,8.985608139e-02,nan,nan,nan,nan
1446,36.15,1.031665721e-01,9.120191066e-02,nan,nan,nan,nan
1447,36.175,1.045199925e-01,9.114524202e-02,nan,nan,nan,nan
1448,36.2,1.051158503e-01,9.256872654e-02,nan,nan,nan,nan
1449,36.225,1.058441969e-01,9.293581556e-02,nan,nan,nan,nan
1450,36.25,1.069383239e-01,9.381605602e-02,nan,nan,nan,nan
1451,36.275,1.070229042e-01,9.461883529e-02,nan,nan,nan,nan
1452,36.3,1.086278540e-01,9.493890396e-02,nan,nan,nan,nan
1453,36.325,1.085635500e-01,9.618882990e-02,nan,nan,nan,nan
1454,36.35,1.101784483e-01,9.595389798e-02,nan,nan,nan,nan
1455,36.375,1.106195499e-01,9.764044275e-02,nan,nan,nan,nan
1456,36.4,1.115842747e-01,9.784700870e-02,nan,nan,nan,nan
1457,36.425,1.125443764e-01,9.896844384e-02,nan,nan,nan,nan
1458,36.45,1.128396749e-01,9.962889218e-02,nan,nan,nan,nan
1459,36.475,1.143317782e-01,1.001677416e-01,nan,nan,nan,nan
1460,36.5,1.140603179e-01,1.012939650e-01,nan,nan,nan,nan
1461,36.525,1.159756572e-01,1.012333947e-01,nan,nan,nan,nan
1462,36.55,1.162297916e-01,1.028367636e-01,nan,nan,nan,nan
1463,36.575,1.174700821e-01,1.028524583e-01,nan,nan,nan,nan
1464,36.6,1.182638899e-01,1.042519566e-01,nan,nan,nan,nan
1465,36.625,1.188093017e-01,1.047396628e-01,nan,nan,nan,nan
1466,36.65,1.201562506e-01,1.055343564e-01,nan,nan,nan,nan
1467,36.675,1.199877579e-01,1.065064198e-01,nan,nan,nan,nan
1468,36.7,1.219006710e-01,1.066789306e-01,nan,nan,nan,nan
1469,36.725,1.219327916e-01,1.081471599e-01,nan,nan,nan,nan
1470,36.75,1.234911210e-01,1.079390591e-01,nan,nan,nan,nan
1471,36.775,1.240834575e-01,1.096564505e-01,nan,nan,nan,nan
1472,36.8,1.249217563e-01,1.099383589e-01,nan,nan,nan,nan
1473,36.825,1.260882624e-01,1.110290078e-01,nan,nan,nan,nan
1474,36.85,1.261869320e-01,1.118137423e-01,nan,nan,nan,nan
1475,36.875,1.279408992e-01,1.122597079e-01,nan,nan,nan,nan
1476,36.9,1.277130856e-01,1.135595342e-01,nan,nan,nan,nan
1477,36.925,1.296352391e-01,1.133435985e-01,nan,nan,nan,nan
1478,36.95,1.299879765e-01,1.151702010e-01,nan,nan,nan,nan
1479,36.975,1.311653444e-01,1.152105789e-01,nan,nan,nan,nan
1480,37,1.321130926e-01,1.166403623e-01,nan,nan,nan,nan
1481,37.025,1.325254819e-01,1.172018506e-01,nan,nan,nan,nan
1482,37.05,1.340820228e-01,1.179648018e-01,nan,nan,nan,nan
1483,37.075,1.337101346e-01,1.190601431e-01,nan,nan,nan,nan
1484,37.1,1.358885393e-01,1.191384792e-01,nan,nan,nan,nan
1485,37.125,1.359605764e-01,1.207798214e-01,nan,nan,nan,nan
1486,37.15,1.375266100e-01,1.205402440e-01,nan,nan,nan,nan
1487,37.175,1.382142321e-01,1.223554076e-01,nan,nan,nan,nan
1488,37.2,1.389904117e-01,1.226549656e-01,nan,nan,nan,nan
1489,37.225,1.403079141e-01,1.237815920e-01,nan,nan,nan,nan
1490,37.25,1.402743422e-01,1.246335253e-01,nan,nan,nan,nan
1491,37.275,1.422352946e-01,1.250532444e-01,nan,nan,nan,nan
1492,37.3,1.419825555e-01,1.264701863e-01,nan,nan,nan,nan
1493,37.325,1.439902457e-01,1.261654246e-01,nan,nan,nan,nan
1494,37.35,1.443733152e-01,1.281593721e-01,nan,nan,nan,nan
1495,37.375,1.455668524e-01,1.281555508e-01,nan,nan,nan,nan
1496,37.4,1.466005630e-01,1.296956780e-01,nan,nan,nan,nan
1497,37.425,1.469594244e-01,1.302624377e-01,nan,nan,nan,nan
1498,37.45,1.486578696e-01,1.310738819e-01,nan,nan,nan,nan
1499,37.475,1.481625081e-01,1.322243636e-01,nan,nan,nan,nan
1500,37.5,1.505390098e-01,1.322889548e-01,nan,nan,nan,nan
1501,37.525,1.505700599e-01,1.340356523e-01,nan,nan,nan,nan
1502,37.55,1.522379741e-01,1.336842610e-01,nan,nan,nan,nan
1503,37.575,1.529400125e-01,1.356908021e-01,nan,nan,nan,nan
1504,37.6,1.537489814e-01,1.359277992e-01,nan,nan,nan,nan
1505,37.625,1.551366517e-01,1.371844966e-01,nan,nan,nan,nan
1506,37.65,1.550664898e-01,1.380235541e-01,nan,nan,nan,nan
1507,37.675,1.571536521e-01,1.385116152e-01,nan,nan,nan,nan
1508,37.7,1.567822181e-01,1.399657481e-01,nan,nan,nan,nan
1509,37.725,1.589849074e-01,1.396672432e-01,nan,nan,nan,nan
1510,37.75,1.593043049e-01,1.417487803e-01,nan,nan,nan,nan
1511,37.775,1.606245418e-01,1.416086462e-01,nan,nan,nan,nan
1512,37.8,1.616499915e-01,1.433672375e-01,nan,nan,nan,nan
1513,37.825,1.620669216e-01,1.438470424e-01,nan,nan,nan,nan
1514,37.85,1.638128502e-01,1.448159043e-01,nan,nan,nan,nan
1515,37.875,1.633066659e-01,1.459292094e-01,nan,nan,nan,nan
1516,37.9,1.657866743e-01,1.460897731e-01,nan,nan,nan,nan
1517,37.925,1.656694393e-01,1.478494448e-01,nan,nan,nan,nan
1518,37.95,1.675654900e-01,1.472820995e-01,nan,nan,nan,nan
1519,37.975,1.681741566e-01,1.496022356e-01,nan,nan,nan,nan
1520,38,1.691435669e-01,1.496721598e-01,nan,nan,nan,nan
1521,38.025,1.704931578e-01,1.511822681e-01,nan,nan,nan,nan
1522,38.05,1.705154295e-01,1.519035947e-01,nan,nan,nan,nan
1523,38.075,1.726201325e-01,1.525844379e-01,nan,nan,nan,nan
1524,38.1,1.720093435e-01,1.539705978e-01,nan,nan,nan,nan
1525,38.125,1.745490045e-01,1.538038595e-01,nan,nan,nan,nan
1526,38.15,1.746832987e-01,1.558675531e-01,nan,nan,nan,nan
1527,38.175,1.762739424e-01,1.554742602e-01,nan,nan,nan,nan
1528,38.2,1.771689677e-01,1.575890452e-01,nan,nan,nan,nan
1529,38.225,1.777893705e-01,1.578644429e-01,nan,nan,nan,nan
1530,38.25,1.794599330e-01,1.591298688e-01,nan,nan,nan,nan
1531,38.275,1.790899789e-01,1.600879795e-01,nan,nan,nan,nan
1532,38.3,1.815500115e-01,1.604850381e-01,nan,nan,nan,nan
1533,38.325,1.811494361e-01,1.621391478e-01,nan,nan,nan,nan
1534,38.35,1.834332662e-01,1.616497962e-01,nan,nan,nan,nan
1535,38.375,1.838124898e-01,1.640124268e-01,nan,nan,nan,nan
1536,38.4,1.851040156e-01,1.637852612e-01,nan,nan,nan,nan
1537,38.425,1.862784938e-01,1.657025059e-01,nan,nan,nan,nan
1538,38.45,1.865568446e-01,1.661752515e-01,nan,nan,nan,nan
1539,38.475,1.885411543e-01,1.672042947e-01,nan,nan,nan,nan
1540,38.5,1.877866133e-01,1.683908517e-01,nan,nan,nan,nan
1541,38.525,1.905944229e-01,1.685129312e-01,nan,nan,nan,nan
1542,38.55,1.903937468e-01,1.704264310e-01,nan,nan,nan,nan
1543,38.575,1.924325072e-01,1.696375294e-01,nan,nan,nan,nan
1544,38.6,1.930459917e-01,1.722765695e-01,nan,nan,nan,nan
1545,38.625,1.940498805e-01,1.722039976e-01,nan,nan,nan,nan
1546,38.65,1.954927797e-01,1.739360667e-01,nan,nan,nan,nan
1547,38.675,1.954412910e-01,1.745943678e-01,nan,nan,nan,nan
1548,38.7,1.977279461e-01,1.753999508e-01,nan,nan,nan,nan
1549,38.725,1.968805895e-01,1.768028959e-01,nan,nan,nan,nan
1550,38.75,1.997455817e-01,1.766634866e-01,nan,nan,nan,nan
1551,38.775,1.997303729e-01,1.788240479e-01,nan,nan,nan,nan
1552,38.8,2.015400418e-01,1.781437424e-01,nan,nan,nan,nan
1553,38.825,2.023729452e-01,1.806525087e-01,nan,nan,nan,nan
1554,38.85,2.031059560e-01,1.807192854e-01,nan,nan,nan,nan
1555,38.875,2.048020207e-01,1.822831908e-01,nan,nan,nan,nan
1556,38.9,2.044382368e-01,1.831114906e-01,nan,nan,nan,nan
1557,38.925,2.070115672e-01,1.837112428e-01,nan,nan,nan,nan
1558,38.95,2.062973844e-01,1.853147055e-01,nan,nan,nan,nan
1559,38.975,2.089958161e-01,1.849320570e-01,nan,nan,nan,nan
1560,39,2.091474466e-01,1.873234953e-01,nan,nan,nan,nan
1561,39.025,2.107492714e-01,1.867331157e-01,nan,nan,nan,nan
1562,39.05,2.117825066e-01,1.891326516e-01,nan,nan,nan,nan
1563,39.075,2.122667182e-01,1.893197473e-01,nan,nan,nan,nan
1564,39.1,2.141964037e-01,1.907372009e-01,nan,nan,nan,nan
1565,39.125,2.135432311e-01,1.917161105e-01,nan,nan,nan,nan
1566,39.15,2.163832392e-01,1.921324117e-01,nan,nan,nan,nan
1567,39.175,2.157798681e-01,1.939166459e-01,nan,nan,nan,nan
1568,39.2,2.183373845e-01,1.933138028e-01,nan,nan,nan,nan
1569,39.225,2.186329853e-01,1.959160191e-01,nan,nan,nan,nan
1570,39.25,2.200534903e-01,1.953931152e-01,nan,nan,nan,nan
1571,39.275,2.212636857e-01,1.977091283e-01,nan,nan,nan,nan
1572,39.3,2.215264946e-01,1.979936857e-01,nan,nan,nan,nan
1573,39.325,2.236659340e-01,1.992911125e-01,nan,nan,nan,nan
1574,39.35,2.227516300e-01,2.003973719e-01,nan,nan,nan,nan
1575,39.375,2.258339625e-01,2.006573584e-01,nan,nan,nan,nan
1576,39.4,2.253148311e-01,2.025987079e-01,nan,nan,nan,nan
1577,39.425,2.277622804e-01,2.018035080e-01,nan,nan,nan,nan
1578,39.45,2.281747295e-01,2.045924584e-01,nan,nan,nan,nan
1579,39.475,2.294456813e-01,2.041107819e-01,nan,nan,nan,nan
1580,39.5,2.308051743e-01,2.063736263e-01,nan,nan,nan,nan
1581,39.525,2.308792508e-01,2.067289465e-01,nan,nan,nan,nan
1582,39.55,2.332002524e-01,2.079374604e-01,nan,nan,nan,nan
1583,39.575,2.320583739e-01,2.091439285e-01,nan,nan,nan,nan
1584,39.6,2.353543244e-01,2.092794618e-01,nan,nan,nan,nan
1585,39.625,2.348886667e-01,2.113503536e-01,nan,nan,nan,nan
1586,39.65,2.372620320e-01,2.103953911e-01,nan,nan,nan,nan
1587,39.675,2.377599750e-01,2.133430831e-01,nan,nan,nan,nan
1588,39.7,2.389183062e-01,2.128726003e-01,nan,nan,nan,nan
1589,39.725,2.403951678e-01,2.151172212e-01,nan,nan,nan,nan
1590,39.75,2.403183738e-01,2.155127796e-01,nan,nan,nan,nan
1591,39.775,2.427884501e-01,2.166681219e-01,nan,nan,nan,nan
1592,39.8,2.414577646e-01,2.179437955e-01,nan,nan,nan,nan
1593,39.825,2.449343050e-01,2.179913957e-01,nan,nan,nan,nan
1594,39.85,2.444872095e-01,2.201603619e-01,nan,nan,nan,nan
1595,39.875,2.468275010e-01,2.190829157e-01,nan,nan,nan,nan
1596,39.9,2.473754032e-01,2.221574328e-01,nan,nan,nan,nan
1597,39.925,2.484630988e-01,2.216643663e-01,nan,nan,nan,nan
1598,39.95,2.500211889e-01,2.239302085e-01,nan,nan,nan,nan
1599,39.975,2.498364586e-01,2.243316995e-01,nan,nan,nan,nan
1600,40,2.524188841e-01,2.254741429e-01,nan,nan,nan,nan
1601,40.025,2.509432458e-01,2.267842035e-01,nan,nan,nan,nan
1602,40.05,2.545630874e-01,2.267849492e-01,nan,nan,nan,nan
1603,40.075,2.540955769e-01,2.290166761e-01,nan,nan,nan,nan
1604,40.1,2.564486863e-01,2.278586061e-01,nan,nan,nan,nan
1605,40.125,2.570069155e-01,2.310241582e-01,nan,nan,nan,nan
1606,40.15,2.580708630e-01,2.304710583e-01,nan,nan,nan,nan
1607,40.175,2.596699158e-01,2.328019404e-01,nan,nan,nan,nan
1608,40.2,2.594251016e-01,2.331713507e-01,nan,nan,nan,nan
1609,40.225,2.620790001e-01,2.343455696e-01,nan,nan,nan,nan
1610,40.25,2.605084022e-01,2.356514590e-01,nan,nan,nan,nan
1611,40.275,2.642288750e-01,2.356508543e-01,nan,nan,nan,nan
1612,40.3,2.636980173e-01,2.379062588e-01,nan,nan,nan,nan
1613,40.325,2.661145376e-01,2.367138706e-01,nan,nan,nan,nan
1614,40.35,2.666394768e-01,2.399308718e-01,nan,nan,nan,nan
1615,40.375,2.677312825e-01,2.392767170e-01,nan,nan,nan,nan
1616,40.4,2.693270203e-01,2.417206719e-01,nan,nan,nan,nan
1617,40.425,2.690747069e-01,2.420163824e-01,nan,nan,nan,nan
1618,40.45,2.717551671e-01,2.432712911e-01,nan,nan,nan,nan
1619,40.475,2.701407167e-01,2.445308137e-01,nan,nan,nan,nan
1620,40.5,2.739187221e-01,2.445786250e-01,nan,nan,nan,nan
1621,40.525,2.732777711e-01,2.468149580e-01,nan,nan,nan,nan
1622,40.55,2.758127828e-01,2.456388381e-01,nan,nan,nan,nan
1623,40.575,2.762569718e-01,2.488640105e-01,nan,nan,nan,nan
1624,40.6,2.774327452e-01,2.480643354e-01,nan,nan,nan,nan
1625,40.625,2.789770217e-01,2.506734202e-01,nan,nan,nan,nan
1626,40.65,2.787743092e-01,2.508503347e-01,nan,nan,nan,nan
1627,40.675,2.814325272e-01,2.522388959e-01,nan,nan,nan,nan
1628,40.7,2.798334836e-01,2.534063486e-01,nan,nan,nan,nan
1629,40.725,2.836183821e-01,2.535564114e-01,nan,nan,nan,nan
1630,40.75,2.828169465e-01,2.557273878e-01,nan,nan,nan,nan
1631,40.775,2.855297735e-01,2.546222102e-01,nan,nan,nan,nan
1632,40.8,2.858420792e-01,2.578087130e-01,nan,nan,nan,nan
1633,40.825,2.871621879e-01,2.568157648e-01,nan,nan,nan,nan
1634,40.85,2.886031575e-01,2.596458402e-01,nan,nan,nan,nan
1635,40.875,2.885114162e-01,2.596555426e-01,nan,nan,nan,nan
1636,40.9,2.910948654e-01,2.612345459e-01,nan,nan,nan,nan
1637,40.925,2.895735582e-01,2.622608742e-01,nan,nan,nan,nan
1638,40.95,2.933121748e-01,2.625708724e-01,nan,nan,nan,nan
1639,40.975,2.922964166e-01,2.646268267e-01,nan,nan,nan,nan
1640,41,2.952503518e-01,2.636511323e-01,nan,nan,nan,nan
1641,41.025,2.953761654e-01,2.667487175e-01,nan,nan,nan,nan
1642,41.05,2.969049618e-01,2.655116390e-01,nan,nan,nan,nan
1643,41.075,2.981872768e-01,2.686221204e-01,nan,nan,nan,nan
1644,41.1,2.982718744e-01,2.684130569e-01,nan,nan,nan,nan
1645,41.125,3.007245014e-01,2.702428704e-01,nan,nan,nan,nan
1646,41.15,2.993472685e-01,2.710758514e-01,nan,nan,nan,nan
1647,41.175,3.029828787e-01,2.716070685e-01,nan,nan,nan,nan
1648,41.2,3.016957370e-01,2.734951369e-01,nan,nan,nan,nan
1649,41.225,3.049577420e-01,2.727110864e-01,nan,nan,nan,nan
1650,41.25,3.048392034e-01,2.756662789e-01,nan,nan,nan,nan
1651,41.275,3.066447240e-01,2.741313185e-01,nan,nan,nan,nan
1652,41.3,3.077097578e-01,2.775848998e-01,nan,nan,nan,nan
1653,41.325,3.080397613e-01,2.771025887e-01,nan,nan,nan,nan
1654,41.35,3.103022073e-01,2.792468833e-01,nan,nan,nan,nan
1655,41.375,3.091390989e-01,2.798313335e-01,nan,nan,nan,nan
1656,41.4,3.126116477e-01,2.806483792e-01,nan,nan,nan,nan
1657,41.425,3.109930911e-01,2.823127062e-01,nan,nan,nan,nan
1658,41.45,3.146334680e-01,2.817858078e-01,nan,nan,nan,nan
1659,41.475,3.142097159e-01,2.845421111e-01,nan,nan,nan,nan
1660,41.5,3.163633565e-01,2.826558637e-01,nan,nan,nan,nan
1661,41.525,3.171494522e-01,2.865152098e-01,nan,nan,nan,nan
1662,41.55,3.177973043e-01,2.857024758e-01,nan,nan,nan,nan
1663,41.575,3.198071525e-01,2.882279247e-01,nan,nan,nan,nan
1664,41.6,3.189316105e-01,2.885059338e-01,nan,nan,nan,nan
1665,41.625,3.221779574e-01,2.896764445e-01,nan,nan,nan,nan
1666,41.65,3.201652599e-01,2.910584152e-01,nan,nan,nan,nan
1667,41.675,3.242573006e-01,2.908572278e-01,nan,nan,nan,nan
1668,41.7,3.234647476e-01,2.933553541e-01,nan,nan,nan,nan
1669,41.725,3.260409137e-01,2.917670069e-01,nan,nan,nan,nan
1670,41.75,3.264836576e-01,2.953924413e-01,nan,nan,nan,nan
1671,41.775,3.275248306e-01,2.941896756e-01,nan,nan,nan,nan
1672,41.8,3.292168769e-01,2.971656288e-01,nan,nan,nan,nan
1673,41.825,3.287053918e-01,2.970768179e-01,nan,nan,nan,nan
1674,41.85,3.316595800e-01,2.986711338e-01,nan,nan,nan,nan
1675,41.875,3.295792478e-01,2.997096303e-01,nan,nan,nan,nan
1676,41.9,3.338072334e-01,2.999054429e-01,nan,nan,nan,nan
1677,41.925,3.325798661e-01,3.020835675e-01,nan,nan,nan,nan
1678,41.95,3.356556007e-01,3.008653157e-01,nan,nan,nan,nan
1679,41.975,3.356881201e-01,3.041943404e-01,nan,nan,nan,nan
1680,42,3.372007465e-01,3.025397837e-01,nan,nan,nan,nan
1681,42.025,3.385072956e-01,3.060379201e-01,nan,nan,nan,nan
1682,42.05,3.384390407e-01,3.055197237e-01,nan,nan,nan,nan
1683,42.075,3.410325896e-01,3.076105427e-01,nan,nan,nan,nan
1684,42.1,3.393671620e-01,3.082422247e-01,nan,nan,nan,nan
1685,42.125,3.432594906e-01,3.089087128e-01,nan,nan,nan,nan
1686,42.15,3.415291927e-01,3.107027530e-01,nan,nan,nan,nan
1687,42.175,3.451837823e-01,3.099292071e-01,nan,nan,nan,nan
1688,42.2,3.447370671e-01,3.128970299e-01,nan,nan,nan,nan
1689,42.225,3.468015487e-01,3.107270803e-01,nan,nan,nan,nan
1690,42.25,3.476527329e-01,3.148210366e-01,nan,nan,nan,nan
1691,42.275,3.481091774e-01,3.138090084e-01,nan,nan,nan,nan
1692,42.3,3.502713993e-01,3.164710181e-01,nan,nan,nan,nan
1693,42.325,3.491033632e-01,3.166306267e-01,nan,nan,nan,nan
1694,42.35,3.525885653e-01,3.178434870e-01,nan,nan,nan,nan
1695,42.375,3.502854640e-01,3.191874035e-01,nan,nan,nan,nan
1696,42.4,3.546000241e-01,3.189352273e-01,nan,nan,nan,nan
1697,42.425,3.536032703e-01,3.214750618e-01,nan,nan,nan,nan
1698,42.45,3.563018675e-01,3.197432973e-01,nan,nan,nan,nan
1699,42.475,3.566259883e-01,3.234895833e-01,nan,nan,nan,nan
1700,42.5,3.576904894e-01,3.219177243e-01,nan,nan,nan,nan
1701,42.525,3.593488286e-01,3.252272125e-01,nan,nan,nan,nan
1702,42.55,3.587625897e-01,3.248478964e-01,nan,nan,nan,nan
1703,42.575,3.617672900e-01,3.266844606e-01,nan,nan,nan,nan
1704,42.6,3.595151768e-01,3.275105820e-01,nan,nan,nan,nan
1705,42.625,3.638771645e-01,3.278581090e-01,nan,nan,nan,nan
1706,42.65,3.622581402e-01,3.299014967e-01,nan,nan,nan,nan
1707,42.675,3.656745410e-01,3.287452120e-01,nan,nan,nan,nan
1708,42.7,3.653984327e-01,3.320166135e-01,nan,nan,nan,nan
1709,42.725,3.671558087e-01,3.298177211e-01,nan,nan,nan,nan
1710,42.75,3.682362022e-01,3.338521675e-01,nan,nan,nan,nan
1711,42.775,3.683176613e-01,3.328658309e-01,nan,nan,nan,nan
1712,42.8,3.707669374e-01,3.354046591e-01,nan,nan,nan,nan
1713,42.825,3.691570996e-01,3.356440282e-01,nan,nan,nan,nan
1714,42.85,3.729864186e-01,3.366708577e-01,nan,nan,nan,nan
1715,42.875,3.706718495e-01,3.381480123e-01,nan,nan,nan,nan
1716,42.9,3.748907211e-01,3.376478047e-01,nan,nan,nan,nan
1717,42.925,3.739401346e-01,3.403737392e-01,nan,nan,nan,nan
1718,42.95,3.764762193e-01,3.383328163e-01,nan,nan,nan,nan
1719,42.975,3.769034791e-01,3.423174256e-01,nan,nan,nan,nan
1720,43,3.777395903e-01,3.406550965e-01,nan,nan,nan,nan
1721,43.025,3.795573519e-01,3.439755522e-01,nan,nan,nan,nan
1722,43.05,3.786778165e-01,3.435582925e-01,nan,nan,nan,nan
1723,43.075,3.818975113e-01,3.453448676e-01,nan,nan,nan,nan
1724,43.1,3.792881887e-01,3.461850399e-01,nan,nan,nan,nan
1725,43.125,3.839200096e-01,3.464223910e-01,nan,nan,nan,nan
1726,43.15,3.822200162e-01,3.485312692e-01,nan,nan,nan,nan
1727,43.175,3.856211962e-01,3.472054154e-01,nan,nan,nan,nan
1728,43.2,3.853194109e-01,3.505931702e-01,nan,nan,nan,nan
1729,43.225,3.869977215e-01,3.481853876e-01,nan,nan,nan,nan
1730,43.25,3.881071102e-01,3.523671956e-01,nan,nan,nan,nan
1731,43.275,3.880465397e-01,3.512228975e-01,nan,nan,nan,nan
1732,43.3,3.905788413e-01,3.538500645e-01,nan,nan,nan,nan
1733,43.325,3.887649116e-01,3.539819274e-01,nan,nan,nan,nan
1734,43.35,3.927306238e-01,3.550387655e-01,nan,nan,nan,nan
1735,43.375,3.902060363e-01,3.564583742e-01,nan,nan,nan,nan
1736,43.4,3.945587729e-01,3.559305597e-01,nan,nan,nan,nan
1737,43.425,3.934517275e-01,3.586483929e-01,nan,nan,nan,nan
1738,43.45,3.960599026e-01,3.565229832e-01,nan,nan,nan,nan
1739,43.475,3.963837102e-01,3.605483999e-01,nan,nan,nan,nan
1740,43.5,3.972309295e-01,3.586065244e-01,nan,nan,nan,nan
1741,43.525,3.989976719e-01,3.621550770e-01,nan,nan,nan,nan
1742,43.55,3.980690752e-01,3.615071280e-01,nan,nan,nan,nan
1743,43.575,4.012895904e-01,3.634653741e-01,nan,nan,nan,nan
1744,43.6,3.985718686e-01,3.641232779e-01,nan,nan,nan,nan
1745,43.625,4.032557375e-01,3.644765121e-01,nan,nan,nan,nan
1746,43.65,4.012673497e-01,3.664510863e-01,nan,nan,nan,nan
1747,43.675,4.048926824e-01,3.651859857e-01,nan,nan,nan,nan
1748,43.7,4.043537862e-01,3.684869260e-01,nan,nan,nan,nan
1749,43.725,4.061972948e-01,3.656772239e-01,nan,nan,nan,nan
1750,43.75,4.071203488e-01,3.702274336e-01,nan,nan,nan,nan
1751,43.775,4.071667482e-01,3.687284138e-01,nan,nan,nan,nan
1752,43.8,4.095629652e-01,3.716695125e-01,nan,nan,nan,nan
1753,43.825,4.077985218e-01,3.714934721e-01,nan,nan,nan,nan
1754,43.85,4.116778554e-01,3.728103360e-01,nan,nan,nan,nan
1755,43.875,4.087326263e-01,3.739684616e-01,nan,nan,nan,nan
1756,43.9,4.134615352e-01,3.736473499e-01,nan,nan,nan,nan
1757,43.925,4.119833480e-01,3.761497040e-01,nan,nan,nan,nan
1758,43.95,4.149108196e-01,3.741782747e-01,nan,nan,nan,nan
1759,43.975,4.149125419e-01,3.780337835e-01,nan,nan,nan,nan
1760,44,4.160228250e-01,3.756131102e-01,nan,nan,nan,nan
1761,44.025,4.175160777e-01,3.796175498e-01,nan,nan,nan,nan
1762,44.05,4.167949727e-01,3.785359546e-01,nan,nan,nan,nan
1763,44.075,4.197901158e-01,3.808981213e-01,nan,nan,nan,nan
1764,44.1,4.172249904e-01,3.811671884e-01,nan,nan,nan,nan
1765,44.125,4.217311106e-01,3.818728875e-01,nan,nan,nan,nan
1766,44.15,4.192380428e-01,3.835030755e-01,nan,nan,nan,nan
1767,44.175,4.233358142e-01,3.825395116e-01,nan,nan,nan,nan
1768,44.2,4.223395101e-01,3.855401409e-01,nan,nan,nan,nan
1769,44.225,4.246012786e-01,3.828959326e-01,nan,nan,nan,nan
1770,44.25,4.251137985e-01,3.872751739e-01,nan,nan,nan,nan
1771,44.275,4.255248590e-01,3.852174872e-01,nan,nan,nan,nan
1772,44.3,4.275570013e-01,3.887052311e-01,nan,nan,nan,nan
1773,44.325,4.261042159e-01,3.880136552e-01,nan,nan,nan,nan
1774,44.35,4.296655044e-01,3.898276390e-01,nan,nan,nan,nan
1775,44.375,4.263373172e-01,3.905130564e-01,nan,nan,nan,nan
1776,44.4,4.314359893e-01,3.906399966e-01,nan,nan,nan,nan
1777,44.425,4.293663852e-01,3.927121502e-01,nan,nan,nan,nan
1778,44.45,4.328654364e-01,3.911401777e-01,nan,nan,nan,nan
1779,44.475,4.323208256e-01,3.946076591e-01,nan,nan,nan,nan
1780,44.5,4.339511277e-01,3.915048719e-01,nan,nan,nan,nan
1781,44.525,4.349427774e-01,3.961965714e-01,nan,nan,nan,nan
1782,44.55,4.346906488e-01,3.944742479e-01,nan,nan,nan,nan
1783,44.575,4.372285507e-01,3.974761444e-01,nan,nan,nan,nan
1784,44.6,4.350818919e-01,3.971456174e-01,nan,nan,nan,nan
1785,44.625,4.391747499e-01,3.984439067e-01,nan,nan,nan,nan
1786,44.65,4.359584734e-01,3.995153685e-01,nan,nan,nan,nan
1787,44.675,4.407782769e-01,3.990976602e-01,nan,nan,nan,nan
1788,44.7,4.391019888e-01,4.015801505e-01,nan,nan,nan,nan
1789,44.725,4.420363333e-01,3.994354827e-01,nan,nan,nan,nan
1790,44.75,4.419117986e-01,4.033368780e-01,nan,nan,nan,nan
1791,44.775,4.429464236e-01,4.005156439e-01,nan,nan,nan,nan
1792,44.8,4.443841310e-01,4.047827327e-01,nan,nan,nan,nan
1793,44.825,4.435063570e-01,4.033669813e-01,nan,nan,nan,nan
1794,44.85,4.465155068e-01,4.059151666e-01,nan,nan,nan,nan
1795,44.875,4.437142494e-01,4.059155650e-01,nan,nan,nan,nan
1796,44.9,4.483027427e-01,4.067319044e-01,nan,nan,nan,nan
1797,44.925,4.454225678e-01,4.081579664e-01,nan,nan,nan,nan
1798,44.95,4.497429540e-01,4.072309452e-01,nan,nan,nan,nan
1799,44.975,4.484288302e-01,4.100910200e-01,nan,nan,nan,nan
1800,45,4.508335573e-01,4.074105646e-01,nan,nan,nan,nan
1801,45.025,4.510964980e-01,4.117118267e-01,nan,nan,nan,nan
1802,45.05,4.515722728e-01,4.091439317e-01,nan,nan,nan,nan
1803,45.075,4.534220026e-01,4.130177568e-01,nan,nan,nan,nan
1804,45.1,4.519571263e-01,4.118790334e-01,nan,nan,nan,nan
1805,45.125,4.554020697e-01,4.140064515e-01,nan,nan,nan,nan
1806,45.15,4.521113013e-01,4.143069118e-01,nan,nan,nan,nan
1807,45.175,4.570337221e-01,4.146758261e-01,nan,nan,nan,nan
1808,45.2,4.544593805e-01,4.164243168e-01,nan,nan,nan,nan
1809,45.225,4.583142828e-01,4.150240710e-01,nan,nan,nan,nan
1810,45.25,4.573306110e-01,4.182282633e-01,nan,nan,nan,nan
1811,45.275,4.592413770e-01,4.151925206e-01,nan,nan,nan,nan
1812,45.3,4.598586502e-01,4.197160343e-01,nan,nan,nan,nan
1813,45.325,4.598129345e-01,4.173729133e-01,nan,nan,nan,nan
1814,45.35,4.620401272e-01,4.208851828e-01,nan,nan,nan,nan
1815,45.375,4.600271915e-01,4.199936040e-01,nan,nan,nan,nan
1816,45.4,4.638719671e-01,4.217335349e-01,nan,nan,nan,nan
1817,45.425,4.606388087e-01,4.223028656e-01,nan,nan,nan,nan
1818,45.45,4.653513936e-01,4.222591909e-01,nan,nan,nan,nan
1819,45.475,4.630524791e-01,4.242976224e-01,nan,nan,nan,nan
1820,45.5,4.664759318e-01,4.224605276e-01,nan,nan,nan,nan
1821,45.525,4.657908784e-01,4.259750651e-01,nan,nan,nan,nan
1822,45.55,4.672434097e-01,4.230090112e-01,nan,nan,nan,nan
1823,45.575,4.681817672e-01,4.273326541e-01,nan,nan,nan,nan
1824,45.6,4.676519612e-01,4.251858038e-01,nan,nan,nan,nan
1825,45.625,4.702219674e-01,4.283681212e-01,nan,nan,nan,nan
1826,45.65,4.677000268e-01,4.276938756e-01,nan,nan,nan,nan
1827,45.675,4.719085987e-01,4.290794718e-01,nan,nan,nan,nan
1828,45.7,4.687490689e-01,4.298865641e-01,nan,nan,nan,nan
1829,45.725,4.732390805e-01,4.294649872e-01,nan,nan,nan,nan
1830,45.75,4.711854840e-01,4.317609640e-01,nan,nan,nan,nan
1831,45.775,4.742111346e-01,4.295232256e-01,nan,nan,nan,nan
1832,45.8,4.737931783e-01,4.333144378e-01,nan,nan,nan,nan
1833,45.825,4.748227872e-01,4.304336030e-01,nan,nan,nan,nan
1834,45.85,4.760493072e-01,4.345446191e-01,nan,nan,nan,nan
1835,45.875,4.750723705e-01,4.325660063e-01,nan,nan,nan,nan
1836,45.9,4.779508814e-01,4.354494140e-01,nan,nan,nan,nan
1837,45.925,4.752183497e-01,4.349631704e-01,nan,nan,nan,nan
1838,45.95,4.794952102e-01,4.360270036e-01,nan,nan,nan,nan
1839,45.975,4.764253364e-01,4.370412377e-01,nan,nan,nan,nan
1840,46,4.806799042e-01,4.362758452e-01,nan,nan,nan,nan
1841,46.025,4.788422415e-01,4.387974694e-01,nan,nan,nan,nan
1842,46.05,4.815028774e-01,4.363280158e-01,nan,nan,nan,nan
1843,46.075,4.813212350e-01,4.402293965e-01,nan,nan,nan,nan
1844,46.1,4.819623491e-01,4.374492316e-01,nan,nan,nan,nan
1845,46.125,4.834448613e-01,4.413348217e-01,nan,nan,nan,nan
1846,46.15,4.820568454e-01,4.394972858e-01,nan,nan,nan,nan
1847,46.175,4.852103154e-01,4.421118216e-01,nan,nan,nan,nan
1848,46.2,4.825887435e-01,4.417851302e-01,nan,nan,nan,nan
1849,46.225,4.866150923e-01,4.425587489e-01,nan,nan,nan,nan
1850,46.25,4.836507291e-01,4.437503951e-01,nan,nan,nan,nan
1851,46.275,4.876569898e-01,4.426742330e-01,nan,nan,nan,nan
1852,46.3,4.860070201e-01,4.453905052e-01,nan,nan,nan,nan
1853,46.325,4.883341095e-01,4.430417997e-01,nan,nan,nan,nan
1854,46.35,4.883591539e-01,4.467031559e-01,nan,nan,nan,nan
1855,46.375,4.886448597e-01,4.440388556e-01,nan,nan,nan,nan
1856,46.4,4.903523613e-01,4.476863160e-01,nan,nan,nan,nan
1857,46.425,4.885879558e-01,4.459639635e-01,nan,nan,nan,nan
1858,46.45,4.919840180e-01,4.483382291e-01,nan,nan,nan,nan
1859,46.475,4.894885106e-01,4.481439159e-01,nan,nan,nan,nan
1860,46.5,4.932518012e-01,4.486574155e-01,nan,nan,nan,nan
1861,46.525,4.904084417e-01,4.499980282e-01,nan,nan,nan,nan
1862,46.55,4.941536914e-01,4.486426734e-01,nan,nan,nan,nan
1863,46.575,4.926647242e-01,4.515238854e-01,nan,nan,nan,nan
1864,46.6,4.946879745e-01,4.493103197e-01,nan,nan,nan,nan
1865,46.625,4.948916406e-01,4.527193446e-01,nan,nan,nan,nan
1866,46.65,4.948532434e-01,4.501856651e-01,nan,nan,nan,nan
1867,46.675,4.967563052e-01,4.535825371e-01,nan,nan,nan,nan
1868,46.7,4.947534116e-01,4.519511255e-01,nan,nan,nan,nan
1869,46.725,4.982562709e-01,4.541118702e-01,nan,nan,nan,nan
1870,46.75,4.959013677e-01,4.540244212e-01,nan,nan,nan,nan
1871,46.775,4.993893933e-01,4.543060289e-01,nan,nan,nan,nan
1872,46.8,4.966819763e-01,4.557688305e-01,nan,nan,nan,nan
1873,46.825,5.001538326e-01,4.541639766e-01,nan,nan,nan,nan
1874,46.85,4.988011210e-01,4.571820958e-01,nan,nan,nan,nan
1875,46.875,5.005480553e-01,4.551174266e-01,nan,nan,nan,nan
1876,46.9,5.009042337e-01,4.582622330e-01,nan,nan,nan,nan
1877,46.925,5.005708352e-01,4.558733058e-01,nan,nan,nan,nan
1878,46.95,5.026419945e-01,4.590075332e-01,nan,nan,nan,nan
1879,46.975,5.007978169e-01,4.574448422e-01,nan,nan,nan,nan
1880,47,5.040121306e-01,4.594165646e-01,nan,nan,nan,nan
1881,47.025,5.018116121e-01,4.594124969e-01,nan,nan,nan,nan
1882,47.05,5.050126730e-01,4.594881735e-01,nan,nan,nan,nan
1883,47.075,5.024553866e-01,4.610484259e-01,nan,nan,nan,nan
1884,47.1,5.056419583e-01,4.594731865e-01,nan,nan,nan,nan
1885,47.125,5.044030767e-01,4.623505267e-01,nan,nan,nan,nan
1886,47.15,5.058986302e-01,4.604476889e-01,nan,nan,nan,nan
1887,47.175,5.063835450e-01,4.633169713e-01,nan,nan,nan,nan
1888,47.2,5.057816405e-01,4.610861141e-01,nan,nan,nan,nan
1889,47.225,5.079957794e-01,4.639462081e-01,nan,nan,nan,nan
1890,47.25,5.063227294e-01,4.624323953e-01,nan,nan,nan,nan
1891,47.275,5.092376787e-01,4.642369631e-01,nan,nan,nan,nan
1892,47.3,5.072043713e-01,4.642951820e-01,nan,nan,nan,nan
1893,47.325,5.101074464e-01,4.641882415e-01,nan,nan,nan,nan
1894,47.35,5.077135319e-01,4.658236043e-01,nan,nan,nan,nan
1895,47.375,5.106035927e-01,4.644255586e-01,nan,nan,nan,nan
1896,47.4,5.094587961e-01,4.670157125e-01,nan,nan,nan,nan
1897,47.425,5.107249356e-01,4.652866318e-01,nan,nan,nan,nan
1898,47.45,5.113175042e-01,4.678698324e-01,nan,nan,nan,nan
1899,47.475,5.104706019e-01,4.658093606e-01,nan,nan,nan,nan
1900,47.5,5.128053078e-01,4.683845673e-01,nan,nan,nan,nan
1901,47.525,5.113146435e-01,4.669025064e-01,nan,nan,nan,nan
1902,47.55,5.139202747e-01,4.685587988e-01,nan,nan,nan,nan
1903,47.575,5.120658571e-01,4.686609363e-01,nan,nan,nan,nan
1904,47.6,5.146607787e-01,4.683916883e-01,nan,nan,nan,nan
1905,47.625,5.124423352e-01,4.700825579e-01,nan,nan,nan,nan
1906,47.65,5.150255008e-01,4.688720430e-01,nan,nan,nan,nan
1907,47.675,5.139580627e-01,4.711655721e-01,nan,nan,nan,nan
1908,47.7,5.150134306e-01,4.696209801e-01,nan,nan,nan,nan
1909,47.725,5.156956026e-01,4.719084566e-01,nan,nan,nan,nan
1910,47.75,5.147636104e-01,4.700294969e-01,nan,nan,nan,nan
1911,47.775,5.170597729e-01,4.723099672e-01,nan,nan,nan,nan
1912,47.8,5.157614118e-01,4.708455644e-01,nan,nan,nan,nan
1913,47.825,5.180488082e-01,4.723691390e-01,nan,nan,nan,nan
1914,47.85,5.163836220e-01,4.724998722e-01,nan,nan,nan,nan
1915,47.875,5.186612499e-01,4.720852873e-01,nan,nan,nan,nan
1916,47.9,5.166290437e-01,4.738151169e-01,nan,nan,nan,nan
1917,47.925,5.188959478e-01,4.728010918e-01,nan,nan,nan,nan
1918,47.95,5.178924738e-01,4.747896484e-01,nan,nan,nan,nan
1919,47.975,5.187520608e-01,4.734389023e-01,nan,nan,nan,nan
1920,48,5.195091332e-01,4.754220942e-01,nan,nan,nan,nan
1921,48.025,5.187805602e-01,4.737344023e-01,nan,nan,nan,nan
1922,48.05,5.207501574e-01,4.757113608e-01,nan,nan,nan,nan
1923,48.075,5.196524942e-01,4.742538476e-01,nan,nan,nan,nan
1924,48.1,5.216139459e-01,4.756566346e-01,nan,nan,nan,nan
1925,48.125,5.201468124e-01,4.758039802e-01,nan,nan,nan,nan
1926,48.15,5.220992061e-01,4.753324208e-01,nan,nan,nan,nan
1927,48.175,5.202624850e-01,4.770129789e-01,nan,nan,nan,nan
1928,48.2,5.222049539e-01,4.762028522e-01,nan,nan,nan,nan
1929,48.225,5.212556687e-01,4.778793410e-01,nan,nan,nan,nan
1930,48.25,5.219305155e-01,4.767302493e-01,nan,nan,nan,nan
1931,48.275,5.227514214e-01,4.784018421e-01,nan,nan,nan,nan
1932,48.3,5.222325407e-01,4.769136268e-01,nan,nan,nan,nan
1933,48.325,5.238694678e-01,4.785795376e-01,nan,nan,nan,nan
1934,48.35,5.229792018e-01,4.771217368e-01,nan,nan,nan,nan
1935,48.375,5.246083705e-01,4.784117635e-01,nan,nan,nan,nan
1936,48.4,5.233464156e-01,4.785673454e-01,nan,nan,nan,nan
1937,48.425,5.249670007e-01,4.783072897e-01,nan,nan,nan,nan
1938,48.45,5.233333179e-01,4.796699286e-01,nan,nan,nan,nan
1939,48.475,5.249445392e-01,4.790693959e-01,nan,nan,nan,nan
1940,48.5,5.240435433e-01,4.804281293e-01,nan,nan,nan,nan
1941,48.525,5.245404769e-01,4.794867872e-01,nan,nan,nan,nan
1942,48.55,5.254180441e-01,4.808408700e-01,nan,nan,nan,nan
1943,48.575,5.251132730e-01,4.795586270e-01,nan,nan,nan,nan
1944,48.6,5.264129570e-01,4.809073533e-01,nan,nan,nan,nan
1945,48.625,5.257349299e-01,4.794459150e-01,nan,nan,nan,nan
1946,48.65,5.270270060e-01,4.806270632e-01,nan,nan,nan,nan
1947,48.675,5.259754966e-01,4.807863510e-01,nan,nan,nan,nan
1948,48.7,5.272592247e-01,4.807412326e-01,nan,nan,nan,nan
1949,48.725,5.258342728e-01,4.817820444e-01,nan,nan,nan,nan
1950,48.75,5.271089565e-01,4.813949362e-01,nan,nan,nan,nan
1951,48.775,5.262544495e-01,4.824317829e-01,nan,nan,nan,nan
1952,48.8,5.265758559e-01,4.817024188e-01,nan,nan,nan,nan
1953,48.825,5.275070325e-01,4.827346341e-01,nan,nan,nan,nan
1954,48.85,5.274187855e-01,4.816629903e-01,nan,nan,nan,nan
1955,48.875,5.283783305e-01,4.826899468e-01,nan,nan,nan,nan
1956,48.9,5.279153777e-01,4.812762419e-01,nan,nan,nan,nan
1957,48.925,5.288672277e-01,4.822973511e-01,nan,nan,nan,nan
1958,48.95,5.280294209e-01,4.824598646e-01,nan,nan,nan,nan
1959,48.975,5.289729183e-01,4.826311183e-01,nan,nan,nan,nan
1960,49,5.277603769e-01,4.833478890e-01,nan,nan,nan,nan
1961,49.025,5.286949073e-01,4.831760329e-01,nan,nan,nan,nan
1962,49.05,5.278893759e-01,4.838885547e-01,nan,nan,nan,nan
1963,49.075,5.283933359e-01,4.833733901e-01,nan,nan,nan,nan
1964,49.1,5.290190556e-01,4.840810736e-01,nan,nan,nan,nan
1965,49.125,5.291476130e-01,4.832226452e-01,nan,nan,nan,nan
1966,49.15,5.297659332e-01,4.839249390e-01,nan,nan,nan,nan
1967,49.175,5.295187505e-01,4.827235354e-01,nan,nan,nan,nan
1968,49.2,5.301290519e-01,4.834199264e-01,nan,nan,nan,nan
1969,49.225,5.295060598e-01,4.835894058e-01,nan,nan,nan,nan
1970,49.25,5.301077652e-01,4.839763468e-01,nan,nan,nan,nan
1971,49.275,5.291091636e-01,4.843686787e-01,nan,nan,nan,nan
1972,49.3,5.297017381e-01,4.844117770e-01,nan,nan,nan,nan
1973,49.325,5.291712739e-01,4.847993539e-01,nan,nan,nan,nan
1974,49.35,5.296716078e-01,4.844984793e-01,nan,nan,nan,nan
1975,49.375,5.299575807e-01,4.848807863e-01,nan,nan,nan,nan
1976,49.4,5.303009756e-01,4.842360532e-01,nan,nan,nan,nan
1977,49.425,5.305789132e-01,4.846126127e-01,nan,nan,nan,nan
1978,49.45,5.305459413e-01,4.838261251e-01,nan,nan,nan,nan
1979,49.475,5.308153028e-01,4.841048694e-01,nan,nan,nan,nan
1980,49.5,5.304059753e-01,4.845047714e-01,nan,nan,nan,nan
1981,49.525,5.306662616e-01,4.847790113e-01,nan,nan,nan,nan
1982,49.55,5.298808598e-01,4.848484305e-01,nan,nan,nan,nan
1983,49.575,5.301316131e-01,4.851039564e-01,nan,nan,nan,nan
1984,49.6,5.302172817e-01,4.851678957e-01,nan,nan,nan,nan
1985,49.625,5.303796842e-01,4.850791647e-01,nan,nan,nan,nan
1986,49.65,5.307288769e-01,4.851371815e-01,nan,nan,nan,nan
1987,49.675,5.308829324e-01,4.847043790e-01,nan,nan,nan,nan
1988,49.7,5.308554838e-01,4.847560674e-01,nan,nan,nan,nan
1989,49.725,5.310006884e-01,4.845729873e-01,nan,nan,nan,nan
1990,49.75,5.309317534e-01,4.849337648e-01,nan,nan,nan,nan
1991,49.775,5.307325806e-01,4.850907944e-01,nan,nan,nan,nan
1992,49.8,5.306538602e-01,4.851580429e-01,nan,nan,nan,nan
1993,49.825,5.304045386e-01,4.853097659e-01,nan,nan,nan,nan
1994,49.85,5.306567722e-01,4.852571955e-01,nan,nan,nan,nan
1995,49.875,5.308062879e-01,4.851785588e-01,nan,nan,nan,nan
1996,49.9,5.310503353e-01,4.851197681e-01,nan,nan,nan,nan
1997,49.925,5.310815598e-01,4.848566064e-01,nan,nan,nan,nan
1998,49.95,5.310583806e-01,4.847957955e-01,nan,nan,nan,nan
1999,49.975,5.310804602e-01,4.850203179e-01,nan,nan,nan,nan
2000,50,5.308897061e-01,4.852639538e-01,nan,nan,nan,nan
2001,50.025,5.306931199e-01,4.853047104e-01,nan,nan,nan,nan
2002,50.05,5.305201209e-01,4.853823213e-01,nan,nan,nan,nan
2003,50.075,5.308611693e-01,4.854174681e-01,nan,nan,nan,nan
2004,50.1,5.309907988e-01,4.852494487e-01,nan,nan,nan,nan
2005,50.125,5.311449318e-01,4.851796568e-01,nan,nan,nan,nan
2006,50.15,5.312660741e-01,4.850051014e-01,nan,nan,nan,nan
2007,50.175,5.311755747e-01,4.850011541e-01,nan,nan,nan,nan
2008,50.2,5.311553584e-01,4.851334848e-01,nan,nan,nan,nan
2009,50.225,5.310554011e-01,4.853686451e-01,nan,nan,nan,nan
2010,50.25,5.307440618e-01,4.854959913e-01,nan,nan,nan,nan
2011,50.275,5.306609445e-01,4.854214668e-01,nan,nan,nan,nan
2012,50.3,5.309936274e-01,4.855082292e-01,nan,nan,nan,nan
2013,50.325,5.312120449e-01,4.854277740e-01,nan,nan,nan,nan
2014,50.35,5.312201069e-01,4.851699375e-01,nan,nan,nan,nan
2015,50.375,5.313775876e-01,4.850831729e-01,nan,nan,nan,nan
2016,50.4,5.313768426e-01,4.851389320e-01,nan,nan,nan,nan
2017,50.425,5.311657818e-01,4.853566954e-01,nan,nan,nan,nan
2018,50.45,5.311471701e-01,4.854056675e-01,nan,nan,nan,nan
2019,50.475,5.309263196e-01,4.856185942e-01,nan,nan,nan,nan
2020,50.5,5.309198448e-01,4.856305566e-01,nan,nan,nan,nan
2021,50.525,5.310549705e-01,4.855302165e-01,nan,nan,nan,nan
2022,50.55,5.313611486e-01,4.855364492e-01,nan,nan,nan,nan
2023,50.575,5.314578834e-01,4.853414210e-01,nan,nan,nan,nan
2024,50.6,5.314168596e-01,4.850914912e-01,nan,nan,nan,nan
2025,50.625,5.315049774e-01,4.852099711e-01,nan,nan,nan,nan
2026,50.65,5.313834172e-01,4.855121072e-01,nan,nan,nan,nan
2027,50.675,5.311657004e-01,4.856147565e-01,nan,nan,nan,nan
2028,50.7,5.310345960e-01,4.856733034e-01,nan,nan,nan,nan
2029,50.725,5.311075123e-01,4.857708174e-01,nan,nan,nan,nan
2030,50.75,5.312999428e-01,4.856683559e-01,nan,nan,nan,nan
2031,50.775,5.314389199e-01,4.855761934e-01,nan,nan,nan,nan
2032,50.8,5.316233754e-01,4.854676915e-01,nan,nan,nan,nan
2033,50.825,5.315994301e-01,4.851902349e-01,nan,nan,nan,nan
2034,50.85,5.315607221e-01,4.853817989e-01,nan,nan,nan,nan
2035,50.875,5.315278503e-01,4.856005457e-01,nan,nan,nan,nan
2036,50.9,5.312866017e-01,4.857875841e-01,nan,nan,nan,nan
2037,50.925,5.310695583e-01,4.857760130e-01,nan,nan,nan,nan
2038,50.95,5.312247958e-01,4.858430166e-01,nan,nan,nan,nan
2039,50.975,5.315037806e-01,4.858259940e-01,nan,nan,nan,nan
2040,51,5.315757222e-01,4.856101227e-01,nan,nan,nan,nan
2041,51.025,5.317173748e-01,4.855249330e-01,nan,nan,nan,nan
2042,51.05,5.317810253e-01,4.853133884e-01,nan,nan,nan,nan
2043,51.075,5.316374572e-01,4.855881635e-01,nan,nan,nan,nan
2044,51.1,5.315998053e-01,4.856657651e-01,nan,nan,nan,nan
2045,51.125,5.314469828e-01,4.858932555e-01,nan,nan,nan,nan
2046,51.15,5.311477220e-01,4.859660098e-01,nan,nan,nan,nan
2047,51.175,5.313137820e-01,4.858479787e-01,nan,nan,nan,nan
2048,51.2,5.316370548e-01,4.859154578e-01,nan,nan,nan,nan
2049,51.225,5.317954775e-01,4.857848296e-01,nan,nan,nan,nan
2050,51.25,5.317479223e-01,4.855139128e-01,nan,nan,nan,nan
2051,51.275,5.318910222e-01,4.853771442e-01,nan,nan,nan,nan
2052,51.3,5.318348417e-01,4.857282943e-01,nan,nan,nan,nan
2053,51.325,5.316000716e-01,4.858890947e-01,nan,nan,nan,nan
2054,51.35,5.315348565e-01,4.859326100e-01,nan,nan,nan,nan
2055,51.375,5.313212489e-01,4.860887163e-01,nan,nan,nan,nan
2056,51.4,5.315726673e-01,4.860480565e-01,nan,nan,nan,nan
2057,51.425,5.317006134e-01,4.859375426e-01,nan,nan,nan,nan
2058,51.45,5.319445362e-01,4.858913023e-01,nan,nan,nan,nan
2059,51.475,5.319833104e-01,4.856480557e-01,nan,nan,nan,nan
2060,51.5,5.319302294e-01,4.855966863e-01,nan,nan,nan,nan
2061,51.525,5.319605735e-01,4.858030210e-01,nan,nan,nan,nan
2062,51.55,5.317855932e-01,4.860460251e-01,nan,nan,nan,nan
2063,51.575,5.315509798e-01,4.860936642e-01,nan,nan,nan,nan
2064,51.6,5.314259749e-01,4.861449322e-01,nan,nan,nan,nan
2065,51.625,5.317617548e-01,4.861875671e-01,nan,nan,nan,nan
2066,51.65,5.318937734e-01,4.860344203e-01,nan,nan,nan,nan
2067,51.675,5.320236993e-01,4.859302995e-01,nan,nan,nan,nan
2068,51.7,5.321479118e-01,4.857712501e-01,nan,nan,nan,nan
2069,51.725,5.320680100e-01,4.857887617e-01,nan,nan,nan,nan
2070,51.75,5.320154174e-01,4.859230166e-01,nan,nan,nan,nan
2071,51.775,5.319267632e-01,4.861373369e-01,nan,nan,nan,nan
2072,51.8,5.316340727e-01,4.862671807e-01,nan,nan,nan,nan
2073,51.825,5.315676882e-01,4.862025300e-01,nan,nan,nan,nan
2074,51.85,5.318818137e-01,4.862604512e-01,nan,nan,nan,nan
2075,51.875,5.320981933e-01,4.861904695e-01,nan,nan,nan,nan
2076,51.9,5.321117300e-01,4.859258209e-01,nan,nan,nan,nan
2077,51.925,5.322424729e-01,4.858269142e-01,nan,nan,nan,nan
2078,51.95,5.322478753e-01,4.855640655e-01,nan,nan,nan,nan
2079,51.975,5.320503294e-01,4.861314397e-01,nan,nan,nan,nan
2080,52,5.319969864e-01,4.861536688e-01,nan,nan,nan,nan
2081,52.025,5.317903485e-01,4.863748959e-01,nan,nan,nan,nan
2082,52.05,5.313810965e-01,4.863923824e-01,nan,nan,nan,nan
2083,52.075,5.319181194e-01,4.862674509e-01,nan,nan,nan,nan
2084,52.1,5.318222083e-01,4.862797915e-01,nan,nan,nan,nan
2085,52.125,5.323312152e-01,4.860981070e-01,nan,nan,nan,nan
2086,52.15,5.322272477e-01,4.858157638e-01,nan,nan,nan,nan
2087,52.175,5.323575885e-01,4.856280736e-01,nan,nan,nan,nan
2088,52.2,5.322451415e-01,4.858049369e-01,nan,nan,nan,nan
2089,52.225,5.319969651e-01,4.855295851e-01,nan,nan,nan,nan
2090,52.25,5.318756550e-01,4.862892814e-01,nan,nan,nan,nan
2091,52.275,5.315521083e-01,4.860086001e-01,nan,nan,nan,nan
2092,52.3,5.312800589e-01,4.864222722e-01,nan,nan,nan,nan
2093,52.325,5.308780031e-01,4.861358918e-01,nan,nan,nan,nan
2094,52.35,5.319541185e-01,4.862035985e-01,nan,nan,nan,nan
2095,52.375,5.315432917e-01,4.859111847e-01,nan,nan,nan,nan
2096,52.4,5.322410579e-01,4.856332322e-01,nan,nan,nan,nan
2097,52.425,5.318210708e-01,4.853344859e-01,nan,nan,nan,nan
2098,52.45,5.321404458e-01,4.848430567e-01,nan,nan,nan,nan
2099,52.475,5.317109479e-01,4.855679206e-01,nan,nan,nan,nan
2100,52.5,5.316521625e-01,4.849957896e-01,nan,nan,nan,nan
2101,52.525,5.312128426e-01,4.859409181e-01,nan,nan,nan,nan
2102,52.55,5.307764008e-01,4.853622365e-01,nan,nan,nan,nan
2103,52.575,5.309143889e-01,4.859618113e-01,nan,nan,nan,nan
2104,52.6,5.302052890e-01,4.853762766e-01,nan,nan,nan,nan
2105,52.625,5.314612456e-01,4.856304284e-01,nan,nan,nan,nan
2106,52.65,5.307419986e-01,4.850377729e-01,nan,nan,nan,nan
2107,52.675,5.316201617e-01,4.849468806e-01,nan,nan,nan,nan
2108,52.7,5.308904487e-01,4.843468716e-01,nan,nan,nan,nan
2109,52.725,5.313908593e-01,4.839115624e-01,nan,nan,nan,nan
2110,52.75,5.306504002e-01,4.848362960e-01,nan,nan,nan,nan
2111,52.775,5.307733725e-01,4.839744127e-01,nan,nan,nan,nan
2112,52.8,5.300219261e-01,4.850959002e-01,nan,nan,nan,nan
2113,52.825,5.297680482e-01,4.842260583e-01,nan,nan,nan,nan
2114,52.85,5.300340914e-01,4.850027982e-01,nan,nan,nan,nan
2115,52.875,5.290266282e-01,4.841247597e-01,nan,nan,nan,nan
2116,52.9,5.304514505e-01,4.845569564e-01,nan,nan,nan,nan
2117,52.925,5.294322743e-01,4.836705181e-01,nan,nan,nan,nan
2118,52.95,5.304802070e-01,4.837586248e-01,nan,nan,nan,nan
2119,52.975,5.294490671e-01,4.831257624e-01,nan,nan,nan,nan
2120,53,5.301202359e-01,4.826083364e-01,nan,nan,nan,nan
2121,53.025,5.290769201e-01,4.836226637e-01,nan,nan,nan,nan
2122,53.05,5.293717247e-01,4.824800049e-01,nan,nan,nan,nan
2123,53.075,5.283160591e-01,4.837665801e-01,nan,nan,nan,nan
2124,53.1,5.282351734e-01,4.826143772e-01,nan,nan,nan,nan
2125,53.125,5.286542475e-01,4.835573327e-01,nan,nan,nan,nan
2126,53.15,5.273591031e-01,4.823954101e-01,nan,nan,nan,nan
2127,53.175,5.289395642e-01,4.829950260e-01,nan,nan,nan,nan
2128,53.2,5.276309624e-01,4.818232425e-01,nan,nan,nan,nan
2129,53.225,5.288357705e-01,4.820800480e-01,nan,nan,nan,nan
2130,53.25,5.275135265e-01,4.815632930e-01,nan,nan,nan,nan
2131,53.275,5.283428940e-01,4.808130699e-01,nan,nan,nan,nan
2132,53.3,5.270068608e-01,4.819424326e-01,nan,nan,nan,nan
2133,53.325,5.274612749e-01,4.805299322e-01,nan,nan,nan,nan
2134,53.35,5.262529740e-01,4.819681331e-01,nan,nan,nan,nan
2135,53.375,5.261915661e-01,4.805443373e-01,nan,nan,nan,nan
2136,53.4,5.267928051e-01,4.816403530e-01,nan,nan,nan,nan
2137,53.425,5.252226565e-01,4.802051460e-01,nan,nan,nan,nan
2138,53.45,5.269433017e-01,4.809593344e-01,nan,nan,nan,nan
2139,53.475,5.253577861e-01,4.795126345e-01,nan,nan,nan,nan
2140,53.5,5.267043305e-01,4.799256026e-01,nan,nan,nan,nan
2141,53.525,5.251033258e-01,4.795553113e-01,nan,nan,nan,nan
2142,53.55,5.260760710e-01,4.785399666e-01,nan,nan,nan,nan
2143,53.575,5.244594931e-01,4.798138086e-01,nan,nan,nan,nan
2144,53.6,5.250590157e-01,4.781443437e-01,nan,nan,nan,nan
2145,53.625,5.240681633e-01,4.797185497e-01,nan,nan,nan,nan
2146,53.65,5.236539695e-01,4.780358850e-01,nan,nan,nan,nan
2147,53.675,5.244705471e-01,4.792696299e-01,nan,nan,nan,nan
2148,53.7,5.226400377e-01,4.775737070e-01,nan,nan,nan,nan
2149,53.725,5.244832332e-01,4.784674284e-01,nan,nan,nan,nan
2150,53.75,5.226352958e-01,4.767582229e-01,nan,nan,nan,nan
2151,53.775,5.241062399e-01,4.773126080e-01,nan,nan,nan,nan
2152,53.8,5.222408127e-01,4.771229693e-01,nan,nan,nan,nan
2153,53.825,5.233398985e-01,4.758061145e-01,nan,nan,nan,nan
2154,53.85,5.214569574e-01,4.772577520e-01,nan,nan,nan,nan
2155,53.875,5.221848530e-01,4.753461070e-01,nan,nan,nan,nan
2156,53.9,5.214494143e-01,4.770385940e-01,nan,nan,nan,nan
2157,53.925,5.206420601e-01,4.751117061e-01,nan,nan,nan,nan
2158,53.95,5.217110274e-01,4.764657275e-01,nan,nan,nan,nan
2159,53.975,5.196367151e-01,4.745235930e-01,nan,nan,nan,nan
2160,54,5.215827216e-01,4.755396684e-01,nan,nan,nan,nan
2161,54.025,5.194887845e-01,4.739281705e-01,nan,nan,nan,nan
2162,54.05,5.210646662e-01,4.742612164e-01,nan,nan,nan,nan
2163,54.075,5.189511001e-01,4.742900772e-01,nan,nan,nan,nan
2164,54.1,5.201573440e-01,4.726314538e-01,nan,nan,nan,nan
2165,54.125,5.180241825e-01,4.742979027e-01,nan,nan,nan,nan
2166,54.15,5.188615504e-01,4.721607099e-01,nan,nan,nan,nan
2167,54.175,5.184231170e-01,4.739517317e-01,nan,nan,nan,nan
2168,54.2,5.171783934e-01,4.717971297e-01,nan,nan,nan,nan
2169,54.225,5.185404731e-01,4.732519329e-01,nan,nan,nan,nan
2170,54.25,5.162407542e-01,4.710799702e-01,nan,nan,nan,nan
2171,54.275,5.182678262e-01,4.721991588e-01,nan,nan,nan,nan
2172,54.3,5.159461670e-01,4.708513648e-01,nan,nan,nan,nan
2173,54.325,5.176054968e-01,4.707943455e-01,nan,nan,nan,nan
2174,54.35,5.152619481e-01,4.710829928e-01,nan,nan,nan,nan
2175,54.375,5.165541189e-01,4.690387119e-01,nan,nan,nan,nan
2176,54.4,5.146585905e-01,4.709604719e-01,nan,nan,nan,nan
2177,54.425,5.151146389e-01,4.686161295e-01,nan,nan,nan,nan
2178,54.45,5.150181775e-01,4.704840229e-01,nan,nan,nan,nan
2179,54.475,5.132883155e-01,4.681199986e-01,nan,nan,nan,nan
2180,54.5,5.149876524e-01,4.696541511e-01,nan,nan,nan,nan
2181,54.525,5.124826628e-01,4.672705429e-01,nan,nan,nan,nan
2182,54.55,5.145671731e-01,4.684716454e-01,nan,nan,nan,nan
2183,54.575,5.120378270e-01,4.674327615e-01,nan,nan,nan,nan
2184,54.6,5.137572112e-01,4.669375781e-01,nan,nan,nan,nan
2185,54.625,5.112036114e-01,4.675304796e-01,nan,nan,nan,nan
2186,54.65,5.125585516e-01,4.650533038e-01,nan,nan,nan,nan
2187,54.675,5.110579070e-01,4.672741011e-01,nan,nan,nan,nan
2188,54.7,5.109722916e-01,4.647426680e-01,nan,nan,nan,nan
2189,54.725,5.112658511e-01,4.666639833e-01,nan,nan,nan,nan
2190,54.75,5.089998401e-01,4.641105065e-01,nan,nan,nan,nan
2191,54.775,5.110837094e-01,4.657007676e-01,nan,nan,nan,nan
2192,54.8,5.083952018e-01,4.633892229e-01,nan,nan,nan,nan
2193,54.825,5.105117911e-01,4.643853793e-01,nan,nan,nan,nan
2194,54.85,5.077964287e-01,4.637034458e-01,nan,nan,nan,nan
2195,54.875,5.095507184e-01,4.627190265e-01,nan,nan,nan,nan
2196,54.9,5.068086533e-01,4.636635313e-01,nan,nan,nan,nan
2197,54.925,5.082014270e-01,4.609912291e-01,nan,nan,nan,nan
2198,54.95,5.071471835e-01,4.632696886e-01,nan,nan,nan,nan
2199,54.975,5.064651646e-01,4.605727554e-01,nan,nan,nan,nan
2200,55,5.071995425e-01,4.625224112e-01,nan,nan,nan,nan
2201,55.025,5.043803162e-01,4.598010025e-01,nan,nan,nan,nan
2202,55.05,5.068619663e-01,4.614224769e-01,nan,nan,nan,nan
2203,55.075,5.040131638e-01,4.595238383e-01,nan,nan,nan,nan
2204,55.1,5.061349148e-01,4.599709469e-01,nan,nan,nan,nan
2205,55.125,5.032566970e-01,4.596964985e-01,nan,nan,nan,nan
2206,55.15,5.050191612e-01,4.581691649e-01,nan,nan,nan,nan
2207,55.175,5.026790488e-01,4.595151652e-01,nan,nan,nan,nan
2208,55.2,5.035157916e-01,4.567028590e-01,nan,nan,nan,nan
2209,55.225,5.029617929e-01,4.589801836e-01,nan,nan,nan,nan
2210,55.25,5.016262040e-01,4.561407219e-01,nan,nan,nan,nan
2211,55.275,5.028545752e-01,4.580921838e-01,nan,nan,nan,nan
2212,55.3,4.999022257e-01,4.552257637e-01,nan,nan,nan,nan
2213,55.325,5.023576925e-01,4.568520795e-01,nan,nan,nan,nan
2214,55.35,4.993731206e-01,4.554195903e-01,nan,nan,nan,nan
2215,55.375,5.014717554e-01,4.552610678e-01,nan,nan,nan,nan
2216,55.4,4.984551659e-01,4.554467586e-01,nan,nan,nan,nan
2217,55.425,5.001976879e-01,4.533206281e-01,nan,nan,nan,nan
2218,55.45,4.984198136e-01,4.551201845e-01,nan,nan,nan,nan
2219,55.475,4.985367265e-01,4.521920833e-01,nan,nan,nan,nan
2220,55.5,4.985387355e-01,4.544403497e-01,nan,nan,nan,nan
2221,55.525,4.964904193e-01,4.514825400e-01,nan,nan,nan,nan
2222,55.55,4.982679298e-01,4.534080204e-01,nan,nan,nan,nan
2223,55.575,4.952081141e-01,4.508813442e-01,nan,nan,nan,nan
2224,55.6,4.976078444e-01,4.520242466e-01,nan,nan,nan,nan
2225,55.625,4.945131418e-01,4.511128112e-01,nan,nan,nan,nan
2226,55.65,4.965592408e-01,4.502903611e-01,nan,nan,nan,nan
2227,55.675,4.936247049e-01,4.509905560e-01,nan,nan,nan,nan
2228,55.7,4.951231935e-01,4.482079786e-01,nan,nan,nan,nan
2229,55.725,4.939653610e-01,4.505149126e-01,nan,nan,nan,nan
2230,55.75,4.933010894e-01,4.474962211e-01,nan,nan,nan,nan
2231,55.775,4.939163493e-01,4.496864993e-01,nan,nan,nan,nan
2232,55.8,4.910946264e-01,4.466355378e-01,nan,nan,nan,nan
2233,55.825,4.934779548e-01,4.485062186e-01,nan,nan,nan,nan
2234,55.85,4.903372125e-01,4.465631800e-01,nan,nan,nan,nan
2235,55.875,4.926507766e-01,4.469752565e-01,nan,nan,nan,nan
2236,55.9,4.894724854e-01,4.466410019e-01,nan,nan,nan,nan
2237,55.925,4.914357271e-01,4.450950815e-01,nan,nan,nan,nan
2238,55.95,4.891866496e-01,4.463654183e-01,nan,nan,nan,nan
2239,55.975,4.898340315e-01,4.433172169e-01,nan,nan,nan,nan
2240,56,4.893550059e-01,4.457368997e-01,nan,nan,nan,nan
2241,56.025,4.878472267e-01,4.426536068e-01,nan,nan,nan,nan
2242,56.05,4.891339943e-01,4.447562010e-01,nan,nan,nan,nan
2243,56.075,4.859799896e-01,4.418487314e-01,nan,nan,nan,nan
2244,56.1,4.885240512e-01,4.434243612e-01,nan,nan,nan,nan
2245,56.125,4.853295777e-01,4.421222815e-01,nan,nan,nan,nan
2246,56.15,4.875259267e-01,4.417427022e-01,nan,nan,nan,nan
2247,56.175,4.842912655e-01,4.420425148e-01,nan,nan,nan,nan
2248,56.2,4.861406842e-01,4.397128279e-01,nan,nan,nan,nan
2249,56.225,4.846367539e-01,4.416097537e-01,nan,nan,nan,nan
2250,56.25,4.843696994e-01,4.385260443e-01,nan,nan,nan,nan
2251,56.275,4.846287175e-01,4.408246057e-01,nan,nan,nan,nan
2252,56.3,4.822146596e-01,4.377032562e-01,nan,nan,nan,nan
2253,56.325,4.842317151e-01,4.396879625e-01,nan,nan,nan,nan
2254,56.35,4.810542146e-01,4.374856837e-01,nan,nan,nan,nan
2255,56.375,4.834463344e-01,4.382009994e-01,nan,nan,nan,nan
2256,56.4,4.802257378e-01,4.375974254e-01,nan,nan,nan,nan
2257,56.425,4.822734768e-01,4.363651743e-01,nan,nan,nan,nan
2258,56.45,4.798146956e-01,4.373562151e-01,nan,nan,nan,nan
2259,56.475,4.807143568e-01,4.343042322e-01,nan,nan,nan,nan
2260,56.5,4.800151750e-01,4.367625124e-01,nan,nan,nan,nan
2261,56.525,4.787705006e-01,4.336700982e-01,nan,nan,nan,nan
2262,56.55,4.798267624e-01,4.358170618e-01,nan,nan,nan,nan
2263,56.575,4.766994250e-01,4.327824865e-01,nan,nan,nan,nan
2264,56.6,4.792498833e-01,4.345208919e-01,nan,nan,nan,nan
2265,56.625,4.760765843e-01,4.330814086e-01,nan,nan,nan,nan
2266,56.65,4.782852770e-01,4.328753143e-01,nan,nan,nan,nan
2267,56.675,4.750663219e-01,4.330275177e-01,nan,nan,nan,nan
2268,56.7,4.769339964e-01,4.308819228e-01,nan,nan,nan,nan
2269,56.725,4.753461499e-01,4.326211261e-01,nan,nan,nan,nan
2270,56.75,4.751974069e-01,4.295897264e-01,nan,nan,nan,nan
2271,56.775,4.753619665e-01,4.318628310e-01,nan,nan,nan,nan
2272,56.8,4.730771852e-01,4.287885536e-01,nan,nan,nan,nan
2273,56.825,4.749893322e-01,4.307535141e-01,nan,nan,nan,nan
2274,56.85,4.718962644e-01,4.285452077e-01,nan,nan,nan,nan
2275,56.875,4.742288246e-01,4.292943407e-01,nan,nan,nan,nan
2276,56.9,4.710872944e-01,4.286744249e-01,nan,nan,nan,nan
2277,56.925,4.730813349e-01,4.274867589e-01,nan,nan,nan,nan
2278,56.95,4.706735904e-01,4.284512256e-01,nan,nan,nan,nan
2279,56.975,4.715480673e-01,4.255124706e-01,nan,nan,nan,nan
2280,57,4.708893107e-01,4.278760599e-01,nan,nan,nan,nan
2281,57.025,4.696305383e-01,4.248917643e-01,nan,nan,nan,nan
2282,57.05,4.707166954e-01,4.269496627e-01,nan,nan,nan,nan
2283,57.075,4.677361262e-01,4.240384995e-01,nan,nan,nan,nan
2284,57.1,4.701561601e-01,4.256730528e-01,nan,nan,nan,nan
2285,57.125,4.671244169e-01,4.243466760e-01,nan,nan,nan,nan
2286,57.15,4.692084345e-01,4.240475327e-01,nan,nan,nan,nan
2287,57.175,4.661258366e-01,4.243026085e-01,nan,nan,nan,nan
2288,57.2,4.678745618e-01,4.220746867e-01,nan,nan,nan,nan
2289,57.225,4.664594210e-01,4.239066000e-01,nan,nan,nan,nan
2290,57.25,4.661558978e-01,4.210432163e-01,nan,nan,nan,nan
2291,57.275,4.664826729e-01,4.231592387e-01,nan,nan,nan,nan
2292,57.3,4.640541099e-01,4.202480545e-01,nan,nan,nan,nan
2293,57.325,4.661180532e-01,4.220613972e-01,nan,nan,nan,nan
2294,57.35,4.632274527e-01,4.200924378e-01,nan,nan,nan,nan
2295,57.375,4.653661303e-01,4.206142318e-01,nan,nan,nan,nan
2296,57.4,4.624220668e-01,4.202235403e-01,nan,nan,nan,nan
2297,57.425,4.642277862e-01,4.188191819e-01,nan,nan,nan,nan
2298,57.45,4.621210058e-01,4.200028115e-01,nan,nan,nan,nan
2299,57.475,4.627042162e-01,4.172901340e-01,nan,nan,nan,nan
2300,57.5,4.623360885e-01,4.194306929e-01,nan,nan,nan,nan
2301,57.525,4.607969278e-01,4.166677702e-01,nan,nan,nan,nan
2302,57.55,4.621634388e-01,4.185079108e-01,nan,nan,nan,nan
2303,57.575,4.594439688e-01,4.159577658e-01,nan,nan,nan,nan
2304,57.6,4.616034639e-01,4.172354757e-01,nan,nan,nan,nan
2305,57.625,4.588280638e-01,4.162602141e-01,nan,nan,nan,nan
2306,57.65,4.606568847e-01,4.156146817e-01,nan,nan,nan,nan
2307,57.675,4.579203123e-01,4.162110206e-01,nan,nan,nan,nan
2308,57.7,4.593247360e-01,4.136773592e-01,nan,nan,nan,nan
2309,57.725,4.583233433e-01,4.158104806e-01,nan,nan,nan,nan
2310,57.75,4.576083654e-01,4.132242782e-01,nan,nan,nan,nan
2311,57.775,4.583388676e-01,4.150591741e-01,nan,nan,nan,nan
2312,57.8,4.558187964e-01,4.124207286e-01,nan,nan,nan,nan
2313,57.825,4.579671313e-01,4.139579661e-01,nan,nan,nan,nan
2314,57.85,4.553888262e-01,4.124562272e-01,nan,nan,nan,nan
2315,57.875,4.572086947e-01,4.125080050e-01,nan,nan,nan,nan
2316,57.9,4.545724577e-01,4.125749938e-01,nan,nan,nan,nan
2317,57.925,4.560644321e-01,4.107107226e-01,nan,nan,nan,nan
2318,57.95,4.544878902e-01,4.123425333e-01,nan,nan,nan,nan
2319,57.975,4.545355308e-01,4.099597092e-01,nan,nan,nan,nan
2320,58,4.546879780e-01,4.117592800e-01,nan,nan,nan,nan
2321,58.025,4.526234906e-01,4.093220653e-01,nan,nan,nan,nan
2322,58.05,4.545009526e-01,4.108259529e-01,nan,nan,nan,nan
2323,58.075,4.521461377e-01,4.088520823e-01,nan,nan,nan,nan
2324,58.1,4.539272136e-01,4.095435555e-01,nan,nan,nan,nan
2325,58.125,4.515123227e-01,4.091354356e-01,nan,nan,nan,nan
2326,58.15,4.529674751e-01,4.079133746e-01,nan,nan,nan,nan
2327,58.175,4.508697379e-01,4.090677538e-01,nan,nan,nan,nan
2328,58.2,4.516227645e-01,4.069128429e-01,nan,nan,nan,nan
2329,58.225,4.512509965e-01,4.086493253e-01,nan,nan,nan,nan
2330,58.25,4.498944221e-01,4.064380617e-01,nan,nan,nan,nan
2331,58.275,4.512453681e-01,4.078807240e-01,nan,nan,nan,nan
2332,58.3,4.491380828e-01,4.056133976e-01,nan,nan,nan,nan
2333,58.325,4.508530921e-01,4.067628078e-01,nan,nan,nan,nan
2334,58.35,4.486837855e-01,4.059295172e-01,nan,nan,nan,nan
2335,58.375,4.500747223e-01,4.052967192e-01,nan,nan,nan,nan
2336,58.4,4.478436871e-01,4.060235409e-01,nan,nan,nan,nan
2337,58.425,4.489111264e-01,4.041186531e-01,nan,nan,nan,nan
2338,58.45,4.480642730e-01,4.057669334e-01,nan,nan,nan,nan
2339,58.475,4.473634854e-01,4.038039320e-01,nan,nan,nan,nan
2340,58.5,4.482369710e-01,4.051601231e-01,nan,nan,nan,nan
2341,58.525,4.463986027e-01,4.031392734e-01,nan,nan,nan,nan
2342,58.55,4.480231629e-01,4.042038233e-01,nan,nan,nan,nan
2343,58.575,4.461210424e-01,4.029904421e-01,nan,nan,nan,nan
2344,58.6,4.474232425e-01,4.028990314e-01,nan,nan,nan,nan
2345,58.625,4.454576351e-01,4.032433519e-01,nan,nan,nan,nan
2346,58.65,4.464379179e-01,4.016078948e-01,nan,nan,nan,nan
2347,58.675,4.451598580e-01,4.031458119e-01,nan,nan,nan,nan
2348,58.7,4.450682107e-01,4.014506956e-01,nan,nan,nan,nan
2349,58.725,4.455080801e-01,4.026981054e-01,nan,nan,nan,nan
2350,58.75,4.448481302e-01,4.009435684e-01,nan,nan,nan,nan
2351,58.775,4.454700098e-01,4.019008008e-01,nan,nan,nan,nan
2352,58.8,4.449705104e-01,4.004009665e-01,nan,nan,nan,nan
2353,58.825,4.450458812e-01,4.020826594e-01,nan,nan,nan,nan
2354,58.85,4.447084476e-01,4.009931619e-01,nan,nan,nan,nan
2355,58.875,4.452460655e-01,4.026149347e-01,nan,nan,nan,nan
2356,58.9,4.444682463e-01,4.012370151e-01,nan,nan,nan,nan
2357,58.925,4.463076273e-01,4.027988529e-01,nan,nan,nan,nan
2358,58.95,4.452108660e-01,4.017500850e-01,nan,nan,nan,nan
2359,58.975,4.469856980e-01,4.026342325e-01,nan,nan,nan,nan
2360,59,4.455694364e-01,4.031311371e-01,nan,nan,nan,nan
2361,59.025,4.472796862e-01,4.022535124e-01,nan,nan,nan,nan
2362,59.05,4.456353596e-01,4.041655772e-01,nan,nan,nan,nan
2363,59.075,4.471893145e-01,4.029992807e-01,nan,nan,nan,nan
2364,59.1,4.472510865e-01,4.048525127e-01,nan,nan,nan,nan
2365,59.125,4.467146201e-01,4.033969828e-01,nan,nan,nan,nan
2366,59.15,4.484848386e-01,4.051913353e-01,nan,nan,nan,nan
2367,59.175,4.473346922e-01,4.037141507e-01,nan,nan,nan,nan
2368,59.2,4.493355546e-01,4.051817216e-01,nan,nan,nan,nan
2369,59.225,4.478650669e-01,4.052502245e-01,nan,nan,nan,nan
2370,59.25,4.498024865e-01,4.048236333e-01,nan,nan,nan,nan
2371,59.275,4.480112485e-01,4.064402656e-01,nan,nan,nan,nan
2372,59.3,4.498852006e-01,4.052250535e-01,nan,nan,nan,nan
2373,59.325,4.494242233e-01,4.072832400e-01,nan,nan,nan,nan
2374,59.35,4.495835774e-01,4.057778932e-01,nan,nan,nan,nan
2375,59.375,4.508315584e-01,4.077783979e-01,nan,nan,nan,nan
2376,59.4,4.496578352e-01,4.059824907e-01,nan,nan,nan,nan
2377,59.425,4.518563712e-01,4.079252742e-01,nan,nan,nan,nan
2378,59.45,4.503613871e-01,4.075173133e-01,nan,nan,nan,nan
2379,59.475,4.524977579e-01,4.077236887e-01,nan,nan,nan,nan
2380,59.5,4.506809804e-01,4.088644374e-01,nan,nan,nan,nan
2381,59.525,4.527551283e-01,4.076307067e-01,nan,nan,nan,nan
2382,59.55,4.517206186e-01,4.098649854e-01,nan,nan,nan,nan
2383,59.575,4.526282065e-01,4.083401492e-01,nan,nan,nan,nan
2384,59.6,4.533030737e-01,4.105180662e-01,nan,nan,nan,nan
2385,59.625,4.521379360e-01,4.087015877e-01,nan,nan,nan,nan
2386,59.65,4.545035800e-01,4.108230731e-01,nan,nan,nan,nan
2387,59.675,4.530162042e-01,4.098871492e-01,nan,nan,nan,nan
2388,59.7,4.553210781e-01,4.107796842e-01,nan,nan,nan,nan
2389,59.725,4.535108079e-01,4.113929637e-01,nan,nan,nan,nan
2390,59.75,4.557548217e-01,4.103878630e-01,nan,nan,nan,nan
2391,59.775,4.540928585e-01,4.125527462e-01,nan,nan,nan,nan
2392,59.8,4.558043786e-01,4.110408624e-01,nan,nan,nan,nan
2393,59.825,4.558520833e-01,4.133654644e-01,nan,nan,nan,nan
2394,59.85,4.554696308e-01,4.115608077e-01,nan,nan,nan,nan
2395,59.875,4.572299938e-01,4.138303703e-01,nan,nan,nan,nan
2396,59.9,4.557842598e-01,4.123122945e-01,nan,nan,nan,nan
2397,59.925,4.582253747e-01,4.139470006e-01,nan,nan,nan,nan
2398,59.95,4.564556097e-01,4.139785008e-01,nan,nan,nan,nan
2399,59.975,4.588373241e-01,4.137151768e-01,nan,nan,nan,nan
2400,60,4.567430189e-01,4.152992735e-01,nan,nan,nan,nan
2401,60.025,4.590652535e-01,4.138344467e-01,nan,nan,nan,nan
2402,60.05,4.584293576e-01,4.162734397e-01,nan,nan,nan,nan
2403,60.075,4.589088889e-01,4.145146833e-01,nan,nan,nan,nan
2404,60.1,4.599864643e-01,4.169001101e-01,nan,nan,nan,nan
2405,60.125,4.586178586e-01,4.148469092e-01,nan,nan,nan,nan
2406,60.15,4.611615822e-01,4.171786800e-01,nan,nan,nan,nan
2407,60.175,4.594677964e-01,4.165721501e-01,nan,nan,nan,nan
2408,60.2,4.619536537e-01,4.171088295e-01,nan,nan,nan,nan
2409,60.225,4.599340533e-01,4.180557320e-01,nan,nan,nan,nan
2410,60.25,4.623619346e-01,4.166905235e-01,nan,nan,nan,nan
2411,60.275,4.609844259e-01,4.191932210e-01,nan,nan,nan,nan
2412,60.3,4.623859944e-01,4.175156516e-01,nan,nan,nan,nan
2413,60.325,4.627225698e-01,4.199835868e-01,nan,nan,nan,nan
2414,60.35,4.620257173e-01,4.180102994e-01,nan,nan,nan,nan
2415,60.375,4.640793289e-01,4.204260835e-01,nan,nan,nan,nan
2416,60.4,4.624979743e-01,4.191241421e-01,nan,nan,nan,nan
2417,60.425,4.650534901e-01,4.205202496e-01,nan,nan,nan,nan
2418,60.45,4.631450567e-01,4.207723832e-01,nan,nan,nan,nan
2419,60.475,4.656441536e-01,4.202659087e-01,nan,nan,nan,nan
2420,60.5,4.634662840e-01,4.220751018e-01,nan,nan,nan,nan
2421,60.525,4.658507329e-01,4.205147180e-01,nan,nan,nan,nan
2422,60.55,4.653873220e-01,4.230311274e-01,nan,nan,nan,nan
2423,60.575,4.656729558e-01,4.211737711e-01,nan,nan,nan,nan
2424,60.6,4.669276435e-01,4.236395726e-01,nan,nan,nan,nan
2425,60.625,4.654956356e-01,4.215845343e-01,nan,nan,nan,nan
2426,60.65,4.680858805e-01,4.238998349e-01,nan,nan,nan,nan
2427,60.675,4.663255633e-01,4.233992831e-01,nan,nan,nan,nan
2428,60.7,4.688609774e-01,4.238115961e-01,nan,nan,nan,nan
2429,60.725,4.667717343e-01,4.248691385e-01,nan,nan,nan,nan
2430,60.75,4.692521922e-01,4.234621421e-01,nan,nan,nan,nan
2431,60.775,4.679298825e-01,4.259927894e-01,nan,nan,nan,nan
2432,60.8,4.692590965e-01,4.242876081e-01,nan,nan,nan,nan
2433,60.825,4.696556722e-01,4.267692078e-01,nan,nan,nan,nan
2434,60.85,4.688815763e-01,4.247652291e-01,nan,nan,nan,nan
2435,60.875,4.709999568e-01,4.271976498e-01,nan,nan,nan,nan
2436,60.9,4.694246690e-01,4.258869860e-01,nan,nan,nan,nan
2437,60.925,4.719615255e-01,4.272776559e-01,nan,nan,nan,nan
2438,60.95,4.700560103e-01,4.275258536e-01,nan,nan,nan,nan
2439,60.975,4.725394804e-01,4.270090518e-01,nan,nan,nan,nan
2440,61,4.703032643e-01,4.288190655e-01,nan,nan,nan,nan
2441,61.025,4.727332373e-01,4.273020144e-01,nan,nan,nan,nan
2442,61.05,4.722133954e-01,4.297654529e-01,nan,nan,nan,nan
2443,61.075,4.725425262e-01,4.279483402e-01,nan,nan,nan,nan
2444,61.1,4.737456533e-01,4.303641309e-01,nan,nan,nan,nan
2445,61.125,4.723917466e-01,4.282464736e-01,nan,nan,nan,nan
2446,61.15,4.748956873e-01,4.306144987e-01,nan,nan,nan,nan
2447,61.175,4.732103308e-01,4.299969345e-01,nan,nan,nan,nan
2448,61.2,4.756624440e-01,4.305162405e-01,nan,nan,nan,nan
2449,61.225,4.736450347e-01,4.314615821e-01,nan,nan,nan,nan
2450,61.25,4.760451833e-01,4.301678152e-01,nan,nan,nan,nan
2451,61.275,4.745523339e-01,4.325798751e-01,nan,nan,nan,nan
2452,61.3,4.760434790e-01,4.309848679e-01,nan,nan,nan,nan
2453,61.325,4.762744141e-01,4.333507876e-01,nan,nan,nan,nan
2454,61.35,4.756572193e-01,4.314539395e-01,nan,nan,nan,nan
2455,61.375,4.776148316e-01,4.337735778e-01,nan,nan,nan,nan
2456,61.4,4.761850059e-01,4.322359171e-01,nan,nan,nan,nan
2457,61.425,4.785723777e-01,4.338477882e-01,nan,nan,nan,nan
2458,61.45,4.768092473e-01,4.338737851e-01,nan,nan,nan,nan
2459,61.475,4.791461567e-01,4.335732465e-01,nan,nan,nan,nan
2460,61.5,4.770492596e-01,4.351658315e-01,nan,nan,nan,nan
2461,61.525,4.793355864e-01,4.338268851e-01,nan,nan,nan,nan
2462,61.55,4.785398798e-01,4.361108899e-01,nan,nan,nan,nan
2463,61.575,4.791403987e-01,4.344689118e-01,nan,nan,nan,nan
2464,61.6,4.800724942e-01,4.367080772e-01,nan,nan,nan,nan
2465,61.625,4.789320057e-01,4.347625942e-01,nan,nan,nan,nan
2466,61.65,4.812227143e-01,4.369567948e-01,nan,nan,nan,nan
2467,61.675,4.797477902e-01,4.360115993e-01,nan,nan,nan,nan
2468,61.7,4.819894886e-01,4.368567287e-01,nan,nan,nan,nan
2469,61.725,4.801795352e-01,4.374791306e-01,nan,nan,nan,nan
2470,61.75,4.823720792e-01,4.364284283e-01,nan,nan,nan,nan
2471,61.775,4.804985450e-01,4.386001312e-01,nan,nan,nan,nan
2472,61.8,4.823700619e-01,4.372453317e-01,nan,nan,nan,nan
2473,61.825,4.822250372e-01,4.393735773e-01,nan,nan,nan,nan
2474,61.85,4.819833267e-01,4.377140874e-01,nan,nan,nan,nan
2475,61.875,4.835696847e-01,4.397987287e-01,nan,nan,nan,nan
2476,61.9,4.824148621e-01,4.378342017e-01,nan,nan,nan,nan
2477,61.925,4.845312807e-01,4.398751301e-01,nan,nan,nan,nan
2478,61.95,4.830403058e-01,4.394786604e-01,nan,nan,nan,nan
2479,61.975,4.851089314e-01,4.396026112e-01,nan,nan,nan,nan
2480,62,4.832813489e-01,4.407772588e-01,nan,nan,nan,nan
2481,62.025,4.853020565e-01,4.397397276e-01,nan,nan,nan,nan
2482,62.05,4.840322673e-01,4.417286857e-01,nan,nan,nan,nan
2483,62.075,4.851103900e-01,4.403854214e-01,nan,nan,nan,nan
2484,62.1,4.855729393e-01,4.423320598e-01,nan,nan,nan,nan
2485,62.125,4.847676211e-01,4.406825947e-01,nan,nan,nan,nan
2486,62.15,4.867310285e-01,4.425867845e-01,nan,nan,nan,nan
2487,62.175,4.855885924e-01,4.411269726e-01,nan,nan,nan,nan
2488,62.2,4.875054852e-01,4.424925475e-01,nan,nan,nan,nan
2489,62.225,4.860253422e-01,4.426046598e-01,nan,nan,nan,nan
2490,62.25,4.878955731e-01,4.420493219e-01,nan,nan,nan,nan
2491,62.275,4.860774059e-01,4.437356267e-01,nan,nan,nan,nan
2492,62.3,4.879008700e-01,4.427361832e-01,nan,nan,nan,nan
2493,62.325,4.871961197e-01,4.445188510e-01,nan,nan,nan,nan
2494,62.35,4.875212678e-01,4.432122012e-01,nan,nan,nan,nan
2495,62.375,4.885521954e-01,4.449535945e-01,nan,nan,nan,nan
2496,62.4,4.877849574e-01,4.433393948e-01,nan,nan,nan,nan
2497,62.425,4.895250274e-01,4.450394035e-01,nan,nan,nan,nan
2498,62.45,4.884191560e-01,4.440488961e-01,nan,nan,nan,nan
2499,62.475,4.901137236e-01,4.447761093e-01,nan,nan,nan,nan
2500,62.5,4.886687664e-01,4.453607779e-01,nan,nan,nan,nan
2501,62.525,4.903177054e-01,4.447297127e-01,nan,nan,nan,nan
2502,62.55,4.885334819e-01,4.463252970e-01,nan,nan,nan,nan
2503,62.575,4.901367084e-01,4.453861934e-01,nan,nan,nan,nan
2504,62.6,4.899627301e-01,4.469415738e-01,nan,nan,nan,nan
2505,62.625,4.895940623e-01,4.456939651e-01,nan,nan,nan,nan
2506,62.65,4.911353098e-01,4.472090130e-01,nan,nan,nan,nan
2507,62.675,4.904272694e-01,4.456526791e-01,nan,nan,nan,nan
2508,62.7,4.919240640e-01,4.471273042e-01,nan,nan,nan,nan
2509,62.725,4.908760625e-01,4.465751475e-01,nan,nan,nan,nan
2510,62.75,4.923282580e-01,4.466964219e-01,nan,nan,nan,nan
2511,62.775,4.909399787e-01,4.477222048e-01,nan,nan,nan,nan
2512,62.8,4.923474710e-01,4.471719964e-01,nan,nan,nan,nan
2513,62.825,4.909355184e-01,4.485213294e-01,nan,nan,nan,nan
2514,62.85,4.919815966e-01,4.476618459e-01,nan,nan,nan,nan
2515,62.875,4.923090032e-01,4.489717846e-01,nan,nan,nan,nan
2516,62.9,4.920187395e-01,4.478026818e-01,nan,nan,nan,nan
2517,62.925,4.932990518e-01,4.490731180e-01,nan,nan,nan,nan
2518,62.95,4.926681503e-01,4.475942984e-01,nan,nan,nan,nan
2519,62.975,4.939047733e-01,4.488251625e-01,nan,nan,nan,nan
2520,63,4.929327803e-01,4.486854053e-01,nan,nan,nan,nan
2521,63.025,4.941255906e-01,4.485417492e-01,nan,nan,nan,nan
2522,63.05,4.928123244e-01,4.496684767e-01,nan,nan,nan,nan
2523,63.075,4.939612408e-01,4.492149715e-01,nan,nan,nan,nan
2524,63.1,4.930240806e-01,4.503031192e-01,nan,nan,nan,nan
2525,63.125,4.934117752e-01,4.495392958e-01,nan,nan,nan,nan
2526,63.15,4.942164318e-01,4.505887388e-01,nan,nan,nan,nan
2527,63.175,4.940188826e-01,4.495143747e-01,nan,nan,nan,nan
2528,63.2,4.950247692e-01,4.505250264e-01,nan,nan,nan,nan
2529,63.225,4.944855226e-01,4.491960925e-01,nan,nan,nan,nan
2530,63.25,4.954483595e-01,4.501119579e-01,nan,nan,nan,nan
2531,63.275,4.945670958e-01,4.503639812e-01,nan,nan,nan,nan
2532,63.3,4.954867833e-01,4.503303674e-01,nan,nan,nan,nan
2533,63.325,4.942634549e-01,4.511837554e-01,nan,nan,nan,nan
2534,63.35,4.951399352e-01,4.508393283e-01,nan,nan,nan,nan
2535,63.375,4.946595436e-01,4.516546793e-01,nan,nan,nan,nan
2536,63.4,4.949074730e-01,4.509990906e-01,nan,nan,nan,nan
2537,63.425,4.956713468e-01,4.517763020e-01,nan,nan,nan,nan
2538,63.45,4.955771887e-01,4.508094501e-01,nan,nan,nan,nan
2539,63.475,4.962986414e-01,4.515484571e-01,nan,nan,nan,nan
2540,63.5,4.958619372e-01,4.505944215e-01,nan,nan,nan,nan
2541,63.525,4.965408515e-01,4.509904708e-01,nan,nan,nan,nan
2542,63.55,4.957614147e-01,4.516000348e-01,nan,nan,nan,nan
2543,63.575,4.963977152e-01,4.516849862e-01,nan,nan,nan,nan
2544,63.6,4.952756318e-01,4.522570455e-01,nan,nan,nan,nan
2545,63.625,4.958692848e-01,4.520304239e-01,nan,nan,nan,nan
2546,63.65,4.958334183e-01,4.525648605e-01,nan,nan,nan,nan
2547,63.675,4.961923971e-01,4.520264377e-01,nan,nan,nan,nan
2548,63.7,4.966651025e-01,4.525231716e-01,nan,nan,nan,nan
2549,63.725,4.966812266e-01,4.516729664e-01,nan,nan,nan,nan
2550,63.75,4.971118668e-01,4.521319557e-01,nan,nan,nan,nan
2551,63.775,4.967848103e-01,4.515440847e-01,nan,nan,nan,nan
2552,63.8,4.971732927e-01,4.520641197e-01,nan,nan,nan,nan
2553,63.825,4.965030019e-01,4.523877223e-01,nan,nan,nan,nan
2554,63.85,4.968492758e-01,4.525959865e-01,nan,nan,nan,nan
2555,63.875,4.958987853e-01,4.528823458e-01,nan,nan,nan,nan
2556,63.9,4.963216072e-01,4.527784838e-01,nan,nan,nan,nan
2557,63.925,4.966341930e-01,4.530275048e-01,nan,nan,nan,nan
2558,63.95,4.970151754e-01,4.526114081e-01,nan,nan,nan,nan
2559,63.975,4.971941920e-01,4.528230341e-01,nan,nan,nan,nan
2560,64,4.973236058e-01,4.520948412e-01,nan,nan,nan,nan
2561,64.025,4.974607812e-01,4.522690534e-01,nan,nan,nan,nan
2562,64.05,4.972465953e-01,4.524542103e-01,nan,nan,nan,nan
2563,64.075,4.973418625e-01,4.526891880e-01,nan,nan,nan,nan
2564,64.1,4.967841554e-01,4.528609415e-01,nan,nan,nan,nan
2565,64.125,4.968374890e-01,4.530587548e-01,nan,nan,nan,nan
2566,64.15,4.967305245e-01,4.530587310e-01,nan,nan,nan,nan
2567,64.175,4.969966310e-01,4.530787371e-01,nan,nan,nan,nan
2568,64.2,4.972859629e-01,4.530415305e-01,nan,nan,nan,nan
2569,64.225,4.973737148e-01,4.527490744e-01,nan,nan,nan,nan
2570,64.25,4.974560882e-01,4.526746517e-01,nan,nan,nan,nan
2571,64.275,4.975020749e-01,4.524266146e-01,nan,nan,nan,nan
2572,64.3,4.973469051e-01,4.527702639e-01,nan,nan,nan,nan
2573,64.325,4.972448841e-01,4.529168372e-01,nan,nan,nan,nan
2574,64.35,4.970479259e-01,4.530518776e-01,nan,nan,nan,nan
2575,64.375,4.968206642e-01,4.531613593e-01,nan,nan,nan,nan
2576,64.4,4.970601648e-01,4.530737458e-01,nan,nan,nan,nan
2577,64.425,4.972796451e-01,4.530562156e-01,nan,nan,nan,nan
2578,64.45,4.974774710e-01,4.529314820e-01,nan,nan,nan,nan
2579,64.475,4.974743042e-01,4.526109452e-01,nan,nan,nan,nan
2580,64.5,4.975093316e-01,4.525062649e-01,nan,nan,nan,nan
2581,64.525,4.974644698e-01,4.527571747e-01,nan,nan,nan,nan
2582,64.55,4.972195503e-01,4.530122742e-01,nan,nan,nan,nan
2583,64.575,4.970690842e-01,4.530707330e-01,nan,nan,nan,nan
2584,64.6,4.968139600e-01,4.531687985e-01,nan,nan,nan,nan
2585,64.625,4.971624239e-01,4.531902323e-01,nan,nan,nan,nan
2586,64.65,4.973105603e-01,4.530155079e-01,nan,nan,nan,nan
2587,64.675,4.974832084e-01,4.529600234e-01,nan,nan,nan,nan
2588,64.7,4.975897432e-01,4.527482355e-01,nan,nan,nan,nan
2589,64.725,4.974960734e-01,4.525955476e-01,nan,nan,nan,nan
2590,64.75,4.974833910e-01,4.527991899e-01,nan,nan,nan,nan
2591,64.775,4.973480902e-01,4.530135611e-01,nan,nan,nan,nan
2592,64.8,4.970140267e-01,4.531802715e-01,nan,nan,nan,nan
2593,64.825,4.968567699e-01,4.531509740e-01,nan,nan,nan,nan
2594,64.85,4.971678082e-01,4.532117447e-01,nan,nan,nan,nan
2595,64.875,4.974247180e-01,4.531454823e-01,nan,nan,nan,nan
2596,64.9,4.974817811e-01,4.528935406e-01,nan,nan,nan,nan
2597,64.925,4.976073327e-01,4.527902790e-01,nan,nan,nan,nan
2598,64.95,4.976228611e-01,4.525919468e-01,nan,nan,nan,nan
2599,64.975,4.974391721e-01,4.529027406e-01,nan,nan,nan,nan
2600,65,4.973783594e-01,4.530181598e-01,nan,nan,nan,nan
2601,65.025,4.971530974e-01,4.531957718e-01,nan,nan,nan,nan
2602,65.05,4.969706789e-01,4.532743231e-01,nan,nan,nan,nan
2603,65.075,4.971776331e-01,4.531576948e-01,nan,nan,nan,nan
2604,65.1,4.974420697e-01,4.531807934e-01,nan,nan,nan,nan
2605,65.125,4.976075854e-01,4.530272539e-01,nan,nan,nan,nan
2606,65.15,4.975739356e-01,4.527376069e-01,nan,nan,nan,nan
2607,65.175,4.976520684e-01,4.526181866e-01,nan,nan,nan,nan
2608,65.2,4.975769445e-01,4.529134192e-01,nan,nan,nan,nan
2609,65.225,4.973110013e-01,4.531357675e-01,nan,nan,nan,nan
2610,65.25,4.971943680e-01,4.531632687e-01,nan,nan,nan,nan
2611,65.275,4.969890535e-01,4.533038423e-01,nan,nan,nan,nan
2612,65.3,4.973034131e-01,4.532945331e-01,nan,nan,nan,nan
2613,65.325,4.974191405e-01,4.531222293e-01,nan,nan,nan,nan
2614,65.35,4.976367509e-01,4.530760589e-01,nan,nan,nan,nan
2615,65.375,4.977111037e-01,4.528357278e-01,nan,nan,nan,nan
2616,65.4,4.975871698e-01,4.527311094e-01,nan,nan,nan,nan
2617,65.425,4.976175044e-01,4.529019032e-01,nan,nan,nan,nan
2618,65.45,4.974521509e-01,4.531606072e-01,nan,nan,nan,nan
2619,65.475,4.971383774e-01,4.532946901e-01,nan,nan,nan,nan
2620,65.5,4.969759240e-01,4.532405546e-01,nan,nan,nan,nan
2621,65.525,4.973337180e-01,4.533378443e-01,nan,nan,nan,nan
2622,65.55,4.975565865e-01,4.532410417e-01,nan,nan,nan,nan
2623,65.575,4.975813961e-01,4.530312887e-01,nan,nan,nan,nan
2624,65.6,4.977518952e-01,4.528976912e-01,nan,nan,nan,nan
2625,65.625,4.977353878e-01,4.527525208e-01,nan,nan,nan,nan
2626,65.65,4.975616444e-01,4.530288815e-01,nan,nan,nan,nan
2627,65.675,4.975037668e-01,4.531116062e-01,nan,nan,nan,nan
2628,65.7,4.972486751e-01,4.533335365e-01,nan,nan,nan,nan
2629,65.725,4.971146831e-01,4.533796056e-01,nan,nan,nan,nan
2630,65.75,4.972874597e-01,4.532885380e-01,nan,nan,nan,nan
2631,65.775,4.975987037e-01,4.532978845e-01,nan,nan,nan,nan
2632,65.8,4.977302675e-01,4.531140247e-01,nan,nan,nan,nan
2633,65.825,4.976973187e-01,4.528664709e-01,nan,nan,nan,nan
2634,65.85,4.977875819e-01,4.527230698e-01,nan,nan,nan,nan
2635,65.875,4.976805889e-01,4.530644203e-01,nan,nan,nan,nan
2636,65.9,4.974593128e-01,4.532524318e-01,nan,nan,nan,nan
2637,65.925,4.973110180e-01,4.532809052e-01,nan,nan,nan,nan
2638,65.95,4.971593279e-01,4.534322664e-01,nan,nan,nan,nan
2639,65.975,4.974379251e-01,4.533906455e-01,nan,nan,nan,nan
2640,66,4.975466701e-01,4.532623834e-01,nan,nan,nan,nan
2641,66.025,4.977840383e-01,4.531841042e-01,nan,nan,nan,nan
2642,66.05,4.978245592e-01,4.529136923e-01,nan,nan,nan,nan
2643,66.075,4.977446323e-01,4.528607643e-01,nan,nan,nan,nan
2644,66.1,4.977439250e-01,4.530097588e-01,nan,nan,nan,nan
2645,66.125,4.975468934e-01,4.533019652e-01,nan,nan,nan,nan
2646,66.15,4.972777262e-01,4.534018428e-01,nan,nan,nan,nan
2647,66.175,4.971111571e-01,4.533935918e-01,nan,nan,nan,nan
2648,66.2,4.974943645e-01,4.534568887e-01,nan,nan,nan,nan
2649,66.225,4.976815567e-01,4.533279739e-01,nan,nan,nan,nan
2650,66.25,4.977437411e-01,4.531621917e-01,nan,nan,nan,nan
2651,66.275,4.978897817e-01,4.529966768e-01,nan,nan,nan,nan
2652,66.3,4.978395976e-01,4.529082984e-01,nan,nan,nan,nan
2653,66.325,4.977124168e-01,4.531486971e-01,nan,nan,nan,nan
2654,66.35,4.976210711e-01,4.532612965e-01,nan,nan,nan,nan
2655,66.375,4.973345209e-01,4.534651931e-01,nan,nan,nan,nan
2656,66.4,4.972527623e-01,4.534772279e-01,nan,nan,nan,nan
2657,66.425,4.974579174e-01,4.534320083e-01,nan,nan,nan,nan
2658,66.45,4.977496387e-01,4.534075257e-01,nan,nan,nan,nan
2659,66.475,4.978456584e-01,4.531917863e-01,nan,nan,nan,nan
2660,66.5,4.978610853e-01,4.529880945e-01,nan,nan,nan,nan
2661,66.525,4.979160249e-01,4.528668513e-01,nan,nan,nan,nan
2662,66.55,4.977755502e-01,4.532101605e-01,nan,nan,nan,nan
2663,66.575,4.976007736e-01,4.533623629e-01,nan,nan,nan,nan
2664,66.6,4.974191982e-01,4.534384015e-01,nan,nan,nan,nan
2665,66.625,4.973247183e-01,4.535541710e-01,nan,nan,nan,nan
2666,66.65,4.975660724e-01,4.534787300e-01,nan,nan,nan,nan
2667,66.675,4.977248226e-01,4.533962307e-01,nan,nan,nan,nan
2668,66.7,4.979251817e-01,4.532843296e-01,nan,nan,nan,nan
2669,66.725,4.979303409e-01,4.529823080e-01,nan,nan,nan,nan
2670,66.75,4.978987438e-01,4.529844603e-01,nan,nan,nan,nan
2671,66.775,4.978628886e-01,4.530850193e-01,nan,nan,nan,nan
2672,66.8,4.976326146e-01,4.534375755e-01,nan,nan,nan,nan
2673,66.825,4.974098337e-01,4.535018485e-01,nan,nan,nan,nan
2674,66.85,4.971929457e-01,4.535410912e-01,nan,nan,nan,nan
2675,66.875,4.971893375e-01,4.535689944e-01,nan,nan,nan,nan
2676,66.9,4.977996987e-01,4.534065205e-01,nan,nan,nan,nan
2677,66.925,4.977552877e-01,4.532863633e-01,nan,nan,nan,nan
2678,66.95,4.980210539e-01,4.530874808e-01,nan,nan,nan,nan
2679,66.975,4.979357434e-01,4.526997927e-01,nan,nan,nan,nan
2680,67,4.978567873e-01,4.524929954e-01,nan,nan,nan,nan
2681,67.025,4.977305225e-01,4.532749724e-01,nan,nan,nan,nan
2682,67.05,4.974110170e-01,4.530986092e-01,nan,nan,nan,nan
2683,67.075,4.971397570e-01,4.535672685e-01,nan,nan,nan,nan
2684,67.1,4.967792559e-01,4.533546223e-01,nan,nan,nan,nan
2685,67.125,4.973908853e-01,4.535097868e-01,nan,nan,nan,nan
2686,67.15,4.971055625e-01,4.532607986e-01,nan,nan,nan,nan
2687,67.175,4.978192718e-01,4.531025384e-01,nan,nan,nan,nan
2688,67.2,4.974930813e-01,4.528171871e-01,nan,nan,nan,nan
2689,67.225,4.978620336e-01,4.523458195e-01,nan,nan,nan,nan
2690,67.25,4.974949058e-01,4.526474433e-01,nan,nan,nan,nan
2691,67.275,4.975191041e-01,4.522361889e-01,nan,nan,nan,nan
2692,67.3,4.971110112e-01,4.531286812e-01,nan,nan,nan,nan
2693,67.325,4.967907310e-01,4.526810894e-01,nan,nan,nan,nan
2694,67.35,4.965048326e-01,4.532601738e-01,nan,nan,nan,nan
2695,67.375,4.959863679e-01,4.527761728e-01,nan,nan,nan,nan
2696,67.4,4.971402999e-01,4.530417898e-01,nan,nan,nan,nan
2697,67.425,4.965808582e-01,4.525213458e-01,nan,nan,nan,nan
2698,67.45,4.973902266e-01,4.524736830e-01,nan,nan,nan,nan
2699,67.475,4.967897238e-01,4.519168000e-01,nan,nan,nan,nan
2700,67.5,4.972543890e-01,4.515562922e-01,nan,nan,nan,nan
2701,67.525,4.966127828e-01,4.522342589e-01,nan,nan,nan,nan
2702,67.55,4.967328778e-01,4.515611198e-01,nan,nan,nan,nan
2703,67.575,4.960501674e-01,4.525547122e-01,nan,nan,nan,nan
2704,67.6,4.958260977e-01,4.518449611e-01,nan,nan,nan,nan
2705,67.625,4.959959231e-01,4.525252587e-01,nan,nan,nan,nan
2706,67.65,4.952146586e-01,4.517788493e-01,nan,nan,nan,nan
2707,67.675,4.964528914e-01,4.521459098e-01,nan,nan,nan,nan
2708,67.7,4.956303074e-01,4.513628333e-01,nan,nan,nan,nan
2709,67.725,4.965241098e-01,4.514169618e-01,nan,nan,nan,nan
2710,67.75,4.956601496e-01,4.508983382e-01,nan,nan,nan,nan
2711,67.775,4.962095119e-01,4.503389959e-01,nan,nan,nan,nan
2712,67.8,4.953041604e-01,4.514074907e-01,nan,nan,nan,nan
2713,67.825,4.955093453e-01,4.504849127e-01,nan,nan,nan,nan
2714,67.85,4.945626292e-01,4.515667864e-01,nan,nan,nan,nan
2715,67.875,4.944241720e-01,4.506072061e-01,nan,nan,nan,nan
2716,67.9,4.950669650e-01,4.513760942e-01,nan,nan,nan,nan
2717,67.925,4.940372283e-01,4.503794906e-01,nan,nan,nan,nan
2718,67.95,4.953449520e-01,4.508355678e-01,nan,nan,nan,nan
2719,67.975,4.942734398e-01,4.498019575e-01,nan,nan,nan,nan
2720,68,4.952370676e-01,4.499456461e-01,nan,nan,nan,nan
2721,68.025,4.941237506e-01,4.498377833e-01,nan,nan,nan,nan
2722,68.05,4.947434024e-01,4.487187675e-01,nan,nan,nan,nan
2723,68.075,4.935882929e-01,4.501854086e-01,nan,nan,nan,nan
2724,68.1,4.938643612e-01,4.490289270e-01,nan,nan,nan,nan
2725,68.125,4.932545241e-01,4.501830339e-01,nan,nan,nan,nan
2726,68.15,4.926006629e-01,4.489890530e-01,nan,nan,nan,nan
2727,68.175,4.937387510e-01,4.498306703e-01,nan,nan,nan,nan
2728,68.2,4.924779073e-01,4.485991944e-01,nan,nan,nan,nan
2729,68.225,4.938371394e-01,4.491286142e-01,nan,nan,nan,nan
2730,68.25,4.925339606e-01,4.478697447e-01,nan,nan,nan,nan
2731,68.275,4.935496229e-01,4.480774467e-01,nan,nan,nan,nan
2732,68.3,4.922041070e-01,4.484050533e-01,nan,nan,nan,nan
2733,68.325,4.928764489e-01,4.470711693e-01,nan,nan,nan,nan
2734,68.35,4.914886354e-01,4.485904304e-01,nan,nan,nan,nan
2735,68.375,4.918181792e-01,4.472184619e-01,nan,nan,nan,nan
2736,68.4,4.917321464e-01,4.484257446e-01,nan,nan,nan,nan
2737,68.425,4.903756893e-01,4.470156834e-01,nan,nan,nan,nan
2738,68.45,4.920361391e-01,4.479111495e-01,nan,nan,nan,nan
2739,68.475,4.905643551e-01,4.464630249e-01,nan,nan,nan,nan
2740,68.5,4.919541905e-01,4.470470836e-01,nan,nan,nan,nan
2741,68.525,4.904394193e-01,4.462541658e-01,nan,nan,nan,nan
2742,68.55,4.914863911e-01,4.458342701e-01,nan,nan,nan,nan
2743,68.575,4.899286578e-01,4.466265166e-01,nan,nan,nan,nan
2744,68.6,4.906331453e-01,4.450988959e-01,nan,nan,nan,nan
2745,68.625,4.893561647e-01,4.466488111e-01,nan,nan,nan,nan
2746,68.65,4.893951717e-01,4.450824025e-01,nan,nan,nan,nan
2747,68.675,4.898648800e-01,4.463210600e-01,nan,nan,nan,nan
2748,68.7,4.882485773e-01,4.447158802e-01,nan,nan,nan,nan
2749,68.725,4.899877061e-01,4.456435593e-01,nan,nan,nan,nan
2750,68.75,4.883276729e-01,4.439996627e-01,nan,nan,nan,nan
2751,68.775,4.897245759e-01,4.446168897e-01,nan,nan,nan,nan
2752,68.8,4.880208230e-01,4.443236164e-01,nan,nan,nan,nan
2753,68.825,4.890757365e-01,4.432419162e-01,nan,nan,nan,nan
2754,68.85,4.873283160e-01,4.445319973e-01,nan,nan,nan,nan
2755,68.875,4.880417495e-01,4.428340986e-01,nan,nan,nan,nan
2756,68.9,4.873580969e-01,4.443902770e-01,nan,nan,nan,nan
2757,68.925,4.866234897e-01,4.426528148e-01,nan,nan,nan,nan
2758,68.95,4.876847088e-01,4.438986086e-01,nan,nan,nan,nan
2759,68.975,4.859058829e-01,4.421216244e-01,nan,nan,nan,nan
2760,69,4.876253469e-01,4.430574302e-01,nan,nan,nan,nan
2761,69.025,4.858019641e-01,4.417176424e-01,nan,nan,nan,nan
2762,69.05,4.871801009e-01,4.418674646e-01,nan,nan,nan,nan
2763,69.075,4.853121987e-01,4.421110377e-01,nan,nan,nan,nan
2764,69.1,4.863493750e-01,4.403297184e-01,nan,nan,nan,nan
2765,69.125,4.845539057e-01,4.421543565e-01,nan,nan,nan,nan
2766,69.15,4.851338871e-01,4.403116389e-01,nan,nan,nan,nan
2767,69.175,4.850831382e-01,4.418476090e-01,nan,nan,nan,nan
2768,69.2,4.835346686e-01,4.399644933e-01,nan,nan,nan,nan
2769,69.225,4.852264671e-01,4.411910905e-01,nan,nan,nan,nan
2770,69.25,4.833119301e-01,4.392676427e-01,nan,nan,nan,nan
2771,69.275,4.849838246e-01,4.401853813e-01,nan,nan,nan,nan
2772,69.3,4.830238515e-01,4.394247195e-01,nan,nan,nan,nan
2773,69.325,4.843554575e-01,4.388313457e-01,nan,nan,nan,nan
2774,69.35,4.823501118e-01,4.396519268e-01,nan,nan,nan,nan
2775,69.375,4.833419264e-01,4.377328213e-01,nan,nan,nan,nan
2776,69.4,4.822237456e-01,4.395290295e-01,nan,nan,nan,nan
2777,69.425,4.819441058e-01,4.375685943e-01,nan,nan,nan,nan
2778,69.45,4.825685317e-01,4.390561802e-01,nan,nan,nan,nan
2779,69.475,4.805929646e-01,4.370544675e-01,nan,nan,nan,nan
2780,69.5,4.825273465e-01,4.382338163e-01,nan,nan,nan,nan
2781,69.525,4.805053771e-01,4.365142822e-01,nan,nan,nan,nan
2782,69.55,4.821002790e-01,4.370626598e-01,nan,nan,nan,nan
2783,69.575,4.800319554e-01,4.369240894e-01,nan,nan,nan,nan
2784,69.6,4.812877327e-01,4.355437169e-01,nan,nan,nan,nan
2785,69.625,4.791731445e-01,4.369838334e-01,nan,nan,nan,nan
2786,69.65,4.800904248e-01,4.349763031e-01,nan,nan,nan,nan
2787,69.675,4.796943382e-01,4.366935236e-01,nan,nan,nan,nan
2788,69.7,4.785093861e-01,4.346437299e-01,nan,nan,nan,nan
2789,69.725,4.798533292e-01,4.360534548e-01,nan,nan,nan,nan
2790,69.75,4.778006395e-01,4.339614734e-01,nan,nan,nan,nan
2791,69.775,4.796263671e-01,4.350642064e-01,nan,nan,nan,nan
2792,69.8,4.775263078e-01,4.340137825e-01,nan,nan,nan,nan
2793,69.825,4.790136979e-01,4.337266422e-01,nan,nan,nan,nan
2794,69.85,4.768663425e-01,4.342548421e-01,nan,nan,nan,nan
2795,69.875,4.780158816e-01,4.322313889e-01,nan,nan,nan,nan
2796,69.9,4.766482236e-01,4.341458253e-01,nan,nan,nan,nan
2797,69.925,4.766337919e-01,4.320790977e-01,nan,nan,nan,nan
2798,69.95,4.770059974e-01,4.336868838e-01,nan,nan,nan,nan
2799,69.975,4.749545820e-01,4.315769433e-01,nan,nan,nan,nan
2800,70,4.769778336e-01,4.328784544e-01,nan,nan,nan,nan
2801,70.025,4.748780156e-01,4.309651171e-01,nan,nan,nan,nan
2802,70.05,4.765638205e-01,4.317212584e-01,nan,nan,nan,nan
2803,70.075,4.744156570e-01,4.313860724e-01,nan,nan,nan,nan
2804,70.1,4.757643608e-01,4.302163011e-01,nan,nan,nan,nan
2805,70.125,4.735679502e-01,4.314570070e-01,nan,nan,nan,nan
2806,70.15,4.745801709e-01,4.294049749e-01,nan,nan,nan,nan
2807,70.175,4.740304525e-01,4.311779298e-01,nan,nan,nan,nan
2808,70.2,4.730122810e-01,4.290816501e-01,nan,nan,nan,nan
2809,70.225,4.741996899e-01,4.305491345e-01,nan,nan,nan,nan
2810,70.25,4.721323305e-01,4.284086914e-01,nan,nan,nan,nan
2811,70.275,4.739830214e-01,4.295711998e-01,nan,nan,nan,nan
2812,70.3,4.718662652e-01,4.284220549e-01,nan,nan,nan,nan
2813,70.325,4.733806922e-01,4.282449888e-01,nan,nan,nan,nan
2814,70.35,4.712146206e-01,4.286715274e-01,nan,nan,nan,nan
2815,70.375,4.723932614e-01,4.266658120e-01,nan,nan,nan,nan
2816,70.4,4.709719749e-01,4.285709784e-01,nan,nan,nan,nan
2817,70.425,4.710216020e-01,4.265199874e-01,nan,nan,nan,nan
2818,70.45,4.713371496e-01,4.281205589e-01,nan,nan,nan,nan
2819,70.475,4.693342068e-01,4.260243609e-01,nan,nan,nan,nan
2820,70.5,4.713164466e-01,4.273207047e-01,nan,nan,nan,nan
2821,70.525,4.692630699e-01,4.254071455e-01,nan,nan,nan,nan
2822,70.55,4.709099535e-01,4.261721364e-01,nan,nan,nan,nan
2823,70.575,4.688062068e-01,4.258336927e-01,nan,nan,nan,nan
2824,70.6,4.701180721e-01,4.246758584e-01,nan,nan,nan,nan
2825,70.625,4.679640609e-01,4.259102858e-01,nan,nan,nan,nan
2826,70.65,4.689415181e-01,4.239357281e-01,nan,nan,nan,nan
2827,70.675,4.684349281e-01,4.256369328e-01,nan,nan,nan,nan
2828,70.7,4.673813206e-01,4.236161461e-01,nan,nan,nan,nan
2829,70.725,4.686087668e-01,4.250139266e-01,nan,nan,nan,nan
2830,70.75,4.666500017e-01,4.229470012e-01,nan,nan,nan,nan
2831,70.775,4.683967701e-01,4.240418451e-01,nan,nan,nan,nan
2832,70.8,4.663866097e-01,4.229869717e-01,nan,nan,nan,nan
2833,70.825,4.677991822e-01,4.227215505e-01,nan,nan,nan,nan
2834,70.85,4.657377138e-01,4.232392927e-01,nan,nan,nan,nan
2835,70.875,4.668165616e-01,4.213713448e-01,nan,nan,nan,nan
2836,70.9,4.655365519e-01,4.231416680e-01,nan,nan,nan,nan
2837,70.925,4.654497804e-01,4.212265057e-01,nan,nan,nan,nan
2838,70.95,4.659034861e-01,4.226942477e-01,nan,nan,nan,nan
2839,70.975,4.640693383e-01,4.207319447e-01,nan,nan,nan,nan
2840,71,4.658846228e-01,4.218974670e-01,nan,nan,nan,nan
2841,71.025,4.639980985e-01,4.201733237e-01,nan,nan,nan,nan
2842,71.05,4.654800487e-01,4.207520456e-01,nan,nan,nan,nan
2843,71.075,4.635412166e-01,4.205999517e-01,nan,nan,nan,nan
2844,71.1,4.646901648e-01,4.192589872e-01,nan,nan,nan,nan
2845,71.125,4.626991348e-01,4.206767099e-01,nan,nan,nan,nan
2846,71.15,4.635156859e-01,4.188959604e-01,nan,nan,nan,nan
2847,71.175,4.632422689e-01,4.204036055e-01,nan,nan,nan,nan
2848,71.2,4.619576406e-01,4.185747634e-01,nan,nan,nan,nan
2849,71.225,4.634151743e-01,4.197809306e-01,nan,nan,nan,nan
2850,71.25,4.616806558e-01,4.179040900e-01,nan,nan,nan,nan
2851,71.275,4.632023316e-01,4.188092625e-01,nan,nan,nan,nan
2852,71.3,4.614145631e-01,4.180320790e-01,nan,nan,nan,nan
2853,71.325,4.626039844e-01,4.174894625e-01,nan,nan,nan,nan
2854,71.35,4.607630566e-01,4.182818879e-01,nan,nan,nan,nan
2855,71.375,4.616206902e-01,4.166624649e-01,nan,nan,nan,nan
2856,71.4,4.606642974e-01,4.181818415e-01,nan,nan,nan,nan
2857,71.425,4.602533204e-01,4.165134377e-01,nan,nan,nan,nan
2858,71.45,4.610276253e-01,4.177320891e-01,nan,nan,nan,nan
2859,71.475,4.594713586e-01,4.160147808e-01,nan,nan,nan,nan
2860,71.5,4.610052496e-01,4.169330653e-01,nan,nan,nan,nan
2861,71.525,4.593948615e-01,4.155727401e-01,nan,nan,nan,nan
2862,71.55,4.605972560e-01,4.157854887e-01,nan,nan,nan,nan
2863,71.575,4.589328173e-01,4.159942997e-01,nan,nan,nan,nan
2864,71.6,4.598040448e-01,4.145608210e-01,nan,nan,nan,nan
2865,71.625,4.582056683e-01,4.160660851e-01,nan,nan,nan,nan
2866,71.65,4.586263301e-01,4.145828130e-01,nan,nan,nan,nan
2867,71.675,4.587581103e-01,4.157881027e-01,nan,nan,nan,nan
2868,71.7,4.574038076e-01,4.142550951e-01,nan,nan,nan,nan
2869,71.725,4.589249735e-01,4.151606440e-01,nan,nan,nan,nan
2870,71.75,4.575157606e-01,4.135779964e-01,nan,nan,nan,nan
2871,71.775,4.587061864e-01,4.141842854e-01,nan,nan,nan,nan
2872,71.8,4.574288033e-01,4.138477395e-01,nan,nan,nan,nan
2873,71.825,4.581019917e-01,4.138326564e-01,nan,nan,nan,nan
2874,71.85,4.571629103e-01,4.140901798e-01,nan,nan,nan,nan
2875,71.875,4.571683071e-01,4.143723256e-01,nan,nan,nan,nan
2876,71.9,4.567093025e-01,4.139828632e-01,nan,nan,nan,nan
2877,71.925,4.582427606e-01,4.145628097e-01,nan,nan,nan,nan
2878,71.95,4.574551543e-01,4.135259384e-01,nan,nan,nan,nan
2879,71.975,4.589328598e-01,4.144039385e-01,nan,nan,nan,nan
2880,72,4.578161225e-01,4.142986194e-01,nan,nan,nan,nan
2881,72.025,4.592380246e-01,4.138958269e-01,nan,nan,nan,nan
2882,72.05,4.577918993e-01,4.153547209e-01,nan,nan,nan,nan
2883,72.075,4.591579887e-01,4.145169745e-01,nan,nan,nan,nan
2884,72.1,4.585305064e-01,4.160624388e-01,nan,nan,nan,nan
2885,72.125,4.586928007e-01,4.149264375e-01,nan,nan,nan,nan
2886,72.15,4.597905839e-01,4.164211754e-01,nan,nan,nan,nan
2887,72.175,4.590153372e-01,4.149866256e-01,nan,nan,nan,nan
2888,72.2,4.606667253e-01,4.164306182e-01,nan,nan,nan,nan
2889,72.225,4.595621236e-01,4.157506710e-01,nan,nan,nan,nan
2890,72.25,4.611581938e-01,4.160907396e-01,nan,nan,nan,nan
2891,72.275,4.597238469e-01,4.169748529e-01,nan,nan,nan,nan
2892,72.3,4.612645660e-01,4.161497468e-01,nan,nan,nan,nan
2893,72.325,4.599659466e-01,4.178510642e-01,nan,nan,nan,nan
2894,72.35,4.609857332e-01,4.167274570e-01,nan,nan,nan,nan
2895,72.375,4.614120264e-01,4.183785653e-01,nan,nan,nan,nan
2896,72.4,4.606769121e-01,4.169560428e-01,nan,nan,nan,nan
2897,72.425,4.624746626e-01,4.185569011e-01,nan,nan,nan,nan
2898,72.45,4.614099746e-01,4.172629439e-01,nan,nan,nan,nan
2899,72.475,4.631529613e-01,4.183859016e-01,nan,nan,nan,nan
2900,72.5,4.617581765e-01,4.186556297e-01,nan,nan,nan,nan
2901,72.525,4.634463426e-01,4.178716675e-01,nan,nan,nan,nan
2902,72.55,4.617212103e-01,4.197008249e-01,nan,nan,nan,nan
2903,72.575,4.633545404e-01,4.186181209e-01,nan,nan,nan,nan
2904,72.6,4.630680363e-01,4.203976478e-01,nan,nan,nan,nan
2905,72.625,4.628776032e-01,4.190156674e-01,nan,nan,nan,nan
2906,72.65,4.643176568e-01,4.207455011e-01,nan,nan,nan,nan
2907,72.675,4.633226344e-01,4.190639568e-01,nan,nan,nan,nan
2908,72.7,4.651833498e-01,4.207440722e-01,nan,nan,nan,nan
2909,72.725,4.638578946e-01,4.203573923e-01,nan,nan,nan,nan
2910,72.75,4.656643783e-01,4.203933338e-01,nan,nan,nan,nan
2911,72.775,4.640081063e-01,4.215720938e-01,nan,nan,nan,nan
2912,72.8,4.657603195e-01,4.205605025e-01,nan,nan,nan,nan
2913,72.825,4.647176336e-01,4.224388278e-01,nan,nan,nan,nan
2914,72.85,4.654710646e-01,4.211276152e-01,nan,nan,nan,nan
2915,72.875,4.661547514e-01,4.229568551e-01,nan,nan,nan,nan
2916,72.9,4.652606079e-01,4.213456128e-01,nan,nan,nan,nan
2917,72.925,4.672084258e-01,4.231257207e-01,nan,nan,nan,nan
2918,72.95,4.659835400e-01,4.220389274e-01,nan,nan,nan,nan
2919,72.975,4.678777633e-01,4.229452548e-01,nan,nan,nan,nan
2920,73,4.663216178e-01,4.234236752e-01,nan,nan,nan,nan
2921,73.025,4.681621840e-01,4.225145874e-01,nan,nan,nan,nan
2922,73.05,4.663186155e-01,4.244609277e-01,nan,nan,nan,nan
2923,73.075,4.680614222e-01,4.232519005e-01,nan,nan,nan,nan
2924,73.1,4.679437522e-01,4.251498036e-01,nan,nan,nan,nan
2925,73.125,4.675755266e-01,4.236403079e-01,nan,nan,nan,nan
2926,73.15,4.691860040e-01,4.254897056e-01,nan,nan,nan,nan
2927,73.175,4.680938631e-01,4.236794593e-01,nan,nan,nan,nan
2928,73.2,4.700443210e-01,4.254803214e-01,nan,nan,nan,nan
2929,73.225,4.686205151e-01,4.252135126e-01,nan,nan,nan,nan
2930,73.25,4.705179665e-01,4.251216240e-01,nan,nan,nan,nan
2931,73.275,4.687621171e-01,4.264218941e-01,nan,nan,nan,nan
2932,73.3,4.706065178e-01,4.253471228e-01,nan,nan,nan,nan
2933,73.325,4.696419516e-01,4.272822964e-01,nan,nan,nan,nan
2934,73.35,4.703098665e-01,4.259066559e-01,nan,nan,nan,nan
2935,73.375,4.710733706e-01,4.277939803e-01,nan,nan,nan,nan
2936,73.4,4.701465333e-01,4.261170674e-01,nan,nan,nan,nan
2937,73.425,4.721213316e-01,4.279564912e-01,nan,nan,nan,nan
2938,73.45,4.708624729e-01,4.268994084e-01,nan,nan,nan,nan
2939,73.475,4.727849412e-01,4.277696594e-01,nan,nan,nan,nan
2940,73.5,4.711935489e-01,4.282795178e-01,nan,nan,nan,nan
2941,73.525,4.730636199e-01,4.273711754e-01,nan,nan,nan,nan
2942,73.55,4.712068598e-01,4.293121131e-01,nan,nan,nan,nan
2943,73.575,4.729571022e-01,4.281025500e-01,nan,nan,nan,nan
2944,73.6,4.728280143e-01,4.299963131e-01,nan,nan,nan,nan
2945,73.625,4.724654370e-01,4.284850052e-01,nan,nan,nan,nan
2946,73.65,4.740662626e-01,4.303315211e-01,nan,nan,nan,nan
2947,73.675,4.730047943e-01,4.285181909e-01,nan,nan,nan,nan
2948,73.7,4.749205548e-01,4.303174249e-01,nan,nan,nan,nan
2949,73.725,4.735261230e-01,4.299921558e-01,nan,nan,nan,nan
2950,73.75,4.753901546e-01,4.299539977e-01,nan,nan,nan,nan
2951,73.775,4.736623854e-01,4.311975842e-01,nan,nan,nan,nan
2952,73.8,4.754746395e-01,4.301858823e-01,nan,nan,nan,nan
2953,73.825,4.744083528e-01,4.320550084e-01,nan,nan,nan,nan
2954,73.85,4.751739014e-01,4.307411495e-01,nan,nan,nan,nan
2955,73.875,4.758374955e-01,4.325636897e-01,nan,nan,nan,nan
2956,73.9,4.750051402e-01,4.309472749e-01,nan,nan,nan,nan
2957,73.925,4.768831527e-01,4.327231737e-01,nan,nan,nan,nan
2958,73.95,4.757174755e-01,4.315194412e-01,nan,nan,nan,nan
2959,73.975,4.775444316e-01,4.325332909e-01,nan,nan,nan,nan
2960,74,4.760449243e-01,4.328983018e-01,nan,nan,nan,nan
2961,74.025,4.778207528e-01,4.321152615e-01,nan,nan,nan,nan
2962,74.05,4.759871797e-01,4.339296177e-01,nan,nan,nan,nan
2963,74.075,4.777118510e-01,4.328440794e-01,nan,nan,nan,nan
2964,74.1,4.773950346e-01,4.346125082e-01,nan,nan,nan,nan
2965,74.125,4.772177755e-01,4.332239515e-01,nan,nan,nan,nan
2966,74.15,4.786326890e-01,4.349463766e-01,nan,nan,nan,nan
2967,74.175,4.777263063e-01,4.332545280e-01,nan,nan,nan,nan
2968,74.2,4.794863548e-01,4.349309112e-01,nan,nan,nan,nan
2969,74.225,4.782457315e-01,4.343758079e-01,nan,nan,nan,nan
2970,74.25,4.799552959e-01,4.345660855e-01,nan,nan,nan,nan
2971,74.275,4.783800618e-01,4.355816280e-01,nan,nan,nan,nan
2972,74.3,4.800390902e-01,4.347537810e-01,nan,nan,nan,nan
2973,74.325,4.787011872e-01,4.364394089e-01,nan,nan,nan,nan
2974,74.35,4.797376298e-01,4.353081625e-01,nan,nan,nan,nan
2975,74.375,4.801314061e-01,4.369484119e-01,nan,nan,nan,nan
2976,74.4,4.795130817e-01,4.355133706e-01,nan,nan,nan,nan
2977,74.425,4.811781023e-01,4.371081829e-01,nan,nan,nan,nan
2978,74.45,4.802252193e-01,4.355942468e-01,nan,nan,nan,nan
2979,74.475,4.818403832e-01,4.369185530e-01,nan,nan,nan,nan
2980,74.5,4.805524366e-01,4.369751154e-01,nan,nan,nan,nan
2981,74.525,4.821176698e-01,4.364323265e-01,nan,nan,nan,nan
2982,74.55,4.804944269e-01,4.380084000e-01,nan,nan,nan,nan
2983,74.575,4.820096970e-01,4.371619222e-01,nan,nan,nan,nan
2984,74.6,4.813444752e-01,4.386932200e-01,nan,nan,nan,nan
2985,74.625,4.815165145e-01,4.375425356e-01,nan,nan,nan,nan
2986,74.65,4.825847680e-01,4.390289792e-01,nan,nan,nan,nan
2987,74.675,4.819462224e-01,4.375738174e-01,nan,nan,nan,nan
2988,74.7,4.834410314e-01,4.390153663e-01,nan,nan,nan,nan
2989,74.725,4.824670713e-01,4.380773533e-01,nan,nan,nan,nan
2990,74.75,4.839125296e-01,4.386523547e-01,nan,nan,nan,nan
2991,74.775,4.826027872e-01,4.392866743e-01,nan,nan,nan,nan
2992,74.8,4.839988407e-01,4.387499604e-01,nan,nan,nan,nan
2993,74.825,4.823532208e-01,4.401479136e-01,nan,nan,nan,nan
2994,74.85,4.836998571e-01,4.393066818e-01,nan,nan,nan,nan
2995,74.875,4.836749499e-01,4.406603329e-01,nan,nan,nan,nan
2996,74.9,4.833746257e-01,4.395141897e-01,nan,nan,nan,nan
2997,74.925,4.847257491e-01,4.408234785e-01,nan,nan,nan,nan
2998,74.95,4.840897704e-01,4.393722776e-01,nan,nan,nan,nan
2999,74.975,4.853920892e-01,4.406371816e-01,nan,nan,nan,nan
3000,75,4.844199530e-01,4.402451624e-01,nan,nan,nan,nan
3001,75.025,4.856733917e-01,4.401015586e-01,nan,nan,nan,nan
3002,75.05,4.843648671e-01,4.412833316e-01,nan,nan,nan,nan
3003,75.075,4.855693919e-01,4.407737665e-01,nan,nan,nan,nan
3004,75.1,4.844212781e-01,4.419729916e-01,nan,nan,nan,nan
3005,75.125,4.850801395e-01,4.411581896e-01,nan,nan,nan,nan
3006,75.15,4.856670659e-01,4.423135465e-01,nan,nan,nan,nan
3007,75.175,4.853899513e-01,4.411932383e-01,nan,nan,nan,nan
3008,75.2,4.865287783e-01,4.423046851e-01,nan,nan,nan,nan
3009,75.225,4.859152493e-01,4.408788484e-01,nan,nan,nan,nan
3010,75.25,4.870056800e-01,4.419463813e-01,nan,nan,nan,nan
3011,75.275,4.860553701e-01,4.420745276e-01,nan,nan,nan,nan
3012,75.3,4.870973493e-01,4.419155840e-01,nan,nan,nan,nan
3013,75.325,4.858101644e-01,4.429419074e-01,nan,nan,nan,nan
3014,75.35,4.868036789e-01,4.424775172e-01,nan,nan,nan,nan
3015,75.375,4.862419904e-01,4.434604211e-01,nan,nan,nan,nan
3016,75.4,4.863411560e-01,4.426901916e-01,nan,nan,nan,nan
3017,75.425,4.872994956e-01,4.436296154e-01,nan,nan,nan,nan
3018,75.45,4.870621153e-01,4.425534011e-01,nan,nan,nan,nan
3019,75.475,4.879724948e-01,4.434493216e-01,nan,nan,nan,nan
3020,75.5,4.873980661e-01,4.425011853e-01,nan,nan,nan,nan
3021,75.525,4.882604095e-01,4.429196564e-01,nan,nan,nan,nan
3022,75.55,4.873487024e-01,4.435466536e-01,nan,nan,nan,nan
3023,75.575,4.881629755e-01,4.434481708e-01,nan,nan,nan,nan
3024,75.6,4.869140323e-01,4.442435658e-01,nan,nan,nan,nan
3025,75.625,4.876802427e-01,4.438390323e-01,nan,nan,nan,nan
3026,75.65,4.876859906e-01,4.445913261e-01,nan,nan,nan,nan
3027,75.675,4.878385448e-01,4.438804729e-01,nan,nan,nan,nan
3028,75.7,4.885554677e-01,4.445896237e-01,nan,nan,nan,nan
3029,75.725,4.883708372e-01,4.435724288e-01,nan,nan,nan,nan
3030,75.75,4.890400868e-01,4.442384328e-01,nan,nan,nan,nan
3031,75.775,4.885179050e-01,4.437717600e-01,nan,nan,nan,nan
3032,75.8,4.891394265e-01,4.440508448e-01,nan,nan,nan,nan
3033,75.825,4.882795994e-01,4.446473927e-01,nan,nan,nan,nan
3034,75.85,4.888533796e-01,4.446203421e-01,nan,nan,nan,nan
3035,75.875,4.876751599e-01,4.451741126e-01,nan,nan,nan,nan
3036,75.9,4.882274487e-01,4.448405337e-01,nan,nan,nan,nan
3037,75.925,4.887413709e-01,4.453514664e-01,nan,nan,nan,nan
3038,75.95,4.889564739e-01,4.447112134e-01,nan,nan,nan,nan
3039,75.975,4.894230289e-01,4.451792859e-01,nan,nan,nan,nan
3040,76,4.893004431e-01,4.442324602e-01,nan,nan,nan,nan
3041,76.025,4.897195556e-01,4.446576879e-01,nan,nan,nan,nan
3042,76.05,4.892590503e-01,4.446615141e-01,nan,nan,nan,nan
3043,76.075,4.896306868e-01,4.450197071e-01,nan,nan,nan,nan
3044,76.1,4.888323040e-01,4.453674641e-01,nan,nan,nan,nan
3045,76.125,4.891564729e-01,4.454190504e-01,nan,nan,nan,nan
3046,76.15,4.887012555e-01,4.457242164e-01,nan,nan,nan,nan
3047,76.175,4.891429527e-01,4.454689262e-01,nan,nan,nan,nan
3048,76.2,4.894012272e-01,4.457314603e-01,nan,nan,nan,nan
3049,76.225,4.896841669e-01,4.451692708e-01,nan,nan,nan,nan
3050,76.25,4.898952251e-01,4.453891702e-01,nan,nan,nan,nan
3051,76.275,4.898401095e-01,4.447078847e-01,nan,nan,nan,nan
3052,76.3,4.900038979e-01,4.450279470e-01,nan,nan,nan,nan
3053,76.325,4.896106320e-01,4.453291281e-01,nan,nan,nan,nan
3054,76.35,4.897271386e-01,4.456067185e-01,nan,nan,nan,nan
3055,76.375,4.889959000e-01,4.457025916e-01,nan,nan,nan,nan
3056,76.4,4.891072270e-01,4.458361384e-01,nan,nan,nan,nan
3057,76.425,4.894765344e-01,4.458895476e-01,nan,nan,nan,nan
3058,76.45,4.896622948e-01,4.457160008e-01,nan,nan,nan,nan
3059,76.475,4.898772773e-01,4.457269251e-01,nan,nan,nan,nan
3060,76.5,4.900158648e-01,4.452463849e-01,nan,nan,nan,nan
3061,76.525,4.899701993e-01,4.452148411e-01,nan,nan,nan,nan
3062,76.55,4.899840272e-01,4.453313388e-01,nan,nan,nan,nan
3063,76.575,4.898912054e-01,4.455755234e-01,nan,nan,nan,nan
3064,76.6,4.895667908e-01,4.457828971e-01,nan,nan,nan,nan
3065,76.625,4.894268226e-01,4.458087858e-01,nan,nan,nan,nan
3066,76.65,4.894452021e-01,4.458849885e-01,nan,nan,nan,nan
3067,76.675,4.897420043e-01,4.458684583e-01,nan,nan,nan,nan
3068,76.7,4.898552965e-01,4.456708336e-01,nan,nan,nan,nan
3069,76.725,4.900022630e-01,4.455785558e-01,nan,nan,nan,nan
3070,76.75,4.900684271e-01,4.453385338e-01,nan,nan,nan,nan
3071,76.775,4.899509038e-01,4.453920714e-01,nan,nan,nan,nan
3072,76.8,4.898961102e-01,4.455716146e-01,nan,nan,nan,nan
3073,76.825,4.897314803e-01,4.457587829e-01,nan,nan,nan,nan
3074,76.85,4.893846781e-01,4.458959383e-01,nan,nan,nan,nan
3075,76.875,4.894341760e-01,4.458519990e-01,nan,nan,nan,nan
3076,76.9,4.897150442e-01,4.458707182e-01,nan,nan,nan,nan
3077,76.925,4.899392740e-01,4.457844059e-01,nan,nan,nan,nan
3078,76.95,4.899801925e-01,4.455179079e-01,nan,nan,nan,nan
3079,76.975,4.900590505e-01,4.453672798e-01,nan,nan,nan,nan
3080,77,4.900528869e-01,4.453497542e-01,nan,nan,nan,nan
3081,77.025,4.898637597e-01,4.456393946e-01,nan,nan,nan,nan
3082,77.05,4.897401364e-01,4.457487223e-01,nan,nan,nan,nan
3083,77.075,4.895039534e-01,4.458788199e-01,nan,nan,nan,nan
3084,77.1,4.895048710e-01,4.459458031e-01,nan,nan,nan,nan
3085,77.125,4.897035615e-01,4.458322395e-01,nan,nan,nan,nan
3086,77.15,4.899166411e-01,4.457933017e-01,nan,nan,nan,nan
3087,77.175,4.900682798e-01,4.456374117e-01,nan,nan,nan,nan
3088,77.2,4.900369669e-01,4.453023985e-01,nan,nan,nan,nan
3089,77.225,4.900475907e-01,4.453618212e-01,nan,nan,nan,nan
3090,77.25,4.899692429e-01,4.456040981e-01,nan,nan,nan,nan
3091,77.275,4.897088128e-01,4.458234282e-01,nan,nan,nan,nan
3092,77.3,4.895161188e-01,4.458626331e-01,nan,nan,nan,nan
3093,77.325,4.894703250e-01,4.459355714e-01,nan,nan,nan,nan
3094,77.35,4.897785701e-01,4.459324759e-01,nan,nan,nan,nan
3095,77.375,4.899046553e-01,4.457495383e-01,nan,nan,nan,nan
3096,77.4,4.900499058e-01,4.456527366e-01,nan,nan,nan,nan
3097,77.425,4.901289828e-01,4.454275200e-01,nan,nan,nan,nan
3098,77.45,4.900256281e-01,4.454184255e-01,nan,nan,nan,nan
3099,77.475,4.899678593e-01,4.456096972e-01,nan,nan,nan,nan
3100,77.5,4.898175179e-01,4.457951187e-01,nan,nan,nan,nan
3101,77.525,4.894861322e-01,4.459441197e-01,nan,nan,nan,nan
3102,77.55,4.894676512e-01,4.459133420e-01,nan,nan,nan,nan
3103,77.575,4.897483138e-01,4.459289982e-01,nan,nan,nan,nan
3104,77.6,4.899838721e-01,4.458559647e-01,nan,nan,nan,nan
3105,77.625,4.900374286e-01,4.456039497e-01,nan,nan,nan,nan
3106,77.65,4.901147758e-01,4.454490442e-01,nan,nan,nan,nan
3107,77.675,4.901213688e-01,4.453733921e-01,nan,nan,nan,nan
3108,77.7,4.899462092e-01,4.456732801e-01,nan,nan,nan,nan
3109,77.725,4.898198570e-01,4.457942104e-01,nan,nan,nan,nan
3110,77.75,4.895977599e-01,4.459227386e-01,nan,nan,nan,nan
3111,77.775,4.895350580e-01,4.460014404e-01,nan,nan,nan,nan
3112,77.8,4.897448292e-01,4.459008676e-01,nan,nan,nan,nan
3113,77.825,4.899578879e-01,4.458590849e-01,nan,nan,nan,nan
3114,77.85,4.901207246e-01,4.457163015e-01,nan,nan,nan,nan
3115,77.875,4.901018779e-01,4.453955515e-01,nan,nan,nan,nan
3116,77.9,4.901112133e-01,4.453929868e-01,nan,nan,nan,nan
3117,77.925,4.900454488e-01,4.456351968e-01,nan,nan,nan,nan
3118,77.95,4.897987682e-01,4.458646752e-01,nan,nan,nan,nan
3119,77.975,4.896036092e-01,4.459153424e-01,nan,nan,nan,nan
3120,78,4.894986309e-01,4.459869033e-01,nan,nan,nan,nan
3121,78.025,4.898165168e-01,4.459953850e-01,nan,nan,nan,nan
3122,78.05,4.899535398e-01,4.458252525e-01,nan,nan,nan,nan
3123,78.075,4.900989673e-01,4.457258390e-01,nan,nan,nan,nan
3124,78.1,4.901890987e-01,4.455135417e-01,nan,nan,nan,nan
3125,78.125,4.900980235e-01,4.454468100e-01,nan,nan,nan,nan
3126,78.15,4.900392037e-01,4.456480063e-01,nan,nan,nan,nan
3127,78.175,4.899012577e-01,4.458335246e-01,nan,nan,nan,nan
3128,78.2,4.895833876e-01,4.459925649e-01,nan,nan,nan,nan
3129,78.225,4.895020351e-01,4.459730976e-01,nan,nan,nan,nan
3130,78.25,4.897843318e-01,4.459875799e-01,nan,nan,nan,nan
3131,78.275,4.900294209e-01,4.459259708e-01,nan,nan,nan,nan
3132,78.3,4.900937627e-01,4.456865619e-01,nan,nan,nan,nan
3133,78.325,4.901714939e-01,4.455292910e-01,nan,nan,nan,nan
3134,78.35,4.901889883e-01,4.454003519e-01,nan,nan,nan,nan
3135,78.375,4.900259098e-01,4.457087642e-01,nan,nan,nan,nan
3136,78.4,4.898987554e-01,4.458395044e-01,nan,nan,nan,nan
3137,78.425,4.896888541e-01,4.459682983e-01,nan,nan,nan,nan
3138,78.45,4.895675292e-01,4.460569248e-01,nan,nan,nan,nan
3139,78.475,4.897866012e-01,4.459675022e-01,nan,nan,nan,nan
3140,78.5,4.900014638e-01,4.459247567e-01,nan,nan,nan,nan
3141,78.525,4.901737188e-01,4.457932369e-01,nan,nan,nan,nan
3142,78.55,4.901654995e-01,4.454848837e-01,nan,nan,nan,nan
3143,78.575,4.901754305e-01,4.454252897e-01,nan,nan,nan,nan
3144,78.6,4.901204092e-01,4.456691727e-01,nan,nan,nan,nan
3145,78.625,4.898856032e-01,4.459071032e-01,nan,nan,nan,nan
3146,78.65,4.896898983e-01,4.459674639e-01,nan,nan,nan,nan
3147,78.675,4.895304651e-01,4.460394601e-01,nan,nan,nan,nan
3148,78.7,4.898563293e-01,4.460577502e-01,nan,nan,nan,nan
3149,78.725,4.900025419e-01,4.458986033e-01,nan,nan,nan,nan
3150,78.75,4.901499398e-01,4.457984416e-01,nan,nan,nan,nan
3151,78.775,4.902493789e-01,4.455972429e-01,nan,nan,nan,nan
3152,78.8,4.901687723e-01,4.454775730e-01,nan,nan,nan,nan
3153,78.825,4.901107591e-01,4.456870364e-01,nan,nan,nan,nan
3154,78.85,4.899833975e-01,4.458743501e-01,nan,nan,nan,nan
3155,78.875,4.896771919e-01,4.460417751e-01,nan,nan,nan,nan
3156,78.9,4.895378097e-01,4.460318868e-01,nan,nan,nan,nan
3157,78.925,4.898233958e-01,4.460469702e-01,nan,nan,nan,nan
3158,78.95,4.900764043e-01,4.459950556e-01,nan,nan,nan,nan
3159,78.975,4.901498305e-01,4.457664676e-01,nan,nan,nan,nan
3160,79,4.902296905e-01,4.456086617e-01,nan,nan,nan,nan
3161,79.025,4.902563882e-01,4.454307179e-01,nan,nan,nan,nan
3162,79.05,4.901036228e-01,4.457461456e-01,nan,nan,nan,nan
3163,79.075,4.899774807e-01,4.458850919e-01,nan,nan,nan,nan
3164,79.1,4.897780088e-01,4.460157939e-01,nan,nan,nan,nan
3165,79.125,4.896024877e-01,4.461127452e-01,nan,nan,nan,nan
3166,79.15,4.898293081e-01,4.460327932e-01,nan,nan,nan,nan
3167,79.175,4.900475628e-01,4.459908065e-01,nan,nan,nan,nan
3168,79.2,4.902276890e-01,4.458688734e-01,nan,nan,nan,nan
3169,79.225,4.902284581e-01,4.455711804e-01,nan,nan,nan,nan
3170,79.25,4.902406642e-01,4.454589369e-01,nan,nan,nan,nan
3171,79.275,4.901947515e-01,4.455693527e-01,nan,nan,nan,nan
3172,79.3,4.899701112e-01,4.459509108e-01,nan,nan,nan,nan
3173,79.325,4.897756138e-01,4.460194265e-01,nan,nan,nan,nan
3174,79.35,4.895043168e-01,4.460934309e-01,nan,nan,nan,nan
3175,79.375,4.894300557e-01,4.461199960e-01,nan,nan,nan,nan
3176,79.4,4.900519832e-01,4.459702205e-01,nan,nan,nan,nan
3177,79.425,4.900268928e-01,4.458709638e-01,nan,nan,nan,nan
3178,79.45,4.903101350e-01,4.456792533e-01,nan,nan,nan,nan
3179,79.475,4.902384332e-01,4.453128446e-01,nan,nan,nan,nan
3180,79.5,4.901828264e-01,4.450389030e-01,nan,nan,nan,nan
3181,79.525,4.900644909e-01,4.457669472e-01,nan,nan,nan,nan
3182,79.55,4.897683149e-01,4.456314037e-01,nan,nan,nan,nan
3183,79.575,4.895051940e-01,4.460900273e-01,nan,nan,nan,nan
3184,79.6,4.891624126e-01,4.459126186e-01,nan,nan,nan,nan
3185,79.625,4.896516858e-01,4.460635270e-01,nan,nan,nan,nan
3186,79.65,4.894241095e-01,4.458442228e-01,nan,nan,nan,nan
3187,79.675,4.901084379e-01,4.456874534e-01,nan,nan,nan,nan
3188,79.7,4.898343091e-01,4.454262615e-01,nan,nan,nan,nan
3189,79.725,4.901797814e-01,4.449915799e-01,nan,nan,nan,nan
3190,79.75,4.898590584e-01,4.451923218e-01,nan,nan,nan,nan
3191,79.775,4.898656456e-01,4.448573895e-01,nan,nan,nan,nan
3192,79.8,4.894983284e-01,4.456960486e-01,nan,nan,nan,nan
3193,79.825,4.891662740e-01,4.453192681e-01,nan,nan,nan,nan
3194,79.85,4.888510424e-01,4.458502767e-01,nan,nan,nan,nan
3195,79.875,4.884276092e-01,4.454316005e-01,nan,nan,nan,nan
3196,79.9,4.895064114e-01,4.456548708e-01,nan,nan,nan,nan
3197,79.925,4.890364170e-01,4.451942893e-01,nan,nan,nan,nan
3198,79.95,4.897765038e-01,4.451099807e-01,nan,nan,nan,nan
3199,79.975,4.892598874e-01,4.446075221e-01,nan,nan,nan,nan
3200,80,4.896610920e-01,4.442160412e-01,nan,nan,nan,nan
3201,80.025,4.890978344e-01,4.449183354e-01,nan,nan,nan,nan
3202,80.05,4.891602624e-01,4.443505883e-01,nan,nan,nan,nan
3203,80.075,4.885503862e-01,4.452533108e-01,nan,nan,nan,nan
3204,80.1,4.882744159e-01,4.446436016e-01,nan,nan,nan,nan
3205,80.125,4.885134933e-01,4.452386647e-01,nan,nan,nan,nan
3206,80.15,4.878579732e-01,4.445869668e-01,nan,nan,nan,nan
3207,80.175,4.889822865e-01,4.448744046e-01,nan,nan,nan,nan
3208,80.2,4.882800517e-01,4.441807289e-01,nan,nan,nan,nan
3209,80.225,4.890656313e-01,4.441608227e-01,nan,nan,nan,nan
3210,80.25,4.883166435e-01,4.437687981e-01,nan,nan,nan,nan
3211,80.275,4.887634569e-01,4.430984962e-01,nan,nan,nan,nan
3212,80.3,4.879677198e-01,4.442844007e-01,nan,nan,nan,nan
3213,80.325,4.880760072e-01,4.434956520e-01,nan,nan,nan,nan
3214,80.35,4.872335659e-01,4.444504680e-01,nan,nan,nan,nan
3215,80.375,4.870038400e-01,4.436195840e-01,nan,nan,nan,nan
3216,80.4,4.878114551e-01,4.442668647e-01,nan,nan,nan,nan
3217,80.425,4.869374726e-01,4.433938394e-01,nan,nan,nan,nan
3218,80.45,4.880934464e-01,4.437337408e-01,nan,nan,nan,nan
3219,80.475,4.871725383e-01,4.428186060e-01,nan,nan,nan,nan
3220,80.5,4.879898983e-01,4.428515311e-01,nan,nan,nan,nan
3221,80.525,4.870220490e-01,4.429601681e-01,nan,nan,nan,nan
3222,80.55,4.875008974e-01,4.420078135e-01,nan,nan,nan,nan
3223,80.575,4.864861332e-01,4.433067666e-01,nan,nan,nan,nan
3224,80.6,4.866268444e-01,4.423120714e-01,nan,nan,nan,nan
3225,80.625,4.862831014e-01,4.433037119e-01,nan,nan,nan,nan
3226,80.65,4.853684543e-01,4.422666532e-01,nan,nan,nan,nan
3227,80.675,4.867634911e-01,4.429510114e-01,nan,nan,nan,nan
3228,80.7,4.856878258e-01,4.418716040e-01,nan,nan,nan,nan
3229,80.725,4.868584022e-01,4.422489574e-01,nan,nan,nan,nan
3230,80.75,4.857355477e-01,4.413017802e-01,nan,nan,nan,nan
3231,80.775,4.865677640e-01,4.411981272e-01,nan,nan,nan,nan
3232,80.8,4.853977277e-01,4.418285974e-01,nan,nan,nan,nan
3233,80.825,4.858918204e-01,4.406886384e-01,nan,nan,nan,nan
3234,80.85,4.846746514e-01,4.420058526e-01,nan,nan,nan,nan
3235,80.875,4.848311292e-01,4.408232544e-01,nan,nan,nan,nan
3236,80.9,4.850991437e-01,4.418334107e-01,nan,nan,nan,nan
3237,80.925,4.838889344e-01,4.406081712e-01,nan,nan,nan,nan
3238,80.95,4.853922144e-01,4.413114215e-01,nan,nan,nan,nan
3239,80.975,4.841345172e-01,4.400435764e-01,nan,nan,nan,nan
3240,81,4.852997208e-01,4.404403199e-01,nan,nan,nan,nan
3241,81.025,4.839945243e-01,4.400411679e-01,nan,nan,nan,nan
3242,81.05,4.848217494e-01,4.392208253e-01,nan,nan,nan,nan
3243,81.075,4.834690839e-01,4.403983704e-01,nan,nan,nan,nan
3244,81.1,4.839587012e-01,4.390915779e-01,nan,nan,nan,nan
3245,81.125,4.831277865e-01,4.404058985e-01,nan,nan,nan,nan
3246,81.15,4.827112909e-01,4.390561249e-01,nan,nan,nan,nan
3247,81.175,4.836185918e-01,4.400637595e-01,nan,nan,nan,nan
3248,81.2,4.822489144e-01,4.386710235e-01,nan,nan,nan,nan
3249,81.225,4.837238991e-01,4.393722456e-01,nan,nan,nan,nan
3250,81.25,4.823063610e-01,4.379734054e-01,nan,nan,nan,nan
3251,81.275,4.834436377e-01,4.383319342e-01,nan,nan,nan,nan
3252,81.3,4.819782504e-01,4.385100765e-01,nan,nan,nan,nan
3253,81.325,4.827780514e-01,4.371029108e-01,nan,nan,nan,nan
3254,81.35,4.812648680e-01,4.386971698e-01,nan,nan,nan,nan
3255,81.375,4.817276981e-01,4.372466429e-01,nan,nan,nan,nan
3256,81.4,4.815683148e-01,4.385345502e-01,nan,nan,nan,nan
3257,81.425,4.802934493e-01,4.370406639e-01,nan,nan,nan,nan
3258,81.45,4.818709625e-01,4.380223674e-01,nan,nan,nan,nan
3259,81.475,4.803662062e-01,4.364851615e-01,nan,nan,nan,nan
3260,81.5,4.817880320e-01,4.371610562e-01,nan,nan,nan,nan
3261,81.525,4.802350097e-01,4.363729965e-01,nan,nan,nan,nan
3262,81.55,4.813196098e-01,4.359513360e-01,nan,nan,nan,nan
3263,81.575,4.797183558e-01,4.367391431e-01,nan,nan,nan,nan
3264,81.6,4.804660968e-01,4.352137087e-01,nan,nan,nan,nan
3265,81.625,4.792751407e-01,4.367556049e-01,nan,nan,nan,nan
3266,81.65,4.792282077e-01,4.351863816e-01,nan,nan,nan,nan
3267,81.675,4.797745606e-01,4.364223893e-01,nan,nan,nan,nan
3268,81.7,4.782095731e-01,4.348093997e-01,nan,nan,nan,nan
3269,81.725,4.798884742e-01,4.357397883e-01,nan,nan,nan,nan
3270,81.75,4.782747754e-01,4.340830931e-01,nan,nan,nan,nan
3271,81.775,4.796168109e-01,4.347083793e-01,nan,nan,nan,nan
3272,81.8,4.779544161e-01,4.345663946e-01,nan,nan,nan,nan
3273,81.825,4.789598142e-01,4.333290236e-01,nan,nan,nan,nan
3274,81.85,4.772487804e-01,4.347614027e-01,nan,nan,nan,nan
3275,81.875,4.779180420e-01,4.331442748e-01,nan,nan,nan,nan
3276,81.9,4.774707335e-01,4.346066928e-01,nan,nan,nan,nan
3277,81.925,4.764923657e-01,4.329453277e-01,nan,nan,nan,nan
3278,81.95,4.777809074e-01,4.341024148e-01,nan,nan,nan,nan
3279,81.975,4.761348885e-01,4.323968559e-01,nan,nan,nan,nan
3280,82,4.777055004e-01,4.332490033e-01,nan,nan,nan,nan
3281,82.025,4.760103010e-01,4.322155479e-01,nan,nan,nan,nan
3282,82.05,4.772445988e-01,4.320471776e-01,nan,nan,nan,nan
3283,82.075,4.755002570e-01,4.325884800e-01,nan,nan,nan,nan
3284,82.1,4.763986033e-01,4.309520186e-01,nan,nan,nan,nan
3285,82.125,4.749972761e-01,4.326117279e-01,nan,nan,nan,nan
3286,82.15,4.751682286e-01,4.309305422e-01,nan,nan,nan,nan
3287,82.175,4.755030403e-01,4.322852986e-01,nan,nan,nan,nan
3288,82.2,4.738539582e-01,4.305594150e-01,nan,nan,nan,nan
3289,82.225,4.756233008e-01,4.316094843e-01,nan,nan,nan,nan
3290,82.25,4.739245426e-01,4.298389668e-01,nan,nan,nan,nan
3291,82.275,4.753579868e-01,4.305848619e-01,nan,nan,nan,nan
3292,82.3,4.736095714e-01,4.302747878e-01,nan,nan,nan,nan
3293,82.325,4.747073418e-01,4.292122930e-01,nan,nan,nan,nan
3294,82.35,4.729093296e-01,4.304753697e-01,nan,nan,nan,nan
3295,82.375,4.736719233e-01,4.288035646e-01,nan,nan,nan,nan
3296,82.4,4.730936837e-01,4.303262393e-01,nan,nan,nan,nan
3297,82.425,4.722526028e-01,4.286092249e-01,nan,nan,nan,nan
3298,82.45,4.734089485e-01,4.298275461e-01,nan,nan,nan,nan
3299,82.475,4.717362737e-01,4.280653693e-01,nan,nan,nan,nan
3300,82.5,4.733386400e-01,4.289797247e-01,nan,nan,nan,nan
3301,82.525,4.716157905e-01,4.278590241e-01,nan,nan,nan,nan
3302,82.55,4.728828442e-01,4.277834943e-01,nan,nan,nan,nan
3303,82.575,4.711098614e-01,4.282362527e-01,nan,nan,nan,nan
3304,82.6,4.720419618e-01,4.266031632e-01,nan,nan,nan,nan
3305,82.625,4.705920698e-01,4.282638074e-01,nan,nan,nan,nan
3306,82.65,4.708167073e-01,4.265849990e-01,nan,nan,nan,nan
3307,82.675,4.711016130e-01,4.279416951e-01,nan,nan,nan,nan
3308,82.7,4.694845406e-01,4.262171973e-01,nan,nan,nan,nan
3309,82.725,4.712256649e-01,4.272702080e-01,nan,nan,nan,nan
3310,82.75,4.695579070e-01,4.255000878e-01,nan,nan,nan,nan
3311,82.775,4.709641543e-01,4.262499228e-01,nan,nan,nan,nan
3312,82.8,4.692457329e-01,4.259330924e-01,nan,nan,nan,nan
3313,82.825,4.703173248e-01,4.248817007e-01,nan,nan,nan,nan
3314,82.85,4.685483033e-01,4.261366662e-01,nan,nan,nan,nan
3315,82.875,4.692857337e-01,4.245250297e-01,nan,nan,nan,nan
3316,82.9,4.687402107e-01,4.259905425e-01,nan,nan,nan,nan
3317,82.925,4.678702523e-01,4.243326999e-01,nan,nan,nan,nan
3318,82.95,4.690579272e-01,4.254948706e-01,nan,nan,nan,nan
3319,82.975,4.674741552e-01,4.237908714e-01,nan,nan,nan,nan
3320,83,4.689900869e-01,4.246500849e-01,nan,nan,nan,nan
3321,83.025,4.673551363e-01,4.236040087e-01,nan,nan,nan,nan
3322,83.05,4.685367758e-01,4.234569044e-01,nan,nan,nan,nan
3323,83.075,4.668506906e-01,4.239828955e-01,nan,nan,nan,nan
3324,83.1,4.676983944e-01,4.224665180e-01,nan,nan,nan,nan
3325,83.125,4.663627252e-01,4.240121274e-01,nan,nan,nan,nan
3326,83.15,4.664756569e-01,4.224490462e-01,nan,nan,nan,nan
3327,83.175,4.668733718e-01,4.236917110e-01,nan,nan,nan,nan
3328,83.2,4.654013426e-01,4.220819579e-01,nan,nan,nan,nan
3329,83.225,4.669985476e-01,4.230219383e-01,nan,nan,nan,nan
3330,83.25,4.654748486e-01,4.213655827e-01,nan,nan,nan,nan
3331,83.275,4.667381814e-01,4.220033858e-01,nan,nan,nan,nan
3332,83.3,4.651628367e-01,4.218393258e-01,nan,nan,nan,nan
3333,83.325,4.660925165e-01,4.206369147e-01,nan,nan,nan,nan
3334,83.35,4.644655918e-01,4.220432516e-01,nan,nan,nan,nan
3335,83.375,4.650621100e-01,4.206016758e-01,nan,nan,nan,nan
3336,83.4,4.647083608e-01,4.218975020e-01,nan,nan,nan,nan
3337,83.425,4.636478332e-01,4.204087661e-01,nan,nan,nan,nan
3338,83.45,4.650258713e-01,4.214022265e-01,nan,nan,nan,nan
3339,83.475,4.636395896e-01,4.198663819e-01,nan,nan,nan,nan
3340,83.5,4.649578488e-01,4.205578592e-01,nan,nan,nan,nan
3341,83.525,4.635194422e-01,4.197408971e-01,nan,nan,nan,nan
3342,83.55,4.645043793e-01,4.193651189e-01,nan,nan,nan,nan
3343,83.575,4.630138936e-01,4.201188375e-01,nan,nan,nan,nan
3344,83.6,4.636658629e-01,4.188236810e-01,nan,nan,nan,nan
3345,83.625,4.625970422e-01,4.201471483e-01,nan,nan,nan,nan
3346,83.65,4.624430139e-01,4.188043784e-01,nan,nan,nan,nan
3347,83.675,4.631061895e-01,4.198258363e-01,nan,nan,nan,nan
3348,83.7,4.618814187e-01,4.184354862e-01,nan,nan,nan,nan
3349,83.725,4.632298929e-01,4.191551930e-01,nan,nan,nan,nan
3350,83.75,4.619525575e-01,4.177200526e-01,nan,nan,nan,nan
3351,83.775,4.629680811e-01,4.181357950e-01,nan,nan,nan,nan
3352,83.8,4.617977605e-01,4.182713216e-01,nan,nan,nan,nan
3353,83.825,4.623209970e-01,4.179540505e-01,nan,nan,nan,nan
3354,83.85,4.615374735e-01,4.184730793e-01,nan,nan,nan,nan
3355,83.875,4.612891978e-01,4.185017950e-01,nan,nan,nan,nan
3356,83.9,4.612708388e-01,4.183251897e-01,nan,nan,nan,nan
3357,83.925,4.623459548e-01,4.187002143e-01,nan,nan,nan,nan
3358,83.95,4.617135152e-01,4.178278018e-01,nan,nan,nan,nan
3359,83.975,4.630456312e-01,4.185491393e-01,nan,nan,nan,nan
3360,84,4.620814450e-01,4.181364864e-01,nan,nan,nan,nan
3361,84.025,4.633602286e-01,4.180486860e-01,nan,nan,nan,nan
3362,84.05,4.620640438e-01,4.192042945e-01,nan,nan,nan,nan
3363,84.075,4.632894820e-01,4.185324803e-01,nan,nan,nan,nan
3364,84.1,4.623178564e-01,4.199235705e-01,nan,nan,nan,nan
3365,84.125,4.628334410e-01,4.189510523e-01,nan,nan,nan,nan
3366,84.15,4.635910772e-01,4.202937181e-01,nan,nan,nan,nan
3367,84.175,4.630032670e-01,4.190202060e-01,nan,nan,nan,nan
3368,84.2,4.644802102e-01,4.203144258e-01,nan,nan,nan,nan
3369,84.225,4.635606538e-01,4.192681284e-01,nan,nan,nan,nan
3370,84.25,4.649845193e-01,4.199856670e-01,nan,nan,nan,nan
3371,84.275,4.637328297e-01,4.205071947e-01,nan,nan,nan,nan
3372,84.3,4.651035827e-01,4.198784671e-01,nan,nan,nan,nan
3373,84.325,4.635196454e-01,4.213981378e-01,nan,nan,nan,nan
3374,84.35,4.648372926e-01,4.204686994e-01,nan,nan,nan,nan
3375,84.375,4.648647609e-01,4.219402190e-01,nan,nan,nan,nan
3376,84.4,4.643476435e-01,4.207096576e-01,nan,nan,nan,nan
3377,84.425,4.659434724e-01,4.221329845e-01,nan,nan,nan,nan
3378,84.45,4.650946450e-01,4.206011347e-01,nan,nan,nan,nan
3379,84.475,4.666376923e-01,4.219762652e-01,nan,nan,nan,nan
3380,84.5,4.654566328e-01,4.218289016e-01,nan,nan,nan,nan
3381,84.525,4.669468416e-01,4.214701772e-01,nan,nan,nan,nan
3382,84.55,4.654333003e-01,4.228916536e-01,nan,nan,nan,nan
3383,84.575,4.668706554e-01,4.220320852e-01,nan,nan,nan,nan
3384,84.6,4.661319488e-01,4.236058801e-01,nan,nan,nan,nan
3385,84.625,4.664091831e-01,4.224450920e-01,nan,nan,nan,nan
3386,84.65,4.674003608e-01,4.239709846e-01,nan,nan,nan,nan
3387,84.675,4.666499970e-01,4.225086892e-01,nan,nan,nan,nan
3388,84.7,4.682846902e-01,4.239866557e-01,nan,nan,nan,nan
3389,84.725,4.672020366e-01,4.231338041e-01,nan,nan,nan,nan
3390,84.75,4.687842012e-01,4.236528670e-01,nan,nan,nan,nan
3391,84.775,4.673688731e-01,4.243685063e-01,nan,nan,nan,nan
3392,84.8,4.688984718e-01,4.236069671e-01,nan,nan,nan,nan
3393,84.825,4.673561343e-01,4.252550887e-01,nan,nan,nan,nan
3394,84.85,4.686273943e-01,4.241922716e-01,nan,nan,nan,nan
3395,84.875,4.688143616e-01,4.257928128e-01,nan,nan,nan,nan
3396,84.9,4.681913149e-01,4.244283075e-01,nan,nan,nan,nan
3397,84.925,4.698889923e-01,4.259812246e-01,nan,nan,nan,nan
3398,84.95,4.689336450e-01,4.243851929e-01,nan,nan,nan,nan
3399,84.975,4.705791338e-01,4.258201552e-01,nan,nan,nan,nan
3400,85,4.692909659e-01,4.257919785e-01,nan,nan,nan,nan
3401,85.025,4.708842069e-01,4.253097207e-01,nan,nan,nan,nan
3402,85.05,4.692629712e-01,4.268511197e-01,nan,nan,nan,nan
3403,85.075,4.708039469e-01,4.259153216e-01,nan,nan,nan,nan
3404,85.1,4.701481843e-01,4.275617358e-01,nan,nan,nan,nan
3405,85.125,4.703384033e-01,4.263241130e-01,nan,nan,nan,nan
3406,85.15,4.714132933e-01,4.279232305e-01,nan,nan,nan,nan
3407,85.175,4.706147397e-01,4.263834975e-01,nan,nan,nan,nan
3408,85.2,4.722943191e-01,4.279352925e-01,nan,nan,nan,nan
3409,85.225,4.711628521e-01,4.271249288e-01,nan,nan,nan,nan
3410,85.25,4.727905259e-01,4.275978952e-01,nan,nan,nan,nan
3411,85.275,4.713257628e-01,4.283568161e-01,nan,nan,nan,nan
3412,85.3,4.729014916e-01,4.275773966e-01,nan,nan,nan,nan
3413,85.325,4.713644524e-01,4.292405811e-01,nan,nan,nan,nan
3414,85.35,4.726271088e-01,4.281592505e-01,nan,nan,nan,nan
3415,85.375,4.728201945e-01,4.297754856e-01,nan,nan,nan,nan
3416,85.4,4.722079620e-01,4.283918356e-01,nan,nan,nan,nan
3417,85.425,4.738923364e-01,4.299610755e-01,nan,nan,nan,nan
3418,85.45,4.729471564e-01,4.283304799e-01,nan,nan,nan,nan
3419,85.475,4.745799854e-01,4.297971819e-01,nan,nan,nan,nan
3420,85.5,4.733013402e-01,4.297352772e-01,nan,nan,nan,nan
3421,85.525,4.748825628e-01,4.292839211e-01,nan,nan,nan,nan
3422,85.55,4.732702070e-01,4.307924249e-01,nan,nan,nan,nan
3423,85.575,4.747998037e-01,4.298965688e-01,nan,nan,nan,nan
3424,85.6,4.740728960e-01,4.315010425e-01,nan,nan,nan,nan
3425,85.625,4.743317576e-01,4.303027141e-01,nan,nan,nan,nan
3426,85.65,4.753363553e-01,4.318605336e-01,nan,nan,nan,nan
3427,85.675,4.746065465e-01,4.303594496e-01,nan,nan,nan,nan
3428,85.7,4.762157252e-01,4.318705870e-01,nan,nan,nan,nan
3429,85.725,4.751523471e-01,4.309505402e-01,nan,nan,nan,nan
3430,85.75,4.767102699e-01,4.315311764e-01,nan,nan,nan,nan
3431,85.775,4.753129417e-01,4.321812731e-01,nan,nan,nan,nan
3432,85.8,4.768195675e-01,4.314993064e-01,nan,nan,nan,nan
3433,85.825,4.751358752e-01,4.330638761e-01,nan,nan,nan,nan
3434,85.85,4.765435105e-01,4.320793465e-01,nan,nan,nan,nan
3435,85.875,4.765908154e-01,4.335976110e-01,nan,nan,nan,nan
3436,85.9,4.761044214e-01,4.323101122e-01,nan,nan,nan,nan
3437,85.925,4.776621466e-01,4.337820237e-01,nan,nan,nan,nan
3438,85.95,4.768421503e-01,4.321913968e-01,nan,nan,nan,nan
3439,85.975,4.783489764e-01,4.336169456e-01,nan,nan,nan,nan
3440,86,4.771948616e-01,4.333727244e-01,nan,nan,nan,nan
3441,86.025,4.786507259e-01,4.331024928e-01,nan,nan,nan,nan
3442,86.05,4.771622492e-01,4.344295466e-01,nan,nan,nan,nan
3443,86.075,4.785671304e-01,4.336860054e-01,nan,nan,nan,nan
3444,86.1,4.776220800e-01,4.351378288e-01,nan,nan,nan,nan
3445,86.125,4.780982396e-01,4.340911730e-01,nan,nan,nan,nan
3446,86.15,4.788855674e-01,4.354969748e-01,nan,nan,nan,nan
3447,86.175,4.783355139e-01,4.341469226e-01,nan,nan,nan,nan
3448,86.2,4.797649545e-01,4.355066732e-01,nan,nan,nan,nan
3449,86.225,4.788806911e-01,4.343346020e-01,nan,nan,nan,nan
3450,86.25,4.802595056e-01,4.351668978e-01,nan,nan,nan,nan
3451,86.275,4.790406532e-01,4.355658311e-01,nan,nan,nan,nan
3452,86.3,4.803687988e-01,4.350886787e-01,nan,nan,nan,nan
3453,86.325,4.788152509e-01,4.364489183e-01,nan,nan,nan,nan
3454,86.35,4.800927267e-01,4.356685796e-01,nan,nan,nan,nan
3455,86.375,4.798548389e-01,4.369831253e-01,nan,nan,nan,nan
3456,86.4,4.795992455e-01,4.358991956e-01,nan,nan,nan,nan
3457,86.425,4.809270026e-01,4.371679984e-01,nan,nan,nan,nan
3458,86.45,4.803371902e-01,4.357803200e-01,nan,nan,nan,nan
3459,86.475,4.816146521e-01,4.370033688e-01,nan,nan,nan,nan
3460,86.5,4.806901059e-01,4.364433135e-01,nan,nan,nan,nan
3461,86.525,4.819172084e-01,4.364893528e-01,nan,nan,nan,nan
3462,86.55,4.806576865e-01,4.375014103e-01,nan,nan,nan,nan
3463,86.575,4.818344071e-01,4.370106105e-01,nan,nan,nan,nan
3464,86.6,4.805419148e-01,4.382109533e-01,nan,nan,nan,nan
3465,86.625,4.813662979e-01,4.374164466e-01,nan,nan,nan,nan
3466,86.65,4.818070146e-01,4.385713463e-01,nan,nan,nan,nan
3467,86.675,4.815337622e-01,4.374728521e-01,nan,nan,nan,nan
3468,86.7,4.826879995e-01,4.385822781e-01,nan,nan,nan,nan
3469,86.725,4.820799562e-01,4.371797630e-01,nan,nan,nan,nan
3470,86.75,4.831841339e-01,4.382437226e-01,nan,nan,nan,nan
3471,86.775,4.822409218e-01,4.382691725e-01,nan,nan,nan,nan
3472,86.8,4.832949961e-01,4.380884541e-01,nan,nan,nan,nan
3473,86.825,4.820165098e-01,4.391542667e-01,nan,nan,nan,nan
3474,86.85,4.830204786e-01,4.386698092e-01,nan,nan,nan,nan
3475,86.875,4.823804908e-01,4.396904655e-01,nan,nan,nan,nan
3476,86.9,4.824430108e-01,4.389018651e-01,nan,nan,nan,nan
3477,86.925,4.834549823e-01,4.398773152e-01,nan,nan,nan,nan
3478,86.95,4.831827462e-01,4.387844154e-01,nan,nan,nan,nan
3479,86.975,4.841449437e-01,4.397146471e-01,nan,nan,nan,nan
3480,87,4.835374378e-01,4.387298830e-01,nan,nan,nan,nan
3481,87.025,4.844497961e-01,4.392025777e-01,nan,nan,nan,nan
3482,87.05,4.835067793e-01,4.397906783e-01,nan,nan,nan,nan
3483,87.075,4.843692752e-01,4.396338443e-01,nan,nan,nan,nan
3484,87.1,4.830907787e-01,4.405029033e-01,nan,nan,nan,nan
3485,87.125,4.839034306e-01,4.400418590e-01,nan,nan,nan,nan
3486,87.15,4.838950783e-01,4.408659620e-01,nan,nan,nan,nan
3487,87.175,4.839747092e-01,4.401004275e-01,nan,nan,nan,nan
3488,87.2,4.847790438e-01,4.408795432e-01,nan,nan,nan,nan
3489,87.225,4.845234001e-01,4.398094860e-01,nan,nan,nan,nan
3490,87.25,4.852781419e-01,4.405436209e-01,nan,nan,nan,nan
3491,87.275,4.846868463e-01,4.401020085e-01,nan,nan,nan,nan
3492,87.3,4.853919508e-01,4.402869995e-01,nan,nan,nan,nan
3493,87.325,4.844648989e-01,4.409904094e-01,nan,nan,nan,nan
3494,87.35,4.851203634e-01,4.408712144e-01,nan,nan,nan,nan
3495,87.375,4.839921766e-01,4.415298977e-01,nan,nan,nan,nan
3496,87.4,4.844635866e-01,4.411061133e-01,nan,nan,nan,nan
3497,87.425,4.850702468e-01,4.417200196e-01,nan,nan,nan,nan
3498,87.45,4.851790872e-01,4.409914899e-01,nan,nan,nan,nan
3499,87.475,4.857637691e-01,4.415606067e-01,nan,nan,nan,nan
3500,87.5,4.855369165e-01,4.405274229e-01,nan,nan,nan,nan
3501,87.525,4.860721650e-01,4.410517754e-01,nan,nan,nan,nan
3502,87.55,4.855093785e-01,4.411392607e-01,nan,nan,nan,nan
3503,87.575,4.859951699e-01,4.413725804e-01,nan,nan,nan,nan
3504,87.6,4.850964815e-01,4.418553239e-01,nan,nan,nan,nan
3505,87.625,4.855328338e-01,4.417840498e-01,nan,nan,nan,nan
3506,87.65,4.850070568e-01,4.422222031e-01,nan,nan,nan,nan
3507,87.675,4.854892420e-01,4.418460557e-01,nan,nan,nan,nan
3508,87.7,4.858951012e-01,4.422395871e-01,nan,nan,nan,nan
3509,87.725,4.860416547e-01,4.415585340e-01,nan,nan,nan,nan
3510,87.75,4.863982603e-01,4.419074500e-01,nan,nan,nan,nan
3511,87.775,4.862088050e-01,4.410646860e-01,nan,nan,nan,nan
3512,87.8,4.865161123e-01,4.415331820e-01,nan,nan,nan,nan
3513,87.825,4.859905437e-01,4.418332059e-01,nan,nan,nan,nan
3514,87.85,4.862485500e-01,4.421213857e-01,nan,nan,nan,nan
3515,87.875,4.853870363e-01,4.423769800e-01,nan,nan,nan,nan
3516,87.9,4.855957806e-01,4.423602556e-01,nan,nan,nan,nan
3517,87.925,4.858457927e-01,4.425713700e-01,nan,nan,nan,nan
3518,87.95,4.861904543e-01,4.422495853e-01,nan,nan,nan,nan
3519,87.975,4.863634626e-01,4.424162073e-01,nan,nan,nan,nan
3520,88,4.865524894e-01,4.417894536e-01,nan,nan,nan,nan
3521,88.025,4.866763326e-01,4.419116085e-01,nan,nan,nan,nan
3522,88.05,4.865291392e-01,4.418694262e-01,nan,nan,nan,nan
3523,88.075,4.866037936e-01,4.421100637e-01,nan,nan,nan,nan
3524,88.1,4.861204118e-01,4.423297222e-01,nan,nan,nan,nan
3525,88.125,4.861458957e-01,4.425259527e-01,nan,nan,nan,nan
3526,88.15,4.858169649e-01,4.425516730e-01,nan,nan,nan,nan
3527,88.175,4.861397441e-01,4.425923601e-01,nan,nan,nan,nan
3528,88.2,4.864230829e-01,4.425736837e-01,nan,nan,nan,nan
3529,88.225,4.865346484e-01,4.423092221e-01,nan,nan,nan,nan
3530,88.25,4.866439701e-01,4.422461556e-01,nan,nan,nan,nan
3531,88.275,4.867063996e-01,4.417974723e-01,nan,nan,nan,nan
3532,88.3,4.865966092e-01,4.421478627e-01,nan,nan,nan,nan
3533,88.325,4.864927212e-01,4.423290715e-01,nan,nan,nan,nan
3534,88.35,4.863338248e-01,4.424802166e-01,nan,nan,nan,nan
3535,88.375,4.858937787e-01,4.426170445e-01,nan,nan,nan,nan
3536,88.4,4.861278117e-01,4.425835637e-01,nan,nan,nan,nan
3537,88.425,4.863709584e-01,4.425554768e-01,nan,nan,nan,nan
3538,88.45,4.865928822e-01,4.424776348e-01,nan,nan,nan,nan
3539,88.475,4.866430388e-01,4.422302148e-01,nan,nan,nan,nan
3540,88.5,4.866726129e-01,4.420222268e-01,nan,nan,nan,nan
3541,88.525,4.866736664e-01,4.420772584e-01,nan,nan,nan,nan
3542,88.55,4.865030014e-01,4.423683767e-01,nan,nan,nan,nan
3543,88.575,4.863188863e-01,4.424901477e-01,nan,nan,nan,nan
3544,88.6,4.860991591e-01,4.425727683e-01,nan,nan,nan,nan
3545,88.625,4.861662392e-01,4.426501876e-01,nan,nan,nan,nan
3546,88.65,4.863757767e-01,4.425576236e-01,nan,nan,nan,nan
3547,88.675,4.865393152e-01,4.424606664e-01,nan,nan,nan,nan
3548,88.7,4.866997643e-01,4.423237799e-01,nan,nan,nan,nan
3549,88.725,4.866885793e-01,4.420181277e-01,nan,nan,nan,nan
3550,88.75,4.866383455e-01,4.421049711e-01,nan,nan,nan,nan
3551,88.775,4.865780939e-01,4.422991275e-01,nan,nan,nan,nan
3552,88.8,4.863467484e-01,4.425308702e-01,nan,nan,nan,nan
3553,88.825,4.860822650e-01,4.425932268e-01,nan,nan,nan,nan
3554,88.85,4.860942141e-01,4.426072934e-01,nan,nan,nan,nan
3555,88.875,4.864127680e-01,4.426253307e-01,nan,nan,nan,nan
3556,88.9,4.865607745e-01,4.424738341e-01,nan,nan,nan,nan
3557,88.925,4.866447121e-01,4.423078915e-01,nan,nan,nan,nan
3558,88.95,4.867436592e-01,4.421121142e-01,nan,nan,nan,nan
3559,88.975,4.866712323e-01,4.421206594e-01,nan,nan,nan,nan
3560,89,4.865411134e-01,4.423372617e-01,nan,nan,nan,nan
3561,89.025,4.864196600e-01,4.424629672e-01,nan,nan,nan,nan
3562,89.05,4.861278608e-01,4.426352625e-01,nan,nan,nan,nan
3563,89.075,4.861201239e-01,4.426382603e-01,nan,nan,nan,nan
3564,89.1,4.863391357e-01,4.425837254e-01,nan,nan,nan,nan
3565,89.125,4.865962612e-01,4.425424392e-01,nan,nan,nan,nan
3566,89.15,4.866827377e-01,4.423321929e-01,nan,nan,nan,nan
3567,89.175,4.866870656e-01,4.420971315e-01,nan,nan,nan,nan
3568,89.2,4.867245151e-01,4.420291575e-01,nan,nan,nan,nan
3569,89.225,4.865909782e-01,4.423543179e-01,nan,nan,nan,nan
3570,89.25,4.863808806e-01,4.425114043e-01,nan,nan,nan,nan
3571,89.275,4.861983606e-01,4.425686820e-01,nan,nan,nan,nan
3572,89.3,4.861369450e-01,4.426814905e-01,nan,nan,nan,nan
3573,89.325,4.863815626e-01,4.426252170e-01,nan,nan,nan,nan
3574,89.35,4.865210366e-01,4.425020151e-01,nan,nan,nan,nan
3575,89.375,4.867166379e-01,4.424014960e-01,nan,nan,nan,nan
3576,89.4,4.867416177e-01,4.421327144e-01,nan,nan,nan,nan
3577,89.425,4.866663103e-01,4.420938945e-01,nan,nan,nan,nan
3578,89.45,4.866422992e-01,4.422640036e-01,nan,nan,nan,nan
3579,89.475,4.864478160e-01,4.425297790e-01,nan,nan,nan,nan
3580,89.5,4.861576296e-01,4.426273395e-01,nan,nan,nan,nan
3581,89.525,4.860445676e-01,4.426161940e-01,nan,nan,nan,nan
3582,89.55,4.863968394e-01,4.426695087e-01,nan,nan,nan,nan
3583,89.575,4.865798413e-01,4.425540835e-01,nan,nan,nan,nan
3584,89.6,4.866398208e-01,4.423621312e-01,nan,nan,nan,nan
3585,89.625,4.867738353e-01,4.422025018e-01,nan,nan,nan,nan
3586,89.65,4.867373847e-01,4.420884353e-01,nan,nan,nan,nan
3587,89.675,4.865823989e-01,4.423389580e-01,nan,nan,nan,nan
3588,89.7,4.864969970e-01,4.424406815e-01,nan,nan,nan,nan
3589,89.725,4.862417634e-01,4.426469671e-01,nan,nan,nan,nan
3590,89.75,4.861063558e-01,4.426850248e-01,nan,nan,nan,nan
3591,89.775,4.863027203e-01,4.426054416e-01,nan,nan,nan,nan
3592,89.8,4.865935451e-01,4.425992887e-01,nan,nan,nan,nan
3593,89.825,4.867148994e-01,4.424248641e-01,nan,nan,nan,nan
3594,89.85,4.866954089e-01,4.421640593e-01,nan,nan,nan,nan
3595,89.875,4.867678083e-01,4.419961823e-01,nan,nan,nan,nan
3596,89.9,4.866700269e-01,4.423347716e-01,nan,nan,nan,nan
3597,89.925,4.864353017e-01,4.425257050e-01,nan,nan,nan,nan
3598,89.95,4.862886120e-01,4.425590970e-01,nan,nan,nan,nan
3599,89.975,4.861026308e-01,4.427058227e-01,nan,nan,nan,nan
3600,90,4.863808304e-01,4.426844348e-01,nan,nan,nan,nan
3601,90.025,4.864977308e-01,4.425363789e-01,nan,nan,nan,nan
3602,90.05,4.867269832e-01,4.424708188e-01,nan,nan,nan,nan
3603,90.075,4.867866931e-01,4.422375800e-01,nan,nan,nan,nan
3604,90.1,4.866877370e-01,4.420769094e-01,nan,nan,nan,nan
3605,90.125,4.866985283e-01,4.422523553e-01,nan,nan,nan,nan
3606,90.15,4.865395500e-01,4.425227707e-01,nan,nan,nan,nan
3607,90.175,4.862250052e-01,4.426540772e-01,nan,nan,nan,nan
3608,90.2,4.860171655e-01,4.426191694e-01,nan,nan,nan,nan
3609,90.225,4.863754833e-01,4.427063010e-01,nan,nan,nan,nan
3610,90.25,4.865919926e-01,4.426255597e-01,nan,nan,nan,nan
3611,90.275,4.866389693e-01,4.424089750e-01,nan,nan,nan,nan
3612,90.3,4.867970892e-01,4.422841031e-01,nan,nan,nan,nan
3613,90.325,4.867951944e-01,4.420513970e-01,nan,nan,nan,nan
3614,90.35,4.866240401e-01,4.423343409e-01,nan,nan,nan,nan
3615,90.375,4.865659823e-01,4.424501369e-01,nan,nan,nan,nan
3616,90.4,4.863459765e-01,4.426523518e-01,nan,nan,nan,nan
3617,90.425,4.860867749e-01,4.427240306e-01,nan,nan,nan,nan
3618,90.45,4.862903843e-01,4.426281713e-01,nan,nan,nan,nan
3619,90.475,4.865850118e-01,4.426483716e-01,nan,nan,nan,nan
3620,90.5,4.867397768e-01,4.425084049e-01,nan,nan,nan,nan
3621,90.525,4.867251973e-01,4.422232131e-01,nan,nan,nan,nan
3622,90.55,4.868038124e-01,4.420391604e-01,nan,nan,nan,nan
3623,90.575,4.867403900e-01,4.423099965e-01,nan,nan,nan,nan
3624,90.6,4.865083749e-01,4.425333031e-01,nan,nan,nan,nan
3625,90.625,4.863701722e-01,4.425894825e-01,nan,nan,nan,nan
3626,90.65,4.860893441e-01,4.427234463e-01,nan,nan,nan,nan
3627,90.675,4.863738990e-01,4.427355342e-01,nan,nan,nan,nan
3628,90.7,4.865157267e-01,4.425805801e-01,nan,nan,nan,nan
3629,90.725,4.867311241e-01,4.425320171e-01,nan,nan,nan,nan
3630,90.75,4.868241301e-01,4.423329896e-01,nan,nan,nan,nan
3631,90.775,4.867481060e-01,4.420542813e-01,nan,nan,nan,nan
3632,90.8,4.867471146e-01,4.422619616e-01,nan,nan,nan,nan
3633,90.825,4.866222802e-01,4.425101112e-01,nan,nan,nan,nan
3634,90.85,4.863296431e-01,4.426737257e-01,nan,nan,nan,nan
3635,90.875,4.861111129e-01,4.426703605e-01,nan,nan,nan,nan
3636,90.9,4.863489828e-01,4.427359973e-01,nan,nan,nan,nan
3637,90.925,4.865975481e-01,4.426885696e-01,nan,nan,nan,nan
3638,90.95,4.866776151e-01,4.424747196e-01,nan,nan,nan,nan
3639,90.975,4.868137398e-01,4.423572321e-01,nan,nan,nan,nan
3640,91,4.868450116e-01,4.420993463e-01,nan,nan,nan,nan
3641,91.025,4.867076937e-01,4.423236415e-01,nan,nan,nan,nan
3642,91.05,4.866269697e-01,4.424715901e-01,nan,nan,nan,nan
3643,91.075,4.864408779e-01,4.426516428e-01,nan,nan,nan,nan
3644,91.1,4.860878957e-01,4.427555498e-01,nan,nan,nan,nan
3645,91.125,4.862971361e-01,4.426927506e-01,nan,nan,nan,nan
3646,91.15,4.863642334e-01,4.426899589e-01,nan,nan,nan,nan
3647,91.175,4.867576382e-01,4.425831298e-01,nan,nan,nan,nan
3648,91.2,4.867760055e-01,4.423106210e-01,nan,nan,nan,nan
3649,91.225,4.868327893e-01,4.421240232e-01,nan,nan,nan,nan
3650,91.25,4.868023919e-01,4.421170145e-01,nan,nan,nan,nan
3651,91.275,4.866039705e-01,4.420828712e-01,nan,nan,nan,nan
3652,91.3,4.864433630e-01,4.426225880e-01,nan,nan,nan,nan
3653,91.325,4.861962080e-01,4.425444953e-01,nan,nan,nan,nan
3654,91.35,4.858840101e-01,4.427787274e-01,nan,nan,nan,nan
3655,91.375,4.857707865e-01,4.426566440e-01,nan,nan,nan,nan
3656,91.4,4.865400412e-01,4.425852965e-01,nan,nan,nan,nan
3657,91.425,4.863781683e-01,4.424192191e-01,nan,nan,nan,nan
3658,91.45,4.868108649e-01,4.420883269e-01,nan,nan,nan,nan
3659,91.475,4.866002877e-01,4.418324076e-01,nan,nan,nan,nan
3660,91.5,4.866962528e-01,4.414575644e-01,nan,nan,nan,nan
3661,91.525,4.864369578e-01,4.422437941e-01,nan,nan,nan,nan
3662,91.55,4.861962907e-01,4.419867144e-01,nan,nan,nan,nan
3663,91.575,4.858883064e-01,4.425776920e-01,nan,nan,nan,nan
3664,91.6,4.854156185e-01,4.422766609e-01,nan,nan,nan,nan
3665,91.625,4.859632442e-01,4.425620427e-01,nan,nan,nan,nan
3666,91.65,4.856260200e-01,4.422170382e-01,nan,nan,nan,nan
3667,91.675,4.864297863e-01,4.421968527e-01,nan,nan,nan,nan
3668,91.7,4.860438842e-01,4.418078909e-01,nan,nan,nan,nan
3669,91.725,4.865109581e-01,4.414824138e-01,nan,nan,nan,nan
3670,91.75,4.860763445e-01,4.415197246e-01,nan,nan,nan,nan
3671,91.775,4.862066884e-01,4.410903763e-01,nan,nan,nan,nan
3672,91.8,4.857233714e-01,4.420313813e-01,nan,nan,nan,nan
3673,91.825,4.855172202e-01,4.415580864e-01,nan,nan,nan,nan
3674,91.85,4.850341064e-01,4.421935854e-01,nan,nan,nan,nan
3675,91.875,4.845300971e-01,4.416763039e-01,nan,nan,nan,nan
3676,91.9,4.856963155e-01,4.420062010e-01,nan,nan,nan,nan
3677,91.925,4.851436218e-01,4.414449305e-01,nan,nan,nan,nan
3678,91.95,4.859732993e-01,4.414693773e-01,nan,nan,nan,nan
3679,91.975,4.853718673e-01,4.408641534e-01,nan,nan,nan,nan
3680,92,4.858648292e-01,4.405835485e-01,nan,nan,nan,nan
3681,92.025,4.852146467e-01,4.411489083e-01,nan,nan,nan,nan
3682,92.05,4.853709912e-01,4.405136088e-01,nan,nan,nan,nan
3683,92.075,4.846720878e-01,4.414889451e-01,nan,nan,nan,nan
3684,92.1,4.844921854e-01,4.408096128e-01,nan,nan,nan,nan
3685,92.125,4.846219166e-01,4.414794175e-01,nan,nan,nan,nan
3686,92.15,4.839144774e-01,4.407560320e-01,nan,nan,nan,nan
3687,92.175,4.850946438e-01,4.411203324e-01,nan,nan,nan,nan
3688,92.2,4.843384080e-01,4.403529108e-01,nan,nan,nan,nan
3689,92.225,4.851819842e-01,4.404119813e-01,nan,nan,nan,nan
3690,92.25,4.843769196e-01,4.399439449e-01,nan,nan,nan,nan
3691,92.275,4.848838665e-01,4.393549409e-01,nan,nan,nan,nan
3692,92.3,4.840299826e-01,4.404617020e-01,nan,nan,nan,nan
3693,92.325,4.842005339e-01,4.396339261e-01,nan,nan,nan,nan
3694,92.35,4.832978818e-01,4.406299911e-01,nan,nan,nan,nan
3695,92.375,4.831325437e-01,4.397580667e-01,nan,nan,nan,nan
3696,92.4,4.838908355e-01,4.404486763e-01,nan,nan,nan,nan
3697,92.425,4.829950964e-01,4.395326026e-01,nan,nan,nan,nan
3698,92.45,4.841739024e-01,4.399179069e-01,nan,nan,nan,nan
3699,92.475,4.832292270e-01,4.389577208e-01,nan,nan,nan,nan
3700,92.5,4.840715005e-01,4.390381170e-01,nan,nan,nan,nan
3701,92.525,4.830778784e-01,4.391297311e-01,nan,nan,nan,nan
3702,92.55,4.835837160e-01,4.381702412e-01,nan,nan,nan,nan
3703,92.575,4.825411780e-01,4.394757071e-01,nan,nan,nan,nan
3704,92.6,4.827109490e-01,4.384719453e-01,nan,nan,nan,nan
3705,92.625,4.823818879e-01,4.394721051e-01,nan,nan,nan,nan
3706,92.65,4.814539138e-01,4.384240526e-01,nan,nan,nan,nan
3707,92.675,4.828605047e-01,4.391189320e-01,nan,nan,nan,nan
3708,92.7,4.817944889e-01,4.380266075e-01,nan,nan,nan,nan
3709,92.725,4.829537219e-01,4.384164794e-01,nan,nan,nan,nan
3710,92.75,4.818386055e-01,4.375148583e-01,nan,nan,nan,nan
3711,92.775,4.826614681e-01,4.373653240e-01,nan,nan,nan,nan
3712,92.8,4.814972623e-01,4.380383048e-01,nan,nan,nan,nan
3713,92.825,4.819839865e-01,4.369222180e-01,nan,nan,nan,nan
3714,92.85,4.807707440e-01,4.382122716e-01,nan,nan,nan,nan
3715,92.875,4.809218345e-01,4.370517276e-01,nan,nan,nan,nan
3716,92.9,4.812655023e-01,4.380366230e-01,nan,nan,nan,nan
3717,92.925,4.800990714e-01,4.368316226e-01,nan,nan,nan,nan
3718,92.95,4.815541524e-01,4.375115082e-01,nan,nan,nan,nan
3719,92.975,4.803384448e-01,4.362620900e-01,nan,nan,nan,nan
3720,93,4.814573231e-01,4.366373614e-01,nan,nan,nan,nan
3721,93.025,4.801923298e-01,4.363430635e-01,nan,nan,nan,nan
3722,93.05,4.809751002e-01,4.354149016e-01,nan,nan,nan,nan
3723,93.075,4.796608540e-01,4.366943723e-01,nan,nan,nan,nan
3724,93.1,4.801078842e-01,4.354432721e-01,nan,nan,nan,nan
3725,93.125,4.794159457e-01,4.366960937e-01,nan,nan,nan,nan
3726,93.15,4.788563890e-01,4.354003315e-01,nan,nan,nan,nan
3727,93.175,4.798997579e-01,4.363482345e-01,nan,nan,nan,nan
3728,93.2,4.786066284e-01,4.350078309e-01,nan,nan,nan,nan
3729,93.225,4.799981618e-01,4.356510864e-01,nan,nan,nan,nan
3730,93.25,4.786555318e-01,4.344183242e-01,nan,nan,nan,nan
3731,93.275,4.797110862e-01,4.346052261e-01,nan,nan,nan,nan
3732,93.3,4.783189685e-01,4.349466697e-01,nan,nan,nan,nan
3733,93.325,4.790387742e-01,4.336289859e-01,nan,nan,nan,nan
3734,93.35,4.775972233e-01,4.351255284e-01,nan,nan,nan,nan
3735,93.375,4.779817831e-01,4.337629602e-01,nan,nan,nan,nan
3736,93.4,4.780203383e-01,4.349547644e-01,nan,nan,nan,nan
3737,93.425,4.766747889e-01,4.335473143e-01,nan,nan,nan,nan
3738,93.45,4.783137042e-01,4.344345270e-01,nan,nan,nan,nan
3739,93.475,4.769184255e-01,4.329822353e-01,nan,nan,nan,nan
3740,93.5,4.782215843e-01,4.335652505e-01,nan,nan,nan,nan
3741,93.525,4.767765691e-01,4.329999603e-01,nan,nan,nan,nan
3742,93.55,4.777440646e-01,4.323476535e-01,nan,nan,nan,nan
3743,93.575,4.762493473e-01,4.333556504e-01,nan,nan,nan,nan
3744,93.6,4.768815453e-01,4.319518254e-01,nan,nan,nan,nan
3745,93.625,4.759479669e-01,4.333617483e-01,nan,nan,nan,nan
3746,93.65,4.756347406e-01,4.319127887e-01,nan,nan,nan,nan
3747,93.675,4.764359489e-01,4.330182606e-01,nan,nan,nan,nan
3748,93.7,4.750143800e-01,4.315241886e-01,nan,nan,nan,nan
3749,93.725,4.765385187e-01,4.323254790e-01,nan,nan,nan,nan
3750,93.75,4.750669551e-01,4.308869964e-01,nan,nan,nan,nan
3751,93.775,4.762556049e-01,4.312839803e-01,nan,nan,nan,nan
3752,93.8,4.747340612e-01,4.314191447e-01,nan,nan,nan,nan
3753,93.825,4.755874508e-01,4.300007291e-01,nan,nan,nan,nan
3754,93.85,4.740159830e-01,4.316018035e-01,nan,nan,nan,nan
3755,93.875,4.745346134e-01,4.301379934e-01,nan,nan,nan,nan
3756,93.9,4.743985737e-01,4.314348372e-01,nan,nan,nan,nan
3757,93.925,4.730979639e-01,4.299256366e-01,nan,nan,nan,nan
3758,93.95,4.746954984e-01,4.309183947e-01,nan,nan,nan,nan
3759,93.975,4.732246192e-01,4.293638457e-01,nan,nan,nan,nan
3760,94,4.746069357e-01,4.300529104e-01,nan,nan,nan,nan
3761,94.025,4.730857940e-01,4.293500459e-01,nan,nan,nan,nan
3762,94.05,4.741329714e-01,4.288391031e-01,nan,nan,nan,nan
3763,94.075,4.725616033e-01,4.297089039e-01,nan,nan,nan,nan
3764,94.1,4.732740058e-01,4.282575267e-01,nan,nan,nan,nan
3765,94.125,4.722363055e-01,4.297181693e-01,nan,nan,nan,nan
3766,94.15,4.720307530e-01,4.282211214e-01,nan,nan,nan,nan
3767,94.175,4.727271883e-01,4.293778488e-01,nan,nan,nan,nan
3768,94.2,4.712846024e-01,4.278351540e-01,nan,nan,nan,nan
3769,94.225,4.728326594e-01,4.286882340e-01,nan,nan,nan,nan
3770,94.25,4.713395297e-01,4.271831040e-01,nan,nan,nan,nan
3771,94.275,4.725526476e-01,4.276499016e-01,nan,nan,nan,nan
3772,94.3,4.710089900e-01,4.277177443e-01,nan,nan,nan,nan
3773,94.325,4.718873958e-01,4.263062004e-01,nan,nan,nan,nan
3774,94.35,4.702932682e-01,4.279028972e-01,nan,nan,nan,nan
3775,94.375,4.708374615e-01,4.264454053e-01,nan,nan,nan,nan
3776,94.4,4.706686623e-01,4.277384267e-01,nan,nan,nan,nan
3777,94.425,4.694037153e-01,4.262349925e-01,nan,nan,nan,nan
3778,94.45,4.709677944e-01,4.272244819e-01,nan,nan,nan,nan
3779,94.475,4.695301542e-01,4.256751489e-01,nan,nan,nan,nan
3780,94.5,4.708814419e-01,4.263614970e-01,nan,nan,nan,nan
3781,94.525,4.693929787e-01,4.256630954e-01,nan,nan,nan,nan
3782,94.55,4.704096906e-01,4.251501908e-01,nan,nan,nan,nan
3783,94.575,4.688704419e-01,4.260237433e-01,nan,nan,nan,nan
3784,94.6,4.695529406e-01,4.246328230e-01,nan,nan,nan,nan
3785,94.625,4.685547513e-01,4.260348027e-01,nan,nan,nan,nan
3786,94.65,4.683119061e-01,4.245976529e-01,nan,nan,nan,nan
3787,94.675,4.690471228e-01,4.256962801e-01,nan,nan,nan,nan
3788,94.7,4.676918063e-01,4.242129260e-01,nan,nan,nan,nan
3789,94.725,4.691540876e-01,4.250084672e-01,nan,nan,nan,nan
3790,94.75,4.677476644e-01,4.235791572e-01,nan,nan,nan,nan
3791,94.775,4.688755742e-01,4.239719405e-01,nan,nan,nan,nan
3792,94.8,4.674180617e-01,4.241148667e-01,nan,nan,nan,nan
3793,94.825,4.682118257e-01,4.228166437e-01,nan,nan,nan,nan
3794,94.85,4.667032830e-01,4.243010946e-01,nan,nan,nan,nan
3795,94.875,4.671633993e-01,4.229563682e-01,nan,nan,nan,nan
3796,94.9,4.671045448e-01,4.241377050e-01,nan,nan,nan,nan
3797,94.925,4.658572448e-01,4.227464822e-01,nan,nan,nan,nan
3798,94.95,4.674044427e-01,4.236248471e-01,nan,nan,nan,nan
3799,94.975,4.661057688e-01,4.221871726e-01,nan,nan,nan,nan
3800,95,4.673188627e-01,4.227629549e-01,nan,nan,nan,nan
3801,95.025,4.659688122e-01,4.222092297e-01,nan,nan,nan,nan
3802,95.05,4.668478907e-01,4.215527472e-01,nan,nan,nan,nan
3803,95.075,4.654465022e-01,4.225702301e-01,nan,nan,nan,nan
3804,95.1,4.659919267e-01,4.213426966e-01,nan,nan,nan,nan
3805,95.125,4.651724513e-01,4.225816496e-01,nan,nan,nan,nan
3806,95.15,4.647516847e-01,4.213073458e-01,nan,nan,nan,nan
3807,95.175,4.656648629e-01,4.222434949e-01,nan,nan,nan,nan
3808,95.2,4.644980346e-01,4.209224470e-01,nan,nan,nan,nan
3809,95.225,4.657718764e-01,4.215560575e-01,nan,nan,nan,nan
3810,95.25,4.645534053e-01,4.203379893e-01,nan,nan,nan,nan
3811,95.275,4.654934201e-01,4.205199139e-01,nan,nan,nan,nan
3812,95.3,4.642233248e-01,4.208733381e-01,nan,nan,nan,nan
3813,95.325,4.648297372e-01,4.197859381e-01,nan,nan,nan,nan
3814,95.35,4.635080778e-01,4.210592147e-01,nan,nan,nan,nan
3815,95.375,4.637813847e-01,4.202190639e-01,nan,nan,nan,nan
3816,95.4,4.639656041e-01,4.208954831e-01,nan,nan,nan,nan
3817,95.425,4.639993718e-01,4.204223879e-01,nan,nan,nan,nan
3818,95.45,4.642648419e-01,4.203822925e-01,nan,nan,nan,nan
3819,95.475,4.647046121e-01,4.202761764e-01,nan,nan,nan,nan
3820,95.5,4.641786118e-01,4.196358894e-01,nan,nan,nan,nan
3821,95.525,4.650247307e-01,4.197805460e-01,nan,nan,nan,nan
3822,95.55,4.638570342e-01,4.207100324e-01,nan,nan,nan,nan
3823,95.575,4.649594630e-01,4.201724516e-01,nan,nan,nan,nan
3824,95.6,4.637441798e-01,4.214355994e-01,nan,nan,nan,nan
3825,95.625,4.645088588e-01,4.205963480e-01,nan,nan,nan,nan
3826,95.65,4.650243065e-01,4.218119944e-01,nan,nan,nan,nan
3827,95.675,4.645800016e-01,4.206707837e-01,nan,nan,nan,nan
3828,95.7,4.659203003e-01,4.218389060e-01,nan,nan,nan,nan
3829,95.725,4.651433232e-01,4.205414147e-01,nan,nan,nan,nan
3830,95.75,4.664314257e-01,4.215163081e-01,nan,nan,nan,nan
3831,95.775,4.653213903e-01,4.217880119e-01,nan,nan,nan,nan
3832,95.8,4.665572608e-01,4.213051345e-01,nan,nan,nan,nan
3833,95.825,4.651140537e-01,4.226864404e-01,nan,nan,nan,nan
3834,95.85,4.662976982e-01,4.219020071e-01,nan,nan,nan,nan
3835,95.875,4.660604905e-01,4.232359620e-01,nan,nan,nan,nan
3836,95.9,4.656979672e-01,4.221495610e-01,nan,nan,nan,nan
3837,95.925,4.671472004e-01,4.234361229e-01,nan,nan,nan,nan
3838,95.95,4.664521688e-01,4.220475896e-01,nan,nan,nan,nan
3839,95.975,4.678493728e-01,4.232867543e-01,nan,nan,nan,nan
3840,96,4.668213112e-01,4.228696378e-01,nan,nan,nan,nan
3841,96.025,4.681664288e-01,4.227879725e-01,nan,nan,nan,nan
3842,96.05,4.668050881e-01,4.239409025e-01,nan,nan,nan,nan
3843,96.075,4.680981039e-01,4.232362536e-01,nan,nan,nan,nan
3844,96.1,4.670762178e-01,4.246635959e-01,nan,nan,nan,nan
3845,96.125,4.676444477e-01,4.236570150e-01,nan,nan,nan,nan
3846,96.15,4.683535909e-01,4.250371217e-01,nan,nan,nan,nan
3847,96.175,4.677662944e-01,4.237283212e-01,nan,nan,nan,nan
3848,96.2,4.692468352e-01,4.250611687e-01,nan,nan,nan,nan
3849,96.225,4.683265887e-01,4.239226324e-01,nan,nan,nan,nan
3850,96.25,4.697552149e-01,4.247357107e-01,nan,nan,nan,nan
3851,96.275,4.685016335e-01,4.251666942e-01,nan,nan,nan,nan
3852,96.3,4.698783084e-01,4.245680667e-01,nan,nan,nan,nan
3853,96.325,4.682912797e-01,4.260625905e-01,nan,nan,nan,nan
3854,96.35,4.696160080e-01,4.251621139e-01,nan,nan,nan,nan
3855,96.375,4.695064429e-01,4.266095830e-01,nan,nan,nan,nan
3856,96.4,4.690536952e-01,4.254068467e-01,nan,nan,nan,nan
3857,96.425,4.705907649e-01,4.268072179e-01,nan,nan,nan,nan
3858,96.45,4.698052020e-01,4.253020584e-01,nan,nan,nan,nan
3859,96.475,4.712905520e-01,4.266553265e-01,nan,nan,nan,nan
3860,96.5,4.701716532e-01,4.263305431e-01,nan,nan,nan,nan
3861,96.525,4.716052253e-01,4.261540252e-01,nan,nan,nan,nan
3862,96.55,4.701527426e-01,4.273996560e-01,nan,nan,nan,nan
3863,96.575,4.715345203e-01,4.266323328e-01,nan,nan,nan,nan
3864,96.6,4.705720598e-01,4.281201992e-01,nan,nan,nan,nan
3865,96.625,4.710784866e-01,4.270506264e-01,nan,nan,nan,nan
3866,96.65,4.718474426e-01,4.284915766e-01,nan,nan,nan,nan
3867,96.675,4.712239388e-01,4.271194677e-01,nan,nan,nan,nan
3868,96.7,4.727386976e-01,4.285134769e-01,nan,nan,nan,nan
3869,96.725,4.717819151e-01,4.273988404e-01,nan,nan,nan,nan
3870,96.75,4.732450894e-01,4.281858741e-01,nan,nan,nan,nan
3871,96.775,4.719546441e-01,4.286411616e-01,nan,nan,nan,nan
3872,96.8,4.733661960e-01,4.280342822e-01,nan,nan,nan,nan
3873,96.825,4.717419768e-01,4.295353177e-01,nan,nan,nan,nan
3874,96.85,4.731019100e-01,4.286262525e-01,nan,nan,nan,nan
3875,96.875,4.729831289e-01,4.300805703e-01,nan,nan,nan,nan
3876,96.9,4.725490370e-01,4.288689098e-01,nan,nan,nan,nan
3877,96.925,4.740658854e-01,4.302764658e-01,nan,nan,nan,nan
3878,96.95,4.732986331e-01,4.287620474e-01,nan,nan,nan,nan
3879,96.975,4.747641068e-01,4.301228353e-01,nan,nan,nan,nan
3880,97,4.736631745e-01,4.297537849e-01,nan,nan,nan,nan
3881,97.025,4.750772142e-01,4.296197952e-01,nan,nan,nan,nan
3882,97.05,4.736423549e-01,4.308215902e-01,nan,nan,nan,nan
3883,97.075,4.750049431e-01,4.301000933e-01,nan,nan,nan,nan
3884,97.1,4.739647152e-01,4.315408247e-01,nan,nan,nan,nan
3885,97.125,4.745473431e-01,4.305167303e-01,nan,nan,nan,nan
3886,97.15,4.752389754e-01,4.319108925e-01,nan,nan,nan,nan
3887,97.175,4.746881187e-01,4.305839149e-01,nan,nan,nan,nan
3888,97.2,4.761291063e-01,4.319314823e-01,nan,nan,nan,nan
3889,97.225,4.752446171e-01,4.307051530e-01,nan,nan,nan,nan
3890,97.25,4.766343722e-01,4.316025680e-01,nan,nan,nan,nan
3891,97.275,4.754158678e-01,4.319466135e-01,nan,nan,nan,nan
3892,97.3,4.767543516e-01,4.314389406e-01,nan,nan,nan,nan
3893,97.325,4.752017215e-01,4.328399064e-01,nan,nan,nan,nan
3894,97.35,4.764889368e-01,4.320296941e-01,nan,nan,nan,nan
3895,97.375,4.762260909e-01,4.333842937e-01,nan,nan,nan,nan
3896,97.4,4.759174281e-01,4.322711332e-01,nan,nan,nan,nan
3897,97.425,4.773081755e-01,4.335793215e-01,nan,nan,nan,nan
3898,97.45,4.766659958e-01,4.321630514e-01,nan,nan,nan,nan
3899,97.475,4.780057219e-01,4.334248211e-01,nan,nan,nan,nan
3900,97.5,4.770295069e-01,4.328795522e-01,nan,nan,nan,nan
3901,97.525,4.783181517e-01,4.329209089e-01,nan,nan,nan,nan
3902,97.55,4.770076551e-01,4.339469456e-01,nan,nan,nan,nan
3903,97.575,4.782452000e-01,4.333756232e-01,nan,nan,nan,nan
3904,97.6,4.769972304e-01,4.346657647e-01,nan,nan,nan,nan
3905,97.625,4.777869167e-01,4.337914929e-01,nan,nan,nan,nan
3906,97.65,4.782712727e-01,4.350354137e-01,nan,nan,nan,nan
3907,97.675,4.778957077e-01,4.338579078e-01,nan,nan,nan,nan
3908,97.7,4.791611816e-01,4.350555811e-01,nan,nan,nan,nan
3909,97.725,4.784516327e-01,4.335917291e-01,nan,nan,nan,nan
3910,97.75,4.796662216e-01,4.347262409e-01,nan,nan,nan,nan
3911,97.775,4.786223067e-01,4.348332262e-01,nan,nan,nan,nan
3912,97.8,4.797859710e-01,4.345240125e-01,nan,nan,nan,nan
3913,97.825,4.784075807e-01,4.357265511e-01,nan,nan,nan,nan
3914,97.85,4.795203223e-01,4.351144537e-01,nan,nan,nan,nan
3915,97.875,4.789908010e-01,4.362709657e-01,nan,nan,nan,nan
3916,97.9,4.789041272e-01,4.353555766e-01,nan,nan,nan,nan
3917,97.925,4.800731103e-01,4.364660162e-01,nan,nan,nan,nan
3918,97.95,4.796525784e-01,4.352471749e-01,nan,nan,nan,nan
3919,97.975,4.807708763e-01,4.363115339e-01,nan,nan,nan,nan
3920,98,4.800159686e-01,4.354727344e-01,nan,nan,nan,nan
3921,98.025,4.810835205e-01,4.358076353e-01,nan,nan,nan,nan
3922,98.05,4.799939916e-01,4.365405962e-01,nan,nan,nan,nan
3923,98.075,4.810107783e-01,4.362117266e-01,nan,nan,nan,nan
3924,98.1,4.795866556e-01,4.372598782e-01,nan,nan,nan,nan
3925,98.125,4.805526995e-01,4.366277293e-01,nan,nan,nan,nan
3926,98.15,4.807168336e-01,4.376299843e-01,nan,nan,nan,nan
3927,98.175,4.806052160e-01,4.366942723e-01,nan,nan,nan,nan
3928,98.2,4.816073934e-01,4.376506033e-01,nan,nan,nan,nan
3929,98.225,4.811614677e-01,4.364112915e-01,nan,nan,nan,nan
3930,98.25,4.821130782e-01,4.373217091e-01,nan,nan,nan,nan
3931,98.275,4.813324631e-01,4.370850367e-01,nan,nan,nan,nan
3932,98.3,4.822334663e-01,4.370578130e-01,nan,nan,nan,nan
3933,98.325,4.811180531e-01,4.379792414e-01,nan,nan,nan,nan
3934,98.35,4.819684504e-01,4.376488235e-01,nan,nan,nan,nan
3935,98.375,4.810711122e-01,4.385245291e-01,nan,nan,nan,nan
3936,98.4,4.813182374e-01,4.378905099e-01,nan,nan,nan,nan
3937,98.425,4.821544816e-01,4.387204463e-01,nan,nan,nan,nan
3938,98.45,4.820346806e-01,4.377826658e-01,nan,nan,nan,nan
3939,98.475,4.828533009e-01,4.385668243e-01,nan,nan,nan,nan
3940,98.5,4.823988226e-01,4.373406353e-01,nan,nan,nan,nan
3941,98.525,4.831669916e-01,4.380637796e-01,nan,nan,nan,nan
3942,98.55,4.823775911e-01,4.384097679e-01,nan,nan,nan,nan
3943,98.575,4.830952890e-01,4.383965866e-01,nan,nan,nan,nan
3944,98.6,4.819709943e-01,4.391303134e-01,nan,nan,nan,nan
3945,98.625,4.826382429e-01,4.388135678e-01,nan,nan,nan,nan
3946,98.65,4.823946819e-01,4.395016758e-01,nan,nan,nan,nan
3947,98.675,4.826149899e-01,4.388810826e-01,nan,nan,nan,nan
3948,98.7,4.832866746e-01,4.395235439e-01,nan,nan,nan,nan
3949,98.725,4.831723999e-01,4.385990669e-01,nan,nan,nan,nan
3950,98.75,4.837937848e-01,4.391958917e-01,nan,nan,nan,nan
3951,98.775,4.833445467e-01,4.385361550e-01,nan,nan,nan,nan
3952,98.8,4.839155908e-01,4.388524358e-01,nan,nan,nan,nan
3953,98.825,4.831312810e-01,4.394319812e-01,nan,nan,nan,nan
3954,98.85,4.836519853e-01,4.394448123e-01,nan,nan,nan,nan
3955,98.875,4.825327682e-01,4.399788827e-01,nan,nan,nan,nan
3956,98.9,4.830031752e-01,4.396878573e-01,nan,nan,nan,nan
3957,98.925,4.833998410e-01,4.401764059e-01,nan,nan,nan,nan
3958,98.95,4.836364148e-01,4.395813643e-01,nan,nan,nan,nan
3959,98.975,4.841004297e-01,4.400243821e-01,nan,nan,nan,nan
3960,99,4.840020835e-01,4.391254121e-01,nan,nan,nan,nan
3961,99.025,4.844158816e-01,4.395229278e-01,nan,nan,nan,nan
3962,99.05,4.839823709e-01,4.394184435e-01,nan,nan,nan,nan
3963,99.075,4.843459322e-01,4.397696444e-01,nan,nan,nan,nan
3964,99.1,4.835772853e-01,4.401409222e-01,nan,nan,nan,nan
3965,99.125,4.838906313e-01,4.401883370e-01,nan,nan,nan,nan
3966,99.15,4.833173372e-01,4.405142095e-01,nan,nan,nan,nan
3967,99.175,4.837782890e-01,4.402575552e-01,nan,nan,nan,nan
3968,99.2,4.840779091e-01,4.405379944e-01,nan,nan,nan,nan
3969,99.225,4.843375642e-01,4.399772350e-01,nan,nan,nan,nan
3970,99.25,4.845870835e-01,4.402122507e-01,nan,nan,nan,nan
3971,99.275,4.845115679e-01,4.394128910e-01,nan,nan,nan,nan
3972,99.3,4.847109453e-01,4.397777700e-01,nan,nan,nan,nan
3973,99.325,4.843001509e-01,4.400526256e-01,nan,nan,nan,nan
3974,99.35,4.844493872e-01,4.403721710e-01,nan,nan,nan,nan
3975,99.375,4.837034787e-01,4.405302186e-01,nan,nan,nan,nan
3976,99.4,4.838026161e-01,4.406172322e-01,nan,nan,nan,nan
3977,99.425,4.840970716e-01,4.407299343e-01,nan,nan,nan,nan
3978,99.45,4.843427820e-01,4.405127470e-01,nan,nan,nan,nan
3979,99.475,4.845149805e-01,4.405800946e-01,nan,nan,nan,nan
3980,99.5,4.847106034e-01,4.400587942e-01,nan,nan,nan,nan
3981,99.525,4.847424429e-01,4.400808159e-01,nan,nan,nan,nan
3982,99.55,4.846930351e-01,4.400822284e-01,nan,nan,nan,nan
3983,99.575,4.846747983e-01,4.402807930e-01,nan,nan,nan,nan
3984,99.6,4.842900854e-01,4.405484948e-01,nan,nan,nan,nan
3985,99.625,4.842217937e-01,4.406544747e-01,nan,nan,nan,nan
3986,99.65,4.840020626e-01,4.406653112e-01,nan,nan,nan,nan
3987,99.675,4.843560615e-01,4.407259686e-01,nan,nan,nan,nan
3988,99.7,4.845478079e-01,4.406241846e-01,nan,nan,nan,nan
3989,99.725,4.846325671e-01,4.404479158e-01,nan,nan,nan,nan
3990,99.75,4.847742441e-01,4.403008452e-01,nan,nan,nan,nan
3991,99.775,4.847521794e-01,4.400706293e-01,nan,nan,nan,nan
3992,99.8,4.846152559e-01,4.403317073e-01,nan,nan,nan,nan
3993,99.825,4.845431472e-01,4.404540276e-01,nan,nan,nan,nan
3994,99.85,4.843077961e-01,4.406697964e-01,nan,nan,nan,nan
3995,99.875,4.840347596e-01,4.407237220e-01,nan,nan,nan,nan
3996,99.9,4.842548387e-01,4.406583641e-01,nan,nan,nan,nan
3997,99.925,4.845551452e-01,4.406669943e-01,nan,nan,nan,nan
3998,99.95,4.846928961e-01,4.405135082e-01,nan,nan,nan,nan
3999,99.975,4.846902264e-01,4.402607667e-01,nan,nan,nan,nan
4000,100,4.847779304e-01,4.400620339e-01,nan,nan,nan,nan
4001,100.025,4.847020371e-01,4.403170498e-01,nan,nan,nan,nan
4002,100.05,4.844775482e-01,4.405261086e-01,nan,nan,nan,nan
4003,100.075,4.843516478e-01,4.405732746e-01,nan,nan,nan,nan
4004,100.1,4.840630953e-01,4.407359922e-01,nan,nan,nan,nan
4005,100.125,4.843151879e-01,4.407378994e-01,nan,nan,nan,nan
4006,100.15,4.844489312e-01,4.405963212e-01,nan,nan,nan,nan
4007,100.175,4.846942243e-01,4.405529643e-01,nan,nan,nan,nan
4008,100.2,4.847779696e-01,4.403479168e-01,nan,nan,nan,nan
4009,100.225,4.846983372e-01,4.400319845e-01,nan,nan,nan,nan
4010,100.25,4.847216014e-01,4.402342075e-01,nan,nan,nan,nan
4011,100.275,4.845919777e-01,4.405083591e-01,nan,nan,nan,nan
4012,100.3,4.843003714e-01,4.406653483e-01,nan,nan,nan,nan
4013,100.325,4.841002776e-01,4.406605325e-01,nan,nan,nan,nan
4014,100.35,4.842929485e-01,4.407470124e-01,nan,nan,nan,nan
4015,100.375,4.845355602e-01,4.406969592e-01,nan,nan,nan,nan
4016,100.4,4.846152930e-01,4.404857202e-01,nan,nan,nan,nan
4017,100.425,4.847732155e-01,4.403838451e-01,nan,nan,nan,nan
4018,100.45,4.848029667e-01,4.401273994e-01,nan,nan,nan,nan
4019,100.475,4.846696938e-01,4.402962627e-01,nan,nan,nan,nan
4020,100.5,4.846052110e-01,4.404463740e-01,nan,nan,nan,nan
4021,100.525,4.844219773e-01,4.406444665e-01,nan,nan,nan,nan
4022,100.55,4.840775527e-01,4.407493566e-01,nan,nan,nan,nan
4023,100.575,4.842142004e-01,4.406926347e-01,nan,nan,nan,nan
4024,100.6,4.845071811e-01,4.407028017e-01,nan,nan,nan,nan
4025,100.625,4.846957928e-01,4.406008675e-01,nan,nan,nan,nan
4026,100.65,4.847215437e-01,4.403383778e-01,nan,nan,nan,nan
4027,100.675,4.847920513e-01,4.401596174e-01,nan,nan,nan,nan
4028,100.7,4.847678412e-01,4.402464570e-01,nan,nan,nan,nan
4029,100.725,4.845810651e-01,4.405052904e-01,nan,nan,nan,nan
4030,100.75,4.844287290e-01,4.406032780e-01,nan,nan,nan,nan
4031,100.775,4.841920270e-01,4.407252958e-01,nan,nan,nan,nan
4032,100.8,4.842710531e-01,4.407780787e-01,nan,nan,nan,nan
4033,100.825,4.844555540e-01,4.406695477e-01,nan,nan,nan,nan
4034,100.85,4.846612635e-01,4.406033196e-01,nan,nan,nan,nan
4035,100.875,4.847958181e-01,4.404496054e-01,nan,nan,nan,nan
4036,100.9,4.847676368e-01,4.401360676e-01,nan,nan,nan,nan
4037,100.925,4.847506796e-01,4.402177278e-01,nan,nan,nan,nan
4038,100.95,4.846725625e-01,4.404522387e-01,nan,nan,nan,nan
4039,100.975,4.844324422e-01,4.406589912e-01,nan,nan,nan,nan
4040,101,4.841921407e-01,4.407048649e-01,nan,nan,nan,nan
4041,101.025,4.842141761e-01,4.407507850e-01,nan,nan,nan,nan
4042,101.05,4.845062812e-01,4.407514744e-01,nan,nan,nan,nan
4043,101.075,4.846366743e-01,4.405912530e-01,nan,nan,nan,nan
4044,101.1,4.847551211e-01,4.404485404e-01,nan,nan,nan,nan
4045,101.125,4.848355834e-01,4.402431686e-01,nan,nan,nan,nan
4046,101.15,4.847535419e-01,4.402444161e-01,nan,nan,nan,nan
4047,101.175,4.846490638e-01,4.404441860e-01,nan,nan,nan,nan
4048,101.2,4.845171159e-01,4.406027053e-01,nan,nan,nan,nan
4049,101.225,4.842238318e-01,4.407573025e-01,nan,nan,nan,nan
4050,101.25,4.841884590e-01,4.407510945e-01,nan,nan,nan,nan
4051,101.275,4.844431585e-01,4.407208857e-01,nan,nan,nan,nan
4052,101.3,4.846812386e-01,4.406695179e-01,nan,nan,nan,nan
4053,101.325,4.847575077e-01,4.404577467e-01,nan,nan,nan,nan
4054,101.35,4.847886926e-01,4.402384525e-01,nan,nan,nan,nan
4055,101.375,4.848150509e-01,4.401606095e-01,nan,nan,nan,nan
4056,101.4,4.846792435e-01,4.404676806e-01,nan,nan,nan,nan
4057,101.425,4.844871816e-01,4.406152285e-01,nan,nan,nan,nan
4058,101.45,4.843015019e-01,4.406977835e-01,nan,nan,nan,nan
4059,101.475,4.842105395e-01,4.408001750e-01,nan,nan,nan,nan
4060,101.5,4.844443958e-01,4.407419408e-01,nan,nan,nan,nan
4061,101.525,4.846119054e-01,4.406355627e-01,nan,nan,nan,nan
4062,101.55,4.847958615e-01,4.405321972e-01,nan,nan,nan,nan
4063,101.575,4.848180144e-01,4.402690396e-01,nan,nan,nan,nan
4064,101.6,4.847619293e-01,4.401841430e-01,nan,nan,nan,nan
4065,101.625,4.847341962e-01,4.403805395e-01,nan,nan,nan,nan
4066,101.65,4.845447411e-01,4.406355077e-01,nan,nan,nan,nan
4067,101.675,4.842650244e-01,4.407308039e-01,nan,nan,nan,nan
4068,101.7,4.841204161e-01,4.407374107e-01,nan,nan,nan,nan
4069,101.725,4.844603290e-01,4.407875710e-01,nan,nan,nan,nan
4070,101.75,4.846399727e-01,4.406773903e-01,nan,nan,nan,nan
4071,101.775,4.847203379e-01,4.404947924e-01,nan,nan,nan,nan
4072,101.8,4.848500972e-01,4.403395130e-01,nan,nan,nan,nan
4073,101.825,4.848181675e-01,4.401767159e-01,nan,nan,nan,nan
4074,101.85,4.846747942e-01,4.404245992e-01,nan,nan,nan,nan
4075,101.875,4.845930080e-01,4.405450755e-01,nan,nan,nan,nan
4076,101.9,4.843500478e-01,4.407478313e-01,nan,nan,nan,nan
4077,101.925,4.841457999e-01,4.407908720e-01,nan,nan,nan,nan
4078,101.95,4.843638866e-01,4.407215345e-01,nan,nan,nan,nan
4079,101.975,4.846497520e-01,4.407194642e-01,nan,nan,nan,nan
4080,102,4.847751325e-01,4.405574422e-01,nan,nan,nan,nan
4081,102.025,4.847683870e-01,4.402985623e-01,nan,nan,nan,nan
4082,102.05,4.848439039e-01,4.400914784e-01,nan,nan,nan,nan
4083,102.075,4.847579516e-01,4.404139482e-01,nan,nan,nan,nan
4084,102.1,4.845272607e-01,4.406095194e-01,nan,nan,nan,nan
4085,102.125,4.843914862e-01,4.406541333e-01,nan,nan,nan,nan
4086,102.15,4.841345361e-01,4.408045943e-01,nan,nan,nan,nan
4087,102.175,4.844160806e-01,4.407954028e-01,nan,nan,nan,nan
4088,102.2,4.845470434e-01,4.406501117e-01,nan,nan,nan,nan
4089,102.225,4.847787328e-01,4.405958384e-01,nan,nan,nan,nan
4090,102.25,4.848498277e-01,4.403821062e-01,nan,nan,nan,nan
4091,102.275,4.847597505e-01,4.401341919e-01,nan,nan,nan,nan
4092,102.3,4.847772494e-01,4.403224471e-01,nan,nan,nan,nan
4093,102.325,4.846373622e-01,4.405956411e-01,nan,nan,nan,nan
4094,102.35,4.843376882e-01,4.407388414e-01,nan,nan,nan,nan
4095,102.375,4.841296414e-01,4.407225262e-01,nan,nan,nan,nan
4096,102.4,4.843986296e-01,4.408057483e-01,nan,nan,nan,nan
4097,102.425,4.846258809e-01,4.407443754e-01,nan,nan,nan,nan
4098,102.45,4.846924988e-01,4.405241194e-01,nan,nan,nan,nan
4099,102.475,4.848472039e-01,4.404166864e-01,nan,nan,nan,nan
4100,102.5,4.848640200e-01,4.401514025e-01,nan,nan,nan,nan
4101,102.525,4.847200952e-01,4.403883841e-01,nan,nan,nan,nan
4102,102.55,4.846501101e-01,4.405242257e-01,nan,nan,nan,nan
4103,102.575,4.844564042e-01,4.407217120e-01,nan,nan,nan,nan
4104,102.6,4.841037689e-01,4.408125111e-01,nan,nan,nan,nan
4105,102.625,4.843098007e-01,4.407440697e-01,nan,nan,nan,nan
4106,102.65,4.843719051e-01,4.407512526e-01,nan,nan,nan,nan
4107,102.675,4.847751260e-01,4.406377777e-01,nan,nan,nan,nan
4108,102.7,4.847874805e-01,4.403661203e-01,nan,nan,nan,nan
4109,102.725,4.848551057e-01,4.401820097e-01,nan,nan,nan,nan
4110,102.75,4.848176790e-01,4.401607476e-01,nan,nan,nan,nan
4111,102.775,4.846200469e-01,4.401302551e-01,nan,nan,nan,nan
4112,102.8,4.844624707e-01,4.406703279e-01,nan,nan,nan,nan
4113,102.825,4.842150913e-01,4.405948687e-01,nan,nan,nan,nan
4114,102.85,4.838880896e-01,4.408304823e-01,nan,nan,nan,nan
4115,102.875,4.837860675e-01,4.407100183e-01,nan,nan,nan,nan
4116,102.9,4.845475938e-01,4.406410747e-01,nan,nan,nan,nan
4117,102.925,4.843958939e-01,4.404756057e-01,nan,nan,nan,nan
4118,102.95,4.848219010e-01,4.401527569e-01,nan,nan,nan,nan
4119,102.975,4.846204713e-01,4.398918178e-01,nan,nan,nan,nan
4120,103,4.847107824e-01,4.395240169e-01,nan,nan,nan,nan
4121,103.025,4.844596127e-01,4.402967698e-01,nan,nan,nan,nan
4122,103.05,4.842143239e-01,4.400578796e-01,nan,nan,nan,nan
4123,103.075,4.839134455e-01,4.406333331e-01,nan,nan,nan,nan
4124,103.1,4.834556546e-01,4.403494787e-01,nan,nan,nan,nan
4125,103.125,4.839889783e-01,4.406203621e-01,nan,nan,nan,nan
4126,103.15,4.836778455e-01,4.402915245e-01,nan,nan,nan,nan
4127,103.175,4.844576340e-01,4.402578631e-01,nan,nan,nan,nan
4128,103.2,4.840968070e-01,4.398840612e-01,nan,nan,nan,nan
4129,103.225,4.845409342e-01,4.395461278e-01,nan,nan,nan,nan
4130,103.25,4.841303822e-01,4.396050969e-01,nan,nan,nan,nan
4131,103.275,4.842388075e-01,4.392091594e-01,nan,nan,nan,nan
4132,103.3,4.837785413e-01,4.401180588e-01,nan,nan,nan,nan
4133,103.325,4.835514967e-01,4.396771811e-01,nan,nan,nan,nan
4134,103.35,4.831055651e-01,4.402815854e-01,nan,nan,nan,nan
4135,103.375,4.826431417e-01,4.397957299e-01,nan,nan,nan,nan
4136,103.4,4.837685179e-01,4.400955405e-01,nan,nan,nan,nan
4137,103.425,4.832564204e-01,4.395647074e-01,nan,nan,nan,nan
4138,103.45,4.840462642e-01,4.395600732e-01,nan,nan,nan,nan
4139,103.475,4.834844412e-01,4.389843007e-01,nan,nan,nan,nan
4140,103.5,4.839385755e-01,4.386756177e-01,nan,nan,nan,nan
4141,103.525,4.833270172e-01,4.392930658e-01,nan,nan,nan,nan
4142,103.55,4.834455374e-01,4.387049592e-01,nan,nan,nan,nan
4143,103.575,4.827842759e-01,4.396330823e-01,nan,nan,nan,nan
4144,103.6,4.825675502e-01,4.389999874e-01,nan,nan,nan,nan
4145,103.625,4.827651334e-01,4.396235555e-01,nan,nan,nan,nan
4146,103.65,4.821132507e-01,4.389454539e-01,nan,nan,nan,nan
4147,103.675,4.832372807e-01,4.392644918e-01,nan,nan,nan,nan
4148,103.7,4.825356572e-01,4.385414029e-01,nan,nan,nan,nan
4149,103.725,4.833240637e-01,4.385561828e-01,nan,nan,nan,nan
4150,103.75,4.825726691e-01,4.381710024e-01,nan,nan,nan,nan
4151,103.775,4.830254110e-01,4.374992050e-01,nan,nan,nan,nan
4152,103.8,4.822242567e-01,4.386874329e-01,nan,nan,nan,nan
4153,103.825,4.823415655e-01,4.379201114e-01,nan,nan,nan,nan
4154,103.85,4.814907047e-01,4.388544197e-01,nan,nan,nan,nan
4155,103.875,4.812730844e-01,4.380420473e-01,nan,nan,nan,nan
4156,103.9,4.821286456e-01,4.386718267e-01,nan,nan,nan,nan
4157,103.925,4.813018247e-01,4.378144043e-01,nan,nan,nan,nan
4158,103.95,4.824098620e-01,4.381398031e-01,nan,nan,nan,nan
4159,103.975,4.815332207e-01,4.372373693e-01,nan,nan,nan,nan
4160,104,4.823056353e-01,4.372587828e-01,nan,nan,nan,nan
4161,104.025,4.813791644e-01,4.374612064e-01,nan,nan,nan,nan
4162,104.05,4.818160512e-01,4.365756496e-01,nan,nan,nan,nan
4163,104.075,4.808397835e-01,4.378046348e-01,nan,nan,nan,nan
4164,104.1,4.809415099e-01,4.368739694e-01,nan,nan,nan,nan
4165,104.125,4.807388816e-01,4.377985122e-01,nan,nan,nan,nan
4166,104.15,4.798043133e-01,4.368227205e-01,nan,nan,nan,nan
4167,104.175,4.812144222e-01,4.374428452e-01,nan,nan,nan,nan
4168,104.2,4.802299720e-01,4.364219473e-01,nan,nan,nan,nan
4169,104.225,4.813045913e-01,4.367379254e-01,nan,nan,nan,nan
4170,104.25,4.802702297e-01,4.359746332e-01,nan,nan,nan,nan
4171,104.275,4.810093174e-01,4.356843293e-01,nan,nan,nan,nan
4172,104.3,4.799250566e-01,4.364943649e-01,nan,nan,nan,nan
4173,104.325,4.803288436e-01,4.354640523e-01,nan,nan,nan,nan
4174,104.35,4.791947374e-01,4.366646462e-01,nan,nan,nan,nan
4175,104.375,4.792637270e-01,4.355891192e-01,nan,nan,nan,nan
4176,104.4,4.797596930e-01,4.364853410e-01,nan,nan,nan,nan
4177,104.425,4.786873801e-01,4.353646012e-01,nan,nan,nan,nan
4178,104.45,4.800441583e-01,4.359565985e-01,nan,nan,nan,nan
4179,104.475,4.789218421e-01,4.347906854e-01,nan,nan,nan,nan
4180,104.5,4.799431743e-01,4.350788528e-01,nan,nan,nan,nan
4181,104.525,4.787708465e-01,4.349470394e-01,nan,nan,nan,nan
4182,104.55,4.794568267e-01,4.338528224e-01,nan,nan,nan,nan
4183,104.575,4.782345206e-01,4.352935936e-01,nan,nan,nan,nan
4184,104.6,4.785855154e-01,4.341392729e-01,nan,nan,nan,nan
4185,104.625,4.780706894e-01,4.352905912e-01,nan,nan,nan,nan
4186,104.65,4.773299547e-01,4.340909416e-01,nan,nan,nan,nan
4187,104.675,4.785492844e-01,4.349380387e-01,nan,nan,nan,nan
4188,104.7,4.773610726e-01,4.336930811e-01,nan,nan,nan,nan
4189,104.725,4.786425027e-01,4.342362278e-01,nan,nan,nan,nan
4190,104.75,4.774041591e-01,4.331888952e-01,nan,nan,nan,nan
4191,104.775,4.783502727e-01,4.331857348e-01,nan,nan,nan,nan
4192,104.8,4.770618104e-01,4.337115296e-01,nan,nan,nan,nan
4193,104.825,4.776728376e-01,4.325012580e-01,nan,nan,nan,nan
4194,104.85,4.763343112e-01,4.338847090e-01,nan,nan,nan,nan
4195,104.875,4.766107543e-01,4.326289849e-01,nan,nan,nan,nan
4196,104.9,4.768474984e-01,4.337082974e-01,nan,nan,nan,nan
4197,104.925,4.756171452e-01,4.324071234e-01,nan,nan,nan,nan
4198,104.95,4.771347668e-01,4.331824438e-01,nan,nan,nan,nan
4199,104.975,4.758541566e-01,4.318358602e-01,nan,nan,nan,nan
4200,105,4.770365817e-01,4.323075823e-01,nan,nan,nan,nan
4201,105.025,4.757057069e-01,4.319469287e-01,nan,nan,nan,nan
4202,105.05,4.765530288e-01,4.310844317e-01,nan,nan,nan,nan
4203,105.075,4.751719238e-01,4.322961098e-01,nan,nan,nan,nan
4204,105.1,4.756845081e-01,4.310086085e-01,nan,nan,nan,nan
4205,105.125,4.749683745e-01,4.322957309e-01,nan,nan,nan,nan
4206,105.15,4.744317338e-01,4.309626332e-01,nan,nan,nan,nan
4207,105.175,4.754494796e-01,4.319457983e-01,nan,nan,nan,nan
4208,105.2,4.741515901e-01,4.305671261e-01,nan,nan,nan,nan
4209,105.225,4.755452048e-01,4.312466038e-01,nan,nan,nan,nan
4210,105.25,4.741969028e-01,4.300300126e-01,nan,nan,nan,nan
4211,105.275,4.752554789e-01,4.301987237e-01,nan,nan,nan,nan
4212,105.3,4.738567782e-01,4.305549595e-01,nan,nan,nan,nan
4213,105.325,4.745805448e-01,4.292609702e-01,nan,nan,nan,nan
4214,105.35,4.731315009e-01,4.307304492e-01,nan,nan,nan,nan
4215,105.375,4.735209594e-01,4.293907153e-01,nan,nan,nan,nan
4216,105.4,4.736176296e-01,4.305563454e-01,nan,nan,nan,nan
4217,105.425,4.723282042e-01,4.291708705e-01,nan,nan,nan,nan
4218,105.45,4.739070727e-01,4.300327974e-01,nan,nan,nan,nan
4219,105.475,4.725670871e-01,4.286016226e-01,nan,nan,nan,nan
4220,105.5,4.738110604e-01,4.291602392e-01,nan,nan,nan,nan
4221,105.525,4.724205082e-01,4.286925900e-01,nan,nan,nan,nan
4222,105.55,4.733296785e-01,4.279393894e-01,nan,nan,nan,nan
4223,105.575,4.718885948e-01,4.290437318e-01,nan,nan,nan,nan
4224,105.6,4.724633269e-01,4.277231562e-01,nan,nan,nan,nan
4225,105.625,4.716710822e-01,4.290453123e-01,nan,nan,nan,nan
4226,105.65,4.712127199e-01,4.276788304e-01,nan,nan,nan,nan
4227,105.675,4.721539961e-01,4.286973380e-01,nan,nan,nan,nan
4228,105.7,4.708483329e-01,4.272849727e-01,nan,nan,nan,nan
4229,105.725,4.722515295e-01,4.280001006e-01,nan,nan,nan,nan
4230,105.75,4.708951355e-01,4.267408945e-01,nan,nan,nan,nan
4231,105.775,4.719636110e-01,4.269541764e-01,nan,nan,nan,nan
4232,105.8,4.705565010e-01,4.272674232e-01,nan,nan,nan,nan
4233,105.825,4.712904836e-01,4.259918101e-01,nan,nan,nan,nan
4234,105.85,4.698327140e-01,4.274444946e-01,nan,nan,nan,nan
4235,105.875,4.702327044e-01,4.261228147e-01,nan,nan,nan,nan
4236,105.9,4.703180520e-01,4.272719727e-01,nan,nan,nan,nan
4237,105.925,4.690724785e-01,4.259042301e-01,nan,nan,nan,nan
4238,105.95,4.706089124e-01,4.267500064e-01,nan,nan,nan,nan
4239,105.975,4.693124507e-01,4.253362433e-01,nan,nan,nan,nan
4240,106,4.705143180e-01,4.258790299e-01,nan,nan,nan,nan
4241,106.025,4.691669624e-01,4.254333191e-01,nan,nan,nan,nan
4242,106.05,4.700343543e-01,4.246597618e-01,nan,nan,nan,nan
4243,106.075,4.686361409e-01,4.257856434e-01,nan,nan,nan,nan
4244,106.1,4.691694216e-01,4.245340903e-01,nan,nan,nan,nan
4245,106.125,4.684309662e-01,4.257884076e-01,nan,nan,nan,nan
4246,106.15,4.679202337e-01,4.244906203e-01,nan,nan,nan,nan
4247,106.175,4.689148884e-01,4.254416181e-01,nan,nan,nan,nan
4248,106.2,4.677034017e-01,4.240976203e-01,nan,nan,nan,nan
4249,106.225,4.690134317e-01,4.247455665e-01,nan,nan,nan,nan
4250,106.25,4.677508833e-01,4.235725556e-01,nan,nan,nan,nan
4251,106.275,4.687265247e-01,4.237008293e-01,nan,nan,nan,nan
4252,106.3,4.674129303e-01,4.240998539e-01,nan,nan,nan,nan
4253,106.325,4.680544104e-01,4.229427819e-01,nan,nan,nan,nan
4254,106.35,4.666898272e-01,4.242776971e-01,nan,nan,nan,nan
4255,106.375,4.669976459e-01,4.230742302e-01,nan,nan,nan,nan
4256,106.4,4.672001807e-01,4.241059490e-01,nan,nan,nan,nan
4257,106.425,4.660974995e-01,4.228560924e-01,nan,nan,nan,nan
4258,106.45,4.674916328e-01,4.235847589e-01,nan,nan,nan,nan
4259,106.475,4.663377352e-01,4.222885552e-01,nan,nan,nan,nan
4260,106.5,4.673976327e-01,4.227145607e-01,nan,nan,nan,nan
4261,106.525,4.661925138e-01,4.224169688e-01,nan,nan,nan,nan
4262,106.55,4.669182660e-01,4.214960730e-01,nan,nan,nan,nan
4263,106.575,4.656619626e-01,4.227696471e-01,nan,nan,nan,nan
4264,106.6,4.660539328e-01,4.216834307e-01,nan,nan,nan,nan
4265,106.625,4.654939687e-01,4.227727684e-01,nan,nan,nan,nan
4266,106.65,4.648053471e-01,4.216399966e-01,nan,nan,nan,nan
4267,106.675,4.659780619e-01,4.224263393e-01,nan,nan,nan,nan
4268,106.7,4.652218783e-01,4.212763222e-01,nan,nan,nan,nan
4269,106.725,4.660767798e-01,4.217306513e-01,nan,nan,nan,nan
4270,106.75,4.657376344e-01,4.209580500e-01,nan,nan,nan,nan
4271,106.775,4.657900511e-01,4.209357520e-01,nan,nan,nan,nan
4272,106.8,4.658680815e-01,4.212922447e-01,nan,nan,nan,nan
4273,106.825,4.651181187e-01,4.218390953e-01,nan,nan,nan,nan
4274,106.85,4.656131124e-01,4.214700302e-01,nan,nan,nan,nan
4275,106.875,4.650880795e-01,4.223935129e-01,nan,nan,nan,nan
4276,106.9,4.649729340e-01,4.215071412e-01,nan,nan,nan,nan
4277,106.925,4.661799321e-01,4.225985510e-01,nan,nan,nan,nan
4278,106.95,4.656781294e-01,4.214096809e-01,nan,nan,nan,nan
4279,106.975,4.668872280e-01,4.224540409e-01,nan,nan,nan,nan
4280,107,4.660520625e-01,4.217628568e-01,nan,nan,nan,nan
4281,107.025,4.672093886e-01,4.219600990e-01,nan,nan,nan,nan
4282,107.05,4.660406113e-01,4.228394659e-01,nan,nan,nan,nan
4283,107.075,4.671461493e-01,4.223150249e-01,nan,nan,nan,nan
4284,107.1,4.658586006e-01,4.235674845e-01,nan,nan,nan,nan
4285,107.125,4.666975599e-01,4.227408289e-01,nan,nan,nan,nan
4286,107.15,4.671415013e-01,4.239463165e-01,nan,nan,nan,nan
4287,107.175,4.667257917e-01,4.228171587e-01,nan,nan,nan,nan
4288,107.2,4.680402541e-01,4.239756509e-01,nan,nan,nan,nan
4289,107.225,4.672913476e-01,4.225876130e-01,nan,nan,nan,nan
4290,107.25,4.685541232e-01,4.236554614e-01,nan,nan,nan,nan
4291,107.275,4.674716348e-01,4.238373380e-01,nan,nan,nan,nan
4292,107.3,4.686826870e-01,4.233958324e-01,nan,nan,nan,nan
4293,107.325,4.672665041e-01,4.247388787e-01,nan,nan,nan,nan
4294,107.35,4.684258381e-01,4.239953284e-01,nan,nan,nan,nan
4295,107.375,4.680775478e-01,4.252914967e-01,nan,nan,nan,nan
4296,107.4,4.677837835e-01,4.242454907e-01,nan,nan,nan,nan
4297,107.425,4.691676507e-01,4.254947384e-01,nan,nan,nan,nan
4298,107.45,4.685291701e-01,4.241461130e-01,nan,nan,nan,nan
4299,107.475,4.698731997e-01,4.253484350e-01,nan,nan,nan,nan
4300,107.5,4.689012245e-01,4.248030686e-01,nan,nan,nan,nan
4301,107.525,4.701936163e-01,4.248527031e-01,nan,nan,nan,nan
4302,107.55,4.688878979e-01,4.258780315e-01,nan,nan,nan,nan
4303,107.575,4.701286359e-01,4.252422357e-01,nan,nan,nan,nan
4304,107.6,4.689577575e-01,4.266044063e-01,nan,nan,nan,nan
4305,107.625,4.696783082e-01,4.256662535e-01,nan,nan,nan,nan
4306,107.65,4.702390784e-01,4.269815971e-01,nan,nan,nan,nan
4307,107.675,4.697362124e-01,4.257408001e-01,nan,nan,nan,nan
4308,107.7,4.711362535e-01,4.270092927e-01,nan,nan,nan,nan
4309,107.725,4.703000389e-01,4.257060446e-01,nan,nan,nan,nan
4310,107.75,4.716485471e-01,4.266874669e-01,nan,nan,nan,nan
4311,107.775,4.704785996e-01,4.269543071e-01,nan,nan,nan,nan
4312,107.8,4.717755376e-01,4.264516855e-01,nan,nan,nan,nan
4313,107.825,4.702717452e-01,4.278543868e-01,nan,nan,nan,nan
4314,107.85,4.715171175e-01,4.270495603e-01,nan,nan,nan,nan
4315,107.875,4.712235234e-01,4.284055456e-01,nan,nan,nan,nan
4316,107.9,4.708819809e-01,4.272981037e-01,nan,nan,nan,nan
4317,107.925,4.723122432e-01,4.286073298e-01,nan,nan,nan,nan
4318,107.95,4.716375590e-01,4.271971093e-01,nan,nan,nan,nan
4319,107.975,4.730164107e-01,4.284595707e-01,nan,nan,nan,nan
4320,108,4.720080643e-01,4.279367059e-01,nan,nan,nan,nan
4321,108.025,4.733354471e-01,4.279623848e-01,nan,nan,nan,nan
4322,108.05,4.719931907e-01,4.290104136e-01,nan,nan,nan,nan
4323,108.075,4.732690879e-01,4.283646535e-01,nan,nan,nan,nan
4324,108.1,4.720899115e-01,4.297355342e-01,nan,nan,nan,nan
4325,108.125,4.728173828e-01,4.287872429e-01,nan,nan,nan,nan
4326,108.15,4.733700654e-01,4.301114718e-01,nan,nan,nan,nan
4327,108.175,4.728826929e-01,4.288603628e-01,nan,nan,nan,nan
4328,108.2,4.742660741e-01,4.301379151e-01,nan,nan,nan,nan
4329,108.225,4.734451727e-01,4.287944782e-01,nan,nan,nan,nan
4330,108.25,4.747772020e-01,4.298148380e-01,nan,nan,nan,nan
4331,108.275,4.736223877e-01,4.300417099e-01,nan,nan,nan,nan
4332,108.3,4.749030273e-01,4.295805134e-01,nan,nan,nan,nan
4333,108.325,4.734141890e-01,4.309407591e-01,nan,nan,nan,nan
4334,108.35,4.746434428e-01,4.301771726e-01,nan,nan,nan,nan
4335,108.375,4.742791698e-01,4.314908876e-01,nan,nan,nan,nan
4336,108.4,4.740043908e-01,4.304245014e-01,nan,nan,nan,nan
4337,108.425,4.753669553e-01,4.316916417e-01,nan,nan,nan,nan
4338,108.45,4.747588448e-01,4.303222931e-01,nan,nan,nan,nan
4339,108.475,4.760701882e-01,4.315428527e-01,nan,nan,nan,nan
4340,108.5,4.751282265e-01,4.309183544e-01,nan,nan,nan,nan
4341,108.525,4.763882900e-01,4.310446371e-01,nan,nan,nan,nan
4342,108.55,4.751122297e-01,4.319912693e-01,nan,nan,nan,nan
4343,108.575,4.763209961e-01,4.314371958e-01,nan,nan,nan,nan
4344,108.6,4.750101618e-01,4.327155967e-01,nan,nan,nan,nan
4345,108.625,4.758683562e-01,4.318588005e-01,nan,nan,nan,nan
4346,108.65,4.762896255e-01,4.330907405e-01,nan,nan,nan,nan
4347,108.675,4.759186536e-01,4.319309356e-01,nan,nan,nan,nan
4348,108.7,4.771849431e-01,4.331163895e-01,nan,nan,nan,nan
4349,108.725,4.764802476e-01,4.316535373e-01,nan,nan,nan,nan
4350,108.75,4.776953791e-01,4.327925175e-01,nan,nan,nan,nan
4351,108.775,4.766565766e-01,4.328585572e-01,nan,nan,nan,nan
4352,108.8,4.778205116e-01,4.325375685e-01,nan,nan,nan,nan
4353,108.825,4.764474916e-01,4.337570596e-01,nan,nan,nan,nan
4354,108.85,4.775602335e-01,4.331334860e-01,nan,nan,nan,nan
4355,108.875,4.770063888e-01,4.343066400e-01,nan,nan,nan,nan
4356,108.9,4.769147516e-01,4.333800724e-01,nan,nan,nan,nan
4357,108.925,4.780937340e-01,4.345068449e-01,nan,nan,nan,nan
4358,108.95,4.776492406e-01,4.332771211e-01,nan,nan,nan,nan
4359,108.975,4.787965252e-01,4.343575054e-01,nan,nan,nan,nan
4360,109,4.780179846e-01,4.335161179e-01,nan,nan,nan,nan
4361,109.025,4.791141837e-01,4.338587381e-01,nan,nan,nan,nan
4362,109.05,4.780013491e-01,4.345887373e-01,nan,nan,nan,nan
4363,109.075,4.790464449e-01,4.342203192e-01,nan,nan,nan,nan
4364,109.1,4.775993422e-01,4.353127671e-01,nan,nan,nan,nan
4365,109.125,4.785933587e-01,4.346414323e-01,nan,nan,nan,nan
4366,109.15,4.787711023e-01,4.356876114e-01,nan,nan,nan,nan
4367,109.175,4.786078173e-01,4.347130744e-01,nan,nan,nan,nan
4368,109.2,4.796662309e-01,4.357129590e-01,nan,nan,nan,nan
4369,109.225,4.791690283e-01,4.344351817e-01,nan,nan,nan,nan
4370,109.25,4.801764758e-01,4.353887838e-01,nan,nan,nan,nan
4371,109.275,4.793449726e-01,4.351866114e-01,nan,nan,nan,nan
4372,109.3,4.803014150e-01,4.350931500e-01,nan,nan,nan,nan
4373,109.325,4.791355012e-01,4.360850668e-01,nan,nan,nan,nan
4374,109.35,4.800409414e-01,4.356888303e-01,nan,nan,nan,nan
4375,109.375,4.791943613e-01,4.366345976e-01,nan,nan,nan,nan
4376,109.4,4.793952618e-01,4.359351774e-01,nan,nan,nan,nan
4377,109.425,4.802817685e-01,4.368347504e-01,nan,nan,nan,nan
4378,109.45,4.800846385e-01,4.358319847e-01,nan,nan,nan,nan
4379,109.475,4.809846188e-01,4.366853563e-01,nan,nan,nan,nan
4380,109.5,4.804532534e-01,4.355296534e-01,nan,nan,nan,nan
4381,109.525,4.813023335e-01,4.361865319e-01,nan,nan,nan,nan
4382,109.55,4.804364864e-01,4.366024716e-01,nan,nan,nan,nan
4383,109.575,4.812346483e-01,4.364986793e-01,nan,nan,nan,nan
4384,109.6,4.800343457e-01,4.373266972e-01,nan,nan,nan,nan
4385,109.625,4.807816128e-01,4.369198056e-01,nan,nan,nan,nan
4386,109.65,4.806236224e-01,4.377017342e-01,nan,nan,nan,nan
4387,109.675,4.807425908e-01,4.369914584e-01,nan,nan,nan,nan
4388,109.7,4.815190539e-01,4.377272714e-01,nan,nan,nan,nan
4389,109.725,4.813039251e-01,4.367135736e-01,nan,nan,nan,nan
4390,109.75,4.820295981e-01,4.374032828e-01,nan,nan,nan,nan
4391,109.775,4.814799898e-01,4.368473112e-01,nan,nan,nan,nan
4392,109.8,4.821548335e-01,4.370504490e-01,nan,nan,nan,nan
4393,109.825,4.812706357e-01,4.377461987e-01,nan,nan,nan,nan
4394,109.85,4.818946527e-01,4.376463895e-01,nan,nan,nan,nan
4395,109.875,4.806760283e-01,4.382961581e-01,nan,nan,nan,nan
4396,109.9,4.812492626e-01,4.378929935e-01,nan,nan,nan,nan
4397,109.925,4.817638111e-01,4.384967359e-01,nan,nan,nan,nan
4398,109.95,4.818779961e-01,4.377900546e-01,nan,nan,nan,nan
4399,109.975,4.824671931e-01,4.383477632e-01,nan,nan,nan,nan
4400,110,4.822469755e-01,4.373376513e-01,nan,nan,nan,nan
