n,t,maxE_SF,maxH_SF,W_total,W_phys,divE_TF,divH_TF
1,0.025,4.317112636e-07,1.341020226e-07,2.25596548152620846e+00,2.25596548152620935e+00,nan,nan
2,0.05,4.666375304e-07,2.683973308e-07,2.25596548152620846e+00,2.25596548152620935e+00,nan,nan
3,0.075,5.176427238e-07,4.028693000e-07,2.25596548152620846e+00,2.25596548152620846e+00,nan,nan
4,0.1,5.829876295e-07,5.370820396e-07,2.25596548152620846e+00,2.25596548152620846e+00,nan,nan
5,0.125,6.602262961e-07,6.699724827e-07,2.25596548152620935e+00,2.25596548152620846e+00,nan,nan
6,0.15,7.461038349e-07,7.996454766e-07,2.25596548152620846e+00,2.25596548152620846e+00,nan,nan
7,0.175,8.364372113e-07,9.231744142e-07,2.25596548152620802e+00,2.25596548152620802e+00,nan,nan
8,0.2,9.259850395e-07,1.036411216e-06,2.25596548152620846e+00,2.25596548152620713e+00,nan,nan
9,0.225,1.008313885e-06,1.133811016e-06,2.25596548152620846e+00,2.25596548152620846e+00,nan,nan
10,0.25,1.075670167e-06,1.208278647e-06,2.25596548152620846e+00,2.25596548152620846e+00,nan,nan
11,0.275,1.118868444e-06,1.251045951e-06,2.25596548152620802e+00,2.25596548152620802e+00,nan,nan
12,0.3,1.127208591e-06,1.251590958e-06,2.25596548152620935e+00,2.25596548152620846e+00,nan,nan
13,0.325,1.101833209e-06,1.231819508e-06,2.25596548152620846e+00,2.25596548152620846e+00,nan,nan
14,0.35,1.108558473e-06,1.355793025e-06,2.25596548152620846e+00,2.25596548152620846e+00,nan,nan
15,0.375,1.088016949e-06,1.463619015e-06,2.25596548152620846e+00,2.25596548152620846e+00,nan,nan
16,0.4,1.090808916e-06,1.545433506e-06,2.25596548152620935e+00,2.25596548152620846e+00,nan,nan
17,0.425,1.071356036e-06,1.589467275e-06,2.25596548152620846e+00,2.25596548152620802e+00,nan,nan
18,0.45,1.069833718e-06,1.582002693e-06,2.25596548152620846e+00,2.25596548152620846e+00,nan,nan
19,0.475,1.372131660e-06,1.525964044e-06,2.25596548152620846e+00,2.25596548152620846e+00,nan,nan
20,0.5,2.152612172e-06,2.174647487e-06,2.25596548152620846e+00,2.25596548152620846e+00,nan,nan
21,0.525,3.073694044e-06,3.167957744e-06,2.25596548152620802e+00,2.25596548152620713e+00,nan,nan
22,0.55,4.136897228e-06,4.415833379e-06,2.25596548152620846e+00,2.25596548152620846e+00,nan,nan
23,0.575,5.365801513e-06,5.908909499e-06,2.25596548152620846e+00,2.25596548152620846e+00,nan,nan
24,0.6,6.948249744e-06,7.611553672e-06,2.25596548152620846e+00,2.25596548152620668e+00,nan,nan
25,0.625,8.726147400e-06,9.516745922e-06,2.25596548152620846e+00,2.25596548152620935e+00,nan,nan
26,0.65,1.068492435e-05,1.160736399e-05,2.25596548152620846e+00,2.25596548152620802e+00,nan,nan
27,0.675,1.279866055e-05,1.385409559e-05,2.25596548152620846e+00,2.25596548152620846e+00,nan,nan
28,0.7,1.502801944e-05,1.621328904e-05,2.25596548152620846e+00,2.25596548152620846e+00,nan,nan
29,0.725,1.731817418e-05,1.862481419e-05,2.25596548152620846e+00,2.25596548152620846e+00,nan,nan
30,0.75,1.959681042e-05,2.101002343e-05,2.25596548152620846e+00,2.25596548152620668e+00,nan,nan
31,0.775,2.177230721e-05,2.326992146e-05,2.25596548152620935e+00,2.25596548152620846e+00,nan,nan
32,0.8,2.373221622e-05,2.528367083e-05,2.25596548152620713e+00,2.25596548152620802e+00,nan,nan
33,0.825,2.534217691e-05,2.690757828e-05,2.25596548152620846e+00,2.25596548152620802e+00,nan,nan
34,0.85,2.644542180e-05,2.797472323e-05,2.25596548152620846e+00,2.25596548152620713e+00,nan,nan
35,0.875,2.686303966e-05,2.829540279e-05,2.25596548152620846e+00,2.25596548152620668e+00,nan,nan
36,0.9,2.639517478e-05,2.765857748e-05,2.25596548152620802e+00,2.25596548152620402e+00,nan,nan
37,0.925,2.625702374e-05,2.764463050e-05,2.25596548152620846e+00,2.25596548152620180e+00,nan,nan
38,0.95,2.571280353e-05,2.904667939e-05,2.25596548152620846e+00,2.25596548152619558e+00,nan,nan
39,0.975,2.565809382e-05,3.068775451e-05,2.25596548152620935e+00,2.25596548152618537e+00,nan,nan
40,1,2.503939489e-05,3.165059254e-05,2.25596548152620846e+00,2.25596548152617071e+00,nan,nan
41,1.025,2.506615940e-05,3.172591454e-05,2.25596548152620846e+00,2.25596548152614984e+00,nan,nan
42,1.05,2.538442065e-05,3.068498458e-05,2.25596548152620846e+00,2.25596548152611964e+00,nan,nan
43,1.075,3.723383186e-05,3.665558521e-05,2.25596548152620713e+00,2.25596548152607879e+00,nan,nan
44,1.1,5.061263033e-05,5.069315698e-05,2.25596548152620668e+00,2.25596548152602683e+00,nan,nan
45,1.125,6.538675836e-05,6.626371848e-05,2.25596548152620491e+00,2.25596548152595933e+00,nan,nan
46,1.15,8.133797324e-05,8.315419959e-05,2.25596548152620313e+00,2.25596548152587895e+00,nan,nan
47,1.175,1.008954996e-04,1.085451300e-04,2.25596548152619958e+00,2.25596548152578613e+00,nan,nan
48,1.2,1.274489005e-04,1.365184878e-04,2.25596548152619558e+00,2.25596548152568355e+00,nan,nan
49,1.225,1.562037565e-04,1.667197445e-04,2.25596548152618892e+00,2.25596548152557741e+00,nan,nan
50,1.25,1.866934760e-04,1.986427168e-04,2.25596548152618048e+00,2.25596548152547616e+00,nan,nan
51,1.275,2.182823007e-04,2.316047690e-04,2.25596548152616938e+00,2.25596548152538778e+00,nan,nan
52,1.3,2.501497238e-04,2.647314366e-04,2.25596548152615473e+00,2.25596548152531984e+00,nan,nan
53,1.325,2.812781816e-04,2.969446153e-04,2.25596548152613696e+00,2.25596548152527987e+00,nan,nan
54,1.35,3.104451815e-04,3.269555099e-04,2.25596548152611520e+00,2.25596548152526255e+00,nan,nan
55,1.375,3.362210988e-04,3.532636085e-04,2.25596548152608811e+00,2.25596548152524168e+00,nan,nan
56,1.4,3.569739236e-04,3.741629800e-04,2.25596548152605747e+00,2.25596548152516707e+00,nan,nan
57,1.425,3.708822397e-04,3.877571873e-04,2.25596548152602372e+00,2.25596548152494281e+00,nan,nan
58,1.45,3.759576698e-04,3.919840477e-04,2.25596548152598464e+00,2.25596548152440723e+00,nan,nan
59,1.475,3.700779237e-04,3.846513551e-04,2.25596548152594334e+00,2.25596548152332543e+00,nan,nan
60,1.5,3.678302329e-04,3.833983054e-04,2.25596548152589627e+00,2.25596548152135767e+00,nan,nan
61,1.525,3.609226624e-04,3.749988965e-04,2.25596548152584431e+00,2.25596548151804654e+00,nan,nan
62,1.55,3.597806599e-04,3.765962802e-04,2.25596548152577725e+00,2.25596548151281118e+00,nan,nan
63,1.575,3.518705312e-04,3.853218601e-04,2.25596548152569065e+00,2.25596548150494547e+00,nan,nan
64,1.6,3.518095466e-04,3.838764556e-04,2.25596548152556187e+00,2.25596548149364873e+00,nan,nan
65,1.625,3.465165897e-04,3.727968914e-04,2.25596548152536602e+00,2.25596548147806208e+00,nan,nan
66,1.65,4.615015093e-04,4.451174613e-04,2.25596548152505560e+00,2.25596548145735509e+00,nan,nan
67,1.675,5.842659898e-04,5.714455653e-04,2.25596548152457244e+00,2.25596548143083053e+00,nan,nan
68,1.7,7.121537443e-04,7.038214606e-04,2.25596548152382637e+00,2.25596548139807540e+00,nan,nan
69,1.725,8.418181134e-04,8.389512625e-04,2.25596548152270682e+00,2.25596548135912123e+00,nan,nan
70,1.75,9.692121824e-04,1.010928006e-03,2.25596548152106680e+00,2.25596548131460795e+00,nan,nan
71,1.775,1.217841867e-03,1.273897643e-03,2.25596548151872867e+00,2.25596548126593488e+00,nan,nan
72,1.8,1.487192196e-03,1.551369513e-03,2.25596548151548459e+00,2.25596548121529450e+00,nan,nan
73,1.825,1.765913745e-03,1.837708685e-03,2.25596548151110188e+00,2.25596548116560891e+00,nan,nan
74,1.85,2.047324623e-03,2.125951600e-03,2.25596548150533227e+00,2.25596548112019368e+00,nan,nan
75,1.875,2.323409152e-03,2.407787884e-03,2.25596548149793019e+00,2.25596548108213701e+00,nan,nan
76,1.9,2.584832525e-03,2.673583366e-03,2.25596548148867404e+00,2.25596548105324057e+00,nan,nan
77,1.925,2.821001624e-03,2.912450643e-03,2.25596548147739018e+00,2.25596548103248429e+00,nan,nan
78,1.95,3.020177921e-03,3.112372947e-03,2.25596548146397291e+00,2.25596548101392891e+00,nan,nan
79,1.975,3.169647568e-03,3.260386184e-03,2.25596548144840936e+00,2.25596548098408922e+00,nan,nan
80,2,3.255952659e-03,3.342822792e-03,2.25596548143077547e+00,2.25596548091882854e+00,nan,nan
81,2.025,3.265186151e-03,3.345619532e-03,2.25596548141120623e+00,2.25596548078001424e+00,nan,nan
82,2.05,3.195963923e-03,3.280757969e-03,2.25596548138983044e+00,2.25596548051224488e+00,nan,nan
83,2.075,3.196304637e-03,3.274451594e-03,2.25596548136662944e+00,2.25596548004013719e+00,nan,nan
84,2.1,3.136252356e-03,3.218978920e-03,2.25596548134121599e+00,2.25596547926681978e+00,nan,nan
85,2.125,3.127889165e-03,3.203764496e-03,2.25596548131252517e+00,2.25596547807440961e+00,nan,nan
86,2.15,3.076831695e-03,3.157500066e-03,2.25596548127835694e+00,2.25596547632726407e+00,nan,nan
87,2.175,3.059952188e-03,3.133571333e-03,2.25596548123481710e+00,2.25596547387882529e+00,nan,nan
88,2.2,3.189994754e-03,3.096335379e-03,2.25596548117563200e+00,2.25596547058264241e+00,nan,nan
89,2.225,3.880739431e-03,3.700048873e-03,2.25596548109134742e+00,2.25596546630776684e+00,nan,nan
90,2.25,4.564297839e-03,4.392946469e-03,2.25596548096850258e+00,2.25596546095813588e+00,nan,nan
91,2.275,5.217801091e-03,5.061251494e-03,2.25596548078881254e+00,2.25596545449467589e+00,nan,nan
92,2.3,5.815799542e-03,5.680124906e-03,2.25596548052847767e+00,2.25596544695775902e+00,nan,nan
93,2.325,6.330728760e-03,6.454290548e-03,2.25596548015777509e+00,2.25596543848639763e+00,nan,nan
94,2.35,7.911228643e-03,8.064453994e-03,2.25596547964104577e+00,2.25596542932921107e+00,nan,nan
95,2.375,9.548465386e-03,9.712329986e-03,2.25596547893727495e+00,2.25596541984094490e+00,nan,nan
96,2.4,1.118858870e-02,1.135831117e-02,2.25596547800138714e+00,2.25596541045744869e+00,nan,nan
97,2.425,1.278685093e-02,1.295702696e-02,2.25596547678635106e+00,2.25596540164168191e+00,nan,nan
98,2.45,1.429310583e-02,1.445786133e-02,2.25596547524611557e+00,2.25596539379396832e+00,nan,nan
99,2.475,1.565251809e-02,1.580570337e-02,2.25596547333920538e+00,2.25596538712158035e+00,nan,nan
100,2.5,1.680651542e-02,1.694193864e-02,2.25596547103269307e+00,2.25596538146610248e+00,nan,nan
101,2.525,1.769398623e-02,1.780568202e-02,2.25596546830594935e+00,2.25596537609208836e+00,nan,nan
102,2.55,1.825271798e-02,1.833524560e-02,2.25596546515336360e+00,2.25596536944715842e+00,nan,nan
103,2.575,1.842106297e-02,1.846982605e-02,2.25596546158489009e+00,2.25596535891176186e+00,nan,nan
104,2.6,1.813980904e-02,1.815138701e-02,2.25596545762304590e+00,2.25596534056563680e+00,nan,nan
105,2.625,1.808908286e-02,1.813554094e-02,2.25596545329474418e+00,2.25596530900664360e+00,nan,nan
106,2.65,1.775885517e-02,1.776811113e-02,2.25596544861629900e+00,2.25596525726480213e+00,nan,nan
107,2.675,1.775729581e-02,1.780138756e-02,2.25596544357001560e+00,2.25596517685842057e+00,nan,nan
108,2.7,1.740431385e-02,1.748007783e-02,2.25596543807112226e+00,2.25596505803831349e+00,nan,nan
109,2.725,1.742582171e-02,1.746748927e-02,2.25596543192450438e+00,2.25596489025836311e+00,nan,nan
110,2.75,1.712039739e-02,1.719378027e-02,2.25596542477162476e+00,2.25596466289445496e+00,nan,nan
111,2.775,1.892889765e-02,1.771321313e-02,2.25596541602944844e+00,2.25596436620813234e+00,nan,nan
112,2.8,2.128555885e-02,2.005865266e-02,2.25596540482478147e+00,2.25596399251570290e+00,nan,nan
113,2.825,2.332742530e-02,2.211786845e-02,2.25596538992934370e+00,2.25596353747941292e+00,nan,nan
114,2.85,2.495378360e-02,2.379425415e-02,2.25596536970276285e+00,2.25596300138712413e+00,nan,nan
115,2.875,2.606446618e-02,2.499149318e-02,2.25596534205238886e+00,2.25596239023521283e+00,nan,nan
116,2.9,2.924185267e-02,2.918046731e-02,2.25596530441997345e+00,2.25596171638265020e+00,nan,nan
117,2.925,3.585111718e-02,3.567788146e-02,2.25596525380549329e+00,2.25596099851016163e+00,nan,nan
118,2.95,4.237958451e-02,4.207313188e-02,2.25596518683736624e+00,2.25596026060617882e+00,nan,nan
119,2.975,4.865172846e-02,4.819228048e-02,2.25596509989554006e+00,2.25595952972048108e+00,nan,nan
120,3,5.447913423e-02,5.384954643e-02,2.25596498928918532e+00,2.25595883228520755e+00,nan,nan
121,3.025,5.966431214e-02,5.885117804e-02,2.25596485148382131e+00,2.25595818890772071e+00,nan,nan
122,3.05,6.400517670e-02,6.299995743e-02,2.25596468336368750e+00,2.25595760769269615e+00,nan,nan
123,3.075,6.730012534e-02,6.610026720e-02,2.25596448250435211e+00,2.25595707634869003e+00,nan,nan
124,3.1,6.935362583e-02,6.796362378e-02,2.25596424741876822e+00,2.25595655356694813e+00,nan,nan
125,3.125,6.998219675e-02,6.841455824e-02,2.25596397772814505e+00,2.25595596040955604e+00,nan,nan
126,3.15,6.902064162e-02,6.729670341e-02,2.25596367419871324e+00,2.25595517268414536e+00,nan,nan
127,3.175,6.892852493e-02,6.738065966e-02,2.25596333857855846e+00,2.25595401548009722e+00,nan,nan
128,3.2,6.778013826e-02,6.625520083e-02,2.25596297316711247e+00,2.25595226115839464e+00,nan,nan
129,3.225,6.786642306e-02,6.633818166e-02,2.25596258005576855e+00,2.25594963208355770e+00,nan,nan
130,3.25,6.672804310e-02,6.538443417e-02,2.25596215999335614e+00,2.25594580922424148e+00,nan,nan
131,3.275,6.679648259e-02,6.528771229e-02,2.25596171085607500e+00,2.25594044739938315e+00,nan,nan
132,3.3,6.583172233e-02,6.450337783e-02,2.25596122573853819e+00,2.25593319739420783e+00,nan,nan
133,3.325,6.650974861e-02,6.422983134e-02,2.25596069073014549e+00,2.25592373442011818e+00,nan,nan
134,3.35,7.122705618e-02,6.576943430e-02,2.25596008249665125e+00,2.25591179147481702e+00,nan,nan
135,3.375,7.444383980e-02,6.902368650e-02,2.25595936584684198e+00,2.25589719513396858e+00,nan,nan
136,3.4,7.592486149e-02,7.068337326e-02,2.25595849152265515e+00,2.25587990026265661e+00,nan,nan
137,3.425,7.546440822e-02,7.055541401e-02,2.25595739450058819e+00,2.25586001919158319e+00,nan,nan
138,3.45,7.701755133e-02,7.579791712e-02,2.25595599312394324e+00,2.25583784019764133e+00,nan,nan
139,3.475,9.578958383e-02,9.379100144e-02,2.25595418938995396e+00,2.25581382981045975e+00,nan,nan
140,3.5,1.140009002e-01,1.111606877e-01,2.25595187068391301e+00,2.25578861368072614e+00,nan,nan
141,3.525,1.311718185e-01,1.274430926e-01,2.25594891317609614e+00,2.25576293161493302e+00,nan,nan
142,3.55,1.468106391e-01,1.421656415e-01,2.25594518697167512e+00,2.25573756398501413e+00,nan,nan
143,3.575,1.604255969e-01,1.548588102e-01,2.25594056292769807e+00,2.25571322907743488e+00,nan,nan
144,3.6,1.715376995e-01,1.650686331e-01,2.25593492082946900e+00,2.25569045399104562e+00,nan,nan
145,3.625,1.796941472e-01,1.723696733e-01,2.25592815836213489e+00,2.25566942526878611e+00,nan,nan
146,3.65,1.844819940e-01,1.763781152e-01,2.25592020004065974e+00,2.25564982929662472e+00,nan,nan
147,3.675,1.855416762e-01,1.767646160e-01,2.25591100499824782e+00,2.25563069626963086e+00,nan,nan
148,3.7,1.827709722e-01,1.747221576e-01,2.25590057231172603e+00,2.25561026477429705e+00,nan,nan
149,3.725,1.833249848e-01,1.746266802e-01,2.25588894239939064e+00,2.25558588628039081e+00,nan,nan
150,3.75,1.810082780e-01,1.730164320e-01,2.25587619300076758e+00,2.25555398957576614e+00,nan,nan
151,3.775,1.810626498e-01,1.724447842e-01,2.25586242837531925e+00,2.25551012395471862e+00,nan,nan
152,3.8,1.791954727e-01,1.712624291e-01,2.25584776066829518e+00,2.25544909642636648e+00,nan,nan
153,3.825,1.787563579e-01,1.702205396e-01,2.25583228290473325e+00,2.25536521214852437e+00,nan,nan
154,3.85,1.773341157e-01,1.694616380e-01,2.25581603378809881e+00,2.25525261874216909e+00,nan,nan
155,3.875,1.764077893e-01,1.679555518e-01,2.25579895537723329e+00,2.25510574440212741e+00,nan,nan
156,3.9,1.754257650e-01,1.676155447e-01,2.25578084574765247e+00,2.25491980739727316e+00,nan,nan
157,3.925,1.740186182e-01,1.656514178e-01,2.25576130983686118e+00,2.25469136156703964e+00,nan,nan
158,3.95,1.734719773e-01,1.657256296e-01,2.25573971272728846e+00,2.25441882997876419e+00,nan,nan
159,3.975,1.715905134e-01,1.633097249e-01,2.25571514051124167e+00,2.25410296844999847e+00,nan,nan
160,4,1.714743078e-01,1.648624270e-01,2.25568637447030262e+00,2.25374719373014631e+00,nan,nan
161,4.025,1.827476901e-01,1.777258015e-01,2.25565188444304487e+00,2.25335770934222834e+00,nan,nan
162,4.05,2.190856192e-01,2.114134177e-01,2.25560984681546728e+00,2.25294336680415785e+00,nan,nan
163,4.075,2.526704613e-01,2.422833863e-01,2.25555819144082248e+00,2.25251521221970075e+00,nan,nan
164,4.1,2.826146448e-01,2.695074950e-01,2.25549467991765829e+00,2.25208568854288371e+00,nan,nan
165,4.125,3.080754213e-01,2.923069724e-01,2.25541701502935732e+00,2.25166749193671878e+00,nan,nan
166,4.15,3.282778097e-01,3.099740573e-01,2.25532297785790270e+00,2.25127211545337103e+00,nan,nan
167,4.175,3.425367335e-01,3.218925839e-01,2.25521058530469531e+00,2.25090815268095801e+00,nan,nan
168,4.2,3.502777120e-01,3.275569761e-01,2.25507825675445650e+00,2.25057947498837763e+00,nan,nan
169,4.225,3.510554874e-01,3.265890730e-01,2.25492497477033194e+00,2.25028343464054803e+00,nan,nan
170,4.25,3.483037068e-01,3.255978486e-01,2.25475042145190629e+00,2.25000927778526716e+00,nan,nan
171,4.275,3.481159709e-01,3.237309951e-01,2.25455506991436794e+00,2.24973697124540273e+00,nan,nan
172,4.3,3.461952322e-01,3.235141647e-01,2.25434020975577187e+00,2.24943665043632279e+00,nan,nan
173,4.325,3.450497157e-01,3.207558646e-01,2.25410788682559815e+00,2.24906887849667214e+00,nan,nan
174,4.35,3.439547152e-01,3.213081680e-01,2.25386074144198068e+00,2.24858586607394528e+00,nan,nan
175,4.375,3.418595042e-01,3.176662536e-01,2.25360173560946064e+00,2.24793373622074411e+00,nan,nan
176,4.4,3.415846264e-01,3.189821379e-01,2.25333376871606950e+00,2.24705583100973572e+00,nan,nan
177,4.425,3.385481563e-01,3.153093207e-01,2.25305919230954732e+00,2.24589695002664369e+00,nan,nan
178,4.45,3.390874832e-01,3.165383822e-01,2.25277924722534895e+00,2.24440829305780909e+00,nan,nan
179,4.475,3.351185315e-01,3.136194314e-01,2.25249345960257097e+00,2.24255276006838988e+00,nan,nan
180,4.5,3.364658500e-01,3.139792327e-01,2.25219904492594214e+00,2.24031015331302497e+00,nan,nan
181,4.525,3.325790496e-01,3.118098035e-01,2.25189037969673933e+00,2.23768174294554223e+00,nan,nan
182,4.55,3.337223329e-01,3.113070428e-01,2.25155860707292366e+00,2.23469361286508850e+00,nan,nan
183,4.575,3.306326934e-01,3.140470163e-01,2.25119144427048834e+00,2.23139821055840049e+00,nan,nan
184,4.6,3.308595694e-01,3.113851631e-01,2.25077325433623887e+00,2.22787359321486766e+00,nan,nan
185,4.625,3.441711893e-01,3.289494196e-01,2.25028543214490107e+00,2.22421999755420696e+00,nan,nan
186,4.65,3.862749377e-01,3.658376945e-01,2.24970713379963394e+00,2.22055356151858296e+00,nan,nan
187,4.675,4.214656195e-01,3.959931396e-01,2.24901635045733839e+00,2.21699728373163962e+00,nan,nan
188,4.7,4.488895800e-01,4.186754993e-01,2.24819129328864742e+00,2.21366960494571385e+00,nan,nan
189,4.725,4.678561703e-01,4.333047072e-01,2.24721201809587567e+00,2.21067131041688691e+00,nan,nan
190,4.75,4.778560087e-01,4.394764043e-01,2.24606217923372631e+00,2.20807175260970778e+00,nan,nan
191,4.775,4.785748786e-01,4.369731622e-01,2.24473076683844885e+00,2.20589564490017009e+00,nan,nan
192,4.8,4.773405788e-01,4.386736075e-01,2.24321365337863110e+00,2.20411184292995044e+00,nan,nan
193,4.825,4.767301496e-01,4.349547490e-01,2.24151475969199954e+00,2.20262557760431887e+00,nan,nan
194,4.85,4.766030714e-01,4.376708872e-01,2.23964665108034433e+00,2.20127550607139622e+00,nan,nan
195,4.875,4.746673682e-01,4.339349039e-01,2.23763039389634733e+00,2.19983668930552057e+00,nan,nan
196,4.9,4.756449811e-01,4.364696643e-01,2.23549454411958859e+00,2.19803018709542286e+00,nan,nan
197,4.925,4.723886521e-01,4.337451369e-01,2.23327320150206710e+00,2.19553940093672351e+00,nan,nan
198,4.95,4.744679435e-01,4.350714499e-01,2.23100314349830420e+00,2.19203262891423956e+00,nan,nan
199,4.975,4.698962573e-01,4.333571122e-01,2.22872014745645819e+00,2.18719057830116004e+00,nan,nan
200,5,4.730737413e-01,4.334778322e-01,2.22645471012831697e+00,2.18073688009957856e+00,nan,nan
201,5.025,4.693555266e-01,4.327719440e-01,2.22422747112360097e+00,2.17246904312955946e+00,nan,nan
202,5.05,4.714643003e-01,4.316904715e-01,2.22204473077627407e+00,2.16228685344206895e+00,nan,nan
203,5.075,4.688395928e-01,4.319908282e-01,2.21989451184096698e+00,2.15021504080105830e+00,nan,nan
204,5.1,4.696416684e-01,4.297111099e-01,2.21774363801462560e+00,2.13641715455994730e+00,nan,nan
205,5.125,4.681085587e-01,4.310150626e-01,2.21553628195094232e+00,2.12119804817406266e+00,nan,nan
206,5.15,4.676079838e-01,4.275415938e-01,2.21319436588952856e+00,2.10499316419419680e+00,nan,nan
207,5.175,4.671640356e-01,4.298460757e-01,2.21062007828830209e+00,2.08834390223981048e+00,nan,nan
208,5.2,4.653654401e-01,4.257692611e-01,2.20770060412821900e+00,2.07185966553828083e+00,nan,nan
209,5.225,4.660076779e-01,4.284854535e-01,2.20431496461869747e+00,2.05616860680828983e+00,nan,nan
210,5.25,4.629162658e-01,4.254035833e-01,2.20034263902898752e+00,2.04186049423964322e+00,nan,nan
211,5.275,4.646411816e-01,4.269349476e-01,2.19567341706477315e+00,2.02942634063657579e+00,nan,nan
212,5.3,4.631568097e-01,4.248465240e-01,2.19021772753067534e+00,2.01920033105438979e+00,nan,nan
213,5.325,4.663631260e-01,4.251964551e-01,2.18391653206620040e+00,2.01131001121973130e+00,nan,nan
214,5.35,4.655348248e-01,4.250373599e-01,2.17674978434966437e+00,2.00564055982934786e+00,nan,nan
215,5.375,4.690168844e-01,4.232719725e-01,2.16874245424947043e+00,2.00181821140490923e+00,nan,nan
216,5.4,4.810786570e-01,4.264165326e-01,2.15996721536445202e+00,1.99921653297077473e+00,nan,nan
217,5.425,4.821729801e-01,4.241569515e-01,2.15054309686387368e+00,1.99698736474751160e+00,nan,nan
218,5.45,4.819156026e-01,4.275881823e-01,2.14062969977554785e+00,1.99411595553992038e+00,nan,nan
219,5.475,4.798099802e-01,4.263112531e-01,2.13041695610088855e+00,1.98949735779786585e+00,nan,nan
220,5.5,4.817077192e-01,4.285512277e-01,2.12011083799575450e+00,1.98202873642769517e+00,nan,nan
221,5.525,4.779304101e-01,4.282603131e-01,2.10991586647058593e+00,1.97071014844666492e+00,nan,nan
222,5.55,4.804609942e-01,4.293046557e-01,2.10001568130936400e+00,1.95474481783198839e+00,nan,nan
223,5.575,4.788344331e-01,4.300026176e-01,2.09055327069524521e+00,1.93362917444732751e+00,nan,nan
224,5.6,4.781840054e-01,4.298475362e-01,2.08161267729732957e+00,1.90722309649955557e+00,nan,nan
225,5.625,4.787097022e-01,4.315367611e-01,2.07320406155000825e+00,1.87579195495843809e+00,nan,nan
226,5.65,4.748986399e-01,4.301790634e-01,2.06525388871115068e+00,1.84001416741634571e+00,nan,nan
227,5.675,4.775629645e-01,4.328615019e-01,2.05760170598711190e+00,1.80095088472999953e+00,nan,nan
228,5.7,4.756314894e-01,4.302986119e-01,2.05000449990637890e+00,1.75997791560553551e+00,nan,nan
229,5.725,4.758553183e-01,4.339758140e-01,2.04214900178952385e+00,1.71868372238945621e+00,nan,nan
230,5.75,4.761256652e-01,4.315371183e-01,2.03367158828201555e+00,1.67874092630954053e+00,nan,nan
231,5.775,4.774435743e-01,4.348789151e-01,2.02418466706403999e+00,1.64176185990567447e+00,nan,nan
232,5.8,4.763805020e-01,4.334394746e-01,2.01330771736751846e+00,1.60915094385839463e+00,nan,nan
233,5.825,4.787944238e-01,4.355702511e-01,2.00070054624303140e+00,1.58196775856600813e+00,nan,nan
234,5.85,4.763954262e-01,4.351331611e-01,1.98609589551140187e+00,1.56081444500941480e+00,nan,nan
235,5.875,4.799067693e-01,4.360494374e-01,1.96932834950824698e+00,1.54575945178370744e+00,nan,nan
236,5.9,4.767722786e-01,4.366173007e-01,1.95035658900603059e+00,1.53630673570753085e+00,nan,nan
237,5.925,4.807797470e-01,4.363161792e-01,1.92927642569954094e+00,1.53141555321383627e+00,nan,nan
238,5.95,4.787458797e-01,4.378910476e-01,1.90632271920528051e+00,1.52957130326557489e+00,nan,nan
239,5.975,4.814127898e-01,4.363701995e-01,1.88185918001036523e+00,1.52890294560635742e+00,nan,nan
240,6,4.804827003e-01,4.389535444e-01,1.85635612548169404e+00,1.52733781410141756e+00,nan,nan
241,6.025,4.818056373e-01,4.362112081e-01,1.83035738854143570e+00,1.52278066376192767e+00,nan,nan
242,6.05,4.819820377e-01,4.398039323e-01,1.80443867306023087e+00,1.51330096576469608e+00,nan,nan
243,6.075,4.819582874e-01,4.371695664e-01,1.77916059617739197e+00,1.49731112673289135e+00,nan,nan
244,6.1,4.832433813e-01,4.404414148e-01,1.75502035318766847e+00,1.47371864251883844e+00,nan,nan
245,6.125,4.818709063e-01,4.388193442e-01,1.73240630175023091e+00,1.44203722039276716e+00,nan,nan
246,6.15,4.842663146e-01,4.408653481e-01,1.71155973399146344e+00,1.40244545946468269e+00,nan,nan
247,6.175,4.815437320e-01,4.402579081e-01,1.69254766851366667e+00,1.35578644673924065e+00,nan,nan
248,6.2,4.697825343e-01,4.410753242e-01,1.67524967016878001e+00,1.30350715159999542e+00,nan,nan
249,6.225,4.541399726e-01,4.334413717e-01,1.65936055432511420e+00,1.24754224283532711e+00,nan,nan
250,6.25,4.519642401e-01,4.306923925e-01,1.64440945049618326e+00,1.19015233518916541e+00,nan,nan
251,6.275,4.565987586e-01,4.314413118e-01,1.62979421137010672e+00,1.13373115015942760e+00,nan,nan
252,6.3,4.562767084e-01,4.297759544e-01,1.61482869735944923e+00,1.08059918744728334e+00,nan,nan
253,6.325,4.580131985e-01,4.320462426e-01,1.59879918624370831e+00,1.03280292348782843e+00,nan,nan
254,6.35,4.597040771e-01,4.294420437e-01,1.58102518295278083e+00,9.91938127126133717e-01,nan,nan
255,6.375,4.583781787e-01,4.319699616e-01,1.56091934118146947e+00,9.59013643275014482e-01,nan,nan
256,6.4,4.620894783e-01,4.308880010e-01,1.53804112440668073e+00,9.34368162417112957e-01,nan,nan
257,6.425,4.607145405e-01,4.312179249e-01,1.51213925190456422e+00,9.17647449201483334e-01,nan,nan
258,6.45,4.634262549e-01,4.316607757e-01,1.48317886958389145e+00,9.07843752205481191e-01,nan,nan
259,6.475,4.640911883e-01,4.297970375e-01,1.45135068231467068e+00,9.03393234149208801e-01,nan,nan
260,6.5,4.637106463e-01,4.193931805e-01,1.41706086898487005e+00,9.02321832046109606e-01,nan,nan
261,6.525,4.664236422e-01,4.007554190e-01,1.38090232801518198e+00,9.02425513294269011e-01,nan,nan
262,6.55,4.639346580e-01,3.879093661e-01,1.34360950695972736e+00,9.01467863840187955e-01,nan,nan
263,6.575,4.677068623e-01,3.874129580e-01,1.30600059177536942e+00,8.97376606590753023e-01,nan,nan
264,6.6,4.672805077e-01,3.898467409e-01,1.26891202155111582e+00,8.88421105045973825e-01,nan,nan
265,6.625,4.679386694e-01,3.877451557e-01,1.23313103567810112e+00,8.73355078535841267e-01,nan,nan
266,6.65,4.695839015e-01,3.909362129e-01,1.19933217791514202e+00,8.51512390316050416e-01,nan,nan
267,6.675,4.671196326e-01,3.905784747e-01,1.16802335127222956e+00,8.22848475661984047e-01,nan,nan
268,6.7,4.708409746e-01,3.911750208e-01,1.13950616795199644e+00,7.87925264124230029e-01,nan,nan
269,6.725,4.652529490e-01,3.925681907e-01,1.11385404912120456e+00,7.47842783906168762e-01,nan,nan
270,6.75,4.494187068e-01,3.905626556e-01,1.09090992212165938e+00,7.04125494106779493e-01,nan,nan
271,6.775,4.238383496e-01,3.797467977e-01,1.07030359057541435e+00,6.58575314236385601e-01,nan,nan
272,6.8,3.892387787e-01,3.604937948e-01,1.05148708381433109e+00,6.13105961104852604e-01,nan,nan
273,6.825,3.484940065e-01,3.356657053e-01,1.03378469301864251e+00,5.69574352864390621e-01,nan,nan
274,6.85,3.524785247e-01,3.353623129e-01,1.01645312150429845e+00,5.29624447144617205e-01,nan,nan
275,6.875,3.550059690e-01,3.382541403e-01,9.98746332615430221e-01,4.94557048641077301e-01,nan,nan
276,6.9,3.566175021e-01,3.376359282e-01,9.79979344129267904e-01,4.65236093048486343e-01,nan,nan
277,6.925,3.606914775e-01,3.402021481e-01,9.59585416425457249e-01,4.42038037957540486e-01,nan,nan
278,6.95,3.612354034e-01,3.408362809e-01,9.37161784848289936e-01,4.24846683178549622e-01,nan,nan
279,6.975,3.655265447e-01,3.415067070e-01,9.12500218796522322e-01,4.13091440345435990e-01,nan,nan
280,7,3.676569797e-01,3.433975384e-01,8.85600135761727913e-01,4.05823188340428354e-01,nan,nan
281,7.025,3.694897108e-01,3.421664757e-01,8.56663615158719360e-01,4.01818736822757705e-01,nan,nan
282,7.05,3.732226257e-01,3.343704946e-01,8.26073288998176780e-01,3.99702829234991563e-01,nan,nan
283,7.075,3.732511311e-01,3.203962386e-01,7.94355581656161713e-01,3.98075688063862509e-01,nan,nan
284,7.1,3.779100672e-01,3.089289823e-01,7.62132994144612663e-01,3.95634355629099210e-01,nan,nan
285,7.125,3.795791766e-01,3.131938079e-01,7.30069974443992464e-01,3.91277413902468008e-01,nan,nan
286,7.15,3.816995264e-01,3.142650071e-01,6.98817318996160175e-01,3.84184878800088336e-01,nan,nan
287,7.175,3.850254871e-01,3.164362938e-01,6.68959990042808594e-01,3.73867887707444280e-01,nan,nan
288,7.2,3.845736986e-01,3.189031085e-01,6.40972732532617329e-01,3.60185922892315324e-01,nan,nan
289,7.225,3.895690532e-01,3.189522626e-01,6.15186996940148223e-01,3.43332420361467328e-01,nan,nan
290,7.25,3.865177466e-01,3.228256363e-01,5.91771517555560012e-01,3.23792411160898075e-01,nan,nan
291,7.275,3.756588303e-01,3.207289841e-01,5.70727578762253884e-01,3.02278089705354414e-01,nan,nan
292,7.3,3.574929808e-01,3.119627749e-01,5.51898653349850554e-01,2.79649732723095401e-01,nan,nan
293,7.325,3.326656811e-01,2.969495986e-01,5.34992842706269345e-01,2.56830116611712733e-01,nan,nan
294,7.35,3.019459478e-01,2.762394961e-01,5.19615499457076413e-01,2.34720498428101332e-01,nan,nan
295,7.375,2.662029756e-01,2.504914281e-01,5.05308654572588334e-01,2.14125411726665021e-01,nan,nan
296,7.4,2.263814059e-01,2.204528302e-01,4.91593457188344740e-01,1.95692121698247901e-01,nan,nan
297,7.425,2.128503849e-01,1.989802154e-01,4.78011785243246057e-01,1.79868767494916870e-01,nan,nan
298,7.45,2.157897257e-01,2.001630308e-01,4.64163482390791082e-01,1.66883198709330133e-01,nan,nan
299,7.475,2.192121739e-01,2.023268689e-01,4.49736273906878592e-01,1.56742493698497132e-01,nan,nan
300,7.5,2.208137204e-01,2.025973912e-01,4.34526238890718508e-01,1.49251316353125246e-01,nan,nan
301,7.525,2.250716736e-01,2.052025772e-01,4.18447678709686521e-01,1.44045776007688364e-01,nan,nan
302,7.55,2.276617524e-01,2.062898322e-01,4.01532226030983264e-01,1.40638406849252912e-01,nan,nan
303,7.575,2.304000050e-01,2.075964345e-01,3.83917991007847348e-01,1.38469330830776199e-01,nan,nan
304,7.6,2.339945304e-01,2.049464194e-01,3.65830358462087668e-01,1.36958612442915600e-01,nan,nan
305,7.625,2.356313229e-01,1.986082973e-01,3.47556667582562429e-01,1.35555209053709297e-01,nan,nan
306,7.65,2.397824236e-01,1.969513667e-01,3.29417382019187355e-01,1.33778684032790751e-01,nan,nan
307,7.675,2.424664715e-01,1.992808511e-01,3.11736476744207236e-01,1.31250873377273786e-01,nan,nan
308,7.7,2.449971946e-01,2.020969960e-01,2.94813636981135052e-01,1.27715859590573633e-01,nan,nan
309,7.725,2.487444111e-01,2.030826500e-01,2.78900514367999397e-01,1.23047789107570263e-01,nan,nan
310,7.75,2.503917724e-01,2.067960063e-01,2.64182764466363740e-01,1.17247163259350529e-01,nan,nan
311,7.775,2.544359115e-01,2.086822336e-01,2.50768957667471815e-01,1.10427149770692665e-01,nan,nan
312,7.8,2.536018348e-01,2.110265122e-01,2.38686777673825429e-01,1.02792140535099538e-01,nan,nan
313,7.825,2.481693783e-01,2.092326960e-01,2.27886262058483807e-01,9.46111892851540376e-02,nan,nan
314,7.85,2.384957807e-01,2.035607721e-01,2.18249254954023142e-01,8.61890955978204532e-02,nan,nan
315,7.875,2.250029871e-01,1.943371842e-01,2.09603778102163046e-01,7.78377806284373253e-02,nan,nan
316,7.9,2.081643466e-01,1.819433575e-01,2.01741713935278982e-01,6.98502664832834075e-02,nan,nan
317,7.925,1.884910674e-01,1.668037101e-01,1.94438047435447098e-01,6.24790805291821974e-02,nan,nan
318,7.95,1.665187761e-01,1.493734846e-01,1.87469930501540594e-01,5.59203205456249366e-02,nan,nan
319,7.975,1.427944931e-01,1.301267106e-01,1.80633997269712215e-01,5.03039992273277836e-02,nan,nan
320,8,1.178643060e-01,1.137391956e-01,1.73760643462108400e-01,4.56906945864710007e-02,nan,nan
321,8.025,9.745768306e-02,1.155545977e-01,1.66724351555839923e-01,4.20740139043636746e-02,nan,nan
322,8.05,9.954642459e-02,1.173882745e-01,1.59449556534758535e-01,3.93879678742626652e-02,nan,nan
323,8.075,1.020398261e-01,1.196731501e-01,1.51911964341279460e-01,3.75180691319660503e-02,nan,nan
324,8.1,1.039365635e-01,1.207489841e-01,1.44135620553331123e-01,3.63148221208759031e-02,nan,nan
325,8.125,1.064110161e-01,1.200239992e-01,1.36186350362296177e-01,3.56082531662387097e-02,nan,nan
326,8.15,1.087929580e-01,1.175995745e-01,1.28162431130020932e-01,3.52222244143511817e-02,nan,nan
327,8.175,1.105471622e-01,1.136000780e-01,1.20183503607544595e-01,3.49874592288627537e-02,nan,nan
328,8.2,1.134238191e-01,1.081691298e-01,1.12378774759914424e-01,3.47524518228111909e-02,nan,nan
329,8.225,1.156477228e-01,1.014657502e-01,1.04875520219414584e-01,3.43917112977083078e-02,nan,nan
330,8.25,1.178042217e-01,9.833765098e-02,9.77887710566251039e-02,3.38110723800562479e-02,nan,nan
331,8.275,1.205545762e-01,1.002863730e-01,9.12128864352340640e-02,3.29500682219834584e-02,nan,nan
332,8.3,1.225685974e-01,1.017049293e-01,8.52154924617860021e-02,3.17815860890846985e-02,nan,nan
333,8.325,1.251956454e-01,1.041164537e-01,7.98340306322273263e-02,3.03092019974606636e-02,nan,nan
334,8.35,1.277685135e-01,1.058173861e-01,7.50749279743130743e-02,2.85627089001160468e-02,nan,nan
335,8.375,1.295455254e-01,1.077280854e-01,7.09151936500786728e-02,2.65924140679668353e-02,nan,nan
336,8.4,1.291997774e-01,1.077431484e-01,6.73060776502843322e-02,2.44627889105635266e-02,nan,nan
337,8.425,1.268903083e-01,1.059992902e-01,6.41783056734146484e-02,2.22460163939378064e-02,nan,nan
338,8.45,1.227976037e-01,1.026547583e-01,6.14483346736124925e-02,2.00159076437035760e-02,nan,nan
339,8.475,1.171183243e-01,9.788436546e-02,5.90250554254741280e-02,1.78425616666622426e-02,nan,nan
340,8.5,1.100602113e-01,9.187463375e-02,5.68163971673446011e-02,1.57880318252183738e-02,nan,nan
341,8.525,1.018372622e-01,8.481914838e-02,5.47353570750864493e-02,1.39031502930953826e-02,nan,nan
342,8.55,9.266525287e-02,7.691420395e-02,5.27050739289366896e-02,1.22255561341140535e-02,nan,nan
343,8.575,8.275766752e-02,6.835481142e-02,5.06626797416144248e-02,1.07788807469905330e-02,nan,nan
344,8.6,7.232208027e-02,5.933111766e-02,4.85617841773840209e-02,9.57297082618515857e-03,nan,nan
345,8.625,6.155701715e-02,5.146452802e-02,4.63735640712362937e-02,8.60497609771218065e-03,nan,nan
346,8.65,5.064931328e-02,5.266400068e-02,4.40865356316633289e-02,7.86109728100034717e-03,nan,nan
347,8.675,3.977196686e-02,5.401367872e-02,4.17051734527176809e-02,7.31877770556915198e-03,nan,nan
348,8.7,3.470411935e-02,5.543523055e-02,3.92476040805673568e-02,6.94912720735974335e-03,nan,nan
349,8.725,3.597413215e-02,5.667306581e-02,3.67426407360505886e-02,6.71938594359899107e-03,nan,nan
350,8.75,3.717088811e-02,5.807839842e-02,3.42264402163346901e-02,6.59526478357083581e-03,nan,nan
351,8.775,3.829279478e-02,5.870134136e-02,3.17390551515087035e-02,6.54303410161199712e-03,nan,nan
352,8.8,3.966983121e-02,5.858677829e-02,2.93211282463866074e-02,6.53127052691828292e-03,nan,nan
353,8.825,4.096070753e-02,5.778608782e-02,2.70109343873139729e-02,6.53220838709509585e-03,nan,nan
354,8.85,4.213933941e-02,5.635584353e-02,2.48419264701879271e-02,6.52267673994043774e-03,nan,nan
355,8.875,4.357737677e-02,5.435655807e-02,2.28408864332457461e-02,6.48463223158719532e-03,nan,nan
356,8.9,4.496174550e-02,5.185148881e-02,2.10267287949199473e-02,6.40532144643835011e-03,nan,nan
357,8.925,4.621598020e-02,4.890551859e-02,1.94099538668529581e-02,6.27712345418089332e-03,nan,nan
358,8.95,4.769887548e-02,4.558412253e-02,1.79927047324458488e-02,6.09713397935457771e-03,nan,nan
359,8.975,4.917475726e-02,4.195242872e-02,1.67693480894287976e-02,5.86655751200562074e-03,nan,nan
360,9,5.050013849e-02,4.277501008e-02,1.57274752235307541e-02,5.58997353881622583e-03,nan,nan
361,9.025,5.203549959e-02,4.359372471e-02,1.48492058877265805e-02,5.27453888101740188e-03,nan,nan
362,9.05,5.284918419e-02,4.379165279e-02,1.41126741192193900e-02,4.92918093258581155e-03,nan,nan
363,9.075,5.298711316e-02,4.341654837e-02,1.34935798438233015e-02,4.56382744003810351e-03,nan,nan
364,9.1,5.249972767e-02,4.251985910e-02,1.29667018856360981e-02,4.18870831068291188e-03,nan,nan
365,9.125,5.144082580e-02,4.115555577e-02,1.25072848752819793e-02,3.81375460520879707e-03,nan,nan
366,9.15,4.986648736e-02,3.937905687e-02,1.20922326253745695e-02,3.44811002923687973e-03,nan,nan
367,9.175,4.783409380e-02,3.724625632e-02,1.17010619930065438e-02,3.09976138323943273e-03,nan,nan
368,9.2,4.540144731e-02,3.481265876e-02,1.13165924503141769e-02,2.77528689118071046e-03,nan,nan
369,9.225,4.262599049e-02,3.213262426e-02,1.09253661894298960e-02,2.47971528398981643e-03,nan,nan
370,9.25,3.956412578e-02,2.925872177e-02,1.05178105777913710e-02,2.21648401335039881e-03,nan,nan
371,9.275,3.627063189e-02,2.624118811e-02,1.00881684757554001e-02,1.98748195897444774e-03,nan,nan
372,9.3,3.279817321e-02,2.312748810e-02,9.63423198235153176e-03,1.79316033585684366e-03,nan,nan
373,9.325,2.919689659e-02,2.018150887e-02,9.15692153489736614e-03,1.63269502272389826e-03,nan,nan
374,9.35,2.551410952e-02,2.079932396e-02,8.65975515066139123e-03,1.50418400626941380e-03,nan,nan
375,9.375,2.179403288e-02,2.141160599e-02,8.14825235219068106e-03,1.40486484617342085e-03,nan,nan
376,9.4,1.807762111e-02,2.211058184e-02,7.62931448292914968e-03,1.33133879823648760e-03,nan,nan
377,9.425,1.440244284e-02,2.279157333e-02,7.11061829143300184e-03,1.27979029006124677e-03,nan,nan
378,9.45,1.188288397e-02,2.344757894e-02,6.60005345832272074e-03,1.24619265378876870e-03,nan,nan
379,9.475,1.238347844e-02,2.412531496e-02,6.10522775604141477e-03,1.22649324113776009e-03,nan,nan
380,9.5,1.289240712e-02,2.453093315e-02,5.63305630770813935e-03,1.21677316581767295e-03,nan,nan
381,9.525,1.340796764e-02,2.467536700e-02,5.18944440822274519e-03,1.21337885552183175e-03,nan,nan
382,9.55,1.397394021e-02,2.457139390e-02,4.77906695458234568e-03,1.21302429570528366e-03,nan,nan
383,9.575,1.454993833e-02,2.423337280e-02,4.40524196991222503e-03,1.21286427960014113e-03,nan,nan
384,9.6,1.513399140e-02,2.367699060e-02,4.06989116636169261e-03,1.21054013262978256e-03,nan,nan
385,9.625,1.572372709e-02,2.291901897e-02,3.77357705555238232e-03,1.20420025944711147e-03,nan,nan
386,9.65,1.631632307e-02,2.197708246e-02,3.51560378387690432e-03,1.19249848483836342e-03,nan,nan
387,9.675,1.696209069e-02,2.086943889e-02,3.29416758268571454e-03,1.17457355038120170e-03,nan,nan
388,9.7,1.762721310e-02,1.984863385e-02,3.10654237171955087e-03,1.15001331664779899e-03,nan,nan
389,9.725,1.829620242e-02,1.873587671e-02,2.94928649723376780e-03,1.11880723787238117e-03,nan,nan
390,9.75,1.896534877e-02,1.750344445e-02,2.81845766528853641e-03,1.08129055463028543e-03,nan,nan
391,9.775,1.963936341e-02,1.616967331e-02,2.70982468124928615e-03,1.03808342124023798e-03,nan,nan
392,9.8,2.039063899e-02,1.634309048e-02,2.61906646897239366e-03,9.90027877036822601e-04,nan,nan
393,9.825,2.092753491e-02,1.639536410e-02,2.54195087039202610e-03,9.38125210116375085e-04,nan,nan
394,9.85,2.124891653e-02,1.628779901e-02,2.47448778944085301e-03,8.83475871046480381e-04,nan,nan
395,9.875,2.136398821e-02,1.603157630e-02,2.41305323621728192e-03,8.27223691306996434e-04,nan,nan
396,9.9,2.128309080e-02,1.563842181e-02,2.35448266395790013e-03,7.70505762483856649e-04,nan,nan
397,9.925,2.101754813e-02,1.512046340e-02,2.29613361161204758e-03,7.14408949875935755e-04,nan,nan
398,9.95,2.057951817e-02,1.449009811e-02,2.23591902926377961e-03,6.59933657714298957e-04,nan,nan
399,9.975,1.998184932e-02,1.375986888e-02,2.17231375239245730e-03,6.07965139570859668e-04,nan,nan
400,10,1.923794200e-02,1.294235085e-02,2.10433740077030276e-03,5.59252361446264620e-04,nan,nan
401,10.025,1.836161589e-02,1.205004686e-02,2.03151751902017758e-03,5.14394179254835850e-04,nan,nan
402,10.05,1.736698287e-02,1.109529200e-02,1.95383706931036164e-03,4.73832388138546734e-04,nan,nan
403,10.075,1.626832614e-02,1.009016687e-02,1.87167046059772421e-03,4.37851038083372454e-04,nan,nan
404,10.1,1.507998542e-02,9.590373448e-03,1.78571218618696218e-03,4.06581287441348056e-04,nan,nan
405,10.125,1.381624862e-02,9.930925973e-03,1.69690187737209035e-03,3.80010981081714040e-04,nan,nan
406,10.15,1.249125005e-02,1.029415469e-02,1.60634920105248193e-03,3.57998090238077424e-04,nan,nan
407,10.175,1.111887536e-02,1.066422114e-02,1.51526156761062902e-03,3.40287133417696422e-04,nan,nan
408,10.2,9.712673254e-03,1.104050684e-02,1.42487710358580200e-03,3.26527708369789488e-04,nan,nan
409,10.225,8.285774301e-03,1.142227554e-02,1.33640480995474761e-03,3.16294300218440932e-04,nan,nan
410,10.25,6.850816645e-03,1.180866067e-02,1.25097329538512983e-03,3.09106586479830810e-04,nan,nan
411,10.275,5.419878928e-03,1.219865187e-02,1.16958896472881403e-03,3.04449531809823214e-04,nan,nan
412,10.3,5.399897925e-03,1.261493286e-02,1.09310407213675481e-03,3.01792650038187774e-04,nan,nan
413,10.325,5.641688548e-03,1.291516248e-02,1.02219462732140959e-03,3.00607904552818489e-04,nan,nan
414,10.35,5.891297603e-03,1.310159387e-02,9.57347780713512170e-04,3.00385816821021863e-04,nan,nan
415,10.375,6.148780049e-03,1.317727727e-02,8.98858013207412586e-04,3.00649453458772269e-04,nan,nan
416,10.4,6.414162066e-03,1.314599998e-02,8.46831220540899057e-04,3.00966061776755753e-04,nan,nan
417,10.425,6.687436654e-03,1.301222385e-02,8.01195610268721939e-04,3.00956219486208840e-04,nan,nan
418,10.45,6.968558766e-03,1.278102084e-02,7.61718217855604312e-04,3.00300453955832107e-04,nan,nan
419,10.475,7.257439913e-03,1.245800724e-02,7.28025793100808751e-04,2.98743368184911835e-04,nan,nan
420,10.5,7.553942214e-03,1.204927693e-02,6.99628803167650433e-04,2.96095383010386987e-04,nan,nan
421,10.525,7.863497479e-03,1.156133427e-02,6.75947337350697708e-04,2.92232266910477298e-04,nan,nan
422,10.55,8.186771155e-03,1.100102712e-02,6.56337774300426837e-04,2.87092675408106418e-04,nan,nan
423,10.575,8.518951301e-03,1.037548036e-02,6.40119177471850558e-04,2.80673961188470668e-04,nan,nan
424,10.6,8.859860715e-03,9.692030364e-03,6.26598511857630303e-04,2.73026543646700517e-04,nan,nan
425,10.625,9.209253679e-03,8.958160919e-03,6.15093917660741057e-04,2.64247143006419267e-04,nan,nan
426,10.65,9.566807084e-03,8.181440860e-03,6.04955427945931198e-04,2.54471190006227749e-04,nan,nan
427,10.675,9.898624803e-03,7.369463827e-03,5.95582671540105957e-04,2.43864718280777977e-04,nan,nan
428,10.7,1.013815782e-02,7.112551466e-03,5.86439254251436975e-04,2.32616033998253808e-04,nan,nan
429,10.725,1.028716702e-02,7.037223619e-03,5.77063656298187292e-04,2.20927437233913647e-04,nan,nan
430,10.75,1.034802941e-02,6.906568645e-03,5.67076617900992542e-04,2.09007243237019922e-04,nan,nan
431,10.775,1.032369455e-02,6.724125650e-03,5.56185105296107284e-04,1.97062320519463528e-04,nan,nan
432,10.8,1.021763894e-02,6.493674616e-03,5.44183053740071479e-04,1.85291327907009568e-04,nan,nan
433,10.825,1.003381864e-02,6.219196203e-03,5.30949170906556229e-04,1.73878795673346360e-04,nan,nan
434,10.85,9.776620412e-03,5.904832083e-03,5.16442152626710193e-04,1.62990157890433132e-04,nan,nan
435,10.875,9.450812064e-03,5.554846052e-03,5.00693713035302323e-04,1.52767805356222327e-04,nan,nan
436,10.9,9.061492050e-03,5.173586133e-03,4.83799863265765113e-04,1.43328191970949412e-04,nan,nan
437,10.925,8.614038907e-03,4.765447908e-03,4.65910887791582047e-04,1.34759993162684907e-04,nan,nan
438,10.95,8.114060778e-03,4.548159573e-03,4.47220466657480146e-04,1.27123283702968679e-04,nan,nan
439,10.975,7.567345399e-03,4.730980202e-03,4.27954376831986923e-04,1.20449674640673145e-04,nan,nan
440,11,6.979810844e-03,4.918945520e-03,4.08359178643474753e-04,1.14743325594742569e-04,nan,nan
441,11.025,6.357457344e-03,5.112101930e-03,3.88691255804928708e-04,1.09982729604089159e-04,nan,nan
442,11.05,5.706320464e-03,5.310483326e-03,3.69206532051387934e-04,1.06123153302600703e-04,nan,nan
443,11.075,5.032425883e-03,5.514109248e-03,3.50151136093047356e-04,1.03099605391385077e-04,nan,nan
444,11.1,4.341746035e-03,5.722982845e-03,3.31753231567956061e-04,1.00830201108903506e-04,nan,nan
445,11.125,3.640158828e-03,5.937088659e-03,3.14216172002373365e-04,9.92197894241830867e-05,nan,nan
446,11.15,2.933408626e-03,6.156390198e-03,2.97713084346274933e-04,9.81637126687306581e-05,nan,nan
447,11.175,2.844479582e-03,6.380827286e-03,2.82382930149310298e-04,9.75515748649248836e-05,nan,nan
448,11.2,2.977378294e-03,6.608441915e-03,2.68328042361807770e-04,9.72709046228970129e-05,nan,nan
449,11.225,3.114786100e-03,6.778870297e-03,2.55613089327570047e-04,9.72106106378385924e-05,nan,nan
450,11.25,3.256825458e-03,6.892862083e-03,2.44265376766832976e-04,9.72641419706244342e-05,nan,nan
451,11.275,3.403619423e-03,6.951557974e-03,2.34276364156128108e-04,9.73322808713269789e-05,nan,nan
452,11.3,3.555291154e-03,6.956467124e-03,2.25604244367819725e-04,9.73255123482213920e-05,nan,nan
453,11.325,3.711963351e-03,6.909442763e-03,2.18177414960427519e-04,9.71659314556897282e-05,nan,nan
454,11.35,3.873757620e-03,6.812656252e-03,2.11898656105815588e-04,9.67886658685065011e-05,nan,nan
455,11.375,4.040793750e-03,6.668569838e-03,2.06649823586073329e-04,9.61428072680151324e-05,nan,nan
456,11.4,4.213188901e-03,6.479908323e-03,2.02296865192367351e-04,9.51918599826256158e-05,nan,nan
457,11.425,4.391056689e-03,6.249629891e-03,1.98694974655112930e-04,9.39137288569216419e-05,nan,nan
458,11.45,4.574506158e-03,5.980896338e-03,1.95693708248140702e-04,9.23002801922331108e-05,nan,nan
459,11.475,4.763640632e-03,5.677042909e-03,1.93141904662588059e-04,9.03565195968276274e-05,nan,nan
460,11.5,4.958556437e-03,5.341547993e-03,1.90892267797955999e-04,8.80994385645782196e-05,nan,nan
461,11.525,5.159341480e-03,4.978002865e-03,1.88805493892709180e-04,8.55565874929910557e-05,nan,nan
462,11.55,5.366073671e-03,4.590081708e-03,1.86753848033373429e-04,8.27644366447999840e-05,nan,nan
463,11.575,5.544735966e-03,4.181512091e-03,1.84624119677710002e-04,7.97665883013591202e-05,nan,nan
464,11.6,5.675954638e-03,3.756046107e-03,1.82319911585858516e-04,7.66119031537147678e-05,nan,nan
465,11.625,5.760220766e-03,3.561847321e-03,1.79763240718263756e-04,7.33526019780752418e-05,nan,nan
466,11.65,5.798352499e-03,3.491145995e-03,1.76895452555486161e-04,7.00424000349927662e-05,nan,nan
467,11.675,5.791478407e-03,3.395749700e-03,1.73677471340106062e-04,6.67347266353909515e-05,nan,nan
468,11.7,5.741019251e-03,3.277260597e-03,1.70089427454233688e-04,6.34810761736575891e-05,nan,nan
469,11.725,5.648668323e-03,3.137394305e-03,1.66129719154382415e-04,6.03295298946660127e-05,nan,nan
470,11.75,5.516370562e-03,2.977963111e-03,1.61813578924835226e-04,5.73234800002563050e-05,nan,nan
471,11.775,5.346300607e-03,2.800859145e-03,1.57171224625459431e-04,5.45005796723723281e-05,nan,nan
472,11.8,5.140839991e-03,2.871342617e-03,1.52245682348469926e-04,5.18919344471660367e-05,nan,nan
473,11.825,4.902553633e-03,2.984537728e-03,1.47090371506272336e-04,4.95215423545458384e-05,nan,nan
474,11.85,4.634165841e-03,3.100845665e-03,1.41766543282664933e-04,4.74059825581883736e-05,nan,nan
475,11.875,4.338535976e-03,3.220323482e-03,1.36340661403064599e-04,4.55543450844815703e-05,nan,nan
476,11.9,4.018633970e-03,3.343026686e-03,1.30881809491877239e-04,4.39683877794544583e-05,nan,nan
477,11.925,3.677515860e-03,3.469008804e-03,1.25459202414656562e-04,4.26429010139007871e-05,nan,nan
478,11.95,3.318299503e-03,3.598320904e-03,1.20139870315904152e-04,4.15662559697628432e-05,nan,nan
479,11.975,2.944140632e-03,3.731011057e-03,1.14986573952065860e-04,4.07211086537402327e-05,nan,nan
480,12,2.558209404e-03,3.867123752e-03,1.10055998787245742e-04,4.00852291329676248e-05,nan,nan
481,12.025,2.163667577e-03,4.006699256e-03,1.05397263569665246e-04,3.96324238772568986e-05,nan,nan
482,12.05,1.763646457e-03,4.144302317e-03,1.01050767131187231e-04,3.93335184984833021e-05,nan,nan
483,12.075,1.675611252e-03,4.249415325e-03,9.70473853192180415e-05,3.91573685493744274e-05,nan,nan
484,12.1,1.756604698e-03,4.321975775e-03,9.34080186176953548e-05,3.90718673071125278e-05,nan,nan
485,12.125,1.840537380e-03,4.362157145e-03,9.01434804407875707e-05,3.90449215279322650e-05,nan,nan
486,12.15,1.928596831e-03,4.370361419e-03,8.72547065442341182e-05,3.90453689076357250e-05,nan,nan
487,12.175,2.019420664e-03,4.347210205e-03,8.47332577014872960e-05,3.90438142982007193e-05,nan,nan
488,12.2,2.113083852e-03,4.293534582e-03,8.25620808908264400e-05,3.90133654833039139e-05,nan,nan
489,12.225,2.209663757e-03,4.210363753e-03,8.07164888397980180e-05,3.89302533728272848e-05,nan,nan
490,12.25,2.309240110e-03,4.098912636e-03,7.91653139283285146e-05,3.87743257056736863e-05,nan,nan
491,12.275,2.411894975e-03,3.960568504e-03,7.78721901666650374e-05,3.85294076226936453e-05,nan,nan
492,12.3,2.517712705e-03,3.796876784e-03,7.67969161985928921e-05,3.81835266654850374e-05,nan,nan
493,12.325,2.626779868e-03,3.609526151e-03,7.58968529528501480e-05,3.77290037604471174e-05,nan,nan
494,12.35,2.739185163e-03,3.400333019e-03,7.51283115592066053e-05,3.71624154612525736e-05,nan,nan
495,12.375,2.855019304e-03,3.171225579e-03,7.44478903132358419e-05,3.64844360615838737e-05,nan,nan
496,12.4,2.974989731e-03,2.924227473e-03,7.38137236446031493e-05,3.56995710839572012e-05,nan,nan
497,12.425,3.099260507e-03,2.661441253e-03,7.31866110297198772e-05,3.48157960466815260e-05,nan,nan
498,12.45,3.227188246e-03,2.420411715e-03,7.25309993921486798e-05,3.38441162733761641e-05,nan,nan
499,12.475,3.354520812e-03,2.203390642e-03,7.18157985501170526e-05,3.27980648187932636e-05,nan,nan
500,12.5,3.454234365e-03,2.047631748e-03,7.10150154985204597e-05,3.16931563380941391e-05,nan,nan
501,12.525,3.526313779e-03,2.030289256e-03,7.01081995587731795e-05,3.05463149367763329e-05,nan,nan
502,12.55,3.570940125e-03,1.998350643e-03,6.90806965119726595e-05,2.93752937318277460e-05,nan,nan
503,12.575,3.588484123e-03,1.952482749e-03,6.79237155838624627e-05,2.81981030706301321e-05,nan,nan
504,12.6,3.579498485e-03,1.893432443e-03,6.66342184289616443e-05,2.70324631425952197e-05,nan,nan
505,12.625,3.544709213e-03,1.822018831e-03,6.52146439438667109e-05,2.58952951381568697e-05,nan,nan
506,12.65,3.485005958e-03,1.739125194e-03,6.36724867288857076e-05,2.48022632258285384e-05,nan,nan
507,12.675,3.401431522e-03,1.812157328e-03,6.20197502416084252e-05,2.37673775002708072e-05,nan,nan
508,12.7,3.295170596e-03,1.888817295e-03,6.02722981008342140e-05,2.28026657746920767e-05,nan,nan
509,12.725,3.167537827e-03,1.967453179e-03,5.84491285854578220e-05,2.19179197216268202e-05,nan,nan
510,12.75,3.019965330e-03,2.048110294e-03,5.65715981361966571e-05,2.11205184776387226e-05,nan,nan
511,12.775,2.853989714e-03,2.130835797e-03,5.46626196372124705e-05,2.04153304866640059e-05,nan,nan
512,12.8,2.671238750e-03,2.216314235e-03,5.27458604792721970e-05,1.98046921252660780e-05,nan,nan
513,12.825,2.473417767e-03,2.305099587e-03,5.08449639537003118e-05,1.92884595862157086e-05,nan,nan
514,12.85,2.262295867e-03,2.396152914e-03,4.89828154796297864e-05,1.88641286421050565e-05,nan,nan
515,12.875,2.039692073e-03,2.489525442e-03,4.71808726203562826e-05,1.85270153072287789e-05,nan,nan
516,12.9,1.807461493e-03,2.585269795e-03,4.54585749007411594e-05,1.82704890937534290e-05,nan,nan
517,12.925,1.567481591e-03,2.683439938e-03,4.38328462043864522e-05,1.80862495379355040e-05,nan,nan
518,12.95,1.321638663e-03,2.784091100e-03,4.23176991161881670e-05,1.79646359651545139e-05,nan,nan
519,12.975,1.071814592e-03,2.887279695e-03,4.09239470908368347e-05,1.78949600709697104e-05,nan,nan
520,13,1.086381257e-03,2.977146580e-03,3.96590268744271638e-05,1.78658508127636216e-05,nan,nan
521,13.025,1.141111674e-03,3.045632822e-03,3.85269302810613349e-05,1.78656013182496854e-05,nan,nan
522,13.05,1.197352932e-03,3.092730622e-03,3.75282413163613947e-05,1.78825080014482592e-05,nan,nan
523,13.075,1.255201015e-03,3.118577145e-03,3.66602718211181701e-05,1.79051928057219687e-05,nan,nan
524,13.1,1.316348242e-03,3.123450238e-03,3.59172863442244430e-05,1.79229004340391376e-05,nan,nan
525,13.125,1.379200045e-03,3.107763306e-03,3.52908048942156998e-05,1.79257635417893502e-05,nan,nan
526,13.15,1.443795104e-03,3.072059389e-03,3.47699705985760377e-05,1.79050301174602247e-05,nan,nan
527,13.175,1.510174035e-03,3.017004511e-03,3.43419681404595603e-05,1.78532486200321680e-05,nan,nan
528,13.2,1.578379461e-03,2.943380355e-03,3.39924781504807327e-05,1.77644078374634076e-05,nan,nan
529,13.225,1.650282417e-03,2.852076333e-03,3.37061525000790715e-05,1.76340298373322247e-05,nan,nan
530,13.25,1.724245481e-03,2.744081116e-03,3.34670956534499536e-05,1.74592157596446545e-05,nan,nan
531,13.275,1.800260483e-03,2.620473697e-03,3.32593378566439080e-05,1.72386455168760836e-05,nan,nan
532,13.3,1.878378729e-03,2.482414054e-03,3.30672869348609561e-05,1.69725336849890604e-05,nan,nan
533,13.325,1.958653626e-03,2.331133490e-03,3.28761467837643983e-05,1.66625449632530662e-05,nan,nan
534,13.35,2.041140721e-03,2.167924711e-03,3.26722922230546751e-05,1.63116735268164863e-05,nan,nan
535,13.375,2.125942632e-03,1.994131733e-03,3.24435916713692687e-05,1.59240913759807586e-05,nan,nan
536,13.4,2.212984538e-03,1.811139672e-03,3.21796710390520816e-05,1.55049713872563438e-05,nan,nan
537,13.425,2.282534445e-03,1.620364491e-03,3.18721142569997447e-05,1.50602911862748110e-05,nan,nan
538,13.45,2.334478657e-03,1.423242785e-03,3.15145979042495111e-05,1.45966241896163085e-05,nan,nan
539,13.475,2.368827901e-03,1.226888702e-03,3.11029594055335691e-05,1.41209242048754415e-05,nan,nan
540,13.5,2.385714452e-03,1.199846378e-03,3.06352001881824107e-05,1.36403098439316040e-05,nan,nan
541,13.525,2.385388509e-03,1.164843804e-03,3.01114269664688709e-05,1.31618547058601404e-05,nan,nan
542,13.55,2.368213860e-03,1.122328774e-03,2.95337359182166548e-05,1.26923888394633995e-05,nan,nan
543,13.575,2.334662876e-03,1.072790244e-03,2.89060458980632811e-05,1.22383164204292823e-05,nan,nan
544,13.6,2.285310889e-03,1.024221312e-03,2.82338879668925362e-05,1.18054538965435854e-05,nan,nan
545,13.625,2.220830006e-03,1.073047534e-03,2.75241593886056289e-05,1.13988920898782002e-05,nan,nan
546,13.65,2.141982404e-03,1.122940158e-03,2.67848508428717910e-05,1.10228849221948854e-05,nan,nan
547,13.675,2.049613181e-03,1.173908264e-03,2.60247559232640411e-05,1.06807665740364270e-05,nan,nan
548,13.7,1.944642791e-03,1.226654268e-03,2.52531720395240997e-05,1.03748980238758148e-05,nan,nan
549,13.725,1.828059156e-03,1.281609346e-03,2.44796016331556691e-05,1.01066430650282814e-05,nan,nan
550,13.75,1.700909490e-03,1.337775826e-03,2.37134621661841732e-05,9.87637308700015024e-06,nan,nan
551,13.775,1.564291903e-03,1.395174743e-03,2.29638126784786573e-05,9.68349915466961069e-06,nan,nan
552,13.8,1.419346850e-03,1.454085239e-03,2.22391038589275803e-05,9.52652924076348792e-06,nan,nan
553,13.825,1.267248484e-03,1.515888104e-03,2.15469575730501196e-05,9.40314787924485134e-06,nan,nan
554,13.85,1.109195958e-03,1.579077045e-03,2.08939806699092563e-05,9.31031502106939465e-06,nan,nan
555,13.875,9.464047639e-04,1.643680036e-03,2.02856166914958496e-05,9.24438049763883377e-06,nan,nan
556,13.9,7.800981315e-04,1.709726634e-03,1.97260378654501016e-05,9.20121023616591127e-06,nan,nan
557,13.925,7.200597439e-04,1.777248024e-03,1.92180785137447217e-05,9.17632022674008490e-06,nan,nan
558,13.95,7.664788633e-04,1.846277052e-03,1.87632097907729289e-05,9.16501421161462353e-06,nan,nan
559,13.975,8.071152959e-04,1.901769737e-03,1.83615545066157434e-05,9.16252114857981099e-06,nan,nan
560,14,8.481830651e-04,1.943380141e-03,1.80119397242517229e-05,9.16412868495068811e-06,nan,nan
561,14.025,8.904893243e-04,1.971156733e-03,1.77119838683200839e-05,9.16530915696209127e-06,nan,nan
562,14.05,9.337781795e-04,1.985239833e-03,1.74582142685267305e-05,9.16183498945307101e-06,nan,nan
563,14.075,9.790350078e-04,1.985858642e-03,1.72462103988744980e-05,9.14988079921741787e-06,nan,nan
564,14.1,1.025940164e-03,1.973327747e-03,1.70707675756088514e-05,9.12610998766055407e-06,nan,nan
565,14.125,1.073952087e-03,1.948043121e-03,1.69260755480586946e-05,9.08774412903271466e-06,nan,nan
566,14.15,1.123087908e-03,1.910477679e-03,1.68059062584258568e-05,9.03261400377423703e-06,nan,nan
567,14.175,1.175052295e-03,1.861176401e-03,1.67038050553009833e-05,8.95919167679022033e-06,nan,nan
568,14.2,1.228265001e-03,1.800751089e-03,1.66132798131140193e-05,8.86660356266476327e-06,nan,nan
569,14.225,1.282748460e-03,1.729874786e-03,1.65279827237461116e-05,8.75462493972021512e-06,nan,nan
570,14.25,1.338526555e-03,1.649275903e-03,1.64418799715682663e-05,8.62365685944569138e-06,nan,nan
571,14.275,1.396950110e-03,1.559732104e-03,1.63494050608006349e-05,8.47468683570380236e-06,nan,nan
572,14.3,1.457265582e-03,1.462063991e-03,1.62455922136533821e-05,8.30923507957020467e-06,nan,nan
573,14.325,1.519043529e-03,1.357128636e-03,1.61261869770125754e-05,8.12928836289983207e-06,nan,nan
574,14.35,1.575117183e-03,1.245813005e-03,1.59877319413942142e-05,7.93722384102981851e-06,nan,nan
575,14.375,1.619278337e-03,1.129027324e-03,1.58276262652245406e-05,7.73572533882247716e-06,nan,nan
576,14.4,1.651441075e-03,1.007698427e-03,1.56441584873736406e-05,7.52769470303854074e-06,nan,nan
577,14.425,1.671602710e-03,8.827631343e-04,1.54365128794706904e-05,7.31616084838994326e-06,nan,nan
578,14.45,1.679842210e-03,7.926724744e-04,1.52047503166482515e-05,7.10418907709003258e-06,nan,nan
579,14.475,1.676318115e-03,8.277201547e-04,1.49497653128471616e-05,6.89479313663853337e-06,nan,nan
580,14.5,1.661265959e-03,8.644556484e-04,1.46732214589704144e-05,6.69085230390209269e-06,nan,nan
581,14.525,1.634995233e-03,9.021076184e-04,1.43774680060868109e-05,6.49503555261725564e-06,nan,nan
582,14.55,1.597885914e-03,9.404893790e-04,1.40654407416324434e-05,6.30973458471976371e-06,nan,nan
583,14.575,1.550384587e-03,9.803959686e-04,1.37405506073521780e-05,6.13700719272075950e-06,nan,nan
584,14.6,1.493000207e-03,1.021613738e-03,1.34065636999470347e-05,5.97853208060938253e-06,nan,nan
585,14.625,1.426299515e-03,1.063643278e-03,1.30674763785587066e-05,5.83557591465640496e-06,nan,nan
586,14.65,1.350902167e-03,1.106491375e-03,1.27273891798401509e-05,5.70897301322444185e-06,nan,nan
587,14.675,1.267475599e-03,1.151502588e-03,1.23903831167387493e-05,5.59911772619709655e-06,nan,nan
588,14.7,1.176729665e-03,1.197501931e-03,1.20604017190925999e-05,5.50596920934621529e-06,nan,nan
589,14.725,1.079411107e-03,1.244417579e-03,1.17411418727490664e-05,5.42906797554872045e-06,nan,nan
590,14.75,9.762978675e-04,1.292261347e-03,1.14359561410306079e-05,5.36756331098730517e-06,nan,nan
591,14.775,8.681933140e-04,1.342085933e-03,1.11477688212983865e-05,5.32025038696342791e-06,nan,nan
592,14.8,7.559203917e-04,1.393391586e-03,1.08790075144097271e-05,5.28561568212383683e-06,nan,nan
593,14.825,6.403157588e-04,1.441495399e-03,1.06315514809174360e-05,5.26188915983383080e-06,nan,nan
594,14.85,5.222239373e-04,1.479869438e-03,1.04066975399510066e-05,5.24710152382353015e-06,nan,nan
595,14.875,5.157720121e-04,1.508362377e-03,1.02051437496214741e-05,5.23914480339492694e-06,nan,nan
596,14.9,5.540596410e-04,1.526890460e-03,1.00269906056181422e-05,5.23583449734265279e-06,nan,nan
597,14.925,5.882078733e-04,1.535437071e-03,9.87175902052669364e-06,5.23497153193048351e-06,nan,nan
598,14.95,6.190141835e-04,1.534051865e-03,9.73842391208474494e-06,5.23440236017361328e-06,nan,nan
599,14.975,6.504013107e-04,1.522849477e-03,9.62546184431540762e-06,5.23207564359104446e-06,nan,nan
600,15,6.828766697e-04,1.502007819e-03,9.53091083966373133e-06,5.22609410883480777e-06,nan,nan
601,15.025,7.166910347e-04,1.471765988e-03,9.45244021938913859e-06,5.21476035469144612e-06,nan,nan
602,15.05,7.511446190e-04,1.432421800e-03,9.38742813798827315e-06,5.19661559377715830e-06,nan,nan
603,15.075,7.872804972e-04,1.384328979e-03,9.33304435771921580e-06,5.17047054125935774e-06,nan,nan
604,15.1,8.244173893e-04,1.327894021e-03,9.28633576170765447e-06,5.13542790333187353e-06,nan,nan
605,15.125,8.622669826e-04,1.263572758e-03,9.24431212700486048e-06,5.09089616408186393e-06,nan,nan
606,15.15,9.021032694e-04,1.191866652e-03,9.20402976886166192e-06,5.03659461406847703e-06,nan,nan
607,15.175,9.429134046e-04,1.113318847e-03,9.16267081923348430e-06,4.97254980093348839e-06,nan,nan
608,15.2,9.845253380e-04,1.028510010e-03,9.11761610952348208e-06,4.89908380568164875e-06,nan,nan
609,15.225,1.027943798e-03,9.380539861e-04,9.06650988196353056e-06,4.81679495249425187e-06,nan,nan
610,15.25,1.072805132e-03,8.425933093e-04,9.00731484701741023e-06,4.72653174037485350e-06,nan,nan
611,15.275,1.118572827e-03,7.427945900e-04,8.93835642626976809e-06,4.62936093768102821e-06,nan,nan
612,15.3,1.159139579e-03,6.686659178e-04,8.85835536153496815e-06,4.52653090265776625e-06,nan,nan
613,15.325,1.191184444e-03,5.937387399e-04,8.76644822135369295e-06,4.41943128236842816e-06,nan,nan
614,15.35,1.214625647e-03,5.520134176e-04,8.66219568576686907e-06,4.30955029777374407e-06,nan,nan
615,15.375,1.229440450e-03,5.423355637e-04,8.54557882979963482e-06,4.19843084393065763e-06,nan,nan
616,15.4,1.235664328e-03,5.832549447e-04,8.41698394663587276e-06,4.08762662207179182e-06,nan,nan
617,15.425,1.233389776e-03,6.203974064e-04,8.27717674505771762e-06,3.97865947623731796e-06,nan,nan
618,15.45,1.222764764e-03,6.535866181e-04,8.12726701544597003e-06,3.87297903350058682e-06,nan,nan
619,15.475,1.203990845e-03,6.839943026e-04,7.96866507874996741e-06,3.77192564668320143e-06,nan,nan
620,15.5,1.177320954e-03,7.148122823e-04,7.80303150889592033e-06,3.67669751540665064e-06,nan,nan
621,15.525,1.143056887e-03,7.471436427e-04,7.63222174802409477e-06,3.58832271945640756e-06,nan,nan
622,15.55,1.101546519e-03,7.799801724e-04,7.45822731403285534e-06,3.50763674216569295e-06,nan,nan
623,15.575,1.053180749e-03,8.139107143e-04,7.28311533084426157e-06,3.43526589550081756e-06,nan,nan
624,15.6,9.983902214e-04,8.489137020e-04,7.10896809461169980e-06,3.37161688747505969e-06,nan,nan
625,15.625,9.376418319e-04,8.844095276e-04,6.93782432603981249e-06,3.31687260112079663e-06,nan,nan
626,15.65,8.714350566e-04,9.215978289e-04,6.77162365350311876e-06,3.27099398703558216e-06,nan,nan
627,15.675,8.002981223e-04,9.594718231e-04,6.61215572816543941e-06,3.23372781274014940e-06,nan,nan
628,15.7,7.247840495e-04,9.979346196e-04,6.46101519610431816e-06,3.20461986562376030e-06,nan,nan
629,15.725,6.454665960e-04,1.038347927e-03,6.31956354949952184e-06,3.18303307552302725e-06,nan,nan
630,15.75,5.629361264e-04,1.079375470e-03,6.18889865571311962e-06,3.16816991086897186e-06,nan,nan
631,15.775,4.777954394e-04,1.121017715e-03,6.06983252633384907e-06,3.15909831113958497e-06,nan,nan
632,15.8,3.906555770e-04,1.163275886e-03,5.96287764485469427e-06,3.15478034973991846e-06,nan,nan
633,15.825,3.734037573e-04,1.198160667e-03,5.86824192839582320e-06,3.15410277641880265e-06,nan,nan
634,15.85,4.061940969e-04,1.225355455e-03,5.78583216231711742e-06,3.15590856728881662e-06,nan,nan
635,15.875,4.359589167e-04,1.244797530e-03,5.71526552280493141e-06,3.15902861317363168e-06,nan,nan
636,15.9,4.625423615e-04,1.256474175e-03,5.65588859711882809e-06,3.16231270248486866e-06,nan,nan
637,15.925,4.867733886e-04,1.260422020e-03,5.60680312900254201e-06,3.16465900168394882e-06,nan,nan
638,15.95,5.113640014e-04,1.256726078e-03,5.56689756185750646e-06,3.16504130265950481e-06,nan,nan
639,15.975,5.372833550e-04,1.245518489e-03,5.53488332782787594e-06,3.16253338965314001e-06,nan,nan
640,16,5.635770977e-04,1.226976974e-03,5.50933473920389591e-06,3.15632997593706891e-06,nan,nan
641,16.025,5.912369719e-04,1.201323020e-03,5.48873128081210600e-06,3.14576376924729740e-06,nan,nan
642,16.05,6.194035865e-04,1.168819819e-03,5.47150107866631840e-06,3.13031834177401347e-06,nan,nan
643,16.075,6.487598075e-04,1.129769960e-03,5.45606433051488099e-06,3.10963660197292104e-06,nan,nan
644,16.1,6.789528730e-04,1.084512910e-03,5.44087552656851520e-06,3.08352478824139076e-06,nan,nan
645,16.125,7.099074035e-04,1.033422292e-03,5.42446336135233763e-06,3.05195202533056360e-06,nan,nan
646,16.15,7.422822689e-04,9.769029845e-04,5.40546733729807063e-06,3.01504560012580405e-06,nan,nan
647,16.175,7.751629365e-04,9.153880683e-04,5.38267018376715614e-06,2.97308222124441618e-06,nan,nan
648,16.2,8.093629080e-04,8.493356318e-04,5.35502535756489300e-06,2.92647562419426652e-06,nan,nan
649,16.225,8.446415431e-04,7.792254679e-04,5.32167904819193897e-06,2.87576096839321803e-06,nan,nan
650,16.25,8.767977383e-04,7.055556784e-04,5.28198627836661024e-06,2.82157654235741830e-06,nan,nan
651,16.275,9.026267852e-04,6.288392136e-04,5.23552086291866120e-06,2.76464334745885636e-06,nan,nan
652,16.3,9.220446447e-04,5.496003660e-04,5.18207916220789102e-06,2.70574316792591478e-06,nan,nan
653,16.325,9.350109955e-04,4.683712455e-04,5.12167773511712755e-06,2.64569575478511694e-06,nan,nan
654,16.35,9.415288519e-04,3.856882561e-04,5.05454515703709228e-06,2.58533575425822556e-06,nan,nan
655,16.375,9.416439030e-04,3.749734942e-04,4.98110841610527908e-06,2.52548999723054694e-06,nan,nan
656,16.4,9.354435829e-04,3.931441431e-04,4.90197443275638966e-06,2.46695573671470078e-06,nan,nan
657,16.425,9.230558822e-04,4.118632893e-04,4.81790736041010760e-06,2.41048037605781806e-06,nan,nan
658,16.45,9.046479122e-04,4.312069769e-04,4.72980241649121081e-06,2.35674317362867509e-06,nan,nan
659,16.475,8.804242372e-04,4.509140730e-04,4.63865706122609526e-06,2.30633934180882640e-06,nan,nan
660,16.5,8.506249877e-04,4.716110286e-04,4.54554038574072205e-06,2.25976688145609461e-06,nan,nan
661,16.525,8.155237725e-04,4.947029977e-04,4.45156159052854144e-06,2.21741640992546763e-06,nan,nan
662,16.55,7.754254049e-04,5.187106001e-04,4.35783843066015702e-06,2.17956415362733012e-06,nan,nan
663,16.575,7.306634622e-04,5.433671584e-04,4.26546647610204631e-06,2.14636818740422510e-06,nan,nan
664,16.6,6.815976966e-04,5.687937269e-04,4.17548998572306594e-06,2.11786791509957408e-06,nan,nan
665,16.625,6.286113156e-04,5.950032711e-04,4.08887512404741003e-06,2.09398670085407372e-06,nan,nan
666,16.65,5.721081533e-04,6.219523727e-04,4.00648616307349407e-06,2.07453748101353020e-06,nan,nan
667,16.675,5.125097502e-04,6.496637517e-04,3.92906521040653770e-06,2.05923111396900253e-06,nan,nan
668,16.7,4.502523633e-04,6.782455531e-04,3.85721589272375296e-06,2.04768716142352898e-06,nan,nan
669,16.725,3.857839243e-04,7.073654225e-04,3.79139130357159110e-06,2.03944674084814981e-06,nan,nan
670,16.75,3.195609672e-04,7.376979707e-04,3.73188640014848108e-06,2.03398704629858393e-06,nan,nan
671,16.775,2.692653171e-04,7.683245469e-04,3.67883490851840051e-06,2.03073710403079750e-06,nan,nan
672,16.8,2.978699029e-04,7.992357195e-04,3.63221067400319384e-06,2.02909431086358067e-06,nan,nan
673,16.825,3.242626099e-04,8.248159308e-04,3.59183327650850021e-06,2.02844129704560946e-06,nan,nan
674,16.85,3.483008049e-04,8.447690502e-04,3.55737762218497924e-06,2.02816266123339515e-06,nan,nan
675,16.875,3.698581244e-04,8.590738156e-04,3.52838712571993624e-06,2.02766114251868608e-06,nan,nan
676,16.9,3.895545772e-04,8.677456470e-04,3.50429001391434977e-06,2.02637282243380843e-06,nan,nan
677,16.925,4.097275444e-04,8.708359573e-04,3.48441821281287088e-06,2.02378098744762575e-06,nan,nan
678,16.95,4.306806244e-04,8.684312390e-04,3.46802822883917755e-06,2.01942832837903024e-06,nan,nan
679,16.975,4.523718204e-04,8.606519357e-04,3.45432339997970708e-06,2.01292720597267899e-06,nan,nan
680,17,4.746462463e-04,8.476511111e-04,3.44247687639731652e-06,2.00396777005586857e-06,nan,nan
681,17.025,4.977899262e-04,8.296129237e-04,3.43165469080099784e-06,1.99232378159948306e-06,nan,nan
682,17.05,5.214612443e-04,8.067509235e-04,3.42103829684356429e-06,1.97785605097528239e-06,nan,nan
683,17.075,5.459887991e-04,7.793061819e-04,3.40984598773066672e-06,1.96051347007434033e-06,nan,nan
684,17.1,5.711522055e-04,7.475452704e-04,3.39735265567771462e-06,1.94033167910521982e-06,nan,nan
685,17.125,5.970070253e-04,7.117581035e-04,3.38290741408638576e-06,1.91742946927986277e-06,nan,nan
686,17.15,6.237807889e-04,6.722556624e-04,3.36594867629081458e-06,1.89200307878327212e-06,nan,nan
687,17.175,6.509132296e-04,6.293676144e-04,3.34601636519362092e-06,1.86431859011090877e-06,nan,nan
688,17.2,6.782060365e-04,5.834398479e-04,3.32276101467376983e-06,1.83470268091016143e-06,nan,nan
689,17.225,7.006551002e-04,5.348319384e-04,3.29594961382395929e-06,1.80353201692919245e-06,nan,nan
690,17.25,7.181707300e-04,4.839145633e-04,3.26546813637531007e-06,1.77122160381106093e-06,nan,nan
691,17.275,7.306970151e-04,4.310668853e-04,3.23132078765631586e-06,1.73821243374290934e-06,nan,nan
692,17.3,7.382118000e-04,3.766739199e-04,3.19362608779151172e-06,1.70495877307456287e-06,nan,nan
693,17.325,7.407264337e-04,3.917074651e-04,3.15260999042429503e-06,1.67191543788402925e-06,nan,nan
694,17.35,7.382852965e-04,4.117950025e-04,3.10859630912005531e-06,1.63952539624552303e-06,nan,nan
695,17.375,7.309651085e-04,4.304160806e-04,3.06199478710382200e-06,1.60820801903054219e-06,nan,nan
696,17.4,7.188740251e-04,4.496998495e-04,3.01328719874109576e-06,1.57834827604196369e-06,nan,nan
697,17.425,7.021505302e-04,4.693908825e-04,2.96301191213094775e-06,1.55028714194355960e-06,nan,nan
698,17.45,6.809621330e-04,4.900389121e-04,2.91174737063293573e-06,1.52431343778226425e-06,nan,nan
699,17.475,6.555038824e-04,5.110194145e-04,2.86009496672281101e-06,1.50065729004392708e-06,nan,nan
700,17.5,6.259967090e-04,5.328637670e-04,2.80866178423621522e-06,1.47948534139805896e-06,nan,nan
701,17.525,5.926856114e-04,5.550695921e-04,2.75804367511620682e-06,1.46089779692988940e-06,nan,nan
702,17.55,5.558376982e-04,5.781618773e-04,2.70880911484409378e-06,1.44492733814234705e-06,nan,nan
703,17.575,5.157401057e-04,6.014796861e-04,2.66148424770779977e-06,1.43153988576727497e-06,nan,nan
704,17.6,4.726978050e-04,6.258806709e-04,2.61653949011025929e-06,1.42063714286216207e-06,nan,nan
705,17.625,4.270313191e-04,6.504920022e-04,2.57437800862672913e-06,1.41206080312948699e-06,nan,nan
706,17.65,3.790743662e-04,6.759592194e-04,2.53532633105181386e-06,1.40559826712075249e-06,nan,nan
707,17.675,3.291714492e-04,7.002929000e-04,2.49962728494015664e-06,1.40098967207590879e-06,nan,nan
708,17.7,2.776754099e-04,7.202810911e-04,2.46743539093833815e-06,1.39793601052735823e-06,nan,nan
709,17.725,2.249449664e-04,7.358194205e-04,2.43881476937453335e-06,1.39610808919148543e-06,nan,nan
710,17.75,2.186939631e-04,7.468328298e-04,2.41373954996111353e-06,1.39515606358314361e-06,nan,nan
711,17.775,2.426634857e-04,7.532757678e-04,2.39209670787003662e-06,1.39471927548876776e-06,nan,nan
712,17.8,2.648323911e-04,7.551321852e-04,2.37369118656635316e-06,1.39443611995035719e-06,nan,nan
713,17.825,2.850748639e-04,7.524153337e-04,2.35825311020234801e-06,1.39395367553827366e-06,nan,nan
714,17.85,3.032791286e-04,7.451673749e-04,2.34544683748316876e-06,1.39293684599334430e-06,nan,nan
715,17.875,3.196307322e-04,7.334588043e-04,2.33488156590882974e-06,1.39107678216145418e-06,nan,nan
716,17.9,3.360633641e-04,7.173876983e-04,2.32612316113910410e-06,1.38809837971160216e-06,nan,nan
717,17.925,3.530554667e-04,6.970787931e-04,2.31870686162469584e-06,1.38376667946062258e-06,nan,nan
718,17.95,3.703245368e-04,6.726824039e-04,2.31215049403859617e-06,1.37789203215535333e-06,nan,nan
719,17.975,3.883892954e-04,6.443731958e-04,2.30596783058731318e-06,1.37033392714730768e-06,nan,nan
720,18,4.068300825e-04,6.123488165e-04,2.29968172486724608e-06,1.36100342336933368e-06,nan,nan
721,18.025,4.259021474e-04,5.768284038e-04,2.29283667817149892e-06,1.34986416023223271e-06,nan,nan
722,18.05,4.456933219e-04,5.380509778e-04,2.28501051240663993e-06,1.33693196439493988e-06,nan,nan
723,18.075,4.659069835e-04,4.962737328e-04,2.27582485817348299e-06,1.32227310479885359e-06,nan,nan
724,18.1,4.871791195e-04,4.517702394e-04,2.26495420602200425e-06,1.30600128197999548e-06,nan,nan
725,18.125,5.088840838e-04,4.048285706e-04,2.25213331415770434e-06,1.28827346769861881e-06,nan,nan
726,18.15,5.314780064e-04,3.557493641e-04,2.23716281557173310e-06,1.26928473671965525e-06,nan,nan
727,18.175,5.519026393e-04,3.119152989e-04,2.21991292021566050e-06,1.24926225366118166e-06,nan,nan
728,18.2,5.684928773e-04,2.779907925e-04,2.20032516192257138e-06,1.22845859388400743e-06,nan,nan
729,18.225,5.811826743e-04,2.426512968e-04,2.17841219376572270e-06,1.20714458826194347e-06,nan,nan
730,18.25,5.899315800e-04,2.530703386e-04,2.15425568796279963e-06,1.18560188733597550e-06,nan,nan
731,18.275,5.947247049e-04,2.797842724e-04,2.12800244588031676e-06,1.16411544093784727e-06,nan,nan
732,18.3,5.955725391e-04,3.047674907e-04,2.09985886889381064e-06,1.14296608511058778e-06,nan,nan
733,18.325,5.925106287e-04,3.278914069e-04,2.07008398069649423e-06,1.12242341939740835e-06,nan,nan
734,18.35,5.855991101e-04,3.490395793e-04,2.03898122518787938e-06,1.10273914474120206e-06,nan,nan
735,18.375,5.749221086e-04,3.681082664e-04,2.00688929058636249e-06,1.08414101582334477e-06,nan,nan
736,18.4,5.605870027e-04,3.856093223e-04,1.97417222938890760e-06,1.06682754220750280e-06,nan,nan
737,18.425,5.427235582e-04,4.034580343e-04,1.94120915496725456e-06,1.05096355070658694e-06,nan,nan
738,18.45,5.214829379e-04,4.217013638e-04,1.90838379889226928e-06,1.03667669753950728e-06,nan,nan
739,18.475,4.970365891e-04,4.406438731e-04,1.87607420868547831e-06,1.02405499367351080e-06,nan,nan
740,18.5,4.695750165e-04,4.599067767e-04,1.84464285398568928e-06,1.01314538083672642e-06,nan,nan
741,18.525,4.393064447e-04,4.797257430e-04,1.81442739065313968e-06,1.00395336959970883e-06,nan,nan
742,18.55,4.064553777e-04,5.000911692e-04,1.78573230784092679e-06,9.96443725210740746e-07,nan,nan
743,18.575,3.712610614e-04,5.208014645e-04,1.75882165340662630e-06,9.90542162049895887e-07,nan,nan
744,18.6,3.339758590e-04,5.423278272e-04,1.73391299918343226e-06,9.86137984135734602e-07,nan,nan
745,18.625,2.948635453e-04,5.641000164e-04,1.71117277062068280e-06,9.83087587538417054e-07,nan,nan
746,18.65,2.541975323e-04,5.867646774e-04,1.69071302621936713e-06,9.81218721250508367e-07,nan,nan
747,18.675,2.122590340e-04,6.095023419e-04,1.67258973211982181e-06,9.80335386427486511e-07,nan,nan
748,18.7,1.693351837e-04,6.292425902e-04,1.65680253721644842e-06,9.80223240273484465e-07,nan,nan
749,18.725,1.761597592e-04,6.451884008e-04,1.64329601530034417e-06,9.80655360501093731e-07,nan,nan
750,18.75,1.964048671e-04,6.572813381e-04,1.63196230391638965e-06,9.81398219464241432e-07,nan,nan
751,18.775,2.152400095e-04,6.654870710e-04,1.62264503572528925e-06,9.82217713910251760e-07,nan,nan
752,18.8,2.325594249e-04,6.697953814e-04,1.61514442793397676e-06,9.82885096906520369e-07,nan,nan
753,18.825,2.482674459e-04,6.702200191e-04,1.60922336942859608e-06,9.83182662872345430e-07,nan,nan
754,18.85,2.622789992e-04,6.667984040e-04,1.60461432411255430e-06,9.82909044703783084e-07,nan,nan
755,18.875,2.762565965e-04,6.595911794e-04,1.60102685298204788e-06,9.81883993543963004e-07,nan,nan
756,18.9,2.907898880e-04,6.486816169e-04,1.59815554689101863e-06,9.79952526555743069e-07,nan,nan
757,18.925,3.058351846e-04,6.341748806e-04,1.59568815685927474e-06,9.76988345739340643e-07,nan,nan
758,18.95,3.213209636e-04,6.161971536e-04,1.59331370912355175e-06,9.72896450960260576e-07,nan,nan
759,18.975,3.374170657e-04,5.948946346e-04,1.59073039775873094e-06,9.67614892390564858e-07,nan,nan
760,19,3.539639536e-04,5.704324118e-04,1.58765305832690372e-06,9.61115630932199936e-07,nan,nan
761,19.025,3.708245429e-04,5.429932225e-04,1.58382004126073235e-06,9.53404499248000516e-07,nan,nan
762,19.05,3.883663086e-04,5.127761085e-04,1.57899932307545266e-06,9.44520280106157898e-07,nan,nan
763,19.075,4.060681893e-04,4.799949760e-04,1.57299371646984037e-06,9.34532942168873563e-07,nan,nan
764,19.1,4.245007362e-04,4.448770732e-04,1.56564506629049682e-06,9.23541095458968321e-07,nan,nan
765,19.125,4.429750859e-04,4.076613944e-04,1.55683734651183768e-06,9.11668748886894551e-07,nan,nan
766,19.15,4.590152560e-04,3.685970251e-04,1.54649860310227017e-06,8.99061469839162622e-07,nan,nan
767,19.175,4.718776268e-04,3.279414378e-04,1.53460171815752333e-06,8.85882060418792462e-07,nan,nan
768,19.2,4.815105964e-04,2.859587542e-04,1.52116400122858593e-06,8.72305876085470524e-07,nan,nan
769,19.225,4.878845951e-04,2.429179831e-04,1.50624564360625785e-06,8.58515919873430577e-07,nan,nan
770,19.25,4.909920123e-04,1.990912496e-04,1.48994709972250617e-06,8.44697848894778251e-07,nan,nan
771,19.275,4.908469675e-04,2.051436232e-04,1.47240548610695112e-06,8.31035029416604767e-07,nan,nan
772,19.3,4.874849330e-04,2.164842984e-04,1.45379011186681008e-06,8.17703772510190015e-07,nan,nan
773,19.325,4.809622119e-04,2.269617427e-04,1.43429727488322945e-06,8.04868874310512933e-07,nan,nan
774,19.35,4.713552805e-04,2.378904782e-04,1.41414447436367604e-06,7.92679573608607322e-07,nan,nan
775,19.375,4.587600027e-04,2.491753833e-04,1.39356420268287589e-06,7.81266025242726014e-07,nan,nan
776,19.4,4.432907243e-04,2.608058855e-04,1.37279748731505422e-06,7.70736371055361646e-07,nan,nan
777,19.425,4.250792582e-04,2.728449559e-04,1.35208735695354419e-06,7.61174471604650603e-07,nan,nan
778,19.45,4.042737705e-04,2.853646189e-04,1.33167240459608710e-06,7.52638341966070576e-07,nan,nan
779,19.475,3.810375769e-04,2.981835886e-04,1.31178061453242867e-06,7.45159314459947873e-07,nan,nan
780,19.5,3.555478617e-04,3.114252666e-04,1.29262361001262017e-06,7.38741930616795915e-07,nan,nan
781,19.525,3.279943285e-04,3.250993733e-04,1.27439146422236434e-06,7.33364544748164049e-07,nan,nan
782,19.55,2.985777961e-04,3.389994330e-04,1.25724819947523889e-06,7.28980602685776794e-07,nan,nan
783,19.575,2.675087474e-04,3.541259111e-04,1.24132807877516842e-06,7.25520542088195779e-07,nan,nan
784,19.6,2.350058441e-04,3.702923868e-04,1.22673277071077639e-06,7.22894245621742701e-07,nan,nan
785,19.625,2.012944169e-04,3.869368695e-04,1.21352944368383879e-06,7.20993965648494654e-07,nan,nan
786,19.65,1.666049410e-04,4.039737933e-04,1.20174981945760092e-06,7.19697629057526290e-07,nan,nan
787,19.675,1.403100869e-04,4.214843158e-04,1.19139018967025593e-06,7.18872423723078072e-07,nan,nan
788,19.7,1.444417554e-04,4.389387641e-04,1.18241237302761390e-06,7.18378563840544602e-07,nan,nan
789,19.725,1.623086289e-04,4.536089672e-04,1.17474556607871272e-06,7.18073130065719694e-07,nan,nan
790,19.75,1.790036799e-04,4.653149158e-04,1.16828901745810969e-06,7.17813881870630851e-07,nan,nan
791,19.775,1.944293721e-04,4.740341949e-04,1.16291543485573430e-06,7.17462943663217641e-07,nan,nan
792,19.8,2.084970803e-04,4.797632307e-04,1.15847501627703844e-06,7.16890272767705708e-07,nan,nan
793,19.825,2.211275906e-04,4.825170453e-04,1.15479998281567990e-06,7.15976826045162854e-07,nan,nan
794,19.85,2.327192717e-04,4.823289013e-04,1.15170947950571287e-06,7.14617352426703705e-07,nan,nan
795,19.875,2.446371704e-04,4.792498400e-04,1.14901470406408896e-06,7.12722750583690843e-07,nan,nan
796,19.9,2.568893012e-04,4.733481172e-04,1.14652412057382140e-06,7.10221944001795790e-07,nan,nan
797,19.925,2.694920252e-04,4.647085409e-04,1.14404861637241152e-06,7.07063239484364492e-07,nan,nan
798,19.95,2.824823045e-04,4.534317177e-04,1.14140646546432296e-06,7.03215149214312040e-07,nan,nan
799,19.975,2.960088927e-04,4.396332119e-04,1.13842797042896968e-06,6.98666670594308583e-07,nan,nan
800,20,3.099635465e-04,4.234426244e-04,1.13495966670923016e-06,6.93427031823777988e-07,nan,nan
801,20.025,3.243588670e-04,4.050025967e-04,1.13086798791919535e-06,6.87524924245725078e-07,nan,nan
802,20.05,3.391942157e-04,3.844677484e-04,1.12604230791493084e-06,6.81007254625353598e-07,nan,nan
803,20.075,3.546533045e-04,3.620035531e-04,1.12039729428883805e-06,6.73937461459363186e-07,nan,nan
804,20.1,3.701051230e-04,3.377851615e-04,1.11387452810340257e-06,6.66393448950954931e-07,nan,nan
805,20.125,3.832344905e-04,3.119961782e-04,1.10644336548505424e-06,6.58465200251605206e-07,nan,nan
806,20.15,3.937758755e-04,2.848274010e-04,1.09810103756696507e-06,6.50252137837615912e-07,nan,nan
807,20.175,4.016842788e-04,2.564755287e-04,1.08887200563315041e-06,6.41860303369102593e-07,nan,nan
808,20.2,4.069317485e-04,2.271418472e-04,1.07880660764175439e-06,6.33399432023442694e-07,nan,nan
809,20.225,4.095074225e-04,2.272058261e-04,1.06797905010722951e-06,6.24979997095877689e-07,nan,nan
810,20.25,4.094174685e-04,2.417355306e-04,1.05648481517288794e-06,6.16710299646802135e-07,nan,nan
811,20.275,4.066849195e-04,2.549390421e-04,1.04443756624906942e-06,6.08693675214656489e-07,nan,nan
812,20.3,4.013494092e-04,2.668497233e-04,1.03196564654519925e-06,6.01025885206390514e-07,nan,nan
813,20.325,3.934668059e-04,2.787346630e-04,1.01920827298300276e-06,5.93792754657260307e-07,nan,nan
814,20.35,3.831087486e-04,2.910368962e-04,1.00631153322093459e-06,5.87068110780816995e-07,nan,nan
815,20.375,3.703620875e-04,3.036350832e-04,9.93424295805210511e-07,5.80912068296924821e-07,nan,nan
816,20.4,3.553282329e-04,3.165211495e-04,9.80694142827471270e-07,5.75369698141619580e-07,nan,nan
817,20.425,3.381224160e-04,3.297287674e-04,9.68263431023458069e-07,5.70470106057086487e-07,nan,nan
818,20.45,3.188728656e-04,3.434021462e-04,9.56265581169140446e-07,5.66225936976561580e-07,nan,nan
819,20.475,2.977199075e-04,3.573737832e-04,9.44821687158318019e-07,5.62633310310093619e-07,nan,nan
820,20.5,2.748149909e-04,3.716324914e-04,9.34037525568304408e-07,5.59672180459394250e-07,nan,nan
821,20.525,2.503196480e-04,3.864355223e-04,9.24001034169207015e-07,5.57307106398275517e-07,nan,nan
822,20.55,2.244043953e-04,4.015756080e-04,9.14780314071416276e-07,5.55488404197117895e-07,nan,nan
823,20.575,1.972475810e-04,4.159205420e-04,9.06422195421142301e-07,5.54153647180137349e-07,nan,nan
824,20.6,1.690341893e-04,4.278437483e-04,8.98951391143291349e-07,5.53229470199194959e-07,nan,nan
825,20.625,1.399546060e-04,4.372744774e-04,8.92370247595287435e-07,5.52633627480016556e-07,nan,nan
826,20.65,1.102033572e-04,4.441576043e-04,8.86659085527953667e-07,5.52277247809783230e-07,nan,nan
827,20.675,1.186835806e-04,4.484539115e-04,8.81777109827862732e-07,5.52067226619856370e-07,nan,nan
828,20.7,1.343963781e-04,4.501402710e-04,8.77663852493172264e-07,5.51908691868162647e-07,nan,nan
829,20.725,1.491446641e-04,4.492097225e-04,8.74241100493968907e-07,5.51707479597316168e-07,nan,nan
830,20.75,1.628428144e-04,4.456714499e-04,8.71415248873119522e-07,5.51372555650792457e-07,nan,nan
831,20.775,1.754124531e-04,4.395506541e-04,8.69080009895793964e-07,5.50818322242656258e-07,nan,nan
832,20.8,1.867828824e-04,4.308883264e-04,8.67119401449281624e-07,5.49966751827495193e-07,nan,nan
833,20.825,1.970992297e-04,4.197409215e-04,8.65410932372657926e-07,5.48749295897932134e-07,nan,nan
834,20.85,2.075333951e-04,4.061799349e-04,8.63828899049000224e-07,5.47108522802110574e-07,nan,nan
835,20.875,2.182700223e-04,3.902913868e-04,8.62247706458104665e-07,5.44999446244680050e-07,nan,nan
836,20.9,2.292977392e-04,3.721752159e-04,8.60545127948554893e-07,5.42390514605743105e-07,nan,nan
837,20.925,2.406991664e-04,3.519445893e-04,8.58605421176001584e-07,5.39264240354035474e-07,nan,nan
838,20.95,2.524231444e-04,3.297251315e-04,8.56322222851299447e-07,5.35617458398165748e-07,nan,nan
839,20.975,2.644325240e-04,3.056540788e-04,8.53601151983301292e-07,5.31461211958280793e-07,nan,nan
840,21,2.767148721e-04,2.798793652e-04,8.50362059980468328e-07,5.26820274192853775e-07,nan,nan
841,21.025,2.893793591e-04,2.525586459e-04,8.46540876050301697e-07,5.21732323128650709e-07,nan,nan
842,21.05,3.024205792e-04,2.238582650e-04,8.42091007533280659e-07,5.16246796175211893e-07,nan,nan
843,21.075,3.155122461e-04,1.939521745e-04,8.36984266831995027e-07,5.10423458435111704e-07,nan,nan
844,21.1,3.268224471e-04,1.692647229e-04,8.31211309134214091e-07,5.04330725948805597e-07,nan,nan
845,21.125,3.359271262e-04,1.499092944e-04,8.24781577859646228e-07,4.98043790768057887e-07,nan,nan
846,21.15,3.427849961e-04,1.297791690e-04,8.17722767362639499e-07,4.91642599198548684e-07,nan,nan
847,21.175,3.473696576e-04,1.487259577e-04,8.10079824582636439e-07,4.85209737590933476e-07,nan,nan
848,21.2,3.496696480e-04,1.671306592e-04,8.01913522751332230e-07,4.78828281630310957e-07,nan,nan
849,21.225,3.496883914e-04,1.845558620e-04,7.93298650662924476e-07,4.72579665157013243e-07,nan,nan
850,21.25,3.474440517e-04,2.009094807e-04,7.84321870143069138e-07,4.66541623167417550e-07,nan,nan
851,21.275,3.429692907e-04,2.161061542e-04,7.75079301999690501e-07,4.60786260851771909e-07,nan,nan
852,21.3,3.363109334e-04,2.300677068e-04,7.65673906730999420e-07,4.55378296423230552e-07,nan,nan
853,21.325,3.275295442e-04,2.427235634e-04,7.56212730473495729e-07,4.50373520208469088e-07,nan,nan
854,21.35,3.166989170e-04,2.542954181e-04,7.46804089012789351e-07,4.45817506164707896e-07,nan,nan
855,21.375,3.039054838e-04,2.660455315e-04,7.37554763118984468e-07,4.41744604844739085e-07,nan,nan
856,21.4,2.892476466e-04,2.781184840e-04,7.28567277021432780e-07,4.38177239053556424e-07,nan,nan
857,21.425,2.728350380e-04,2.905103107e-04,7.19937328568495872e-07,4.35125515243708785e-07,nan,nan
858,21.45,2.547877147e-04,3.032143279e-04,7.11751434636399800e-07,4.32587155304740790e-07,nan,nan
859,21.475,2.352352921e-04,3.162209892e-04,7.04084848809992990e-07,4.30547745039245180e-07,nan,nan
860,21.5,2.143160243e-04,3.295963955e-04,6.96999800448437212e-07,4.28981287503105520e-07,nan,nan
861,21.525,1.921758366e-04,3.433356911e-04,6.90544095194776040e-07,4.27851041728529571e-07,nan,nan
862,21.55,1.689673181e-04,3.573722643e-04,6.84750107041010111e-07,4.27110620337285439e-07,nan,nan
863,21.575,1.448486805e-04,3.716887908e-04,6.79634181490682194e-07,4.26705313358989536e-07,nan,nan
864,21.6,1.199826894e-04,3.855850583e-04,6.75196458452542572e-07,4.26573600341047993e-07,nan,nan
865,21.625,9.453557781e-05,3.972421849e-04,6.71421112540012273e-07,4.26648808690216963e-07,nan,nan
866,21.65,9.657257947e-05,4.066099100e-04,6.68276997727437306e-07,4.26860873207138985e-07,nan,nan
867,21.675,1.106873610e-04,4.136520327e-04,6.65718673100894977e-07,4.27138150018568561e-07,nan,nan
868,21.7,1.240138299e-04,4.183465170e-04,6.63687776996329507e-07,4.27409237598167334e-07,nan,nan
869,21.725,1.364734590e-04,4.206855082e-04,6.62114708374899399e-07,4.27604758283715795e-07,nan,nan
870,21.75,1.479936565e-04,4.206752602e-04,6.60920567048511758e-07,4.27659055602463426e-07,nan,nan
871,21.775,1.585081813e-04,4.183359778e-04,6.60019298506590022e-07,4.27511765733416968e-07,nan,nan
872,21.8,1.679575143e-04,4.137015726e-04,6.59319984738467621e-07,4.27109225464542897e-07,nan,nan
873,21.825,1.769277425e-04,4.068193370e-04,6.58729219682955832e-07,4.26405683919093086e-07,nan,nan
874,21.85,1.861934752e-04,3.977495383e-04,6.58153506812853381e-07,4.25364290983272151e-07,nan,nan
875,21.875,1.957578036e-04,3.865649362e-04,6.57501616878848766e-07,4.23957841606071869e-07,nan,nan
876,21.9,2.056216875e-04,3.733502274e-04,6.56686845952783875e-07,4.22169261788708211e-07,nan,nan
877,21.925,2.157835681e-04,3.582014218e-04,6.55629117541505809e-07,4.19991828956390729e-07,nan,nan
878,21.95,2.262390114e-04,3.412251544e-04,6.54256877568331140e-07,4.17429126327996256e-07,nan,nan
879,21.975,2.369804097e-04,3.225379380e-04,6.52508737283593230e-07,4.14494737691087067e-07,nan,nan
880,22,2.481022237e-04,3.022653615e-04,6.50334826483408119e-07,4.11211695479584703e-07,nan,nan
881,22.025,2.595203570e-04,2.805412407e-04,6.47697827576873604e-07,4.07611701079625291e-07,nan,nan
882,22.05,2.709474664e-04,2.575067246e-04,6.44573669818416921e-07,4.03734141711427594e-07,nan,nan
883,22.075,2.807914246e-04,2.333093669e-04,6.40951872173976643e-07,3.99624932925790254e-07,nan,nan
884,22.1,2.887563920e-04,2.081021644e-04,6.36835532571890516e-07,3.95335219608791709e-07,nan,nan
885,22.125,2.948057427e-04,1.820425734e-04,6.32240970457704232e-07,3.90919971326752710e-07,nan,nan
886,22.15,2.989153851e-04,1.552915057e-04,6.27197038390180175e-07,3.86436509809869059e-07,nan,nan
887,22.175,3.010738135e-04,1.280123143e-04,6.21744126660843345e-07,3.81943007337452467e-07,nan,nan
888,22.2,3.012820787e-04,1.297518165e-04,6.15932892387943412e-07,3.77496994746830207e-07,nan,nan
889,22.225,2.995536797e-04,1.378756847e-04,6.09822751048519759e-07,3.73153916763579443e-07,nan,nan
890,22.25,2.959143774e-04,1.451455960e-04,6.03480173818447697e-07,3.68965770389328857e-07,nan,nan
891,22.275,2.904019322e-04,1.522103840e-04,5.96976838270938001e-07,3.64979859253921626e-07,nan,nan
892,22.3,2.830657681e-04,1.595028038e-04,5.90387682854137321e-07,3.61237693230928306e-07,nan,nan
893,22.325,2.739665658e-04,1.670237183e-04,5.83788917079284458e-07,3.57774058336676442e-07,nan,nan
894,22.35,2.631757872e-04,1.747725703e-04,5.77256039489597590e-07,3.54616277105282625e-07,nan,nan
895,22.375,2.507751368e-04,1.827471053e-04,5.70861914269969861e-07,3.51783674389002347e-07,nan,nan
896,22.4,2.368559616e-04,1.909430858e-04,5.64674954856329092e-07,3.49287258015704870e-07,nan,nan
897,22.425,2.215185961e-04,1.993854037e-04,5.58757459201358687e-07,3.47129618088497899e-07,nan,nan
898,22.45,2.048716541e-04,2.081091714e-04,5.53164136569515076e-07,3.45305043081860524e-07,nan,nan
899,22.475,1.870312757e-04,2.170542213e-04,5.47940860013969444e-07,3.43799845416110244e-07,nan,nan
900,22.5,1.681203312e-04,2.260674379e-04,5.43123672197590487e-07,3.42592884012781653e-07,nan,nan
901,22.525,1.482675898e-04,2.338668933e-04,5.38738065142226190e-07,3.41656266572638858e-07,nan,nan
902,22.55,1.276068566e-04,2.444829219e-04,5.34798547019771623e-07,3.40956210087596091e-07,nan,nan
903,22.575,1.062760856e-04,2.555037869e-04,5.31308501435381102e-07,3.40454034494249948e-07,nan,nan
904,22.6,1.000361161e-04,2.668062299e-04,5.28260336999268162e-07,3.40107261478791789e-07,nan,nan
905,22.625,9.874640798e-05,2.782540151e-04,5.25635917536011713e-07,3.39870788310274295e-07,nan,nan
906,22.65,9.718351054e-05,2.882778055e-04,5.23407256227131354e-07,3.39698105250666284e-07,nan,nan
907,22.675,1.035207871e-04,2.964611701e-04,5.21537450497853473e-07,3.39542524583985839e-07,nan,nan
908,22.7,1.149980756e-04,3.027827009e-04,5.19981828698369177e-07,3.39358389620211151e-07,nan,nan
909,22.725,1.256845976e-04,3.072326658e-04,5.18689274727582516e-07,3.39102233139189761e-07,nan,nan
910,22.75,1.355179458e-04,3.098129378e-04,5.17603692812713583e-07,3.38733856602443847e-07,nan,nan
911,22.775,1.444414295e-04,3.105368519e-04,5.16665571773505307e-07,3.38217304015478344e-07,nan,nan
912,22.8,1.524665181e-04,3.094289921e-04,5.15813606318849157e-07,3.37521707492630305e-07,nan,nan
913,22.825,1.604917998e-04,3.065249104e-04,5.14986332270730699e-07,3.36621985269325408e-07,nan,nan
914,22.85,1.687679066e-04,3.018707801e-04,5.14123733080389134e-07,3.35499377020021023e-07,nan,nan
915,22.875,1.773010122e-04,2.955229858e-04,5.13168776560644479e-07,3.34141805762657702e-07,nan,nan
916,22.9,1.860966910e-04,2.875476542e-04,5.12068843345467672e-07,3.32544060244861709e-07,nan,nan
917,22.925,1.951596566e-04,2.780201280e-04,5.10777012116756384e-07,3.30707796393510411e-07,nan,nan
918,22.95,2.044934616e-04,2.670243881e-04,5.09253171000395140e-07,3.28641361048011333e-07,nan,nan
919,22.975,2.141001622e-04,2.546524260e-04,5.07464929601036426e-07,3.26359445672506696e-07,nan,nan
920,23,2.239799513e-04,2.410035744e-04,5.05388311774287761e-07,3.23882581943115764e-07,nan,nan
921,23.025,2.340599517e-04,2.261837960e-04,5.03008215271011830e-07,3.21236494932040721e-07,nan,nan
922,23.05,2.429537754e-04,2.103049400e-04,5.00318630668772458e-07,3.18451332970784895e-07,nan,nan
923,23.075,2.502335518e-04,1.934839673e-04,4.97322618364460996e-07,3.15560796093079898e-07,nan,nan
924,23.1,2.558639621e-04,1.758421523e-04,4.94032048675283837e-07,3.12601187172519804e-07,nan,nan
925,23.125,2.598204219e-04,1.575042655e-04,4.90467116123418780e-07,3.09610411434743405e-07,nan,nan
926,23.15,2.620891621e-04,1.478016795e-04,4.86655644612768058e-07,3.06626950910814410e-07,nan,nan
927,23.175,2.626672405e-04,1.588864995e-04,4.82632205307312532e-07,3.03688840596242495e-07,nan,nan
928,23.2,2.615624852e-04,1.691562881e-04,4.78437073468657571e-07,3.00832672595401355e-07,nan,nan
929,23.225,2.587933701e-04,1.785476687e-04,4.74115054203436156e-07,2.98092653387524700e-07,nan,nan
930,23.25,2.543888246e-04,1.870024716e-04,4.69714209928408366e-07,2.95499737587740245e-07,nan,nan
931,23.275,2.483879776e-04,1.952830281e-04,4.65284524324263847e-07,2.93080859249451488e-07,nan,nan
932,23.3,2.408398394e-04,2.037967928e-04,4.60876538584104520e-07,2.90858278930788782e-07,nan,nan
933,23.325,2.318029238e-04,2.125479154e-04,4.56539995859357189e-07,2.88849061507216171e-07,nan,nan
934,23.35,2.213448114e-04,2.215400243e-04,4.52322528978621502e-07,2.87064696143287342e-07,nan,nan
935,23.375,2.095416600e-04,2.307760564e-04,4.48268424801141897e-07,2.85510866034393387e-07,nan,nan
936,23.4,1.964776632e-04,2.402580596e-04,4.44417496025515254e-07,2.84187371593888785e-07,nan,nan
937,23.425,1.822444626e-04,2.499869692e-04,4.40804087985364842e-07,2.83088206793740843e-07,nan,nan
938,23.45,1.669405157e-04,2.599623567e-04,4.37456244023984725e-07,2.82201784468535943e-07,nan,nan
939,23.475,1.506704266e-04,2.701821540e-04,4.34395048561343619e-07,2.81511302660711741e-07,nan,nan
940,23.5,1.335442411e-04,2.798043502e-04,4.31634162072976406e-07,2.80995240610934563e-07,nan,nan
941,23.525,1.156767130e-04,2.878635339e-04,4.29179557023305811e-07,2.80627969865356106e-07,nan,nan
942,23.55,9.718654429e-05,2.943095124e-04,4.27029458472840816e-07,2.80380463254885778e-07,nan,nan
943,23.575,7.819560738e-05,2.991019480e-04,4.25174487747907976e-07,2.80221082262857046e-07,nan,nan
944,23.6,6.499462110e-05,3.022105795e-04,4.23598002359322401e-07,2.80116421585794735e-07,nan,nan
945,23.625,7.514316702e-05,3.036153807e-04,4.22276620413348122e-07,2.80032188542649589e-07,nan,nan
946,23.65,8.639297273e-05,3.033066542e-04,4.21180913196304061e-07,2.79934094421409076e-07,nan,nan
947,23.675,9.703870592e-05,3.012850612e-04,4.20276245543375169e-07,2.79788734873940490e-07,nan,nan
948,23.7,1.070169588e-04,2.975615871e-04,4.19523740118383762e-07,2.79564437070937790e-07,nan,nan
949,23.725,1.162688544e-04,2.921574429e-04,4.18881338913759436e-07,2.79232052485112205e-07,nan,nan
950,23.75,1.247403889e-04,2.851039038e-04,4.18304933189767019e-07,2.78765675844905606e-07,nan,nan
951,23.775,1.323827421e-04,2.764420868e-04,4.17749531750755779e-07,2.78143272943118021e-07,nan,nan
952,23.8,1.394472579e-04,2.662226682e-04,4.17170436925147347e-07,2.77347202534021285e-07,nan,nan
953,23.825,1.467195878e-04,2.545055426e-04,4.16524397875970123e-07,2.76364620438494873e-07,nan,nan
954,23.85,1.542054092e-04,2.413594280e-04,4.15770711900810124e-07,2.75187757121762555e-07,nan,nan
955,23.875,1.619103986e-04,2.268614169e-04,4.14872246145575532e-07,2.73814063329335948e-07,nan,nan
956,23.9,1.698401410e-04,2.110964786e-04,4.13796354598967724e-07,2.72246221777514329e-07,nan,nan
957,23.925,1.780000169e-04,1.941569148e-04,4.12515668281247443e-07,2.70492026307964741e-07,nan,nan
958,23.95,1.863950642e-04,1.761417731e-04,4.11008740104791695e-07,2.68564133245468694e-07,nan,nan
959,23.975,1.950298128e-04,1.571562210e-04,4.09260529866371887e-07,2.66479692861149475e-07,nan,nan
960,24,2.039080892e-04,1.373108859e-04,4.07262719124243188e-07,2.64259871763080462e-07,nan,nan
961,24.025,2.121357889e-04,1.167211642e-04,4.05013850203075978e-07,2.61929279642052028e-07,nan,nan
962,24.05,2.189597004e-04,1.034114230e-04,4.02519288139299801e-07,2.59515316031303836e-07,nan,nan
963,24.075,2.243452140e-04,9.087541367e-05,3.99791008911194646e-07,2.57047454544388834e-07,nan,nan
964,24.1,2.282670739e-04,8.655256658e-05,3.96847221677503367e-07,2.54556483395650226e-07,nan,nan
965,24.125,2.307094787e-04,1.007613237e-04,3.93711836866480386e-07,2.52073721855915098e-07,nan,nan
966,24.15,2.316661214e-04,1.144015533e-04,3.90413795713531094e-07,2.49630232637610497e-07,nan,nan
967,24.175,2.311401695e-04,1.274001787e-04,3.86986280150006840e-07,2.47256050037164070e-07,nan,nan
968,24.2,2.291441845e-04,1.396880840e-04,3.83465824721252231e-07,2.44979442999660768e-07,nan,nan
969,24.225,2.256999831e-04,1.512005010e-04,3.79891354396152741e-07,2.42826231135020385e-07,nan,nan
970,24.25,2.208384407e-04,1.618773697e-04,3.76303173676660393e-07,2.40819170141705980e-07,nan,nan
971,24.275,2.145992382e-04,1.716636674e-04,3.72741933294425276e-07,2.38977421128925722e-07,nan,nan
972,24.3,2.070305559e-04,1.805097069e-04,3.69247600980410173e-07,2.37316116026399532e-07,nan,nan
973,24.325,1.981887142e-04,1.888198378e-04,3.65858462317319031e-07,2.35846028694674327e-07,nan,nan
974,24.35,1.881377661e-04,1.973362082e-04,3.62610176555968331e-07,2.34573358567299781e-07,nan,nan
975,24.375,1.769490430e-04,2.060642203e-04,3.59534910533653270e-07,2.33499630741780952e-07,nan,nan
976,24.4,1.647006570e-04,2.150092395e-04,3.56660571528439529e-07,2.32621713464198031e-07,nan,nan
977,24.425,1.514769642e-04,2.241765226e-04,3.54010157084819357e-07,2.31931950998236474e-07,nan,nan
978,24.45,1.373679911e-04,2.335745779e-04,3.51601236631534830e-07,2.31418407007055608e-07,nan,nan
979,24.475,1.224688290e-04,2.432144333e-04,3.49445576169171791e-07,2.31065210876539028e-07,nan,nan
980,24.5,1.068790004e-04,2.530814653e-04,3.47548913527934605e-07,2.30852996936525520e-07,nan,nan
981,24.525,9.070180112e-05,2.631643152e-04,3.45910887783928457e-07,2.30759424351465824e-07,nan,nan
982,24.55,7.404362223e-05,2.721755481e-04,3.44525122476318617e-07,2.30759763604388074e-07,nan,nan
983,24.575,5.701325750e-05,2.796651578e-04,3.43379458388286826e-07,2.30827534029677504e-07,nan,nan
984,24.6,6.130532569e-05,2.856001863e-04,3.42456327938951826e-07,2.30935175792456413e-07,nan,nan
985,24.625,7.174214907e-05,2.899569599e-04,3.41733259772986962e-07,2.31054739085968159e-07,nan,nan
986,24.65,8.167620437e-05,2.927211731e-04,3.41183499013313904e-07,2.31158573132921649e-07,nan,nan
987,24.675,9.104790483e-05,2.938879141e-04,3.40776725933963717e-07,2.31219997830574612e-07,nan,nan
988,24.7,9.980148618e-05,2.934616338e-04,3.40479853577376182e-07,2.31213941559775560e-07,nan,nan
989,24.725,1.078853346e-04,2.914560571e-04,3.40257883132509306e-07,2.31117529762046589e-07,nan,nan
990,24.75,1.152522868e-04,2.878940392e-04,3.40074794742610064e-07,2.30910610343084273e-07,nan,nan
991,24.775,1.218599017e-04,2.828073666e-04,3.39894450845089911e-07,2.30576203743933190e-07,nan,nan
992,24.8,1.282829416e-04,2.762365057e-04,3.39681489166405429e-07,2.30100867583068256e-07,nan,nan
993,24.825,1.349262004e-04,2.682302995e-04,3.39402183092954679e-07,2.29474968057920032e-07,nan,nan
994,24.85,1.417540856e-04,2.588456160e-04,3.39025248291119513e-07,2.28692852742382941e-07,nan,nan
995,24.875,1.487716159e-04,2.481469496e-04,3.38522576118359742e-07,2.27752921963744630e-07,nan,nan
996,24.9,1.559838523e-04,2.362059795e-04,3.37869876502873317e-07,2.26657598522877159e-07,nan,nan
997,24.925,1.633958412e-04,2.231010867e-04,3.37047215510838820e-07,2.25413198070143763e-07,nan,nan
998,24.95,1.710125466e-04,2.089168338e-04,3.36039435697374771e-07,2.24029704902732894e-07,nan,nan
999,24.975,1.788387673e-04,1.937434110e-04,3.34836450472360985e-07,2.22520460246816492e-07,nan,nan
1000,25,1.865418923e-04,1.776760518e-04,3.33433407022033934e-07,2.20901772174539340e-07,nan,nan
1001,25.025,1.930338333e-04,1.608144217e-04,3.31830715725514928e-07,2.19192458132052055e-07,nan,nan
1002,25.05,1.982607945e-04,1.432619849e-04,3.30033947404863348e-07,2.17413332578459290e-07,nan,nan
1003,25.075,2.021969506e-04,1.251253522e-04,3.28053603061881074e-07,2.15586653422783627e-07,nan,nan
1004,25.1,2.048248101e-04,1.065136146e-04,3.25904763902118616e-07,2.13735541771886598e-07,nan,nan
1005,25.125,2.061352760e-04,8.753766677e-05,3.23606632349210914e-07,2.11883389951230362e-07,nan,nan
1006,25.15,2.061276546e-04,9.237571587e-05,3.21181977341010958e-07,2.10053272826600331e-07,nan,nan
1007,25.175,2.048096092e-04,9.841606705e-05,3.18656499412125338e-07,2.08267377142359358e-07,nan,nan
1008,25.2,2.021970628e-04,1.038722766e-04,3.16058132854997055e-07,2.06546462913811791e-07,nan,nan
1009,25.225,1.983140486e-04,1.089028461e-04,3.13416303574679131e-07,2.04909369890213404e-07,nan,nan
1010,25.25,1.931925101e-04,1.140819065e-04,3.10761162084328580e-07,2.03372580771536890e-07,nan,nan
1011,25.275,1.868720526e-04,1.194122507e-04,3.08122811415461787e-07,2.01949851254399431e-07,nan,nan
1012,25.3,1.793996478e-04,1.248966335e-04,3.05530549538364814e-07,2.00651915145029403e-07,nan,nan
1013,25.325,1.708292934e-04,1.305377296e-04,3.03012145215819188e-07,1.99486270759410820e-07,nan,nan
1014,25.35,1.612216305e-04,1.363380848e-04,3.00593165071807973e-07,1.98457052686205364e-07,nan,nan
1015,25.375,1.506435216e-04,1.423000570e-04,2.98296368082037389e-07,1.97564990772591456e-07,nan,nan
1016,25.4,1.391675910e-04,1.484257473e-04,2.96141181731282189e-07,1.96807455963583813e-07,nan,nan
1017,25.425,1.268717324e-04,1.547169206e-04,2.94143271789194804e-07,1.96178590438124266e-07,nan,nan
1018,25.45,1.138385855e-04,1.605492639e-04,2.92314215094382491e-07,1.95669517394758699e-07,nan,nan
1019,25.475,1.001549862e-04,1.653531612e-04,2.90661281975190327e-07,1.95268623897359895e-07,nan,nan
1020,25.5,8.591139290e-05,1.725309048e-04,2.89187332047707298e-07,1.94961908443943076e-07,nan,nan
1021,25.525,7.764676950e-05,1.803326960e-04,2.87890824192187107e-07,1.94733383410440893e-07,nan,nan
1022,25.55,7.694256632e-05,1.883579785e-04,2.86765938593668189e-07,1.94565521281052420e-07,nan,nan
1023,25.575,7.602474164e-05,1.964933388e-04,2.85802805914732098e-07,1.94439732634899812e-07,nan,nan
1024,25.6,7.489672972e-05,2.036553969e-04,2.84987836018150696e-07,1.94336863234692694e-07,nan,nan
1025,25.625,7.356253874e-05,2.095439758e-04,2.84304136239451443e-07,1.94237697268159866e-07,nan,nan
1026,25.65,7.721470322e-05,2.141424667e-04,2.83732007082179178e-07,1.94123453829898397e-07,nan,nan
1027,25.675,8.553771863e-05,2.174422688e-04,2.83249501421615826e-07,1.93976264094404463e-07,nan,nan
1028,25.7,9.328647281e-05,2.194427627e-04,2.82833031896374293e-07,1.93779617306567712e-07,nan,nan
1029,25.725,1.004152796e-04,2.201512324e-04,2.82458010171804259e-07,1.93518764682394033e-07,nan,nan
1030,25.75,1.068825384e-04,2.195827408e-04,2.82099501193830104e-07,1.93181071541647296e-07,nan,nan
1031,25.775,1.127452881e-04,2.177599565e-04,2.81732875424871378e-07,1.92756309450739681e-07,nan,nan
1032,25.8,1.186370862e-04,2.147129359e-04,2.81334442361691233e-07,1.92236881798568125e-07,nan,nan
1033,25.825,1.247250083e-04,2.104788602e-04,2.80882049364339873e-07,1.91617978015914520e-07,nan,nan
1034,25.85,1.309875339e-04,2.051017310e-04,2.80355630951135077e-07,1.90897653533308651e-07,nan,nan
1035,25.875,1.374150640e-04,1.986320259e-04,2.79737695202578192e-07,1.90076834503948891e-07,nan,nan
1036,25.9,1.440122693e-04,1.911263165e-04,2.79013735724185646e-07,1.89159248247873081e-07,nan,nan
1037,25.925,1.507908413e-04,1.826468520e-04,2.78172559693898258e-07,1.88151282252323008e-07,nan,nan
1038,25.95,1.577759740e-04,1.732611105e-04,2.77206524807383569e-07,1.87061776344324127e-07,nan,nan
1039,25.975,1.648694771e-04,1.630413225e-04,2.76111680372943056e-07,1.85901754291194787e-07,nan,nan
1040,26,1.711180573e-04,1.520639674e-04,2.74887810332673664e-07,1.84684102543450027e-07,nan,nan
1041,26.025,1.762476720e-04,1.404092496e-04,2.73538378532538712e-07,1.83423205077923580e-07,nan,nan
1042,26.05,1.802319054e-04,1.281605541e-04,2.72070379065927670e-07,1.82134544298336912e-07,nan,nan
1043,26.075,1.830517303e-04,1.154038889e-04,2.70494096910070586e-07,1.80834278683975974e-07,nan,nan
1044,26.1,1.846955871e-04,1.077731548e-04,2.68822786302798280e-07,1.79538808329564581e-07,nan,nan
1045,26.125,1.851594154e-04,1.164510445e-04,2.67072276314178621e-07,1.78264339683133554e-07,nan,nan
1046,26.15,1.844466381e-04,1.245625931e-04,2.65260514805437481e-07,1.77026460663326762e-07,nan,nan
1047,26.175,1.825680986e-04,1.320575389e-04,2.63407063395714087e-07,1.75839736930131896e-07,nan,nan
1048,26.2,1.795419514e-04,1.388891527e-04,2.61532557143457151e-07,1.74717339407449557e-07,nan,nan
1049,26.225,1.753935076e-04,1.451195849e-04,2.59658143370619925e-07,1.73670712232786314e-07,nan,nan
1050,26.25,1.701550351e-04,1.513854827e-04,2.57804914400809615e-07,1.72709289165206052e-07,nan,nan
1051,26.275,1.638655178e-04,1.578339234e-04,2.55993348943560266e-07,1.71840265149260378e-07,nan,nan
1052,26.3,1.565703719e-04,1.644555881e-04,2.54242776442018364e-07,1.71068428246084483e-07,nan,nan
1053,26.325,1.483211248e-04,1.712365215e-04,2.52570877926152915e-07,1.70396055542707747e-07,nan,nan
1054,26.35,1.391750562e-04,1.781802656e-04,2.50993235802634956e-07,1.69822874978773375e-07,nan,nan
1055,26.375,1.291948056e-04,1.852903131e-04,2.49522943598498931e-07,1.69346093329434995e-07,nan,nan
1056,26.4,1.184479480e-04,1.925700610e-04,2.48170284998600125e-07,1.68960488897515683e-07,nan,nan
1057,26.425,1.070065404e-04,2.000227576e-04,2.46942489622832368e-07,1.68658565839462576e-07,nan,nan
1058,26.45,9.494664327e-05,2.067468187e-04,2.45843570929133167e-07,1.68430765518635867e-07,nan,nan
1059,26.475,8.234781882e-05,2.123510873e-04,2.44874249457036323e-07,1.68265728883480641e-07,nan,nan
1060,26.5,6.929261040e-05,2.167991798e-04,2.44031962400630774e-07,1.68150602640717420e-07,nan,nan
1061,26.525,5.586600564e-05,2.200616257e-04,2.43310958276593534e-07,1.68071380963760254e-07,nan,nan
1062,26.55,5.080382239e-05,2.221160392e-04,2.42702473288984130e-07,1.68013273667695103e-07,nan,nan
1063,26.575,5.247282462e-05,2.229472474e-04,2.42194983942020595e-07,1.67961091212038595e-07,nan,nan
1064,26.6,5.673375668e-05,2.225473733e-04,2.41774528565783321e-07,1.67899636572624307e-07,nan,nan
1065,26.625,6.512146102e-05,2.209158743e-04,2.41425088743608035e-07,1.67814093959374599e-07,nan,nan
1066,26.65,7.306559796e-05,2.180595345e-04,2.41129020203782926e-07,1.67690404545964004e-07,nan,nan
1067,26.675,8.051855905e-05,2.139924134e-04,2.40867521595158667e-07,1.67515619812641342e-07,nan,nan
1068,26.7,8.743600784e-05,2.087357486e-04,2.40621128731934308e-07,1.67278223770853278e-07,nan,nan
1069,26.725,9.377714118e-05,2.023178163e-04,2.40370221384518371e-07,1.66968416218218653e-07,nan,nan
1070,26.75,9.950492737e-05,1.947737475e-04,2.40095529519876444e-07,1.66578350240173436e-07,nan,nan
1071,26.775,1.048155175e-04,1.861453046e-04,2.39778626056415292e-07,1.66102318401136569e-07,nan,nan
1072,26.8,1.102558852e-04,1.764806161e-04,2.39402393686990610e-07,1.65536883420606605e-07,nan,nan
1073,26.825,1.158483587e-04,1.658338749e-04,2.38951454122663909e-07,1.64880950572681341e-07,nan,nan
1074,26.85,1.216192577e-04,1.542649996e-04,2.38412549195294256e-07,1.64135780543755981e-07,nan,nan
1075,26.875,1.275333855e-04,1.418392623e-04,2.37774864597926837e-07,1.63304942994371490e-07,nan,nan
1076,26.9,1.335950558e-04,1.286268846e-04,2.37030288601135853e-07,1.62394212559222527e-07,nan,nan
1077,26.925,1.398498524e-04,1.147026049e-04,2.36173599818822868e-07,1.61411410447084788e-07,nan,nan
1078,26.95,1.462661606e-04,1.001452201e-04,2.35202579962398411e-07,1.60366196134756448e-07,nan,nan
1079,26.975,1.523375422e-04,8.503710332e-05,2.34118049468947031e-07,1.59269814853692409e-07,nan,nan
1080,27,1.574145451e-04,7.444955519e-05,2.32923825866654018e-07,1.58134807616118949e-07,nan,nan
1081,27.025,1.614701243e-04,6.577517730e-05,2.31626606699036055e-07,1.56974691394599012e-07,nan,nan
1082,27.05,1.644838187e-04,5.733258585e-05,2.30235780719051742e-07,1.55803617735637100e-07,nan,nan
1083,27.075,1.664418457e-04,6.863029421e-05,2.28763172838026430e-07,1.54636018539605563e-07,nan,nan
1084,27.1,1.673371535e-04,7.955599148e-05,2.27222729929040764e-07,1.53486247967232612e-07,nan,nan
1085,27.125,1.671694312e-04,9.005121979e-05,2.25630156001113954e-07,1.52368229433992407e-07,nan,nan
1086,27.15,1.659450757e-04,1.000601189e-04,2.24002506445737621e-07,1.51295116430624433e-07,nan,nan
1087,27.175,1.636771172e-04,1.095297423e-04,2.22357751983910409e-07,1.50278975468868610e-07,nan,nan
1088,27.2,1.603851027e-04,1.184103549e-04,2.20714323589512016e-07,1.49330498809854005e-07,nan,nan
1089,27.225,1.560949402e-04,1.266557101e-04,2.19090650020591385e-07,1.48458753806852798e-07,nan,nan
1090,27.25,1.508387022e-04,1.342233059e-04,2.17504699648478003e-07,1.47670974707095333e-07,nan,nan
1091,27.275,1.446543929e-04,1.410746173e-04,2.15973538037612356e-07,1.46972401635611670e-07,nan,nan
1092,27.3,1.375856783e-04,1.474794944e-04,2.14512912206166451e-07,1.46366170257241348e-07,nan,nan
1093,27.325,1.296815827e-04,1.540103125e-04,2.13136871705468695e-07,1.45853254312926155e-07,nan,nan
1094,27.35,1.209961524e-04,1.607352190e-04,2.11857435618162771e-07,1.45432461886524621e-07,nan,nan
1095,27.375,1.115880903e-04,1.676034032e-04,2.10684313320003283e-07,1.45100484912606034e-07,nan,nan
1096,27.4,1.015203626e-04,1.746177580e-04,2.09624685412456548e-07,1.44852000117667334e-07,nan,nan
1097,27.425,9.085978073e-05,1.818341693e-04,2.08683049651216118e-07,1.44679818329562200e-07,nan,nan
1098,27.45,7.967656143e-05,1.891998229e-04,2.07861135010930958e-07,1.44575077923318929e-07,nan,nan
1099,27.475,6.804386754e-05,1.967190405e-04,2.07157885282535345e-07,1.44527477123996509e-07,nan,nan
1100,27.5,5.603733260e-05,2.036372079e-04,2.06569511841139506e-07,1.44525538983522246e-07,nan,nan
1101,27.525,4.373457230e-05,2.094444607e-04,2.06089613493927768e-07,1.44556902109412944e-07,nan,nan
1102,27.55,3.818458091e-05,2.141142271e-04,2.05709359662026828e-07,1.44608629665376275e-07,nan,nan
1103,27.575,4.648437647e-05,2.176266239e-04,2.05417731608601084e-07,1.44667528798783109e-07,nan,nan
1104,27.6,5.446018523e-05,2.199685394e-04,2.05201815034897550e-07,1.44720472484680570e-07,nan,nan
1105,27.625,6.206363007e-05,2.211336748e-04,2.05047136159726101e-07,1.44754715812113988e-07,nan,nan
1106,27.65,6.924885225e-05,2.211225448e-04,2.04938032403994021e-07,1.44758198972723778e-07,nan,nan
1107,27.675,7.597278607e-05,2.199424367e-04,2.04858048042820622e-07,1.44719829635640632e-07,nan,nan
1108,27.7,8.219541506e-05,2.176073293e-04,2.04790344679634832e-07,1.44629737993763529e-07,nan,nan
1109,27.725,8.788000810e-05,2.141377711e-04,2.04718116149217180e-07,1.44479498527418842e-07,nan,nan
1110,27.75,9.299333420e-05,2.095607210e-04,2.04624997472893793e-07,1.44262313431258059e-07,nan,nan
1111,27.775,9.787509092e-05,2.039093497e-04,2.04495457765387834e-07,1.43973153664914922e-07,nan,nan
1112,27.8,1.029233826e-04,1.972228059e-04,2.04315167519034563e-07,1.43608854690707113e-07,nan,nan
1113,27.825,1.080862447e-04,1.895459470e-04,2.04071331450857729e-07,1.43168165123945740e-07,nan,nan
1114,27.85,1.134231632e-04,1.809290379e-04,2.03752979069435090e-07,1.42651747713487702e-07,nan,nan
1115,27.875,1.188885891e-04,1.714274179e-04,2.03351206274495252e-07,1.42062133261922729e-07,nan,nan
1116,27.9,1.244862176e-04,1.611011398e-04,2.02859362611476016e-07,1.41403629256494247e-07,nan,nan
1117,27.925,1.302650419e-04,1.500145821e-04,2.02273180231030399e-07,1.40682186084898458e-07,nan,nan
1118,27.95,1.360668449e-04,1.382360385e-04,2.01590842112339258e-07,1.39905224727670652e-07,nan,nan
1119,27.975,1.411211042e-04,1.258372847e-04,2.00812988660169507e-07,1.39081430726621521e-07,nan,nan
1120,28,1.452607319e-04,1.128931287e-04,1.99942663339392312e-07,1.38220520005412418e-07,nan,nan
1121,28.025,1.484639432e-04,9.948094428e-05,1.98985199528073677e-07,1.37332982746090857e-07,nan,nan
1122,28.05,1.507149542e-04,8.568019253e-05,1.97948052213603707e-07,1.36429811990398555e-07,nan,nan
1123,28.075,1.520040524e-04,7.157193403e-05,1.96840579490268960e-07,1.35522223927331514e-07,nan,nan
1124,28.1,1.523276287e-04,6.814018469e-05,1.95673780009075937e-07,1.34621376943572931e-07,nan,nan
1125,28.125,1.516881706e-04,7.305078265e-05,1.94459993553269887e-07,1.33738096450382222e-07,nan,nan
1126,28.15,1.500942174e-04,7.754887427e-05,1.93212572742322212e-07,1.32882612263075233e-07,nan,nan
1127,28.175,1.475602776e-04,8.159893943e-05,1.91945534484738315e-07,1.32064314905473547e-07,nan,nan
1128,28.2,1.441067093e-04,8.544801907e-05,1.90673200193015291e-07,1.31291536653777688e-07,nan,nan
1129,28.225,1.397595640e-04,8.942154668e-05,1.89409833935407101e-07,1.30571362438109661e-07,nan,nan
1130,28.25,1.345503962e-04,9.351501308e-05,1.88169287627691864e-07,1.29909474904573405e-07,nan,nan
1131,28.275,1.285160384e-04,9.771337831e-05,1.86964662068617740e-07,1.29310037028011260e-07,nan,nan
1132,28.3,1.216983449e-04,1.020372975e-04,1.85807992105562794e-07,1.28775614679705947e-07,nan,nan
1133,28.325,1.141439046e-04,1.064906596e-04,1.84709963497921875e-07,1.28307140520693695e-07,nan,nan
1134,28.35,1.059037262e-04,1.110563029e-04,1.83679668145509832e-07,1.27903919536569381e-07,nan,nan
1135,28.375,9.703289617e-05,1.157366434e-04,1.82724403292771666e-07,1.27563675480358872e-07,nan,nan
1136,28.4,8.759021386e-05,1.200237444e-04,1.81849519135430966e-07,1.27282636472428939e-07,nan,nan
1137,28.425,7.763780409e-05,1.235589635e-04,1.81058317975801799e-07,1.27055657045615870e-07,nan,nan
1138,28.45,6.724071127e-05,1.276918217e-04,1.80352006729835531e-07,1.26876373043170974e-07,nan,nan
1139,28.475,6.313933862e-05,1.335816230e-04,1.79729703217707230e-07,1.26737384997833977e-07,nan,nan
1140,28.5,6.268468328e-05,1.395912896e-04,1.79188495305288778e-07,1.26630464960668696e-07,nan,nan
1141,28.525,6.205611331e-05,1.457438137e-04,1.78723550640544594e-07,1.26546781223305759e-07,nan,nan
1142,28.55,6.125594527e-05,1.516517245e-04,1.78328273479565006e-07,1.26477134998490708e-07,nan,nan
1143,28.575,6.028696627e-05,1.566197213e-04,1.77994503952235178e-07,1.26412202899060516e-07,nan,nan
1144,28.6,5.915242470e-05,1.606318737e-04,1.77712754104996330e-07,1.26342778988468388e-07,nan,nan
1145,28.625,5.921361318e-05,1.636781546e-04,1.77472474201709397e-07,1.26260010266521276e-07,nan,nan
1146,28.65,6.575529280e-05,1.657544472e-04,1.77262342082962152e-07,1.26155619697929952e-07,nan,nan
1147,28.675,7.186232107e-05,1.668625138e-04,1.77070567894288388e-07,1.26022111280643265e-07,nan,nan
1148,28.7,7.749833237e-05,1.670099293e-04,1.76885206204706653e-07,1.25852952174228715e-07,nan,nan
1149,28.725,8.263003028e-05,1.662099797e-04,1.76694467453568416e-07,1.25642727551053322e-07,nan,nan
1150,28.75,8.723952980e-05,1.644815253e-04,1.76487020785525892e-07,1.25387264577152674e-07,nan,nan
1151,28.775,9.179141958e-05,1.618488313e-04,1.76252280654890000e-07,1.25083722755553714e-07,nan,nan
1152,28.8,9.646831619e-05,1.583413656e-04,1.75980670091206139e-07,1.24730648750716302e-07,nan,nan
1153,28.825,1.012725343e-04,1.539935669e-04,1.75663854202315517e-07,1.24327994735706432e-07,nan,nan
1154,28.85,1.062116110e-04,1.488445825e-04,1.75294938330092123e-07,1.23877100240069847e-07,nan,nan
1155,28.875,1.112839631e-04,1.429379808e-04,1.74868626244369133e-07,1.23380638402432575e-07,nan,nan
1156,28.9,1.164730222e-04,1.363214366e-04,1.74381334836180019e-07,1.22842528424441029e-07,nan,nan
1157,28.925,1.218265166e-04,1.290463952e-04,1.73831262923857526e-07,1.22267816859678793e-07,nan,nan
1158,28.95,1.268759688e-04,1.211677147e-04,1.73218412984700810e-07,1.21662531132225590e-07,nan,nan
1159,28.975,1.311037810e-04,1.127432901e-04,1.72544565839927847e-07,1.21033509346265814e-07,nan,nan
1160,29,1.344869693e-04,1.038336621e-04,1.71813209520537211e-07,1.20388211004874228e-07,nan,nan
1161,29.025,1.370079626e-04,9.450161194e-05,1.71029424696324258e-07,1.19734513690030348e-07,nan,nan
1162,29.05,1.386546885e-04,8.481174554e-05,1.70199730130914953e-07,1.19080501057460646e-07,nan,nan
1163,29.075,1.394206242e-04,8.755169824e-05,1.69331892605805457e-07,1.18434247662944031e-07,nan,nan
1164,29.1,1.393048130e-04,9.441885855e-05,1.68434706612362844e-07,1.17803606158637876e-07,nan,nan
1165,29.125,1.383118449e-04,1.008423911e-04,1.67517749822297568e-07,1.17196002279770079e-07,nan,nan
1166,29.15,1.364518033e-04,1.067822994e-04,1.66591120897893409e-07,1.16618242788179930e-07,nan,nan
1167,29.175,1.337401771e-04,1.122012826e-04,1.65665166581143232e-07,1.16076341157525225e-07,nan,nan
1168,29.2,1.301977397e-04,1.171298166e-04,1.64750205198264703e-07,1.15575365286447115e-07,nan,nan
1169,29.225,1.258503945e-04,1.220655269e-04,1.63856253729887073e-07,1.15119310924389091e-07,nan,nan
1170,29.25,1.207289900e-04,1.271405528e-04,1.62992765429188527e-07,1.14711003806291614e-07,nan,nan
1171,29.275,1.148691042e-04,1.323240688e-04,1.62168384626695077e-07,1.14352032735272456e-07,nan,nan
1172,29.3,1.083108001e-04,1.376586791e-04,1.61390724851940971e-07,1.14042715046398449e-07,nan,nan
1173,29.325,1.010983548e-04,1.430995523e-04,1.60666175743420003e-07,1.13782095050540014e-07,nan,nan
1174,29.35,9.327996277e-05,1.486769429e-04,1.59999743427522408e-07,1.13567975216320638e-07,nan,nan
1175,29.375,8.490741616e-05,1.543935061e-04,1.59394928145894049e-07,1.13396979021540110e-07,nan,nan
1176,29.4,7.603576398e-05,1.597746587e-04,1.58853641922858353e-07,1.13264643613783040e-07,nan,nan
1177,29.425,6.672295236e-05,1.643141502e-04,1.58376168016126649e-07,1.13165539682765165e-07,nan,nan
1178,29.45,5.702944816e-05,1.679818503e-04,1.57961162812144983e-07,1.13093415282298322e-07,nan,nan
1179,29.475,4.701784849e-05,1.707527449e-04,1.57605699739804726e-07,1.13041359763536110e-07,nan,nan
1180,29.5,4.123780602e-05,1.726070883e-04,1.57305353710443195e-07,1.13001983506990154e-07,nan,nan
1181,29.525,4.257205192e-05,1.735305227e-04,1.57054323574784810e-07,1.12967608779567160e-07,nan,nan
1182,29.55,4.392866436e-05,1.735141650e-04,1.56845589143947180e-07,1.12930466802531864e-07,nan,nan
1183,29.575,4.530729803e-05,1.725546600e-04,1.56671098474925972e-07,1.12882896001691497e-07,nan,nan
1184,29.6,5.020479782e-05,1.706541992e-04,1.56521980391479554e-07,1.12817536423892274e-07,nan,nan
1185,29.625,5.657083608e-05,1.678205068e-04,1.56388776616290895e-07,1.12727515442552152e-07,nan,nan
1186,29.65,6.256198055e-05,1.640667910e-04,1.56261687443328656e-07,1.12606620134744435e-07,nan,nan
1187,29.675,6.814229822e-05,1.594116628e-04,1.56130824590269951e-07,1.12449452085615829e-07,nan,nan
1188,29.7,7.327853868e-05,1.538790215e-04,1.55986464745359791e-07,1.12251560852234084e-07,nan,nan
1189,29.725,7.794033085e-05,1.474979086e-04,1.55819297362711491e-07,1.12009552885408792e-07,nan,nan
1190,29.75,8.216059082e-05,1.403023308e-04,1.55620660462130375e-07,1.11721173349590314e-07,nan,nan
1191,29.775,8.640289857e-05,1.323310528e-04,1.55382758547373659e-07,1.11385358980848525e-07,nan,nan
1192,29.8,9.074997302e-05,1.236273624e-04,1.55098857259753812e-07,1.11002260863122345e-07,nan,nan
1193,29.825,9.524020413e-05,1.142388077e-04,1.54763450018073313e-07,1.10573236764513809e-07,nan,nan
1194,29.85,9.982894325e-05,1.042169101e-04,1.54372392643746622e-07,1.10100813439145553e-07,nan,nan
1195,29.875,1.045559704e-04,9.361685316e-05,1.53923002811702331e-07,1.09588620046918201e-07,nan,nan
1196,29.9,1.093809596e-04,8.249715027e-05,1.53414122081136167e-07,1.09041294554893995e-07,nan,nan
1197,29.925,1.142935643e-04,7.091929292e-05,1.52846139221732545e-07,1.08464365642582247e-07,nan,nan
1198,29.95,1.186077105e-04,5.971192471e-05,1.52220974535926066e-07,1.07864113223158869e-07,nan,nan
1199,29.975,1.221580124e-04,5.345722922e-05,1.51542025861148890e-07,1.07247411199558636e-07,nan,nan
1200,30,1.249253143e-04,4.690671563e-05,1.50814077893106700e-07,1.06621556486572046e-07,nan,nan
1201,30.025,1.268954558e-04,4.550925299e-05,1.50043177378148511e-07,1.05994088638177298e-07,nan,nan
1202,30.05,1.280593397e-04,5.471572231e-05,1.49236477557458995e-07,1.05372604616647628e-07,nan,nan
1203,30.075,1.284129678e-04,6.363636714e-05,1.48402055987858788e-07,1.04764573322621851e-07,nan,nan
1204,30.1,1.279574444e-04,7.222371920e-05,1.47548710495706683e-07,1.04177154472330926e-07,nan,nan
1205,30.125,1.266989480e-04,8.043227206e-05,1.46685738527013864e-07,1.03617026261453801e-07,nan,nan
1206,30.15,1.246486718e-04,8.821873887e-05,1.45822705526882058e-07,1.03090225999354870e-07,nan,nan
1207,30.175,1.218227321e-04,9.554229640e-05,1.44969208206845280e-07,1.02602007540141562e-07,nan,nan
1208,30.2,1.182420472e-04,1.023648137e-04,1.44134638635371163e-07,1.02156718887923796e-07,nan,nan
1209,30.225,1.139321859e-04,1.086510643e-04,1.43327955014193010e-07,1.01757702824895908e-07,nan,nan
1210,30.25,1.089231882e-04,1.143689206e-04,1.42557464784585641e-07,1.01407222816305518e-07,nan,nan
1211,30.275,1.032493584e-04,1.195647385e-04,1.41830625350050432e-07,1.01106415801424182e-07,nan,nan
1212,30.3,9.694903217e-05,1.247851753e-04,1.41153867215465927e-07,1.00855272800809095e-07,nan,nan
1213,30.325,9.006432009e-05,1.301175707e-04,1.40532443741022959e-07,1.00652647574637009e-07,nan,nan
1214,30.35,8.264082766e-05,1.355805563e-04,1.39970311008384056e-07,1.00496292872135592e-07,nan,nan
1215,30.375,7.472735527e-05,1.411687932e-04,1.39470040514999980e-07,1.00382923135383200e-07,nan,nan
1216,30.4,6.637557916e-05,1.468700148e-04,1.39032766570716794e-07,1.00308301878622254e-07,nan,nan
1217,30.425,5.763971572e-05,1.527106881e-04,1.38658169390364293e-07,1.00267351372331487e-07,nan,nan
1218,30.45,4.857617126e-05,1.585409568e-04,1.38344493979313209e-07,1.00254281733840976e-07,nan,nan
1219,30.475,3.924317958e-05,1.636297640e-04,1.38088604018607467e-07,1.00262736075699173e-07,nan,nan
1220,30.5,2.970042950e-05,1.678453528e-04,1.37886069094396244e-07,1.00285947999746987e-07,nan,nan
1221,30.525,2.886090675e-05,1.711685183e-04,1.37731282804254814e-07,1.00316907457061418e-07,nan,nan
1222,30.55,3.558184661e-05,1.735852231e-04,1.37617608530382031e-07,1.00348530827299975e-07,nan,nan
1223,30.575,4.205889253e-05,1.750866567e-04,1.37537549014441993e-07,1.00373831008627578e-07,nan,nan
1224,30.6,4.825259734e-05,1.756692631e-04,1.37482935316449805e-07,1.00386083351849697e-07,nan,nan
1225,30.625,5.412540738e-05,1.753347372e-04,1.37445130303343085e-07,1.00378983417494327e-07,nan,nan
1226,30.65,5.964188908e-05,1.740899900e-04,1.37415241501452019e-07,1.00346792777756219e-07,nan,nan
1227,30.675,6.476894170e-05,1.719470822e-04,1.37384337967479933e-07,1.00284469419398418e-07,nan,nan
1228,30.7,6.947599485e-05,1.689231278e-04,1.37343665787965122e-07,1.00187779719694040e-07,nan,nan
1229,30.725,7.373518960e-05,1.650401674e-04,1.37284856907236034e-07,1.00053389454122273e-07,nan,nan
1230,30.75,7.763531922e-05,1.603250135e-04,1.37200126204964204e-07,9.98789318390117091e-08,nan,nan
1231,30.775,8.159612835e-05,1.548090668e-04,1.37082452089680442e-07,9.96630512005441924e-08,nan,nan
1232,30.8,8.568131791e-05,1.485281071e-04,1.36925736334148317e-07,9.94054214784458465e-08,nan,nan
1233,30.825,8.986778235e-05,1.415220582e-04,1.36724939439616974e-07,9.91067394026831505e-08,nan,nan
1234,30.85,9.415345354e-05,1.338347300e-04,1.36476188463639132e-07,9.87686928087792158e-08,nan,nan
1235,30.875,9.856968758e-05,1.255135376e-04,1.36176854963260283e-07,9.83939051664212089e-08,nan,nan
1236,30.9,1.030712770e-04,1.166092016e-04,1.35825601473330293e-07,9.79858579719101929e-08,nan,nan
1237,30.925,1.074649111e-04,1.071754289e-04,1.35422395738743924e-07,9.75487931837506018e-08,nan,nan
1238,30.95,1.111676691e-04,9.726857845e-05,1.34968492729309032e-07,9.70875983496499727e-08,nan,nan
1239,30.975,1.141578813e-04,8.694731234e-05,1.34466385266319098e-07,9.66076774713687333e-08,nan,nan
1240,31,1.164195435e-04,7.627223514e-05,1.33919724860888291e-07,9.61148109720753619e-08,nan,nan
1241,31.025,1.179412818e-04,6.530552376e-05,1.33333215086746344e-07,9.56150083620573400e-08,nan,nan
1242,31.05,1.187164056e-04,5.411054998e-05,1.32712480466939775e-07,9.51143573379816823e-08,nan,nan
1243,31.075,1.187429306e-04,5.556231807e-05,1.32063914429053968e-07,9.46188730958918035e-08,nan,nan
1244,31.1,1.180235734e-04,5.949111471e-05,1.31394510363641715e-07,9.41343515886574089e-08,nan,nan
1245,31.125,1.165657159e-04,6.309391605e-05,1.30711680194550303e-07,9.36662303168755817e-08,nan,nan
1246,31.15,1.143813403e-04,6.634160428e-05,1.30023065129563109e-07,9.32194600127752522e-08,nan,nan
1247,31.175,1.114869368e-04,6.939855199e-05,1.29336343399953037e-07,9.27983902661336692e-08,nan,nan
1248,31.2,1.079033822e-04,7.255523417e-05,1.28659039815962373e-07,9.24066717581765169e-08,nan,nan
1249,31.225,1.036557925e-04,7.578940693e-05,1.27998341862737546e-07,9.20471773242033930e-08,nan,nan
1250,31.25,9.877334863e-05,7.913076785e-05,1.27360926841716751e-07,9.17219435700239615e-08,nan,nan
1251,31.275,9.328909858e-05,8.254672823e-05,1.26752804232670290e-07,9.14321342340860029e-08,nan,nan
1252,31.3,8.723973491e-05,8.607390796e-05,1.26179177020961777e-07,9.11780259301229972e-08,nan,nan
1253,31.325,8.066535123e-05,8.967544124e-05,1.25644325215021376e-07,9.09590163383999650e-08,nan,nan
1254,31.35,7.360917787e-05,9.320741398e-05,1.25151514184476039e-07,9.07736543514236912e-08,nan,nan
1255,31.375,6.611729920e-05,9.618178486e-05,1.24702929795569008e-07,9.06196911363119973e-08,nan,nan
1256,31.4,5.823835403e-05,9.855975321e-05,1.24299641624469339e-07,9.04941505642466479e-08,nan,nan
1257,31.425,5.340050827e-05,1.025368816e-04,1.23941594808709228e-07,9.03934169900317041e-08,nan,nan
1258,31.45,5.315240236e-05,1.072170725e-04,1.23627630370646062e-07,9.03133379529464112e-08,nan,nan
1259,31.475,5.275682986e-05,1.120079848e-04,1.23355533132798523e-07,9.02493390235374858e-08,nan,nan
1260,31.5,5.221528171e-05,1.169090025e-04,1.23122105660956822e-07,9.01965477477297375e-08,nan,nan
1261,31.525,5.152965040e-05,1.215070847e-04,1.22923266033951840e-07,9.01499234457141716e-08,nan,nan
1262,31.55,5.070222365e-05,1.253639738e-04,1.22754166664397432e-07,9.01043895125376435e-08,nan,nan
1263,31.575,4.973567703e-05,1.284675684e-04,1.22609330896347618e-07,9.00549648420750482e-08,nan,nan
1264,31.6,4.863306546e-05,1.308103772e-04,1.22482803695363836e-07,8.99968910558686224e-08,nan,nan
1265,31.625,5.186398573e-05,1.323895234e-04,1.22368312433340145e-07,8.99257523608137424e-08,nan,nan
1266,31.65,5.696837905e-05,1.332067205e-04,1.22259433561440402e-07,8.98375850804406314e-08,nan,nan
1267,31.675,6.170263914e-05,1.332682205e-04,1.22149760863816688e-07,8.97289741972750792e-08,nan,nan
1268,31.7,6.603851759e-05,1.325847348e-04,1.22033070993800815e-07,8.95971346003941066e-08,nan,nan
1269,31.725,6.995032813e-05,1.311713271e-04,1.21903482111618777e-07,8.94399751432521716e-08,nan,nan
1270,31.75,7.358620825e-05,1.290472820e-04,1.21755601664293269e-07,8.92561440712984771e-08,nan,nan
1271,31.775,7.731393743e-05,1.262359469e-04,1.21584659667608652e-07,8.90450548650125698e-08,nan,nan
1272,31.8,8.113853358e-05,1.227645511e-04,1.21386624257779058e-07,8.88068920492550331e-08,nan,nan
1273,31.825,8.505625093e-05,1.186640024e-04,1.21158296765603296e-07,8.85425970314001943e-08,nan,nan
1274,31.85,8.908575837e-05,1.139686611e-04,1.20897384115397721e-07,8.82538345356969455e-08,nan,nan
1275,31.875,9.321432742e-05,1.087160963e-04,1.20602546950378596e-07,8.79429406870788248e-08,nan,nan
1276,31.9,9.743351752e-05,1.029468224e-04,1.20273422519802338e-07,8.76128542522217070e-08,nan,nan
1277,31.925,1.012732597e-04,9.670402061e-05,1.19910622014760078e-07,8.72670329579040875e-08,nan,nan
1278,31.95,1.044637811e-04,9.003324521e-05,1.19515702692453511e-07,8.69093571667221159e-08,nan,nan
1279,31.975,1.069874524e-04,8.298211779e-05,1.19091115766572478e-07,8.65440234894014504e-08,nan,nan
1280,32,1.088308852e-04,7.560001075e-05,1.18640131648131646e-07,8.61754311443731568e-08,nan,nan
1281,32.025,1.099850002e-04,6.793772230e-05,1.18166744681789749e-07,8.58080640337709293e-08,nan,nan
1282,32.05,1.104450674e-04,7.263971307e-05,1.17675560023590840e-07,8.54463715872334952e-08,nan,nan
1283,32.075,1.102107206e-04,7.838165810e-05,1.17171665735169357e-07,8.50946514295019921e-08,nan,nan
1284,32.1,1.092859426e-04,8.376720783e-05,1.16660493516611246e-07,8.47569368553652653e-08,nan,nan
1285,32.125,1.076790252e-04,8.876278056e-05,1.16147671757392178e-07,8.44368919485282387e-08,nan,nan
1286,32.15,1.054025007e-04,9.333691516e-05,1.15638874746470178e-07,8.41377169638125038e-08,nan,nan
1287,32.175,1.024730483e-04,9.746046510e-05,1.15139671945523273e-07,8.38620663108005169e-08,nan,nan
1288,32.2,9.891137469e-05,1.014739607e-04,1.14655381192812925e-07,8.36119811392268900e-08,nan,nan
1289,32.225,9.474206932e-05,1.055828265e-04,1.14190929571066344e-07,8.33888381410644843e-08,nan,nan
1290,32.25,8.999343688e-05,1.097823496e-04,1.13750725445380027e-07,8.31933157614302627e-08,nan,nan
1291,32.275,8.469730641e-05,1.140937826e-04,1.13338544863032652e-07,8.30253785610597602e-08,nan,nan
1292,32.3,7.888881944e-05,1.184994049e-04,1.12957435114961522e-07,8.28842800086697788e-08,nan,nan
1293,32.325,7.260619817e-05,1.229990495e-04,1.12609637799094013e-07,8.27685835138052501e-08,nan,nan
1294,32.35,6.589049517e-05,1.275668675e-04,1.12296533210908428e-07,8.26762010515038978e-08,nan,nan
1295,32.375,5.878532636e-05,1.316329249e-04,1.12018607330002934e-07,8.26044482907496710e-08,nan,nan
1296,32.4,5.133658899e-05,1.350178446e-04,1.11775442087456253e-07,8.25501147300652920e-08,nan,nan
1297,32.425,4.359216627e-05,1.376984404e-04,1.11565729002336081e-07,8.25095469757014043e-08,nan,nan
1298,32.45,3.560162079e-05,1.396556007e-04,1.11387305681968961e-07,8.24787429795888364e-08,nan,nan
1299,32.475,3.549022025e-05,1.408744074e-04,1.11237214104468214e-07,8.24534547931039308e-08,nan,nan
1300,32.5,3.665589069e-05,1.413442304e-04,1.11111779057873091e-07,8.24292971948234229e-08,nan,nan
1301,32.525,3.778696313e-05,1.410587947e-04,1.11006704611513114e-07,8.24018594202695353e-08,nan,nan
1302,32.55,3.893474445e-05,1.400162218e-04,1.10917186054040080e-07,8.23668171618801427e-08,nan,nan
1303,32.575,4.009913030e-05,1.382190443e-04,1.10838034359586894e-07,8.23200420190224331e-08,nan,nan
1304,32.6,4.470383302e-05,1.356741938e-04,1.10763809947525181e-07,8.22577056599507751e-08,nan,nan
1305,32.625,4.977239627e-05,1.323929619e-04,1.10688962289109988e-07,8.21763761075873141e-08,nan,nan
1306,32.65,5.451678881e-05,1.283909350e-04,1.10607971790559256e-07,8.20731037746085858e-08,nan,nan
1307,32.675,5.890851401e-05,1.236879032e-04,1.10515490349201083e-07,8.19454951447209715e-08,nan,nan
1308,32.7,6.292134810e-05,1.183077441e-04,1.10406477037318603e-07,8.17917723189945424e-08,nan,nan
1309,32.725,6.653149591e-05,1.122782817e-04,1.10276325515034931e-07,8.16108170102578336e-08,nan,nan
1310,32.75,6.994695119e-05,1.056311218e-04,1.10120980004603774e-07,8.14021979654483550e-08,nan,nan
1311,32.775,7.345200193e-05,9.840146510e-05,1.09937036967331013e-07,8.11661812153095235e-08,nan,nan
1312,32.8,7.704543430e-05,9.062789818e-05,1.09721830002676029e-07,8.09037229823126505e-08,nan,nan
1313,32.825,8.073994412e-05,8.235216512e-05,1.09473495926816422e-07,8.06164455103231745e-08,nan,nan
1314,32.85,8.452674285e-05,7.361892003e-05,1.09191020473675232e-07,8.03065965025416790e-08,nan,nan
1315,32.875,8.839896475e-05,6.447546254e-05,1.08874262582533605e-07,7.99769932571817979e-08,nan,nan
1316,32.9,9.228388666e-05,5.497145783e-05,1.08523956779569564e-07,7.96309529633226744e-08,nan,nan
1317,32.925,9.565312733e-05,4.666617386e-05,1.08141693712185092e-07,7.92722109533580723e-08,nan,nan
1318,32.95,9.841154352e-05,4.177085020e-05,1.07729879440949613e-07,7.89048289954558064e-08,nan,nan
1319,32.975,1.005439646e-04,3.664436892e-05,1.07291674620782480e-07,7.85330959426761023e-08,nan,nan
1320,33,1.020391884e-04,3.597153230e-05,1.06830915197599467e-07,7.81614232294897268e-08,nan,nan
1321,33.025,1.028900376e-04,4.379319499e-05,1.06352016696952212e-07,7.77942378175212617e-08,nan,nan
1322,33.05,1.030933903e-04,5.139333157e-05,1.05859864576294740e-07,7.74358752381462670e-08,nan,nan
1323,33.075,1.026501855e-04,5.873168818e-05,1.05359693442992233e-07,7.70904753594650994e-08,nan,nan
1324,33.1,1.015654032e-04,6.576952082e-05,1.04856958198302063e-07,7.67618834201817928e-08,nan,nan
1325,33.125,9.984801943e-05,7.246981492e-05,1.04357200347447155e-07,7.64535587256404095e-08,nan,nan
1326,33.15,9.751093580e-05,7.879749435e-05,1.03865912813702674e-07,7.61684931958581835e-08,nan,nan
1327,33.175,9.457088577e-05,8.471961853e-05,1.03388406608345537e-07,7.59091416973765624e-08,nan,nan
1328,33.2,9.104831665e-05,9.020556650e-05,1.02929682638704301e-07,7.56773657869451683e-08,nan,nan
1329,33.225,8.696724905e-05,9.522720696e-05,1.02494311785801658e-07,7.54743921533392452e-08,nan,nan
1330,33.25,8.235511445e-05,9.975905323e-05,1.02086326155612218e-07,7.53007866727659620e-08,nan,nan
1331,33.275,7.724257208e-05,1.040380645e-04,1.01709124110061517e-07,7.51564446027431634e-08,nan,nan
1332,33.3,7.166330625e-05,1.084112624e-04,1.01365391323553361e-07,7.50405970388643174e-08,nan,nan
1333,33.325,6.565380549e-05,1.128778631e-04,1.01057039697519614e-07,7.49518333584734470e-08,nan,nan
1334,33.35,5.925312495e-05,1.174405333e-04,1.00785165509957657e-07,7.48881389848707640e-08,nan,nan
1335,33.375,5.250263362e-05,1.221095565e-04,1.00550027690842840e-07,7.48469474348304397e-08,nan,nan
1336,33.4,4.544574792e-05,1.268703651e-04,1.00351046610021341e-07,7.48252052699498362e-08,nan,nan
1337,33.425,3.812765349e-05,1.315868542e-04,1.00186823254399585e-07,7.48194482668963101e-08,nan,nan
1338,33.45,3.059501680e-05,1.356729987e-04,1.00055178168671076e-07,7.48258868602100746e-08,nan,nan
1339,33.475,2.289568862e-05,1.390471094e-04,9.99532090509011468e-08,7.48404987000565384e-08,nan,nan
1340,33.5,2.164200751e-05,1.416937043e-04,9.98773654428601010e-08,7.48591260109942388e-08,nan,nan
1341,33.525,2.731753483e-05,1.436014667e-04,9.98235385460129087e-08,7.48775753398410376e-08,nan,nan
1342,33.55,3.280757552e-05,1.447632952e-04,9.97871638373405489e-08,7.48917172430099664e-08,nan,nan
1343,33.575,3.807858159e-05,1.451763283e-04,9.97633338631053395e-08,7.48975834866636760e-08,nan,nan
1344,33.6,4.309845803e-05,1.448419434e-04,9.97469183601095659e-08,7.48914594156120179e-08,nan,nan
1345,33.625,4.783675760e-05,1.437657314e-04,9.97326886980333041e-08,7.48699692864919420e-08,nan,nan
1346,33.65,5.226486487e-05,1.419574453e-04,9.97154435563163460e-08,7.48301525534766837e-08,nan,nan
1347,33.675,5.635616837e-05,1.394309254e-04,9.96901327460942051e-08,7.47695293353353668e-08,nan,nan
1348,33.7,6.008621983e-05,1.362039990e-04,9.96519761613097256e-08,7.46861535747433640e-08,nan,nan
1349,33.725,6.343287965e-05,1.322983588e-04,9.95965749907932368e-08,7.45786527169802138e-08,nan,nan
1350,33.75,6.665759140e-05,1.277394167e-04,9.95200125405040562e-08,7.44462530774260591e-08,nan,nan
1351,33.775,6.996743166e-05,1.225561377e-04,9.94189422962409322e-08,7.42887904268782451e-08,nan,nan
1352,33.8,7.336269258e-05,1.167808529e-04,9.92906611943911365e-08,7.41067056916129150e-08,nan,nan
1353,33.825,7.684272202e-05,1.104490529e-04,9.91331664528187562e-08,7.39010260321332631e-08,nan,nan
1354,33.85,8.040574106e-05,1.035991637e-04,9.89451947358057216e-08,7.36733319216078557e-08,nan,nan
1355,33.875,8.404863500e-05,9.627230674e-05,9.87262428752291234e-08,7.34257111833569002e-08,nan,nan
1356,33.9,8.757603462e-05,8.851204283e-05,9.84765698335040449e-08,7.31607012581851216e-08,nan,nan
1357,33.925,9.054393169e-05,8.036410387e-05,9.81971800605820267e-08,7.28812212494189465e-08,nan,nan
1358,33.95,9.293558091e-05,7.187611245e-05,9.78897888558340533e-08,7.25904955296444203e-08,nan,nan
1359,33.975,9.473789311e-05,6.309729175e-05,9.75567707846358855e-08,7.22919708828838088e-08,nan,nan
1360,34,9.594150496e-05,5.407816740e-05,9.72010926081724496e-08,7.19892292950216885e-08,nan,nan
1361,34.025,9.654082519e-05,4.487026312e-05,9.68262325534996789e-08,7.16858985907056480e-08,nan,nan
1362,34.05,9.653405709e-05,4.626663386e-05,9.64360880704497211e-08,7.13855631450852074e-08,nan,nan
1363,34.075,9.592319731e-05,4.957374450e-05,9.60348744850445157e-08,7.10916768733709618e-08,nan,nan
1364,34.1,9.471401090e-05,5.261774912e-05,9.56270171596666589e-08,7.08074806214548129e-08,nan,nan
1365,34.125,9.291598307e-05,5.537367644e-05,9.52170399039219373e-08,7.05359259492089928e-08,nan,nan
1366,34.15,9.054224774e-05,5.789556140e-05,9.48094524442119343e-08,7.02796071183315170e-08,nan,nan
1367,34.175,8.760949363e-05,6.046175805e-05,9.44086397535750336e-08,7.00407028736326034e-08,nan,nan
1368,34.2,8.413784854e-05,6.309949135e-05,9.40187559671803631e-08,6.98209293463967915e-08,nan,nan
1369,34.225,8.015074241e-05,6.581808976e-05,9.36436254655265591e-08,6.96215051177278693e-08,nan,nan
1370,34.25,7.567475036e-05,6.860560868e-05,9.32866535011188980e-08,6.94431291661035712e-08,nan,nan
1371,34.275,7.073941654e-05,7.145778066e-05,9.29507484809139891e-08,6.92859720947516534e-08,nan,nan
1372,34.3,6.537706008e-05,7.439765395e-05,9.26382577032518354e-08,6.91496806992272442e-08,nan,nan
1373,34.325,5.962256433e-05,7.711454952e-05,9.23509179926400492e-08,6.90333956021180792e-08,nan,nan
1374,34.35,5.351315080e-05,7.936494436e-05,9.20898222878895074e-08,6.89357813584188573e-08,nan,nan
1375,34.375,4.708813923e-05,8.112781912e-05,9.18554028287159922e-08,6.88550681297529392e-08,nan,nan
1376,34.4,4.633839440e-05,8.466514499e-05,9.16474311634970144e-08,6.87891037457363014e-08,nan,nan
1377,34.425,4.613631704e-05,8.851002442e-05,9.14650347770730912e-08,6.87354147231132904e-08,nan,nan
1378,34.45,4.580649432e-05,9.243377572e-05,9.13067297229248671e-08,6.86912746037326502e-08,nan,nan
1379,34.475,4.535012343e-05,9.643575892e-05,9.11704682490291080e-08,6.86537778058511572e-08,nan,nan
1380,34.5,4.476874968e-05,1.002981403e-04,9.10537000408926459e-08,6.86199170634134839e-08,nan,nan
1381,34.525,4.406426147e-05,1.035546163e-04,9.09534453775829292e-08,6.85866624574368035e-08,nan,nan
1382,34.55,4.323888425e-05,1.061948106e-04,9.08663782148502868e-08,6.85510400237387757e-08,nan,nan
1383,34.575,4.229517366e-05,1.082120979e-04,9.07889169803210654e-08,6.85102079520453318e-08,nan,nan
1384,34.6,4.159773698e-05,1.096036110e-04,9.07173206944694231e-08,6.84615284717699583e-08,nan,nan
1385,34.625,4.604390793e-05,1.103702260e-04,9.06477879214253103e-08,6.84026336470280065e-08,nan,nan
1386,34.65,5.019267588e-05,1.105165240e-04,9.05765560078158990e-08,6.83314834741414855e-08,nan,nan
1387,34.675,5.401909389e-05,1.100507306e-04,9.04999980863515306e-08,6.82464148843528954e-08,nan,nan
1388,34.7,5.750027916e-05,1.089846333e-04,9.04147154026884408e-08,6.81461804971304640e-08,nan,nan
1389,34.725,6.062039088e-05,1.073334784e-04,9.03176226666196746e-08,6.80299762389542281e-08,nan,nan
1390,34.75,6.367515527e-05,1.051158460e-04,9.02060243277252280e-08,6.78974572318454040e-08,nan,nan
1391,34.775,6.680661399e-05,1.023535069e-04,9.00776799257574281e-08,6.77487416577312945e-08,nan,nan
1392,34.8,7.001546867e-05,9.907125969e-05,8.99308569605057493e-08,6.75844026113542029e-08,nan,nan
1393,34.825,7.330166629e-05,9.529675132e-05,8.97643700568890103e-08,6.74054482581308398e-08,nan,nan
1394,34.85,7.666425141e-05,9.106028053e-05,8.95776055599263053e-08,6.72132909065587179e-08,nan,nan
1395,34.875,8.011353961e-05,8.639458687e-05,8.93705310717703914e-08,6.70097058801972959e-08,nan,nan
1396,34.9,8.326739273e-05,8.133462599e-05,8.91436898295067280e-08,6.67967813251633609e-08,nan,nan
1397,34.925,8.589099582e-05,7.591733286e-05,8.88981802081236821e-08,6.65768603093837433e-08,nan,nan
1398,34.95,8.796958324e-05,7.018137439e-05,8.86356210082566542e-08,6.63524767542669878e-08,nan,nan
1399,34.975,8.949183817e-05,6.416689325e-05,8.83581035436530814e-08,6.61262868836583056e-08,nan,nan
1400,35,9.044995240e-05,5.791524420e-05,8.80681318700229206e-08,6.59009979756305263e-08,nan,nan
1401,35.025,9.083966422e-05,6.121798988e-05,8.77685527870507453e-08,6.56792962576537149e-08,nan,nan
1402,35.05,9.066027396e-05,6.621406544e-05,8.74624774918535061e-08,6.54637757939478183e-08,nan,nan
1403,35.075,8.991463731e-05,7.091896202e-05,8.71531969592253422e-08,6.52568701755026110e-08,nan,nan
1404,35.1,8.860913650e-05,7.530338893e-05,8.68440932670623016e-08,6.50607887396591346e-08,nan,nan
1405,35.125,8.675362958e-05,7.933975627e-05,8.65385491712344171e-08,6.48774589197211719e-08,nan,nan
1406,35.15,8.436137818e-05,8.300234548e-05,8.62398582611712779e-08,6.47084761592921482e-08,nan,nan
1407,35.175,8.144895428e-05,8.636734442e-05,8.59511379953242698e-08,6.45550626253483955e-08,nan,nan
1408,35.2,7.803612663e-05,8.977990325e-05,8.56752478257444158e-08,6.44180357237427980e-08,nan,nan
1409,35.225,7.414572759e-05,9.327123119e-05,8.54147144759654906e-08,6.42977871668575821e-08,nan,nan
1410,35.25,6.980350126e-05,9.684069217e-05,8.51716662402896642e-08,6.41942730720201112e-08,nan,nan
1411,35.275,6.503793402e-05,1.004866657e-04,8.49477779307475551e-08,6.41070152879662090e-08,nan,nan
1412,35.3,5.988006833e-05,1.042126310e-04,8.47442278168751835e-08,6.40351138621979376e-08,nan,nan
1413,35.325,5.436330136e-05,1.079725355e-04,8.45616675903780164e-08,6.39772702816691511e-08,nan,nan
1414,35.35,4.852316942e-05,1.112824559e-04,8.44002060498395717e-08,6.39318208498280255e-08,nan,nan
1415,35.375,4.239711975e-05,1.140256576e-04,8.42594068485235837e-08,6.38967793113095546e-08,nan,nan
1416,35.4,3.602427117e-05,1.161829258e-04,8.41383002899705974e-08,6.38698876076712989e-08,nan,nan
1417,35.425,2.990137852e-05,1.177383950e-04,8.40354088005487540e-08,6.38486734490447859e-08,nan,nan
1418,35.45,3.108627441e-05,1.186796501e-04,8.39487853642935914e-08,6.38305132221923241e-08,nan,nan
1419,35.475,3.218344088e-05,1.189978066e-04,8.38760638818114117e-08,6.38126986290936663e-08,nan,nan
1420,35.5,3.319000917e-05,1.186875698e-04,8.38145201197049649e-08,6.37925053647433706e-08,nan,nan
1421,35.525,3.416641312e-05,1.177472715e-04,8.37611416571210931e-08,6.37672621001780063e-08,nan,nan
1422,35.55,3.515680415e-05,1.161788859e-04,8.37127050178884145e-08,6.37344180376628181e-08,nan,nan
1423,35.575,3.615989352e-05,1.139880227e-04,8.36658580054945346e-08,6.36916073491438600e-08,nan,nan
1424,35.6,4.019502589e-05,1.111838982e-04,8.36172051378146058e-08,6.36367088951416548e-08,nan,nan
1425,35.625,4.438155103e-05,1.077792858e-04,8.35633940117159927e-08,6.35678997468050422e-08,nan,nan
1426,35.65,4.828240466e-05,1.037904437e-04,8.35012004157382217e-08,6.34837011954879666e-08,nan,nan
1427,35.675,5.187411693e-05,9.923702259e-05,8.34276100519134308e-08,6.33830161276976789e-08,nan,nan
1428,35.7,5.513519212e-05,9.414195269e-05,8.33398948240060553e-08,6.32651568635789429e-08,nan,nan
1429,35.725,5.806536819e-05,8.853131115e-05,8.32356817962524478e-08,6.31298627985986628e-08,nan,nan
1430,35.75,6.096048306e-05,8.243417075e-05,8.31130131200610361e-08,6.29773074446384948e-08,nan,nan
1431,35.775,6.392711702e-05,7.588243060e-05,8.29703954609477708e-08,6.28080947318255865e-08,nan,nan
1432,35.8,6.696683569e-05,6.891063014e-05,8.28068377280889008e-08,6.26232446994859647e-08,nan,nan
1433,35.825,7.008067187e-05,6.155574742e-05,8.26218762072954953e-08,6.24241689669560085e-08,nan,nan
1434,35.85,7.326901296e-05,5.385698298e-05,8.24155865173069582e-08,6.22126366261513110e-08,nan,nan
1435,35.875,7.648846825e-05,4.585553060e-05,8.21885821409733095e-08,6.19907314316134793e-08,nan,nan
1436,35.9,7.931882700e-05,3.871550866e-05,8.19419996187845306e-08,6.17608013745444687e-08,nan,nan
1437,35.925,8.164552605e-05,3.478379898e-05,8.16774708239044695e-08,6.15254019100188355e-08,nan,nan
1438,35.95,8.345550366e-05,3.065771897e-05,8.13970830571444897e-08,6.12872342567824848e-08,nan,nan
1439,35.975,8.473896013e-05,2.812981566e-05,8.11033279992820539e-08,6.10490803032986941e-08,nan,nan
1440,36,8.548940927e-05,3.497823709e-05,8.07990408294906904e-08,6.08137357293810331e-08,nan,nan
1441,36.025,8.570370913e-05,4.165520591e-05,8.04873310558178906e-08,6.05839429882470738e-08,nan,nan
1442,36.05,8.538207173e-05,4.812550632e-05,8.01715068009544934e-08,6.03623257885056796e-08,nan,nan
1443,36.075,8.452805190e-05,5.435509268e-05,7.98549944393379117e-08,6.01513266698584686e-08,nan,nan
1444,36.1,8.314851533e-05,6.031128252e-05,7.95412555864160328e-08,5.99531491815405800e-08,nan,nan
1445,36.125,8.125358608e-05,6.596294120e-05,7.92337034953894307e-08,5.97697060510992254e-08,nan,nan
1446,36.15,7.885657391e-05,7.128065730e-05,7.89356209199217049e-08,5.96025745762527376e-08,nan,nan
1447,36.175,7.597388206e-05,7.623690744e-05,7.86500814534373919e-08,5.94529602883393891e-08,nan,nan
1448,36.2,7.262489594e-05,8.080620980e-05,7.83798762582388038e-08,5.93216697269924410e-08,nan,nan
1449,36.225,6.883185359e-05,8.496526545e-05,7.81274479535262065e-08,5.92090929374887410e-08,nan,nan
1450,36.25,6.461969881e-05,8.870647028e-05,7.78948332443969707e-08,5.91151960604747642e-08,nan,nan
1451,36.275,6.001591775e-05,9.237489410e-05,7.76836156489592447e-08,5.90395241345296886e-08,nan,nan
1452,36.3,5.505036026e-05,9.611706370e-05,7.74948894236686098e-08,5.89812139814826282e-08,nan,nan
1453,36.325,4.975504694e-05,9.993520673e-05,7.73292355044764478e-08,5.89390167987479410e-08,nan,nan
1454,36.35,4.416396330e-05,1.038309530e-04,7.71867099805512849e-08,5.89113298482002840e-08,nan,nan
1455,36.375,3.831284220e-05,1.078052229e-04,7.70668453057785016e-08,5.88962364129910661e-08,nan,nan
1456,36.4,3.223893614e-05,1.117981039e-04,7.69686641387620008e-08,5.88915529974634758e-08,nan,nan
1457,36.425,2.598078064e-05,1.153074938e-04,7.68907053924521081e-08,5.88948825756420766e-08,nan,nan
1458,36.45,1.957795040e-05,1.182197330e-04,7.68310617774410689e-08,5.89036725546417702e-08,nan,nan
1459,36.475,1.587697332e-05,1.205212743e-04,7.67874278456700300e-08,5.89152760139675903e-08,nan,nan
1460,36.5,2.081748595e-05,1.222020365e-04,7.67571572904992442e-08,5.89270147124119297e-08,nan,nan
1461,36.525,2.561723618e-05,1.232554510e-04,7.67373280408270736e-08,5.89362423225379075e-08,nan,nan
1462,36.55,3.024681514e-05,1.236784879e-04,7.67248135063584039e-08,5.89404063590696946e-08,nan,nan
1463,36.575,3.467793819e-05,1.234716600e-04,7.67163581924180776e-08,5.89371073114557134e-08,nan,nan
1464,36.6,3.888361729e-05,1.226390071e-04,7.67086558089962128e-08,5.89241535710588775e-08,nan,nan
1465,36.625,4.283832496e-05,1.211880583e-04,7.66984279519756741e-08,5.88996108576118125e-08,nan,nan
1466,36.65,4.651814883e-05,1.191297748e-04,7.66825014355381365e-08,5.88618449946761215e-08,nan,nan
1467,36.675,4.990093581e-05,1.164784717e-04,7.66578824031713570e-08,5.88095570560508068e-08,nan,nan
1468,36.7,5.296642500e-05,1.132517213e-04,7.66218254389495826e-08,5.87418100999312231e-08,nan,nan
1469,36.725,5.572604637e-05,1.094702360e-04,7.65718960381426867e-08,5.86580469201461542e-08,nan,nan
1470,36.75,5.847650379e-05,1.051577349e-04,7.65060249729848718e-08,5.85580984686195607e-08,nan,nan
1471,36.775,6.129859815e-05,1.003407912e-04,7.64225533009232001e-08,5.84421828346705145e-08,nan,nan
1472,36.8,6.418654048e-05,9.504866499e-05,7.63202670033463098e-08,5.83108948991148238e-08,nan,nan
1473,36.825,6.714162733e-05,8.931311999e-05,7.61984205064873676e-08,5.81651870086284286e-08,nan,nan
1474,36.85,7.016464569e-05,8.316822614e-05,7.60567486161703883e-08,5.80063412328972373e-08,nan,nan
1475,36.875,7.314594383e-05,7.665014984e-05,7.58954666872748856e-08,5.78359339684418963e-08,nan,nan
1476,36.9,7.569478446e-05,6.979693242e-05,7.57152591399768928e-08,5.76557938338232571e-08,nan,nan
1477,36.925,7.776419677e-05,6.264825863e-05,7.55172567207623604e-08,5.74679539569003571e-08,nan,nan
1478,36.95,7.934259286e-05,5.524521636e-05,7.53030031798499435e-08,5.72745998822815248e-08,nan,nan
1479,36.975,8.042147814e-05,4.763004930e-05,7.50744122913264341e-08,5.70780144231561549e-08,nan,nan
1480,37,8.099549557e-05,3.984590383e-05,7.48337163718248280e-08,5.68805208442133441e-08,nan,nan
1481,37.025,8.106245031e-05,3.913285019e-05,7.45834076524827482e-08,5.66844257900704842e-08,nan,nan
1482,37.05,8.062331457e-05,4.202359096e-05,7.43261740225197564e-08,5.64919633661533629e-08,nan,nan
1483,37.075,7.968221277e-05,4.469910513e-05,7.40648307873057165e-08,5.63052417367671322e-08,nan,nan
1484,37.1,7.824638708e-05,4.713726717e-05,7.38022501664898927e-08,5.61261935295002017e-08,nan,nan
1485,37.125,7.632614362e-05,4.932078475e-05,7.35412902969182706e-08,5.59565312282647074e-08,nan,nan
1486,37.15,7.393477982e-05,5.146027201e-05,7.32847255000814418e-08,5.57977086021075148e-08,nan,nan
1487,37.175,7.108849326e-05,5.365829063e-05,7.30351795251984439e-08,5.56508890570070189e-08,nan,nan
1488,37.2,6.780627276e-05,5.591493881e-05,7.27950633883318247e-08,5.55169216173840029e-08,nan,nan
1489,37.225,6.410977241e-05,5.822983306e-05,7.25665192977594303e-08,5.53963250476370829e-08,nan,nan
1490,37.25,6.002316929e-05,6.060202998e-05,7.23513719897685401e-08,5.52892804166785780e-08,nan,nan
1491,37.275,5.557300595e-05,6.303948704e-05,7.21510886015238591e-08,5.51956321954300904e-08,nan,nan
1492,37.3,5.078801855e-05,6.526437618e-05,7.19667479838797297e-08,5.51148977638790126e-08,nan,nan
1493,37.325,4.569895184e-05,6.709902503e-05,7.17990201127518640e-08,5.50462849959052875e-08,nan,nan
1494,37.35,4.117359921e-05,6.852560601e-05,7.16481559991953228e-08,5.49887173918004658e-08,nan,nan
1495,37.375,4.113664818e-05,7.147322515e-05,7.15139882322156943e-08,5.49408660450638261e-08,nan,nan
1496,37.4,4.098572558e-05,7.470249220e-05,7.13959420212734054e-08,5.49011875661170575e-08,nan,nan
1497,37.425,4.072146276e-05,7.799134977e-05,7.12930563440915374e-08,5.48679669449471777e-08,nan,nan
1498,37.45,4.034480352e-05,8.134251861e-05,7.12040145562278667e-08,5.48393642206850666e-08,nan,nan
1499,37.475,3.985700091e-05,8.469948041e-05,7.11271835880321503e-08,5.48134637413769108e-08,nan,nan
1500,37.5,3.925961317e-05,8.761965148e-05,7.10606606477020480e-08,5.47883247435823101e-08,nan,nan
1501,37.525,3.855449885e-05,9.002116308e-05,7.10023261711379057e-08,5.47620319600259422e-08,nan,nan
1502,37.55,3.774381112e-05,9.189749602e-05,7.09499016143951580e-08,5.47327449746145740e-08,nan,nan
1503,37.575,3.682999122e-05,9.324529083e-05,7.09010105760896371e-08,5.46987450871780541e-08,nan,nan
1504,37.6,3.765692997e-05,9.406434117e-05,7.08532416675422651e-08,5.46584785239774058e-08,nan,nan
1505,37.625,4.140378832e-05,9.435756802e-05,7.08042115191765641e-08,5.46105949322645802e-08,nan,nan
1506,37.65,4.488570635e-05,9.413097510e-05,7.07516263231143402e-08,5.45539802252015367e-08,nan,nan
1507,37.675,4.808170993e-05,9.339358566e-05,7.06933403634338449e-08,5.44877829938550125e-08,nan,nan
1508,37.7,5.097264228e-05,9.215736127e-05,7.06274100755534920e-08,5.44114338718513558e-08,nan,nan
1509,37.725,5.358259811e-05,9.043710316e-05,7.05521423021171781e-08,5.43246574212462582e-08,nan,nan
1510,37.75,5.620555553e-05,8.825033687e-05,7.04661355711504158e-08,5.42274763005576300e-08,nan,nan
1511,37.775,5.888734887e-05,8.561718094e-05,7.03683134089000424e-08,5.41202076728457906e-08,nan,nan
1512,37.8,6.163018183e-05,8.256020060e-05,7.02579489097670953e-08,5.40034520082412160e-08,nan,nan
1513,37.825,6.444014360e-05,7.910424738e-05,7.01346800136457302e-08,5.38780746265017965e-08,nan,nan
1514,37.85,6.731364552e-05,7.527628583e-05,6.99985151809337860e-08,5.37451805062912864e-08,nan,nan
1515,37.875,7.006047758e-05,7.110520837e-05,6.98498294013763644e-08,5.36060830544489458e-08,nan,nan
1516,37.9,7.236320796e-05,6.662163953e-05,6.96893507185182980e-08,5.34622676765029092e-08,nan,nan
1517,37.925,7.420864593e-05,6.185773089e-05,6.95181376907235202e-08,5.33153511154913218e-08,nan,nan
1518,37.95,7.558648447e-05,5.684694801e-05,6.93375484364986003e-08,5.31670376267940751e-08,nan,nan
1519,37.975,7.648935686e-05,5.162385074e-05,6.91492021206442370e-08,5.30190731297966686e-08,nan,nan
1520,38,7.691287472e-05,5.215398818e-05,6.89549339234293166e-08,5.28731985211631961e-08,nan,nan
1521,38.025,7.685564744e-05,5.662952875e-05,6.87567446930457945e-08,5.27311033483839239e-08,nan,nan
1522,38.05,7.631928295e-05,6.086475961e-05,6.85567466082840203e-08,5.25943810259365988e-08,nan,nan
1523,38.075,7.530836979e-05,6.483341816e-05,6.83571062707020770e-08,5.24644867304580281e-08,nan,nan
1524,38.1,7.383044063e-05,6.851062093e-05,6.81599867014733380e-08,5.23426990371020557e-08,nan,nan
1525,38.125,7.189591770e-05,7.187301746e-05,6.79674897364238143e-08,5.22300862587935325e-08,nan,nan
1526,38.15,6.951804023e-05,7.489893533e-05,6.77816002933106179e-08,5.21274783260546204e-08,nan,nan
1527,38.175,6.671277466e-05,7.778603652e-05,6.76041339288865523e-08,5.20354449007317176e-08,nan,nan
1528,38.2,6.349870811e-05,8.074033934e-05,6.74366890114081379e-08,5.19542802560193543e-08,nan,nan
1529,38.225,5.989692572e-05,8.376118378e-05,6.72806047095083850e-08,5.18839952817838253e-08,nan,nan
1530,38.25,5.593087294e-05,8.684497463e-05,6.71369258441210268e-08,5.18243167927404477e-08,nan,nan
1531,38.275,5.162620333e-05,8.999243093e-05,6.70063754704646462e-08,5.17746941321111535e-08,nan,nan
1532,38.3,4.701061315e-05,9.318301300e-05,6.68893358566427033e-08,5.17343128796302348e-08,nan,nan
1533,38.325,4.211366357e-05,9.604216966e-05,6.67858383093507206e-08,5.17021152947530220e-08,nan,nan
1534,38.35,3.696659184e-05,9.841955530e-05,6.66955620710152057e-08,5.16768269580738357e-08,nan,nan
1535,38.375,3.160211243e-05,1.002983199e-04,6.66178422821597944e-08,5.16569889203977531e-08,nan,nan
1536,38.4,2.644204073e-05,1.016644334e-04,6.65516867737008169e-08,5.16409945333904744e-08,nan,nan
1537,38.425,2.757123868e-05,1.025067759e-04,6.64958012319567646e-08,5.16271300215300139e-08,nan,nan
1538,38.45,2.862284781e-05,1.028172115e-04,6.64486220699251972e-08,5.16136177649330564e-08,nan,nan
1539,38.475,2.959408995e-05,1.025906428e-04,6.64083561470067791e-08,5.15986611986464171e-08,nan,nan
1540,38.5,3.048241207e-05,1.018250483e-04,6.63730263105229367e-08,5.15804901976290324e-08,nan,nan
1541,38.525,3.133838829e-05,1.005215006e-04,6.63405215901790414e-08,5.15574058086581624e-08,nan,nan
1542,38.55,3.220486031e-05,9.868416651e-05,6.63086507644721721e-08,5.15278232108235986e-08,nan,nan
1543,38.575,3.308237225e-05,9.632028821e-05,6.62751979385651700e-08,5.14903118344645761e-08,nan,nan
1544,38.6,3.650863444e-05,9.344014609e-05,6.62379787281491469e-08,5.14436316430172918e-08,nan,nan
1545,38.625,4.006839061e-05,9.005700343e-05,6.61948956342264752e-08,5.13867646812756402e-08,nan,nan
1546,38.65,4.337239302e-05,8.618703311e-05,6.61439912196038203e-08,5.13189411144413134e-08,nan,nan
1547,38.675,4.640072749e-05,8.184922694e-05,6.60834977583516680e-08,5.12396591219267215e-08,nan,nan
1548,38.7,4.913522852e-05,7.706528810e-05,6.60118821228586130e-08,5.11486981646206614e-08,nan,nan
1549,38.725,5.161497147e-05,7.185950742e-05,6.59278847968753181e-08,5.10461253103123626e-08,nan,nan
1550,38.75,5.411208829e-05,6.625862418e-05,6.58305520538536981e-08,5.09322944750255300e-08,nan,nan
1551,38.775,5.667069797e-05,6.029167232e-05,6.57192605140254360e-08,5.08078386138092631e-08,nan,nan
1552,38.8,5.928884709e-05,5.398981305e-05,6.55937334865728182e-08,5.06736550686967744e-08,nan,nan
1553,38.825,6.196367390e-05,4.738615475e-05,6.54540487100080175e-08,5.05308844497691022e-08,nan,nan
1554,38.85,6.469692822e-05,4.051556146e-05,6.53006373192817674e-08,5.03808835834174595e-08,nan,nan
1555,38.875,6.720865848e-05,3.358372848e-05,6.51342740867731330e-08,5.02251932061323764e-08,nan,nan
1556,38.9,6.929530626e-05,3.036384539e-05,6.49560592007207805e-08,5.00655012089652875e-08,nan,nan
1557,38.925,7.094493178e-05,2.697141147e-05,6.47673920534714887e-08,4.99036023441664207e-08,nan,nan
1558,38.95,7.214834614e-05,2.343500968e-05,6.45699377079983635e-08,4.97413553888790788e-08,nan,nan
1559,38.975,7.289916152e-05,2.766626828e-05,6.43655868896769293e-08,4.95806388192212519e-08,nan,nan
1560,39,7.319382395e-05,3.366523065e-05,6.41564105069710703e-08,4.94233060803114986e-08,nan,nan
1561,39.025,7.303162821e-05,3.950165459e-05,6.39446098356997182e-08,4.92711415431409848e-08,nan,nan
1562,39.05,7.241471512e-05,4.514492850e-05,6.37324636038259553e-08,4.91258182176816979e-08,nan,nan
1563,39.075,7.134805108e-05,5.056551771e-05,6.35222732848569707e-08,4.89888582439235227e-08,nan,nan
1564,39.1,6.983939004e-05,5.573513152e-05,6.33163079463736310e-08,4.88615971099687440e-08,nan,nan
1565,39.125,6.789921833e-05,6.062688264e-05,6.31167500051604970e-08,4.87451524508025543e-08,nan,nan
1566,39.15,6.554068254e-05,6.521543828e-05,6.29256432119412017e-08,4.86403981653905402e-08,nan,nan
1567,39.175,6.277950110e-05,6.947716188e-05,6.27448441277435934e-08,4.85479444562986879e-08,nan,nan
1568,39.2,5.963386007e-05,7.339024481e-05,6.25759782621129197e-08,4.84681242484851362e-08,nan,nan
1569,39.225,5.612429383e-05,7.693482704e-05,6.24204019232143473e-08,4.84009862859800745e-08,nan,nan
1570,39.25,5.227355147e-05,8.013463178e-05,6.22791706844560036e-08,4.83462950407969379e-08,nan,nan
1571,39.275,4.810644977e-05,8.333129240e-05,6.21530152053614859e-08,4.83035374016852466e-08,nan,nan
1572,39.3,4.364971366e-05,8.658309052e-05,6.20423249602835995e-08,4.82719359453536792e-08,nan,nan
1573,39.325,3.893180520e-05,8.990552051e-05,6.19471402318305854e-08,4.82504684336192496e-08,nan,nan
1574,39.35,3.398274223e-05,9.328588561e-05,6.18671525215100225e-08,4.82378930304475263e-08,nan,nan
1575,39.375,2.883390774e-05,9.672660754e-05,6.18017133231765182e-08,4.82327785966619140e-08,nan,nan
1576,39.4,2.351785128e-05,9.989547675e-05,6.17498510005276577e-08,4.82335393004714936e-08,nan,nan
1577,39.425,1.806808359e-05,1.025526722e-04,6.17102953131534666e-08,4.82384726817396456e-08,nan,nan
1578,39.45,1.251886571e-05,1.046856315e-04,6.16815089513202109e-08,4.82458002294246010e-08,nan,nan
1579,39.475,1.553686417e-05,1.062847469e-04,6.16617252722316858e-08,4.82537094766649585e-08,nan,nan
1580,39.5,1.982895738e-05,1.073434113e-04,6.16489912839842122e-08,4.82603965877573174e-08,nan,nan
1581,39.525,2.398955156e-05,1.078580472e-04,6.16412148012948733e-08,4.82641084063565284e-08,nan,nan
1582,39.55,2.799315941e-05,1.078281173e-04,6.16362146021990058e-08,4.82631829545789391e-08,nan,nan
1583,39.575,3.181531708e-05,1.072561174e-04,6.16317723494346402e-08,4.82560874176320729e-08,nan,nan
1584,39.6,3.543273344e-05,1.061475510e-04,6.16256850055884133e-08,4.82414527168652254e-08,nan,nan
1585,39.625,3.882343167e-05,1.045108870e-04,6.16158164679140446e-08,4.82181038638981195e-08,nan,nan
1586,39.65,4.196688256e-05,1.023574994e-04,6.16001471769159332e-08,4.81850853973856346e-08,nan,nan
1587,39.675,4.484412847e-05,9.970159005e-05,6.15768205114109567e-08,4.81416813292033546e-08,nan,nan
1588,39.7,4.743789742e-05,9.656009585e-05,6.15441848701815148e-08,4.80874291651995027e-08,nan,nan
1589,39.725,4.979815772e-05,9.295257908e-05,6.15008304541592087e-08,4.80221277136551248e-08,nan,nan
1590,39.75,5.218472316e-05,8.890110332e-05,6.14456199003358182e-08,4.79458385485247783e-08,nan,nan
1591,39.775,5.462784580e-05,8.443009487e-05,6.13777120757307637e-08,4.78588811505572182e-08,nan,nan
1592,39.8,5.712077706e-05,7.956619078e-05,6.12965785127352355e-08,4.77618219036709504e-08,nan,nan
1593,39.825,5.967604358e-05,7.433807444e-05,6.12020121516134563e-08,4.76554572726863116e-08,nan,nan
1594,39.85,6.226538985e-05,6.877629976e-05,6.10941282472348011e-08,4.75407916280780521e-08,nan,nan
1595,39.875,6.456912740e-05,6.291310508e-05,6.09733574904589143e-08,4.74190103104367141e-08,nan,nan
1596,39.9,6.646528615e-05,5.678221781e-05,6.08404315852082565e-08,4.72914486387804808e-08,nan,nan
1597,39.925,6.794302783e-05,5.041865127e-05,6.06963617054462837e-08,4.71595576601061640e-08,nan,nan
1598,39.95,6.899414358e-05,4.385849468e-05,6.05424104275608231e-08,4.70248675104437128e-08,nan,nan
1599,39.975,6.961309871e-05,3.713869790e-05,6.03800578888821820e-08,4.68889493085295846e-08,nan,nan
1600,40,6.979706072e-05,3.347248588e-05,6.02109630585250603e-08,4.67533765309554653e-08,nan,nan
1601,40.025,6.954591041e-05,3.607064856e-05,6.00369211192277371e-08,4.66196868217665656e-08,nan,nan
1602,40.05,6.886223619e-05,3.849146079e-05,5.98598180457582381e-08,4.64893451700609830e-08,nan,nan
1603,40.075,6.775131148e-05,4.071484966e-05,5.96815835248089358e-08,4.63637093468333243e-08,nan,nan
1604,40.1,6.622105554e-05,4.272188549e-05,5.95041433918445987e-08,4.62439984283280506e-08,nan,nan
1605,40.125,6.428197788e-05,4.455249523e-05,5.93293727615683164e-08,4.61312651492616774e-08,nan,nan
1606,40.15,6.194710678e-05,4.641013054e-05,5.91590510007159218e-08,4.60263727276655215e-08,nan,nan
1607,40.175,5.923190227e-05,4.832102459e-05,5.89948196357037112e-08,4.59299766864462147e-08,nan,nan
1608,40.2,5.615415422e-05,5.028065587e-05,5.88381442048393078e-08,4.58425120680618491e-08,nan,nan
1609,40.225,5.273386617e-05,5.228828556e-05,5.86902809576295707e-08,4.57641863012538505e-08,nan,nan
1610,40.25,4.899312574e-05,5.434438284e-05,5.85522491750215547e-08,4.56949778360234537e-08,nan,nan
1611,40.275,4.495596232e-05,5.626742247e-05,5.84248097375647756e-08,4.56346405185741463e-08,nan,nan
1612,40.3,4.064819305e-05,5.785836205e-05,5.83084504072646837e-08,4.55827135353576350e-08,nan,nan
1613,40.325,3.715647750e-05,5.910139004e-05,5.82033781174360192e-08,4.55385366181831003e-08,nan,nan
1614,40.35,3.716050620e-05,6.143065800e-05,5.81095183874963189e-08,4.55012700739546898e-08,nan,nan
1615,40.375,3.706169340e-05,6.418483123e-05,5.80265218008303277e-08,4.54699190861091181e-08,nan,nan
1616,40.4,3.686047773e-05,6.699498265e-05,5.79537773080630795e-08,4.54433616330437891e-08,nan,nan
1617,40.425,3.655758010e-05,6.984938111e-05,5.78904319496615760e-08,4.54203792841708824e-08,nan,nan
1618,40.45,3.615400123e-05,7.276531273e-05,5.78354164348833596e-08,4.53996900686895247e-08,nan,nan
1619,40.475,3.565101844e-05,7.549543175e-05,5.77874758725271789e-08,4.53799825672251696e-08,nan,nan
1620,40.5,3.505018166e-05,7.777956775e-05,5.77452048261334589e-08,4.53599503531194672e-08,nan,nan
1621,40.525,3.435330876e-05,7.961094613e-05,5.77070857651558499e-08,4.53383259087898413e-08,nan,nan
1622,40.55,3.356248000e-05,8.098551328e-05,5.76715299065364234e-08,4.53139131630925015e-08,nan,nan
1623,40.575,3.268003195e-05,8.190193824e-05,5.76369193898210324e-08,4.52856178373454973e-08,nan,nan
1624,40.6,3.442360606e-05,8.236159773e-05,5.76016497045345423e-08,4.52524748494131820e-08,nan,nan
1625,40.625,3.766101030e-05,8.236854491e-05,5.75641712914111473e-08,4.52136721053396627e-08,nan,nan
1626,40.65,4.065906107e-05,8.192946199e-05,5.75230292689780960e-08,4.51685701043247344e-08,nan,nan
1627,40.675,4.339966717e-05,8.105359710e-05,5.74769002929732186e-08,4.51167168928458377e-08,nan,nan
1628,40.7,4.586636488e-05,7.975268599e-05,5.74246256365558504e-08,4.50578580246040836e-08,nan,nan
1629,40.725,4.811678991e-05,7.804085898e-05,5.73652396820562586e-08,4.49919413116197233e-08,nan,nan
1630,40.75,5.040306666e-05,7.593453394e-05,5.72979931373746645e-08,4.49191162849558105e-08,nan,nan
1631,40.775,5.273501113e-05,7.345229590e-05,5.72223704288831155e-08,4.48397284178596394e-08,nan,nan
1632,40.8,5.512467650e-05,7.061476423e-05,5.71381008742189832e-08,4.47543082962068630e-08,nan,nan
1633,40.825,5.756097422e-05,6.744444821e-05,5.70451633988015623e-08,4.46635560477351104e-08,nan,nan
1634,40.85,6.000346656e-05,6.396559195e-05,5.69437847251737127e-08,4.45683214595223939e-08,nan,nan
1635,40.875,6.212249145e-05,6.020400972e-05,5.68344311301950054e-08,4.44695803196122975e-08,nan,nan
1636,40.9,6.385007985e-05,5.618691266e-05,5.67177940275298737e-08,4.43684076110182855e-08,nan,nan
1637,40.925,6.517636719e-05,5.194272812e-05,5.65947697877302059e-08,4.42659482623354318e-08,nan,nan
1638,40.95,6.609400706e-05,4.750091271e-05,5.64664343516801423e-08,4.41633862170401428e-08,nan,nan
1639,40.975,6.659821105e-05,4.473456476e-05,5.63340133217178910e-08,4.40619126219309168e-08,nan,nan
1640,41,6.668677272e-05,4.883009931e-05,5.61988483252548188e-08,4.39626939532045628e-08,nan,nan
1641,41.025,6.636007545e-05,5.272643092e-05,5.60623605355065095e-08,4.38668408960401629e-08,nan,nan
1642,41.05,6.562108409e-05,5.639953648e-05,5.59260123009179418e-08,4.37753787704606738e-08,nan,nan
1643,41.075,6.447532073e-05,5.982651565e-05,5.57912678774564273e-08,4.36892202533512262e-08,nan,nan
1644,41.1,6.293082453e-05,6.298573243e-05,5.56595542752428932e-08,4.36091410850090196e-08,nan,nan
1645,41.125,6.099809603e-05,6.585694936e-05,5.55322232227074401e-08,4.35357593701222491e-08,nan,nan
1646,41.15,5.869002634e-05,6.843689444e-05,5.54105152179452367e-08,4.34695189896690571e-08,nan,nan
1647,41.175,5.602181157e-05,7.097438538e-05,5.52955265791974124e-08,4.34106775343101933e-08,nan,nan
1648,41.2,5.301085316e-05,7.356983383e-05,5.51881803259744048e-08,4.33592990541303393e-08,nan,nan
1649,41.225,4.967664476e-05,7.621243968e-05,5.50892016214161454e-08,4.33152517970030836e-08,nan,nan
1650,41.25,4.604064636e-05,7.891386692e-05,5.49990983876865827e-08,4.32782109815048932e-08,nan,nan
1651,41.275,4.212614645e-05,8.166750670e-05,5.49181475726041519e-08,4.32476665233538092e-08,nan,nan
1652,41.3,3.795811317e-05,8.425264874e-05,5.48463874007366619e-08,4.32229355099683207e-08,nan,nan
1653,41.325,3.356303534e-05,8.642139680e-05,5.47836157895359429e-08,4.32031790990209381e-08,nan,nan
1654,41.35,2.896875447e-05,8.815834321e-05,5.47293949546079180e-08,4.31874234067389751e-08,nan,nan
1655,41.375,2.420428860e-05,8.945049773e-05,5.46830620718527467e-08,4.31745838528806945e-08,nan,nan
1656,41.4,2.466820476e-05,9.028737202e-05,5.46437457118721357e-08,4.31634923442013131e-08,nan,nan
1657,41.425,2.568909265e-05,9.066104919e-05,5.46103876175220760e-08,4.31529266088696550e-08,nan,nan
1658,41.45,2.663799093e-05,9.056623802e-05,5.45817692623619847e-08,4.31416409423600149e-08,nan,nan
1659,41.475,2.751238307e-05,9.000031142e-05,5.45565425092870659e-08,4.31283975920384744e-08,nan,nan
1660,41.5,2.830996059e-05,8.896332901e-05,5.45332635877212522e-08,4.31119979937364711e-08,nan,nan
1661,41.525,2.906933514e-05,8.745804356e-05,5.45104295268251093e-08,4.30913130793170609e-08,nan,nan
1662,41.55,2.983726163e-05,8.548989139e-05,5.44865161231662086e-08,4.30653118993627076e-08,nan,nan
1663,41.575,3.061482602e-05,8.306696662e-05,5.44600164855745256e-08,4.30330878489341824e-08,nan,nan
1664,41.6,3.347602642e-05,8.019997960e-05,5.44294791882458010e-08,4.29938818457026948e-08,nan,nan
1665,41.625,3.657396717e-05,7.690219965e-05,5.43935450757402446e-08,4.29471018870405068e-08,nan,nan
1666,41.65,3.943989550e-05,7.318938247e-05,5.43509817999258968e-08,4.28923385038903511e-08,nan,nan
1667,41.675,4.205650768e-05,6.907968276e-05,5.43007152281191177e-08,4.28293757320931998e-08,nan,nan
1668,41.7,4.440807369e-05,6.459355244e-05,5.42418569421010970e-08,4.27581973337460604e-08,nan,nan
1669,41.725,4.656119089e-05,5.975362521e-05,5.41737271472395336e-08,4.26789881192682516e-08,nan,nan
1670,41.75,4.874867532e-05,5.458458803e-05,5.40958724270545392e-08,4.25921303422345140e-08,nan,nan
1671,41.775,5.098611058e-05,4.911304049e-05,5.40080779082779467e-08,4.24981952606652115e-08,nan,nan
1672,41.8,5.326706373e-05,4.336734264e-05,5.39103735414763407e-08,4.23979300773437077e-08,nan,nan
1673,41.825,5.560161464e-05,3.737745253e-05,5.38030343491181550e-08,4.22922405849313233e-08,nan,nan
1674,41.85,5.789680886e-05,3.117475412e-05,5.36865746428878023e-08,4.21821699463991344e-08,nan,nan
1675,41.875,5.985120303e-05,2.742973756e-05,5.35617363613485652e-08,4.20688741350452857e-08,nan,nan
1676,41.9,6.142907789e-05,2.459631553e-05,5.34294718240331269e-08,4.19535946388529905e-08,nan,nan
1677,41.925,6.262143283e-05,2.162800027e-05,5.32909213351183436e-08,4.18376290992399994e-08,nan,nan
1678,41.95,6.342168314e-05,2.145102248e-05,5.31473861956633700e-08,4.17223006028177688e-08,nan,nan
1679,41.975,6.382569559e-05,2.693002098e-05,5.30002977948844938e-08,4.16089263754904815e-08,nan,nan
1680,42,6.383180885e-05,3.228296084e-05,5.28511835454234837e-08,4.14987866404091772e-08,nan,nan
1681,42.025,6.344083835e-05,3.748185514e-05,5.27016305027674029e-08,4.13930943947360103e-08,nan,nan
1682,42.05,6.265606593e-05,4.249956201e-05,5.25532475631381323e-08,4.12929668351211563e-08,nan,nan
1683,42.075,6.148321400e-05,4.730993802e-05,5.24076271660405123e-08,4.11993991189504468e-08,nan,nan
1684,42.1,5.993040479e-05,5.188798567e-05,5.22663074365651765e-08,4.11132410889252706e-08,nan,nan
1685,42.125,5.800810461e-05,5.620999405e-05,5.21307356883683208e-08,4.10351775139268017e-08,nan,nan
1686,42.15,5.572905383e-05,6.025367182e-05,5.20022341714669639e-08,4.09657123113028046e-08,nan,nan
1687,42.175,5.310818276e-05,6.399827172e-05,5.18819688906029827e-08,4.09051571169186594e-08,nan,nan
1688,42.2,5.016251421e-05,6.742470606e-05,5.17709222415007424e-08,4.08536244620177630e-08,nan,nan
1689,42.225,4.691105317e-05,7.051565219e-05,5.16698701158973910e-08,4.08110257028168715e-08,nan,nan
1690,42.25,4.337466455e-05,7.332009078e-05,5.15793640142391252e-08,4.07770737326254266e-08,nan,nan
1691,42.275,3.957593950e-05,7.613772759e-05,5.14997185802447606e-08,4.07512903899907559e-08,nan,nan
1692,42.3,3.553905138e-05,7.900388395e-05,5.14310048372859939e-08,4.07330183627838116e-08,nan,nan
1693,42.325,3.128960219e-05,8.192461383e-05,5.13730492660732636e-08,4.07214372800334614e-08,nan,nan
1694,42.35,2.685446046e-05,8.489408222e-05,5.13254387199667873e-08,4.07155835833060113e-08,nan,nan
1695,42.375,2.226159163e-05,8.782614219e-05,5.12875310318914937e-08,4.07143736799266938e-08,nan,nan
1696,42.4,1.753988199e-05,9.034697283e-05,5.12584710288248383e-08,4.07166298034838905e-08,nan,nan
1697,42.425,1.271895724e-05,9.241004206e-05,5.12372115395224750e-08,4.07211079446579964e-08,nan,nan
1698,42.45,1.112641608e-05,9.400580687e-05,5.12225388617149397e-08,4.07265271689281906e-08,nan,nan
1699,42.475,1.502813876e-05,9.512733668e-05,5.12131020493253981e-08,4.07315996081776549e-08,nan,nan
1700,42.5,1.883001637e-05,9.577034579e-05,5.12074452908524424e-08,4.07350604012702317e-08,nan,nan
1701,42.525,2.250871006e-05,9.593321013e-05,5.12040425790336417e-08,4.07356968644973677e-08,nan,nan
1702,42.55,2.604168400e-05,9.561696846e-05,5.12013338209048859e-08,4.07323761961439035e-08,nan,nan
1703,42.575,2.940734322e-05,9.482530781e-05,5.11977615075247112e-08,4.07240710596177530e-08,nan,nan
1704,42.6,3.258516544e-05,9.356453348e-05,5.11918070545624486e-08,4.07098824455444065e-08,nan,nan
1705,42.625,3.555582601e-05,9.184352373e-05,5.11820259387106378e-08,4.06890592834737737e-08,nan,nan
1706,42.65,3.830131522e-05,8.967366953e-05,5.11670807900131012e-08,4.06610143565720125e-08,nan,nan
1707,42.675,4.080504729e-05,8.706879966e-05,5.11457716556985508e-08,4.06253361657645887e-08,nan,nan
1708,42.7,4.305196041e-05,8.404509182e-05,5.11170627254855659e-08,4.05817964909079768e-08,nan,nan
1709,42.725,4.511603529e-05,8.062097018e-05,5.10801048996290791e-08,4.05303535031620185e-08,nan,nan
1710,42.75,4.721306623e-05,7.681699009e-05,5.10342536868513574e-08,4.04711503921629870e-08,nan,nan
1711,42.775,4.935669621e-05,7.265571073e-05,5.09790820370467089e-08,4.04045095811519479e-08,nan,nan
1712,42.8,5.154621139e-05,6.816155631e-05,5.09143878402874774e-08,4.03309227102016772e-08,nan,nan
1713,42.825,5.377831658e-05,6.336066697e-05,5.08401959560110183e-08,4.02510366694914591e-08,nan,nan
1714,42.85,5.593226050e-05,5.828074010e-05,5.07567547710365525e-08,4.01656360587352831e-08,nan,nan
1715,42.875,5.773942154e-05,5.295086306e-05,5.06645274189055394e-08,4.00756225331098377e-08,nan,nan
1716,42.9,5.918387587e-05,4.740133855e-05,5.05641779226664139e-08,3.99819915683517365e-08,nan,nan
1717,42.925,6.025739219e-05,4.166350336e-05,5.04565526454655318e-08,3.98858072363990327e-08,nan,nan
1718,42.95,6.095406083e-05,3.576954202e-05,5.03426575451927658e-08,3.97881756266864431e-08,nan,nan
1719,42.975,6.127032572e-05,2.975229604e-05,5.02236318282730717e-08,3.96902175759904044e-08,nan,nan
1720,43,6.120500150e-05,3.123075538e-05,5.01007186811420831e-08,3.95930413809804104e-08,nan,nan
1721,43.025,6.075927603e-05,3.346751592e-05,4.99752338240384254e-08,3.94977161622085328e-08,nan,nan
1722,43.05,5.993669804e-05,3.553935387e-05,4.98485326789761064e-08,3.94052465264076768e-08,nan,nan
1723,43.075,5.874315019e-05,3.742867756e-05,4.97219769710896036e-08,3.93165491363269874e-08,nan,nan
1724,43.1,5.718680778e-05,3.911894771e-05,4.95969015894345535e-08,3.92324317449474696e-08,nan,nan
1725,43.125,5.527808315e-05,4.071375460e-05,4.94745825197514374e-08,3.91535751851862057e-08,nan,nan
1726,43.15,5.302955647e-05,4.235482611e-05,4.93562066281364411e-08,3.90805187288310244e-08,nan,nan
1727,43.175,5.045589310e-05,4.403179431e-05,4.92428440219874098e-08,3.90136491414443495e-08,nan,nan
1728,43.2,4.757374824e-05,4.575407416e-05,4.91354236444345533e-08,3.89531936655566976e-08,nan,nan
1729,43.225,4.440165943e-05,4.751550173e-05,4.90347126725934497e-08,3.88992170650256236e-08,nan,nan
1730,43.25,4.095992750e-05,4.923642495e-05,4.89413001906290307e-08,3.88516227614611076e-08,nan,nan
1731,43.275,3.727048696e-05,5.068410586e-05,4.88555854983526825e-08,3.88101579916583522e-08,nan,nan
1732,43.3,3.397542672e-05,5.183095287e-05,4.87777712977078130e-08,3.87744228155558753e-08,nan,nan
1733,43.325,3.402201687e-05,5.358954116e-05,4.87078618760228224e-08,3.87438827098074570e-08,nan,nan
1734,43.35,3.397452576e-05,5.597868384e-05,4.86456662794346708e-08,3.87178843949235720e-08,nan,nan
1735,43.375,3.383321614e-05,5.840972526e-05,4.85908063455371705e-08,3.86956744662210821e-08,nan,nan
1736,43.4,3.359860934e-05,6.088279517e-05,4.85427293441755158e-08,3.86764203323799669e-08,nan,nan
1737,43.425,3.327148349e-05,6.339658718e-05,4.85007248623494040e-08,3.86592329118204825e-08,nan,nan
1738,43.45,3.285287101e-05,6.593223372e-05,4.84639454661631287e-08,3.86431904976284138e-08,nan,nan
1739,43.475,3.234405536e-05,6.816751671e-05,4.84314305821708170e-08,3.86273631772582530e-08,nan,nan
1740,43.5,3.174656721e-05,7.000583363e-05,4.84021329644784408e-08,3.86108371842491661e-08,nan,nan
1741,43.525,3.106217981e-05,7.144236842e-05,4.83749470543776964e-08,3.85927385658133065e-08,nan,nan
1742,43.55,3.029290379e-05,7.247470057e-05,4.83487384974727078e-08,3.85722555721375377e-08,nan,nan
1743,43.575,2.944098127e-05,7.310279972e-05,4.83223740601443761e-08,3.85486592099300920e-08,nan,nan
1744,43.6,3.174658110e-05,7.332900576e-05,4.82947511832296974e-08,3.85213214531360819e-08,nan,nan
1745,43.625,3.460073504e-05,7.315799474e-05,4.82648264259481264e-08,3.84897306665011053e-08,nan,nan
1746,43.65,3.723610545e-05,7.259673069e-05,4.82316420868780284e-08,3.84535038711338190e-08,nan,nan
1747,43.675,3.963676317e-05,7.165440396e-05,4.81943503402111476e-08,3.84123955635101520e-08,nan,nan
1748,43.7,4.178825674e-05,7.034235624e-05,4.81522342931898884e-08,3.83663028883638318e-08,nan,nan
1749,43.725,4.376923585e-05,6.867399307e-05,4.81047254527706901e-08,3.83152670593605835e-08,nan,nan
1750,43.75,4.578420894e-05,6.666468425e-05,4.80514171840024910e-08,3.82594710169992034e-08,nan,nan
1751,43.775,4.784002422e-05,6.433165285e-05,4.79920738469341594e-08,3.81992334084233407e-08,nan,nan
1752,43.8,4.993983320e-05,6.169385370e-05,4.79266354103886300e-08,3.81349990663858896e-08,nan,nan
1753,43.825,5.208259070e-05,5.877184196e-05,4.78552174568326753e-08,3.80673262521821471e-08,nan,nan
1754,43.85,5.409780795e-05,5.558763282e-05,4.77781066099035261e-08,3.79968710077997123e-08,nan,nan
1755,43.875,5.577286973e-05,5.216455310e-05,4.76957515319780391e-08,3.79243690338526291e-08,nan,nan
1756,43.9,5.709803968e-05,4.852708581e-05,4.76087497505961112e-08,3.78506155703443069e-08,nan,nan
1757,43.925,5.806577370e-05,4.470070862e-05,4.75178306768132205e-08,3.77764438054843790e-08,nan,nan
1758,43.95,5.867076243e-05,4.071172728e-05,4.74238352730833812e-08,3.77027023725267656e-08,nan,nan
1759,43.975,5.890995971e-05,4.230243588e-05,4.73276929107520725e-08,3.76302325150969691e-08,nan,nan
1760,44,5.878259707e-05,4.594375135e-05,4.72303960256699825e-08,3.75598455072943786e-08,nan,nan
1761,44.025,5.829018392e-05,4.939779311e-05,4.71329732331776194e-08,3.74923009059207545e-08,nan,nan
1762,44.05,5.743649368e-05,5.264317918e-05,4.70364615995311871e-08,3.74282861887959888e-08,nan,nan
1763,44.075,5.622753590e-05,5.565957117e-05,4.69418787849208867e-08,3.73683982959297424e-08,nan,nan
1764,44.1,5.467151448e-05,5.842780025e-05,4.68501957732224353e-08,3.73131275403150334e-08,nan,nan
1765,44.125,5.277877244e-05,6.092998650e-05,4.67623108856068922e-08,3.72628442935988885e-08,nan,nan
1766,44.15,5.056172348e-05,6.318777123e-05,4.66790257396553898e-08,3.72177887804555700e-08,nan,nan
1767,44.175,4.803477086e-05,6.544357057e-05,4.66010237636618556e-08,3.71780642359670714e-08,nan,nan
1768,44.2,4.521421401e-05,6.774462984e-05,4.65288518087315415e-08,3.71436335947274786e-08,nan,nan
1769,44.225,4.211814372e-05,7.009178489e-05,4.64629053208560374e-08,3.71143197908937970e-08,nan,nan
1770,44.25,3.876632621e-05,7.247857472e-05,4.64034174434339960e-08,3.70898096572503436e-08,nan,nan
1771,44.275,3.518007726e-05,7.485689090e-05,4.63504523200634494e-08,3.70696613208156494e-08,nan,nan
1772,44.3,3.138212674e-05,7.691025161e-05,4.63039027604116828e-08,3.70533149048525496e-08,nan,nan
1773,44.325,2.739647487e-05,7.858466031e-05,4.62634923212781014e-08,3.70401062645170341e-08,nan,nan
1774,44.35,2.324824065e-05,7.986769955e-05,4.62287817433884502e-08,3.70292834078440690e-08,nan,nan
1775,44.375,2.220064492e-05,8.074913342e-05,4.61991795747867607e-08,3.70200251871663967e-08,nan,nan
1776,44.4,2.320063261e-05,8.122097556e-05,4.61739567066584646e-08,3.70114617900202095e-08,nan,nan
1777,44.425,2.413569957e-05,8.127754375e-05,4.61522644496260327e-08,3.70026965144580068e-08,nan,nan
1778,44.45,2.500334933e-05,8.091550090e-05,4.61331556904208567e-08,3.69928282825200878e-08,nan,nan
1779,44.475,2.580127347e-05,8.013388189e-05,4.61156085925112346e-08,3.69809743281367691e-08,nan,nan
1780,44.5,2.652735774e-05,7.893410649e-05,4.60985522416124664e-08,3.69662924923312653e-08,nan,nan
1781,44.525,2.720849854e-05,7.731997781e-05,4.60808935895294618e-08,3.69480025693016187e-08,nan,nan
1782,44.55,2.789672606e-05,7.529766675e-05,4.60615450186081456e-08,3.69254061714553158e-08,nan,nan
1783,44.575,2.859225768e-05,7.287568215e-05,4.60394518349118075e-08,3.68979046191020984e-08,nan,nan
1784,44.6,3.095620101e-05,7.006482708e-05,4.60136190013788491e-08,3.68650144102922089e-08,nan,nan
1785,44.625,3.370340996e-05,6.687814135e-05,4.59831364425162226e-08,3.68263798869501558e-08,nan,nan
1786,44.65,3.623781150e-05,6.333083079e-05,4.59472022890635186e-08,3.67817827834567004e-08,nan,nan
1787,44.675,3.854407871e-05,5.944018345e-05,4.59051434835513324e-08,3.67311484214059263e-08,nan,nan
1788,44.7,4.060831928e-05,5.522547345e-05,4.58564332344052041e-08,3.66745483974651852e-08,nan,nan
1789,44.725,4.251168940e-05,5.070785304e-05,4.58007048855074461e-08,3.66121996980145644e-08,nan,nan
1790,44.75,4.444894143e-05,4.591023331e-05,4.57377618579021094e-08,3.65444602623868723e-08,nan,nan
1791,44.775,4.642591700e-05,4.085715458e-05,4.56675834183531512e-08,3.64718211038874228e-08,nan,nan
1792,44.8,4.844112277e-05,3.557464696e-05,4.55903261332736045e-08,3.63948951821943507e-08,nan,nan
1793,44.825,5.049739788e-05,3.009008215e-05,4.55063209735454508e-08,3.63144033001510908e-08,nan,nan
1794,44.85,5.238251307e-05,2.539323254e-05,4.54160661432768761e-08,3.62311573704204208e-08,nan,nan
1795,44.875,5.393869186e-05,2.300078809e-05,4.53202158109370722e-08,3.61460414612158932e-08,nan,nan
1796,44.9,5.515689073e-05,2.047839267e-05,4.52195650219628174e-08,3.60599910838259278e-08,nan,nan
1797,44.925,5.603018142e-05,1.784780753e-05,4.51150311653786936e-08,3.59739712266186845e-08,nan,nan
1798,44.95,5.655378992e-05,2.112056679e-05,4.50076324509279854e-08,3.58889536696759605e-08,nan,nan
1799,44.975,5.672512201e-05,2.608981402e-05,4.48984639256366136e-08,3.58058941304705982e-08,nan,nan
1800,45,5.654377521e-05,3.093806886e-05,4.47886716178866883e-08,3.57257097937246392e-08,nan,nan
1801,45.025,5.601153706e-05,3.564008497e-05,4.46794254415466609e-08,3.56492577677534788e-08,nan,nan
1802,45.05,5.513236996e-05,4.017140994e-05,4.45718915214568472e-08,3.55773149855331994e-08,nan,nan
1803,45.075,5.391238239e-05,4.450852331e-05,4.44672046139539408e-08,3.55105600320716831e-08,nan,nan
1804,45.1,5.235978698e-05,4.862896894e-05,4.43664412918985650e-08,3.54495573313683458e-08,nan,nan
1805,45.125,5.048484555e-05,5.251148117e-05,4.42705945430169169e-08,3.53947440675426105e-08,nan,nan
1806,45.15,4.829980155e-05,5.613610392e-05,4.41805503938612141e-08,3.53464201470822346e-08,nan,nan
1807,45.175,4.581880039e-05,5.948430208e-05,4.40970671202964721e-08,3.53047414343059439e-08,nan,nan
1808,45.2,4.305779803e-05,6.253906444e-05,4.40207575404665107e-08,3.52697164119200430e-08,nan,nan
1809,45.225,4.003445859e-05,6.528499772e-05,4.39520748093335945e-08,3.52412063349628754e-08,nan,nan
1810,45.25,3.676804150e-05,6.777804267e-05,4.38913020470711191e-08,3.52189288615393223e-08,nan,nan
1811,45.275,3.327927906e-05,7.028906117e-05,4.38385460389937181e-08,3.52024650596297687e-08,nan,nan
1812,45.3,2.959024494e-05,7.284112365e-05,4.37937351446988036e-08,3.51912696079732540e-08,nan,nan
1813,45.325,2.572421480e-05,7.543738768e-05,4.37566214511490517e-08,3.51846839325501499e-08,nan,nan
1814,45.35,2.170551951e-05,7.807772463e-05,4.37267871010925749e-08,3.51819519503779461e-08,nan,nan
1815,45.375,1.755939231e-05,8.053281348e-05,4.37036546270371771e-08,3.51822380308603683e-08,nan,nan
1816,45.4,1.331181049e-05,8.258300525e-05,4.36865010244422763e-08,3.51846467332568878e-08,nan,nan
1817,45.425,9.767261153e-06,8.421859813e-05,4.36744752082176527e-08,3.51882438381818750e-08,nan,nan
1818,45.45,1.094514502e-05,8.543219726e-05,4.36666184161875282e-08,3.51920781623383312e-08,nan,nan
1819,45.475,1.446106694e-05,8.621875116e-05,4.36618870538191412e-08,3.51952036295837413e-08,nan,nan
1820,45.5,1.788216583e-05,8.657557434e-05,4.36591774178785835e-08,3.51967010682443740e-08,nan,nan
1821,45.525,2.118744206e-05,8.650235613e-05,4.36573516940828989e-08,3.51956992143474044e-08,nan,nan
1822,45.55,2.435664423e-05,8.600115543e-05,4.36552645962426589e-08,3.51913944228186380e-08,nan,nan
1823,45.575,2.737039317e-05,8.507638171e-05,4.36517900024291038e-08,3.51830686230772573e-08,nan,nan
1824,45.6,3.021030027e-05,8.373476227e-05,4.36458469475639424e-08,3.51701051009422335e-08,nan,nan
1825,45.625,3.285907956e-05,8.198529599e-05,4.36364243513365186e-08,3.51520017441728393e-08,nan,nan
1826,45.65,3.530065278e-05,7.983919396e-05,4.36226038949376388e-08,3.51283814528832326e-08,nan,nan
1827,45.675,3.752024686e-05,7.730980729e-05,4.36035805088255521e-08,3.50989994868844297e-08,nan,nan
1828,45.7,3.950448311e-05,7.441254261e-05,4.35786799953321337e-08,3.50637475979362384e-08,nan,nan
1829,45.725,4.133530335e-05,7.116476585e-05,4.35473733827864800e-08,3.50226548740481078e-08,nan,nan
1830,45.75,4.319899830e-05,6.758569479e-05,4.35092876901250418e-08,3.49758853033908051e-08,nan,nan
1831,45.775,4.510082861e-05,6.369628112e-05,4.34642128705903954e-08,3.49237321450933784e-08,nan,nan
1832,45.8,4.704028846e-05,5.951908283e-05,4.34121047978500506e-08,3.48666092712485783e-08,nan,nan
1833,45.825,4.900908786e-05,5.507812752e-05,4.33530842553300200e-08,3.48050397169594863e-08,nan,nan
1834,45.85,5.077643680e-05,5.039876774e-05,4.32874319873418481e-08,3.47396417414738817e-08,nan,nan
1835,45.875,5.222531746e-05,4.550752892e-05,4.32155799662774344e-08,3.46711127617869121e-08,nan,nan
1836,45.9,5.334731130e-05,4.043195124e-05,4.31380991214103946e-08,3.46002115691626605e-08,nan,nan
1837,45.925,5.413604355e-05,3.520042597e-05,4.30556838594564325e-08,3.45277392776871151e-08,nan,nan
1838,45.95,5.458721910e-05,2.984202763e-05,4.29691337829649619e-08,3.44545194813325557e-08,nan,nan
1839,45.975,5.469864528e-05,2.718915895e-05,4.28793330780243009e-08,3.43813781114811793e-08,nan,nan
1840,46,5.447024167e-05,2.928686099e-05,4.27872280961169159e-08,3.43091234901195238e-08,nan,nan
1841,46.025,5.390403675e-05,3.124685777e-05,4.26938036950206940e-08,3.42385270649695888e-08,nan,nan
1842,46.05,5.300415149e-05,3.305260290e-05,4.26000589295137363e-08,3.41703052919741914e-08,nan,nan
1843,46.075,5.177676998e-05,3.468841798e-05,4.25069826937575963e-08,3.41051030983918068e-08,nan,nan
1844,46.1,5.023009730e-05,3.614513278e-05,4.24155299134270486e-08,3.40434793171503374e-08,nan,nan
1845,46.125,4.837430502e-05,3.756752961e-05,4.23265988671154135e-08,3.39858944311715306e-08,nan,nan
1846,46.15,4.622146449e-05,3.902402921e-05,4.22410101838264824e-08,3.39327009064534803e-08,nan,nan
1847,46.175,4.378546856e-05,4.051765163e-05,4.21594880173701681e-08,3.38841363263182100e-08,nan,nan
1848,46.2,4.108194208e-05,4.204180220e-05,4.20826438404335968e-08,3.38403194680789859e-08,nan,nan
1849,46.225,3.812814190e-05,4.359090777e-05,4.20109632325167541e-08,3.38012493892541127e-08,nan,nan
1850,46.25,3.494284684e-05,4.495586337e-05,4.19447959585737863e-08,3.37668075152006386e-08,nan,nan
1851,46.275,3.154623849e-05,4.605794790e-05,4.18843495510562644e-08,3.37367626455330634e-08,nan,nan
1852,46.3,3.147322389e-05,4.715170844e-05,4.18296865192506558e-08,3.37107787247668965e-08,nan,nan
1853,46.325,3.147556544e-05,4.943374885e-05,4.17807252185643885e-08,3.36884251550523424e-08,nan,nan
1854,46.35,3.139102545e-05,5.156579848e-05,4.17372443210323527e-08,3.36691893672891487e-08,nan,nan
1855,46.375,3.121994389e-05,5.373026916e-05,4.16988907390509700e-08,3.36524913128301688e-08,nan,nan
1856,46.4,3.096289897e-05,5.593013186e-05,4.16651907694094489e-08,3.36376994926867986e-08,nan,nan
1857,46.425,3.062070523e-05,5.816615921e-05,4.16355641461589593e-08,3.36241481057095444e-08,nan,nan
1858,46.45,3.019441099e-05,6.036758593e-05,4.16093406206519453e-08,3.36111548724540125e-08,nan,nan
1859,46.475,2.968529523e-05,6.224139606e-05,4.15857786268909583e-08,3.35980390779032845e-08,nan,nan
1860,46.5,2.909486371e-05,6.375714994e-05,4.15640855415838186e-08,3.35841393741760760e-08,nan,nan
1861,46.525,2.842484459e-05,6.491139953e-05,4.15434390121506755e-08,3.35688308937841431e-08,nan,nan
1862,46.55,2.767718335e-05,6.570283773e-05,4.15230088031935427e-08,3.35515412446133520e-08,nan,nan
1863,46.575,2.685403719e-05,6.613228839e-05,4.15019786031006433e-08,3.35317649890069946e-08,nan,nan
1864,46.6,2.950547667e-05,6.620268346e-05,4.14795672376556165e-08,3.35090762502919264e-08,nan,nan
1865,46.625,3.206343458e-05,6.591902763e-05,4.14550487565365875e-08,3.34831391397273333e-08,nan,nan
1866,46.65,3.441944587e-05,6.528835044e-05,4.14277708908689718e-08,3.34537157538909824e-08,nan,nan
1867,46.675,3.655924810e-05,6.431964649e-05,4.13971714246501230e-08,3.34206715554807157e-08,nan,nan
1868,46.7,3.846993565e-05,6.302380405e-05,4.13627920787088205e-08,3.33839780177997184e-08,nan,nan
1869,46.725,4.023286965e-05,6.141352260e-05,4.13242895714362884e-08,3.33437124831069271e-08,nan,nan
1870,46.75,4.202897618e-05,5.950321978e-05,4.12814435941344027e-08,3.33000552557933768e-08,nan,nan
1871,46.775,4.385905327e-05,5.730892850e-05,4.12341615185834668e-08,3.32532840212162079e-08,nan,nan
1872,46.8,4.572410186e-05,5.484818489e-05,4.11824797383121672e-08,3.32037657482485423e-08,nan,nan
1873,46.825,4.761010162e-05,5.213990761e-05,4.11265616309291839e-08,3.31519462965155967e-08,nan,nan
1874,46.85,4.927055964e-05,4.920426966e-05,4.10666922145955333e-08,3.30983380063385575e-08,nan,nan
1875,46.875,5.062233319e-05,4.606256320e-05,4.10032696551320575e-08,3.30435055991987160e-08,nan,nan
1876,46.9,5.165756910e-05,4.273705844e-05,4.09367938592921293e-08,3.29880507578584568e-08,nan,nan
1877,46.925,5.237039147e-05,3.925085744e-05,4.08678524624306742e-08,3.29325957871380906e-08,nan,nan
1878,46.95,5.275693465e-05,3.670642084e-05,4.07971045833774101e-08,3.28777667779979322e-08,nan,nan
1879,46.975,5.281536372e-05,4.014782691e-05,4.07252627741998265e-08,3.28241767085128317e-08,nan,nan
1880,47,5.254588229e-05,4.343256130e-05,4.06530736363917486e-08,3.27724089153304198e-08,nan,nan
1881,47.025,5.195072770e-05,4.654045447e-05,4.05812976068007747e-08,3.27230013583178048e-08,nan,nan
1882,47.05,5.103415361e-05,4.945219403e-05,4.05106884355748324e-08,3.26764320796459915e-08,nan,nan
1883,47.075,4.980240009e-05,5.214944408e-05,4.04419728841461360e-08,3.26331062271133882e-08,nan,nan
1884,47.1,4.826365148e-05,5.461495899e-05,4.03758311636972096e-08,3.25933449708961665e-08,nan,nan
1885,47.125,4.642798226e-05,5.683269110e-05,4.03128786139158276e-08,3.25573765941791061e-08,nan,nan
1886,47.15,4.430729129e-05,5.884125395e-05,4.02536490887167833e-08,3.25253299825166851e-08,nan,nan
1887,47.175,4.191522488e-05,6.086539015e-05,4.01985804708701020e-08,3.24972306757115442e-08,nan,nan
1888,47.2,3.926708912e-05,6.292598862e-05,4.01480026822944926e-08,3.24729995810232481e-08,nan,nan
1889,47.225,3.637975209e-05,6.502555761e-05,4.01021284925749426e-08,3.24524543792659678e-08,nan,nan
1890,47.25,3.327153659e-05,6.716137781e-05,4.00610473566856558e-08,3.24353135875042784e-08,nan,nan
1891,47.275,2.996210400e-05,6.915622798e-05,4.00247224357609835e-08,3.24212031753004414e-08,nan,nan
1892,47.3,2.647233005e-05,7.081518516e-05,3.99929908740087129e-08,3.24096655674654542e-08,nan,nan
1893,47.325,2.282417328e-05,7.212612294e-05,3.99655673225320075e-08,3.24001708066025429e-08,nan,nan
1894,47.35,2.005167541e-05,7.307883715e-05,3.99420506189798056e-08,3.23921295948797369e-08,nan,nan
1895,47.375,2.103733725e-05,7.366511342e-05,3.99219334526247545e-08,3.23849078877456804e-08,nan,nan
1896,47.4,2.196419655e-05,7.387878314e-05,3.99046147696398993e-08,3.23778426738518828e-08,nan,nan
1897,47.425,2.282976610e-05,7.371576712e-05,3.98894146048651758e-08,3.23702585461878755e-08,nan,nan
1898,47.45,2.363172951e-05,7.317410696e-05,3.98755909659047711e-08,3.23614846500760849e-08,nan,nan
1899,47.475,2.436794740e-05,7.225398378e-05,3.98623583444583142e-08,3.23508715846607644e-08,nan,nan
1900,47.5,2.503646312e-05,7.095772423e-05,3.98489073895989072e-08,3.23378078360495334e-08,nan,nan
1901,47.525,2.565456588e-05,6.928979375e-05,3.98344252492346448e-08,3.23217353322662641e-08,nan,nan
1902,47.55,2.627589893e-05,6.725677703e-05,3.98181160698980623e-08,3.23021637323111450e-08,nan,nan
1903,47.575,2.690409917e-05,6.486734595e-05,3.97992211416607007e-08,3.22786830933283158e-08,nan,nan
1904,47.6,2.883862503e-05,6.213221498e-05,3.97770381844088118e-08,3.22509746003327423e-08,nan,nan
1905,47.625,3.131258036e-05,5.906408445e-05,3.97509392936680303e-08,3.22188190911278451e-08,nan,nan
1906,47.65,3.358953600e-05,5.567757195e-05,3.97203870980428678e-08,3.21821031637323750e-08,nan,nan
1907,47.675,3.565570144e-05,5.198913233e-05,3.96849487252646398e-08,3.21408227134665710e-08,nan,nan
1908,47.7,3.749860783e-05,4.801696672e-05,3.96443072286676708e-08,3.20950838103253920e-08,nan,nan
1909,47.725,3.919952403e-05,4.378092111e-05,3.95982701892501842e-08,3.20451008928149777e-08,nan,nan
1910,47.75,4.093134860e-05,3.930237518e-05,3.95467752787256553e-08,3.19911923204258076e-08,nan,nan
1911,47.775,4.269528631e-05,3.460412190e-05,3.94898926443699883e-08,3.19337733917322542e-08,nan,nan
1912,47.8,4.449189011e-05,2.971023881e-05,3.94278240551407704e-08,3.18733469971505465e-08,nan,nan
1913,47.825,4.629351515e-05,2.464595155e-05,3.93608988285249380e-08,3.18104921331349938e-08,nan,nan
1914,47.85,4.785670221e-05,2.188262817e-05,3.92895666368833488e-08,3.17458505566377635e-08,nan,nan
1915,47.875,4.912036401e-05,1.972173903e-05,3.92143873687434559e-08,3.16801119037366766e-08,nan,nan
1916,47.9,5.007716017e-05,1.745246976e-05,3.91360182926607024e-08,3.16139976333646215e-08,nan,nan
1917,47.925,5.072166555e-05,1.601332995e-05,3.90551988371570112e-08,3.15482441851665877e-08,nan,nan
1918,47.95,5.105040068e-05,2.066672188e-05,3.89727333582440934e-08,3.14835857590050905e-08,nan,nan
1919,47.975,5.106185007e-05,2.522770323e-05,3.88894723147489960e-08,3.14207371321074335e-08,nan,nan
1920,48,5.075646829e-05,2.967258801e-05,3.88062923099055233e-08,3.13603769281245249e-08,nan,nan
1921,48.025,5.013667386e-05,3.397830943e-05,3.87240754845516733e-08,3.13031317405264069e-08,nan,nan
1922,48.05,4.920683099e-05,3.812255000e-05,3.86436887621592053e-08,3.12495614911227732e-08,nan,nan
1923,48.075,4.797321925e-05,4.208386723e-05,3.85659634484869925e-08,3.12001463736296956e-08,nan,nan
1924,48.1,4.644399147e-05,4.584181419e-05,3.84916756788798115e-08,3.11552756928959415e-08,nan,nan
1925,48.125,4.462912005e-05,4.937705414e-05,3.84215281844095612e-08,3.11152388636455207e-08,nan,nan
1926,48.15,4.254033210e-05,5.267146876e-05,3.83561338147578839e-08,3.10802187795603419e-08,nan,nan
1927,48.175,4.019103387e-05,5.570825912e-05,3.82960012118290083e-08,3.10502877055389643e-08,nan,nan
1928,48.2,3.759622478e-05,5.847203891e-05,3.82415229746765829e-08,3.10254057844651000e-08,nan,nan
1929,48.225,3.477240187e-05,6.094891948e-05,3.81929665947779716e-08,3.10054221863196678e-08,nan,nan
1930,48.25,3.173745498e-05,6.319333197e-05,3.81504683725342465e-08,3.09900788635335262e-08,nan,nan
1931,48.275,2.851055358e-05,6.545008000e-05,3.81140304528168745e-08,3.09790168136699349e-08,nan,nan
1932,48.3,2.511202582e-05,6.774121933e-05,3.80835210412311766e-08,3.09717846903757902e-08,nan,nan
1933,48.325,2.156323058e-05,7.006853478e-05,3.80586777854064860e-08,3.09678495475105211e-08,nan,nan
1934,48.35,1.788642338e-05,7.241295817e-05,3.80391142289549882e-08,3.09666094508010523e-08,nan,nan
1935,48.375,1.410461694e-05,7.448371948e-05,3.80243291716424976e-08,3.09674076474949037e-08,nan,nan
1936,48.4,1.024143731e-05,7.618293547e-05,3.80137186995913464e-08,3.09695479483303221e-08,nan,nan
1937,48.425,8.419608653e-06,7.750268248e-05,3.80065905856796136e-08,3.09723109485622079e-08,nan,nan
1938,48.45,1.067955868e-05,7.843713613e-05,3.80021807042425512e-08,3.09749706964095663e-08,nan,nan
1939,48.475,1.388818462e-05,7.898259951e-05,3.79996710570646234e-08,3.09768114085301672e-08,nan,nan
1940,48.5,1.700662722e-05,7.913751883e-05,3.79982089705844360e-08,3.09771438331487696e-08,nan,nan
1941,48.525,2.001574415e-05,7.890248656e-05,3.79969269980833358e-08,3.09753208721942137e-08,nan,nan
1942,48.55,2.289709454e-05,7.828023202e-05,3.79949630459791869e-08,3.09707520939260676e-08,nan,nan
1943,48.575,2.563305186e-05,7.727559952e-05,3.79914802405033521e-08,3.09629167965155884e-08,nan,nan
1944,48.6,2.820691166e-05,7.589551421e-05,3.79856860600117939e-08,3.09513753201330261e-08,nan,nan
1945,48.625,3.060299348e-05,7.414893581e-05,3.79768502786925488e-08,3.09357783493364534e-08,nan,nan
1946,48.65,3.280673626e-05,7.204680071e-05,3.79643212989178491e-08,3.09158739978349208e-08,nan,nan
1947,48.675,3.480478671e-05,6.960195255e-05,3.79475404911217357e-08,3.08915125227482689e-08,nan,nan
1948,48.7,3.658508017e-05,6.682906196e-05,3.79260542107899216e-08,3.08626485739338981e-08,nan,nan
1949,48.725,3.822749143e-05,6.374453579e-05,3.78995232206325799e-08,3.08293409443491782e-08,nan,nan
1950,48.75,3.989830089e-05,6.036641656e-05,3.78677293107994319e-08,3.07917498482760522e-08,nan,nan
1951,48.775,4.159919372e-05,5.671427265e-05,3.78305789794616459e-08,3.07501318140594496e-08,nan,nan
1952,48.8,4.333133238e-05,5.280907986e-05,3.77881041084987074e-08,3.07048323353419274e-08,nan,nan
1953,48.825,4.505299579e-05,4.867309528e-05,3.77404596425930915e-08,3.06562764782204508e-08,nan,nan
1954,48.85,4.652744864e-05,4.432972402e-05,3.76879183529393658e-08,3.06049576900220080e-08,nan,nan
1955,48.875,4.771096431e-05,3.980337978e-05,3.76308628372292526e-08,3.05514250973373270e-08,nan,nan
1956,48.9,4.859666871e-05,3.511933997e-05,3.75697749738607909e-08,3.04962696155751199e-08,nan,nan
1957,48.925,4.917954502e-05,3.030359644e-05,3.75052231088354278e-08,3.04401092187958811e-08,nan,nan
1958,48.95,4.945646184e-05,2.538270251e-05,3.74378473070928886e-08,3.03835737363496653e-08,nan,nan
1959,48.975,4.942618952e-05,2.572363513e-05,3.73683430448242632e-08,3.03272895514914262e-08,nan,nan
1960,49,4.908940473e-05,2.759696428e-05,3.72974437545455044e-08,3.02718645765249198e-08,nan,nan
1961,49.025,4.844868321e-05,2.934023651e-05,3.72259026595951709e-08,3.02178738692015619e-08,nan,nan
1962,49.05,4.750848073e-05,3.093846913e-05,3.71544743486912658e-08,3.01658462363758639e-08,nan,nan
1963,49.075,4.627510251e-05,3.237749350e-05,3.70838965439649389e-08,3.01162521438045528e-08,nan,nan
1964,49.1,4.475666110e-05,3.366152642e-05,3.70148725074812977e-08,3.00694932161938682e-08,nan,nan
1965,49.125,4.296302327e-05,3.493984464e-05,3.69480545119362297e-08,3.00258935700500196e-08,nan,nan
1966,49.15,4.090574603e-05,3.624666828e-05,3.68840287715283413e-08,2.99856931746412260e-08,nan,nan
1967,49.175,3.859800229e-05,3.758126886e-05,3.68233021897403716e-08,2.99490433846384384e-08,nan,nan
1968,49.2,3.605449669e-05,3.894720821e-05,3.67662912329588328e-08,2.99160047330709071e-08,nan,nan
1969,49.225,3.329137195e-05,4.026167106e-05,3.67133131837450273e-08,2.98865470164895339e-08,nan,nan
1970,49.25,3.032610662e-05,4.134966976e-05,3.66645799665564687e-08,2.98605516470875156e-08,nan,nan
1971,49.275,2.934952973e-05,4.219463691e-05,3.66201946733511132e-08,2.98378161904011413e-08,nan,nan
1972,49.3,2.939997037e-05,4.392669065e-05,3.65801508484339551e-08,2.98180609534882684e-08,nan,nan
1973,49.325,2.936928407e-05,4.600997185e-05,3.65443345228305839e-08,2.98009374384777354e-08,nan,nan
1974,49.35,2.925764390e-05,4.793031774e-05,3.65125289201142477e-08,2.97860384313154551e-08,nan,nan
1975,49.375,2.906544581e-05,4.987402826e-05,3.64844216896649289e-08,2.97729094564907206e-08,nan,nan
1976,49.4,2.879330730e-05,5.184990655e-05,3.64596144614217535e-08,2.97610612964409948e-08,nan,nan
1977,49.425,2.844206544e-05,5.385384141e-05,3.64376344598204456e-08,2.97499832499627840e-08,nan,nan
1978,49.45,2.801277436e-05,5.577324568e-05,3.64179478651503288e-08,2.97391567878612067e-08,nan,nan
1979,49.475,2.750670209e-05,5.737586885e-05,3.63999745692136778e-08,2.97280692566074291e-08,nan,nan
1980,49.5,2.692532684e-05,5.865189016e-05,3.63831039398994082e-08,2.97162272820763271e-08,nan,nan
1981,49.525,2.627033270e-05,5.959884173e-05,3.63667111868507246e-08,2.97031695354252811e-08,nan,nan
1982,49.55,2.554360474e-05,6.021619320e-05,3.63501739083072413e-08,2.96884785415492950e-08,nan,nan
1983,49.575,2.511020256e-05,6.050533880e-05,3.63328883976842543e-08,2.96717912368088314e-08,nan,nan
1984,49.6,2.760774975e-05,6.046957279e-05,3.63142852974889742e-08,2.96528080161765154e-08,nan,nan
1985,49.625,2.993148232e-05,6.011405365e-05,3.62938442074852770e-08,2.96313000497199626e-08,nan,nan
1986,49.65,3.206727379e-05,5.944575706e-05,3.62711068830617601e-08,2.96071146934030760e-08,nan,nan
1987,49.675,3.400217682e-05,5.847341827e-05,3.62456886977597343e-08,2.95801788683957118e-08,nan,nan
1988,49.7,3.572450158e-05,5.720746401e-05,3.62172880898767124e-08,2.95505003351829351e-08,nan,nan
1989,49.725,3.731164769e-05,5.565993466e-05,3.61856937657903664e-08,2.95181668424462969e-08,nan,nan
1990,49.75,3.892460232e-05,5.384439693e-05,3.61507894907929848e-08,2.94833431846064602e-08,nan,nan
1991,49.775,4.056544651e-05,5.177584795e-05,3.61125563603075643e-08,2.94462662547212069e-08,nan,nan
1992,49.8,4.223584833e-05,4.947061107e-05,3.60710725088011794e-08,2.94072382298126015e-08,nan,nan
1993,49.825,4.388275683e-05,4.694622438e-05,3.60265102788971965e-08,2.93666180724006853e-08,nan,nan
1994,49.85,4.527607397e-05,4.422132237e-05,3.59791309374793396e-08,2.93248115739008096e-08,nan,nan
1995,49.875,4.638651895e-05,4.131551170e-05,3.59292770873766259e-08,2.92822602015712765e-08,nan,nan
1996,49.9,4.720764264e-05,3.824924187e-05,3.58773629809818579e-08,2.92394290400058648e-08,nan,nan
1997,49.925,4.773479900e-05,3.504367142e-05,3.58238629944616318e-08,2.91967941400480607e-08,nan,nan
1998,49.95,4.796517100e-05,3.508953614e-05,3.57692985667794473e-08,2.91548296019401197e-08,nan,nan
1999,49.975,4.789778534e-05,3.823768032e-05,3.57142239454636877e-08,2.91139947251955527e-08,nan,nan
2000,50,4.753351553e-05,4.123660335e-05,3.56592111099981863e-08,2.90747215549839422e-08,nan,nan
2001,50.025,4.687507369e-05,4.406784005e-05,3.56048342632108895e-08,2.90374031438460103e-08,nan,nan
2002,50.05,4.592699087e-05,4.671373500e-05,3.55516542906315247e-08,2.90023828286174252e-08,nan,nan
2003,50.075,4.469558619e-05,4.915755173e-05,3.55002035872858028e-08,2.89699447960344693e-08,nan,nan
2004,50.1,4.318892490e-05,5.138357691e-05,3.54509716408425144e-08,2.89403061773062649e-08,nan,nan
2005,50.125,4.141676576e-05,5.337721864e-05,3.54043917397319247e-08,2.89136108728156952e-08,nan,nan
2006,50.15,3.939049795e-05,5.518947436e-05,3.53608291453554362e-08,2.88899252640515051e-08,nan,nan
2007,50.175,3.712306796e-05,5.701732189e-05,3.53205710295770485e-08,2.88692359219911651e-08,nan,nan
2008,50.2,3.462889708e-05,5.887589846e-05,3.52838184333060189e-08,2.88514493706556378e-08,nan,nan
2009,50.225,3.192378968e-05,6.076634538e-05,3.52506804503070468e-08,2.88363939127094770e-08,nan,nan
2010,50.25,2.902483325e-05,6.267067035e-05,3.52211707837215386e-08,2.88238234720754964e-08,nan,nan
2011,50.275,2.595029054e-05,6.434233494e-05,3.51952067625846141e-08,2.88134233578657860e-08,nan,nan
2012,50.3,2.271948461e-05,6.570212963e-05,3.51726108433887880e-08,2.88048178057578358e-08,nan,nan
2013,50.325,1.935267748e-05,6.673975346e-05,3.51531145590408391e-08,2.87975791084567445e-08,nan,nan
2014,50.35,1.911716603e-05,6.744667970e-05,3.51363648159465482e-08,2.87912381071828999e-08,nan,nan
2015,50.375,2.003949920e-05,6.781621340e-05,3.51219323809731453e-08,2.87852957821766345e-08,nan,nan
2016,50.4,2.090595522e-05,6.784353802e-05,3.51093223451449854e-08,2.87792356528503608e-08,nan,nan
2017,50.425,2.171420486e-05,6.752575108e-05,3.50979863014795763e-08,2.87725366781025723e-08,nan,nan
2018,50.45,2.246208083e-05,6.686188837e-05,3.50873359315851188e-08,2.87646863349216306e-08,nan,nan
2019,50.475,2.314758354e-05,6.585293676e-05,3.50767576605642843e-08,2.87551935490364270e-08,nan,nan
2020,50.5,2.376888644e-05,6.450183532e-05,3.50656280132530861e-08,2.87436011551079100e-08,nan,nan
2021,50.525,2.433546140e-05,6.281346500e-05,3.50533292875048913e-08,2.87294975756828043e-08,nan,nan
2022,50.55,2.490047866e-05,6.079462658e-05,3.50392651525145311e-08,2.87125274275436705e-08,nan,nan
2023,50.575,2.547203706e-05,5.845400737e-05,3.50228757822309946e-08,2.86924007906840390e-08,nan,nan
2024,50.6,2.703877618e-05,5.580213659e-05,3.50036521456543383e-08,2.86689009082453529e-08,nan,nan
2025,50.625,2.929515160e-05,5.285132974e-05,3.49811490969353887e-08,2.86418901245371241e-08,nan,nan
2026,50.65,3.136774234e-05,4.961562243e-05,3.49549969381476359e-08,2.86113139117518242e-08,nan,nan
2027,50.675,3.324397872e-05,4.611069388e-05,3.49249111656154733e-08,2.85772028830975421e-08,nan,nan
2028,50.7,3.491251935e-05,4.235378064e-05,3.48907001557971009e-08,2.85396727396317511e-08,nan,nan
2029,50.725,3.644743622e-05,3.836358101e-05,3.48522705978004377e-08,2.84989221488626367e-08,nan,nan
2030,50.75,3.800553073e-05,3.416015079e-05,3.48096305353771070e-08,2.84552286039376799e-08,nan,nan
2031,50.775,3.959022708e-05,2.976479082e-05,3.47628899402990761e-08,2.84089423617124677e-08,nan,nan
2032,50.8,4.120442749e-05,2.519992723e-05,3.47122587999115544e-08,2.83604786049698310e-08,nan,nan
2033,50.825,4.277751231e-05,2.106134116e-05,3.46580427628584114e-08,2.83103080173914912e-08,nan,nan
2034,50.85,4.409647669e-05,1.920219401e-05,3.46006364469883684e-08,2.82589459985145204e-08,nan,nan
2035,50.875,4.514015405e-05,1.723348347e-05,3.45405145707868847e-08,2.82069407788974414e-08,nan,nan
2036,50.9,4.590248345e-05,1.517266777e-05,3.44782211229379124e-08,2.81548607222836236e-08,nan,nan
2037,50.925,4.637915621e-05,1.583847990e-05,3.44143568324967905e-08,2.81032811210430369e-08,nan,nan
2038,50.95,4.656763993e-05,2.015566830e-05,3.43495652434871217e-08,2.80527708031417308e-08,nan,nan
2039,50.975,4.646719158e-05,2.438326321e-05,3.42845177315197759e-08,2.80038788730536121e-08,nan,nan
2040,51,4.607885937e-05,2.849937643e-05,3.42198978254618851e-08,2.79571219053142625e-08,nan,nan
2041,51.025,4.540547364e-05,3.248270994e-05,3.41563852136549142e-08,2.79129718979363523e-08,nan,nan
2042,51.05,4.445162669e-05,3.631267577e-05,3.40946398213164009e-08,2.78718452739653058e-08,nan,nan
2043,51.075,4.322364166e-05,3.996951178e-05,3.40352863434091650e-08,2.78340931935388058e-08,nan,nan
2044,51.1,4.172953085e-05,4.343439265e-05,3.39788996055150684e-08,2.77999934065758132e-08,nan,nan
2045,51.125,3.997894355e-05,4.668953532e-05,3.39259911044204376e-08,2.77697438384702885e-08,nan,nan
2046,51.15,3.798310388e-05,4.971829835e-05,3.38769970507516287e-08,2.77434580588410622e-08,nan,nan
2047,51.175,3.575473888e-05,5.250527464e-05,3.38322681988353472e-08,2.77211627375450177e-08,nan,nan
2048,51.2,3.330799752e-05,5.503637684e-05,3.37920617049408596e-08,2.77027971439281674e-08,nan,nan
2049,51.225,3.065836092e-05,5.729891515e-05,3.37565352052877552e-08,2.76882146958547632e-08,nan,nan
2050,51.25,2.782254448e-05,5.933724754e-05,3.37257432509177490e-08,2.76771865156275512e-08,nan,nan
2051,51.275,2.481839258e-05,6.137814585e-05,3.36996361790743460e-08,2.76694069016986751e-08,nan,nan
2052,51.3,2.166476635e-05,6.345175817e-05,3.36780614415313971e-08,2.76645005792442182e-08,nan,nan
2053,51.325,1.838142533e-05,6.555398946e-05,3.36607673508162392e-08,2.76620315503475837e-08,nan,nan
2054,51.35,1.498890382e-05,6.763040646e-05,3.36474091469428967e-08,2.76615133267261909e-08,nan,nan
2055,51.375,1.150838250e-05,6.940579962e-05,3.36375572315303161e-08,2.76624202955482858e-08,nan,nan
2056,51.4,8.770008202e-06,7.083732993e-05,3.36307073643829672e-08,2.76641999426868388e-08,nan,nan
2057,51.425,7.350130597e-06,7.191841857e-05,3.36262925710099038e-08,2.76662856383612779e-08,nan,nan
2058,51.45,1.037510540e-05,7.264441586e-05,3.36236964692719357e-08,2.76681096779667873e-08,nan,nan
2059,51.475,1.333412141e-05,7.301262327e-05,3.36222676903338941e-08,2.76691162662551737e-08,nan,nan
2060,51.5,1.620719389e-05,7.302230397e-05,3.36213350441398047e-08,2.76687741359874490e-08,nan,nan
2061,51.525,1.897668522e-05,7.267468201e-05,3.36202230632953320e-08,2.76665885026210823e-08,nan,nan
2062,51.55,2.162561874e-05,7.197293000e-05,3.36182675518985172e-08,2.76621120742326928e-08,nan,nan
2063,51.575,2.413778283e-05,7.092214548e-05,3.36148307676449950e-08,2.76549548602467576e-08,nan,nan
2064,51.6,2.649783000e-05,6.952931622e-05,3.36093158763616132e-08,2.76447925530156089e-08,nan,nan
2065,51.625,2.869137062e-05,6.780327447e-05,3.36011803376851581e-08,2.76313732921017678e-08,nan,nan
2066,51.65,3.070506051e-05,6.575464065e-05,3.35899479083828203e-08,2.76145226613497587e-08,nan,nan
2067,51.675,3.252668213e-05,6.339575677e-05,3.35752189850834337e-08,2.75941468124940760e-08,nan,nan
2068,51.7,3.414521854e-05,6.074060999e-05,3.35566790500585827e-08,2.75702336550473773e-08,nan,nan
2069,51.725,3.563074958e-05,5.780474683e-05,3.35341050310958151e-08,2.75428520994139340e-08,nan,nan
2070,51.75,3.713681607e-05,5.460517851e-05,3.35073694382594315e-08,2.75121493874156776e-08,nan,nan
2071,51.775,3.866989562e-05,5.116027811e-05,3.34764421951397449e-08,2.74783465905481091e-08,nan,nan
2072,51.8,4.022900177e-05,4.748967005e-05,3.34413901386968608e-08,2.74417324001729693e-08,nan,nan
2073,51.825,4.173243346e-05,4.361411270e-05,3.34023742186092878e-08,2.74026553744441027e-08,nan,nan
2074,51.85,4.298311667e-05,3.955537478e-05,3.33596444827499918e-08,2.73615148430721891e-08,nan,nan
2075,51.875,4.396565698e-05,3.533610623e-05,3.33135329886690117e-08,2.73187507022005912e-08,nan,nan
2076,51.9,4.467434884e-05,3.097970453e-05,3.32644448304687037e-08,2.72748323569529557e-08,nan,nan
2077,51.925,4.510519120e-05,2.651017710e-05,3.32128475150211073e-08,2.72302470880341019e-08,nan,nan
2078,51.95,4.525590983e-05,2.262458380e-05,3.31592589600264961e-08,2.71854881306946079e-08,nan,nan
2079,51.975,4.512596890e-05,2.442707923e-05,3.31042344180360100e-08,2.71410427591486317e-08,nan,nan
2080,52,4.471657186e-05,2.612065667e-05,3.30483526545198736e-08,2.70973806670897805e-08,nan,nan
2081,52.025,4.403065143e-05,2.769092305e-05,3.29922017238089993e-08,2.70549429253826986e-08,nan,nan
2082,52.05,4.307284900e-05,2.912415737e-05,3.29363646939328486e-08,2.70141317815974501e-08,nan,nan
2083,52.075,4.184948345e-05,3.040740609e-05,3.28814056698894548e-08,2.69753015432413961e-08,nan,nan
2084,52.1,4.036850958e-05,3.155703859e-05,3.28278564548042113e-08,2.69387507579280196e-08,nan,nan
2085,52.125,3.863946656e-05,3.271325448e-05,3.27762041700575548e-08,2.69047158700392821e-08,nan,nan
2086,52.15,3.667341655e-05,3.389357533e-05,3.27268801292918839e-08,2.68733664955520558e-08,nan,nan
2087,52.175,3.448287406e-05,3.509760195e-05,3.26802502279350829e-08,2.68448024155662848e-08,nan,nan
2088,52.2,3.208172638e-05,3.632169012e-05,3.26366070703654094e-08,2.68190523457320354e-08,nan,nan
2089,52.225,2.948514560e-05,3.741379293e-05,3.25961640121029251e-08,2.67960744943058304e-08,nan,nan
2090,52.25,2.753809357e-05,3.828981351e-05,3.25590512455836310e-08,2.67757588770781621e-08,nan,nan
2091,52.275,2.763485058e-05,3.905162472e-05,3.25253140063852016e-08,2.67579313140050579e-08,nan,nan
2092,52.3,2.765536980e-05,4.121908467e-05,3.24949129235245810e-08,2.67423589911136557e-08,nan,nan
2093,52.325,2.759966921e-05,4.314298384e-05,3.24677264839654848e-08,2.67287574331487198e-08,nan,nan
2094,52.35,2.746797663e-05,4.488759642e-05,3.24435555290860243e-08,2.67167986984087632e-08,nan,nan
2095,52.375,2.726072891e-05,4.664526624e-05,3.24221296508554006e-08,2.67061205781100744e-08,nan,nan
2096,52.4,2.697857052e-05,4.842913933e-05,3.24031153090809156e-08,2.66963365591057798e-08,nan,nan
2097,52.425,2.662235157e-05,5.023794253e-05,3.23861254494468254e-08,2.66870462914315198e-08,nan,nan
2098,52.45,2.619312527e-05,5.192965807e-05,3.23707303661769810e-08,2.66778462913428581e-08,nan,nan
2099,52.475,2.569214482e-05,5.332414414e-05,3.23564695238809403e-08,2.66683406064916278e-08,nan,nan
2100,52.5,2.512085978e-05,5.441787358e-05,3.23428640311734497e-08,2.66581511727188205e-08,nan,nan
2101,52.525,2.448091187e-05,5.520909560e-05,3.23294294445017800e-08,2.66469276015180423e-08,nan,nan
2102,52.55,2.377413027e-05,5.569783154e-05,3.23156885745803622e-08,2.66343561532705057e-08,nan,nan
2103,52.575,2.368498971e-05,5.588585993e-05,3.23011839700283793e-08,2.66201676734375282e-08,nan,nan
2104,52.6,2.598293277e-05,5.577669106e-05,3.22854897631320719e-08,2.66041442964417064e-08,nan,nan
2105,52.625,2.811774496e-05,5.537553121e-05,3.22682225808118480e-08,2.65861247542576540e-08,nan,nan
2106,52.65,3.007643519e-05,5.468923682e-05,3.22490512493713762e-08,2.65660081629430303e-08,nan,nan
2107,52.675,3.184711478e-05,5.372625897e-05,3.22277050537671280e-08,2.65437561995459847e-08,nan,nan
2108,52.7,3.341906963e-05,5.249657846e-05,3.22039803501293954e-08,2.65193936230373478e-08,nan,nan
2109,52.725,3.485787740e-05,5.101163202e-05,3.21777453731092056e-08,2.64930071350953461e-08,nan,nan
2110,52.75,3.631459043e-05,4.928423017e-05,3.21489431262279639e-08,2.64647426186618760e-08,nan,nan
2111,52.775,3.779808289e-05,4.732846716e-05,3.21175922925877777e-08,2.64348008331419582e-08,nan,nan
2112,52.8,3.930443819e-05,4.515962363e-05,3.20837861538145882e-08,2.64034316839130628e-08,nan,nan
2113,52.825,4.074310751e-05,4.279406274e-05,3.20476895556902677e-08,2.63709272194907625e-08,nan,nan
2114,52.85,4.193095856e-05,4.024912026e-05,3.20095340083139365e-08,2.63376135413794205e-08,nan,nan
2115,52.875,4.285740492e-05,3.754298942e-05,3.19696110555906593e-08,2.63038418385521001e-08,nan,nan
2116,52.9,4.351706704e-05,3.469460131e-05,3.19282640922101287e-08,2.62699787799909075e-08,nan,nan
2117,52.925,4.390622496e-05,3.172350143e-05,3.18858788449821937e-08,2.62363965142681441e-08,nan,nan
2118,52.95,4.402283904e-05,3.363006836e-05,3.18428727684876696e-08,2.62034625343859047e-08,nan,nan
2119,52.975,4.386656026e-05,3.653828282e-05,3.17996836316783691e-08,2.61715296688131617e-08,nan,nan
2120,53,4.343873005e-05,3.930395998e-05,3.17567575916749895e-08,2.61409264558162803e-08,nan,nan
2121,53.025,4.274236967e-05,4.191002763e-05,3.17145370631026156e-08,2.61119481478909326e-08,nan,nan
2122,53.05,4.178215915e-05,4.434018174e-05,3.16734486955949564e-08,2.60848485766469969e-08,nan,nan
2123,53.075,4.056440603e-05,4.657898755e-05,3.16338917685098685e-08,2.60598330863019729e-08,nan,nan
2124,53.1,3.909700409e-05,4.861197576e-05,3.15962273005485020e-08,2.60370527165738527e-08,nan,nan
2125,53.125,3.738938229e-05,5.042573329e-05,3.15607681531664062e-08,2.60165997839288556e-08,nan,nan
2126,53.15,3.545244424e-05,5.207270233e-05,3.15277703809022483e-08,2.59985049746383292e-08,nan,nan
2127,53.175,3.329849872e-05,5.373545263e-05,3.14974260496951691e-08,2.59827360248307017e-08,nan,nan
2128,53.2,3.094118152e-05,5.542347531e-05,3.14698577067333156e-08,2.59691980226465072e-08,nan,nan
2129,53.225,2.839536918e-05,5.713667467e-05,3.14451146433289925e-08,2.59577353267208487e-08,nan,nan
2130,53.25,2.567708523e-05,5.881934401e-05,3.14231710468144202e-08,2.59481350545483281e-08,nan,nan
2131,53.275,2.280339935e-05,6.023927431e-05,3.14039260896381723e-08,2.59401320548401837e-08,nan,nan
2132,53.3,1.979232034e-05,6.136775554e-05,3.13872059549204710e-08,2.59334152407437651e-08,nan,nan
2133,53.325,1.738261855e-05,6.219590840e-05,3.13727677489146037e-08,2.59276351266800424e-08,nan,nan
2134,53.35,1.830275605e-05,6.271650353e-05,3.13603052033422553e-08,2.59224123814063508e-08,nan,nan
2135,53.375,1.917188613e-05,6.292401113e-05,3.13494560255995308e-08,2.59173471844705488e-08,nan,nan
2136,53.4,1.998766418e-05,6.281464060e-05,3.13398107134850282e-08,2.59120291531082594e-08,nan,nan
2137,53.425,2.074789397e-05,6.238636991e-05,3.13309226144004233e-08,2.59060475923371402e-08,nan,nan
2138,53.45,2.145053349e-05,6.163896450e-05,3.13223189778203694e-08,2.58990018128626086e-08,nan,nan
2139,53.475,2.209370050e-05,6.057398562e-05,3.13135127249865788e-08,2.58905112596200813e-08,nan,nan
2140,53.5,2.267567752e-05,5.919478805e-05,3.13040146418506224e-08,2.58802251983686176e-08,nan,nan
2141,53.525,2.320034811e-05,5.750650713e-05,3.12933456907053093e-08,2.58678317185967024e-08,nan,nan
2142,53.55,2.371777077e-05,5.551603528e-05,3.12810491329492985e-08,2.58530658278196700e-08,nan,nan
2143,53.575,2.424060302e-05,5.323198804e-05,3.12667021600848221e-08,2.58357164347159095e-08,nan,nan
2144,53.6,2.549227063e-05,5.066465987e-05,3.12499267422195698e-08,2.58156320458985973e-08,nan,nan
2145,53.625,2.757209144e-05,4.782596993e-05,3.12303994227157369e-08,2.57927250327717806e-08,nan,nan
2146,53.65,2.947932942e-05,4.472939826e-05,3.12078598137062063e-08,2.57669743600792679e-08,nan,nan
2147,53.675,3.120240369e-05,4.138991257e-05,3.11821175793196496e-08,2.57384267055541247e-08,nan,nan
2148,53.7,3.273088324e-05,3.782388618e-05,3.11530577308165422e-08,2.57071959395749289e-08,nan,nan
2149,53.725,3.412546108e-05,3.404900766e-05,3.11206440995016190e-08,2.56734609739587718e-08,nan,nan
2150,53.75,3.553599094e-05,3.008418247e-05,3.10849208982060633e-08,2.56374620289778457e-08,nan,nan
2151,53.775,3.697125002e-05,2.594942746e-05,3.10460123292091449e-08,2.55994954063932348e-08,nan,nan
2152,53.8,3.842720516e-05,2.166575866e-05,3.10041202445259341e-08,2.55599068928080123e-08,nan,nan
2153,53.825,3.980549925e-05,1.882344674e-05,3.09595199123391771e-08,2.55190839510598214e-08,nan,nan
2154,53.85,4.093542060e-05,1.711154237e-05,3.09125539898184493e-08,2.54774468868871745e-08,nan,nan
2155,53.875,4.181030130e-05,1.530395717e-05,3.08636248465073999e-08,2.54354392029977093e-08,nan,nan
2156,53.9,4.242506140e-05,1.341680615e-05,3.08131854227926067e-08,2.53935173723386938e-08,nan,nan
2157,53.925,4.277623824e-05,1.558644743e-05,3.07617288437120293e-08,2.53521402763505003e-08,nan,nan
2158,53.95,4.286200576e-05,1.962395104e-05,3.07097770386463415e-08,2.53117585619400744e-08,nan,nan
2159,53.975,4.268218356e-05,2.357467390e-05,3.06578686415325964e-08,2.52728041726683225e-08,nan,nan
2160,54,4.223823589e-05,2.741821488e-05,3.06065464635679086e-08,2.52356803051707300e-08,nan,nan
2161,54.025,4.153326034e-05,3.113473666e-05,3.05563448405219601e-08,2.52007520312528842e-08,nan,nan
2162,54.05,4.057196651e-05,3.470507732e-05,3.05077771595209367e-08,2.51683378096922366e-08,nan,nan
2163,54.075,3.936064470e-05,3.811085795e-05,3.04613238654512462e-08,2.51387020899524028e-08,nan,nan
2164,54.1,3.790712490e-05,4.133458571e-05,3.04174212350966470e-08,2.51120491833222680e-08,nan,nan
2165,54.125,3.622072627e-05,4.435975174e-05,3.03764511880797699e-08,2.50885185460970493e-08,nan,nan
2166,54.15,3.431219744e-05,4.717092331e-05,3.03387323781155723e-08,2.50681815850898327e-08,nan,nan
2167,54.175,3.219364814e-05,4.975382972e-05,3.03045127766440352e-08,2.50510400588466776e-08,nan,nan
2168,54.2,2.987847237e-05,5.209544143e-05,3.02739639243796633e-08,2.50370261093434231e-08,nan,nan
2169,54.225,2.738126387e-05,5.418404188e-05,3.02471769856050056e-08,2.50260039196166956e-08,nan,nan
2170,54.25,2.471772414e-05,5.605005206e-05,3.02241606961545000e-08,2.50177729536826104e-08,nan,nan
2171,54.275,2.190456380e-05,5.790858718e-05,3.02048412500657092e-08,2.50120726971819223e-08,nan,nan
2172,54.3,1.895939786e-05,5.979324322e-05,3.01890641229494334e-08,2.50085887813789141e-08,nan,nan
2173,54.325,1.590063542e-05,6.170388269e-05,3.01765977833993589e-08,2.50069603402990805e-08,nan,nan
2174,54.35,1.274736474e-05,6.354985172e-05,3.01671391983663045e-08,2.50067884217070016e-08,nan,nan
2175,54.375,9.519234185e-06,6.509384636e-05,3.01603209954686978e-08,2.50076452479944558e-08,nan,nan
2176,54.4,7.835111323e-06,6.631725671e-05,3.01557201057389400e-08,2.50090841034549460e-08,nan,nan
2177,54.425,7.238923441e-06,6.721454125e-05,3.01528676752688130e-08,2.50106496103222799e-08,nan,nan
2178,54.45,1.005684772e-05,6.778194606e-05,3.01512600044536396e-08,2.50118881476704733e-08,nan,nan
2179,54.475,1.280961009e-05,6.801752220e-05,3.01503702497532637e-08,2.50123581649882911e-08,nan,nan
2180,54.5,1.548028824e-05,6.792113240e-05,3.01496606056449349e-08,2.50116401459833924e-08,nan,nan
2181,54.525,1.805248507e-05,6.749444742e-05,3.01485946741335286e-08,2.50093459878224392e-08,nan,nan
2182,54.55,2.051042921e-05,6.674093169e-05,3.01466497260336116e-08,2.50051275763139501e-08,nan,nan
2183,54.575,2.283907177e-05,6.566581876e-05,3.01433285622901026e-08,2.49986843580924325e-08,nan,nan
2184,54.6,2.502417831e-05,6.427607636e-05,3.01381706947314763e-08,2.49897697361418488e-08,nan,nan
2185,54.625,2.705241590e-05,6.258036153e-05,3.01307625835486820e-08,2.49781961443621843e-08,nan,nan
2186,54.65,2.891143434e-05,6.058896605e-05,3.01207466929960558e-08,2.49638386896019767e-08,nan,nan
2187,54.675,3.058994132e-05,5.831375251e-05,3.01078291566958566e-08,2.49466372848338819e-08,nan,nan
2188,54.7,3.207777098e-05,5.576808134e-05,3.00917858787418606e-08,2.49265972340713042e-08,nan,nan
2189,54.725,3.343045420e-05,5.296672943e-05,3.00724669356602107e-08,2.49037882672981883e-08,nan,nan
2190,54.75,3.479713254e-05,4.992580073e-05,3.00497991862311915e-08,2.48783420611899274e-08,nan,nan
2191,54.775,3.618616395e-05,4.666262933e-05,3.00237870401596250e-08,2.48504483178216524e-08,nan,nan
2192,54.8,3.759683442e-05,4.319567578e-05,2.99945113815169119e-08,2.48203495080056530e-08,nan,nan
2193,54.825,3.891591571e-05,3.954441713e-05,2.99621266876613898e-08,2.47883344175419505e-08,nan,nan
2194,54.85,3.999232863e-05,3.572923149e-05,2.99268564278748032e-08,2.47547306627428761e-08,nan,nan
2195,54.875,4.081971944e-05,3.177127763e-05,2.98889868671748408e-08,2.47198963654385998e-08,nan,nan
2196,54.9,4.139328408e-05,2.769237065e-05,2.98488594386741575e-08,2.46842111967196489e-08,nan,nan
2197,54.925,4.170979586e-05,2.351485411e-05,2.98068618815444863e-08,2.46480670124854591e-08,nan,nan
2198,54.95,4.176762348e-05,2.162498595e-05,2.97634183703040978e-08,2.46118583121318892e-08,nan,nan
2199,54.975,4.156673897e-05,2.327614204e-05,2.97189788841018710e-08,2.45759727542538970e-08,nan,nan
2200,55,4.110871591e-05,2.482328721e-05,2.96740080813874196e-08,2.45407819600325199e-08,nan,nan
2201,55.025,4.039671751e-05,2.625309772e-05,2.96289739554570041e-08,2.45066328261275198e-08,nan,nan
2202,55.05,3.943547510e-05,2.755288819e-05,2.95843365496367909e-08,2.44738395546559670e-08,nan,nan
2203,55.075,3.823125676e-05,2.871070018e-05,2.95405370072655021e-08,2.44426765885833776e-08,nan,nan
2204,55.1,3.679182659e-05,2.975259697e-05,2.94979872212933095e-08,2.44133726170879083e-08,nan,nan
2205,55.125,3.512639474e-05,3.080239537e-05,2.94570603315160426e-08,2.43861057877923244e-08,nan,nan
2206,55.15,3.324555853e-05,3.187436221e-05,2.94180822946622471e-08,2.43610002318963084e-08,nan,nan
2207,55.175,3.116123512e-05,3.296556083e-05,2.93813247243422606e-08,2.43381239749617449e-08,nan,nan
2208,55.2,2.888658608e-05,3.404848996e-05,2.93469991649782989e-08,2.43174882712417893e-08,nan,nan
2209,55.225,2.643593430e-05,3.496230208e-05,2.93152529271024149e-08,2.42990483638671629e-08,nan,nan
2210,55.25,2.610071594e-05,3.567329963e-05,2.92861665717630733e-08,2.42827056377969016e-08,nan,nan
2211,55.275,2.617004070e-05,3.689080332e-05,2.92597530902185075e-08,2.42683110980788905e-08,nan,nan
2212,55.3,2.616724645e-05,3.891336114e-05,2.92359587826548312e-08,2.42556700734946364e-08,nan,nan
2213,55.325,2.609240443e-05,4.070705995e-05,2.92146657974043204e-08,2.42445480158752813e-08,nan,nan
2214,55.35,2.594578413e-05,4.230811276e-05,2.91956962511020515e-08,2.42346772389961574e-08,nan,nan
2215,55.375,2.572785229e-05,4.390543921e-05,2.91788178114160562e-08,2.42257644186194673e-08,nan,nan
2216,55.4,2.543927153e-05,4.552428308e-05,2.91637505883695549e-08,2.42174986574949764e-08,nan,nan
2217,55.425,2.508089827e-05,4.716619800e-05,2.91501751487097786e-08,2.42095599063618792e-08,nan,nan
2218,55.45,2.465378026e-05,4.867411715e-05,2.91377414410288726e-08,2.42016275245159452e-08,nan,nan
2219,55.475,2.415915351e-05,4.990568674e-05,2.91260783980486817e-08,2.41933887614703160e-08,nan,nan
2220,55.5,2.359843869e-05,5.085804799e-05,2.91148039671421329e-08,2.41845469446716547e-08,nan,nan
2221,55.525,2.297323712e-05,5.152998393e-05,2.91035353111326892e-08,2.41748291670214256e-08,nan,nan
2222,55.55,2.228532615e-05,5.192191306e-05,2.90918989188807640e-08,2.41639932818534606e-08,nan,nan
2223,55.575,2.244339628e-05,5.203587311e-05,2.90795403691632481e-08,2.41518340316617178e-08,nan,nan
2224,55.6,2.457712472e-05,5.187549521e-05,2.90661335017483834e-08,2.41381881597708232e-08,nan,nan
2225,55.625,2.655689371e-05,5.144596850e-05,2.90513887660709850e-08,2.41229383807058176e-08,nan,nan
2226,55.65,2.837064466e-05,5.075399556e-05,2.90350605400835208e-08,2.41060161145670587e-08,nan,nan
2227,55.675,3.000735626e-05,4.980773900e-05,2.90169532391161198e-08,2.40874029225031577e-08,nan,nan
2228,55.7,3.145711142e-05,4.861675938e-05,2.89969260662192436e-08,2.40671306135964984e-08,nan,nan
2229,55.725,3.277008809e-05,4.719194520e-05,2.89748962906776362e-08,2.40452800272979308e-08,nan,nan
2230,55.75,3.409489867e-05,4.554543511e-05,2.89508409792772244e-08,2.40219785291226501e-08,nan,nan
2231,55.775,3.543986731e-05,4.369053304e-05,2.89247971445192766e-08,2.39973962898095041e-08,nan,nan
2232,55.8,3.680681317e-05,4.164161680e-05,2.88968603143127168e-08,2.39717414487458244e-08,nan,nan
2233,55.825,3.807097393e-05,3.941404064e-05,2.88671815677230035e-08,2.39452542904100124e-08,nan,nan
2234,55.85,3.909787477e-05,3.702403251e-05,2.88359631201152598e-08,2.39182005872007868e-08,nan,nan
2235,55.875,3.988145263e-05,3.448858661e-05,2.88034525775374359e-08,2.38908642826979261e-08,nan,nan
2236,55.9,4.041715790e-05,3.182535197e-05,2.87699360135387612e-08,2.38635397056330884e-08,nan,nan
2237,55.925,4.070198071e-05,2.948138871e-05,2.87357300509914364e-08,2.38365235162491250e-08,nan,nan
2238,55.95,4.073446761e-05,3.231018764e-05,2.87011731561557439e-08,2.38101065930225830e-08,nan,nan
2239,55.975,4.051472862e-05,3.501901079e-05,2.86666163716012663e-08,2.37845660687773133e-08,nan,nan
2240,56,4.004443464e-05,3.759130953e-05,2.86324137282044327e-08,2.37601577210156166e-08,nan,nan
2241,56.025,3.932680512e-05,4.001116859e-05,2.85989125839610494e-08,2.37371089119581690e-08,nan,nan
2242,56.05,3.836658627e-05,4.226340429e-05,2.85664441386165300e-08,2.37156122595588413e-08,nan,nan
2243,56.075,3.717001977e-05,4.433365874e-05,2.85353143681113616e-08,2.36958202020162840e-08,nan,nan
2244,56.1,3.574480227e-05,4.620848950e-05,2.85057956117108178e-08,2.36778405955177208e-08,nan,nan
2245,56.125,3.410003602e-05,4.787545411e-05,2.84781190277303468e-08,2.36617334587031103e-08,nan,nan
2246,56.15,3.224617077e-05,4.938240161e-05,2.84524681114235736e-08,2.36475089482914378e-08,nan,nan
2247,56.175,3.019493744e-05,5.090210404e-05,2.84289734414390297e-08,2.36351266191952491e-08,nan,nan
2248,56.2,2.795927398e-05,5.244347721e-05,2.84077087899679090e-08,2.36244959900427832e-08,nan,nan
2249,56.225,2.555324380e-05,5.400574705e-05,2.83886886970881939e-08,2.36154784021397578e-08,nan,nan
2250,56.25,2.299194738e-05,5.548921966e-05,2.83718675727342229e-08,2.36078901273555660e-08,nan,nan
2251,56.275,2.029142754e-05,5.670979865e-05,2.83571403511142798e-08,2.36015066490200797e-08,nan,nan
2252,56.3,1.746856903e-05,5.765645522e-05,2.83443446832313330e-08,2.35960680104479365e-08,nan,nan
2253,56.325,1.671184373e-05,5.832143675e-05,2.83332646144083758e-08,2.35912850988934433e-08,nan,nan
2254,56.35,1.758458958e-05,5.869853488e-05,2.83236356563470196e-08,2.35868467092415005e-08,nan,nan
2255,56.375,1.840841663e-05,5.878312892e-05,2.83151511281843059e-08,2.35824272121383291e-08,nan,nan
2256,56.4,1.918110001e-05,5.857221999e-05,2.83074696091238360e-08,2.35776946360384723e-08,nan,nan
2257,56.425,1.990055683e-05,5.806445545e-05,2.83002233172953957e-08,2.35723189621646463e-08,nan,nan
2258,56.45,2.056485182e-05,5.726014380e-05,2.82930272062236335e-08,2.35659804258955122e-08,nan,nan
2259,56.475,2.117220252e-05,5.616125966e-05,2.82854885522364756e-08,2.35583776177402940e-08,nan,nan
2260,56.5,2.172098406e-05,5.477143890e-05,2.82772167937522969e-08,2.35492351818292211e-08,nan,nan
2261,56.525,2.221141836e-05,5.309596395e-05,2.82678333769529170e-08,2.35383109196191759e-08,nan,nan
2262,56.55,2.268762874e-05,5.114173937e-05,2.82569813620229372e-08,2.35254021210387678e-08,nan,nan
2263,56.575,2.316881205e-05,4.891725772e-05,2.82443345499167968e-08,2.35103509642077223e-08,nan,nan
2264,56.6,2.414970014e-05,4.643255606e-05,2.82296059013446752e-08,2.34930488476916868e-08,nan,nan
2265,56.625,2.608385253e-05,4.369916322e-05,2.82125550370518711e-08,2.34734395454212888e-08,nan,nan
2266,56.65,2.785503716e-05,4.073003819e-05,2.81929946310593826e-08,2.34515211032673089e-08,nan,nan
2267,56.675,2.945248765e-05,3.753950001e-05,2.81707955357720184e-08,2.34273464271049946e-08,nan,nan
2268,56.7,3.086652070e-05,3.414314954e-05,2.81458905090615676e-08,2.34010225442603247e-08,nan,nan
2269,56.725,3.214184173e-05,3.055778359e-05,2.81182764478197607e-08,2.33727085527182867e-08,nan,nan
2270,56.75,3.342668263e-05,2.680130187e-05,2.80880150691950194e-08,2.33426123045866270e-08,nan,nan
2271,56.775,3.472965134e-05,2.289260739e-05,2.80552320188673908e-08,2.33109859012593493e-08,nan,nan
2272,56.8,3.605443675e-05,1.885150084e-05,2.80201144243356856e-08,2.32781201067541070e-08,nan,nan
2273,56.825,3.726757168e-05,1.703612023e-05,2.79829069493373083e-08,2.32443378120980671e-08,nan,nan
2274,56.85,3.824858063e-05,1.544968520e-05,2.79439064422541346e-08,2.32099867067670072e-08,nan,nan
2275,56.875,3.899166999e-05,1.377854335e-05,2.79034553057783426e-08,2.31754313324785727e-08,nan,nan
2276,56.9,3.949252528e-05,1.203767580e-05,2.78619337463749367e-08,2.31410447096376579e-08,nan,nan
2277,56.925,3.974833609e-05,1.529033709e-05,2.78197510894218641e-08,2.31071997370675337e-08,nan,nan
2278,56.95,3.975781167e-05,1.909172031e-05,2.77773363686689321e-08,2.30742605710929119e-08,nan,nan
2279,56.975,3.952118708e-05,2.280906088e-05,2.77351284162835081e-08,2.30425741904472483e-08,nan,nan
2280,57,3.904021988e-05,2.642320661e-05,2.76935656918211014e-08,2.30124623488585326e-08,nan,nan
2281,57.025,3.831817744e-05,2.991554532e-05,2.76530760946887285e-08,2.29842141076481612e-08,nan,nan
2282,57.05,3.735981494e-05,3.326810933e-05,2.76140670049171055e-08,2.29580791264976423e-08,nan,nan
2283,57.075,3.617134412e-05,3.646367633e-05,2.75769157913318146e-08,2.29342618720547233e-08,nan,nan
2284,57.1,3.476039313e-05,3.948586579e-05,2.75419610146664022e-08,2.29129168817250819e-08,nan,nan
2285,57.125,3.313595764e-05,4.231923060e-05,2.75094945360895250e-08,2.28941451943838801e-08,nan,nan
2286,57.15,3.130834355e-05,4.494934322e-05,2.74797547194536417e-08,2.28779920314764380e-08,nan,nan
2287,57.175,2.928910168e-05,4.736287593e-05,2.74529208888689091e-08,2.28644457817553589e-08,nan,nan
2288,57.2,2.709095478e-05,4.954767469e-05,2.74291091726292639e-08,2.28534383114617937e-08,nan,nan
2289,57.225,2.472771748e-05,5.149282609e-05,2.74083698308241296e-08,2.28448465898722234e-08,nan,nan
2290,57.25,2.221420947e-05,5.321476426e-05,2.73906861279911213e-08,2.28384955885756844e-08,nan,nan
2291,57.275,1.956616266e-05,5.491481653e-05,2.73759747747894391e-08,2.28341623823900031e-08,nan,nan
2292,57.3,1.680012277e-05,5.663634745e-05,2.73640879248144780e-08,2.28315813512074755e-08,nan,nan
2293,57.325,1.393334597e-05,5.838094492e-05,2.73548166752615345e-08,2.28304503559714636e-08,nan,nan
2294,57.35,1.098369131e-05,6.003294721e-05,2.73478959840878849e-08,2.28304377390508250e-08,nan,nan
2295,57.375,8.333535635e-06,6.139262016e-05,2.73430108824986720e-08,2.28311899800473933e-08,nan,nan
2296,57.4,7.067685518e-06,6.245151898e-05,2.73398038308070372e-08,2.28323398229978359e-08,nan,nan
2297,57.425,7.096066850e-06,6.320491590e-05,2.73378830387371117e-08,2.28335146803683376e-08,nan,nan
2298,57.45,9.738507996e-06,6.364975145e-05,2.73368315486927373e-08,2.28343451134297044e-08,nan,nan
2299,57.475,1.231823682e-05,6.378464820e-05,2.73362168629410864e-08,2.28344731876639212e-08,nan,nan
2300,57.5,1.481939441e-05,6.360991465e-05,2.73356008834691239e-08,2.28335605057952092e-08,nan,nan
2301,57.525,1.722662234e-05,6.312753942e-05,2.73345499267384942e-08,2.28312957297436556e-08,nan,nan
2302,57.55,1.952515702e-05,6.234117562e-05,2.73326445748307070e-08,2.28274014160362648e-08,nan,nan
2303,57.575,2.170092014e-05,6.125611568e-05,2.73294891295322386e-08,2.28216400066381031e-08,nan,nan
2304,57.6,2.374060487e-05,5.987925663e-05,2.73247204466133696e-08,2.28138188383428126e-08,nan,nan
2305,57.625,2.563175720e-05,5.821905623e-05,2.73180159436199372e-08,2.28037940582529083e-08,nan,nan
2306,57.65,2.736285195e-05,5.628548007e-05,2.73091005955085008e-08,2.27914733598793786e-08,nan,nan
2307,57.675,2.892336292e-05,5.408994017e-05,2.72977527578795443e-08,2.27768174833239089e-08,nan,nan
2308,57.7,3.030382688e-05,5.164522517e-05,2.72838086867578590e-08,2.27598404531649448e-08,nan,nan
2309,57.725,3.154341549e-05,4.896542291e-05,2.72671656561063789e-08,2.27406085583052392e-08,nan,nan
2310,57.75,3.279009982e-05,4.606583555e-05,2.72477836087346210e-08,2.27192381084060423e-08,nan,nan
2311,57.775,3.405385545e-05,4.296288793e-05,2.72256853121254643e-08,2.26958920308877667e-08,nan,nan
2312,57.8,3.533721069e-05,3.967402975e-05,2.72009550270668605e-08,2.26707754001089558e-08,nan,nan
2313,57.825,3.650286104e-05,3.621763201e-05,2.71737357329498918e-08,2.26441300155765414e-08,nan,nan
2314,57.85,3.744126451e-05,3.261287854e-05,2.71442249882981111e-08,2.26162281682856757e-08,nan,nan
2315,57.875,3.814687757e-05,2.887965308e-05,2.71126695376854966e-08,2.25873657530077038e-08,nan,nan
2316,57.9,3.861560335e-05,2.503842283e-05,2.70793588058907989e-08,2.25578548990979406e-08,nan,nan
2317,57.925,3.884481531e-05,2.111011888e-05,2.70446174462118565e-08,2.25280163028408279e-08,nan,nan
2318,57.95,3.883337171e-05,2.072414651e-05,2.70087971317040432e-08,2.24981714502544043e-08,nan,nan
2319,57.975,3.858162100e-05,2.224979170e-05,2.69722677951962951e-08,2.24686349205170954e-08,nan,nan
2320,58,3.809139792e-05,2.367585652e-05,2.69354085358830806e-08,2.24397069567549979e-08,nan,nan
2321,58.025,3.736601041e-05,2.498991026e-05,2.68985984168217956e-08,2.24116664829412332e-08,nan,nan
2322,58.05,3.641021744e-05,2.618013070e-05,2.68622073786530980e-08,2.23847647333336625e-08,nan,nan
2323,58.075,3.523019790e-05,2.723538695e-05,2.68265874903088298e-08,2.23592196445379775e-08,nan,nan
2324,58.1,3.383351072e-05,2.818567748e-05,2.67920647475206974e-08,2.23352111403531465e-08,nan,nan
2325,58.125,3.222904653e-05,2.914627912e-05,2.67589316148671583e-08,2.23128774165477217e-08,nan,nan
2326,58.15,3.042697110e-05,3.012237314e-05,2.67274404872929687e-08,2.22923123072096308e-08,nan,nan
2327,58.175,2.843866101e-05,3.111591200e-05,2.66977982230211979e-08,2.22735637869528948e-08,nan,nan
2328,58.2,2.627663187e-05,3.206579773e-05,2.66701618721636223e-08,2.22566336347352373e-08,nan,nan
2329,58.225,2.474026236e-05,3.283767750e-05,2.66446356948257497e-08,2.22414782560521545e-08,nan,nan
2330,58.25,2.485619671e-05,3.341829823e-05,2.66212695298648420e-08,2.22280106315443894e-08,nan,nan
2331,58.275,2.490363796e-05,3.502256659e-05,2.66000585415114275e-08,2.22161033322970586e-08,nan,nan
2332,58.3,2.488251051e-05,3.692445018e-05,2.65809443366546712e-08,2.22055925160008110e-08,nan,nan
2333,58.325,2.479292742e-05,3.861004711e-05,2.65638174115730213e-08,2.21962827943268908e-08,nan,nan
2334,58.35,2.463518994e-05,4.009318708e-05,2.65485208541041148e-08,2.21879528409164672e-08,nan,nan
2335,58.375,2.440978655e-05,4.155203204e-05,2.65348551964996918e-08,2.21803615918055520e-08,nan,nan
2336,58.4,2.411739148e-05,4.302821357e-05,2.65225842862521393e-08,2.21732548763190264e-08,nan,nan
2337,58.425,2.375886266e-05,4.452424252e-05,2.65114420176915870e-08,2.21663723067953377e-08,nan,nan
2338,58.45,2.333523924e-05,4.588475000e-05,2.65011397467237304e-08,2.21594542501676730e-08,nan,nan
2339,58.475,2.284773857e-05,4.698659493e-05,2.64913741951986192e-08,2.21522487035380205e-08,nan,nan
2340,58.5,2.229775276e-05,4.782743467e-05,2.64818356404405978e-08,2.21445178994409724e-08,nan,nan
2341,58.525,2.168684463e-05,4.840645539e-05,2.64722161796771185e-08,2.21360444743932773e-08,nan,nan
2342,58.55,2.101674334e-05,4.872436419e-05,2.64622178586014572e-08,2.21266370463471054e-08,nan,nan
2343,58.575,2.135208481e-05,4.878337209e-05,2.64515604580747690e-08,2.21161350624939860e-08,nan,nan
2344,58.6,2.334863910e-05,4.858716801e-05,2.64399887428774516e-08,2.21044127980879685e-08,nan,nan
2345,58.625,2.519919640e-05,4.814088408e-05,2.64272789911838382e-08,2.20913824090813961e-08,nan,nan
2346,58.65,2.689247599e-05,4.745105230e-05,2.64132446426713840e-08,2.20769959658276354e-08,nan,nan
2347,58.675,2.841817832e-05,4.652555309e-05,2.63977409263832873e-08,2.20612464212845125e-08,nan,nan
2348,58.7,2.976704765e-05,4.537355595e-05,2.63806683560479732e-08,2.20441674943895193e-08,nan,nan
2349,58.725,3.097283480e-05,4.400545267e-05,2.63619750098396344e-08,2.20258324768893308e-08,nan,nan
2350,58.75,3.218296564e-05,4.243278349e-05,2.63416575428016008e-08,2.20063519992014283e-08,nan,nan
2351,58.775,3.340921463e-05,4.066815679e-05,2.63197609125575132e-08,2.19858708171838775e-08,nan,nan
2352,58.8,3.465283248e-05,3.872516273e-05,2.62963768316924197e-08,2.19645637063392740e-08,nan,nan
2353,58.825,3.577422470e-05,3.661828148e-05,2.62716409924748766e-08,2.19426305723679602e-08,nan,nan
2354,58.85,3.667301214e-05,3.436278659e-05,2.62457291406083016e-08,2.19202909065640608e-08,nan,nan
2355,58.875,3.734388383e-05,3.197464410e-05,2.62188521036728032e-08,2.18977777308343606e-08,nan,nan
2356,58.9,3.778294463e-05,2.947040814e-05,2.61912499061309813e-08,2.18753311897177764e-08,nan,nan
2357,58.925,3.798773764e-05,2.845607916e-05,2.61631851255764098e-08,2.18531919553902907e-08,nan,nan
2358,58.95,3.795725784e-05,3.111242227e-05,2.61349356637424898e-08,2.18315946160510093e-08,nan,nan
2359,58.975,3.769195661e-05,3.365322009e-05,2.61067871202034002e-08,2.18107612182032104e-08,nan,nan
2360,59,3.719373737e-05,3.606292550e-05,2.60790249663413619e-08,2.17908951291752402e-08,nan,nan
2361,59.025,3.646594210e-05,3.832659811e-05,2.60519267217975678e-08,2.17721753778858733e-08,nan,nan
2362,59.05,3.551332911e-05,4.042999652e-05,2.60257543351673756e-08,2.17547516195659702e-08,nan,nan
2363,59.075,3.434204197e-05,4.235966684e-05,2.60007469651669656e-08,2.17387398542174805e-08,nan,nan
2364,59.1,3.295957001e-05,4.410302681e-05,2.59771143480433349e-08,2.17242190094302397e-08,nan,nan
2365,59.125,3.137470046e-05,4.564844500e-05,2.59550309218921205e-08,2.17112284762694754e-08,nan,nan
2366,59.15,2.959746264e-05,4.703623180e-05,2.59346308591813467e-08,2.16997666628426556e-08,nan,nan
2367,59.175,2.763906460e-05,4.843056283e-05,2.59160041356434954e-08,2.16897906044612369e-08,nan,nan
2368,59.2,2.551182240e-05,4.984273477e-05,2.58991937373828492e-08,2.16812166426694339e-08,nan,nan
2369,59.225,2.322908278e-05,5.127541009e-05,2.58841940792109025e-08,2.16739221584884350e-08,nan,nan
2370,59.25,2.080513942e-05,5.258631565e-05,2.58709506765967540e-08,2.16677483186882236e-08,nan,nan
2371,59.275,1.825514349e-05,5.364673319e-05,2.58593610819677185e-08,2.16625037684106316e-08,nan,nan
2372,59.3,1.559500902e-05,5.444841008e-05,2.58492770642094196e-08,2.16579691796590311e-08,nan,nan
2373,59.325,1.611279157e-05,5.498450028e-05,2.58405079788905939e-08,2.16539025436288475e-08,nan,nan
2374,59.35,1.694465489e-05,5.524961126e-05,2.58328252467534271e-08,2.16500450761134308e-08,nan,nan
2375,59.375,1.772944958e-05,5.523984237e-05,2.58259678301109414e-08,2.16461275897409504e-08,nan,nan
2376,59.4,1.846505412e-05,5.495281454e-05,2.58196485716693513e-08,2.16418771749621793e-08,nan,nan
2377,59.425,1.914948341e-05,5.438769099e-05,2.58135612385660134e-08,2.16370240238025968e-08,nan,nan
2378,59.45,1.978089410e-05,5.354518881e-05,2.58073880966176919e-08,2.16313082266082026e-08,nan,nan
2379,59.475,2.035758957e-05,5.242758148e-05,2.58008078263455657e-08,2.16244863724405739e-08,nan,nan
2380,59.5,2.087802443e-05,5.103869209e-05,2.57935035836102233e-08,2.16163377883973145e-08,nan,nan
2381,59.525,2.134080873e-05,4.938387744e-05,2.57851710038621333e-08,2.16066702618318569e-08,nan,nan
2382,59.55,2.178092214e-05,4.747000308e-05,2.57755259501789810e-08,2.15953251020001974e-08,nan,nan
2383,59.575,2.222584205e-05,4.530540929e-05,2.57643118113849881e-08,2.15821814137586598e-08,nan,nan
2384,59.6,2.297269401e-05,4.289986841e-05,2.57513061674724311e-08,2.15671594751749070e-08,nan,nan
2385,59.625,2.478487091e-05,4.026453364e-05,2.57363266549928907e-08,2.15502231328160294e-08,nan,nan
2386,59.65,2.644242867e-05,3.741187955e-05,2.57192358846706402e-08,2.15313811525017591e-08,nan,nan
2387,59.675,2.793528192e-05,3.435563477e-05,2.56999452867211035e-08,2.15106874888617263e-08,nan,nan
2388,59.7,2.925437082e-05,3.111070722e-05,2.56784177856565964e-08,2.14882404634832077e-08,nan,nan
2389,59.725,3.042879511e-05,2.769310226e-05,2.56546692350767701e-08,2.14641808681296964e-08,nan,nan
2390,59.75,3.160327582e-05,2.411983430e-05,2.56287685733590533e-08,2.14386890357922981e-08,nan,nan
2391,59.775,3.279356595e-05,2.040883235e-05,2.56008366925356393e-08,2.14119809475645088e-08,nan,nan
2392,59.8,3.399917518e-05,1.697372172e-05,2.55710440441918350e-08,2.13843034668863725e-08,nan,nan
2393,59.825,3.507925461e-05,1.558460781e-05,2.55396070371698997e-08,2.13559288140109506e-08,nan,nan
2394,59.85,3.594115080e-05,1.410601443e-05,2.55067833114525804e-08,2.13271484120849539e-08,nan,nan
2395,59.875,3.657976935e-05,1.255153038e-05,2.54728660001046974e-08,2.12982662515554134e-08,nan,nan
2396,59.9,3.699140234e-05,1.130804546e-05,2.54381771158977309e-08,2.12695919313458093e-08,nan,nan
2397,59.925,3.717374970e-05,1.497035817e-05,2.54030602206270276e-08,2.12414335431084405e-08,nan,nan
2398,59.95,3.712593195e-05,1.856976443e-05,2.53678725526339259e-08,2.12140905686671128e-08,nan,nan
2399,59.975,3.684849400e-05,2.208775874e-05,2.53329768012445579e-08,2.11878469604303977e-08,nan,nan
2400,60,3.634340030e-05,2.550625235e-05,2.52987327254142074e-08,2.11629645700934249e-08,nan,nan
2401,60.025,3.561402113e-05,2.880767481e-05,2.52654888176208845e-08,2.11396770824726556e-08,nan,nan
2402,60.05,3.466511020e-05,3.197507254e-05,2.52335742128995634e-08,2.11181845990482065e-08,nan,nan
2403,60.075,3.350277377e-05,3.499220386e-05,2.52032910368877762e-08,2.10986490000294011e-08,nan,nan
2404,60.1,3.213443142e-05,3.784362990e-05,2.51749073760188816e-08,2.10811901949040708e-08,nan,nan
2405,60.125,3.056876874e-05,4.051480084e-05,2.51486510378257587e-08,2.10658833499446483e-08,nan,nan
2406,60.15,2.881568222e-05,4.299213705e-05,2.51247042500828943e-08,2.10527571575535829e-08,nan,nan
2407,60.175,2.688621680e-05,4.526310454e-05,2.51031994246985218e-08,2.10417931872161596e-08,nan,nan
2408,60.2,2.479249626e-05,4.731628440e-05,2.50842160864375790e-08,2.10329263318063702e-08,nan,nan
2409,60.225,2.254764715e-05,4.914143571e-05,2.50677790383443830e-08,2.10260463366975426e-08,nan,nan
2410,60.25,2.016571646e-05,5.074365350e-05,2.50538578058415146e-08,2.10210003732058930e-08,nan,nan
2411,60.275,1.766158384e-05,5.230443969e-05,2.50423673706363669e-08,2.10175965929692068e-08,nan,nan
2412,60.3,1.505086863e-05,5.388434959e-05,2.50331701745285062e-08,2.10156085765392805e-08,nan,nan
2413,60.325,1.234983252e-05,5.548399105e-05,2.50260793427345119e-08,2.10147805683062500e-08,nan,nan
2414,60.35,9.575278296e-06,5.697279835e-05,2.50208630471750588e-08,2.10148333713859827e-08,nan,nan
2415,60.375,7.642736205e-06,5.818350202e-05,2.50172499030094917e-08,2.10154707607290291e-08,nan,nan
2416,60.4,6.430390205e-06,5.911047560e-05,2.50149352672104913e-08,2.10163862608157497e-08,nan,nan
2417,60.425,6.934271481e-06,5.974963916e-05,2.50135882867370896e-08,2.10172701261644447e-08,nan,nan
2418,60.45,9.427261469e-06,6.009847924e-05,2.50128595263925874e-08,2.10178163586806585e-08,nan,nan
2419,60.475,1.185984097e-05,6.015605981e-05,2.50123889931606267e-08,2.10177295957071442e-08,nan,nan
2420,60.5,1.421705502e-05,5.992302399e-05,2.50118143650061437e-08,2.10167317064816196e-08,nan,nan
2421,60.525,1.648442713e-05,5.940158665e-05,2.50107792280076114e-08,2.10145679424690767e-08,nan,nan
2422,60.55,1.864804807e-05,5.859551795e-05,2.50089411263367841e-08,2.10110124985003193e-08,nan,nan
2423,60.575,2.069466124e-05,5.751011785e-05,2.50059792349876478e-08,2.10058733565247128e-08,nan,nan
2424,60.6,2.261174379e-05,5.615218185e-05,2.50016014751292580e-08,2.09989963016982337e-08,nan,nan
2425,60.625,2.438758328e-05,5.452995812e-05,2.49955509062553930e-08,2.09902680210273389e-08,nan,nan
2426,60.65,2.601134912e-05,5.265309632e-05,2.49876112475625083e-08,2.09796182173661150e-08,nan,nan
2427,60.675,2.747315868e-05,5.053258843e-05,2.49776114027434195e-08,2.09670206956601870e-08,nan,nan
2428,60.7,2.876413730e-05,4.818070197e-05,2.49654288870936448e-08,2.09524934033494889e-08,nan,nan
2429,60.725,2.990881608e-05,4.561090594e-05,2.49509920828721157e-08,2.09360974321710170e-08,nan,nan
2430,60.75,3.104918918e-05,4.283779010e-05,2.49342812775701065e-08,2.09179350136203112e-08,nan,nan
2431,60.775,3.220501402e-05,3.987697792e-05,2.49153284694105389e-08,2.08981465644295032e-08,nan,nan
2432,60.8,3.337427236e-05,3.674503380e-05,2.48942159542967132e-08,2.08769068610160041e-08,nan,nan
2433,60.825,3.441573291e-05,3.345936518e-05,2.48710737378208054e-08,2.08544204424030725e-08,nan,nan
2434,60.85,3.524322621e-05,3.003812002e-05,2.48460758441146776e-08,2.08309163591206311e-08,nan,nan
2435,60.875,3.585185984e-05,2.650008038e-05,2.48194356195904149e-08,2.08066424006307756e-08,nan,nan
2436,60.9,3.623809992e-05,2.286455266e-05,2.47914001533469426e-08,2.07818589455365873e-08,nan,nan
2437,60.925,3.639979155e-05,1.915125524e-05,2.47622439566374142e-08,2.07568325869532588e-08,nan,nan
2438,60.95,3.633617062e-05,1.990948163e-05,2.47322620608137894e-08,2.07318296897682128e-08,nan,nan
2439,60.975,3.604786710e-05,2.132963953e-05,2.47017627061884994e-08,2.07071100370020156e-08,nan,nan
2440,61,3.553689964e-05,2.265423222e-05,2.46710598029780873e-08,2.06829207191130273e-08,nan,nan
2441,61.025,3.480666167e-05,2.387158505e-05,2.46404653497292501e-08,2.06594904129667119e-08,nan,nan
2442,61.05,3.386189889e-05,2.497060511e-05,2.46102819942901449e-08,2.06370241865109532e-08,nan,nan
2443,61.075,3.270867860e-05,2.594085931e-05,2.45807959175129154e-08,2.06156989512425179e-08,nan,nan
2444,61.1,3.135435069e-05,2.681373838e-05,2.45522702105974680e-08,2.05956596676770576e-08,nan,nan
2445,61.125,2.980750094e-05,2.769405450e-05,2.45249389035660599e-08,2.05770163896763507e-08,nan,nan
2446,61.15,2.807789654e-05,2.858752566e-05,2.44990017851400085e-08,2.05598422121295675e-08,nan,nan
2447,61.175,2.617642456e-05,2.949568041e-05,2.44746201337235601e-08,2.05441721636688615e-08,nan,nan
2448,61.2,2.411502338e-05,3.032610006e-05,2.44519134558046300e-08,2.05300030623924404e-08,nan,nan
2449,61.225,2.367189257e-05,3.098350570e-05,2.44309573024534410e-08,2.05172943285627224e-08,nan,nan
2450,61.25,2.376716871e-05,3.145978666e-05,2.44117822073805824e-08,2.05059697245363710e-08,nan,nan
2451,61.275,2.379700479e-05,3.338863634e-05,2.43943737618871470e-08,2.04959199693524302e-08,nan,nan
2452,61.3,2.376136676e-05,3.518860050e-05,2.43786738137014607e-08,2.04870061540126841e-08,nan,nan
2453,61.325,2.366040064e-05,3.678316268e-05,2.43645827488520076e-08,2.04790638640598558e-08,nan,nan
2454,61.35,2.349443194e-05,3.817211486e-05,2.43519627890615886e-08,2.04719078990633950e-08,nan,nan
2455,61.375,2.326396463e-05,3.950807938e-05,2.43406422123178917e-08,2.04653374644728326e-08,nan,nan
2456,61.4,2.296967966e-05,4.085990239e-05,2.43304203818880816e-08,2.04591417003294680e-08,nan,nan
2457,61.425,2.261243295e-05,4.222869309e-05,2.43210734496422917e-08,2.04531054037970288e-08,nan,nan
2458,61.45,2.219325286e-05,4.346918651e-05,2.43123605836009313e-08,2.04470147985508383e-08,nan,nan
2459,61.475,2.171333729e-05,4.446617475e-05,2.43040305575027989e-08,2.04406632038337400e-08,nan,nan
2460,61.5,2.117405025e-05,4.521771924e-05,2.42958285321886694e-08,2.04338564594372417e-08,nan,nan
2461,61.525,2.057691797e-05,4.572331414e-05,2.42875028548877011e-08,2.04264179698923939e-08,nan,nan
2462,61.55,1.992362460e-05,4.598387734e-05,2.42788117031546251e-08,2.04181932415711892e-08,nan,nan
2463,61.575,2.038443790e-05,4.600173295e-05,2.42695294051980531e-08,2.04090537999270211e-08,nan,nan
2464,61.6,2.226483860e-05,4.578058543e-05,2.42594522775201287e-08,2.03989003903955142e-08,nan,nan
2465,61.625,2.400622861e-05,4.532548553e-05,2.42484038339099709e-08,2.03876653851152815e-08,nan,nan
2466,61.65,2.559798503e-05,4.464278831e-05,2.42362392365512348e-08,2.03753143381404458e-08,nan,nan
2467,61.675,2.703041728e-05,4.374010354e-05,2.42228488798886529e-08,2.03618466536824746e-08,nan,nan
2468,61.7,2.829482608e-05,4.262623874e-05,2.42081610204378388e-08,2.03472953545882460e-08,nan,nan
2469,61.725,2.941127039e-05,4.131113539e-05,2.41921433903456825e-08,2.03317259611657347e-08,nan,nan
2470,61.75,3.051901228e-05,3.980579860e-05,2.41748037585913816e-08,2.03152345130338855e-08,nan,nan
2471,61.775,3.164180991e-05,3.812222075e-05,2.41561894306033257e-08,2.02979447883397244e-08,nan,nan
2472,61.8,3.277630463e-05,3.627329962e-05,2.41363857040813827e-08,2.02800047949133771e-08,nan,nan
2473,61.825,3.378161480e-05,3.427275152e-05,2.41155133252794016e-08,2.02615826262206351e-08,nan,nan
2474,61.85,3.457698200e-05,3.213501994e-05,2.40937250152623084e-08,2.02428617908714104e-08,nan,nan
2475,61.875,3.515770241e-05,2.987518041e-05,2.40712011590758204e-08,2.02240361375611793e-08,nan,nan
2476,61.9,3.552040419e-05,2.750884201e-05,2.40481447717765457e-08,2.02053045073402096e-08,nan,nan
2477,61.925,3.566306690e-05,2.751181803e-05,2.40247758733467465e-08,2.01868652517822714e-08,nan,nan
2478,61.95,3.558503266e-05,3.002071018e-05,2.40013254192193683e-08,2.01689107588002428e-08,nan,nan
2479,61.975,3.528700878e-05,3.241813320e-05,2.39780289441054446e-08,2.01516221274608323e-08,nan,nan
2480,62,3.477106197e-05,3.468939620e-05,2.39551200837853098e-08,2.01351641292022209e-08,nan,nan
2481,62.025,3.404060422e-05,3.682039086e-05,2.39328241423324023e-08,2.01196805854626233e-08,nan,nan
2482,62.05,3.310037029e-05,3.879767873e-05,2.39113518708241151e-08,2.01052902810779774e-08,nan,nan
2483,62.075,3.195638712e-05,4.060857471e-05,2.38908936180044574e-08,2.00920835191741796e-08,nan,nan
2484,62.1,3.061593519e-05,4.224122659e-05,2.38716140037469657e-08,2.00801194070105047e-08,nan,nan
2485,62.125,2.908750229e-05,4.368468971e-05,2.38536472527724652e-08,2.00694239437341478e-08,nan,nan
2486,62.15,2.738072980e-05,4.496986296e-05,2.38370933092475900e-08,2.00599889607481810e-08,nan,nan
2487,62.175,2.550635189e-05,4.625469434e-05,2.38220148330546911e-08,2.00517719438824161e-08,nan,nan
2488,62.2,2.347612806e-05,4.755466558e-05,2.38084351561798327e-08,2.00446967443289459e-08,nan,nan
2489,62.225,2.130276943e-05,4.886763634e-05,2.37963372533794655e-08,2.00386551629136659e-08,nan,nan
2490,62.25,1.899985912e-05,5.003577505e-05,2.37856637556635269e-08,2.00335093702810897e-08,nan,nan
2491,62.275,1.658176749e-05,5.096587844e-05,2.37763180088164345e-08,2.00290951045165508e-08,nan,nan
2492,62.3,1.473345229e-05,5.165050750e-05,2.37681661528242831e-08,2.00252255681407464e-08,nan,nan
2493,62.325,1.557293578e-05,5.208355555e-05,2.37610401723429843e-08,2.00216959287716772e-08,nan,nan
2494,62.35,1.636916328e-05,5.226029064e-05,2.37547418438685878e-08,2.00182883124944559e-08,nan,nan
2495,62.375,1.711997752e-05,5.217738988e-05,2.37490474826637899e-08,2.00147771664867901e-08,nan,nan
2496,62.4,1.782334715e-05,5.183296553e-05,2.37437133723164705e-08,2.00109348580231552e-08,nan,nan
2497,62.425,1.847737225e-05,5.122658264e-05,2.37384817425513058e-08,2.00065373708543472e-08,nan,nan
2498,62.45,1.908028943e-05,5.035926820e-05,2.37330871470150943e-08,2.00013699572812106e-08,nan,nan
2499,62.475,1.963047663e-05,4.923351161e-05,2.37272630825459142e-08,1.99952326050741172e-08,nan,nan
2500,62.5,2.012645742e-05,4.785325652e-05,2.37207486851704569e-08,1.99879451827116232e-08,nan,nan
2501,62.525,2.056690502e-05,4.622388415e-05,2.37132953359003286e-08,1.99793521341116789e-08,nan,nan
2502,62.55,2.097527926e-05,4.435218798e-05,2.37046730113685928e-08,1.99693266049144950e-08,nan,nan
2503,62.575,2.138817289e-05,4.224634016e-05,2.36946762204091670e-08,1.99577738961753301e-08,nan,nan
2504,62.6,2.193109825e-05,3.991584970e-05,2.36831293776796256e-08,1.99446341576974244e-08,nan,nan
2505,62.625,2.363978651e-05,3.737151268e-05,2.36698914791122069e-08,1.99298842517731418e-08,nan,nan
2506,62.65,2.520118273e-05,3.462535487e-05,2.36548599610057372e-08,1.99135387383494389e-08,nan,nan
2507,62.675,2.660577859e-05,3.169056697e-05,2.36379736445210124e-08,1.98956499540894337e-08,nan,nan
2508,62.7,2.784504105e-05,2.858143294e-05,2.36192146897159002e-08,1.98763071799386507e-08,nan,nan
2509,62.725,2.893466389e-05,2.531325174e-05,2.35986095075037504e-08,1.98556349140754545e-08,nan,nan
2510,62.75,3.001152705e-05,2.190225307e-05,2.35762286034360840e-08,1.98337902889860985e-08,nan,nan
2511,62.775,3.110233829e-05,1.836550750e-05,2.35521853533721838e-08,1.98109596923184368e-08,nan,nan
2512,62.8,3.220358732e-05,1.569165796e-05,2.35266337372561687e-08,1.97873546706234541e-08,nan,nan
2513,62.825,3.317501323e-05,1.438805019e-05,2.34997650827355543e-08,1.97632072126141234e-08,nan,nan
2514,62.85,3.394034143e-05,1.300293879e-05,2.34718038945960642e-08,1.97387645237294477e-08,nan,nan
2515,62.875,3.449504447e-05,1.154912146e-05,2.34430028683625281e-08,1.97142834162195507e-08,nan,nan
2516,62.9,3.483590149e-05,1.115292549e-05,2.34136372063766730e-08,1.96900244483651950e-08,nan,nan
2517,62.925,3.496101684e-05,1.463883953e-05,2.33839983717244345e-08,1.96662459525865677e-08,nan,nan
2518,62.95,3.486983047e-05,1.806342798e-05,2.33543874291311468e-08,1.96431980949354953e-08,nan,nan
2519,62.975,3.456312005e-05,2.140911659e-05,2.33251081320424145e-08,1.96211171077393004e-08,nan,nan
2520,63,3.404299483e-05,2.465873322e-05,2.32964599213165651e-08,1.96002198329959177e-08,nan,nan
2521,63.025,3.331288128e-05,2.779560421e-05,2.32687310031280977e-08,1.95806987066158997e-08,nan,nan
2522,63.05,3.237750062e-05,3.080364779e-05,2.32421916717703048e-08,1.95627173029566731e-08,nan,nan
2523,63.075,3.124283830e-05,3.366746417e-05,2.32170880371044407e-08,1.95464065455624588e-08,nan,nan
2524,63.1,2.991610581e-05,3.637242166e-05,2.31936363065838322e-08,1.95318616739457262e-08,nan,nan
2525,63.125,2.840569484e-05,3.890473835e-05,2.31720177583300848e-08,1.95191400380154732e-08,nan,nan
2526,63.15,2.672112426e-05,4.125155891e-05,2.31523745249913760e-08,1.95082597718259059e-08,nan,nan
2527,63.175,2.487298016e-05,4.340102600e-05,2.31348062884834269e-08,1.94991993771711209e-08,nan,nan
2528,63.2,2.287284936e-05,4.534234590e-05,2.31193679636883973e-08,1.94918982257081885e-08,nan,nan
2529,63.225,2.073324682e-05,4.706584797e-05,2.31060684253060230e-08,1.94862579662836181e-08,nan,nan
2530,63.25,1.846753731e-05,4.856795590e-05,2.30948703069036289e-08,1.94821448025025408e-08,nan,nan
2531,63.275,1.608985205e-05,5.000694650e-05,2.30856908754105093e-08,1.94793925848403483e-08,nan,nan
2532,63.3,1.361500052e-05,5.146083977e-05,2.30784039584799931e-08,1.94778066422549519e-08,nan,nan
2533,63.325,1.105837831e-05,5.293346765e-05,2.30728428769277345e-08,1.94771682607798255e-08,nan,nan
2534,63.35,8.435871372e-06,5.428613123e-05,2.30688043104598727e-08,1.94772397013859857e-08,nan,nan
2535,63.375,7.060718385e-06,5.537489664e-05,2.30660530027114549e-08,1.94777696368539073e-08,nan,nan
2536,63.4,5.895766687e-06,5.619474481e-05,2.30643271917591824e-08,1.94784988777956394e-08,nan,nan
2537,63.425,6.762277462e-06,5.674211810e-05,2.30633446352294570e-08,1.94791662515304888e-08,nan,nan
2538,63.45,9.126432831e-06,5.701493757e-05,2.30628090853009937e-08,1.94795144943974582e-08,nan,nan
2539,63.475,1.143233781e-05,5.701261163e-05,2.30624170586246149e-08,1.94792960183438918e-08,nan,nan
2540,63.5,1.366581552e-05,5.673603614e-05,2.30618647396943163e-08,1.94782784162475281e-08,nan,nan
2541,63.525,1.581314753e-05,5.618758587e-05,2.30608548536443739e-08,1.94762495773086577e-08,nan,nan
2542,63.55,1.786115813e-05,5.537109742e-05,2.30591033458694643e-08,1.94730222938084147e-08,nan,nan
2543,63.575,1.979729507e-05,5.429184371e-05,2.30563457112182805e-08,1.94684382533175941e-08,nan,nan
2544,63.6,2.160970658e-05,5.295650027e-05,2.30523428246510976e-08,1.94623713257332217e-08,nan,nan
2545,63.625,2.328731377e-05,5.137310341e-05,2.30468861379430919e-08,1.94547300719380296e-08,nan,nan
2546,63.65,2.481987840e-05,4.955100067e-05,2.30398021229327467e-08,1.94454594199862128e-08,nan,nan
2547,63.675,2.619806532e-05,4.750079376e-05,2.30309558605600619e-08,1.94345414750468058e-08,nan,nan
2548,63.7,2.741349928e-05,4.523427447e-05,2.30202536960422850e-08,1.94219954503810618e-08,nan,nan
2549,63.725,2.847762319e-05,4.276435371e-05,2.30076449034723397e-08,1.94078767278783949e-08,nan,nan
2550,63.75,2.952522478e-05,4.010498445e-05,2.29931223273290718e-08,1.93922750776059304e-08,nan,nan
2551,63.775,3.058510596e-05,3.727107871e-05,2.29767219932627349e-08,1.93753120859333917e-08,nan,nan
2552,63.8,3.165455942e-05,3.427841929e-05,2.29585217054533391e-08,1.93571378605877110e-08,nan,nan
2553,63.825,3.259418517e-05,3.114356680e-05,2.29386386722242181e-08,1.93379270980196394e-08,nan,nan
2554,63.85,3.333139113e-05,2.788376234e-05,2.29172262248350278e-08,1.93178746133173277e-08,nan,nan
2555,63.875,3.386181495e-05,2.451682673e-05,2.28944697159134650e-08,1.92971904452283947e-08,nan,nan
2556,63.9,3.418237671e-05,2.106105661e-05,2.28705817032945420e-08,1.92760946583623506e-08,nan,nan
2557,63.925,3.429129663e-05,1.775857618e-05,2.28457965416587855e-08,1.92548119711203048e-08,nan,nan
2558,63.95,3.418810486e-05,1.916939825e-05,2.28203645178993288e-08,1.92335663411959613e-08,nan,nan
2559,63.975,3.387364309e-05,2.049981901e-05,2.27945456762885128e-08,1.92125756405428930e-08,nan,nan
2560,64,3.335005809e-05,2.173833124e-05,2.27686034860221577e-08,1.91920465485243411e-08,nan,nan
2561,64.025,3.262078719e-05,2.287390824e-05,2.27427985064533794e-08,1.91721697856463144e-08,nan,nan
2562,64.05,3.169053576e-05,2.389608099e-05,2.27173822042391851e-08,1.91531158009941255e-08,nan,nan
2563,64.075,3.056524694e-05,2.479501208e-05,2.26925910717566894e-08,1.91350310144896357e-08,nan,nan
2564,64.1,2.925206368e-05,2.560057916e-05,2.26686411876400232e-08,1.91180347006706208e-08,nan,nan
2565,64.125,2.775928346e-05,2.641092536e-05,2.26457233483731476e-08,1.91022165842299083e-08,nan,nan
2566,64.15,2.609630588e-05,2.723175271e-05,2.26239988848536704e-08,1.90876351994571294e-08,nan,nan
2567,64.175,2.427357353e-05,2.806119342e-05,2.26035962601100161e-08,1.90743170464531143e-08,nan,nan
2568,64.2,2.258587532e-05,2.878998848e-05,2.25846085243534407e-08,1.90622565570193195e-08,nan,nan
2569,64.225,2.272677998e-05,2.935399539e-05,2.25670916817870320e-08,1.90514168629566140e-08,nan,nan
2570,64.25,2.280510823e-05,3.004241932e-05,2.25510640006188685e-08,1.90417313396407661e-08,nan,nan
2571,64.275,2.282068707e-05,3.194452269e-05,2.25365062741110716e-08,1.90331058786635029e-08,nan,nan
2572,64.3,2.277351606e-05,3.365734970e-05,2.25233630168275097e-08,1.90254218255073736e-08,nan,nan
2573,64.325,2.266376723e-05,3.517430468e-05,2.25115445571052527e-08,1.90185395020936473e-08,nan,nan
2574,64.35,2.249178447e-05,3.648996719e-05,2.25009299647404486e-08,1.90123022199995882e-08,nan,nan
2575,64.375,2.225808249e-05,3.771665141e-05,2.24913707324876245e-08,1.90065406785189734e-08,nan,nan
2576,64.4,2.196334527e-05,3.895731824e-05,2.24826951117198330e-08,1.90010776328197382e-08,nan,nan
2577,64.425,2.160842405e-05,4.021514196e-05,2.24747129869304129e-08,1.89957327114396094e-08,nan,nan
2578,64.45,2.119433493e-05,4.135663679e-05,2.24672211610488719e-08,1.89903272593943953e-08,nan,nan
2579,64.475,2.072225591e-05,4.226775466e-05,2.24600089140996957e-08,1.89846890833119614e-08,nan,nan
2580,64.5,2.019352357e-05,4.294687698e-05,2.24528636917696130e-08,1.89786569782334012e-08,nan,nan
2581,64.525,1.960962930e-05,4.339373522e-05,2.24455767781019868e-08,1.89720849219452754e-08,nan,nan
2582,64.55,1.897221507e-05,4.360940113e-05,2.24379488078470876e-08,1.89648458317594658e-08,nan,nan
2583,64.575,1.951905546e-05,4.359626903e-05,2.24297949789169005e-08,1.89568347902995860e-08,nan,nan
2584,64.6,2.129990641e-05,4.335803010e-05,2.24209498337838296e-08,1.89479716607882355e-08,nan,nan
2585,64.625,2.294793795e-05,4.289963916e-05,2.24112714903019692e-08,1.89382030281986689e-08,nan,nan
2586,64.65,2.445309028e-05,4.222727388e-05,2.24006452170132648e-08,1.89275034200369081e-08,nan,nan
2587,64.675,2.580619295e-05,4.134828694e-05,2.23889862651537760e-08,1.89158757790136856e-08,nan,nan
2588,64.7,2.699902066e-05,4.027115132e-05,2.23762418888592476e-08,1.89033511789873526e-08,nan,nan
2589,64.725,2.803911174e-05,3.900539916e-05,2.23623925059954379e-08,1.88899877948275124e-08,nan,nan
2590,64.75,2.905854802e-05,3.756155458e-05,2.23474519740776684e-08,1.88758691557847224e-08,nan,nan
2591,64.775,3.008873147e-05,3.595106084e-05,2.23314669783417810e-08,1.88611017300817864e-08,nan,nan
2592,64.8,3.112777354e-05,3.418620240e-05,2.23145155516192906e-08,1.88458119053159491e-08,nan,nan
2593,64.825,3.203751922e-05,3.228002240e-05,2.22967047676860136e-08,1.88301424444606498e-08,nan,nan
2594,64.85,3.274836644e-05,3.024623592e-05,2.22781676706509353e-08,1.88142485104056215e-08,nan,nan
2595,64.875,3.325610767e-05,2.809913981e-05,2.22590595222070517e-08,1.87982933627520982e-08,nan,nan
2596,64.9,3.355779459e-05,2.585351947e-05,2.22395534657059066e-08,1.87824438387227215e-08,nan,nan
2597,64.925,3.365175516e-05,2.663934819e-05,2.22198357206166284e-08,1.87668657353563898e-08,nan,nan
2598,64.95,3.353760275e-05,2.902074995e-05,2.22001004326324530e-08,1.87517192125106349e-08,nan,nan
2599,64.975,3.321623731e-05,3.129444652e-05,2.21805443132058695e-08,1.87371543355337622e-08,nan,nan
2600,65,3.268983861e-05,3.344648746e-05,2.21613612074249569e-08,1.87233068728212424e-08,nan,nan
2601,65.025,3.196185155e-05,3.546348297e-05,2.21427367307647120e-08,1.87102944569306011e-08,nan,nan
2602,65.05,3.103696368e-05,3.733268671e-05,2.21248431133289461e-08,1.86982132086660552e-08,nan,nan
2603,65.075,2.992107512e-05,3.904207515e-05,2.21078343847930871e-08,1.86871349117950749e-08,nan,nan
2604,65.1,2.862126086e-05,4.058042295e-05,2.20918420245101022e-08,1.86771048121190656e-08,nan,nan
2605,65.125,2.714572606e-05,4.193737388e-05,2.20769711893754346e-08,1.86681400988415588e-08,nan,nan
2606,65.15,2.550375416e-05,4.313416487e-05,2.20632976173629406e-08,1.86602291089543243e-08,nan,nan
2607,65.175,2.370564862e-05,4.432134781e-05,2.20508652875162515e-08,1.86533312771273275e-08,nan,nan
2608,65.2,2.176266821e-05,4.552141393e-05,2.20396848980379851e-08,1.86473778347967482e-08,nan,nan
2609,65.225,1.968695658e-05,4.672780425e-05,2.20297332034449628e-08,1.86422732432657913e-08,nan,nan
2610,65.25,1.749146639e-05,4.777771403e-05,2.20209532300686414e-08,1.86378973271354217e-08,nan,nan
2611,65.275,1.518987850e-05,4.860060266e-05,2.20132553670174688e-08,1.86341080567249011e-08,nan,nan
2612,65.3,1.427583570e-05,4.918970651e-05,2.20065193076371737e-08,1.86307449117648373e-08,nan,nan
2613,65.325,1.508255771e-05,4.953952903e-05,2.20005967950526891e-08,1.86276327439524703e-08,nan,nan
2614,65.35,1.584743419e-05,4.964587944e-05,2.19953151050881722e-08,1.86245860433151408e-08,nan,nan
2615,65.375,1.656839147e-05,4.950590363e-05,2.19904811812407629e-08,1.86214135030449010e-08,nan,nan
2616,65.4,1.724347757e-05,4.911810740e-05,2.19858863198917260e-08,1.86179227697980049e-08,nan,nan
2617,65.425,1.787086742e-05,4.848237159e-05,2.19813112899837743e-08,1.86139252615872492e-08,nan,nan
2618,65.45,1.844886787e-05,4.759995922e-05,2.19765317603190162e-08,1.86092409334497253e-08,nan,nan
2619,65.475,1.897592217e-05,4.647351446e-05,2.19713238997120429e-08,1.86037028720957952e-08,nan,nan
2620,65.5,1.945061424e-05,4.510705344e-05,2.19654700106601572e-08,1.85971616047094565e-08,nan,nan
2621,65.525,1.987167242e-05,4.350594695e-05,2.19587640560797411e-08,1.85894890138765030e-08,nan,nan
2622,65.55,2.025364494e-05,4.167689517e-05,2.19510169410278635e-08,1.85805817600955054e-08,nan,nan
2623,65.575,2.063825326e-05,3.962789447e-05,2.19420614171228623e-08,1.85703641252429504e-08,nan,nan
2624,65.6,2.102789909e-05,3.736819653e-05,2.19317564864484697e-08,1.85587902044222765e-08,nan,nan
2625,65.625,2.262085156e-05,3.490826003e-05,2.19199911938494862e-08,1.85458453894796984e-08,nan,nan
2626,65.65,2.409991163e-05,3.225969509e-05,2.19066877113995880e-08,1.85315471047281806e-08,nan,nan
2627,65.675,2.542916154e-05,2.943520094e-05,2.18918036360761477e-08,1.85159447736575276e-08,nan,nan
2628,65.7,2.660051867e-05,2.644849703e-05,2.18753334408856346e-08,1.84991190141758382e-08,nan,nan
2629,65.725,2.761866504e-05,2.331424807e-05,2.18573090403701537e-08,1.84811800787644982e-08,nan,nan
2630,65.75,2.861026296e-05,2.004798336e-05,2.18377994530834082e-08,1.84622655743713097e-08,nan,nan
2631,65.775,2.961193590e-05,1.666601105e-05,2.18169095657156569e-08,1.84425375144640255e-08,nan,nan
2632,65.8,3.062188684e-05,1.461701439e-05,2.17947780255312866e-08,1.84221787719882782e-08,nan,nan
2633,65.825,3.150352453e-05,1.338850026e-05,2.17715743091172240e-08,1.84013890166204958e-08,nan,nan
2634,65.85,3.218963848e-05,1.208510288e-05,2.17474950356034633e-08,1.83803802323222365e-08,nan,nan
2635,65.875,3.267616639e-05,1.071892894e-05,2.17227596110131967e-08,1.83593719214785555e-08,nan,nan
2636,65.9,3.296028305e-05,1.097180993e-05,2.16976053067781479e-08,1.83385861095916870e-08,nan,nan
2637,65.925,3.304041666e-05,1.430322321e-05,2.16722818893150526e-08,1.83182422694157696e-08,nan,nan
2638,65.95,3.291625742e-05,1.757489275e-05,2.16470459285635342e-08,1.82985522854431417e-08,nan,nan
2639,65.975,3.258875829e-05,2.077005679e-05,2.16221549212695413e-08,1.82797155787406220e-08,nan,nan
2640,66,3.206012789e-05,2.387234200e-05,2.15978613693702908e-08,1.82619145083124927e-08,nan,nan
2641,66.025,3.133381579e-05,2.686585526e-05,2.15744069549898926e-08,1.82453101585309297e-08,nan,nan
2642,66.05,3.041448999e-05,2.973527264e-05,2.15520169512653527e-08,1.82300386128901251e-08,nan,nan
2643,66.075,2.930800701e-05,3.246592516e-05,2.15308950025501042e-08,1.82162078026372561e-08,nan,nan
2644,66.1,2.802137458e-05,3.504388078e-05,2.15112183986311650e-08,1.82038950050006857e-08,nan,nan
2645,66.125,2.656270733e-05,3.745602214e-05,2.14931339556681044e-08,1.81931450501135060e-08,nan,nan
2646,66.15,2.494117560e-05,3.969011956e-05,2.14767546019124802e-08,1.81839692787023998e-08,nan,nan
2647,66.175,2.316694786e-05,4.173489900e-05,2.14621567492584889e-08,1.81763452745939707e-08,nan,nan
2648,66.2,2.125112693e-05,4.358010441e-05,2.14493785127271322e-08,1.81702173775228919e-08,nan,nan
2649,66.225,1.920568056e-05,4.521655421e-05,2.14384188195622202e-08,1.81654979630599245e-08,nan,nan
2650,66.25,1.704336668e-05,4.663619161e-05,2.14292374282186073e-08,1.81620694581691006e-08,nan,nan
2651,66.275,1.477765384e-05,4.796573144e-05,2.14217558556739104e-08,1.81597870433935410e-08,nan,nan
2652,66.3,1.242263738e-05,4.930852725e-05,2.14158591897265188e-08,1.81584819763849606e-08,nan,nan
2653,66.325,9.992951745e-06,5.066831042e-05,2.14113987417870159e-08,1.81579654568225056e-08,nan,nan
2654,66.35,7.671079729e-06,5.190755453e-05,2.14081954756378997e-08,1.81580329400649513e-08,nan,nan
2655,66.375,6.565814770e-06,5.289539467e-05,2.14060441292147246e-08,1.81584687964499063e-08,nan,nan
2656,66.4,5.443207127e-06,5.362731177e-05,2.14047179300932441e-08,1.81590512052407951e-08,nan,nan
2657,66.425,6.585229243e-06,5.410017390e-05,2.14039737914449234e-08,1.81595571670125960e-08,nan,nan
2658,66.45,8.837104223e-06,5.431225131e-05,2.14035578640791598e-08,1.81597675158783230e-08,nan,nan
2659,66.475,1.103275951e-05,5.426322331e-05,2.14032113120876360e-08,1.81594718134391295e-08,nan,nan
2660,66.5,1.315869535e-05,5.395417709e-05,2.14026761747328905e-08,1.81584730096699446e-08,nan,nan
2661,66.525,1.520185229e-05,5.338759828e-05,2.14017011756865738e-08,1.81565917620405003e-08,nan,nan
2662,66.55,1.714969133e-05,5.256735359e-05,2.14000473425512327e-08,1.81536703128596252e-08,nan,nan
2663,66.575,1.899027085e-05,5.149866538e-05,2.13974933047362638e-08,1.81495758359000298e-08,nan,nan
2664,66.6,2.071231984e-05,5.018807856e-05,2.13938401460665914e-08,1.81442031765315845e-08,nan,nan
2665,66.625,2.230530686e-05,4.864341981e-05,2.13889156997705154e-08,1.81374769245364405e-08,nan,nan
2666,66.65,2.375950444e-05,4.687374959e-05,2.13825781874328185e-08,1.81293527751270559e-08,nan,nan
2667,66.675,2.506604845e-05,4.488930706e-05,2.13747191197639812e-08,1.81198181510371094e-08,nan,nan
2668,66.7,2.621699209e-05,4.270144836e-05,2.13652653952185900e-08,1.81088920764777997e-08,nan,nan
2669,66.725,2.721425598e-05,4.032257859e-05,2.13541805521466306e-08,1.80966243118098272e-08,nan,nan
2670,66.75,2.817923035e-05,3.776607790e-05,2.13414651507947593e-08,1.80830937755322728e-08,nan,nan
2671,66.775,2.915353441e-05,3.504622217e-05,2.13271562825824630e-08,1.80684062972032284e-08,nan,nan
2672,66.8,3.013565275e-05,3.217809875e-05,2.13113262251456019e-08,1.80526917607709402e-08,nan,nan
2673,66.825,3.099082079e-05,2.917751771e-05,2.12940802821496039e-08,1.80361007121273090e-08,nan,nan
2674,66.85,3.165370234e-05,2.606091932e-05,2.12755538663313600e-08,1.80188005171553405e-08,nan,nan
2675,66.875,3.212037152e-05,2.284527805e-05,2.12559089021587736e-08,1.80009711668310609e-08,nan,nan
2676,66.9,3.238811837e-05,1.954800389e-05,2.12353296404704505e-08,1.79828008338173262e-08,nan,nan
2677,66.925,3.245546446e-05,1.716264949e-05,2.12140179910918501e-08,1.79644812902688727e-08,nan,nan
2678,66.95,3.232217094e-05,1.849352183e-05,2.11921884903961627e-08,1.79462032991398688e-08,nan,nan
2679,66.975,3.198923894e-05,1.974676273e-05,2.11700630288304444e-08,1.79281520910970226e-08,nan,nan
2680,67,3.145890224e-05,2.091144449e-05,2.11478654683787119e-08,1.79105030362109309e-08,nan,nan
2681,67.025,3.073461242e-05,2.197710185e-05,2.11258162816738989e-08,1.78934176140112427e-08,nan,nan
2682,67.05,2.982101640e-05,2.293380542e-05,2.11041273429749552e-08,1.78770397773939062e-08,nan,nan
2683,67.075,2.872392669e-05,2.377223195e-05,2.10829969965448004e-08,1.78614927954754496e-08,nan,nan
2684,67.1,2.745028447e-05,2.451872413e-05,2.10626055202296942e-08,1.78468766480643002e-08,nan,nan
2685,67.125,2.600811565e-05,2.526648482e-05,2.10431110914563617e-08,1.78332660302816135e-08,nan,nan
2686,67.15,2.440648036e-05,2.602229290e-05,2.10246463497037174e-08,1.78207090103698086e-08,nan,nan
2687,67.175,2.265541607e-05,2.678039364e-05,2.10073156341078418e-08,1.78092263672626963e-08,nan,nan
2688,67.2,2.175909931e-05,2.742485575e-05,2.09911929576128181e-08,1.77988116174683826e-08,nan,nan
2689,67.225,2.188364800e-05,2.791188239e-05,2.09763207604202399e-08,1.77894317236549948e-08,nan,nan
2690,67.25,2.194797852e-05,2.883718241e-05,2.09627094658831595e-08,1.77810284604579772e-08,nan,nan
2691,67.275,2.195195179e-05,3.065588868e-05,2.09503378419269703e-08,1.77735203968604064e-08,nan,nan
2692,67.3,2.189559466e-05,3.229343139e-05,2.09391541510560235e-08,1.77668054394337946e-08,nan,nan
2693,67.325,2.177909970e-05,3.374353143e-05,2.09290780525173828e-08,1.77607638671308619e-08,nan,nan
2694,67.35,2.160282460e-05,3.500103281e-05,2.09200032017215042e-08,1.77552617765247399e-08,nan,nan
2695,67.375,2.136729104e-05,3.613347986e-05,2.09118004750162932e-08,1.77501548466736328e-08,nan,nan
2696,67.4,2.107318321e-05,3.727600416e-05,2.09043217327912276e-08,1.77452923253893725e-08,nan,nan
2697,67.425,2.072134577e-05,3.843340816e-05,2.08974040210183201e-08,1.77405211337778188e-08,nan,nan
2698,67.45,2.031278146e-05,3.949230835e-05,2.08908741010256935e-08,1.77356899836075380e-08,nan,nan
2699,67.475,1.984864825e-05,4.033231337e-05,2.08845531897926884e-08,1.77306534023996812e-08,nan,nan
2700,67.5,1.933025606e-05,4.095206025e-05,2.08782617885268304e-08,1.77252755640936712e-08,nan,nan
2701,67.525,1.875906304e-05,4.135146427e-05,2.08718244758321534e-08,1.77194338286466649e-08,nan,nan
2702,67.55,1.813667150e-05,4.153170864e-05,2.08650745434290377e-08,1.77130219018241747e-08,nan,nan
2703,67.575,1.873865819e-05,4.149522663e-05,2.08578583570835621e-08,1.77059525365278686e-08,nan,nan
2704,67.6,2.043327503e-05,4.124567630e-05,2.08500393330198183e-08,1.76981597090263143e-08,nan,nan
2705,67.625,2.200061109e-05,4.078790797e-05,2.08415014304212467e-08,1.76896002170965129e-08,nan,nan
2706,67.65,2.343109383e-05,4.012792471e-05,2.08321520734068594e-08,1.76802546620027607e-08,nan,nan
2707,67.675,2.471600176e-05,3.927283610e-05,2.08219244307699659e-08,1.76701277920581692e-08,nan,nan
2708,67.7,2.584751763e-05,3.823080554e-05,2.08107789984076402e-08,1.76592482018352549e-08,nan,nan
2709,67.725,2.682489381e-05,3.701099160e-05,2.07987044473304424e-08,1.76476673975078935e-08,nan,nan
2710,67.75,2.776439744e-05,3.562348358e-05,2.07857177189673897e-08,1.76354582549054657e-08,nan,nan
2711,67.775,2.871242866e-05,3.407923192e-05,2.07718633687006918e-08,1.76227129122414140e-08,nan,nan
2712,67.8,2.966791353e-05,3.238997371e-05,2.07572121776941715e-08,1.76095401537576979e-08,nan,nan
2713,67.825,3.049812917e-05,3.056815399e-05,2.07418590716423571e-08,1.75960623533529039e-08,nan,nan
2714,67.85,3.113916657e-05,2.862684317e-05,2.07259204026003556e-08,1.75824120583167929e-08,nan,nan
2715,67.875,3.158722816e-05,2.657965115e-05,2.07095306661237138e-08,1.75687283023069284e-08,nan,nan
2716,67.9,3.183971193e-05,2.444063877e-05,2.06928387401523514e-08,1.75551527434532515e-08,nan,nan
2717,67.925,3.189522645e-05,2.583000796e-05,2.06760037440656869e-08,1.75418257277984450e-08,nan,nan
2718,67.95,3.175359847e-05,2.810006069e-05,2.06591906258201726e-08,1.75288823800740958e-08,nan,nan
2719,67.975,3.141587285e-05,3.026589976e-05,2.06425655918261474e-08,1.75164488230345120e-08,nan,nan
2720,68,3.088430515e-05,3.231422174e-05,2.06262914980644246e-08,1.75046386232466811e-08,nan,nan
2721,68.025,3.016234655e-05,3.423226370e-05,2.06105233217955940e-08,1.74935495554534881e-08,nan,nan
2722,68.05,2.925462156e-05,3.600788215e-05,2.05954038310591660e-08,1.74832607695358501e-08,nan,nan
2723,68.075,2.816689840e-05,3.762962873e-05,2.05810595640579270e-08,1.74738304339020275e-08,nan,nan
2724,68.1,2.690605241e-05,3.908682204e-05,2.05675972226053671e-08,1.74652939170876892e-08,nan,nan
2725,68.125,2.548002257e-05,4.036961524e-05,2.05551005732840945e-08,1.74576625557605361e-08,nan,nan
2726,68.15,2.389776159e-05,4.148967862e-05,2.05436279370889563e-08,1.74509230425294487e-08,nan,nan
2727,68.175,2.216917970e-05,4.259006204e-05,2.05332103334328389e-08,1.74450374513311764e-08,nan,nan
2728,68.2,2.030508259e-05,4.370103927e-05,2.05238503278528877e-08,1.74399439020949106e-08,nan,nan
2729,68.225,1.831710394e-05,4.481298811e-05,2.05155216149824408e-08,1.74355578502694229e-08,nan,nan
2730,68.25,1.621763275e-05,4.576401100e-05,2.05081693497961009e-08,1.74317739710377342e-08,nan,nan
2731,68.275,1.401973625e-05,4.649782817e-05,2.05017112212545658e-08,1.74284685930347813e-08,nan,nan
2732,68.3,1.385640915e-05,4.700824249e-05,2.04960392437426835e-08,1.74255026224949222e-08,nan,nan
2733,68.325,1.463403618e-05,4.729026617e-05,2.04910222235759165e-08,1.74227248863347743e-08,nan,nan
2734,68.35,1.537110220e-05,4.734015616e-05,2.04865088407971358e-08,1.74199758120275158e-08,nan,nan
2735,68.375,1.606560780e-05,4.715544238e-05,2.04823312709203059e-08,1.74170913535130641e-08,nan,nan
2736,68.4,1.671567140e-05,4.673494846e-05,2.04783092575875060e-08,1.74139070660251228e-08,nan,nan
2737,68.425,1.731953428e-05,4.607880490e-05,2.04742545356281929e-08,1.74102622287600435e-08,nan,nan
2738,68.45,1.787556541e-05,4.518845461e-05,2.04699754950301511e-08,1.74060039128603359e-08,nan,nan
2739,68.475,1.838226579e-05,4.406665063e-05,2.04652819700700367e-08,1.74009908932721465e-08,nan,nan
2740,68.5,1.883827252e-05,4.271744621e-05,2.04599900344632190e-08,1.73950973066339960e-08,nan,nan
2741,68.525,1.924236245e-05,4.114617719e-05,2.04539266829596299e-08,1.73882159633733781e-08,nan,nan
2742,68.55,1.960230686e-05,3.935943680e-05,2.04469342823444799e-08,1.73802612304799194e-08,nan,nan
2743,68.575,1.996134061e-05,3.736504294e-05,2.04388746802356244e-08,1.73711714117841396e-08,nan,nan
2744,68.6,2.032580806e-05,3.517199834e-05,2.04296328682690262e-08,1.73609105647440737e-08,nan,nan
2745,68.625,2.170612221e-05,3.279044352e-05,2.04191201070245891e-08,1.73494697064264534e-08,nan,nan
2746,68.65,2.311396282e-05,3.023160309e-05,2.04072764331019789e-08,1.73368673762295844e-08,nan,nan
2747,68.675,2.437823437e-05,2.750772557e-05,2.03940724837862662e-08,1.73231495385633938e-08,nan,nan
2748,68.7,2.549124317e-05,2.463201705e-05,2.03795105913737841e-08,1.73083888247957348e-08,nan,nan
2749,68.725,2.645002241e-05,2.161856919e-05,2.03636251170523259e-08,1.72926831298964626e-08,nan,nan
2750,68.75,2.736479080e-05,1.848228188e-05,2.03464820128038365e-08,1.72761535949673650e-08,nan,nan
2751,68.775,2.828759997e-05,1.523878107e-05,2.03281776186679829e-08,1.72589420218502809e-08,nan,nan
2752,68.8,2.921759336e-05,1.370587370e-05,2.03088367214049322e-08,1.72412077798894712e-08,nan,nan
2753,68.825,3.002426411e-05,1.254381739e-05,2.02886099186685072e-08,1.72231242773496472e-08,nan,nan
2754,68.85,3.064474372e-05,1.131243345e-05,2.02676703498010100e-08,1.72048750806535416e-08,nan,nan
2755,68.875,3.107535535e-05,1.002321969e-05,2.02462098698737716e-08,1.71866497732446524e-08,nan,nan
2756,68.9,3.131359824e-05,1.077309983e-05,2.02244347572424445e-08,1.71686396522907029e-08,nan,nan
2757,68.925,3.135816210e-05,1.396791076e-05,2.02025610563309249e-08,1.71510333654674824e-08,nan,nan
2758,68.95,3.120893428e-05,1.710454583e-05,2.01808096663236751e-08,1.71340125916034357e-08,nan,nan
2759,68.975,3.086699937e-05,2.016695914e-05,2.01594012927155126e-08,1.71177478679886187e-08,nan,nan
2760,69,3.033463154e-05,2.313948035e-05,2.01385513820902379e-08,1.71023946636826335e-08,nan,nan
2761,69.025,2.961527946e-05,2.600690239e-05,2.01184651609935418e-08,1.70880897922832679e-08,nan,nan
2762,69.05,2.871354405e-05,2.875456659e-05,2.00993328973220379e-08,1.70749482494862248e-08,nan,nan
2763,69.075,2.763514902e-05,3.136844462e-05,2.00813254973331821e-08,1.70630605505764859e-08,nan,nan
2764,69.1,2.638690463e-05,3.383521686e-05,2.00645905433211310e-08,1.70524906309953810e-08,nan,nan
2765,69.125,2.497666467e-05,3.614234669e-05,2.00492488664043751e-08,1.70432743596164740e-08,nan,nan
2766,69.15,2.341327708e-05,3.827815020e-05,2.00353917359910135e-08,1.70354186996715393e-08,nan,nan
2767,69.175,2.170652848e-05,4.023186111e-05,2.00230787326465030e-08,1.70289015367514359e-08,nan,nan
2768,69.2,1.986708290e-05,4.199369026e-05,2.00123363546496398e-08,1.70236721773471714e-08,nan,nan
2769,69.225,1.790641516e-05,4.355487956e-05,2.00031573908891261e-08,1.70196525053785000e-08,nan,nan
2770,69.25,1.583673936e-05,4.490774991e-05,1.99955010743561940e-08,1.70167387684736510e-08,nan,nan
2771,69.275,1.367093278e-05,4.614028213e-05,1.99892940117781608e-08,1.70148039507910362e-08,nan,nan
2772,69.3,1.142245577e-05,4.738352570e-05,1.99844318663682648e-08,1.70137006752760495e-08,nan,nan
2773,69.325,9.105268157e-06,4.864152135e-05,1.99807817526914682e-08,1.70132645657571279e-08,nan,nan
2774,69.35,7.209726451e-06,4.978534923e-05,1.99781852856983051e-08,1.70133179885053397e-08,nan,nan
2775,69.375,6.141480765e-06,5.068885475e-05,1.99764622104705595e-08,1.70136740840676309e-08,nan,nan
2776,69.4,5.056993159e-06,5.134793440e-05,1.99754145255258772e-08,1.70141409935442272e-08,nan,nan
2777,69.425,6.406050737e-06,5.175980635e-05,1.99748310009727653e-08,1.70145261791703729e-08,nan,nan
2778,69.45,8.559113398e-06,5.192302363e-05,1.99744919836672117e-08,1.70146407371795716e-08,nan,nan
2779,69.475,1.065787245e-05,5.183747968e-05,1.99741743750130774e-08,1.70143036015085295e-08,nan,nan
2780,69.5,1.268942330e-05,5.150440603e-05,1.99736566633224663e-08,1.70133455399306427e-08,nan,nan
2781,69.525,1.464128494e-05,5.092636237e-05,1.99727238917889942e-08,1.70116128495942384e-08,nan,nan
2782,69.55,1.650147657e-05,5.010721890e-05,1.99711724451412868e-08,1.70089706665545096e-08,nan,nan
2783,69.575,1.825859111e-05,4.905213125e-05,1.99688145428767057e-08,1.70053058135320038e-08,nan,nan
2784,69.6,1.990186519e-05,4.776750789e-05,1.99654823344984975e-08,1.70005291215639219e-08,nan,nan
2785,69.625,2.142124500e-05,4.626097052e-05,1.99610315022032329e-08,1.69945771741534234e-08,nan,nan
2786,69.65,2.280744779e-05,4.454130746e-05,1.99553442887345822e-08,1.69874134366455351e-08,nan,nan
2787,69.675,2.405201861e-05,4.261842044e-05,1.99483318823293170e-08,1.69790287485193114e-08,nan,nan
2788,69.7,2.514738182e-05,4.050326509e-05,1.99399361064771746e-08,1.69694411717152170e-08,nan,nan
2789,69.725,2.608929513e-05,3.820778555e-05,1.99301303792085529e-08,1.69586952036385213e-08,nan,nan
2790,69.75,2.697992381e-05,3.574484343e-05,1.99189199243924318e-08,1.69468603787150924e-08,nan,nan
2791,69.775,2.787847973e-05,3.312814181e-05,1.99063412356373918e-08,1.69340292969545020e-08,nan,nan
2792,69.8,2.878369217e-05,3.037214451e-05,1.98924608113956984e-08,1.69203151315460528e-08,nan,nan
2793,69.825,2.956812590e-05,2.749199125e-05,1.98773731973369546e-08,1.69058486797465512e-08,nan,nan
2794,69.85,3.016924166e-05,2.450340918e-05,1.98611983885587839e-08,1.68907750319243309e-08,nan,nan
2795,69.875,3.058347636e-05,2.142262130e-05,1.98440786593383380e-08,1.68752499423480731e-08,nan,nan
2796,69.9,3.080842424e-05,1.826625231e-05,1.98261749015367952e-08,1.68594359919481303e-08,nan,nan
2797,69.925,3.084285075e-05,1.661151435e-05,1.98076625641283493e-08,1.68434986376802482e-08,nan,nan
2798,69.95,3.068669921e-05,1.787277007e-05,1.97887272953672395e-08,1.68276022451868875e-08,nan,nan
2799,69.975,3.034109022e-05,1.905897343e-05,1.97695603956196980e-08,1.68119062011429073e-08,nan,nan
2800,70,2.980831373e-05,2.015970468e-05,1.97503541927247003e-08,1.67965611990056897e-08,nan,nan
2801,70.025,2.909181396e-05,2.116498986e-05,1.97312974528262043e-08,1.67817057869434733e-08,nan,nan
2802,70.05,2.819616717e-05,2.206537087e-05,1.97125709379258702e-08,1.67674632596214308e-08,nan,nan
2803,70.075,2.712705245e-05,2.285197267e-05,1.96943432169948304e-08,1.67539389664672091e-08,nan,nan
2804,70.1,2.589121575e-05,2.354648212e-05,1.96767668304754347e-08,1.67412180982490564e-08,nan,nan
2805,70.125,2.449642736e-05,2.423857343e-05,1.96599748985855367e-08,1.67293640015527179e-08,nan,nan
2806,70.15,2.295143301e-05,2.493740010e-05,1.96440782522493023e-08,1.67184170573464782e-08,nan,nan
2807,70.175,2.126589914e-05,2.562993104e-05,1.96291631520183453e-08,1.67083941456138869e-08,nan,nan
2808,70.2,2.101506503e-05,2.620376836e-05,1.96152896453532776e-08,1.66992887033630721e-08,nan,nan
2809,70.225,2.112587141e-05,2.662678486e-05,1.96024905964868183e-08,1.66910713685565587e-08,nan,nan
2810,70.25,2.117857486e-05,2.775016148e-05,1.95907714061889287e-08,1.66836911880104470e-08,nan,nan
2811,70.275,2.117306445e-05,2.949599117e-05,1.95801104215233614e-08,1.66770773534429028e-08,nan,nan
2812,70.3,2.110938922e-05,3.106790942e-05,1.95704600185506405e-08,1.66711414169504292e-08,nan,nan
2813,70.325,2.098775793e-05,3.245990987e-05,1.95617483243179562e-08,1.66657799255710937e-08,nan,nan
2814,70.35,2.080853839e-05,3.366706289e-05,1.95538815287917794e-08,1.66608774045378103e-08,nan,nan
2815,70.375,2.057225638e-05,3.472348331e-05,1.95467467230166710e-08,1.66563096105764304e-08,nan,nan
2816,70.4,2.027959408e-05,3.577687609e-05,1.95402151870763690e-08,1.66519469703575448e-08,nan,nan
2817,70.425,1.993138814e-05,3.684407805e-05,1.95341460406962091e-08,1.66476581151152101e-08,nan,nan
2818,70.45,1.952862728e-05,3.783340432e-05,1.95283901608195975e-08,1.66433134205929057e-08,nan,nan
2819,70.475,1.907244946e-05,3.861396669e-05,1.95227942644151147e-08,1.66387884619034472e-08,nan,nan
2820,70.5,1.856413872e-05,3.918460768e-05,1.95172050512674644e-08,1.66339672955759202e-08,nan,nan
2821,70.525,1.800512150e-05,3.954538509e-05,1.95114733006497690e-08,1.66287454859325921e-08,nan,nan
2822,70.55,1.739696272e-05,3.969756126e-05,1.95054578175783477e-08,1.66230327998625556e-08,nan,nan
2823,70.575,1.802927363e-05,3.964358528e-05,1.94990291287579324e-08,1.66167555028577492e-08,nan,nan
2824,70.6,1.964849159e-05,3.938706807e-05,1.94920728352153916e-08,1.66098581996233307e-08,nan,nan
2825,70.625,2.114542745e-05,3.893275071e-05,1.94844925378126699e-08,1.66023051744038621e-08,nan,nan
2826,70.65,2.251093417e-05,3.828646600e-05,1.94762122630860080e-08,1.65940811990776893e-08,nan,nan
2827,70.675,2.373668142e-05,3.745509384e-05,1.94671783298921472e-08,1.65851917907385294e-08,nan,nan
2828,70.7,2.481520639e-05,3.644651039e-05,1.94573606118192224e-08,1.65756629145627785e-08,nan,nan
2829,70.725,2.574103652e-05,3.526953160e-05,1.94467531658759107e-08,1.65655401418998561e-08,nan,nan
2830,70.75,2.660906204e-05,3.393385139e-05,1.94353742142144323e-08,1.65548872873695746e-08,nan,nan
2831,70.775,2.748398646e-05,3.244997485e-05,1.94232654821625001e-08,1.65437845619585426e-08,nan,nan
2832,70.8,2.836527991e-05,3.082914697e-05,1.94104909122235481e-08,1.65323262913491022e-08,nan,nan
2833,70.825,2.912869388e-05,2.908327729e-05,1.93971347895439423e-08,1.65206182596839137e-08,nan,nan
2834,70.85,2.971155584e-05,2.722486096e-05,1.93832993292448746e-08,1.65087747483973269e-08,nan,nan
2835,70.875,3.011040996e-05,2.526689687e-05,1.93691017896071859e-08,1.64969153473982596e-08,nan,nan
2836,70.9,3.032293966e-05,2.322280301e-05,1.93546711870403145e-08,1.64851616215828795e-08,nan,nan
2837,70.925,3.034798110e-05,2.507598970e-05,1.93401446987692855e-08,1.64736337192498460e-08,nan,nan
2838,70.95,3.018552935e-05,2.724790853e-05,1.93256638469889203e-08,1.64624470103990920e-08,nan,nan
2839,70.975,2.983673756e-05,2.931886890e-05,1.93113705636718908e-08,1.64517088420859674e-08,nan,nan
2840,71,2.930390886e-05,3.127613799e-05,1.92974032381462282e-08,1.64415154949990566e-08,nan,nan
2841,71.025,2.859048123e-05,3.310750480e-05,1.92838928499085855e-08,1.64319494203113156e-08,nan,nan
2842,71.05,2.770100537e-05,3.480135578e-05,1.92709592869091550e-08,1.64230768287524529e-08,nan,nan
2843,71.075,2.664111568e-05,3.634674724e-05,1.92587079447919246e-08,1.64149456949447082e-08,nan,nan
2844,71.1,2.541749460e-05,3.773347406e-05,1.92472266954228239e-08,1.64075842295582208e-08,nan,nan
2845,71.125,2.403783051e-05,3.895213439e-05,1.92365833036698860e-08,1.64009998600383627e-08,nan,nan
2846,71.15,2.251076942e-05,4.000614580e-05,1.92268233600518755e-08,1.63951787478313165e-08,nan,nan
2847,71.175,2.084586084e-05,4.102843461e-05,1.92179687838297808e-08,1.63900858565073620e-08,nan,nan
2848,71.2,1.905349805e-05,4.206000845e-05,1.92100169367062373e-08,1.63856655712914110e-08,nan,nan
2849,71.225,1.714485326e-05,4.308825410e-05,1.92029403718840292e-08,1.63818428566038074e-08,nan,nan
2850,71.25,1.513180798e-05,4.395584610e-05,1.91966872271993787e-08,1.63785249246363964e-08,nan,nan
2851,71.275,1.302687908e-05,4.461504242e-05,1.91911822547907015e-08,1.63756033750760554e-08,nan,nan
2852,71.3,1.346972748e-05,4.506012548e-05,1.91863284636935319e-08,1.63729567541619186e-08,nan,nan
2853,71.325,1.422132387e-05,4.528653540e-05,1.91820093362676287e-08,1.63704534706188269e-08,nan,nan
2854,71.35,1.493353677e-05,4.529090277e-05,1.91780915648466942e-08,1.63679549969135677e-08,nan,nan
2855,71.375,1.560443323e-05,4.507107447e-05,1.91744282418184246e-08,1.63653192769561267e-08,nan,nan
2856,71.4,1.623219455e-05,4.462613244e-05,1.91708624248156393e-08,1.63624042559967867e-08,nan,nan
2857,71.425,1.681512128e-05,4.395640522e-05,1.91672309891171781e-08,1.63590714451839972e-08,nan,nan
2858,71.45,1.735163772e-05,4.306347206e-05,1.91633686719561827e-08,1.63551894321295022e-08,nan,nan
2859,71.475,1.784029627e-05,4.195015988e-05,1.91591122083954720e-08,1.63506372499035239e-08,nan,nan
2860,71.5,1.827978125e-05,4.062053265e-05,1.91543044558809192e-08,1.63453075201279502e-08,nan,nan
2861,71.525,1.866891251e-05,3.907987366e-05,1.91487984045859458e-08,1.63391092911684656e-08,nan,nan
2862,71.55,1.901070665e-05,3.733466050e-05,1.91424609732122968e-08,1.63319704997151314e-08,nan,nan
2863,71.575,1.934680140e-05,3.539253291e-05,1.91351764949525677e-08,1.63238399931064056e-08,nan,nan
2864,71.6,1.968833869e-05,3.326225388e-05,1.91268498057215635e-08,1.63146890603708251e-08,nan,nan
2865,71.625,2.087815753e-05,3.095366392e-05,1.91174088563449821e-08,1.63045124318728699e-08,nan,nan
2866,71.65,2.222385260e-05,2.847762907e-05,1.91068067819176481e-08,1.62933287203616294e-08,nan,nan
2867,71.675,2.343159988e-05,2.584598268e-05,1.90950233747254045e-08,1.62811802898143113e-08,nan,nan
2868,71.7,2.449404448e-05,2.307146146e-05,1.90820659216399229e-08,1.62681325524069621e-08,nan,nan
2869,71.725,2.540473238e-05,2.016763617e-05,1.90679693823864223e-08,1.62542727078910090e-08,nan,nan
2870,71.75,2.625090569e-05,1.714883725e-05,1.90527959011691980e-08,1.62397079532649784e-08,nan,nan
2871,71.775,2.710315352e-05,1.403007590e-05,1.90366336604237398e-08,1.62245632035733849e-08,nan,nan
2872,71.8,2.796149128e-05,1.292571257e-05,1.90195951015465126e-08,1.62089783766214005e-08,nan,nan
2873,71.825,2.870502024e-05,1.182291966e-05,1.90018145529400778e-08,1.61931053050719376e-08,nan,nan
2874,71.85,2.927066219e-05,1.065550483e-05,1.89834453202214525e-08,1.61771043485286931e-08,nan,nan
2875,71.875,2.965506243e-05,9.434424952e-06,1.89646563066212361e-08,1.61611407855844324e-08,nan,nan
2876,71.9,2.985598824e-05,1.056240976e-05,1.89456282431264876e-08,1.61453810712485923e-08,nan,nan
2877,71.925,2.987234176e-05,1.363542454e-05,1.89265496175114996e-08,1.61299890485318935e-08,nan,nan
2878,71.95,2.970416591e-05,1.665181029e-05,1.89076123988225201e-08,1.61151222041766516e-08,nan,nan
2879,71.975,2.935264319e-05,1.959615736e-05,1.88890076589562000e-08,1.61009280575495393e-08,nan,nan
2880,72,2.882008752e-05,2.245341942e-05,1.88709211955734972e-08,1.60875407685855306e-08,nan,nan
2881,72.025,2.810992905e-05,2.520899768e-05,1.88535292606602977e-08,1.60750780454641841e-08,nan,nan
2882,72.05,2.722669208e-05,2.784882251e-05,1.88369944965827631e-08,1.60636384255441724e-08,nan,nan
2883,72.075,2.617596631e-05,3.035943206e-05,1.88214621765517477e-08,1.60532989941542890e-08,nan,nan
2884,72.1,2.496437145e-05,3.272804739e-05,1.88070568391303571e-08,1.60441135953577708e-08,nan,nan
2885,72.125,2.359951556e-05,3.494264373e-05,1.87938793969700844e-08,1.60361115770273395e-08,nan,nan
2886,72.15,2.208994727e-05,3.699201732e-05,1.87820047885781881e-08,1.60292970997783764e-08,nan,nan
2887,72.175,2.044510229e-05,3.886584762e-05,1.87714802288812136e-08,1.60236490258201110e-08,nan,nan
2888,72.2,1.867524440e-05,4.055475430e-05,1.87623240999760435e-08,1.60191213899288924e-08,nan,nan
2889,72.225,1.679140147e-05,4.205034898e-05,1.87545255081026353e-08,1.60156444408606693e-08,nan,nan
2890,72.25,1.480529675e-05,4.334528105e-05,1.87480445169074190e-08,1.60131262279380778e-08,nan,nan
2891,72.275,1.272927592e-05,4.449494648e-05,1.87428130508806747e-08,1.60114546945989883e-08,nan,nan
2892,72.3,1.057623036e-05,4.564816315e-05,1.87387364468410662e-08,1.60105002286912622e-08,nan,nan
2893,72.325,8.359517168e-06,4.681545358e-05,1.87356956158930566e-08,1.60101186085311642e-08,nan,nan
2894,72.35,6.809579817e-06,4.787833636e-05,1.87335497637733236e-08,1.60101542744709765e-08,nan,nan
2895,72.375,5.774929637e-06,4.871080173e-05,1.87321396042801767e-08,1.60104438481643299e-08,nan,nan
2896,72.4,4.724989138e-06,4.930909431e-05,1.87312909888649521e-08,1.60108198160555880e-08,nan,nan
2897,72.425,6.226333570e-06,4.967072219e-05,1.87308188657332665e-08,1.60111142899822425e-08,nan,nan
2898,72.45,8.291680866e-06,4.979446869e-05,1.87305314741895217e-08,1.60111627562518559e-08,nan,nan
2899,72.475,1.030454100e-05,4.968039668e-05,1.87302346746392512e-08,1.60108077251665401e-08,nan,nan
2900,72.5,1.225253707e-05,4.932984554e-05,1.87297363117638053e-08,1.60099021956991052e-08,nan,nan
2901,72.525,1.412370024e-05,4.874542075e-05,1.87288505079640772e-08,1.60083128548022415e-08,nan,nan
2902,72.55,1.590654331e-05,4.793097623e-05,1.87274017862368845e-08,1.60059229375319718e-08,nan,nan
2903,72.575,1.759013120e-05,4.689158952e-05,1.87252289261424203e-08,1.60026346826207025e-08,nan,nan
2904,72.6,1.916414799e-05,4.563352992e-05,1.87221884633256830e-08,1.59983713281322468e-08,nan,nan
2905,72.625,2.061896013e-05,4.416421984e-05,1.87181577519966708e-08,1.59930786031227672e-08,nan,nan
2906,72.65,2.194567539e-05,4.249218964e-05,1.87130375206288759e-08,1.59867256835398765e-08,nan,nan
2907,72.675,2.313619717e-05,4.062702609e-05,1.87067538636317133e-08,1.59793055936117852e-08,nan,nan
2908,72.7,2.418327393e-05,3.857931494e-05,1.86992596255809551e-08,1.59708350473918953e-08,nan,nan
2909,72.725,2.508054330e-05,3.636057786e-05,1.86905351494093583e-08,1.59613537386019070e-08,nan,nan
2910,72.75,2.590473756e-05,3.398320413e-05,1.86805883754043650e-08,1.59509231001318446e-08,nan,nan
2911,72.775,2.673521852e-05,3.146037756e-05,1.86694542935505034e-08,1.59396245671871102e-08,nan,nan
2912,72.8,2.757152096e-05,2.880599896e-05,1.86571937673089009e-08,1.59275573898153916e-08,nan,nan
2913,72.825,2.829622442e-05,2.603460481e-05,1.86438917619657457e-08,1.59148360511167753e-08,nan,nan
2914,72.85,2.884561063e-05,2.316128244e-05,1.86296550248404865e-08,1.59015873565852401e-08,nan,nan
2915,72.875,2.921642039e-05,2.020158237e-05,1.86146092775819209e-08,1.58879472675327717e-08,nan,nan
2916,72.9,2.940649981e-05,1.717142824e-05,1.85988959921837916e-08,1.58740575572330572e-08,nan,nan
2917,72.925,2.941481266e-05,1.609923926e-05,1.85826688319504123e-08,1.58600623721585741e-08,nan,nan
2918,72.95,2.924144604e-05,1.729933937e-05,1.85660898462097777e-08,1.58461047823911797e-08,nan,nan
2919,72.975,2.888760888e-05,1.842680130e-05,1.85493255129291828e-08,1.58323234049279281e-08,nan,nan
2920,73,2.835562366e-05,1.947165440e-05,1.85325427264175641e-08,1.58188491811985180e-08,nan,nan
2921,73.025,2.764891121e-05,2.042435830e-05,1.85159048279336457e-08,1.58058023857290095e-08,nan,nan
2922,73.05,2.677196876e-05,2.127587013e-05,1.84995677752558331e-08,1.57932899366432633e-08,nan,nan
2923,73.075,2.573034131e-05,2.201770883e-05,1.84836765431630087e-08,1.57814030707536053e-08,nan,nan
2924,73.1,2.453058664e-05,2.266632385e-05,1.84683618404361550e-08,1.57702154365557226e-08,nan,nan
2925,73.125,2.318023399e-05,2.330884458e-05,1.84537372205853093e-08,1.57597816477504633e-08,nan,nan
2926,73.15,2.168773688e-05,2.395555981e-05,1.84398966532511666e-08,1.57501363282336902e-08,nan,nan
2927,73.175,2.018598763e-05,2.459030828e-05,1.84269126113868149e-08,1.57412936671195387e-08,nan,nan
2928,73.2,2.034113120e-05,2.510453013e-05,1.84148347161911788e-08,1.57332474895998719e-08,nan,nan
2929,73.225,2.044032402e-05,2.547391993e-05,1.84036889676728857e-08,1.57259718366107515e-08,nan,nan
2930,73.25,2.048332417e-05,2.676216842e-05,1.83934775740214909e-08,1.57194220336926898e-08,nan,nan
2931,73.275,2.047004416e-05,2.844382972e-05,1.83841793780206981e-08,1.57135362174039350e-08,nan,nan
2932,73.3,2.040055111e-05,2.995811607e-05,1.83757508639237090e-08,1.57082372764703300e-08,nan,nan
2933,73.325,2.027506642e-05,3.129925767e-05,1.83681277138906906e-08,1.57034351548045403e-08,nan,nan
2934,73.35,2.009396515e-05,3.246251990e-05,1.83612268696157231e-08,1.56990294548465248e-08,nan,nan
2935,73.375,1.985777484e-05,3.345944938e-05,1.83549490424733238e-08,1.56949122725741182e-08,nan,nan
2936,73.4,1.956717403e-05,3.443181626e-05,1.83491816046945769e-08,1.56909711901791514e-08,nan,nan
2937,73.425,1.922299028e-05,3.541863907e-05,1.83438017850010764e-08,1.56870923489234829e-08,nan,nan
2938,73.45,1.882619784e-05,3.634620460e-05,1.83386800849984528e-08,1.56831635231608617e-08,nan,nan
2939,73.475,1.837791488e-05,3.707670708e-05,1.83336838276314446e-08,1.56790771169649920e-08,nan,nan
2940,73.5,1.787940034e-05,3.760646573e-05,1.83286807462419546e-08,1.56747330072216977e-08,nan,nan
2941,73.525,1.733205041e-05,3.793564834e-05,1.83235425223121289e-08,1.56700411613576428e-08,nan,nan
2942,73.55,1.673739461e-05,3.806557131e-05,1.83181481818173127e-08,1.56649239639734129e-08,nan,nan
2943,73.575,1.737960968e-05,3.799868193e-05,1.83123872642046638e-08,1.56593181943681709e-08,nan,nan
2944,73.6,1.893236895e-05,3.773853399e-05,1.83061626842410836e-08,1.56531766060866378e-08,nan,nan
2945,73.625,2.036739431e-05,3.728975678e-05,1.82993932151769347e-08,1.56464690699555021e-08,nan,nan
2946,73.65,2.167591327e-05,3.665801790e-05,1.82920155316368850e-08,1.56391832533428833e-08,nan,nan
2947,73.675,2.284993892e-05,3.584997996e-05,1.82839857621224160e-08,1.56313248202875877e-08,nan,nan
2948,73.7,2.388231871e-05,3.487325155e-05,1.82752805136999257e-08,1.56229171494048464e-08,nan,nan
2949,73.725,2.476677798e-05,3.373633283e-05,1.82658973450333553e-08,1.56140005787748170e-08,nan,nan
2950,73.75,2.557007435e-05,3.244855594e-05,1.82558546780585179e-08,1.56046311990520887e-08,nan,nan
2951,73.775,2.637947321e-05,3.102002092e-05,1.82451911529334202e-08,1.55948792274979481e-08,nan,nan
2952,73.8,2.719461914e-05,2.946152716e-05,1.82339644450741452e-08,1.55848270062486759e-08,nan,nan
2953,73.825,2.790148786e-05,2.778450121e-05,1.82222495767480352e-08,1.55745666776278958e-08,nan,nan
2954,73.85,2.843551922e-05,2.600092113e-05,1.82101367685015144e-08,1.55641975974552778e-08,nan,nan
2955,73.875,2.879354424e-05,2.412323798e-05,1.81977288873333236e-08,1.55538235538960445e-08,nan,nan
2956,73.9,2.897348313e-05,2.220044369e-05,1.81851385586951810e-08,1.55435498642742055e-08,nan,nan
2957,73.925,2.897435729e-05,2.437043102e-05,1.81724850178605413e-08,1.55334804253185511e-08,nan,nan
2958,73.95,2.879629455e-05,2.645516520e-05,1.81598907827400660e-08,1.55237147934506972e-08,nan,nan
2959,73.975,2.844052755e-05,2.844199150e-05,1.81474782346794915e-08,1.55143453709338924e-08,nan,nan
2960,74,2.790938531e-05,3.031868439e-05,1.81353661960443173e-08,1.55054547710028940e-08,nan,nan
2961,74.025,2.720627799e-05,3.207352280e-05,1.81236665934234512e-08,1.54971134305574410e-08,nan,nan
2962,74.05,2.633567510e-05,3.369536275e-05,1.81124812930725078e-08,1.54893775327412944e-08,nan,nan
2963,74.075,2.530307702e-05,3.517370689e-05,1.81018991908268911e-08,1.54822872939028648e-08,nan,nan
2964,74.1,2.411498035e-05,3.649877047e-05,1.80919936322559597e-08,1.54758656602393082e-08,nan,nan
2965,74.125,2.277883700e-05,3.766154342e-05,1.80828202304685323e-08,1.54701174490943174e-08,nan,nan
2966,74.15,2.130300751e-05,3.865926484e-05,1.80744151389253580e-08,1.54650289586698537e-08,nan,nan
2967,74.175,1.969670872e-05,3.961187419e-05,1.80667938251211602e-08,1.54605680581020826e-08,nan,nan
2968,74.2,1.796995623e-05,4.057113554e-05,1.80599503783538365e-08,1.54566847577378928e-08,nan,nan
2969,74.225,1.613350198e-05,4.152511973e-05,1.80538573713182087e-08,1.54533122473303777e-08,nan,nan
2970,74.25,1.419876732e-05,4.232179370e-05,1.80484662812845674e-08,1.54503683780528182e-08,nan,nan
2971,74.275,1.234693209e-05,4.291803307e-05,1.80437084624941759e-08,1.54477575530045831e-08,nan,nan
2972,74.3,1.311140363e-05,4.330852936e-05,1.80394966474800246e-08,1.54453729805280064e-08,nan,nan
2973,74.325,1.383955641e-05,4.348908529e-05,1.80357269416454874e-08,1.54430992354296907e-08,nan,nan
2974,74.35,1.452941135e-05,4.345664533e-05,1.80322812629406485e-08,1.54408150653312936e-08,nan,nan
2975,74.375,1.517909535e-05,4.320931953e-05,1.80290301671754006e-08,1.54383963730585451e-08,nan,nan
2976,74.4,1.578684631e-05,4.274640062e-05,1.80258359896812224e-08,1.54357193013704215e-08,nan,nan
2977,74.425,1.635101796e-05,4.206837410e-05,1.80225562259226587e-08,1.54326633435473338e-08,nan,nan
2978,74.45,1.687008430e-05,4.117692142e-05,1.80190470674681719e-08,1.54291144024672966e-08,nan,nan
2979,74.475,1.734264373e-05,4.007491607e-05,1.80151670056091215e-08,1.54249677218243916e-08,nan,nan
2980,74.5,1.776742279e-05,3.876641271e-05,1.80107804129692402e-08,1.54201306160589146e-08,nan,nan
2981,74.525,1.814327967e-05,3.725662928e-05,1.80057610137229388e-08,1.54145249303022184e-08,nan,nan
2982,74.55,1.847032866e-05,3.555192228e-05,1.79999951555314726e-08,1.54080891680748849e-08,nan,nan
2983,74.575,1.878543855e-05,3.365975525e-05,1.79933848009518612e-08,1.54007802324568032e-08,nan,nan
2984,74.6,1.910635184e-05,3.158866076e-05,1.79858501627577529e-08,1.53925747357765171e-08,nan,nan
2985,74.625,2.012305073e-05,2.934819601e-05,1.79773319161715375e-08,1.53834698433136356e-08,nan,nan
2986,74.65,2.141411240e-05,2.694889231e-05,1.79677929312300793e-08,1.53734836278173164e-08,nan,nan
2987,74.675,2.257232977e-05,2.440219883e-05,1.79572194801420326e-08,1.53626549235363531e-08,nan,nan
2988,74.7,2.359064519e-05,2.172042079e-05,1.79456218872555101e-08,1.53510426806420695e-08,nan,nan
2989,74.725,2.446286794e-05,1.891665259e-05,1.79330346028276907e-08,1.53387248331044770e-08,nan,nan
2990,74.75,2.524695295e-05,1.600470616e-05,1.79195156958377798e-08,1.53257967049569269e-08,nan,nan
2991,74.775,2.603525926e-05,1.323091408e-05,1.79051457752683426e-08,1.53123689911632562e-08,nan,nan
2992,74.8,2.683008746e-05,1.225209342e-05,1.78900263632465011e-08,1.52985653597080661e-08,nan,nan
2993,74.825,2.752004930e-05,1.120253866e-05,1.78742777568460381e-08,1.52845197308115067e-08,nan,nan
2994,74.85,2.803956877e-05,1.009237885e-05,1.78580364278726136e-08,1.52703732970971406e-08,nan,nan
2995,74.875,2.838556214e-05,8.932086504e-06,1.78414520212826285e-08,1.52562713549236709e-08,nan,nan
2996,74.9,2.855601934e-05,1.034353601e-05,1.78246840227429216e-08,1.52423600217714176e-08,nan,nan
2997,74.925,2.855001561e-05,1.330714475e-05,1.78078981739840948e-08,1.52287829174389415e-08,nan,nan
2998,74.95,2.836771636e-05,1.621564757e-05,1.77912627208350415e-08,1.52156778877862583e-08,nan,nan
2999,74.975,2.801037540e-05,1.905420463e-05,1.77749445829994011e-08,1.52031738488335865e-08,nan,nan
3000,75,2.748032637e-05,2.180832780e-05,1.77591055366449342e-08,1.51913878262150689e-08,nan,nan
3001,75.025,2.678096756e-05,2.446396171e-05,1.77438985006761431e-08,1.51804222603633661e-08,nan,nan
3002,75.05,2.591674015e-05,2.700756223e-05,1.77294640151558598e-08,1.51703626414775020e-08,nan,nan
3003,75.075,2.489310005e-05,2.942617217e-05,1.77159269957924378e-08,1.51612755304581627e-08,nan,nan
3004,75.1,2.371648340e-05,3.170749355e-05,1.77033938418281045e-08,1.51532070127740012e-08,nan,nan
3005,75.125,2.239426623e-05,3.383995606e-05,1.76919499662148844e-08,1.51461816218757182e-08,nan,nan
3006,75.15,2.093471813e-05,3.581278146e-05,1.76816578068516587e-08,1.51402017575538059e-08,nan,nan
3007,75.175,1.934695063e-05,3.761604331e-05,1.76725553661306028e-08,1.51352476128152204e-08,nan,nan
3008,75.2,1.764086027e-05,3.924072186e-05,1.76646553133836969e-08,1.51312776107199538e-08,nan,nan
3009,75.225,1.582706698e-05,4.067875367e-05,1.76579446713389451e-08,1.51282293404666187e-08,nan,nan
3010,75.25,1.391684795e-05,4.192307577e-05,1.76523850937228673e-08,1.51260209701403476e-08,nan,nan
3011,75.275,1.192206754e-05,4.300341127e-05,1.76479137270171623e-08,1.51245531022247151e-08,nan,nan
3012,75.3,9.855103636e-06,4.407511349e-05,1.76444446354412467e-08,1.51237110275056388e-08,nan,nan
3013,75.325,7.728770810e-06,4.515977987e-05,1.76418707548214880e-08,1.51233673236102580e-08,nan,nan
3014,75.35,6.460169887e-06,4.615351084e-05,1.76400663284529161e-08,1.51233847363535169e-08,nan,nan
3015,75.375,5.456185013e-06,4.692574045e-05,1.76388897666573434e-08,1.51236192755015437e-08,nan,nan
3016,75.4,4.437737795e-06,4.747300670e-05,1.76381868617722588e-08,1.51239234516599892e-08,nan,nan
3017,75.425,6.046909326e-06,4.779305906e-05,1.76377942820031318e-08,1.51241495778713784e-08,nan,nan
3018,75.45,8.033796752e-06,4.788486885e-05,1.76375432611371561e-08,1.51241530582296930e-08,nan,nan
3019,75.475,9.969927631e-06,4.774863270e-05,1.76372633966999652e-08,1.51237955864185758e-08,nan,nan
3020,75.5,1.184339646e-05,4.738576890e-05,1.76367864668403682e-08,1.51229481795310841e-08,nan,nan
3021,75.525,1.364269138e-05,4.679890668e-05,1.76359501761018626e-08,1.51214939767696306e-08,nan,nan
3022,75.55,1.535676495e-05,4.599186862e-05,1.76346017422804627e-08,1.51193307385463576e-08,nan,nan
3023,75.575,1.697510192e-05,4.496964619e-05,1.76326012407198798e-08,1.51163729889567725e-08,nan,nan
3024,75.6,1.848778372e-05,4.373836854e-05,1.76298246285509264e-08,1.51125537533982733e-08,nan,nan
3025,75.625,1.988554926e-05,4.230526494e-05,1.76261663793850695e-08,1.51078258530303698e-08,nan,nan
3026,75.65,2.115985163e-05,4.067862081e-05,1.76215416686225397e-08,1.51021627285809157e-08,nan,nan
3027,75.675,2.230291030e-05,3.886772791e-05,1.76158880605933368e-08,1.50955587774266414e-08,nan,nan
3028,75.7,2.330775863e-05,3.688282876e-05,1.76091666609397284e-08,1.50880291996371277e-08,nan,nan
3029,75.725,2.416828635e-05,3.473505573e-05,1.76013627106727191e-08,1.50796093604812887e-08,nan,nan
3030,75.75,2.493394148e-05,3.243636525e-05,1.75924856118701896e-08,1.50703536884666477e-08,nan,nan
3031,75.775,2.570196447e-05,2.999946733e-05,1.75825683887018088e-08,1.50603341390336103e-08,nan,nan
3032,75.8,2.647727520e-05,2.743775106e-05,1.75716666010278411e-08,1.50496382642920866e-08,nan,nan
3033,75.825,2.715120037e-05,2.476520632e-05,1.75598567408985048e-08,1.50383669384201058e-08,nan,nan
3034,75.85,2.765699786e-05,2.199634236e-05,1.75472341545578968e-08,1.50266317963226474e-08,nan,nan
3035,75.875,2.799166455e-05,1.914610359e-05,1.75339105437371084e-08,1.50145524496841655e-08,nan,nan
3036,75.9,2.815325601e-05,1.622978319e-05,1.75200111098359709e-08,1.50022535494863951e-08,nan,nan
3037,75.925,2.814089773e-05,1.562067486e-05,1.75056714128074418e-08,1.49898617672900422e-08,nan,nan
3038,75.95,2.795478975e-05,1.676663212e-05,1.74910340229799660e-08,1.49775027690244159e-08,nan,nan
3039,75.975,2.759620469e-05,1.784222311e-05,1.74762450485307552e-08,1.49652982546652443e-08,nan,nan
3040,76,2.706747907e-05,1.883787728e-05,1.74614506237568370e-08,1.49533631350255137e-08,nan,nan
3041,76.025,2.637199817e-05,1.974443985e-05,1.74467934436290501e-08,1.49418029129977346e-08,nan,nan
3042,76.05,2.551417436e-05,2.055323647e-05,1.74324094283597401e-08,1.49307113310710202e-08,nan,nan
3043,76.075,2.449941913e-05,2.125613501e-05,1.74184245979180200e-08,1.49201683399461231e-08,nan,nan
3044,76.1,2.333410899e-05,2.186407750e-05,1.74049522306915778e-08,1.49102384347649576e-08,nan,nan
3045,76.125,2.202554539e-05,2.246188543e-05,1.73920903729694947e-08,1.49009693960691094e-08,nan,nan
3046,76.15,2.058190898e-05,2.306162359e-05,1.73799197568003552e-08,1.48923914623401965e-08,nan,nan
3047,76.175,1.958362231e-05,2.364533707e-05,1.73685021732950646e-08,1.48845169501107459e-08,nan,nan
3048,76.2,1.972719217e-05,2.410889643e-05,1.73578793368601030e-08,1.48773403264374062e-08,nan,nan
3049,76.225,1.981652243e-05,2.443307924e-05,1.73480722634527509e-08,1.48708387272768923e-08,nan,nan
3050,76.25,1.985139557e-05,2.585798211e-05,1.73390811730573610e-08,1.48649729042775370e-08,nan,nan
3051,76.275,1.983174368e-05,2.748278029e-05,1.73308859135088452e-08,1.48596885719670728e-08,nan,nan
3052,76.3,1.975764857e-05,2.894613836e-05,1.73234468898625749e-08,1.48549181175393144e-08,nan,nan
3053,76.325,1.962934146e-05,3.024249292e-05,1.73167064710454753e-08,1.48505826266554595e-08,nan,nan
3054,76.35,1.944720228e-05,3.136727809e-05,1.73105908338301292e-08,1.48465941710954939e-08,nan,nan
3055,76.375,1.921175854e-05,3.231943420e-05,1.73050121935361483e-08,1.48428582979026691e-08,nan,nan
3056,76.4,1.892368383e-05,3.321800410e-05,1.72998713615422869e-08,1.48392766550092017e-08,nan,nan
3057,76.425,1.858379585e-05,3.413081070e-05,1.72950605619119060e-08,1.48357496853219208e-08,nan,nan
3058,76.45,1.819305414e-05,3.500390828e-05,1.72904664333831346e-08,1.48321793199513128e-08,nan,nan
3059,76.475,1.775255736e-05,3.569201239e-05,1.72859731387937878e-08,1.48284716017109440e-08,nan,nan
3060,76.5,1.726354018e-05,3.618758070e-05,1.72814655017979057e-08,1.48245391721793128e-08,nan,nan
3061,76.525,1.672736985e-05,3.649086495e-05,1.72768320905330313e-08,1.48203035594434079e-08,nan,nan
3062,76.55,1.614554235e-05,3.660321570e-05,1.72719681697108898e-08,1.48156972090313196e-08,nan,nan
3063,76.575,1.678055436e-05,3.652706485e-05,1.72667784463778039e-08,1.48106652073500409e-08,nan,nan
3064,76.6,1.827432808e-05,3.626590163e-05,1.72611795402225614e-08,1.48051666549986113e-08,nan,nan
3065,76.625,1.965453681e-05,3.582424249e-05,1.72551021166524716e-08,1.47991756564211579e-08,nan,nan
3066,76.65,2.091273996e-05,3.520759492e-05,1.72484926297230064e-08,1.47926819022687629e-08,nan,nan
3067,76.675,2.204125415e-05,3.442241552e-05,1.72413146321671843e-08,1.47856908313056957e-08,nan,nan
3068,76.7,2.303320012e-05,3.347606260e-05,1.72335496209694183e-08,1.47782233694604340e-08,nan,nan
3069,76.725,2.388254466e-05,3.237674363e-05,1.72251973988819732e-08,1.47703152544155626e-08,nan,nan
3070,76.75,2.463050910e-05,3.113345786e-05,1.72162759446897333e-08,1.47620159646816463e-08,nan,nan
3071,76.775,2.537968818e-05,2.975593449e-05,1.72068207975788148e-08,1.47533872821451386e-08,nan,nan
3072,76.8,2.613557578e-05,2.825456684e-05,1.71968839733429776e-08,1.47445015263707601e-08,nan,nan
3073,76.825,2.679428159e-05,2.664034283e-05,1.71865324420593053e-08,1.47354395072441951e-08,nan,nan
3074,76.85,2.728709838e-05,2.492477237e-05,1.71758462079848622e-08,1.47262882496563899e-08,nan,nan
3075,76.875,2.761109930e-05,2.311981200e-05,1.71649160424923192e-08,1.47171385496803136e-08,nan,nan
3076,76.9,2.776440169e-05,2.161783227e-05,1.71538409296265488e-08,1.47080824259309921e-08,nan,nan
3077,76.925,2.774617799e-05,2.370740642e-05,1.71427252911068457e-08,1.46992105324275570e-08,nan,nan
3078,76.95,2.755666011e-05,2.571413284e-05,1.71316760631454163e-08,1.46906096002289142e-08,nan,nan
3079,76.975,2.719713725e-05,2.762582449e-05,1.71207997011639546e-08,1.46823599743717321e-08,nan,nan
3080,77,2.666994720e-05,2.943071002e-05,1.71101991902778415e-08,1.46745333102228497e-08,nan,nan
3081,77.025,2.597846118e-05,3.111750632e-05,1.70999711392397343e-08,1.46671904893279716e-08,nan,nan
3082,77.05,2.512706229e-05,3.267548842e-05,1.70902030333988744e-08,1.46603798092969862e-08,nan,nan
3083,77.075,2.412111779e-05,3.409455648e-05,1.70809707181931475e-08,1.46541354953527424e-08,nan,nan
3084,77.1,2.296694522e-05,3.536529930e-05,1.70723361788546036e-08,1.46484765730584342e-08,nan,nan
3085,77.125,2.167177280e-05,3.647905405e-05,1.70643456745193787e-08,1.46434061326342567e-08,nan,nan
3086,77.15,2.024369413e-05,3.742942041e-05,1.70570282759819797e-08,1.46389110054030124e-08,nan,nan
3087,77.175,1.869161765e-05,3.831788827e-05,1.70503948461438740e-08,1.46349618625138268e-08,nan,nan
3088,77.2,1.702521108e-05,3.921230704e-05,1.70444374910345425e-08,1.46315137354403751e-08,nan,nan
3089,77.225,1.525484118e-05,4.010030789e-05,1.70391294974067701e-08,1.46285069471011760e-08,nan,nan
3090,77.25,1.339150934e-05,4.083632118e-05,1.70344257606263308e-08,1.46258684320696294e-08,nan,nan
3091,77.275,1.203556371e-05,4.137913895e-05,1.70302636941928255e-08,1.46235134144894891e-08,nan,nan
3092,77.3,1.277784728e-05,4.172380390e-05,1.70265646000539729e-08,1.46213474032328540e-08,nan,nan
3093,77.325,1.348476110e-05,4.186642787e-05,1.70232354672121026e-08,1.46192684557559980e-08,nan,nan
3094,77.35,1.415438316e-05,4.180422042e-05,1.70201711552598731e-08,1.46171696552254271e-08,nan,nan
3095,77.375,1.478489453e-05,4.153551098e-05,1.70172569096911623e-08,1.46149417399723435e-08,nan,nan
3096,77.4,1.537458433e-05,4.105976448e-05,1.70143711473582806e-08,1.46124758203265820e-08,nan,nan
3097,77.425,1.592185437e-05,4.037759033e-05,1.70113884434956421e-08,1.46096661154807456e-08,nan,nan
3098,77.45,1.642522347e-05,3.949074478e-05,1.70081826464784261e-08,1.46064126423011391e-08,nan,nan
3099,77.475,1.688333146e-05,3.840212641e-05,1.70046300430610278e-08,1.46026237889527591e-08,nan,nan
3100,77.5,1.729494286e-05,3.711576501e-05,1.70006124953304150e-08,1.45982187088177500e-08,nan,nan
3101,77.525,1.765895024e-05,3.563680372e-05,1.69960204710517527e-08,1.45931294743976668e-08,nan,nan
3102,77.55,1.797437712e-05,3.397147465e-05,1.69907558914665828e-08,1.45873029365961701e-08,nan,nan
3103,77.575,1.827019639e-05,3.212706798e-05,1.69847347248705013e-08,1.45807022418414963e-08,nan,nan
3104,77.6,1.857244870e-05,3.011189489e-05,1.69778892603412434e-08,1.45733079677518259e-08,nan,nan
3105,77.625,1.942968526e-05,2.793524434e-05,1.69701700036624186e-08,1.45651188472700201e-08,nan,nan
3106,77.65,2.067241420e-05,2.560733406e-05,1.69615471466023361e-08,1.45561520611697237e-08,nan,nan
3107,77.675,2.178696543e-05,2.313925601e-05,1.69520115710388473e-08,1.45464430893197688e-08,nan,nan
3108,77.7,2.276654360e-05,2.054291667e-05,1.69415753607152115e-08,1.45360451218308099e-08,nan,nan
3109,77.725,2.360518941e-05,1.783097233e-05,1.69302718053903066e-08,1.45250280419338749e-08,nan,nan
3110,77.75,2.433707724e-05,1.501676003e-05,1.69181548945167201e-08,1.45134770028911969e-08,nan,nan
3111,77.775,2.506733489e-05,1.260089304e-05,1.69052983100362012e-08,1.45014906311590428e-08,nan,nan
3112,77.8,2.580442357e-05,1.166636623e-05,1.68917939401202206e-08,1.44891788971673819e-08,nan,nan
3113,77.825,2.644867864e-05,1.066497152e-05,1.68777499474017557e-08,1.44766607032303113e-08,nan,nan
3114,77.85,2.692921132e-05,9.606422261e-06,1.68632884361572949e-08,1.44640612450548581e-08,nan,nan
3115,77.875,2.724316693e-05,8.500754281e-06,1.68485427727369152e-08,1.44515092089043512e-08,nan,nan
3116,77.9,2.738872096e-05,1.011909223e-05,1.68336546220653401e-08,1.44391338705583052e-08,nan,nan
3117,77.925,2.736508971e-05,1.298377728e-05,1.68187707700389852e-08,1.44270621646943010e-08,nan,nan
3118,77.95,2.717253433e-05,1.579485535e-05,1.68040398069526505e-08,1.44154157941384432e-08,nan,nan
3119,77.975,2.681235856e-05,1.853800037e-05,1.67896087505754798e-08,1.44043084475720208e-08,nan,nan
3120,78,2.628689994e-05,2.119922688e-05,1.67756196890744499e-08,1.43938431917645958e-08,nan,nan
3121,78.025,2.559951466e-05,2.376496818e-05,1.67622065236168000e-08,1.43841101002898361e-08,nan,nan
3122,78.05,2.475455617e-05,2.622215212e-05,1.67494918881816698e-08,1.43751841750694932e-08,nan,nan
3123,78.075,2.375734763e-05,2.855827402e-05,1.67375843199306246e-08,1.43671236101203218e-08,nan,nan
3124,78.1,2.261414836e-05,3.076146643e-05,1.67265757475325809e-08,1.43599684387192002e-08,nan,nan
3125,78.125,2.133211458e-05,3.282056520e-05,1.67165393572544977e-08,1.43537395960533893e-08,nan,nan
3126,78.15,1.991925466e-05,3.472517155e-05,1.67075278876032624e-08,1.43484384195098567e-08,nan,nan
3127,78.175,1.838437905e-05,3.646570965e-05,1.66995723930551504e-08,1.43440465983194842e-08,nan,nan
3128,78.2,1.673704537e-05,3.803347961e-05,1.66926815061899170e-08,1.43405265735631559e-08,nan,nan
3129,78.225,1.498749894e-05,3.942070531e-05,1.66868412156284078e-08,1.43378223788252752e-08,nan,nan
3130,78.25,1.314660905e-05,4.062057699e-05,1.66820151648477803e-08,1.43358609013075513e-08,nan,nan
3131,78.275,1.122580141e-05,4.164417244e-05,1.66781454645157258e-08,1.43345535332459726e-08,nan,nan
3132,78.3,9.236987324e-06,4.264065621e-05,1.66751539987471769e-08,1.43337981742472600e-08,nan,nan
3133,78.325,7.192489769e-06,4.365065474e-05,1.66729441939401164e-08,1.43334815368996401e-08,nan,nan
3134,78.35,6.153248553e-06,4.458423455e-05,1.66714032078756862e-08,1.43334817009140442e-08,nan,nan
3135,78.375,5.177397987e-06,4.530512575e-05,1.66704044868366957e-08,1.43336708552849211e-08,nan,nan
3136,78.4,4.187809572e-06,4.580937953e-05,1.66698106298461412e-08,1.43339181636613137e-08,nan,nan
3137,78.425,5.868210132e-06,4.609494683e-05,1.66694764919617863e-08,1.43340926853911162e-08,nan,nan
3138,78.45,7.784447321e-06,4.616095252e-05,1.66692524530529355e-08,1.43340662836054912e-08,nan,nan
3139,78.475,9.651584652e-06,4.600769802e-05,1.66689877747630352e-08,1.43337164522683171e-08,nan,nan
3140,78.5,1.145814056e-05,4.563665721e-05,1.66685339665108242e-08,1.43329289963093688e-08,nan,nan
3141,78.525,1.319301358e-05,4.505046559e-05,1.66677480814443485e-08,1.43316005027305949e-08,nan,nan
3142,78.55,1.484555058e-05,4.425290274e-05,1.66664958652291249e-08,1.43296405458281066e-08,nan,nan
3143,78.575,1.640561215e-05,4.324886830e-05,1.66646546843715984e-08,1.43269735762755697e-08,nan,nan
3144,78.6,1.786363480e-05,4.204435150e-05,1.66621161663520012e-08,1.43235404516030939e-08,nan,nan
3145,78.625,1.921068960e-05,4.064639446e-05,1.66587884910282775e-08,1.43192995743865759e-08,nan,nan
3146,78.65,2.043853681e-05,3.906304961e-05,1.66545982813930869e-08,1.43142276140179484e-08,nan,nan
3147,78.675,2.153967628e-05,3.730333131e-05,1.66494920516061081e-08,1.43083197980235669e-08,nan,nan
3148,78.7,2.250739327e-05,3.537716206e-05,1.66434371810402090e-08,1.43015897692884014e-08,nan,nan
3149,78.725,2.333579939e-05,3.329531363e-05,1.66364223946061867e-08,1.42940690159748720e-08,nan,nan
3150,78.75,2.405239581e-05,3.106934349e-05,1.66284577415731020e-08,1.42858058911421900e-08,nan,nan
3151,78.775,2.476430006e-05,2.871152684e-05,1.66195740771891058e-08,1.42768642488268047e-08,nan,nan
3152,78.8,2.548329083e-05,2.623478473e-05,1.66098220633332034e-08,1.42673217324015824e-08,nan,nan
3153,78.825,2.611381894e-05,2.365260869e-05,1.65992707159050790e-08,1.42572677591726571e-08,nan,nan
3154,78.85,2.658272298e-05,2.097898228e-05,1.65880055374071119e-08,1.42468012522056478e-08,nan,nan
3155,78.875,2.688721656e-05,1.822830008e-05,1.65761262829324561e-08,1.42360281761289505e-08,nan,nan
3156,78.9,2.702552994e-05,1.541528463e-05,1.65637444163107475e-08,1.42250589380060761e-08,nan,nan
3157,78.925,2.699692031e-05,1.517144822e-05,1.65509803202754665e-08,1.42140057172002358e-08,nan,nan
3158,78.95,2.680167567e-05,1.626914419e-05,1.65379603300357299e-08,1.42029797894108838e-08,nan,nan
3159,78.975,2.644111236e-05,1.729862273e-05,1.65248136634334976e-08,1.41920889097194293e-08,nan,nan
3160,79,2.591756625e-05,1.825067207e-05,1.65116693228575229e-08,1.41814348175576325e-08,nan,nan
3161,79.025,2.523437763e-05,1.911648259e-05,1.64986530442287845e-08,1.41711109230599101e-08,nan,nan
3162,79.05,2.439586993e-05,1.988770914e-05,1.64858843666718400e-08,1.41612002293719522e-08,nan,nan
3163,79.075,2.340732238e-05,2.055653057e-05,1.64734738929930211e-08,1.41517735392870562e-08,nan,nan
3164,79.1,2.227493677e-05,2.112912434e-05,1.64615208058935509e-08,1.41428879872281580e-08,nan,nan
3165,79.125,2.100579856e-05,2.168572361e-05,1.64501106980883118e-08,1.41345859292734661e-08,nan,nan
3166,79.15,1.960783258e-05,2.224334882e-05,1.64393137663522613e-08,1.41268942148475800e-08,nan,nan
3167,79.175,1.903146624e-05,2.278163689e-05,1.64291834101834403e-08,1.41198238540945847e-08,nan,nan
3168,79.2,1.916506370e-05,2.320190239e-05,1.64197552654895423e-08,1.41133700850527331e-08,nan,nan
3169,79.225,1.924598607e-05,2.348778984e-05,1.64110466927306149e-08,1.41075128348078395e-08,nan,nan
3170,79.25,1.927403658e-05,2.502543756e-05,1.64030567275591115e-08,1.41022175590585477e-08,nan,nan
3171,79.275,1.924916368e-05,2.659957310e-05,1.63957664904720441e-08,1.40974364352237648e-08,nan,nan
3172,79.3,1.917146111e-05,2.801769221e-05,1.63891400406141780e-08,1.40931098755879739e-08,nan,nan
3173,79.325,1.904116755e-05,2.927441223e-05,1.63831256479271546e-08,1.40891683192261163e-08,nan,nan
3174,79.35,1.885866591e-05,3.036531381e-05,1.63776574475951580e-08,1.40855342547628373e-08,nan,nan
3175,79.375,1.862448223e-05,3.128695875e-05,1.63726574314450993e-08,1.40821244205624725e-08,nan,nan
3176,79.4,1.833928412e-05,3.211688710e-05,1.63680377228437194e-08,1.40788521248465227e-08,nan,nan
3177,79.425,1.800387889e-05,3.296181539e-05,1.63637030748925337e-08,1.40756296255910135e-08,nan,nan
3178,79.45,1.761921128e-05,3.378502405e-05,1.63595535265151129e-08,1.40723705089286893e-08,nan,nan
3179,79.475,1.718636076e-05,3.443707391e-05,1.63554871474842746e-08,1.40689920051915105e-08,nan,nan
3180,79.5,1.670653855e-05,3.490397696e-05,1.63514028016296894e-08,1.40654171836614387e-08,nan,nan
3181,79.525,1.618108417e-05,3.518604765e-05,1.63472028574377070e-08,1.40615769704980869e-08,nan,nan
3182,79.55,1.561146178e-05,3.528465470e-05,1.63427957770002470e-08,1.40574119390901854e-08,nan,nan
3183,79.575,1.622476550e-05,3.520220378e-05,1.63380985177357487e-08,1.40528738281109817e-08,nan,nan
3184,79.6,1.766587510e-05,3.494211409e-05,1.63330386864031447e-08,1.40479267496914022e-08,nan,nan
3185,79.625,1.899726617e-05,3.450878897e-05,1.63275563915237379e-08,1.40425480581769792e-08,nan,nan
3186,79.65,2.021079391e-05,3.390758076e-05,1.63216057482488038e-08,1.40367288587019390e-08,nan,nan
3187,79.675,2.129904465e-05,3.314475018e-05,1.63151559987584525e-08,1.40304741440736053e-08,nan,nan
3188,79.7,2.225538113e-05,3.222742039e-05,1.63081922212224580e-08,1.40238025579821799e-08,nan,nan
3189,79.725,2.307398299e-05,3.116352629e-05,1.63007156109429247e-08,1.40167457920943974e-08,nan,nan
3190,79.75,2.377599146e-05,2.996175899e-05,1.62927433282675590e-08,1.40093476339172720e-08,nan,nan
3191,79.775,2.447012281e-05,2.863150626e-05,1.62843079189339352e-08,1.40016626911977778e-08,nan,nan
3192,79.8,2.517168496e-05,2.718278904e-05,1.62754563234032424e-08,1.39937548268318670e-08,nan,nan
3193,79.825,2.578916850e-05,2.562619444e-05,1.62662485021942087e-08,1.39856953455916683e-08,nan,nan
3194,79.85,2.624706144e-05,2.397280587e-05,1.62567557139736889e-08,1.39775609802579535e-08,nan,nan
3195,79.875,2.654264201e-05,2.223413049e-05,1.62470584919570353e-08,1.39694317298139529e-08,nan,nan
3196,79.9,2.667419205e-05,2.106481623e-05,1.62372443718019326e-08,1.39613886060897069e-08,nan,nan
3197,79.925,2.664100690e-05,2.308186242e-05,1.62274054304532139e-08,1.39535113475525224e-08,nan,nan
3198,79.95,2.644339910e-05,2.501835728e-05,1.62176357001606365e-08,1.39458761597623432e-08,nan,nan
3199,79.975,2.608269578e-05,2.686253576e-05,1.62080285250283209e-08,1.39385535413327841e-08,nan,nan
3200,80,2.556122984e-05,2.860303570e-05,1.61986739288889606e-08,1.39316062520778641e-08,nan,nan
3201,80.025,2.488232485e-05,3.022896789e-05,1.61896560629928850e-08,1.39250874764375638e-08,nan,nan
3202,80.05,2.405027388e-05,3.172998353e-05,1.61810507999730313e-08,1.39190392303522888e-08,nan,nan
3203,80.075,2.307031243e-05,3.309633890e-05,1.61729235368430471e-08,1.39134910536203996e-08,nan,nan
3204,80.1,2.194858542e-05,3.431895669e-05,1.61653272645025263e-08,1.39084590225789324e-08,nan,nan
3205,80.125,2.069210875e-05,3.538948363e-05,1.61583009544934674e-08,1.39039451098742525e-08,nan,nan
3206,80.15,1.930872536e-05,3.630034410e-05,1.61518683057451902e-08,1.38999369093403201e-08,nan,nan
3207,80.175,1.780705633e-05,3.713046055e-05,1.61460368849615600e-08,1.38964077347954932e-08,nan,nan
3208,80.2,1.619644716e-05,3.796546481e-05,1.61407976843723766e-08,1.38933170921335430e-08,nan,nan
3209,80.225,1.448690959e-05,3.879473447e-05,1.61361251100375504e-08,1.38906115146556175e-08,nan,nan
3210,80.25,1.268905941e-05,3.947859551e-05,1.61319774030224033e-08,1.38882257424012046e-08,nan,nan
3211,80.275,1.174401727e-05,3.997588132e-05,1.61282974848246084e-08,1.38860842175171689e-08,nan,nan
3212,80.3,1.246607245e-05,4.028193771e-05,1.61250142077018936e-08,1.38841028596713338e-08,nan,nan
3213,80.325,1.315364245e-05,4.039314128e-05,1.61220439802910863e-08,1.38821910783715509e-08,nan,nan
3214,80.35,1.380485725e-05,4.030692628e-05,1.61192927293789963e-08,1.38802539729694672e-08,nan,nan
3215,80.375,1.441794727e-05,4.002180536e-05,1.61166581501204018e-08,1.38781946662614529e-08,nan,nan
3216,80.4,1.499124821e-05,3.953738397e-05,1.61140321896128531e-08,1.38759167140682573e-08,nan,nan
3217,80.425,1.552320553e-05,3.885436842e-05,1.61113037027131594e-08,1.38733265310679768e-08,nan,nan
3218,80.45,1.601237872e-05,3.797456750e-05,1.61083612144688881e-08,1.38703357725278386e-08,nan,nan
3219,80.475,1.645744514e-05,3.690088763e-05,1.61050957206504118e-08,1.38668636124443075e-08,nan,nan
3220,80.5,1.685720362e-05,3.563732151e-05,1.61014034566782461e-08,1.38628388609394129e-08,nan,nan
3221,80.525,1.721057770e-05,3.418893041e-05,1.60971885657764071e-08,1.38582018675146889e-08,nan,nan
3222,80.55,1.751661854e-05,3.256182014e-05,1.60923655994329612e-08,1.38529061618427720e-08,nan,nan
3223,80.575,1.779520346e-05,3.076311086e-05,1.60868617871590394e-08,1.38469197900545899e-08,nan,nan
3224,80.6,1.808019775e-05,2.880090082e-05,1.60806190180115017e-08,1.38402263118055858e-08,nan,nan
3225,80.625,1.878915103e-05,2.668422434e-05,1.60735954832477503e-08,1.38328254315959910e-08,nan,nan
3226,80.65,1.998889346e-05,2.442300423e-05,1.60657669376451781e-08,1.38247332466785753e-08,nan,nan
3227,80.675,2.106475227e-05,2.202799891e-05,1.60571275462403975e-08,1.38159821031939052e-08,nan,nan
3228,80.7,2.201016474e-05,1.951074449e-05,1.60476902933001560e-08,1.38066200617008896e-08,nan,nan
3229,80.725,2.281937582e-05,1.688349225e-05,1.60374869409777116e-08,1.37967099827849500e-08,nan,nan
3230,80.75,2.350834530e-05,1.415914186e-05,1.60265675360760775e-08,1.37863282526953926e-08,nan,nan
3231,80.775,2.418489243e-05,1.204809569e-05,1.60149994743622148e-08,1.37755631777600036e-08,nan,nan
3232,80.8,2.486914589e-05,1.115405975e-05,1.60028661426842498e-08,1.37645130844330099e-08,nan,nan
3233,80.825,2.547422903e-05,1.019651301e-05,1.59902651694725436e-08,1.37532841690542324e-08,nan,nan
3234,80.85,2.592169334e-05,9.184790571e-06,1.59773063238002806e-08,1.37419881475561481e-08,nan,nan
3235,80.875,2.620887832e-05,8.128531988e-06,1.59641091118070999e-08,1.37307397603005704e-08,nan,nan
3236,80.9,2.633411431e-05,9.890927162e-06,1.59508001267371434e-08,1.37196541908386211e-08,nan,nan
3237,80.925,2.629673222e-05,1.266564798e-05,1.59375102149299776e-08,1.37088444595761754e-08,nan,nan
3238,80.95,2.609706699e-05,1.538823711e-05,1.59243715246795475e-08,1.36984188540413265e-08,nan,nan
3239,80.975,2.573645487e-05,1.804483443e-05,1.59115145078315008e-08,1.36884784566712755e-08,nan,nan
3240,81,2.521722451e-05,2.062190975e-05,1.58990649452510889e-08,1.36791148287841944e-08,nan,nan
3241,81.025,2.454268201e-05,2.310633843e-05,1.58871410668310854e-08,1.36704079057328516e-08,nan,nan
3242,81.05,2.371708983e-05,2.548547456e-05,1.58758508345354901e-08,1.36624241532391224e-08,nan,nan
3243,81.075,2.274563988e-05,2.774722157e-05,1.58652894531415862e-08,1.36552150287058866e-08,nan,nan
3244,81.1,2.163442093e-05,2.988009960e-05,1.58555371679461238e-08,1.36488157840450321e-08,nan,nan
3245,81.125,2.039038038e-05,3.187330945e-05,1.58466574018724287e-08,1.36432446384254134e-08,nan,nan
3246,81.15,1.902128092e-05,3.371679252e-05,1.58386952763210824e-08,1.36385023405301550e-08,nan,nan
3247,81.175,1.753565202e-05,3.540128657e-05,1.58316765509458457e-08,1.36345721306338997e-08,nan,nan
3248,81.2,1.594273688e-05,3.691837690e-05,1.58256070075316741e-08,1.36314201032920131e-08,nan,nan
3249,81.225,1.425243486e-05,3.826054267e-05,1.58204722925467970e-08,1.36289959619066945e-08,nan,nan
3250,81.25,1.247524003e-05,3.942119801e-05,1.58162382219952724e-08,1.36272341471296911e-08,nan,nan
3251,81.275,1.062217599e-05,4.039960275e-05,1.58128515411738626e-08,1.36260553122034139e-08,nan,nan
3252,81.3,8.704727507e-06,4.132708554e-05,1.58102411211080144e-08,1.36253681101456790e-08,nan,nan
3253,81.325,6.816465153e-06,4.226860467e-05,1.58083195630658076e-08,1.36250712503441650e-08,nan,nan
3254,81.35,5.882260576e-06,4.314884765e-05,1.58069851728789835e-08,1.36250557758231957e-08,nan,nan
3255,81.375,4.932340846e-06,4.382581624e-05,1.58061242580681610e-08,1.36252075073248295e-08,nan,nan
3256,81.4,3.969320304e-06,4.429371856e-05,1.58056136931866691e-08,1.36254095965329100e-08,nan,nan
3257,81.425,5.690486606e-06,4.455067401e-05,1.58053236925435364e-08,1.36255451283502056e-08,nan,nan
3258,81.45,7.542734782e-06,4.459593244e-05,1.58051207246923160e-08,1.36254997111708343e-08,nan,nan
3259,81.475,9.347475673e-06,4.442987623e-05,1.58048704998885341e-08,1.36251639945928169e-08,nan,nan
3260,81.5,1.109361116e-05,4.405401584e-05,1.58044409601999058e-08,1.36244360559722053e-08,nan,nan
3261,81.525,1.277041042e-05,4.347097889e-05,1.58037052021313987e-08,1.36232236005790255e-08,nan,nan
3262,81.55,1.436757590e-05,4.268449283e-05,1.58025442634940459e-08,1.36214459247915723e-08,nan,nan
3263,81.575,1.587530650e-05,4.169936132e-05,1.58008497097509047e-08,1.36190355976418611e-08,nan,nan
3264,81.6,1.728435775e-05,4.052143447e-05,1.57985259601272897e-08,1.36159398229547897e-08,nan,nan
3265,81.625,1.858609843e-05,3.915757316e-05,1.57954923002471218e-08,1.36121214521357485e-08,nan,nan
3266,81.65,1.977256350e-05,3.761560755e-05,1.57916845357918607e-08,1.36075596261624261e-08,nan,nan
3267,81.675,2.083650275e-05,3.590429020e-05,1.57870562504806514e-08,1.36022500343187379e-08,nan,nan
3268,81.7,2.177142517e-05,3.403324392e-05,1.57815796413235383e-08,1.35962047864519154e-08,nan,nan
3269,81.725,2.257163845e-05,3.201290481e-05,1.57752459143649951e-08,1.35894519048124543e-08,nan,nan
3270,81.75,2.324807881e-05,2.985446073e-05,1.57680652347622059e-08,1.35820344506252549e-08,nan,nan
3271,81.775,2.390802815e-05,2.756978564e-05,1.57600662357706031e-08,1.35740093092182671e-08,nan,nan
3272,81.8,2.457524374e-05,2.517137015e-05,1.57512951017773428e-08,1.35654456655920865e-08,nan,nan
3273,81.825,2.516853517e-05,2.267224880e-05,1.57418142506744971e-08,1.35564232095574913e-08,nan,nan
3274,81.85,2.560612091e-05,2.008592436e-05,1.57317006503521105e-08,1.35470301158240728e-08,nan,nan
3275,81.875,2.588539844e-05,1.742628970e-05,1.57210438126883547e-08,1.35373608495443616e-08,nan,nan
3276,81.9,2.600474379e-05,1.470754778e-05,1.57099435159134627e-08,1.35275138516827850e-08,nan,nan
3277,81.925,2.596352097e-05,1.474790682e-05,1.56985073124473516e-08,1.35175891610991686e-08,nan,nan
3278,81.95,2.576208530e-05,1.580233047e-05,1.56868478841111504e-08,1.35076860313555915e-08,nan,nan
3279,81.975,2.540178053e-05,1.679057829e-05,1.56750803098791642e-08,1.34979005999524926e-08,nan,nan
3280,82,2.488492996e-05,1.770376211e-05,1.56633193129957356e-08,1.34883236659891625e-08,nan,nan
3281,82.025,2.421482148e-05,1.853338304e-05,1.56516765542990946e-08,1.34790386291733088e-08,nan,nan
3282,82.05,2.339568669e-05,1.927139158e-05,1.56402580369762829e-08,1.34701196387542051e-08,nan,nan
3283,82.075,2.243267413e-05,1.991024528e-05,1.56291616847679959e-08,1.34616299954389372e-08,nan,nan
3284,82.1,2.133181702e-05,2.045156604e-05,1.56184751509346543e-08,1.34536208428081857e-08,nan,nan
3285,82.125,2.009999541e-05,2.097119987e-05,1.56082739092074263e-08,1.34461301773469561e-08,nan,nan
3286,82.15,1.874489320e-05,2.149003984e-05,1.55986196706363679e-08,1.34391821981289942e-08,nan,nan
3287,82.175,1.852305283e-05,2.198817894e-05,1.55895591618972530e-08,1.34327870086460195e-08,nan,nan
3288,82.2,1.864802572e-05,2.237128462e-05,1.55811232914398787e-08,1.34269406744647701e-08,nan,nan
3289,82.225,1.872176073e-05,2.262461644e-05,1.55733267200822742e-08,1.34216256315461431e-08,nan,nan
3290,82.25,1.874407882e-05,2.425473390e-05,1.55661678425229390e-08,1.34168114313889463e-08,nan,nan
3291,82.275,1.871494209e-05,2.578352165e-05,1.55596291760070995e-08,1.34124558008803494e-08,nan,nan
3292,82.3,1.863445391e-05,2.716127780e-05,1.55536781422969672e-08,1.34085059870495503e-08,nan,nan
3293,82.325,1.850285848e-05,2.838277852e-05,1.55482682194090031e-08,1.34049003500170155e-08,nan,nan
3294,82.35,1.832054016e-05,2.944373195e-05,1.55433404305311553e-08,1.34015701614777523e-08,nan,nan
3295,82.375,1.808802230e-05,3.034079549e-05,1.55388251293410061e-08,1.33984415611958329e-08,nan,nan
3296,82.4,1.780596578e-05,3.111459874e-05,1.55346440338119824e-08,1.33954376203358026e-08,nan,nan
3297,82.425,1.747516714e-05,3.189609104e-05,1.55307124546910376e-08,1.33924804581012152e-08,nan,nan
3298,82.45,1.709655628e-05,3.267216116e-05,1.55269416602999465e-08,1.33894933571442656e-08,nan,nan
3299,82.475,1.667119390e-05,3.329347378e-05,1.55232413162597787e-08,1.33864028235732223e-08,nan,nan
3300,82.5,1.620026850e-05,3.373632999e-05,1.55195219372356717e-08,1.33831405391020335e-08,nan,nan
3301,82.525,1.568509308e-05,3.400108944e-05,1.55156972878764497e-08,1.33796451559106372e-08,nan,nan
3302,82.55,1.512710147e-05,3.408912586e-05,1.55116866717752620e-08,1.33758638890367994e-08,nan,nan
3303,82.575,1.570632989e-05,3.400281006e-05,1.55074170504546640e-08,1.33717538664901704e-08,nan,nan
3304,82.6,1.710017924e-05,3.374548702e-05,1.55028249389990069e-08,1.33672832036294179e-08,nan,nan
3305,82.625,1.838787946e-05,3.332144723e-05,1.54978580308979110e-08,1.33624317755116318e-08,nan,nan
3306,82.65,1.956155063e-05,3.273589259e-05,1.54924765117753283e-08,1.33571916687281755e-08,nan,nan
3307,82.675,2.061401986e-05,3.199489699e-05,1.54866540297766034e-08,1.33515673024856418e-08,nan,nan
3308,82.7,2.153886512e-05,3.110536181e-05,1.54803782992672968e-08,1.33455752171685698e-08,nan,nan
3309,82.725,2.233045442e-05,3.007496681e-05,1.54736513239371741e-08,1.33392435371194829e-08,nan,nan
3310,82.75,2.299563306e-05,2.891211652e-05,1.54664892351635750e-08,1.33326111226789360e-08,nan,nan
3311,82.775,2.363880270e-05,2.762588263e-05,1.54589217513249121e-08,1.33257264344361296e-08,nan,nan
3312,82.8,2.428957653e-05,2.622594268e-05,1.54509912734224183e-08,1.33186461399515842e-08,nan,nan
3313,82.825,2.487165207e-05,2.472251547e-05,1.54427516416227738e-08,1.33114334997457512e-08,nan,nan
3314,82.85,2.529987921e-05,2.312629361e-05,1.54342665859477466e-08,1.33041565749401248e-08,nan,nan
3315,82.875,2.557171033e-05,2.144837358e-05,1.54256079120930209e-08,1.32968863034525245e-08,nan,nan
3316,82.9,2.568556446e-05,2.053825269e-05,1.54168534700661001e-08,1.32896944949738889e-08,nan,nan
3317,82.925,2.564083641e-05,2.248952464e-05,1.54080849588254294e-08,1.32826517970086854e-08,nan,nan
3318,82.95,2.543789994e-05,2.436244495e-05,1.53993856242450260e-08,1.32758256849942173e-08,nan,nan
3319,82.975,2.507810484e-05,2.614563142e-05,1.53908379104187053e-08,1.32692785289089225e-08,nan,nan
3320,83,2.456376796e-05,2.782809253e-05,1.53825211254904183e-08,1.32630657868542924e-08,nan,nan
3321,83.025,2.389815835e-05,2.939929522e-05,1.53745091828251094e-08,1.32572343728970942e-08,nan,nan
3322,83.05,2.308547649e-05,3.084923016e-05,1.53668684764278347e-08,1.32518212420711498e-08,nan,nan
3323,83.075,2.213082778e-05,3.216847434e-05,1.53596559461286444e-08,1.32468522299685504e-08,nan,nan
3324,83.1,2.104019051e-05,3.334825038e-05,1.53529173832609402e-08,1.32423411779377050e-08,nan,nan
3325,83.125,1.982037841e-05,3.438048232e-05,1.53466860214939417e-08,1.32382893677086014e-08,nan,nan
3326,83.15,1.847899809e-05,3.525784751e-05,1.53409814502877130e-08,1.32346852814663149e-08,nan,nan
3327,83.175,1.702440163e-05,3.603531302e-05,1.53358088803008884e-08,1.32315046951851999e-08,nan,nan
3328,83.2,1.546563456e-05,3.681579127e-05,1.53311587812025864e-08,1.32287111046243543e-08,nan,nan
3329,83.225,1.381237965e-05,3.759268687e-05,1.53270069029404644e-08,1.32262564749777264e-08,nan,nan
3330,83.25,1.207489677e-05,3.823153118e-05,1.53233146818329634e-08,1.32240822969796042e-08,nan,nan
3331,83.275,1.147003257e-05,3.868988612e-05,1.53200300231253301e-08,1.32221209244914197e-08,nan,nan
3332,83.3,1.217355795e-05,3.896336020e-05,1.53170884421201021e-08,1.32202971614333846e-08,nan,nan
3333,83.325,1.284342602e-05,3.904855753e-05,1.53144145368987723e-08,1.32185300595522030e-08,nan,nan
3334,83.35,1.347781436e-05,3.894310326e-05,1.53119237572205553e-08,1.32167348830926285e-08,nan,nan
3335,83.375,1.407499855e-05,3.864566306e-05,1.53095244266252598e-08,1.32148251921009612e-08,nan,nan
3336,83.4,1.463335684e-05,3.815595655e-05,1.53071199682684430e-08,1.32127149929397346e-08,nan,nan
3337,83.425,1.515137456e-05,3.747476455e-05,1.53046112797408022e-08,1.32103209027153595e-08,nan,nan
3338,83.45,1.562764824e-05,3.660393015e-05,1.53018991982010224e-08,1.32075642737606117e-08,nan,nan
3339,83.475,1.606088938e-05,3.554635354e-05,1.52988869946798991e-08,1.32043732250872665e-08,nan,nan
3340,83.5,1.644992796e-05,3.430598061e-05,1.52954828354563135e-08,1.32006845298121391e-08,nan,nan
3341,83.525,1.679371559e-05,3.288778543e-05,1.52916021489864261e-08,1.31964453109116166e-08,nan,nan
3342,83.55,1.709132835e-05,3.129774659e-05,1.52871698389726718e-08,1.31916145021937040e-08,nan,nan
3343,83.575,1.735551543e-05,2.954281768e-05,1.52821222877394678e-08,1.31861640369821359e-08,nan,nan
3344,83.6,1.762486389e-05,2.763089193e-05,1.52764090990473695e-08,1.31800797335475804e-08,nan,nan
3345,83.625,1.819428071e-05,2.557076131e-05,1.52699945357090399e-08,1.31733618536362333e-08,nan,nan
3346,83.65,1.935561853e-05,2.337207029e-05,1.52628586147126351e-08,1.31660253183558740e-08,nan,nan
3347,83.675,2.039704588e-05,2.104526444e-05,1.52549978308332029e-08,1.31580995739909101e-08,nan,nan
3348,83.7,2.131220717e-05,1.860153438e-05,1.52464254887163115e-08,1.31496281088261867e-08,nan,nan
3349,83.725,2.209552837e-05,1.605275516e-05,1.52371716329298893e-08,1.31406676305576532e-08,nan,nan
3350,83.75,2.275020318e-05,1.341142158e-05,1.52272825752667293e-08,1.31312869221473960e-08,nan,nan
3351,83.775,2.337715099e-05,1.156055887e-05,1.52168200284007388e-08,1.31215654018392497e-08,nan,nan
3352,83.8,2.401176817e-05,1.070374996e-05,1.52058598646151199e-08,1.31115914202955851e-08,nan,nan
3353,83.825,2.458317307e-05,9.786357981e-06,1.51944905274928824e-08,1.31014603342687747e-08,nan,nan
3354,83.85,2.500253361e-05,8.817371967e-06,1.51828111329661637e-08,1.30912724017242054e-08,nan,nan
3355,83.875,2.526735418e-05,7.806069805e-06,1.51709293037512571e-08,1.30811305477520317e-08,nan,nan
3356,83.9,2.537609424e-05,9.660397657e-06,1.51589587877648642e-08,1.30711380538341015e-08,nan,nan
3357,83.925,2.532817724e-05,1.235288416e-05,1.51470169164627673e-08,1.30613962249910231e-08,nan,nan
3358,83.95,2.512399359e-05,1.499469124e-05,1.51352219630342588e-08,1.30520020899763484e-08,nan,nan
3359,83.975,2.476489768e-05,1.757238355e-05,1.51236904629269653e-08,1.30430461889902703e-08,nan,nan
3360,84,2.425319890e-05,2.007284540e-05,1.51125345602046500e-08,1.30346105013761627e-08,nan,nan
3361,84.025,2.359214687e-05,2.248335400e-05,1.51018594427309064e-08,1.30267665624849205e-08,nan,nan
3362,84.05,2.278591074e-05,2.479165040e-05,1.50917609271366843e-08,1.30195738144279588e-08,nan,nan
3363,84.075,2.183955299e-05,2.698600785e-05,1.50823232510190934e-08,1.30130782298971733e-08,nan,nan
3364,84.1,2.075899758e-05,2.905529715e-05,1.50736171249194432e-08,1.30073112417436615e-08,nan,nan
3365,84.125,1.955099295e-05,3.098904854e-05,1.50656980904593704e-08,1.30022890037353945e-08,nan,nan
3366,84.15,1.822306980e-05,3.277750987e-05,1.50586052237255741e-08,1.29980120000325335e-08,nan,nan
3367,84.175,1.678349424e-05,3.441170062e-05,1.50523602147650321e-08,1.29944650126215500e-08,nan,nan
3368,84.2,1.524121626e-05,3.588346149e-05,1.50469668450824469e-08,1.29916174474356734e-08,nan,nan
3369,84.225,1.360581417e-05,3.718549933e-05,1.50424108755406500e-08,1.29894240113676893e-08,nan,nan
3370,84.25,1.188743507e-05,3.831142700e-05,1.50386603472812029e-08,1.29878257240557730e-08,nan,nan
3371,84.275,1.009673193e-05,3.925579809e-05,1.50356662884463524e-08,1.29867512403962363e-08,nan,nan
3372,84.3,8.244797529e-06,4.011895930e-05,1.50333638098317131e-08,1.29861184523994344e-08,nan,nan
3373,84.325,6.552779751e-06,4.099682788e-05,1.50316735633664574e-08,1.29858363324334759e-08,nan,nan
3374,84.35,5.641945659e-06,4.182959814e-05,1.50305035287264934e-08,1.29858069742531359e-08,nan,nan
3375,84.375,4.716025852e-06,4.246889113e-05,1.50297510856444968e-08,1.29859277836227650e-08,nan,nan
3376,84.4,3.777567679e-06,4.290603871e-05,1.50293053227735377e-08,1.29860937669208005e-08,nan,nan
3377,84.425,5.513931029e-06,4.313930092e-05,1.50290495284497449e-08,1.29861998639393628e-08,nan,nan
3378,84.45,7.307928053e-06,4.316802875e-05,1.50288638045148392e-08,1.29861432702158671e-08,nan,nan
3379,84.475,9.055954000e-06,4.299266568e-05,1.50286277415999922e-08,1.29858256946718570e-08,nan,nan
3380,84.5,1.074725931e-05,4.261474302e-05,1.50282230930016159e-08,1.29851555000748318e-08,nan,nan
3381,84.525,1.237144957e-05,4.203686899e-05,1.50275363845251300e-08,1.29840496768341683e-08,nan,nan
3382,84.55,1.391854941e-05,4.126271162e-05,1.50264613994240208e-08,1.29824356048177761e-08,nan,nan
3383,84.575,1.537906373e-05,4.029697560e-05,1.50249014807726174e-08,1.29802525631257364e-08,nan,nan
3384,84.6,1.674403598e-05,3.914537323e-05,1.50227715981995172e-08,1.29774529539512522e-08,nan,nan
3385,84.625,1.800510308e-05,3.781458963e-05,1.50200001317599436e-08,1.29740032136451750e-08,nan,nan
3386,84.65,1.915454665e-05,3.631224245e-05,1.50165303326924597e-08,1.29698843917048137e-08,nan,nan
3387,84.675,2.018534022e-05,3.464683631e-05,1.50123214287174863e-08,1.29650923864456401e-08,nan,nan
3388,84.7,2.109119222e-05,3.282771225e-05,1.50073493501948388e-08,1.29596378343872450e-08,nan,nan
3389,84.725,2.186658433e-05,3.086499249e-05,1.50016070626540756e-08,1.29535456586920350e-08,nan,nan
3390,84.75,2.251184163e-05,2.876952084e-05,1.49951045007175707e-08,1.29468542901348190e-08,nan,nan
3391,84.775,2.312309070e-05,2.655279920e-05,1.49878681080215617e-08,1.29396145818558412e-08,nan,nan
3392,84.8,2.374149684e-05,2.422692035e-05,1.49799399971695797e-08,1.29318884463722402e-08,nan,nan
3393,84.825,2.430271755e-05,2.180449760e-05,1.49713767527984470e-08,1.29237472498179608e-08,nan,nan
3394,84.85,2.471367747e-05,1.929859171e-05,1.49622479092791002e-08,1.29152700039955142e-08,nan,nan
3395,84.875,2.497189991e-05,1.672263539e-05,1.49526341422105328e-08,1.29065414014213217e-08,nan,nan
3396,84.9,2.507588236e-05,1.409035600e-05,1.49426252195115692e-08,1.28976497420214997e-08,nan,nan
3397,84.925,2.502507483e-05,1.434703556e-05,1.49323177634137681e-08,1.28886848024081636e-08,nan,nan
3398,84.95,2.481988269e-05,1.536246365e-05,1.49218128788803595e-08,1.28797356996856733e-08,nan,nan
3399,84.975,2.446166361e-05,1.631366313e-05,1.49112137068224440e-08,1.28708888014825666e-08,nan,nan
3400,85,2.395271858e-05,1.719203915e-05,1.49006229618908920e-08,1.28622257323895163e-08,nan,nan
3401,85.025,2.329627718e-05,1.798937382e-05,1.48901405145626435e-08,1.28538215242495638e-08,nan,nan
3402,85.05,2.249647712e-05,1.869788456e-05,1.48798610757206479e-08,1.28457429538667894e-08,nan,nan
3403,85.075,2.155833812e-05,1.931027975e-05,1.48698720389913377e-08,1.28380471067744511e-08,nan,nan
3404,85.1,2.048773044e-05,1.982450498e-05,1.48602515318303115e-08,1.28307801998578989e-08,nan,nan
3405,85.125,1.929133818e-05,2.030988965e-05,1.48510667208469994e-08,1.28239766890089555e-08,nan,nan
3406,85.15,1.797661752e-05,2.079317942e-05,1.48423724102722806e-08,1.28176586807634497e-08,nan,nan
3407,85.175,1.805299082e-05,2.125587942e-05,1.48342099649671059e-08,1.28118356592222157e-08,nan,nan
3408,85.2,1.817048447e-05,2.160698583e-05,1.48266065811329198e-08,1.28065045316699177e-08,nan,nan
3409,85.225,1.823806623e-05,2.190941104e-05,1.48195749191231781e-08,1.28016499883809897e-08,nan,nan
3410,85.25,1.825557218e-05,2.353790571e-05,1.48131131036872168e-08,1.27972451643323797e-08,nan,nan
3411,85.275,1.822297585e-05,2.502593779e-05,1.48072050878286187e-08,1.27932525831212475e-08,nan,nan
3412,85.3,1.814038826e-05,2.636754266e-05,1.48018213674562300e-08,1.27896253564923400e-08,nan,nan
3413,85.325,1.800805752e-05,2.755763642e-05,1.47969200253694849e-08,1.27863086066846933e-08,nan,nan
3414,85.35,1.782636813e-05,2.859203827e-05,1.47924480750622862e-08,1.27832410734608631e-08,nan,nan
3415,85.375,1.759583986e-05,2.946748740e-05,1.47883430675487996e-08,1.27803568633134733e-08,nan,nan
3416,85.4,1.731712622e-05,3.019887039e-05,1.47845349180877487e-08,1.27775872950573372e-08,nan,nan
3417,85.425,1.699101267e-05,3.092070714e-05,1.47809479044616899e-08,1.27748627938885675e-08,nan,nan
3418,85.45,1.661841438e-05,3.165111564e-05,1.47775027844793740e-08,1.27721147850720919e-08,nan,nan
3419,85.475,1.620037365e-05,3.224619152e-05,1.47741189777081363e-08,1.27692775387258261e-08,nan,nan
3420,85.5,1.573805704e-05,3.266890020e-05,1.47707167551686151e-08,1.27662899186909083e-08,nan,nan
3421,85.525,1.523275204e-05,3.291963189e-05,1.47672193808641936e-08,1.27630969911705809e-08,nan,nan
3422,85.55,1.468586358e-05,3.299975450e-05,1.47635551505625709e-08,1.27596514526147745e-08,nan,nan
3423,85.575,1.522047974e-05,3.291159695e-05,1.47596592761541863e-08,1.27559148411245261e-08,nan,nan
3424,85.6,1.657173038e-05,3.265842679e-05,1.47554755681043042e-08,1.27518585013266821e-08,nan,nan
3425,85.625,1.782016068e-05,3.224442231e-05,1.47509578738833792e-08,1.27474642790820638e-08,nan,nan
3426,85.65,1.895812890e-05,3.167463941e-05,1.47460712366669757e-08,1.27427249293755844e-08,nan,nan
3427,85.675,1.997867798e-05,3.095497328e-05,1.47407927458779245e-08,1.27376442281202353e-08,nan,nan
3428,85.7,2.087557798e-05,3.009211531e-05,1.47351120591157548e-08,1.27322367862009752e-08,nan,nan
3429,85.725,2.164336417e-05,2.909350550e-05,1.47290315834801105e-08,1.27265275717006031e-08,nan,nan
3430,85.75,2.228001106e-05,2.796728056e-05,1.47225663130333204e-08,1.27205511536961063e-08,nan,nan
3431,85.775,2.287567020e-05,2.672221816e-05,1.47157433279432167e-08,1.27143506881054619e-08,nan,nan
3432,85.8,2.347905952e-05,2.536767767e-05,1.47086009694801123e-08,1.27079766726246772e-08,nan,nan
3433,85.825,2.402992900e-05,2.391353771e-05,1.47011877132965138e-08,1.27014855036596571e-08,nan,nan
3434,85.85,2.443292997e-05,2.237013094e-05,1.46935607710884805e-08,1.26949378731812070e-08,nan,nan
3435,85.875,2.468494485e-05,2.074817660e-05,1.46857844576324401e-08,1.26883970474907931e-08,nan,nan
3436,85.9,2.478450685e-05,2.003545827e-05,1.46779283661405622e-08,1.26819270728789982e-08,nan,nan
3437,85.925,2.473109058e-05,2.192679488e-05,1.46700653997324759e-08,1.26755909550146964e-08,nan,nan
3438,85.95,2.452511478e-05,2.374189296e-05,1.46622697104631242e-08,1.26694488595753840e-08,nan,nan
3439,85.975,2.416793912e-05,2.546971931e-05,1.46546145996851477e-08,1.26635563811020557e-08,nan,nan
3440,86,2.366185532e-05,2.709961972e-05,1.46471704345028681e-08,1.26579629253496361e-08,nan,nan
3441,86.025,2.301007243e-05,2.862138464e-05,1.46400026346710288e-08,1.26527102475501891e-08,nan,nan
3442,86.05,2.221669650e-05,3.002531252e-05,1.46331697825160924e-08,1.26478311850837392e-08,nan,nan
3443,86.075,2.128670475e-05,3.130227042e-05,1.46267219053565817e-08,1.26433486181586689e-08,nan,nan
3444,86.1,2.022591432e-05,3.244375161e-05,1.46206989755506825e-08,1.26392746863627015e-08,nan,nan
3445,86.125,1.904094591e-05,3.344192959e-05,1.46151296678132630e-08,1.26356102824995164e-08,nan,nan
3446,86.15,1.773918247e-05,3.428970842e-05,1.46100304069580311e-08,1.26323448381361241e-08,nan,nan
3447,86.175,1.632872321e-05,3.502212686e-05,1.46054047318968825e-08,1.26294564079267858e-08,nan,nan
3448,86.2,1.481833319e-05,3.575228419e-05,1.46012429937500095e-08,1.26269120522347612e-08,nan,nan
3449,86.225,1.321738890e-05,3.648115999e-05,1.45975223974863960e-08,1.26246685100307767e-08,nan,nan
3450,86.25,1.153582003e-05,3.708103136e-05,1.45942073878357795e-08,1.26226731466947178e-08,nan,nan
3451,86.275,1.121166893e-05,3.750603403e-05,1.45912503715058747e-08,1.26208651543673550e-08,nan,nan
3452,86.3,1.189814707e-05,3.775200485e-05,1.45885927592197940e-08,1.26191769760649174e-08,nan,nan
3453,86.325,1.255174564e-05,3.781574389e-05,1.45861663029703270e-08,1.26175359190425201e-08,nan,nan
3454,86.35,1.317068600e-05,3.769503861e-05,1.45838946963725066e-08,1.26158659180150778e-08,nan,nan
3455,86.375,1.375328522e-05,3.738868228e-05,1.45816953992701388e-08,1.26140894049381790e-08,nan,nan
3456,86.4,1.429796060e-05,3.689648651e-05,1.45794816419842541e-08,1.26121292392141369e-08,nan,nan
3457,86.425,1.480323401e-05,3.621928792e-05,1.45771645599243516e-08,1.26099106504898801e-08,nan,nan
3458,86.45,1.526773586e-05,3.535894871e-05,1.45746554058346715e-08,1.26073631456975962e-08,nan,nan
3459,86.475,1.569020887e-05,3.431835133e-05,1.45718677848023485e-08,1.26044223326692258e-08,nan,nan
3460,86.5,1.606951142e-05,3.310138706e-05,1.45687198563678072e-08,1.26010316145173390e-08,nan,nan
3461,86.525,1.640462063e-05,3.171293869e-05,1.45651364486693440e-08,1.25971437119717765e-08,nan,nan
3462,86.55,1.669463519e-05,3.015885737e-05,1.45610510315108881e-08,1.25927219749218688e-08,nan,nan
3463,86.575,1.694692506e-05,2.844593365e-05,1.45564074985164936e-08,1.25877414494377251e-08,nan,nan
3464,86.6,1.720179007e-05,2.658186311e-05,1.45511617130480720e-08,1.25821896724092805e-08,nan,nan
3465,86.625,1.763927977e-05,2.457520643e-05,1.45452827782032314e-08,1.25760671725038906e-08,nan,nan
3466,86.65,1.876617261e-05,2.243534447e-05,1.45387539978404859e-08,1.25693876632435109e-08,nan,nan
3467,86.675,1.977684873e-05,2.017242837e-05,1.45315735030363372e-08,1.25621779214646874e-08,nan,nan
3468,86.7,2.066513765e-05,1.779732509e-05,1.45237545264809112e-08,1.25544773520685871e-08,nan,nan
3469,86.725,2.142562618e-05,1.532155867e-05,1.45153253158660065e-08,1.25463372476046283e-08,nan,nan
3470,86.75,2.205482233e-05,1.275724751e-05,1.45063286861037047e-08,1.25378197586747795e-08,nan,nan
3471,86.775,2.263516853e-05,1.112867033e-05,1.44968212190177177e-08,1.25289965982128943e-08,nan,nan
3472,86.8,2.322348650e-05,1.030626088e-05,1.44868721277595509e-08,1.25199475092116227e-08,nan,nan
3473,86.825,2.376447316e-05,9.425830655e-06,1.44765618114045563e-08,1.25107585312791742e-08,nan,nan
3474,86.85,2.415993418e-05,8.496050428e-06,1.44659801327790656e-08,1.25015201063671608e-08,nan,nan
3475,86.875,2.440611164e-05,7.525866342e-06,1.44552244593727560e-08,1.24923250679979121e-08,nan,nan
3476,86.9,2.450157231e-05,9.428544774e-06,1.44443975130328637e-08,1.24832665612382559e-08,nan,nan
3477,86.925,2.444581357e-05,1.204552220e-05,1.44336050788769656e-08,1.24744359424436246e-08,nan,nan
3478,86.95,2.423926597e-05,1.461324994e-05,1.44229536273814447e-08,1.24659207083896464e-08,nan,nan
3479,86.975,2.388329005e-05,1.711868163e-05,1.44125479058186180e-08,1.24578025038017896e-08,nan,nan
3480,87,2.338016738e-05,1.954908065e-05,1.44024885560713137e-08,1.24501552545030320e-08,nan,nan
3481,87.025,2.273308600e-05,2.189209116e-05,1.43928698153299713e-08,1.24430434704691359e-08,nan,nan
3482,87.05,2.194612020e-05,2.413580700e-05,1.43837773542853590e-08,1.24365207590816253e-08,nan,nan
3483,87.075,2.102420490e-05,2.626883807e-05,1.43752863042176334e-08,1.24306285838976701e-08,nan,nan
3484,87.1,1.997310469e-05,2.828037372e-05,1.43674595199264300e-08,1.24253952984343298e-08,nan,nan
3485,87.125,1.879937779e-05,3.016024290e-05,1.43603461198575397e-08,1.24208354779329733e-08,nan,nan
3486,87.15,1.751033518e-05,3.189897063e-05,1.43539803381937986e-08,1.24169495649873936e-08,nan,nan
3487,87.175,1.611399503e-05,3.348783045e-05,1.43483807162535277e-08,1.24137238374598906e-08,nan,nan
3488,87.2,1.461903283e-05,3.491889265e-05,1.43435496524586426e-08,1.24111306994517825e-08,nan,nan
3489,87.225,1.303472754e-05,3.618506791e-05,1.43394733215932990e-08,1.24091292884265607e-08,nan,nan
3490,87.25,1.137090395e-05,3.728014601e-05,1.43361219652808550e-08,1.24076663840882120e-08,nan,nan
3491,87.275,9.637871791e-06,3.819882966e-05,1.43334505467743469e-08,1.24066775974762286e-08,nan,nan
3492,87.3,7.846361861e-06,3.900424773e-05,1.43313997544986849e-08,1.24060888121247743e-08,nan,nan
3493,87.325,6.317133426e-06,3.982221449e-05,1.43298973305102892e-08,1.24058178432060490e-08,nan,nan
3494,87.35,5.428037728e-06,4.061181483e-05,1.43288596923522177e-08,1.24057762754789043e-08,nan,nan
3495,87.375,4.524416763e-06,4.121874261e-05,1.43281938098648235e-08,1.24058714367153668e-08,nan,nan
3496,87.4,3.608755717e-06,4.162988090e-05,1.43277992925299931e-08,1.24060084601766233e-08,nan,nan
3497,87.425,5.338739384e-06,4.184360689e-05,1.43275706380249333e-08,1.24060923877309991e-08,nan,nan
3498,87.45,7.079471154e-06,4.185935251e-05,1.43273995889542336e-08,1.24060302643933158e-08,nan,nan
3499,87.475,8.775717596e-06,4.167760570e-05,1.43271775423059260e-08,1.24057331754364578e-08,nan,nan
3500,87.5,1.041704739e-05,4.129990551e-05,1.43267979550923463e-08,1.24051181787686069e-08,nan,nan
3501,87.525,1.199337279e-05,4.072883128e-05,1.43261586899144710e-08,1.24041100879436706e-08,nan,nan
3502,87.55,1.349501159e-05,3.996798578e-05,1.43251642458178272e-08,1.24026430649090453e-08,nan,nan
3503,87.575,1.491274661e-05,3.902197261e-05,1.43237278227466287e-08,1.24006619863016916e-08,nan,nan
3504,87.6,1.623788226e-05,3.789636782e-05,1.43217731720759174e-08,1.23981235526628665e-08,nan,nan
3505,87.625,1.746229786e-05,3.659768601e-05,1.43192361910033486e-08,1.23949971162177331e-08,nan,nan
3506,87.65,1.857849739e-05,3.513334116e-05,1.43160662248827858e-08,1.23912652097025028e-08,nan,nan
3507,87.675,1.957965540e-05,3.351160235e-05,1.43122270487229190e-08,1.23869237659515445e-08,nan,nan
3508,87.7,2.045965870e-05,3.174154471e-05,1.43076975068820924e-08,1.23819820254029520e-08,nan,nan
3509,87.725,2.121314372e-05,2.983299579e-05,1.43024717982711457e-08,1.23764621361623837e-08,nan,nan
3510,87.75,2.183552916e-05,2.779647785e-05,1.42965594029290374e-08,1.23703984585999898e-08,nan,nan
3511,87.775,2.240113071e-05,2.564314625e-05,1.42899846544503526e-08,1.23638365934661813e-08,nan,nan
3512,87.8,2.297448703e-05,2.338472442e-05,1.42827859712113130e-08,1.23568321590293146e-08,nan,nan
3513,87.825,2.350603639e-05,2.103343568e-05,1.42750147674554078e-08,1.23494493486042258e-08,nan,nan
3514,87.85,2.389435520e-05,1.860193256e-05,1.42667340728650424e-08,1.23417593049163893e-08,nan,nan
3515,87.875,2.413504627e-05,1.610322370e-05,1.42580168960797411e-08,1.23338383519109150e-08,nan,nan
3516,87.9,2.422670787e-05,1.355059913e-05,1.42489443735606949e-08,1.23257661277719527e-08,nan,nan
3517,87.925,2.416885837e-05,1.396636348e-05,1.42396037501036464e-08,1.23176236649929479e-08,nan,nan
3518,87.95,2.396193873e-05,1.494649765e-05,1.42300862410537531e-08,1.23094914642846861e-08,nan,nan
3519,87.975,2.360730921e-05,1.586426626e-05,1.42204848287876720e-08,1.23014476089082513e-08,nan,nan
3520,88,2.310724048e-05,1.671134144e-05,1.42108920472455367e-08,1.22935659646834590e-08,nan,nan
3521,88.025,2.246489912e-05,1.747976063e-05,1.42013978081934476e-08,1.22859145084886739e-08,nan,nan
3522,88.05,2.168432753e-05,1.816198308e-05,1.41920873214838280e-08,1.22785538245998058e-08,nan,nan
3523,88.075,2.077041856e-05,1.875094396e-05,1.41830391588965694e-08,1.22715358038033367e-08,nan,nan
3524,88.1,1.972888480e-05,1.924174594e-05,1.41743235072603650e-08,1.22649025749730398e-08,nan,nan
3525,88.125,1.856622289e-05,1.969522498e-05,1.41660006515705218e-08,1.22586856928548700e-08,nan,nan
3526,88.15,1.745733265e-05,2.014633800e-05,1.41581197228647662e-08,1.22529055993088876e-08,nan,nan
3527,88.175,1.761672792e-05,2.057724553e-05,1.41507177388428148e-08,1.22475713683744489e-08,nan,nan
3528,88.2,1.772772427e-05,2.090073591e-05,1.41438189577884267e-08,1.22426807384260086e-08,nan,nan
3529,88.225,1.779003702e-05,2.128080844e-05,1.41374345584610517e-08,1.22382204275470774e-08,nan,nan
3530,88.25,1.780351513e-05,2.286841777e-05,1.41315626504637712e-08,1.22341667212458966e-08,nan,nan
3531,88.275,1.776814160e-05,2.431968647e-05,1.41261886113681028e-08,1.22304863149397790e-08,nan,nan
3532,88.3,1.768403347e-05,2.562879956e-05,1.41212857387876086e-08,1.22271373874116379e-08,nan,nan
3533,88.325,1.755144141e-05,2.679079665e-05,1.41168161978406525e-08,1.22240708758441112e-08,nan,nan
3534,88.35,1.737074897e-05,2.780159380e-05,1.41127322372183525e-08,1.22212319181991913e-08,nan,nan
3535,88.375,1.714247154e-05,2.865800002e-05,1.41089776405532875e-08,1.22185614247520457e-08,nan,nan
3536,88.4,1.686725479e-05,2.936063616e-05,1.41054893741277394e-08,1.22159977375990755e-08,nan,nan
3537,88.425,1.654587294e-05,3.002515859e-05,1.41021993873017703e-08,1.22134783350155647e-08,nan,nan
3538,88.45,1.617922649e-05,3.071017585e-05,1.40990365184958407e-08,1.22109415366804413e-08,nan,nan
3539,88.475,1.576833978e-05,3.128285368e-05,1.40959284572109971e-08,1.22083281660331330e-08,nan,nan
3540,88.5,1.531435807e-05,3.168873186e-05,1.40928037114683061e-08,1.22055831273703474e-08,nan,nan
3541,88.525,1.481854439e-05,3.192821889e-05,1.40895935302188767e-08,1.22026568576890482e-08,nan,nan
3542,88.55,1.428227598e-05,3.200266783e-05,1.40862337317094820e-08,1.21995066166746409e-08,nan,nan
3543,88.575,1.476335817e-05,3.191436000e-05,1.40826663914451581e-08,1.21960975825318895e-08,nan,nan
3544,88.6,1.607606183e-05,3.166648310e-05,1.40788413471994425e-08,1.21924037264511041e-08,nan,nan
3545,88.625,1.728906276e-05,3.126310414e-05,1.40747174833864558e-08,1.21884084442647449e-08,nan,nan
3546,88.65,1.839493420e-05,3.070913715e-05,1.40702637629014600e-08,1.21841049301324101e-08,nan,nan
3547,88.675,1.938691316e-05,3.001030602e-05,1.40654599811115110e-08,1.21794962837368339e-08,nan,nan
3548,88.7,2.025894172e-05,2.917310270e-05,1.40602972238675855e-08,1.21745953493128717e-08,nan,nan
3549,88.725,2.100570406e-05,2.820474101e-05,1.40547780190338076e-08,1.21694242916948859e-08,nan,nan
3550,88.75,2.162265882e-05,2.711310640e-05,1.40489161788955491e-08,1.21640139212838734e-08,nan,nan
3551,88.775,2.217316723e-05,2.590670190e-05,1.40427363387194765e-08,1.21584027862369634e-08,nan,nan
3552,88.8,2.273198173e-05,2.459459075e-05,1.40362732044963637e-08,1.21526360561074139e-08,nan,nan
3553,88.825,2.325432410e-05,2.318633597e-05,1.40295705303086166e-08,1.21467642264656127e-08,nan,nan
3554,88.85,2.363587852e-05,2.169193726e-05,1.40226798526433538e-08,1.21408416785790481e-08,nan,nan
3555,88.875,2.387141628e-05,2.012176571e-05,1.40156590151479717e-08,1.21349251319100423e-08,nan,nan
3556,88.9,2.395956522e-05,1.955415781e-05,1.40085705226446155e-08,1.21290720299140922e-08,nan,nan
3557,88.925,2.389986306e-05,2.139064938e-05,1.40014797675511917e-08,1.21233389013205220e-08,nan,nan
3558,88.95,2.369275976e-05,2.315293721e-05,1.39944531750921706e-08,1.21177797397102320e-08,nan,nan
3559,88.975,2.333961430e-05,2.483030755e-05,1.39875563157436675e-08,1.21124444437559458e-08,nan,nan
3560,89,2.284268569e-05,2.641241443e-05,1.39808520341925169e-08,1.21073773589715654e-08,nan,nan
3561,89.025,2.220511861e-05,2.788934336e-05,1.39743986436803604e-08,1.21026159592691676e-08,nan,nan
3562,89.05,2.143092352e-05,2.925167294e-05,1.39682482329607150e-08,1.20981897031077269e-08,nan,nan
3563,89.075,2.052495140e-05,3.049053369e-05,1.39624451302630553e-08,1.20941190946266121e-08,nan,nan
3564,89.1,1.949286340e-05,3.159766395e-05,1.39570245647039750e-08,1.20904149749965545e-08,nan,nan
3565,89.125,1.834109545e-05,3.256546247e-05,1.39520115606108390e-08,1.20870780634212290e-08,nan,nan
3566,89.15,1.707681814e-05,3.338703729e-05,1.39474200943534822e-08,1.20840987609286789e-08,nan,nan
3567,89.175,1.570789212e-05,3.408106095e-05,1.39432525366604204e-08,1.20814572234609673e-08,nan,nan
3568,89.2,1.424281916e-05,3.476396248e-05,1.39394993961936262e-08,1.20791237039680217e-08,nan,nan
3569,89.225,1.269068942e-05,3.544932238e-05,1.39361393725500524e-08,1.20770591564071402e-08,nan,nan
3570,89.25,1.106112503e-05,3.601538468e-05,1.39331397190381388e-08,1.20752160879107338e-08,nan,nan
3571,89.275,1.096724270e-05,3.641179084e-05,1.39304569077387525e-08,1.20735396390784059e-08,nan,nan
3572,89.3,1.163797547e-05,3.663457667e-05,1.39280375816976391e-08,1.20719688665317849e-08,nan,nan
3573,89.325,1.227656189e-05,3.668071123e-05,1.39258197718013655e-08,1.20704381966876948e-08,nan,nan
3574,89.35,1.288126378e-05,3.654811993e-05,1.39237343491426405e-08,1.20688790152859717e-08,nan,nan
3575,89.375,1.345043645e-05,3.623570197e-05,1.39217066776521024e-08,1.20672213536620014e-08,nan,nan
3576,89.4,1.398253318e-05,3.574334222e-05,1.39196584266119076e-08,1.20653956301698474e-08,nan,nan
3577,89.425,1.447610946e-05,3.507191727e-05,1.39175094985015591e-08,1.20633344036039640e-08,nan,nan
3578,89.45,1.492982685e-05,3.422329579e-05,1.39151800245609581e-08,1.20609740949775145e-08,nan,nan
3579,89.475,1.534245669e-05,3.320033292e-05,1.39125923785681997e-08,1.20582566346043931e-08,nan,nan
3580,89.5,1.571288333e-05,3.200685903e-05,1.39096731586666403e-08,1.20551309930893012e-08,nan,nan
3581,89.525,1.604010722e-05,3.064766261e-05,1.39063550876555648e-08,1.20515545575120015e-08,nan,nan
3582,89.55,1.632324756e-05,2.912846760e-05,1.39025787839676518e-08,1.20474943177357043e-08,nan,nan
3583,89.575,1.656582122e-05,2.745590511e-05,1.38982943585512775e-08,1.20429278322860463e-08,nan,nan
3584,89.6,1.680737994e-05,2.563747984e-05,1.38934627969834636e-08,1.20378439485268069e-08,nan,nan
3585,89.625,1.711943181e-05,2.368153127e-05,1.38880570912597863e-08,1.20322432577726758e-08,nan,nan
3586,89.65,1.821532444e-05,2.159718992e-05,1.38820630917156274e-08,1.20261382723820315e-08,nan,nan
3587,89.675,1.919844849e-05,1.939432883e-05,1.38754800562820151e-08,1.20195533186073660e-08,nan,nan
3588,89.7,2.006279938e-05,1.708351070e-05,1.38683208816026895e-08,1.20125241458820065e-08,nan,nan
3589,89.725,2.080310726e-05,1.467593084e-05,1.38606120082591068e-08,1.20050972601224997e-08,nan,nan
3590,89.75,2.141486910e-05,1.218335632e-05,1.38523930002758516e-08,1.19973289953562416e-08,nan,nan
3591,89.775,2.195150015e-05,1.074458210e-05,1.38437158070174200e-08,1.19892843443807796e-08,nan,nan
3592,89.8,2.249608803e-05,9.954097788e-06,1.38346437233435184e-08,1.19810355750648700e-08,nan,nan
3593,89.825,2.300905932e-05,9.107841555e-06,1.38252500712734351e-08,1.19726606641685295e-08,nan,nan
3594,89.85,2.338420842e-05,8.214190201e-06,1.38156166332402708e-08,1.19642415850604412e-08,nan,nan
3595,89.875,2.361490913e-05,7.281784218e-06,1.38058318731256652e-08,1.19558624893373529e-08,nan,nan
3596,89.9,2.369981696e-05,9.196204946e-06,1.37959889865038697e-08,1.19476078250131373e-08,nan,nan
3597,89.925,2.363848740e-05,1.174356771e-05,1.37861838257648604e-08,1.19395604355794703e-08,nan,nan
3598,89.95,2.343137818e-05,1.424308811e-05,1.37765127489231623e-08,1.19317996848043460e-08,nan,nan
3599,89.975,2.307984593e-05,1.668207745e-05,1.37670704428768403e-08,1.19243996516144189e-08,nan,nan
3600,90,2.258613736e-05,1.904814713e-05,1.37579477726114773e-08,1.19174274378155649e-08,nan,nan
3601,90.025,2.195337488e-05,2.132927778e-05,1.37492297073283008e-08,1.19109416287824123e-08,nan,nan
3602,90.05,2.118553688e-05,2.351388616e-05,1.37409933727270627e-08,1.19049909436566291e-08,nan,nan
3603,90.075,2.028743275e-05,2.559088976e-05,1.37333062757350584e-08,1.18996131071216956e-08,nan,nan
3604,90.1,1.926467270e-05,2.754976848e-05,1.37262247439154129e-08,1.18948339695770928e-08,nan,nan
3605,90.125,1.812363280e-05,2.938062309e-05,1.37197926167093063e-08,1.18906668966435973e-08,nan,nan
3606,90.15,1.687141517e-05,3.107423019e-05,1.37140402196917401e-08,1.18871124425379701e-08,nan,nan
3607,90.175,1.551580382e-05,3.262209333e-05,1.37089836462947382e-08,1.18841583151149439e-08,nan,nan
3608,90.2,1.406521627e-05,3.401648985e-05,1.37046243641377272e-08,1.18817796334517508e-08,nan,nan
3609,90.225,1.252865126e-05,3.525051343e-05,1.37009491553820631e-08,1.18799394719116348e-08,nan,nan
3610,90.25,1.091563296e-05,3.631811185e-05,1.36979303925805793e-08,1.18785896778363175e-08,nan,nan
3611,90.275,9.236151932e-06,3.721411988e-05,1.36955266435183710e-08,1.18776719435449333e-08,nan,nan
3612,90.3,7.500603269e-06,3.797230566e-05,1.36936835907293056e-08,1.18771191073175170e-08,nan,nan
3613,90.325,6.105840241e-06,3.873436025e-05,1.36923352439144583e-08,1.18768566526568769e-08,nan,nan
3614,90.35,5.237037783e-06,3.948326727e-05,1.36914054165624854e-08,1.18768043704856663e-08,nan,nan
3615,90.375,4.354210631e-06,4.006237761e-05,1.36908094318462290e-08,1.18768781451540644e-08,nan,nan
3616,90.4,3.459786070e-06,4.045155993e-05,1.36904560174927328e-08,1.18769918222975982e-08,nan,nan
3617,90.425,5.165135752e-06,4.064928848e-05,1.36902493449251176e-08,1.18770591147614484e-08,nan,nan
3618,90.45,6.856967758e-06,4.065505905e-05,1.36900911646587296e-08,1.18769955020382074e-08,nan,nan
3619,90.475,8.505754079e-06,4.046938990e-05,1.36898829877780470e-08,1.18767200789680159e-08,nan,nan
3620,90.5,1.010135510e-05,4.009381682e-05,1.36895282623760843e-08,1.18761573108129021e-08,nan,nan
3621,90.525,1.163396366e-05,3.953088244e-05,1.36889344941231365e-08,1.18752386542048564e-08,nan,nan
3622,90.55,1.309416539e-05,3.878411964e-05,1.36880152616380067e-08,1.18739040068193284e-08,nan,nan
3623,90.575,1.447299645e-05,3.785802951e-05,1.36866920800216872e-08,1.18721029528582755e-08,nan,nan
3624,90.6,1.576199862e-05,3.675805358e-05,1.36848960697136254e-08,1.18697957764353490e-08,nan,nan
3625,90.625,1.695327114e-05,3.549054090e-05,1.36825693926486036e-08,1.18669542206166380e-08,nan,nan
3626,90.65,1.803951914e-05,3.406270986e-05,1.36796664234072859e-08,1.18635619760440923e-08,nan,nan
3627,90.675,1.901409830e-05,3.248260520e-05,1.36761546295266115e-08,1.18596148896032724e-08,nan,nan
3628,90.7,1.987105550e-05,3.075905027e-05,1.36720151422050807e-08,1.18551208903334182e-08,nan,nan
3629,90.725,2.060516515e-05,2.890159509e-05,1.36672430061318574e-08,1.18500996365516510e-08,nan,nan
3630,90.75,2.121196107e-05,2.692046022e-05,1.36618471049021745e-08,1.18445818948104163e-08,nan,nan
3631,90.775,2.173539531e-05,2.482647706e-05,1.36558497662671760e-08,1.18386086676674011e-08,nan,nan
3632,90.8,2.226598841e-05,2.263102474e-05,1.36492860591140560e-08,1.18322300931649340e-08,nan,nan
3633,90.825,2.276998139e-05,2.034596409e-05,1.36422028013970509e-08,1.18255041442500172e-08,nan,nan
3634,90.85,2.313906663e-05,1.798356902e-05,1.36346573050641148e-08,1.18184951609883667e-08,nan,nan
3635,90.875,2.336523067e-05,1.555645580e-05,1.36267158901839806e-08,1.18112722522271596e-08,nan,nan
3636,90.9,2.344715494e-05,1.307751061e-05,1.36184522058260086e-08,1.18039076062531741e-08,nan,nan
3637,90.925,2.338441120e-05,1.360387140e-05,1.36099453996537802e-08,1.17964747519079717e-08,nan,nan
3638,90.95,2.317746370e-05,1.455194276e-05,1.36012781815585921e-08,1.17890468125168893e-08,nan,nan
3639,90.975,2.282766585e-05,1.543943551e-05,1.35925348289037357e-08,1.17816947948456734e-08,nan,nan
3640,91,2.233725136e-05,1.625826575e-05,1.35837991820231815e-08,1.17744859541258432e-08,nan,nan
3641,91.025,2.170932002e-05,1.700070370e-05,1.35751526784992778e-08,1.17674822740210746e-08,nan,nan
3642,91.05,2.094781814e-05,1.765942861e-05,1.35666724734395629e-08,1.17607390973000326e-08,nan,nan
3643,91.075,2.005751368e-05,1.822758133e-05,1.35584296905214211e-08,1.17543039390163921e-08,nan,nan
3644,91.1,1.904396650e-05,1.869881418e-05,1.35504878450387011e-08,1.17482155092739152e-08,nan,nan
3645,91.125,1.791349358e-05,1.912295792e-05,1.35429014756589243e-08,1.17425029672933283e-08,nan,nan
3646,91.15,1.705775825e-05,1.954359947e-05,1.35357150161984543e-08,1.17371854226324100e-08,nan,nan
3647,91.175,1.721037715e-05,1.994607394e-05,1.35289619325822036e-08,1.17322716931884483e-08,nan,nan
3648,91.2,1.731572497e-05,2.024570262e-05,1.35226641434293299e-08,1.17277603231891140e-08,nan,nan
3649,91.225,1.737353119e-05,2.069036578e-05,1.35168317355639708e-08,1.17236398579116019e-08,nan,nan
3650,91.25,1.738365576e-05,2.224085385e-05,1.35114629783691886e-08,1.17198893655208848e-08,nan,nan
3651,91.275,1.734608949e-05,2.365884591e-05,1.35065446334655341e-08,1.17164791903417443e-08,nan,nan
3652,91.3,1.726095401e-05,2.493866049e-05,1.35020525488871924e-08,1.17133719162243551e-08,nan,nan
3653,91.325,1.712850137e-05,2.607544643e-05,1.34979525199283155e-08,1.17105235135700734e-08,nan,nan
3654,91.35,1.694911329e-05,2.706520429e-05,1.34942013923124047e-08,1.17078846391748182e-08,nan,nan
3655,91.375,1.672330013e-05,2.790480248e-05,1.34907483774571916e-08,1.17054020544301092e-08,nan,nan
3656,91.4,1.645169933e-05,2.859198831e-05,1.34875365445099875e-08,1.17030201246820210e-08,nan,nan
3657,91.425,1.613507370e-05,2.920138273e-05,1.34845044496376201e-08,1.17006823607503442e-08,nan,nan
3658,91.45,1.577430927e-05,2.983959188e-05,1.34815878598701305e-08,1.16983329627955984e-08,nan,nan
3659,91.475,1.537041275e-05,3.039316402e-05,1.34787215266952542e-08,1.16959183269071478e-08,nan,nan
3660,91.5,1.492450879e-05,3.078504812e-05,1.34758409636282365e-08,1.16933884759633794e-08,nan,nan
3661,91.525,1.443783682e-05,3.101566055e-05,1.34728841821597048e-08,1.16906983784520096e-08,nan,nan
3662,91.55,1.391174761e-05,3.108633202e-05,1.34697933418041161e-08,1.16878091219787519e-08,nan,nan
3663,91.575,1.433182715e-05,3.099929158e-05,1.34665162723962240e-08,1.16846889120562899e-08,nan,nan
3664,91.6,1.560952724e-05,3.075764537e-05,1.34630078302489415e-08,1.16813138713549269e-08,nan,nan
3665,91.625,1.679045495e-05,3.036535019e-05,1.34592310542028087e-08,1.16776686197937064e-08,nan,nan
3666,91.65,1.786737821e-05,2.982718219e-05,1.34551580928523202e-08,1.16737466215253020e-08,nan,nan
3667,91.675,1.883370909e-05,2.914870072e-05,1.34507708801934222e-08,1.16695502908768267e-08,nan,nan
3668,91.7,1.968354415e-05,2.833620777e-05,1.34460615434490429e-08,1.16650908554993289e-08,nan,nan
3669,91.725,2.041170045e-05,2.739670314e-05,1.34410325337311911e-08,1.16603879811980286e-08,nan,nan
3670,91.75,2.101374719e-05,2.633783572e-05,1.34356964773149832e-08,1.16554691690060204e-08,nan,nan
3671,91.775,2.152519183e-05,2.516785105e-05,1.34300757524541575e-08,1.16503689408750127e-08,nan,nan
3672,91.8,2.204167201e-05,2.389553576e-05,1.34242018036792346e-08,1.16451278357420710e-08,nan,nan
3673,91.825,2.253684474e-05,2.253015892e-05,1.34181142122136640e-08,1.16397912425576202e-08,nan,nan
3674,91.85,2.290019095e-05,2.108141099e-05,1.34118595473535253e-08,1.16344081010065328e-08,nan,nan
3675,91.875,2.312210375e-05,1.955934049e-05,1.34054900292266921e-08,1.16290295040196467e-08,nan,nan
3676,91.9,2.320128880e-05,1.909242771e-05,1.33990620381411339e-08,1.16237072386730078e-08,nan,nan
3677,91.925,2.313733272e-05,2.087854449e-05,1.33926345096285913e-08,1.16184923036457737e-08,nan,nan
3678,91.95,2.293070514e-05,2.259242055e-05,1.33862672571942213e-08,1.16134334420159977e-08,nan,nan
3679,91.975,2.258275531e-05,2.422363570e-05,1.33800192666227917e-08,1.16085757278018600e-08,nan,nan
3680,92,2.209570339e-05,2.576212662e-05,1.33739470064222873e-08,1.16039592433142551e-08,nan,nan
3681,92.025,2.147262621e-05,2.719824899e-05,1.33681027985905809e-08,1.15996178821100440e-08,nan,nan
3682,92.05,2.071743793e-05,2.852283728e-05,1.33625332923786659e-08,1.15955783091804389e-08,nan,nan
3683,92.075,1.983486537e-05,2.972726210e-05,1.33572780811359172e-08,1.15918591060554371e-08,nan,nan
3684,92.1,1.883041850e-05,3.080348455e-05,1.33523684987219574e-08,1.15884701238512073e-08,nan,nan
3685,92.125,1.771035605e-05,3.174410743e-05,1.33478266274481183e-08,1.15854120620495390e-08,nan,nan
3686,92.15,1.648164644e-05,3.254242279e-05,1.33436645441814677e-08,1.15826762851067004e-08,nan,nan
3687,92.175,1.515192452e-05,3.320456299e-05,1.33398838252397803e-08,1.15802448829869020e-08,nan,nan
3688,92.2,1.372944410e-05,3.384376193e-05,1.33364753241759701e-08,1.15780909755513920e-08,nan,nan
3689,92.225,1.222302671e-05,3.448808893e-05,1.33334192296596219e-08,1.15761792545623368e-08,nan,nan
3690,92.25,1.064200692e-05,3.502478698e-05,1.33306854035816104e-08,1.15744667510344016e-08,nan,nan
3691,92.275,1.073528216e-05,3.539668081e-05,1.33282339924131925e-08,1.15729038099357738e-08,nan,nan
3692,92.3,1.139141870e-05,3.559997984e-05,1.33260162979196473e-08,1.15714352489480137e-08,nan,nan
3693,92.325,1.201610250e-05,3.563179895e-05,1.33239758867334040e-08,1.15700016732716496e-08,nan,nan
3694,92.35,1.260763281e-05,3.549018053e-05,1.33220499121966783e-08,1.15685409144306060e-08,nan,nan
3695,92.375,1.316440038e-05,3.517411123e-05,1.33201706164416119e-08,1.15669895577833355e-08,nan,nan
3696,92.4,1.368489177e-05,3.468353314e-05,1.33182669760216996e-08,1.15652845210737010e-08,nan,nan
3697,92.425,1.416769350e-05,3.401934950e-05,1.33162664506583560e-08,1.15633646449091454e-08,nan,nan
3698,92.45,1.461149586e-05,3.318342471e-05,1.33140967919153158e-08,1.15611722555750679e-08,nan,nan
3699,92.475,1.501509650e-05,3.217857875e-05,1.33116878669293887e-08,1.15586546610952972e-08,nan,nan
3700,92.5,1.537740367e-05,3.100857597e-05,1.33089734517522358e-08,1.15557655429175670e-08,nan,nan
3701,92.525,1.569743913e-05,2.967810835e-05,1.33058929494096163e-08,1.15524662080056040e-08,nan,nan
3702,92.55,1.597434086e-05,2.819277327e-05,1.33023929894494090e-08,1.15487266693972326e-08,nan,nan
3703,92.575,1.620908294e-05,2.655904592e-05,1.32984288684877311e-08,1.15445265273609821e-08,nan,nan
3704,92.6,1.643850415e-05,2.478424652e-05,1.32939657950073616e-08,1.15398556280529799e-08,nan,nan
3705,92.625,1.667192580e-05,2.287650255e-05,1.32889799063229431e-08,1.15347144819252057e-08,nan,nan
3706,92.65,1.769876971e-05,2.084470615e-05,1.32834590310899519e-08,1.15291144299340123e-08,nan,nan
3707,92.675,1.865713619e-05,1.869846699e-05,1.32774031768641221e-08,1.15230775517029803e-08,nan,nan
3708,92.7,1.950010887e-05,1.644806081e-05,1.32708247288672589e-08,1.15166363160575143e-08,nan,nan
3709,92.725,2.022254589e-05,1.410437401e-05,1.32637483531184450e-08,1.15098329806162762e-08,nan,nan
3710,92.75,2.082005042e-05,1.167884458e-05,1.32562106042775286e-08,1.15027187532437004e-08,nan,nan
3711,92.775,2.132031633e-05,1.040178988e-05,1.32482592457428203e-08,1.14953527339884705e-08,nan,nan
3712,92.8,2.182330209e-05,9.641043278e-06,1.32399522965712812e-08,1.14878006615116875e-08,nan,nan
3713,92.825,2.230941776e-05,8.826503174e-06,1.32313568264749965e-08,1.14801334928147837e-08,nan,nan
3714,92.85,2.266733410e-05,7.966273779e-06,1.32225475263284360e-08,1.14724258491931508e-08,nan,nan
3715,92.875,2.288526697e-05,7.068712888e-06,1.32136050871453187e-08,1.14647543646656979e-08,nan,nan
3716,92.9,2.296194468e-05,8.964078271e-06,1.32046144252169063e-08,1.14571959755829858e-08,nan,nan
3717,92.925,2.289696736e-05,1.144702543e-05,1.31956627949282574e-08,1.14498261916348937e-08,nan,nan
3718,92.95,2.269080889e-05,1.388351491e-05,1.31868378335926571e-08,1.14427173890277018e-08,nan,nan
3719,92.975,2.234481360e-05,1.626118808e-05,1.31782255843972177e-08,1.14359371661637077e-08,nan,nan
3720,93,2.186118747e-05,1.856797708e-05,1.31699085441911635e-08,1.14295468007477976e-08,nan,nan
3721,93.025,2.124298411e-05,2.079217207e-05,1.31619637823576279e-08,1.14235998448958267e-08,nan,nan
3722,93.05,2.049408547e-05,2.292248650e-05,1.31544611754004638e-08,1.14181408915888606e-08,nan,nan
3723,93.075,1.961917748e-05,2.494811992e-05,1.31474617991895352e-08,1.14132045417812319e-08,nan,nan
3724,93.1,1.862372077e-05,2.685881811e-05,1.31410165171061268e-08,1.14088145967284711e-08,nan,nan
3725,93.125,1.751391651e-05,2.864493008e-05,1.31351647977043151e-08,1.14049834947670916e-08,nan,nan
3726,93.15,1.629666789e-05,3.029746161e-05,1.31299337900675473e-08,1.14017120059833077e-08,nan,nan
3727,93.175,1.497953710e-05,3.180812506e-05,1.31253376789233869e-08,1.13989891920909489e-08,nan,nan
3728,93.2,1.357069840e-05,3.316938513e-05,1.31213773349331823e-08,1.13967926325498841e-08,nan,nan
3729,93.225,1.207888739e-05,3.437450029e-05,1.31180402685578111e-08,1.13950889116456433e-08,nan,nan
3730,93.25,1.051334685e-05,3.541755972e-05,1.31153008886862093e-08,1.13938343550725382e-08,nan,nan
3731,93.275,8.883769452e-06,3.629351541e-05,1.31131210599752550e-08,1.13929759986640806e-08,nan,nan
3732,93.3,7.200237814e-06,3.701491423e-05,1.31114509457623353e-08,1.13924527664401104e-08,nan,nan
3733,93.325,5.915835684e-06,3.772365046e-05,1.31102301166478752e-08,1.13921968302199835e-08,nan,nan
3734,93.35,5.066042595e-06,3.843366930e-05,1.31093888985666796e-08,1.13921351188045190e-08,nan,nan
3735,93.375,4.202673084e-06,3.898887956e-05,1.31088499285260086e-08,1.13921909412566670e-08,nan,nan
3736,93.4,3.328100305e-06,3.935958754e-05,1.31085298813200242e-08,1.13922856861948623e-08,nan,nan
3737,93.425,4.993375091e-06,3.954434732e-05,1.31083413265511860e-08,1.13923405573152964e-08,nan,nan
3738,93.45,6.640154320e-06,3.954270392e-05,1.31081946722943131e-08,1.13922783046190855e-08,nan,nan
3739,93.475,8.245284519e-06,3.935519396e-05,1.31080001497981992e-08,1.13920249110537320e-08,nan,nan
3740,93.5,9.798894373e-06,3.898334075e-05,1.31076697927786550e-08,1.13915111954765017e-08,nan,nan
3741,93.525,1.129143441e-05,3.842964370e-05,1.31071193651324143e-08,1.13906742949800043e-08,nan,nan
3742,93.55,1.271373572e-05,3.769756217e-05,1.31062701922855764e-08,1.13894589926321345e-08,nan,nan
3743,93.575,1.405706623e-05,3.679149382e-05,1.31050508538453702e-08,1.13878188604992994e-08,nan,nan
3744,93.6,1.531318433e-05,3.571674763e-05,1.31033986986893965e-08,1.13857171923492090e-08,nan,nan
3745,93.625,1.647438945e-05,3.447951181e-05,1.31012611480140476e-08,1.13831277055544378e-08,nan,nan
3746,93.65,1.753356924e-05,3.308681663e-05,1.30985967570657206e-08,1.13800349973160715e-08,nan,nan
3747,93.675,1.848424312e-05,3.154649260e-05,1.30953760121654428e-08,1.13764347462590418e-08,nan,nan
3748,93.7,1.932060193e-05,2.986712413e-05,1.30915818460652893e-08,1.13723336565740416e-08,nan,nan
3749,93.725,2.003754345e-05,2.805799897e-05,1.30872098614857038e-08,1.13677491480447203e-08,nan,nan
3750,93.75,2.063070346e-05,2.612905374e-05,1.30822682597095730e-08,1.13627088013552333e-08,nan,nan
3751,93.775,2.112075972e-05,2.409081593e-05,1.30767774781814856e-08,1.13572495738732676e-08,nan,nan
3752,93.8,2.161007045e-05,2.195434267e-05,1.30707695480049431e-08,1.13514168065093695e-08,nan,nan
3753,93.825,2.208748179e-05,1.973115657e-05,1.30642871888809415e-08,1.13452630471330635e-08,nan,nan
3754,93.85,2.244026259e-05,1.743317919e-05,1.30573826652242553e-08,1.13388467202642795e-08,nan,nan
3755,93.875,2.265447349e-05,1.507266240e-05,1.30501164327830720e-08,1.13322306762548996e-08,nan,nan
3756,93.9,2.272886394e-05,1.266211804e-05,1.30425556099370186e-08,1.13254806558462138e-08,nan,nan
3757,93.925,2.266304629e-05,1.325790678e-05,1.30347723118446266e-08,1.13186637077734553e-08,nan,nan
3758,93.95,2.245749767e-05,1.417675633e-05,1.30268418886583089e-08,1.13118465979467836e-08,nan,nan
3759,93.975,2.211355666e-05,1.503674447e-05,1.30188411110537200e-08,1.13050942486528574e-08,nan,nan
3760,94,2.163341457e-05,1.583001100e-05,1.30108463472845510e-08,1.12984682451988461e-08,nan,nan
3761,94.025,2.102010147e-05,1.654903907e-05,1.30029317758548763e-08,1.12920254454906697e-08,nan,nan
3762,94.05,2.027746714e-05,1.718670870e-05,1.29951676767060782e-08,1.12858167252498110e-08,nan,nan
3763,94.075,1.941015684e-05,1.773634792e-05,1.29876188415783554e-08,1.12798858880009320e-08,nan,nan
3764,94.1,1.842358233e-05,1.819178134e-05,1.29803431409868420e-08,1.12742687646956124e-08,nan,nan
3765,94.125,1.732388804e-05,1.858807696e-05,1.29733902811326886e-08,1.12689925229848254e-08,nan,nan
3766,94.15,1.668393252e-05,1.898017098e-05,1.29668007791554479e-08,1.12640752008354044e-08,nan,nan
3767,94.175,1.683058852e-05,1.935719911e-05,1.29606051795481505e-08,1.12595254735380973e-08,nan,nan
3768,94.2,1.693102672e-05,1.963620474e-05,1.29548235284420454e-08,1.12553426573154991e-08,nan,nan
3769,94.225,1.698498885e-05,2.013400897e-05,1.29494651159755774e-08,1.12515169468530041e-08,nan,nan
3770,94.25,1.699234421e-05,2.165067745e-05,1.29445284902547070e-08,1.12480298782895303e-08,nan,nan
3771,94.275,1.695308997e-05,2.303844797e-05,1.29400017396545035e-08,1.12448550036598400e-08,nan,nan
3772,94.3,1.686735112e-05,2.429175847e-05,1.29358630335728260e-08,1.12419587576139080e-08,nan,nan
3773,94.325,1.673538009e-05,2.540585457e-05,1.29320814053891502e-08,1.12393014925768290e-08,nan,nan
3774,94.35,1.655755602e-05,2.637681055e-05,1.29286177554611631e-08,1.12368386544681954e-08,nan,nan
3775,94.375,1.633438365e-05,2.720154526e-05,1.29254260466538518e-08,1.12345220677705693e-08,nan,nan
3776,94.4,1.606649190e-05,2.787783302e-05,1.29224546602702695e-08,1.12323012962017680e-08,nan,nan
3777,94.425,1.575463212e-05,2.844277162e-05,1.29196478764512229e-08,1.12301250435664883e-08,nan,nan
3778,94.45,1.539967594e-05,2.903116864e-05,1.29169474402254314e-08,1.12279425585768922e-08,nan,nan
3779,94.475,1.500261286e-05,2.956846915e-05,1.29142941724888630e-08,1.12257050075570354e-08,nan,nan
3780,94.5,1.456454751e-05,2.994879204e-05,1.29116295843167791e-08,1.12233667799739145e-08,nan,nan
3781,94.525,1.408669653e-05,3.017255282e-05,1.29088974531820525e-08,1.12208866936409584e-08,nan,nan
3782,94.55,1.357038526e-05,3.024105356e-05,1.29060453208610346e-08,1.12182290691668098e-08,nan,nan
3783,94.575,1.392331232e-05,3.015646734e-05,1.29030258750194530e-08,1.12153646467033340e-08,nan,nan
3784,94.6,1.516912270e-05,2.992181750e-05,1.28997981796278798e-08,1.12122713221937424e-08,nan,nan
3785,94.625,1.632092347e-05,2.954095200e-05,1.28963287233768544e-08,1.12089346850277947e-08,nan,nan
3786,94.65,1.737165937e-05,2.901851288e-05,1.28925922600429238e-08,1.12053483441575202e-08,nan,nan
3787,94.675,1.831490090e-05,2.835990120e-05,1.28885724201775091e-08,1.12015140351831883e-08,nan,nan
3788,94.7,1.914488367e-05,2.757123765e-05,1.28842620794123238e-08,1.11974415065486808e-08,nan,nan
3789,94.725,1.985654364e-05,2.665931897e-05,1.28796634749503047e-08,1.11931481886470576e-08,nan,nan
3790,94.75,2.044554796e-05,2.563157067e-05,1.28747880682799013e-08,1.11886586551899955e-08,nan,nan
3791,94.775,2.092652795e-05,2.449599616e-05,1.28696561586525135e-08,1.11840038914991929e-08,nan,nan
3792,94.8,2.140244566e-05,2.326112277e-05,1.28642962582339721e-08,1.11792203893013795e-08,nan,nan
3793,94.825,2.187083018e-05,2.193594491e-05,1.28587442459223767e-08,1.11743490920280602e-08,nan,nan
3794,94.85,2.221875571e-05,2.052986479e-05,1.28530423224646517e-08,1.11694342184272879e-08,nan,nan
3795,94.875,2.242948995e-05,1.905263105e-05,1.28472377945621615e-08,1.11645219953936273e-08,nan,nan
3796,94.9,2.250180205e-05,1.864864031e-05,1.28413817200058891e-08,1.11596593332378170e-08,nan,nan
3797,94.925,2.243531535e-05,2.038833259e-05,1.28355274494167258e-08,1.11548924780909139e-08,nan,nan
3798,94.95,2.223050927e-05,2.205768069e-05,1.28297291027970296e-08,1.11502656767337810e-08,nan,nan
3799,94.975,2.188871588e-05,2.364653501e-05,1.28240400207639960e-08,1.11458198888457075e-08,nan,nan
3800,95,2.141211131e-05,2.514509240e-05,1.28185112309890993e-08,1.11415915804853455e-08,nan,nan
3801,95.025,2.080370190e-05,2.654395663e-05,1.28131899699987395e-08,1.11376116305829274e-08,nan,nan
3802,95.05,2.006730520e-05,2.783419671e-05,1.28081182991068891e-08,1.11339043793864721e-08,nan,nan
3803,95.075,1.920752608e-05,2.900740274e-05,1.28033318508875810e-08,1.11304868442367298e-08,nan,nan
3804,95.1,1.822972791e-05,3.005573889e-05,1.27988587393121827e-08,1.11273681238348545e-08,nan,nan
3805,95.125,1.713999912e-05,3.097199337e-05,1.27947186625566863e-08,1.11245490074180553e-08,nan,nan
3806,95.15,1.594511528e-05,3.174962477e-05,1.27909222226299776e-08,1.11220218000913693e-08,nan,nan
3807,95.175,1.465249700e-05,3.238676019e-05,1.27874704805077751e-08,1.11197703701069178e-08,nan,nan
3808,95.2,1.327016382e-05,3.298404819e-05,1.27843547595137304e-08,1.11177704182715035e-08,nan,nan
3809,95.225,1.180668451e-05,3.358978022e-05,1.27815567034186358e-08,1.11159899640392280e-08,nan,nan
3810,95.25,1.027112390e-05,3.410096327e-05,1.27790485892864266e-08,1.11143900373463590e-08,nan,nan
3811,95.275,1.051449412e-05,3.445187311e-05,1.27767938886424509e-08,1.11129255600092265e-08,nan,nan
3812,95.3,1.115705329e-05,3.463887085e-05,1.27747480642364386e-08,1.11115463956630241e-08,nan,nan
3813,95.325,1.176881791e-05,3.465919709e-05,1.27728595836762635e-08,1.11101985428906419e-08,nan,nan
3814,95.35,1.234812207e-05,3.451099316e-05,1.27710711256693270e-08,1.11088254424850561e-08,nan,nan
3815,95.375,1.289338941e-05,3.419331722e-05,1.27693209496631594e-08,1.11073693667970001e-08,nan,nan
3816,95.4,1.340313737e-05,3.370615493e-05,1.27675443954502859e-08,1.11057728569176948e-08,nan,nan
3817,95.425,1.387598122e-05,3.305042475e-05,1.27656754758993988e-08,1.11039801720892519e-08,nan,nan
3818,95.45,1.431063784e-05,3.222797785e-05,1.27636485234809161e-08,1.11019387152584923e-08,nan,nan
3819,95.475,1.470592918e-05,3.124159246e-05,1.27613998497330392e-08,1.10996003991062828e-08,nan,nan
3820,95.5,1.506078546e-05,3.009496290e-05,1.27588693763030721e-08,1.10969229181844808e-08,nan,nan
3821,95.525,1.537424809e-05,2.879268305e-05,1.27560021967119679e-08,1.10938708949454171e-08,nan,nan
3822,95.55,1.564547219e-05,2.734022471e-05,1.27527500295161698e-08,1.10904168704011129e-08,nan,nan
3823,95.575,1.587406950e-05,2.574391066e-05,1.27490725260437407e-08,1.10865421138321604e-08,nan,nan
3824,95.6,1.609224175e-05,2.401088264e-05,1.27449383993005455e-08,1.10822372302876225e-08,nan,nan
3825,95.625,1.631649711e-05,2.214906465e-05,1.27403263448937554e-08,1.10775025494741954e-08,nan,nan
3826,95.65,1.721292905e-05,2.016712136e-05,1.27352257298009008e-08,1.10723482849044022e-08,nan,nan
3827,95.675,1.814898751e-05,1.807441233e-05,1.27296370304006880e-08,1.10667944577319721e-08,nan,nan
3828,95.7,1.897282188e-05,1.588094193e-05,1.27235720072408061e-08,1.10608705854106903e-08,nan,nan
3829,95.725,1.967940489e-05,1.359730546e-05,1.27170536103993522e-08,1.10546151410326220e-08,nan,nan
3830,95.75,2.026443388e-05,1.123463171e-05,1.27101156158439264e-08,1.10480747947928515e-08,nan,nan
3831,95.775,2.073717339e-05,1.009482952e-05,1.27028019997459474e-08,1.10413034543538811e-08,nan,nan
3832,95.8,2.119976743e-05,9.361867688e-06,1.26951660641061423e-08,1.10343611258120410e-08,nan,nan
3833,95.825,2.165926735e-05,8.576856392e-06,1.26872693331342244e-08,1.10273126213802883e-08,nan,nan
3834,95.85,2.200260459e-05,7.747646256e-06,1.26791802454519965e-08,1.10202261436884454e-08,nan,nan
3835,95.875,2.221009549e-05,6.882332713e-06,1.26709726722165461e-08,1.10131717796709488e-08,nan,nan
3836,95.9,2.228052755e-05,8.732769033e-06,1.26627242955656771e-08,1.10062199392886720e-08,nan,nan
3837,95.925,2.221353395e-05,1.115591098e-05,1.26545148852657203e-08,1.09994397757594119e-08,nan,nan
3838,95.95,2.200959544e-05,1.353395681e-05,1.26464245140068024e-08,1.09928976245150178e-08,nan,nan
3839,95.975,2.167003692e-05,1.585485347e-05,1.26385317533793574e-08,1.09866554977478904e-08,nan,nan
3840,96,2.119701888e-05,1.810682965e-05,1.26309118931398462e-08,1.09807696701646477e-08,nan,nan
3841,96.025,2.059352366e-05,2.027846131e-05,1.26236352259172897e-08,1.09752893894605529e-08,nan,nan
3842,96.05,1.986333664e-05,2.235873529e-05,1.26167654380380173e-08,1.09702557421157392e-08,nan,nan
3843,96.075,1.901102252e-05,2.433711067e-05,1.26103581446879116e-08,1.09657007014641321e-08,nan,nan
3844,96.1,1.804189679e-05,2.620357739e-05,1.26044596042501293e-08,1.09616463806856526e-08,nan,nan
3845,96.125,1.696199258e-05,2.794871185e-05,1.25991056424332204e-08,1.09581045085260995e-08,nan,nan
3846,96.15,1.577802311e-05,2.956372923e-05,1.25943208118427811e-08,1.09550761402746851e-08,nan,nan
3847,96.175,1.449733994e-05,3.104053212e-05,1.25901178070691683e-08,1.09525516109548557e-08,nan,nan
3848,96.2,1.312788736e-05,3.237175521e-05,1.25864971493005260e-08,1.09505107319453673e-08,nan,nan
3849,96.225,1.167815312e-05,3.355080581e-05,1.25834471480711640e-08,1.09489232264832027e-08,nan,nan
3850,96.25,1.015711578e-05,3.457189995e-05,1.25809441411750498e-08,1.09477493938479594e-08,nan,nan
3851,96.275,8.574189150e-06,3.543009383e-05,1.25789530071732553e-08,1.09469409866237150e-08,nan,nan
3852,96.3,6.939164039e-06,3.612519313e-05,1.25774279384613109e-08,1.09464422804109730e-08,nan,nan
3853,96.325,5.744542976e-06,3.678276051e-05,1.25763134566942762e-08,1.09461913108383563e-08,nan,nan
3854,96.35,4.912615595e-06,3.745429337e-05,1.25755456466431930e-08,1.09461212488100600e-08,nan,nan
3855,96.375,4.067514115e-06,3.798899248e-05,1.25750535794133794e-08,1.09461618817146626e-08,nan,nan
3856,96.4,3.211560915e-06,3.834422868e-05,1.25747608915171669e-08,1.09462411658883123e-08,nan,nan
3857,96.425,4.823734929e-06,3.851862111e-05,1.25745874826669176e-08,1.09462868140298067e-08,nan,nan
3858,96.45,6.428869678e-06,3.851175146e-05,1.25744512924249684e-08,1.09462278805414718e-08,nan,nan
3859,96.475,7.993711230e-06,3.832416456e-05,1.25742701140796834e-08,1.09459963079360317e-08,nan,nan
3860,96.5,9.508635859e-06,3.795736347e-05,1.25739634033522079e-08,1.09455283984984267e-08,nan,nan
3861,96.525,1.096433148e-05,3.741379908e-05,1.25734540397927115e-08,1.09447661772951028e-08,nan,nan
3862,96.55,1.235185489e-05,3.669685433e-05,1.25726699999900111e-08,1.09436586153343956e-08,nan,nan
3863,96.575,1.366268669e-05,3.581082310e-05,1.25715459039607120e-08,1.09421626851313625e-08,nan,nan
3864,96.6,1.488878362e-05,3.476088390e-05,1.25700243992477691e-08,1.09402442250345476e-08,nan,nan
3865,96.625,1.602262785e-05,3.355306862e-05,1.25680573512628596e-08,1.09378785933288440e-08,nan,nan
3866,96.65,1.705727315e-05,3.219422634e-05,1.25656068131553368e-08,1.09350510982239205e-08,nan,nan
3867,96.675,1.798638737e-05,3.069198267e-05,1.25626457538629568e-08,1.09317571952458889e-08,nan,nan
3868,96.7,1.880429121e-05,2.905469465e-05,1.25591585288659823e-08,1.09280024491394992e-08,nan,nan
3869,96.725,1.950599293e-05,2.729140158e-05,1.25551410843821344e-08,1.09238022630231280e-08,nan,nan
3870,96.75,2.008721884e-05,2.541177210e-05,1.25506008921527157e-08,1.09191813830826741e-08,nan,nan
3871,96.775,2.055274300e-05,2.342604779e-05,1.25455566184251136e-08,1.09141731924087219e-08,nan,nan
3872,96.8,2.100222511e-05,2.134498365e-05,1.25400375370754019e-08,1.09088188125453425e-08,nan,nan
3873,96.825,2.145260807e-05,1.917978578e-05,1.25340827028846582e-08,1.09031660358095785e-08,nan,nan
3874,96.85,2.179161134e-05,1.694204673e-05,1.25277399066359353e-08,1.08972681153498609e-08,nan,nan
3875,96.875,2.199608086e-05,1.464367882e-05,1.25210644388011193e-08,1.08911824431478269e-08,nan,nan
3876,96.9,2.206482113e-05,1.229684582e-05,1.25141176930143422e-08,1.08849691486545680e-08,nan,nan
3877,96.925,2.199747408e-05,1.292710899e-05,1.25069656441774762e-08,1.08786896524317907e-08,nan,nan
3878,96.95,2.179452093e-05,1.381925001e-05,1.24996772388263963e-08,1.08724052100031595e-08,nan,nan
3879,96.975,2.145727873e-05,1.465418206e-05,1.24923227372408017e-08,1.08661754810929830e-08,nan,nan
3880,97,2.098789191e-05,1.542425065e-05,1.24849720476626448e-08,1.08600571585442730e-08,nan,nan
3881,97.025,2.038931862e-05,1.612213437e-05,1.24776930928825615e-08,1.08541026894906674e-08,nan,nan
3882,97.05,1.966531208e-05,1.674089700e-05,1.24705502483654806e-08,1.08483591188529774e-08,nan,nan
3883,97.075,1.882039710e-05,1.727403739e-05,1.24636028890472675e-08,1.08428670820057931e-08,nan,nan
3884,97.1,1.785984175e-05,1.771553686e-05,1.24569040789980988e-08,1.08376599695947349e-08,nan,nan
3885,97.125,1.678962456e-05,1.808742956e-05,1.24504994343899903e-08,1.08327632830774620e-08,nan,nan
3886,97.15,1.633304630e-05,1.845287514e-05,1.24444261857225721e-08,1.08281941947229733e-08,nan,nan
3887,97.175,1.647445293e-05,1.880628659e-05,1.24387124601654690e-08,1.08239613206547039e-08,nan,nan
3888,97.2,1.657062870e-05,1.906747930e-05,1.24333767992950243e-08,1.08200647101918356e-08,nan,nan
3889,97.225,1.662132599e-05,1.960829588e-05,1.24284279215782268e-08,1.08164960493625490e-08,nan,nan
3890,97.25,1.662642196e-05,2.109404799e-05,1.24238647328337904e-08,1.08132390711646285e-08,nan,nan
3891,97.275,1.658591888e-05,2.245427955e-05,1.24196765817319784e-08,1.08102701600641789e-08,nan,nan
3892,97.3,1.649994404e-05,2.368353559e-05,1.24158437513335417e-08,1.08075591334760705e-08,nan,nan
3893,97.325,1.636874940e-05,2.477714760e-05,1.24123381718625838e-08,1.08050701786772201e-08,nan,nan
3894,97.35,1.619271081e-05,2.573125425e-05,1.24091243345018096e-08,1.08027629198701221e-08,nan,nan
3895,97.375,1.597232699e-05,2.654281703e-05,1.24061603811231315e-08,1.08005935870292734e-08,nan,nan
3896,97.4,1.570821804e-05,2.720963110e-05,1.24033993406404838e-08,1.07985162558016050e-08,nan,nan
3897,97.425,1.540112378e-05,2.774346908e-05,1.24007904791979419e-08,1.07964841261491363e-08,nan,nan
3898,97.45,1.505190161e-05,2.828194192e-05,1.23982807287675729e-08,1.07944508066544996e-08,nan,nan
3899,97.475,1.466152418e-05,2.880142595e-05,1.23958161569901732e-08,1.07923715714740886e-08,nan,nan
3900,97.5,1.423107662e-05,2.917227694e-05,1.23933434402889013e-08,1.07902045578143562e-08,nan,nan
3901,97.525,1.376175357e-05,2.939091302e-05,1.23908113024367245e-08,1.07879118735002190e-08,nan,nan
3902,97.55,1.325485584e-05,2.945860246e-05,1.23881718818566966e-08,1.07854605866544267e-08,nan,nan
3903,97.575,1.353567893e-05,2.937745943e-05,1.23853819929489461e-08,1.07828235726511670e-08,nan,nan
3904,97.6,1.475234612e-05,2.915042377e-05,1.23824042496167460e-08,1.07799801972638552e-08,nan,nan
3905,97.625,1.587761522e-05,2.878123605e-05,1.23792080228311358e-08,1.07769168192022082e-08,nan,nan
3906,97.65,1.690459203e-05,2.827440794e-05,1.23757702084361626e-08,1.07736270999174652e-08,nan,nan
3907,97.675,1.782699081e-05,2.763518806e-05,1.23720757863430306e-08,1.07701121135299526e-08,nan,nan
3908,97.7,1.863917271e-05,2.686952371e-05,1.23681181576669112e-08,1.07663802548746430e-08,nan,nan
3909,97.725,1.933618026e-05,2.598401857e-05,1.23638992520879321e-08,1.07624469488388784e-08,nan,nan
3910,97.75,1.991376761e-05,2.498588671e-05,1.23594294036242236e-08,1.07583341692524857e-08,nan,nan
3911,97.775,2.037328719e-05,2.388290318e-05,1.23547269989412579e-08,1.07540697804567833e-08,nan,nan
3912,97.8,2.080941601e-05,2.268335162e-05,1.23498179081399366e-08,1.07496867192040018e-08,nan,nan
3913,97.825,2.125067667e-05,2.139596899e-05,1.23447347135200178e-08,1.07452220386099067e-08,nan,nan
3914,97.85,2.158558831e-05,2.002988805e-05,1.23395157569670547e-08,1.07407158393981829e-08,nan,nan
3915,97.875,2.178724757e-05,1.859457770e-05,1.23342040312319795e-08,1.07362101165490585e-08,nan,nan
3916,97.9,2.185447472e-05,1.822141284e-05,1.23288459443471921e-08,1.07317475516244118e-08,nan,nan
3917,97.925,2.178691942e-05,1.991818968e-05,1.23234899896536030e-08,1.07273702824347019e-08,nan,nan
3918,97.95,2.158506249e-05,2.154645663e-05,1.23181853563188958e-08,1.07231186823042733e-08,nan,nan
3919,97.975,2.125021256e-05,2.309631428e-05,1.23129805167491000e-08,1.07190301809676970e-08,nan,nan
3920,98,2.078449757e-05,2.455819964e-05,1.23079218278964064e-08,1.07151381580961548e-08,nan,nan
3921,98.025,2.019085130e-05,2.592294507e-05,1.23030521831308387e-08,1.07114709386362981e-08,nan,nan
3922,98.05,1.947299486e-05,2.718183517e-05,1.22984097500823403e-08,1.07080509165899827e-08,nan,nan
3923,98.075,1.863541340e-05,2.832666129e-05,1.22940268277030722e-08,1.07048938306354543e-08,nan,nan
3924,98.1,1.768332807e-05,2.934977333e-05,1.22899288528037130e-08,1.07020082111696098e-08,nan,nan
3925,98.125,1.662266351e-05,3.024412842e-05,1.22861335825554023e-08,1.06993950140325125e-08,nan,nan
3926,98.15,1.546001093e-05,3.100333625e-05,1.22826504750165442e-08,1.06970474514673249e-08,nan,nan
3927,98.175,1.420258723e-05,3.162170083e-05,1.22794802847504204e-08,1.06949510258880451e-08,nan,nan
3928,98.2,1.285819014e-05,3.217923356e-05,1.22766148851708695e-08,1.06930837668989025e-08,nan,nan
3929,98.225,1.143514991e-05,3.274785185e-05,1.22740373235245417e-08,1.06914166668600527e-08,nan,nan
3930,98.25,9.942277673e-06,3.323686946e-05,1.22717221085319393e-08,1.06899143052521031e-08,nan,nan
3931,98.275,1.030373852e-05,3.356985760e-05,1.22696357248126503e-08,1.06885356472842559e-08,nan,nan
3932,98.3,1.093362706e-05,3.374330992e-05,1.22677373624599730e-08,1.06872349977352312e-08,nan,nan
3933,98.325,1.153334752e-05,3.375457530e-05,1.22659798446496930e-08,1.06859630870260480e-08,nan,nan
3934,98.35,1.210126653e-05,3.360187843e-05,1.22643107311043481e-08,1.06846682630967146e-08,nan,nan
3935,98.375,1.263583835e-05,3.328433522e-05,1.22626735707136213e-08,1.06832977598824147e-08,nan,nan
3936,98.4,1.313560918e-05,3.280196314e-05,1.22610092727470204e-08,1.06817990111269339e-08,nan,nan
3937,98.425,1.359922100e-05,3.215568620e-05,1.22592575629830987e-08,1.06801209769850751e-08,nan,nan
3938,98.45,1.402541536e-05,3.134733476e-05,1.22573584887982311e-08,1.06782154503836941e-08,nan,nan
3939,98.475,1.441303671e-05,3.037963991e-05,1.22552539358651942e-08,1.06760383104460633e-08,nan,nan
3940,98.5,1.476103562e-05,2.925622268e-05,1.22528891186426343e-08,1.06735506914299399e-08,nan,nan
3941,98.525,1.506847153e-05,2.798157792e-05,1.22502140073043812e-08,1.06707200375575717e-08,nan,nan
3942,98.55,1.533451535e-05,2.656105310e-05,1.22471846551516136e-08,1.06675210167811879e-08,nan,nan
3943,98.575,1.555845168e-05,2.500082204e-05,1.22437643928379887e-08,1.06639362698644768e-08,nan,nan
3944,98.6,1.576617325e-05,2.330785375e-05,1.22399248588632278e-08,1.06599569750883610e-08,nan,nan
3945,98.625,1.598200875e-05,2.148987656e-05,1.22356468396776118e-08,1.06555832133125214e-08,nan,nan
3946,98.65,1.675479107e-05,1.955533776e-05,1.22309208972944875e-08,1.06508241229339670e-08,nan,nan
3947,98.675,1.767069368e-05,1.751335888e-05,1.22257477674182263e-08,1.06456978393642311e-08,nan,nan
3948,98.7,1.847735334e-05,1.537368705e-05,1.22201385166370132e-08,1.06402312188718202e-08,nan,nan
3949,98.725,1.916984565e-05,1.314664252e-05,1.22141144530670537e-08,1.06344593518804556e-08,nan,nan
3950,98.75,1.974395155e-05,1.084306277e-05,1.22077067908249028e-08,1.06284248759461113e-08,nan,nan
3951,98.775,2.019846488e-05,9.819056565e-06,1.22009560747006202e-08,1.06221771035322524e-08,nan,nan
3952,98.8,2.062152545e-05,9.112119993e-06,1.21939113772598435e-08,1.06157709842430633e-08,nan,nan
3953,98.825,2.105330634e-05,8.354674242e-06,1.21866292861735746e-08,1.06092659252470458e-08,nan,nan
3954,98.85,2.138435727e-05,7.554333334e-06,1.21791727047245991e-08,1.06027244971295614e-08,nan,nan
3955,98.875,2.158340711e-05,6.718948500e-06,1.21716094930421994e-08,1.05962110552659754e-08,nan,nan
3956,98.9,2.164929072e-05,8.502808831e-06,1.21640109815595344e-08,1.05897903089365452e-08,nan,nan
3957,98.925,2.158166450e-05,1.087025231e-05,1.21564503913740227e-08,1.05835258717585154e-08,nan,nan
3958,98.95,2.138100810e-05,1.319393737e-05,1.21490011985417142e-08,1.05774788275553679e-08,nan,nan
3959,98.975,2.104862111e-05,1.546209480e-05,1.21417354807945823e-08,1.05717063455054614e-08,nan,nan
3960,99,2.058661465e-05,1.766322830e-05,1.21347222856982010e-08,1.05662603773181819e-08,nan,nan
3961,99.025,1.999789796e-05,1.978617849e-05,1.21280260588537876e-08,1.05611864673019815e-08,nan,nan
3962,99.05,1.928616008e-05,2.182018501e-05,1.21217051694023935e-08,1.05565227035593299e-08,nan,nan
3963,99.075,1.845584677e-05,2.375494646e-05,1.21158105678419392e-08,1.05522988352338327e-08,nan,nan
3964,99.1,1.751213275e-05,2.558067764e-05,1.21103846080756393e-08,1.05485355768229914e-08,nan,nan
3965,99.125,1.646088939e-05,2.728816394e-05,1.21054600617463354e-08,1.05452441161525307e-08,nan,nan
3966,99.15,1.530864827e-05,2.886881248e-05,1.21010593483704825e-08,1.05424258377917641e-08,nan,nan
3967,99.175,1.406256054e-05,3.031469963e-05,1.20971939996773215e-08,1.05400722685901707e-08,nan,nan
3968,99.2,1.273035257e-05,3.161861479e-05,1.20938643710074573e-08,1.05381652467569643e-08,nan,nan
3969,99.225,1.132027806e-05,3.277410005e-05,1.20910596067649491e-08,1.05366773106144759e-08,nan,nan
3970,99.25,9.841066858e-06,3.377548553e-05,1.20887578608904611e-08,1.05355722979609354e-08,nan,nan
3971,99.275,8.301870979e-06,3.461792026e-05,1.20869267672754636e-08,1.05348061420042786e-08,nan,nan
3972,99.3,6.712207947e-06,3.529739832e-05,1.20855241491160875e-08,1.05343278451957942e-08,nan,nan
3973,99.325,5.589772152e-06,3.590467579e-05,1.20844989505517297e-08,1.05340806081123698e-08,nan,nan
3974,99.35,4.774689412e-06,3.653767033e-05,1.20837923686859108e-08,1.05340030869084370e-08,nan,nan
3975,99.375,3.946794340e-06,3.705479877e-05,1.20833391593702733e-08,1.05340307498701799e-08,nan,nan
3976,99.4,3.108361537e-06,3.739715928e-05,1.20830690860610044e-08,1.05340973013269977e-08,nan,nan
3977,99.425,4.656502623e-06,3.756342329e-05,1.20829084777273501e-08,1.05341361396618072e-08,nan,nan
3978,99.45,6.223025794e-06,3.755319845e-05,1.20827818592840110e-08,1.05340818154478509e-08,nan,nan
3979,99.475,7.750572261e-06,3.736702914e-05,1.20826136163918997e-08,1.05338714558410811e-08,nan,nan
3980,99.5,9.229747466e-06,3.700639167e-05,1.20823296557624630e-08,1.05334461222688029e-08,nan,nan
3981,99.525,1.065145868e-05,3.647368408e-05,1.20818590223255567e-08,1.05327520701535842e-08,nan,nan
3982,99.55,1.200697088e-05,3.577221074e-05,1.20811354357710328e-08,1.05317418818540397e-08,nan,nan
3983,99.575,1.328796042e-05,3.490616178e-05,1.20800987110213740e-08,1.05303754471293991e-08,nan,nan
3984,99.6,1.448656617e-05,3.388058747e-05,1.20786960300832363e-08,1.05286207691659586e-08,nan,nan
3985,99.625,1.559543769e-05,3.270136773e-05,1.20768830363893464e-08,1.05264545784481073e-08,nan,nan
3986,99.65,1.660778033e-05,3.137517699e-05,1.20746247270872022e-08,1.05238627414101666e-08,nan,nan
3987,99.675,1.751739690e-05,2.990944453e-05,1.20718961236497079e-08,1.05208404557542091e-08,nan,nan
3988,99.7,1.831872552e-05,2.831231062e-05,1.20686827065560898e-08,1.05173922294431598e-08,nan,nan
3989,99.725,1.900687370e-05,2.659257870e-05,1.20649806054857026e-08,1.05135316455525124e-08,nan,nan
3990,99.75,1.957764817e-05,2.475966385e-05,1.20607965423449216e-08,1.05092809202623220e-08,nan,nan
3991,99.775,2.002822151e-05,2.282353795e-05,1.20561475303642911e-08,1.05046702661702977e-08,nan,nan
3992,99.8,2.043800711e-05,2.079467178e-05,1.20510603383160789e-08,1.04997370776880904e-08,nan,nan
3993,99.825,2.086033858e-05,1.868397439e-05,1.20455707344703396e-08,1.04945249594371404e-08,nan,nan
3994,99.85,2.118774884e-05,1.650273025e-05,1.20397225300960648e-08,1.04890826221880797e-08,nan,nan
3995,99.875,2.138438031e-05,1.426253434e-05,1.20335664469985821e-08,1.04834626739027715e-08,nan,nan
3996,99.9,2.144908129e-05,1.197522578e-05,1.20271588376522872e-08,1.04777203357692416e-08,nan,nan
3997,99.925,2.138151398e-05,1.261034629e-05,1.20205602898429725e-08,1.04719121147122537e-08,nan,nan
3998,99.95,2.118215613e-05,1.347801314e-05,1.20138341502971201e-08,1.04660944646807374e-08,nan,nan
3999,99.975,2.085229776e-05,1.429006270e-05,1.20070450034871510e-08,1.04603224690413305e-08,nan,nan
4000,100,2.039403279e-05,1.503903022e-05,1.20002571426238502e-08,1.04546485756478992e-08,nan,nan
4001,100.025,1.981024580e-05,1.571777410e-05,1.19935330697627566e-08,1.04491214146317998e-08,nan,nan
4002,100.05,1.910459384e-05,1.631952680e-05,1.19869320609670607e-08,1.04437847267069455e-08,nan,nan
4003,100.075,1.828148354e-05,1.683794354e-05,1.19805088306122195e-08,1.04386764268651350e-08,nan,nan
4004,100.1,1.734604361e-05,1.726714853e-05,1.19743123262375177e-08,1.04338278248253552e-08,nan,nan
4005,100.125,1.630409288e-05,1.761827547e-05,1.19683846819147963e-08,1.04292630195854215e-08,nan,nan
4006,100.15,1.600264283e-05,1.795806706e-05,1.19627603540037972e-08,1.04249984810060921e-08,nan,nan
4007,100.175,1.613942899e-05,1.828966559e-05,1.19574654584991165e-08,1.04210428266471320e-08,nan,nan
4008,100.2,1.623191211e-05,1.853549494e-05,1.19525173240635289e-08,1.04173967971887728e-08,nan,nan
4009,100.225,1.627985374e-05,1.911028689e-05,1.19479242694141742e-08,1.04140534288299280e-08,nan,nan
4010,100.25,1.628313765e-05,2.056767958e-05,1.19436856081158594e-08,1.04109984161808911e-08,nan,nan
4011,100.275,1.624177009e-05,2.190273060e-05,1.19397918781805847e-08,1.04082106544816643e-08,nan,nan
4012,100.3,1.615587972e-05,2.311008125e-05,1.19362252883117618e-08,1.04056629455944757e-08,nan,nan
4013,100.325,1.602571726e-05,2.418513944e-05,1.19329603673045223e-08,1.04033228482464831e-08,nan,nan
4014,100.35,1.585165473e-05,2.512410008e-05,1.19299647981497478e-08,1.04011536495321633e-08,nan,nan
4015,100.375,1.563418438e-05,2.592396060e-05,1.19272004139101662e-08,1.03991154318089225e-08,nan,nan
4016,100.4,1.537391731e-05,2.658253167e-05,1.19246243285522418e-08,1.03971662069020683e-08,nan,nan
4017,100.425,1.507158177e-05,2.709937539e-05,1.19221901727203992e-08,1.03952630880310498e-08,nan,nan
4018,100.45,1.472802108e-05,2.758742713e-05,1.19198494020076023e-08,1.03933634691117004e-08,nan,nan
4019,100.475,1.434419134e-05,2.808574623e-05,1.19175526436666520e-08,1.03914261810954129e-08,nan,nan
4020,100.5,1.392115871e-05,2.844891894e-05,1.19152510469552252e-08,1.03894125957721595e-08,nan,nan
4021,100.525,1.346009648e-05,2.866390213e-05,1.19128976024320625e-08,1.03872876489682565e-08,nan,nan
4022,100.55,1.296228183e-05,2.873192607e-05,1.19104483965146624e-08,1.03850207572724189e-08,nan,nan
4023,100.575,1.316713404e-05,2.865504372e-05,1.19078637694422899e-08,1.03825866052681826e-08,nan,nan
4024,100.6,1.435708718e-05,2.843611117e-05,1.19051093474156370e-08,1.03799657836646205e-08,nan,nan
4025,100.625,1.545811625e-05,2.807876330e-05,1.19021569230351851e-08,1.03771452626127276e-08,nan,nan
4026,100.65,1.646347421e-05,2.758738499e-05,1.18989851621511415e-08,1.03741186887733365e-08,nan,nan
4027,100.675,1.736700612e-05,2.696707796e-05,1.18955801197652471e-08,1.03708864992550602e-08,nan,nan
4028,100.7,1.816318676e-05,2.622362348e-05,1.18919355525754748e-08,1.03674558502550033e-08,nan,nan
4029,100.725,1.884715444e-05,2.536344132e-05,1.18880530210028708e-08,1.03638403629910822e-08,nan,nan
4030,100.75,1.941474069e-05,2.439354497e-05,1.18839417789541202e-08,1.03600596941955899e-08,nan,nan
4031,100.775,1.986249564e-05,2.332149369e-05,1.18796184550177830e-08,1.03561389429256791e-08,nan,nan
4032,100.8,2.025930098e-05,2.215534146e-05,1.18751065341297976e-08,1.03521079096266853e-08,nan,nan
4033,100.825,2.067162254e-05,2.090358333e-05,1.18704356538421320e-08,1.03480002271538393e-08,nan,nan
4034,100.85,2.099560184e-05,1.957509945e-05,1.18656407340591781e-08,1.03438523867240431e-08,nan,nan
4035,100.875,2.118999663e-05,1.817909710e-05,1.18607609633524605e-08,1.03397026844508853e-08,nan,nan
4036,100.9,2.125366762e-05,1.780956231e-05,1.18558386686192725e-08,1.03355901161470643e-08,nan,nan
4037,100.925,2.118628192e-05,1.946655430e-05,1.18509180978245498e-08,1.03315532494060944e-08,nan,nan
4038,100.95,2.098831467e-05,2.105681179e-05,1.18460441477835504e-08,1.03276291025696241e-08,nan,nan
4039,100.975,2.066104580e-05,2.257066744e-05,1.18412610703512152e-08,1.03238520600302402e-08,nan,nan
4040,101,2.020655174e-05,2.399878058e-05,1.18366111909477495e-08,1.03202528524203647e-08,nan,nan
4041,101.025,1.962769226e-05,2.533219476e-05,1.18321336730552890e-08,1.03168576286166937e-08,nan,nan
4042,101.05,1.892809250e-05,2.656239336e-05,1.18278633611755562e-08,1.03136871441877188e-08,nan,nan
4043,101.075,1.811212023e-05,2.768135284e-05,1.18238297327723011e-08,1.03107560879866215e-08,nan,nan
4044,101.1,1.718485864e-05,2.868159337e-05,1.18200559869840936e-08,1.03080725651150907e-08,nan,nan
4045,101.125,1.615207464e-05,2.955622645e-05,1.18165582944515428e-08,1.03056377505436538e-08,nan,nan
4046,101.15,1.502018299e-05,3.029899926e-05,1.18133452285445956e-08,1.03034457233689602e-08,nan,nan
4047,101.175,1.379620653e-05,3.090433551e-05,1.18104173937010166e-08,1.03014834871263906e-08,nan,nan
4048,101.2,1.248773252e-05,3.142441042e-05,1.18077672616112170e-08,1.02997311768694078e-08,nan,nan
4049,101.225,1.110286566e-05,3.195667990e-05,1.18053792207310443e-08,1.02981624489936127e-08,nan,nan
4050,101.25,9.650177908e-06,3.242645749e-05,1.18032298392042205e-08,1.02967450451397251e-08,nan,nan
4051,101.275,1.010200836e-05,3.274419072e-05,1.18012883358642503e-08,1.02954415170732616e-08,nan,nan
4052,101.3,1.072003579e-05,3.290648908e-05,1.17995172486970257e-08,1.02942100953196882e-08,nan,nan
4053,101.325,1.130849319e-05,3.291079458e-05,1.17978732851114952e-08,1.02930056806353777e-08,nan,nan
4054,101.35,1.186577756e-05,3.275540167e-05,1.17963083337126649e-08,1.02917809342092752e-08,nan,nan
4055,101.375,1.239037187e-05,3.243947219e-05,1.17947706131147505e-08,1.02904874398956188e-08,nan,nan
4056,101.4,1.288084909e-05,3.196304531e-05,1.17932059297763328e-08,1.02890769098417371e-08,nan,nan
4057,101.425,1.333587617e-05,3.132704236e-05,1.17915590139732534e-08,1.02875024036439947e-08,nan,nan
4058,101.45,1.375421757e-05,3.053326650e-05,1.17897749009202544e-08,1.02857195306730931e-08,nan,nan
4059,101.475,1.413473869e-05,2.958439728e-05,1.17878003227627087e-08,1.02836876054690909e-08,nan,nan
4060,101.5,1.447640889e-05,2.848397996e-05,1.17855850767175778e-08,1.02813707271114024e-08,nan,nan
4061,101.525,1.477830434e-05,2.723640986e-05,1.17830833350612236e-08,1.02787387551960202e-08,nan,nan
4062,101.55,1.503961043e-05,2.584691163e-05,1.17802548639301496e-08,1.02757681574592006e-08,nan,nan
4063,101.575,1.525962408e-05,2.432151360e-05,1.17770661199908938e-08,1.02724427071172834e-08,nan,nan
4064,101.6,1.545816551e-05,2.266701747e-05,1.17734911968951875e-08,1.02687540115715605e-08,nan,nan
4065,101.625,1.566624398e-05,2.089096332e-05,1.17695125969977403e-08,1.02647018581688516e-08,nan,nan
4066,101.65,1.632179111e-05,1.900159024e-05,1.17651218079894949e-08,1.02602943671127217e-08,nan,nan
4067,101.675,1.721943138e-05,1.700779290e-05,1.17603196687872281e-08,1.02555479462799322e-08,nan,nan
4068,101.7,1.801063928e-05,1.491907403e-05,1.17551165141062162e-08,1.02504870474983706e-08,nan,nan
4069,101.725,1.869058291e-05,1.274549342e-05,1.17495320925024108e-08,1.02451437286686023e-08,nan,nan
4070,101.75,1.925511765e-05,1.049761347e-05,1.17435952581724088e-08,1.02395570308445927e-08,nan,nan
4071,101.775,1.970081145e-05,9.570484657e-06,1.17373434423093534e-08,1.02337721839123837e-08,nan,nan
4072,101.8,2.008488523e-05,8.887975322e-06,1.17308219151955796e-08,1.02278396587086402e-08,nan,nan
4073,101.825,2.048701455e-05,8.156319617e-06,1.17240828553359986e-08,1.02218140872001004e-08,nan,nan
4074,101.85,2.080776271e-05,7.382910250e-06,1.17171842466754006e-08,1.02157530756083638e-08,nan,nan
4075,101.875,2.100009362e-05,6.575370553e-06,1.17101886291803024e-08,1.02097159380323159e-08,nan,nan
4076,101.9,2.106287939e-05,8.274669266e-06,1.17031617316992858e-08,1.02037623801269993e-08,nan,nan
4077,101.925,2.099579117e-05,1.059008596e-05,1.16961710189544674e-08,1.01979511636937532e-08,nan,nan
4078,101.95,2.079930086e-05,1.286305724e-05,1.16892841866891528e-08,1.01923387835881808e-08,nan,nan
4079,101.975,2.047467781e-05,1.508207831e-05,1.16825676403494209e-08,1.01869781881478668e-08,nan,nan
4080,102,2.002398066e-05,1.723590867e-05,1.16760849931764436e-08,1.01819175733838872e-08,nan,nan
4081,102.025,1.945004429e-05,1.931363477e-05,1.16698956192192266e-08,1.01771992794936961e-08,nan,nan
4082,102.05,1.875646199e-05,2.130473070e-05,1.16640532955528155e-08,1.01728588158774266e-08,nan,nan
4083,102.075,1.794756297e-05,2.319911676e-05,1.16586049659340159e-08,1.01689240378324359e-08,nan,nan
4084,102.1,1.702838532e-05,2.498721552e-05,1.16535896552947702e-08,1.01654144945344042e-08,nan,nan
4085,102.125,1.600464468e-05,2.666000501e-05,1.16490375609314782e-08,1.01623409638736608e-08,nan,nan
4086,102.15,1.488269869e-05,2.820906879e-05,1.16449693420819182e-08,1.01597051853012172e-08,nan,nan
4087,102.175,1.366950746e-05,2.962664250e-05,1.16413956248916830e-08,1.01574997971567454e-08,nan,nan
4088,102.2,1.237259049e-05,3.090565675e-05,1.16383167346722165e-08,1.01557084801141560e-08,nan,nan
4089,102.225,1.099997998e-05,3.203977601e-05,1.16357226619666441e-08,1.01543063035053560e-08,nan,nan
4090,102.25,9.560171125e-06,3.302343333e-05,1.16335932633979142e-08,1.01532602664877703e-08,nan,nan
4091,102.275,8.062069559e-06,3.385186057e-05,1.16318986927102644e-08,1.01525300214207658e-08,nan,nan
4092,102.3,6.514936244e-06,3.452111423e-05,1.16306000519645779e-08,1.01520687625230001e-08,nan,nan
4093,102.325,5.449643585e-06,3.508458739e-05,1.16296502476423987e-08,1.01518242589987208e-08,nan,nan
4094,102.35,4.650492076e-06,3.567735528e-05,1.16289950315772521e-08,1.01517400084405976e-08,nan,nan
4095,102.375,3.838854076e-06,3.617946903e-05,1.16285742022829120e-08,1.01517564835191896e-08,nan,nan
4096,102.4,3.016959076e-06,3.651120143e-05,1.16283229384900543e-08,1.01518124428223779e-08,nan,nan
4097,102.425,4.491962105e-06,3.667126518e-05,1.16281732336253143e-08,1.01518462752618266e-08,nan,nan
4098,102.45,6.022582105e-06,3.665928471e-05,1.16280553976440418e-08,1.01517973467522602e-08,nan,nan
4099,102.475,7.515503565e-06,3.647579665e-05,1.16278995911142499e-08,1.01516073179084497e-08,nan,nan
4100,102.5,8.961544660e-06,3.612224513e-05,1.16276373557794243e-08,1.01512214022916696e-08,nan,nan
4101,102.525,1.035181594e-05,3.560097186e-05,1.16272031060173889e-08,1.01505895362513897e-08,nan,nan
4102,102.55,1.167777498e-05,3.491520110e-05,1.16265355466534048e-08,1.01496674336105301e-08,nan,nan
4103,102.575,1.293127887e-05,3.406901965e-05,1.16255789844528666e-08,1.01484175012795657e-08,nan,nan
4104,102.6,1.410463417e-05,3.306735185e-05,1.16242845032633732e-08,1.01468095952849335e-08,nan,nan
4105,102.625,1.519064421e-05,3.191592994e-05,1.16226109761332512e-08,1.01448216005780307e-08,nan,nan
4106,102.65,1.618265313e-05,3.062125982e-05,1.16205258917197051e-08,1.01424398222557679e-08,nan,nan
4107,102.675,1.707458676e-05,2.919058242e-05,1.16180059768166855e-08,1.01396591803691982e-08,nan,nan
4108,102.7,1.786098973e-05,2.763183103e-05,1.16150376017697303e-08,1.01364832052111857e-08,nan,nan
4109,102.725,1.853705887e-05,2.595358471e-05,1.16116169607811556e-08,1.01329238347440898e-08,nan,nan
4110,102.75,1.909867255e-05,2.416501813e-05,1.16077500245162207e-08,1.01290010205369933e-08,nan,nan
4111,102.775,1.954241577e-05,2.227584820e-05,1.16034522678683494e-08,1.01247421531156512e-08,nan,nan
4112,102.8,1.991469449e-05,2.029627763e-05,1.15987481810953505e-08,1.01201813218775860e-08,nan,nan
4113,102.825,2.030637761e-05,1.823693602e-05,1.15936705776711349e-08,1.01153584285870940e-08,nan,nan
4114,102.85,2.062408502e-05,1.610881855e-05,1.15882597169828197e-08,1.01103181768488042e-08,nan,nan
4115,102.875,2.081451637e-05,1.392322288e-05,1.15825622643279946e-08,1.01051089627829391e-08,nan,nan
4116,102.9,2.087655416e-05,1.169168445e-05,1.15766301144262975e-08,1.00997816943243376e-08,nan,nan
4117,102.925,2.080987280e-05,1.230666393e-05,1.15705191077654148e-08,1.00943885680890767e-08,nan,nan
4118,102.95,2.061494031e-05,1.315185090e-05,1.15642876714795777e-08,1.00889818335628296e-08,nan,nan
4119,102.975,2.029301503e-05,1.394295468e-05,1.15579954180545736e-08,1.00836125744471320e-08,nan,nan
4120,103,1.984613755e-05,1.467268602e-05,1.15517017359312392e-08,1.00783295363548561e-08,nan,nan
4121,103.025,1.927711776e-05,1.533406927e-05,1.15454644060225905e-08,1.00731780286933047e-08,nan,nan
4122,103.05,1.858951721e-05,1.592049214e-05,1.15393382772750460e-08,1.00681989265480376e-08,nan,nan
4123,103.075,1.778762678e-05,1.642575331e-05,1.15333740327144290e-08,1.00634277957358471e-08,nan,nan
4124,103.1,1.687643998e-05,1.684410771e-05,1.15276170749690228e-08,1.00588941609977131e-08,nan,nan
4125,103.125,1.586162180e-05,1.717819957e-05,1.15221065571174480e-08,1.00546209336338648e-08,nan,nan
4126,103.15,1.569056413e-05,1.749343043e-05,1.15168745809483757e-08,1.00506240108348958e-08,nan,nan
4127,103.175,1.582328632e-05,1.780419510e-05,1.15119455804376285e-08,1.00469120546369824e-08,nan,nan
4128,103.2,1.591258044e-05,1.803680372e-05,1.15073359035532912e-08,1.00434864539326215e-08,nan,nan
4129,103.225,1.595821595e-05,1.863744517e-05,1.15030536005078684e-08,1.00403414684130071e-08,nan,nan
4130,103.25,1.596008206e-05,2.006873250e-05,1.14990984214134967e-08,1.00374645488157611e-08,nan,nan
4131,103.275,1.591818806e-05,2.138067758e-05,1.14954620210885426e-08,1.00348368235142578e-08,nan,nan
4132,103.3,1.583266316e-05,2.256800850e-05,1.14921283636413481e-08,1.00324337374180653e-08,nan,nan
4133,103.325,1.570375617e-05,2.362620133e-05,1.14890743145449785e-08,1.00302258254580421e-08,nan,nan
4134,103.35,1.553183475e-05,2.455150019e-05,1.14862704033363118e-08,1.00281795996939397e-08,nan,nan
4135,103.375,1.531738436e-05,2.534093266e-05,1.14836817359359352e-08,1.00262585263855193e-08,nan,nan
4136,103.4,1.506100693e-05,2.599232046e-05,1.14812690319924395e-08,1.00244240672750960e-08,nan,nan
4137,103.425,1.476341909e-05,2.650428539e-05,1.14789897596931313e-08,1.00226367578890620e-08,nan,nan
4138,103.45,1.442545025e-05,2.694350972e-05,1.14767993382237974e-08,1.00208572949127847e-08,nan,nan
4139,103.475,1.404804025e-05,2.741599984e-05,1.14746523765563749e-08,1.00190476046428644e-08,nan,nan
4140,103.5,1.363223674e-05,2.777303140e-05,1.14725039165303892e-08,1.00171718651719208e-08,nan,nan
4141,103.525,1.317919229e-05,2.798561192e-05,1.14703106482856616e-08,1.00151974562959214e-08,nan,nan
4142,103.55,1.269016120e-05,2.805493024e-05,1.14680320669965730e-08,1.00130958131159454e-08,nan,nan
4143,103.575,1.281615030e-05,2.798297651e-05,1.14656315415252789e-08,1.00108431618848863e-08,nan,nan
4144,103.6,1.398154205e-05,2.777252313e-05,1.14630772680108888e-08,1.00084211197578835e-08,nan,nan
4145,103.625,1.506035796e-05,2.742710117e-05,1.14603430844792064e-08,1.00058171436647337e-08,nan,nan
4146,103.65,1.604598586e-05,2.695097227e-05,1.14574091262167858e-08,1.00030248174427575e-08,nan,nan
4147,103.675,1.693239017e-05,2.634909648e-05,1.14542623058092915e-08,1.00000439705508459e-08,nan,nan
4148,103.7,1.771414882e-05,2.562709596e-05,1.14508966062927132e-08,9.99688062602428008e-09,nan,nan
4149,103.725,1.838648645e-05,2.479121499e-05,1.14473131806923212e-08,9.99354677971661766e-09,nan,nan
4150,103.75,1.894530353e-05,2.384827651e-05,1.14435202562065676e-08,9.99006001719890280e-09,nan,nan
4151,103.775,1.938720139e-05,2.280563536e-05,1.14395328463065486e-08,9.98644297884056424e-09,nan,nan
4152,103.8,1.974884280e-05,2.167112867e-05,1.14353722789407102e-08,9.98272268747615142e-09,nan,nan
4153,103.825,2.012958093e-05,2.045302364e-05,1.14310655537357810e-08,9.97892975657141511e-09,nan,nan
4154,103.85,2.044442901e-05,1.915996305e-05,1.14266445454514285e-08,9.97509749985317177e-09,nan,nan
4155,103.875,2.063311699e-05,1.780090887e-05,1.14221450748688033e-08,9.97126096588442215e-09,nan,nan
4156,103.9,2.069453684e-05,1.741206733e-05,1.14176058716743383e-08,9.96745592298597338e-09,nan,nan
4157,103.925,2.062836551e-05,1.903207708e-05,1.14130674566557138e-08,9.96371782118209880e-09,nan,nan
4158,103.95,2.043506653e-05,2.058707163e-05,1.14085709725887188e-08,9.96008075844776030e-09,nan,nan
4159,103.975,2.011588682e-05,2.206759949e-05,1.14041569945105080e-08,9.95657647844586700e-09,nan,nan
4160,104,1.967284866e-05,2.346452636e-05,1.13998643506142942e-08,9.95323342616553576e-09,nan,nan
4161,104.025,1.910873689e-05,2.476909149e-05,1.13957289847496048e-08,9.95007588642709853e-09,nan,nan
4162,104.05,1.842708142e-05,2.597296204e-05,1.13917828904779325e-08,9.94712322814239759e-09,nan,nan
4163,104.075,1.763213512e-05,2.706828518e-05,1.13880531448413728e-08,9.94438927456172911e-09,nan,nan
4164,104.1,1.672884731e-05,2.804773766e-05,1.13845610674977475e-08,9.94188181656862883e-09,nan,nan
4165,104.125,1.572283296e-05,2.890457243e-05,1.13813215277212371e-08,9.93960228247942685e-09,nan,nan
4166,104.15,1.462033775e-05,2.963266210e-05,1.13783424180428136e-08,9.93754557385587657e-09,nan,nan
4167,104.175,1.342819936e-05,3.022653895e-05,1.13756243091016401e-08,9.93570007264439677e-09,nan,nan
4168,104.2,1.215380501e-05,3.071590914e-05,1.13731602957030351e-08,9.93404782061942908e-09,nan,nan
4169,104.225,1.080504571e-05,3.121252278e-05,1.13709360392437486e-08,9.93256486773870106e-09,nan,nan
4170,104.25,9.390267392e-06,3.166449057e-05,1.13689300066927365e-08,9.93122178172427084e-09,nan,nan
4171,104.275,9.908413471e-06,3.196929659e-05,1.13671139013281924e-08,9.92998430707225713e-09,nan,nan
4172,104.3,1.051530447e-05,3.212252014e-05,1.13654532755549750e-08,9.92881415786821834e-09,nan,nan
4173,104.325,1.109319787e-05,3.212168312e-05,1.13639083114812179e-08,9.92766992533964934e-09,nan,nan
4174,104.35,1.164051924e-05,3.196513799e-05,1.13624347506353308e-08,9.92650807809855745e-09,nan,nan
4175,104.375,1.215577839e-05,3.165208225e-05,1.13609849503622779e-08,9.92528403058991072e-09,nan,nan
4176,104.4,1.263757342e-05,3.118256812e-05,1.13595090411465985e-08,9.92395325342721529e-09,nan,nan
4177,104.425,1.308459456e-05,3.055750724e-05,1.13579561564516712e-08,9.92247239811122024e-09,nan,nan
4178,104.45,1.349562771e-05,2.977867029e-05,1.13562757047076216e-08,9.92080040812140735e-09,nan,nan
4179,104.475,1.386955775e-05,2.884868164e-05,1.13544186518724910e-08,9.91889958855700718e-09,nan,nan
4180,104.5,1.420537154e-05,2.777100901e-05,1.13523387825650809e-08,9.91673660738083745e-09,nan,nan
4181,104.525,1.450216069e-05,2.654994809e-05,1.13499939081338924e-08,9.91428340286483713e-09,nan,nan
4182,104.55,1.475912402e-05,2.519060241e-05,1.13473469911776890e-08,9.91151797401425661e-09,nan,nan
4183,104.575,1.497556969e-05,2.369885830e-05,1.13443671579419489e-08,9.90842503350441298e-09,nan,nan
4184,104.6,1.516634760e-05,2.208135535e-05,1.13410305726358449e-08,9.90499650593325460e-09,nan,nan
4185,104.625,1.536725070e-05,2.034545230e-05,1.13373211509831354e-08,9.90123185789572423e-09,nan,nan
4186,104.65,1.591171807e-05,1.849918870e-05,1.13332310941578207e-08,9.89713825043133940e-09,nan,nan
4187,104.675,1.679276300e-05,1.655124254e-05,1.13287612285680573e-08,9.89273050868672465e-09,nan,nan
4188,104.7,1.757003110e-05,1.451088399e-05,1.13239211416346214e-08,9.88803090806384517e-09,nan,nan
4189,104.725,1.823877386e-05,1.238792571e-05,1.13187291086481203e-08,9.88306878058475943e-09,nan,nan
4190,104.75,1.879491306e-05,1.019266974e-05,1.13132118108622229e-08,9.87787994958489575e-09,nan,nan
4191,104.775,1.923506565e-05,9.345665683e-06,1.13074038500634618e-08,9.87250600504323564e-09,nan,nan
4192,104.8,1.958719699e-05,8.686122293e-06,1.13013470698275362e-08,9.86699343576610300e-09,nan,nan
4193,104.825,1.995649955e-05,7.978640597e-06,1.12950896984058509e-08,9.86139263816665527e-09,nan,nan
4194,104.85,2.026866112e-05,7.230405823e-06,1.12886853325679155e-08,9.85575682443664835e-09,nan,nan
4195,104.875,2.045575417e-05,6.448828123e-06,1.12821917856477526e-08,9.85014085541589385e-09,nan,nan
4196,104.9,2.051667929e-05,8.048768721e-06,1.12756698264097264e-08,9.84460002536613176e-09,nan,nan
4197,104.925,2.045111522e-05,1.031545131e-05,1.12691818380779889e-08,9.83918882710341179e-09,nan,nan
4198,104.95,2.025952047e-05,1.254097598e-05,1.12627904288968854e-08,9.83395972650658018e-09,nan,nan
4199,104.975,1.994313013e-05,1.471408485e-05,1.12565570268580687e-08,9.82896197528397829e-09,nan,nan
4200,105,1.950394797e-05,1.682377613e-05,1.12505404917106676e-08,9.82424049004887468e-09,nan,nan
4201,105.025,1.894473373e-05,1.885936522e-05,1.12447957770533102e-08,9.81983482424506563e-09,nan,nan
4202,105.05,1.826898579e-05,2.081054426e-05,1.12393726741963492e-08,9.81577825731426811e-09,nan,nan
4203,105.075,1.748091927e-05,2.266743942e-05,1.12343146676076065e-08,9.81209702275860725e-09,nan,nan
4204,105.1,1.658543978e-05,2.442066578e-05,1.12296579291588499e-08,9.80880969349150396e-09,nan,nan
4205,105.125,1.558811286e-05,2.606137949e-05,1.12254304751372515e-08,9.80592673916694581e-09,nan,nan
4206,105.15,1.449512941e-05,2.758132682e-05,1.12216515061538012e-08,9.80345026611983994e-09,nan,nan
4207,105.175,1.331326725e-05,2.897288981e-05,1.12183309457624633e-08,9.80137394623585223e-09,nan,nan
4208,105.2,1.204984908e-05,3.022912835e-05,1.12154691889043387e-08,9.79968313660315897e-09,nan,nan
4209,105.225,1.071269714e-05,3.134381841e-05,1.12130570663235045e-08,9.79835518728855690e-09,nan,nan
4210,105.25,9.310084790e-06,3.231148607e-05,1.12110760259865983e-08,9.79735993013620528e-09,nan,nan
4211,105.275,7.850685283e-06,3.312743737e-05,1.12094985273994840e-08,9.79666033721602958e-09,nan,nan
4212,105.3,6.343518173e-06,3.378778360e-05,1.12082886396763231e-08,9.79621333355225949e-09,nan,nan
4213,105.325,5.322529709e-06,3.431752979e-05,1.12074028294005732e-08,9.79597074513708155e-09,nan,nan
4214,105.35,4.538490865e-06,3.486774440e-05,1.12067909198397419e-08,9.79588036006697293e-09,nan,nan
4215,105.375,3.742259443e-06,3.535706702e-05,1.12063971990443686e-08,9.79588707800625938e-09,nan,nan
4216,105.4,2.936022217e-06,3.568011758e-05,1.12061616508730468e-08,9.79593412114694946e-09,nan,nan
4217,105.425,4.330382213e-06,3.583564060e-05,1.12060212801235775e-08,9.79596427844333479e-09,nan,nan
4218,105.45,5.827524492e-06,3.582326943e-05,1.12059115007825901e-08,9.79592115418696428e-09,nan,nan
4219,105.475,7.288208780e-06,3.564352678e-05,1.12057675549848839e-08,9.79575039196738507e-09,nan,nan
4220,105.5,8.703451286e-06,3.529782015e-05,1.12055259296308940e-08,9.79540084573644205e-09,nan,nan
4221,105.525,1.006455149e-05,3.478843218e-05,1.12051257377611875e-08,9.79482567104140604e-09,nan,nan
4222,105.55,1.136314566e-05,3.411850600e-05,1.12045100327249188e-08,9.79398331148064108e-09,nan,nan
4223,105.575,1.259125817e-05,3.329202581e-05,1.12036270248805564e-08,9.79283835801518426e-09,nan,nan
4224,105.6,1.374135059e-05,3.231379248e-05,1.12024311729888027e-08,9.79136226187595311e-09,nan,nan
4225,105.625,1.480636783e-05,3.118939473e-05,1.12008841255396662e-08,9.78953388536343012e-09,nan,nan
4226,105.65,1.577978153e-05,2.992517575e-05,1.11989554909213162e-08,9.78733987875742388e-09,nan,nan
4227,105.675,1.665562998e-05,2.852819561e-05,1.11966234194975437e-08,9.78477487574369680e-09,nan,nan
4228,105.7,1.742855470e-05,2.700618965e-05,1.11938749852118278e-08,9.78184150411867317e-09,nan,nan
4229,105.725,1.809383316e-05,2.536752312e-05,1.11907063591667351e-08,9.77855021294740315e-09,nan,nan
4230,105.75,1.864740768e-05,2.362114233e-05,1.11871227726211098e-08,9.77491892171603595e-09,nan,nan
4231,105.775,1.908591014e-05,2.177652260e-05,1.11831382718814222e-08,9.77097250123236820e-09,nan,nan
4232,105.8,1.942959544e-05,1.984361333e-05,1.11787752725166329e-08,9.76674209998651651e-09,nan,nan
4233,105.825,1.978701396e-05,1.783278054e-05,1.11740639250769135e-08,9.76226433329263318e-09,nan,nan
4234,105.85,2.009665362e-05,1.575474718e-05,1.11690413089325255e-08,9.75758035570518528e-09,nan,nan
4235,105.875,2.028229277e-05,1.362053157e-05,1.11637504748611968e-08,9.75273483986352072e-09,nan,nan
4236,105.9,2.034283980e-05,1.144138446e-05,1.11582393605069333e-08,9.74777488700427629e-09,nan,nan
4237,105.925,2.027797456e-05,1.201524272e-05,1.11525596057252720e-08,9.74274889584288735e-09,nan,nan
4238,105.95,2.008815000e-05,1.283973520e-05,1.11467652970524479e-08,9.73770541733296554e-09,nan,nan
4239,105.975,1.977458905e-05,1.361162373e-05,1.11409116720371729e-08,9.73269202294645800e-09,nan,nan
4240,106,1.933927675e-05,1.432378178e-05,1.11350538149194869e-08,9.72775421357829107e-09,nan,nan
4241,106.025,1.878494770e-05,1.496938725e-05,1.11292453751168607e-08,9.72293439498183210e-09,nan,nan
4242,106.05,1.811506886e-05,1.554197113e-05,1.11235373391867176e-08,9.71827094381774069e-09,nan,nan
4243,106.075,1.733381793e-05,1.603546413e-05,1.11179768853996732e-08,9.71379738599709792e-09,nan,nan
4244,106.1,1.644605723e-05,1.644424100e-05,1.11126063478190914e-08,9.70954170608151135e-09,nan,nan
4245,106.125,1.545730347e-05,1.676540970e-05,1.11074623138990909e-08,9.70552580314233051e-09,nan,nan
4246,106.15,1.539490859e-05,1.705687103e-05,1.11025748761563505e-08,9.70176510476169268e-09,nan,nan
4247,106.175,1.552406070e-05,1.734715781e-05,1.10979670545307012e-08,9.69826834687183344e-09,nan,nan
4248,106.2,1.561061241e-05,1.756842440e-05,1.10936544017222171e-08,9.69503752297612157e-09,nan,nan
4249,106.225,1.565433994e-05,1.818755984e-05,1.10896447991876007e-08,9.69206800207866372e-09,nan,nan
4250,106.25,1.565513696e-05,1.959472973e-05,1.10859384467107198e-08,9.68934881047364705e-09,nan,nan
4251,106.275,1.561301489e-05,2.088539388e-05,1.10825280436485482e-08,9.68686306851447380e-09,nan,nan
4252,106.3,1.552810278e-05,2.205435894e-05,1.10793991552144392e-08,9.68458856969343734e-09,nan,nan
4253,106.325,1.540064696e-05,2.309716194e-05,1.10765307526115323e-08,9.68249848590795789e-09,nan,nan
4254,106.35,1.523101030e-05,2.401009013e-05,1.10738959115824579e-08,9.68056217975364629e-09,nan,nan
4255,106.375,1.501967117e-05,2.479019631e-05,1.10714626501008231e-08,9.67874610214174793e-09,nan,nan
4256,106.4,1.476722212e-05,2.543530947e-05,1.10691948825889439e-08,9.67701475155031031e-09,nan,nan
4257,106.425,1.447436823e-05,2.594404083e-05,1.10670534652858018e-08,9.67533166983210479e-09,nan,nan
4258,106.45,1.414192507e-05,2.634684544e-05,1.10649973052754115e-08,9.67366044874883267e-09,nan,nan
4259,106.475,1.377081654e-05,2.678746219e-05,1.10629845042690026e-08,9.67196572129740550e-09,nan,nan
4260,106.5,1.336207218e-05,2.713966610e-05,1.10609735075471136e-08,9.67021411244018462e-09,nan,nan
4261,106.525,1.291682441e-05,2.735090080e-05,1.10589242285245564e-08,9.66837512503185820e-09,nan,nan
4262,106.55,1.243630536e-05,2.742231103e-05,1.10567991201979174e-08,9.66642193852022864e-09,nan,nan
4263,106.575,1.248140724e-05,2.735582299e-05,1.10545641662503714e-08,9.66433210033935716e-09,nan,nan
4264,106.6,1.362414773e-05,2.715412588e-05,1.10521897667807786e-08,9.66208809275071556e-09,nan,nan
4265,106.625,1.468254499e-05,2.682064891e-05,1.10496514964376121e-08,9.65967776114945910e-09,nan,nan
4266,106.65,1.565011081e-05,2.635953405e-05,1.10469307161006726e-08,9.65709459345571634e-09,nan,nan
4267,106.675,1.652091889e-05,2.577560467e-05,1.10440150230792864e-08,9.65433784406447051e-09,nan,nan
4268,106.7,1.728964108e-05,2.507433028e-05,1.10408985289877093e-08,9.65141249983583840e-09,nan,nan
4269,106.725,1.795157999e-05,2.426178757e-05,1.10375819589117387e-08,9.64832908966831442e-09,nan,nan
4270,106.75,1.850269774e-05,2.334461811e-05,1.10340725700817753e-08,9.64510334320950266e-09,nan,nan
4271,106.775,1.893964050e-05,2.232998281e-05,1.10303838929026168e-08,9.64175570812122398e-09,nan,nan
4272,106.8,1.927599650e-05,2.122551363e-05,1.10265353017419257e-08,9.63831073893283358e-09,nan,nan
4273,106.825,1.962100972e-05,2.003926272e-05,1.10225514272342415e-08,9.63479637379822811e-09,nan,nan
4274,106.85,1.992828423e-05,1.877964932e-05,1.10184614259067604e-08,9.63124311833605151e-09,nan,nan
4275,106.875,2.011260344e-05,1.745540485e-05,1.10142981265756795e-08,9.62768315810801543e-09,nan,nan
4276,106.9,2.017288275e-05,1.702803633e-05,1.10100970761074027e-08,9.62414942311688604e-09,nan,nan
4277,106.925,2.010880248e-05,1.861357977e-05,1.10058955097082839e-08,9.62067462893936645e-09,nan,nan
4278,106.95,1.992080954e-05,2.013577364e-05,1.10017312728372335e-08,9.61729031971908012e-09,nan,nan
4279,106.975,1.961011436e-05,2.158536767e-05,1.09976417230783029e-08,9.61402593821693138e-09,nan,nan
4280,107,1.917868307e-05,2.295341968e-05,1.09936626408358412e-08,9.61090794745069927e-09,nan,nan
4281,107.025,1.862922511e-05,2.423135075e-05,1.09898271775094478e-08,9.60795902716919149e-09,nan,nan
4282,107.05,1.796517617e-05,2.541099842e-05,1.09861648688754480e-08,9.60519736653097941e-09,nan,nan
4283,107.075,1.719067677e-05,2.648466775e-05,1.09827007397696812e-08,9.60263607194047505e-09,nan,nan
4284,107.1,1.631054641e-05,2.744517989e-05,1.09794545238738184e-08,9.60028270609622588e-09,nan,nan
4285,107.125,1.533025359e-05,2.828591776e-05,1.09764400195113640e-08,9.59813897099966542e-09,nan,nan
4286,107.15,1.425588182e-05,2.900086871e-05,1.09736645989330811e-08,9.59620054403991117e-09,nan,nan
4287,107.175,1.309409192e-05,2.958466378e-05,1.09711288846993714e-08,9.59445707240094999e-09,nan,nan
4288,107.2,1.185208068e-05,3.004969998e-05,1.09688266025465498e-08,9.59289232702900070e-09,nan,nan
4289,107.225,1.053753627e-05,3.051172467e-05,1.09667446156600638e-08,9.59148451334892847e-09,nan,nan
4290,107.25,9.158590739e-06,3.094639786e-05,1.09648631406815931e-08,9.59020673193223045e-09,nan,nan
4291,107.275,9.722166797e-06,3.124031110e-05,1.09631561411632407e-08,9.58902757849323912e-09,nan,nan
4292,107.3,1.031857157e-05,3.138626899e-05,1.09615918896667256e-08,9.58791186902103680e-09,nan,nan
4293,107.325,1.088652811e-05,3.138186180e-05,1.09601336853992677e-08,9.58682147263020927e-09,nan,nan
4294,107.35,1.142448884e-05,3.122548972e-05,1.09587407102905925e-08,9.58571623191507265e-09,nan,nan
4295,107.375,1.193098884e-05,3.091637710e-05,1.09573690028448547e-08,9.58455494828980479e-09,nan,nan
4296,107.4,1.240464979e-05,3.045458181e-05,1.09559725260376407e-08,9.58329640804844324e-09,nan,nan
4297,107.425,1.284418377e-05,2.984099986e-05,1.09545043030483048e-08,9.58190042372975281e-09,nan,nan
4298,107.45,1.324839673e-05,2.907736505e-05,1.09529175927836754e-08,9.58032886484987246e-09,nan,nan
4299,107.475,1.361619174e-05,2.816624374e-05,1.09511670760076001e-08,9.57854665218556621e-09,nan,nan
4300,107.5,1.394657198e-05,2.711102479e-05,1.09492100224709388e-08,9.57652269055016167e-09,nan,nan
4301,107.525,1.423864341e-05,2.591590460e-05,1.09470074097502602e-08,9.57423071638614782e-09,nan,nan
4302,107.55,1.449161723e-05,2.458586746e-05,1.09445249655438599e-08,9.57165003846963966e-09,nan,nan
4303,107.575,1.470481198e-05,2.312666117e-05,1.09417341069165196e-08,9.56876615253521950e-09,nan,nan
4304,107.6,1.488905847e-05,2.154476821e-05,1.09386127523875023e-08,9.56557121362382687e-09,nan,nan
4305,107.625,1.508330556e-05,1.984737253e-05,1.09351459857621986e-08,9.56206435335829673e-09,nan,nan
4306,107.65,1.552264308e-05,1.804232218e-05,1.09313265541426887e-08,9.55825183307826232e-09,nan,nan
4307,107.675,1.638856038e-05,1.613808797e-05,1.09271551865305506e-08,9.55414702772785143e-09,nan,nan
4308,107.7,1.715321482e-05,1.414371840e-05,1.09226407237600609e-08,9.54977023948893311e-09,nan,nan
4309,107.725,1.781193336e-05,1.206879119e-05,1.09178000550645677e-08,9.54514834428955095e-09,nan,nan
4310,107.75,1.836069716e-05,9.923361517e-06,1.09126578612728629e-08,9.54031427839043986e-09,nan,nan
4311,107.775,1.879616611e-05,9.141599534e-06,1.09072461693402234e-08,9.53530637616159847e-09,nan,nan
4312,107.8,1.912635123e-05,8.503678344e-06,1.09016037275255996e-08,9.53016757381131337e-09,nan,nan
4313,107.825,1.945915746e-05,7.818891957e-06,1.08957752149187796e-08,9.52494449713132252e-09,nan,nan
4314,107.85,1.976343579e-05,7.094230700e-06,1.08898103030923545e-08,9.51968645419411873e-09,nan,nan
4315,107.875,1.994656225e-05,6.336904888e-06,1.08837625913020508e-08,9.51444435631013595e-09,nan,nan
4316,107.9,2.000667821e-05,7.825476085e-06,1.08776884397970620e-08,9.50926959236575745e-09,nan,nan
4317,107.925,1.994346388e-05,1.004638476e-05,1.08716457283509960e-08,9.50421288287269633e-09,nan,nan
4318,107.95,1.975735966e-05,1.222739662e-05,1.08656925690223929e-08,9.49932314063576043e-09,nan,nan
4319,107.975,1.944956317e-05,1.435748513e-05,1.08598860033535897e-08,9.49464636487419195e-09,nan,nan
4320,108,1.902202146e-05,1.642587172e-05,1.08542807146886557e-08,9.49022459491385806e-09,nan,nan
4321,108.025,1.847741881e-05,1.842208572e-05,1.08489277860231658e-08,9.48609494821920359e-09,nan,nan
4322,108.05,1.781915978e-05,2.033602265e-05,1.08438735327960491e-08,9.48228876558829842e-09,nan,nan
4323,108.075,1.705134802e-05,2.215800037e-05,1.08391584383214707e-08,9.47883088383742923e-09,nan,nan
4324,108.1,1.617876062e-05,2.387881290e-05,1.08348162171768240e-08,9.47573905331449979e-09,nan,nan
4325,108.125,1.520681845e-05,2.548978159e-05,1.08308730288696096e-08,9.47302351417493001e-09,nan,nan
4326,108.15,1.414155243e-05,2.698280320e-05,1.08273468605731802e-08,9.47068674161206547e-09,nan,nan
4327,108.175,1.298956617e-05,2.835039478e-05,1.08242470937348654e-08,9.46872336624647304e-09,nan,nan
4328,108.2,1.175799497e-05,2.958573499e-05,1.08215742650156277e-08,9.46712027174180791e-09,nan,nan
4329,108.225,1.045446172e-05,3.068270164e-05,1.08193200274244141e-08,9.46585686752828314e-09,nan,nan
4330,108.25,9.087029611e-06,3.163590522e-05,1.08174673127725755e-08,9.46490553037975519e-09,nan,nan
4331,108.275,7.664152353e-06,3.244071829e-05,1.08159906918096706e-08,9.46423220460719333e-09,nan,nan
4332,108.3,6.194621869e-06,3.309330046e-05,1.08148569237268457e-08,9.46379714689465671e-09,nan,nan
4333,108.325,5.207010304e-06,3.359995740e-05,1.08140256822393123e-08,9.46355579840524732e-09,nan,nan
4334,108.35,4.437349294e-06,3.410551299e-05,1.08134504412954240e-08,9.46345976380369252e-09,nan,nan
4335,108.375,3.655761181e-06,3.458239706e-05,1.08130794997042444e-08,9.46345787435226305e-09,nan,nan
4336,108.4,2.864392166e-06,3.489844993e-05,1.08128571207184008e-08,9.46349731029578950e-09,nan,nan
4337,108.425,4.172007554e-06,3.505085810e-05,1.08127247599315189e-08,9.46352475640630320e-09,nan,nan
4338,108.45,5.637849012e-06,3.503925718e-05,1.08126223528134449e-08,9.46348756383955470e-09,nan,nan
4339,108.475,7.068435964e-06,3.486415081e-05,1.08124896318604098e-08,9.46333489138035713e-09,nan,nan
4340,108.5,8.454969474e-06,3.452690619e-05,1.08122674427121082e-08,9.46301879972213131e-09,nan,nan
4341,108.525,9.788925121e-06,3.402974480e-05,1.08118990286974584e-08,9.46249527362317864e-09,nan,nan
4342,108.55,1.106210540e-05,3.337572814e-05,1.08113312541112073e-08,9.46172514857758504e-09,nan,nan
4343,108.575,1.226669011e-05,3.256873876e-05,1.08105157380731792e-08,9.46067492098768815e-09,nan,nan
4344,108.6,1.339528435e-05,3.161345667e-05,1.08094098730411393e-08,9.45931742366972108e-09,nan,nan
4345,108.625,1.444096396e-05,3.051533112e-05,1.08079777048822212e-08,9.45763235179433887e-09,nan,nan
4346,108.65,1.539731794e-05,2.928054815e-05,1.08061906547866424e-08,9.45560662797901937e-09,nan,nan
4347,108.675,1.625848782e-05,2.791599398e-05,1.08040280671473186e-08,9.45323459912183596e-09,nan,nan
4348,108.7,1.701920348e-05,2.642921442e-05,1.08014775717365738e-08,9.45051806160112946e-09,nan,nan
4349,108.725,1.767481544e-05,2.482837070e-05,1.07985352529828889e-08,9.44746611556471001e-09,nan,nan
4350,108.75,1.822132326e-05,2.312219182e-05,1.07952056237777511e-08,9.44409485309677531e-09,nan,nan
4351,108.775,1.865539993e-05,2.131992379e-05,1.07915014059127266e-08,9.44042688898148697e-09,nan,nan
4352,108.8,1.898060414e-05,1.943127612e-05,1.07874431238461214e-08,9.43649074648483910e-09,nan,nan
4353,108.825,1.930095821e-05,1.746636574e-05,1.07830585229161241e-08,9.43232011396197575e-09,nan,nan
4354,108.85,1.960199594e-05,1.543565880e-05,1.07783818272463615e-08,9.42795299108449518e-09,nan,nan
4355,108.875,1.978405035e-05,1.334991065e-05,1.07734528563308280e-08,9.42343074599992354e-09,nan,nan
4356,108.9,1.984410162e-05,1.122010439e-05,1.07683160225495149e-08,9.41879710672505747e-09,nan,nan
4357,108.925,1.978182924e-05,1.173536658e-05,1.07630192345749135e-08,9.41409711148891366e-09,nan,nan
4358,108.95,1.959766670e-05,1.254076660e-05,1.07576127337202030e-08,9.40937604354793995e-09,nan,nan
4359,108.975,1.929279850e-05,1.329498935e-05,1.07521478917030460e-08,9.40467837617870108e-09,nan,nan
4360,109,1.886915250e-05,1.399105958e-05,1.07466759990230330e-08,9.40004675310945032e-09,nan,nan
4361,109.025,1.832938778e-05,1.462229763e-05,1.07412470731605246e-08,9.39552102859523647e-09,nan,nan
4362,109.05,1.767687797e-05,1.518236708e-05,1.07359087151030077e-08,9.39113738970003831e-09,nan,nan
4363,109.075,1.691569010e-05,1.566532048e-05,1.07307050413119960e-08,9.38692758116623568e-09,nan,nan
4364,109.1,1.605055931e-05,1.606564273e-05,1.07256757161959354e-08,9.38291825058279502e-09,nan,nan
4365,109.125,1.508685941e-05,1.637829199e-05,1.07208551075055877e-08,9.37913042847550996e-09,nan,nan
4366,109.15,1.511399652e-05,1.664647348e-05,1.07162715838849884e-08,9.37557915451404345e-09,nan,nan
4367,109.175,1.524001792e-05,1.691617691e-05,1.07119469701742063e-08,9.37227325734637108e-09,nan,nan
4368,109.2,1.532422412e-05,1.712775128e-05,1.07078961720608389e-08,9.36921529172340138e-09,nan,nan
4369,109.225,1.536639711e-05,1.775868680e-05,1.07041269774150429e-08,9.36640163266052828e-09,nan,nan
4370,109.25,1.536643414e-05,1.914349256e-05,1.07006400372243786e-08,9.36382272249564501e-09,nan,nan
4371,109.275,1.532434801e-05,2.041448076e-05,1.06974290245791897e-08,9.36146346293991380e-09,nan,nan
4372,109.3,1.524026695e-05,2.156652941e-05,1.06944809657570346e-08,9.35930374067147859e-09,nan,nan
4373,109.325,1.511443428e-05,2.259523025e-05,1.06917767332238291e-08,9.35731907177952389e-09,nan,nan
4374,109.35,1.494720769e-05,2.349690848e-05,1.06892916864148002e-08,9.35548134750595828e-09,nan,nan
4375,109.375,1.473905822e-05,2.426863788e-05,1.06869964425755723e-08,9.35375966132378749e-09,nan,nan
4376,109.4,1.449056894e-05,2.490825158e-05,1.06848577568204925e-08,9.35212119549274137e-09,nan,nan
4377,109.425,1.420243331e-05,2.541434813e-05,1.06828394879779263e-08,9.35053214388952855e-09,nan,nan
4378,109.45,1.387545326e-05,2.579464313e-05,1.06809036248012725e-08,9.34895864715303865e-09,nan,nan
4379,109.475,1.351053694e-05,2.619599535e-05,1.06790113457792170e-08,9.34736771603116295e-09,nan,nan
4380,109.5,1.310869622e-05,2.654448956e-05,1.06771240851077894e-08,9.34572811926680742e-09,nan,nan
4381,109.525,1.267104386e-05,2.675526620e-05,1.06752045774074975e-08,9.34401121340313280e-09,nan,nan
4382,109.55,1.219879044e-05,2.682942386e-05,1.06732178544748831e-08,9.34219169349428580e-09,nan,nan
4383,109.575,1.216174635e-05,2.676882415e-05,1.06711321687326680e-08,9.34024824583571155e-09,nan,nan
4384,109.6,1.328353198e-05,2.657607381e-05,1.06689198200473760e-08,9.33816408642369141e-09,nan,nan
4385,109.625,1.432310025e-05,2.625450232e-05,1.06665578651671814e-08,9.33592737184986093e-09,nan,nan
4386,109.65,1.527407727e-05,2.580813548e-05,1.06640286921297301e-08,9.33353147265817908e-09,nan,nan
4387,109.675,1.613063709e-05,2.524166480e-05,1.06613204455194512e-08,9.33097510275430595e-09,nan,nan
4388,109.7,1.688753735e-05,2.456041325e-05,1.06584272923297336e-08,9.32826230217127809e-09,nan,nan
4389,109.725,1.754015138e-05,2.377029727e-05,1.06553495223061220e-08,9.32540227426793810e-09,nan,nan
4390,109.75,1.808449649e-05,2.287778559e-05,1.06520934809119025e-08,9.32240908217266505e-09,nan,nan
4391,109.775,1.851725826e-05,2.188985486e-05,1.06486713373576646e-08,9.31930121289126805e-09,nan,nan
4392,109.8,1.883869385e-05,2.081394259e-05,1.06451006943650349e-08,9.31610102088448697e-09,nan,nan
4393,109.825,1.914640933e-05,1.965789755e-05,1.06414040503859043e-08,9.31283406600217419e-09,nan,nan
4394,109.85,1.944385684e-05,1.842992805e-05,1.06376081287700413e-08,9.30952836336164665e-09,nan,nan
4395,109.875,1.962495373e-05,1.713854837e-05,1.06337430917733351e-08,9.30621356500972012e-09,nan,nan
4396,109.9,1.968503347e-05,1.665668178e-05,1.06298416602399234e-08,9.30292009495531661e-09,nan,nan
4397,109.925,1.962377433e-05,1.821002248e-05,1.06259381622017111e-08,9.29967826035964612e-09,nan,nan
4398,109.95,1.944160247e-05,1.970162758e-05,1.06220675354584328e-08,9.29651736229286473e-09,nan,nan
4399,109.975,1.913968901e-05,2.112243492e-05,1.06182643103847904e-08,9.29346482949542943e-09,nan,nan
4400,110,1.871994248e-05,2.246368168e-05,1.06145615997299672e-08,9.29054539801815561e-09,nan,nan
4401,110.025,1.818499684e-05,2.371695831e-05,1.06109901220150828e-08,9.28778035847154260e-09,nan,nan
4402,110.05,1.753819485e-05,2.487426076e-05,1.06075772843019523e-08,9.28518689092170778e-09,nan,nan
4403,110.075,1.678356729e-05,2.592804054e-05,1.06043463486208126e-08,9.28277750526846356e-09,nan,nan
4404,110.1,1.592580777e-05,2.687125234e-05,1.06013157042445018e-08,9.28055960228661086e-09,nan,nan
4405,110.125,1.497024358e-05,2.769739886e-05,1.05984982653335504e-08,9.27853516746992529e-09,nan,nan
4406,110.15,1.392280259e-05,2.840057273e-05,1.05959010103173337e-08,9.27670060646428064e-09,nan,nan
4407,110.175,1.278997649e-05,2.897549505e-05,1.05935246758003426e-08,9.27504672729668261e-09,nan,nan
4408,110.2,1.157878054e-05,2.942311828e-05,1.05913636138780612e-08,9.27355887088853891e-09,nan,nan
4409,110.225,1.029671016e-05,2.985085969e-05,1.05894058176121212e-08,9.27221718757798058e-09,nan,nan
4410,110.25,8.951694517e-06,3.026816010e-05,1.05876331151521910e-08,9.27099705366081253e-09,nan,nan
4411,110.275,9.542572719e-06,3.055295955e-05,1.05860215287081815e-08,9.26986961838496038e-09,nan,nan
4412,110.3,1.012907578e-05,3.069322591e-05,1.05845417903789445e-08,9.26880246848937353e-09,nan,nan
4413,110.325,1.068765913e-05,3.068660771e-05,1.05831600028358953e-08,9.26776039434752620e-09,nan,nan
4414,110.35,1.121680055e-05,3.053154406e-05,1.05818384291433959e-08,9.26670623913524010e-09,nan,nan
4415,110.375,1.171505890e-05,3.022727848e-05,1.05805363926642199e-08,9.26560181025734285e-09,nan,nan
4416,110.4,1.218107809e-05,2.977386819e-05,1.05792112651318237e-08,9.26440883059318964e-09,nan,nan
4417,110.425,1.261359073e-05,2.917218860e-05,1.05778195186435269e-08,9.26308990600030248e-09,nan,nan
4418,110.45,1.301142159e-05,2.842393299e-05,1.05763178155983006e-08,9.26160948497558443e-09,nan,nan
4419,110.475,1.337349079e-05,2.753160753e-05,1.05746641095137244e-08,9.25993478643134838e-09,nan,nan
4420,110.5,1.369881674e-05,2.649852143e-05,1.05728187292375109e-08,9.25803667219607009e-09,nan,nan
4421,110.525,1.398651878e-05,2.532877242e-05,1.05707454193295556e-08,9.25589044208418688e-09,nan,nan
4422,110.55,1.423581958e-05,2.402722758e-05,1.05684123103280496e-08,9.25347653116454564e-09,nan,nan
4423,110.575,1.444604725e-05,2.259949962e-05,1.05657927942033005e-08,9.25078109115133726e-09,nan,nan
4424,110.6,1.462480111e-05,2.105191879e-05,1.05628662825093276e-08,9.24779644058906190e-09,nan,nan
4425,110.625,1.481288450e-05,1.939150045e-05,1.05596188275116326e-08,9.24452137163728609e-09,nan,nan
4426,110.65,1.515286511e-05,1.762590869e-05,1.05560435898331373e-08,9.24096130470501233e-09,nan,nan
4427,110.675,1.600494647e-05,1.576341596e-05,1.05521411398394695e-08,9.23712828585472660e-09,nan,nan
4428,110.7,1.675814933e-05,1.381285916e-05,1.05479195839899511e-08,9.23304082570267427e-09,nan,nan
4429,110.725,1.740786915e-05,1.178359231e-05,1.05433945116139869e-08,9.22872358239193768e-09,nan,nan
4430,110.75,1.795014036e-05,9.685436098e-06,1.05385887619303827e-08,9.22420689501496148e-09,nan,nan
4431,110.775,1.838166056e-05,8.955664878e-06,1.05335320155032142e-08,9.21952617751864743e-09,nan,nan
4432,110.8,1.870055370e-05,8.338124786e-06,1.05282602186146742e-08,9.21472118654831337e-09,nan,nan
4433,110.825,1.899566373e-05,7.674674960e-06,1.05228148531279528e-08,9.20983517979246715e-09,nan,nan
4434,110.85,1.928891493e-05,6.972122300e-06,1.05172420682114443e-08,9.20491398410249630e-09,nan,nan
4435,110.875,1.946916287e-05,6.237489426e-06,1.05115916937059552e-08,9.20000499491363127e-09,nan,nan
4436,110.9,1.952935901e-05,7.605113123e-06,1.05059161578555428e-08,9.19515613023082335e-09,nan,nan
4437,110.925,1.946917987e-05,9.782914621e-06,1.05002693345177800e-08,9.19041476362272395e-09,nan,nan
4438,110.95,1.928904392e-05,1.192205331e-05,1.04947053467614128e-08,9.18582666125804444e-09,nan,nan
4439,110.975,1.899010863e-05,1.401171991e-05,1.04892773549047943e-08,9.18143494800726414e-09,nan,nan
4440,111,1.857426314e-05,1.604134526e-05,1.04840363575176860e-08,9.17727912701744399e-09,nan,nan
4441,111.025,1.804411625e-05,1.800065909e-05,1.04790300336907954e-08,9.17339417596469441e-09,nan,nan
4442,111.05,1.740298009e-05,1.987974717e-05,1.04743016539760664e-08,9.16980974142623668e-09,nan,nan
4443,111.075,1.665484944e-05,2.166910638e-05,1.04698890858375593e-08,9.16654945053397464e-09,nan,nan
4444,111.1,1.580437681e-05,2.335969758e-05,1.04658239172653598e-08,9.16363035632895970e-09,nan,nan
4445,111.125,1.485684356e-05,2.494299577e-05,1.04621307194461939e-08,9.16106253009640263e-09,nan,nan
4446,111.15,1.381812706e-05,2.641103740e-05,1.04588264661203237e-08,9.15884881050027960e-09,nan,nan
4447,111.175,1.269466425e-05,2.775646440e-05,1.04559201235645447e-08,9.15698471563897672e-09,nan,nan
4448,111.2,1.149341176e-05,2.897256488e-05,1.04534124211141095e-08,9.15545852029869674e-09,nan,nan
4449,111.225,1.022180286e-05,3.005331002e-05,1.04512958078700763e-08,9.15425149678172103e-09,nan,nan
4450,111.25,8.887701398e-06,3.099338715e-05,1.04495545968359924e-08,9.15333831382600261e-09,nan,nan
4451,111.275,7.499353245e-06,3.178822872e-05,1.04481652932951023e-08,9.15268758440371202e-09,nan,nan
4452,111.3,6.065335290e-06,3.243403694e-05,1.04470970998839089e-08,9.15226254967936657e-09,nan,nan
4453,111.325,5.101837884e-06,3.292838258e-05,1.04463125866447489e-08,9.15202188320786484e-09,nan,nan
4454,111.35,4.345893918e-06,3.338927749e-05,1.04457685104499170e-08,9.15192059663592361e-09,nan,nan
4455,111.375,3.578262948e-06,3.385088386e-05,1.04454167646759723e-08,9.15191102580493111e-09,nan,nan
4456,111.4,2.801052531e-06,3.416139409e-05,1.04452054369544324e-08,9.15194387429412680e-09,nan,nan
4457,111.425,4.017052107e-06,3.431190924e-05,1.04450799503063861e-08,9.15196929013553698e-09,nan,nan
4458,111.45,5.453550017e-06,3.430206155e-05,1.04449842610440616e-08,9.15193795070597787e-09,nan,nan
4459,111.475,6.855960317e-06,3.413233126e-05,1.04448620855379126e-08,9.15180213067423900e-09,nan,nan
4460,111.5,8.215657103e-06,3.380404238e-05,1.04446581273327015e-08,9.15151672835517199e-09,nan,nan
4461,111.525,9.524280541e-06,3.331935369e-05,1.04443192761646252e-08,9.15104022688362957e-09,nan,nan
4462,111.55,1.077378826e-05,3.268124491e-05,1.04437957511803679e-08,9.15033556824313536e-09,nan,nan
4463,111.575,1.195650479e-05,3.189349826e-05,1.04430421620688454e-08,9.14937092032650492e-09,nan,nan
4464,111.6,1.306516866e-05,3.096067545e-05,1.04420184638517037e-08,9.14812031981569612e-09,nan,nan
4465,111.625,1.409297706e-05,2.988809029e-05,1.04406907836891246e-08,9.14656417668179424e-09,nan,nan
4466,111.65,1.503362749e-05,2.868177699e-05,1.04390321011776508e-08,9.14468962944963537e-09,nan,nan
4467,111.675,1.588135646e-05,2.734845454e-05,1.04370227671715557e-08,9.14249074396243039e-09,nan,nan
4468,111.7,1.663097480e-05,2.589548708e-05,1.04346508500598060e-08,9.13996855213275966e-09,nan,nan
4469,111.725,1.727789938e-05,2.433084089e-05,1.04319123025827595e-08,9.13713093098614908e-09,nan,nan
4470,111.75,1.781818116e-05,2.266303784e-05,1.04288109465748093e-08,9.13399232610025168e-09,nan,nan
4471,111.775,1.824852931e-05,2.090110594e-05,1.04253582773664615e-08,9.13057332722413736e-09,nan,nan
4472,111.8,1.856633120e-05,1.905452710e-05,1.04215730938664741e-08,9.12690010734004922e-09,nan,nan
4473,111.825,1.884852022e-05,1.713318237e-05,1.04174809644680707e-08,9.12300373961888206e-09,nan,nan
4474,111.85,1.913707065e-05,1.514729518e-05,1.04131135427831462e-08,9.11891940954536772e-09,nan,nan
4475,111.875,1.931657256e-05,1.310737274e-05,1.04085077507121018e-08,9.11468554188206840e-09,nan,nan
4476,111.9,1.937696801e-05,1.102414599e-05,1.04037048494210673e-08,9.11034286404695066e-09,nan,nan
4477,111.925,1.931793132e-05,1.146639761e-05,1.03987494213488472e-08,9.10593342885332789e-09,nan,nan
4478,111.95,1.913987287e-05,1.225414507e-05,1.03936882883444480e-08,9.10149962037090946e-09,nan,nan
4479,111.975,1.884393634e-05,1.299209142e-05,1.03885693923948680e-08,9.09708316689517182e-09,nan,nan
4480,112,1.843199131e-05,1.367340243e-05,1.03834406661123303e-08,9.09272418465524595e-09,nan,nan
4481,112.025,1.790662151e-05,1.429153092e-05,1.03783489201955624e-08,9.08846027496086024e-09,nan,nan
4482,112.05,1.727110859e-05,1.484026353e-05,1.03733387744617466e-08,9.08432569601086202e-09,nan,nan
4483,112.075,1.652941163e-05,1.531376550e-05,1.03684516577834716e-08,9.08035062859953989e-09,nan,nan
4484,112.1,1.568614249e-05,1.570662335e-05,1.03637249003909712e-08,9.07656055251092216e-09,nan,nan
4485,112.125,1.474653712e-05,1.601388491e-05,1.03591909395627070e-08,9.07297574754783395e-09,nan,nan
4486,112.15,1.484634194e-05,1.626061805e-05,1.03548766567898313e-08,9.06961092997264915e-09,nan,nan
4487,112.175,1.496962402e-05,1.650915129e-05,1.03508028611351203e-08,9.06647503172062200e-09,nan,nan
4488,112.2,1.505183799e-05,1.671248330e-05,1.03469839298001161e-08,9.06357112616962709e-09,nan,nan
4489,112.225,1.509277068e-05,1.734910294e-05,1.03434276129575785e-08,9.06089650060159122e-09,nan,nan
4490,112.25,1.509232212e-05,1.871309067e-05,1.03401350057982436e-08,9.05844287185908363e-09,nan,nan
4491,112.275,1.505050580e-05,1.996581360e-05,1.03371006865834506e-08,9.05619673817576666e-09,nan,nan
4492,112.3,1.496744859e-05,2.110221480e-05,1.03343130153909019e-08,9.05413985682724631e-09,nan,nan
4493,112.325,1.484339034e-05,2.211793539e-05,1.03317545842908217e-08,9.05224983419207722e-09,nan,nan
4494,112.35,1.467868322e-05,2.300933398e-05,1.03294028059911918e-08,9.05050081210626552e-09,nan,nan
4495,112.375,1.447379070e-05,2.377350183e-05,1.03272306246338798e-08,9.04886423210391542e-09,nan,nan
4496,112.4,1.422928627e-05,2.440827360e-05,1.03252073294899630e-08,9.04730965731645403e-09,nan,nan
4497,112.425,1.394585178e-05,2.491223356e-05,1.03232994498640342e-08,9.04580563049589063e-09,nan,nan
4498,112.45,1.362427563e-05,2.528471736e-05,1.03214717076314493e-08,9.04432054586468446e-09,nan,nan
4499,112.475,1.326545049e-05,2.563854324e-05,1.03196880025451079e-08,9.04282351229351389e-09,nan,nan
4500,112.5,1.287037087e-05,2.598368594e-05,1.03179124047883057e-08,9.04128518567185994e-09,nan,nan
4501,112.525,1.244013035e-05,2.619474437e-05,1.03161101292324999e-08,9.03967854925398018e-09,nan,nan
4502,112.55,1.197591855e-05,2.627218089e-05,1.03142484664811464e-08,9.03797962220914073e-09,nan,nan
4503,112.575,1.185613725e-05,2.621779229e-05,1.03122976470257858e-08,9.03616807854196674e-09,nan,nan
4504,112.6,1.295847532e-05,2.603410383e-05,1.03102316166751062e-08,9.03422776092711446e-09,nan,nan
4505,112.625,1.398062306e-05,2.572434757e-05,1.03080287037943730e-08,9.03214707676147075e-09,nan,nan
4506,112.65,1.491631235e-05,2.529243652e-05,1.03056721617500893e-08,9.02991926680754278e-09,nan,nan
4507,112.675,1.575980970e-05,2.474293504e-05,1.03031505732210580e-08,9.02754254010534535e-09,nan,nan
4508,112.7,1.650595143e-05,2.408102531e-05,1.03004581066283389e-08,9.02502007228341887e-09,nan,nan
4509,112.725,1.715017518e-05,2.331247043e-05,1.02975946187633585e-08,9.02235986791586788e-09,nan,nan
4510,112.75,1.768854791e-05,2.244357421e-05,1.02945656016585875e-08,9.01957449106369890e-09,nan,nan
4511,112.775,1.811778984e-05,2.148113798e-05,1.02913819757495843e-08,9.01668067151809172e-09,nan,nan
4512,112.8,1.843529444e-05,2.043241464e-05,1.02880597353199802e-08,9.01369879744573951e-09,nan,nan
4513,112.825,1.870489387e-05,1.930506034e-05,1.02846194560041412e-08,9.01065230804325324e-09,nan,nan
4514,112.85,1.898822824e-05,1.810708396e-05,1.02810856776506324e-08,9.00756700236432665e-09,nan,nan
4515,112.875,1.916708159e-05,1.684679484e-05,1.02774861790352541e-08,9.00447028262829571e-09,nan,nan
4516,112.9,1.922775448e-05,1.629729971e-05,1.02738511636764318e-08,9.00139035199735020e-09,nan,nan
4517,112.925,1.916991854e-05,1.782047764e-05,1.02702123782785136e-08,8.99835538798159149e-09,nan,nan
4518,112.95,1.899397578e-05,1.928348413e-05,1.02666021870541180e-08,8.99539271326649961e-09,nan,nan
4519,112.975,1.870105583e-05,2.067743337e-05,1.02630526263122489e-08,8.99252798584049758e-09,nan,nan
4520,113,1.829300869e-05,2.199373034e-05,1.02595944642160281e-08,8.98978442982873395e-09,nan,nan
4521,113.025,1.777239304e-05,2.322412374e-05,1.02562562905002177e-08,8.98718212742533350e-09,nan,nan
4522,113.05,1.714246023e-05,2.436075723e-05,1.02530636601974566e-08,8.98473739078637072e-09,nan,nan
4523,113.075,1.640713396e-05,2.539621852e-05,1.02500383140714603e-08,8.98246223073709095e-09,nan,nan
4524,113.1,1.557098583e-05,2.632358615e-05,1.02471974965298210e-08,8.98036393671072743e-09,nan,nan
4525,113.125,1.463920697e-05,2.713647357e-05,1.02445533893362192e-08,8.97844477953181666e-09,nan,nan
4526,113.15,1.361757575e-05,2.782907029e-05,1.02421126765234822e-08,8.97670184555414078e-09,nan,nan
4527,113.175,1.251242199e-05,2.839617979e-05,1.02398762525973426e-08,8.97512700734105927e-09,nan,nan
4528,113.2,1.133058774e-05,2.883353018e-05,1.02378390824990275e-08,8.97370703261558669e-09,nan,nan
4529,113.225,1.007938490e-05,2.922746444e-05,1.02359902179535184e-08,8.97242382969706642e-09,nan,nan
4530,113.25,8.766550033e-06,2.962621940e-05,1.02343129708639573e-08,8.97125482416699966e-09,nan,nan
4531,113.275,9.369016805e-06,2.990346032e-05,1.02327852404222956e-08,8.97017345815483133e-09,nan,nan
4532,113.3,9.946144552e-06,3.003940357e-05,1.02313799866893680e-08,8.96914980048934571e-09,nan,nan
4533,113.325,1.049586220e-05,3.003174719e-05,1.02300658396531351e-08,8.96815125310117361e-09,nan,nan
4534,113.35,1.101667153e-05,2.987896147e-05,1.02288078292952401e-08,8.96714333655923357e-09,nan,nan
4535,113.375,1.150715392e-05,2.958030260e-05,1.02275682190696253e-08,8.96609053554094800e-09,nan,nan
4536,113.4,1.196597423e-05,2.913582176e-05,1.02263074225020428e-08,8.96495718342581925e-09,nan,nan
4537,113.425,1.239188444e-05,2.854636957e-05,1.02249849804224720e-08,8.96370836410334729e-09,nan,nan
4538,113.45,1.278372704e-05,2.781359594e-05,1.02235605747001317e-08,8.96231080852940267e-09,nan,nan
4539,113.475,1.314043814e-05,2.693994517e-05,1.02219950533035821e-08,8.96073376356359182e-09,nan,nan
4540,113.5,1.346105043e-05,2.592864643e-05,1.02202514410843907e-08,8.95894981117606528e-09,nan,nan
4541,113.525,1.374469573e-05,2.478369968e-05,1.02182959108928430e-08,8.95693561721286726e-09,nan,nan
4542,113.55,1.399060739e-05,2.350985698e-05,1.02160986904743935e-08,8.95467259052743167e-09,nan,nan
4543,113.575,1.419812234e-05,2.211259940e-05,1.02136348820467503e-08,8.95214743538393815e-09,nan,nan
4544,113.6,1.437228264e-05,2.059810962e-05,1.02108851734843195e-08,8.94935258256449464e-09,nan,nan
4545,113.625,1.455463816e-05,1.897324033e-05,1.02078364225910986e-08,8.94628648750607197e-09,nan,nan
4546,113.65,1.480086941e-05,1.724547874e-05,1.02044820989620849e-08,8.94295378698424481e-09,nan,nan
4547,113.675,1.564025082e-05,1.542290720e-05,1.02008225713447707e-08,8.93936530927139317e-09,nan,nan
4548,113.7,1.638301909e-05,1.351416035e-05,1.01968652321315318e-08,8.93553793624330865e-09,nan,nan
4549,113.725,1.702463208e-05,1.152837889e-05,1.01926244545515407e-08,8.93149431950377678e-09,nan,nan
4550,113.75,1.756117215e-05,9.475160383e-06,1.01881213821897102e-08,8.92726245615355994e-09,nan,nan
4551,113.775,1.798937016e-05,8.785564932e-06,1.01833835545415921e-08,8.92287513326194469e-09,nan,nan
4552,113.8,1.830662530e-05,8.187255806e-06,1.01784443763168674e-08,8.91836925332051004e-09,nan,nan
4553,113.825,1.856475415e-05,7.543889948e-06,1.01733424420320391e-08,8.91378505589266900e-09,nan,nan
4554,113.85,1.884229553e-05,6.862101331e-06,1.01681207309912192e-08,8.90916525324438051e-09,nan,nan
4555,113.875,1.902059262e-05,6.148735958e-06,1.01628256909554124e-08,8.90455409989028389e-09,nan,nan
4556,113.9,1.908161647e-05,7.387956472e-06,1.01575062315662780e-08,8.89999641766065429e-09,nan,nan
4557,113.925,1.902503565e-05,9.525057269e-06,1.01522126508526508e-08,8.89553659904840008e-09,nan,nan
4558,113.95,1.885124346e-05,1.162470156e-05,1.01469955198504984e-08,8.89121761220186187e-09,nan,nan
4559,113.975,1.856135533e-05,1.367628463e-05,1.01419045514680215e-08,8.88708003097376592e-09,nan,nan
4560,114,1.815720158e-05,1.566943429e-05,1.01369874801995008e-08,8.88316111291689769e-09,nan,nan
4561,114.025,1.764131593e-05,1.759406852e-05,1.01322889791219155e-08,8.87949394704527190e-09,nan,nan
4562,114.05,1.701691962e-05,1.944045155e-05,1.01278496398012492e-08,8.87610669158171885e-09,nan,nan
4563,114.075,1.628790124e-05,2.119924799e-05,1.01237050393093917e-08,8.87302191982654633e-09,nan,nan
4564,114.1,1.545879260e-05,2.286157467e-05,1.01198849165417498e-08,8.87025608975816888e-09,nan,nan
4565,114.125,1.453474050e-05,2.441905001e-05,1.01164124774791114e-08,8.86781915007540892e-09,nan,nan
4566,114.15,1.352147480e-05,2.586384048e-05,1.01133038460149972e-08,8.86571429218258870e-09,nan,nan
4567,114.175,1.242527290e-05,2.718870396e-05,1.01105676735464115e-08,8.86393785418050302e-09,nan,nan
4568,114.2,1.125292085e-05,2.838702975e-05,1.01082049167826850e-08,8.86247937934118819e-09,nan,nan
4569,114.225,1.001167135e-05,2.945287499e-05,1.01062087892553060e-08,8.86132182789984327e-09,nan,nan
4570,114.25,8.709198856e-06,3.038099718e-05,1.01045648879074057e-08,8.86044193737949432e-09,nan,nan
4571,114.275,7.353552174e-06,3.116688286e-05,1.01032514920031225e-08,8.85981072316219251e-09,nan,nan
4572,114.3,5.953104694e-06,3.180677194e-05,1.01022400275255123e-08,8.85939410771675968e-09,nan,nan
4573,114.325,5.005910632e-06,3.229767788e-05,1.01014956863244907e-08,8.85915366386931612e-09,nan,nan
4574,114.35,4.263088447e-06,3.271529697e-05,1.01009781856276809e-08,8.85904745482955144e-09,nan,nan
4575,114.375,3.508796689e-06,3.315847727e-05,1.01006426502258021e-08,8.85903095142867250e-09,nan,nan
4576,114.4,2.745106007e-06,3.346469910e-05,1.01004405967677596e-08,8.85905800523691561e-09,nan,nan
4577,114.425,3.865695407e-06,3.361436440e-05,1.01003209972202786e-08,8.85908185495245001e-09,nan,nan
4578,114.45,5.274612047e-06,3.360709726e-05,1.01002313967174136e-08,8.85905614271914200e-09,nan,nan
4579,114.475,6.650571859e-06,3.344335100e-05,1.01001190597910558e-08,8.85893591685515117e-09,nan,nan
4580,114.5,7.985111349e-06,3.312440417e-05,1.00999321183635198e-08,8.85867859786074077e-09,nan,nan
4581,114.525,9.270024948e-06,3.265235180e-05,1.00996206949104943e-08,8.85824488551167775e-09,nan,nan
4582,114.55,1.049741547e-05,3.203009205e-05,1.00991379748657590e-08,8.85759958631013147e-09,nan,nan
4583,114.575,1.165974265e-05,3.126130826e-05,1.00984412036208579e-08,8.85671234252205362e-09,nan,nan
4584,114.6,1.274986945e-05,3.035044657e-05,1.00974925853407259e-08,8.85555824642990402e-09,nan,nan
4585,114.625,1.376110589e-05,2.930268925e-05,1.00962600632241373e-08,8.85411832621334110e-09,nan,nan
4586,114.65,1.468725009e-05,2.812392380e-05,1.00947179637260736e-08,8.85237989297043961e-09,nan,nan
4587,114.675,1.552262632e-05,2.682070821e-05,1.00928474905568374e-08,8.85033674173136080e-09,nan,nan
4588,114.7,1.626211976e-05,2.540023235e-05,1.00906370578990406e-08,8.84798920281450594e-09,nan,nan
4589,114.725,1.690120784e-05,2.387027595e-05,1.00880824561499089e-08,8.84534404344698299e-09,nan,nan
4590,114.75,1.743598786e-05,2.223916322e-05,1.00851868475088941e-08,8.84241422312985131e-09,nan,nan
4591,114.775,1.786320085e-05,2.051571458e-05,1.00819605927905829e-08,8.83921850968827097e-09,nan,nan
4592,114.8,1.818025141e-05,1.870919558e-05,1.00784209148537297e-08,8.83578096622382852e-09,nan,nan
4593,114.825,1.842806327e-05,1.682926352e-05,1.00745914078998425e-08,8.83213032220194565e-09,nan,nan
4594,114.85,1.869918376e-05,1.488591195e-05,1.00705014055176813e-08,8.82829924458899634e-09,nan,nan
4595,114.875,1.887701189e-05,1.288941341e-05,1.00661852236451018e-08,8.82432352723844449e-09,nan,nan
4596,114.9,1.893845587e-05,1.085026083e-05,1.00616812975084149e-08,8.82024121855827319e-09,nan,nan
4597,114.925,1.888318075e-05,1.120775743e-05,1.00570312340134951e-08,8.81609170883099224e-09,nan,nan
4598,114.95,1.871157090e-05,1.197914798e-05,1.00522788029443651e-08,8.81191479937131368e-09,nan,nan
4599,114.975,1.842472732e-05,1.270206496e-05,1.00474688916312809e-08,8.80774977597779804e-09,nan,nan
4600,115,1.802446067e-05,1.336980591e-05,1.00426464484510348e-08,8.80363450885853186e-09,nan,nan
4601,115.025,1.751327975e-05,1.397594724e-05,1.00378554406028474e-08,8.79960460039682905e-09,nan,nan
4602,115.05,1.689437586e-05,1.451439007e-05,1.00331378510645298e-08,8.79569260079285205e-09,nan,nan
4603,115.075,1.617160284e-05,1.497940423e-05,1.00285327384909406e-08,8.79192730980538763e-09,nan,nan
4604,115.1,1.534945307e-05,1.536567017e-05,1.00240753821008374e-08,8.78833318057191235e-09,nan,nan
4605,115.125,1.443302958e-05,1.566831833e-05,1.00197965313530099e-08,8.78492983885987451e-09,nan,nan
4606,115.15,1.459062874e-05,1.589819863e-05,1.00157217774959120e-08,8.78173172816571095e-09,nan,nan
4607,115.175,1.471152052e-05,1.612485498e-05,1.00118710609547946e-08,8.77874788790205119e-09,nan,nan
4608,115.2,1.479205694e-05,1.632056922e-05,1.00082583250753473e-08,8.77598186857862741e-09,nan,nan
4609,115.225,1.483202887e-05,1.695727059e-05,1.00048913230589444e-08,8.77343178447015272e-09,nan,nan
4610,115.25,1.483133844e-05,1.830180322e-05,1.00017715810933668e-08,8.77109050085945421e-09,nan,nan
4611,115.275,1.478999921e-05,1.953749989e-05,9.99889451679934360e-09,8.76894594963075562e-09,nan,nan
4612,115.3,1.470813616e-05,2.065936329e-05,9.99624970827340506e-09,8.76698156384705798e-09,nan,nan
4613,115.325,1.458598530e-05,2.166307923e-05,9.99382130530582858e-09,8.76517681905436466e-09,nan,nan
4614,115.35,1.442389296e-05,2.254503596e-05,9.99158857087999720e-09,8.76350786648468494e-09,nan,nan
4615,115.375,1.422231487e-05,2.330233926e-05,9.98952653790079534e-09,8.76194824114094546e-09,nan,nan
4616,115.4,1.398181482e-05,2.393282321e-05,9.98760676333242701e-09,8.76046962599373501e-09,nan,nan
4617,115.425,1.370306310e-05,2.443505654e-05,9.98579815961631565e-09,8.75904265224361698e-09,nan,nan
4618,115.45,1.338683466e-05,2.480834466e-05,9.98406788144401323e-09,8.75763771483350738e-09,nan,nan
4619,115.475,1.303400692e-05,2.511752161e-05,9.98238224472043031e-09,8.75622578215100738e-09,nan,nan
4620,115.5,1.264555736e-05,2.545388004e-05,9.98070765389796170e-09,8.75477917914438164e-09,nan,nan
4621,115.525,1.222256081e-05,2.566583086e-05,9.97901151380691323e-09,8.75327232387931774e-09,nan,nan
4622,115.55,1.176618646e-05,2.574696947e-05,9.97726310265080294e-09,8.75168239886537047e-09,nan,nan
4623,115.575,1.156365223e-05,2.569902795e-05,9.97543438396127182e-09,8.74998994024625832e-09,nan,nan
4624,115.6,1.264788232e-05,2.552445136e-05,9.97350073698706692e-09,8.74817933013270334e-09,nan,nan
4625,115.625,1.365385735e-05,2.522637660e-05,9.97144158718013705e-09,8.74623917990341162e-09,nan,nan
4626,115.65,1.457540740e-05,2.480860741e-05,9.96924092108455141e-09,8.74416259514546489e-09,nan,nan
4627,115.675,1.540688452e-05,2.427558539e-05,9.96688767296211750e-09,8.74194731597648353e-09,nan,nan
4628,115.7,1.614319736e-05,2.363235748e-05,9.96437597382656762e-09,8.73959572971186704e-09,nan,nan
4629,115.725,1.677984237e-05,2.288453988e-05,9.96170525712105857e-09,8.73711475612870699e-09,nan,nan
4630,115.75,1.731293130e-05,2.203827892e-05,9.95888021897184385e-09,8.73451560885202492e-09,nan,nan
4631,115.775,1.773921495e-05,2.110020887e-05,9.95591063469220924e-09,8.73181343956677024e-09,nan,nan
4632,115.8,1.805610299e-05,2.007740714e-05,9.95281103689987447e-09,8.72902687476036064e-09,nan,nan
4633,115.825,1.829477696e-05,1.897734709e-05,9.94960026415718680e-09,8.72617745745154339e-09,nan,nan
4634,115.85,1.855880738e-05,1.780784871e-05,9.94630089235691085e-09,8.72328900879210693e-09,nan,nan
4635,115.875,1.873624911e-05,1.657702762e-05,9.94293856407509142e-09,8.72038692647926463e-09,nan,nan
4636,115.9,1.879817817e-05,1.594925357e-05,9.93954123372102617e-09,8.71749743853623639e-09,nan,nan
4637,115.925,1.874425576e-05,1.744410967e-05,9.93613834846852542e-09,8.71464683216694358e-09,nan,nan
4638,115.95,1.857485700e-05,1.888031038e-05,9.93275998659816689e-09,8.71186067803944244e-09,nan,nan
4639,115.975,1.829106838e-05,2.024913562e-05,9.92943597597670876e-09,8.70916307048496438e-09,nan,nan
4640,116,1.789468081e-05,2.154214784e-05,9.92619501591979230e-09,8.70657590371316111e-09,nan,nan
4641,116.025,1.738817828e-05,2.275124398e-05,9.92306382561522037e-09,8.70411820324827310e-09,nan,nan
4642,116.05,1.677472235e-05,2.386870576e-05,9.92006634162759312e-09,8.70180553040831238e-09,nan,nan
4643,116.075,1.605813238e-05,2.488724799e-05,9.91722298577860336e-09,8.69964947581437966e-09,nan,nan
4644,116.1,1.524286177e-05,2.580006443e-05,9.91455002293012678e-09,8.69765725567563058e-09,nan,nan
4645,116.125,1.433397031e-05,2.660087122e-05,9.91205902593526737e-09,8.69583142200355000e-09,nan,nan
4646,116.15,1.333709271e-05,2.728394731e-05,9.90975646232053595e-09,8.69416969503123968e-09,nan,nan
4647,116.175,1.225840375e-05,2.784417181e-05,9.90764341418926326e-09,8.69266492302126152e-09,nan,nan
4648,116.2,1.110458000e-05,2.827705799e-05,9.90571543946782585e-09,8.69130517141646577e-09,nan,nan
4649,116.225,9.882758473e-06,2.863851850e-05,9.90396257903675201e-09,8.69007394000227985e-09,nan,nan
4650,116.25,8.607361539e-06,2.901740771e-05,9.90236951058782772e-09,8.68895050348861275e-09,nan,nan
4651,116.275,9.200956746e-06,2.928844859e-05,9.90091584631742261e-09,8.68791036776579823e-09,nan,nan
4652,116.3,9.769183932e-06,2.942125647e-05,9.89957656789956723e-09,8.68692583112101765e-09,nan,nan
4653,116.325,1.031049348e-05,2.941357121e-05,9.89832258867058423e-09,8.68596663699292826e-09,nan,nan
4654,116.35,1.082340991e-05,2.926388766e-05,9.89712142968817711e-09,8.68500070246151405e-09,nan,nan
4655,116.375,1.130653596e-05,2.897146905e-05,9.89593799338430690e-09,8.68399490467617135e-09,nan,nan
4656,116.4,1.175855634e-05,2.853635598e-05,9.89473541598536323e-09,8.68291590586888157e-09,nan,nan
4657,116.425,1.217824132e-05,2.795937090e-05,9.89347597779024109e-09,8.68173099652015691e-09,nan,nan
4658,116.45,1.256445009e-05,2.724211798e-05,9.89212204882909626e-09,8.68040893567062233e-09,nan,nan
4659,116.475,1.291613386e-05,2.638697849e-05,9.89063704641200480e-09,8.67892076731617897e-09,nan,nan
4660,116.5,1.323233871e-05,2.539710158e-05,9.88898638064486607e-09,8.67724059229165555e-09,nan,nan
4661,116.525,1.351220816e-05,2.427639056e-05,9.88713836415002260e-09,8.67534627602712907e-09,nan,nan
4662,116.55,1.375498548e-05,2.302948475e-05,9.88506506297984080e-09,8.67322007402844285e-09,nan,nan
4663,116.575,1.396001578e-05,2.166173699e-05,9.88274306703425596e-09,8.67084915885519783e-09,nan,nan
4664,116.6,1.413036043e-05,2.017918693e-05,9.88015416015730656e-09,8.66822603469729468e-09,nan,nan
4665,116.625,1.430737101e-05,1.858853023e-05,9.87728587244792555e-09,8.66534882833014240e-09,nan,nan
4666,116.65,1.446688027e-05,1.689708389e-05,9.87413190011894391e-09,8.66222144819253296e-09,nan,nan
4667,116.675,1.529297543e-05,1.511274789e-05,9.87069238140865655e-09,8.65885360650912689e-09,nan,nan
4668,116.7,1.602619771e-05,1.324396327e-05,9.86697402051239498e-09,8.65526070269305768e-09,nan,nan
4669,116.725,1.666047764e-05,1.129966706e-05,9.86299005517486476e-09,8.65146356963276676e-09,nan,nan
4670,116.75,1.719194093e-05,9.289244188e-06,9.85876006737577869e-09,8.64748808780821111e-09,nan,nan
4671,116.775,1.761734781e-05,8.629284000e-06,9.85430964036050073e-09,8.64336467541256467e-09,nan,nan
4672,116.8,1.793411270e-05,8.049137435e-06,9.84966986901940055e-09,8.63912766569863133e-09,nan,nan
4673,116.825,1.816484511e-05,7.424698020e-06,9.84487673421294474e-09,8.63481458554896083e-09,nan,nan
4674,116.85,1.842108391e-05,6.762436434e-06,9.83997035498604993e-09,8.63046535171787427e-09,nan,nan
4675,116.875,1.859821725e-05,6.069032193e-06,9.83499413563252525e-09,8.62612140325088724e-09,nan,nan
4676,116.9,1.866069235e-05,7.174239720e-06,9.82999382718474888e-09,8.62182479020184194e-09,nan,nan
4677,116.925,1.860816620e-05,9.272814614e-06,9.82501652505029029e-09,8.61761723990041363e-09,nan,nan
4678,116.95,1.844100446e-05,1.133511113e-05,9.82010962614325150e-09,8.61353922264424191e-09,nan,nan
4679,116.975,1.816027895e-05,1.335071768e-05,9.81531976992329098e-09,8.60962903878613152e-09,nan,nan
4680,117,1.776776083e-05,1.530944784e-05,9.81069178823321549e-09,8.60592194875386254e-09,nan,nan
4681,117.025,1.726590935e-05,1.720139691e-05,9.80626768870366047e-09,8.60244936658805998e-09,nan,nan
4682,117.05,1.665785655e-05,1.901699704e-05,9.80208569577421041e-09,8.59923813613454422e-09,nan,nan
4683,117.075,1.594738761e-05,2.074707038e-05,9.79817937207991841e-09,8.59630990711589818e-09,nan,nan
4684,117.1,1.513891737e-05,2.238288009e-05,9.79457684110262461e-09,8.59368062597941849e-09,nan,nan
4685,117.125,1.423746287e-05,2.391617884e-05,9.79130012963148344e-09,8.59136015373140558e-09,nan,nan
4686,117.15,1.324861220e-05,2.533925456e-05,9.78836464577386738e-09,8.58935201998514324e-09,nan,nan
4687,117.175,1.217848988e-05,2.664497314e-05,9.78577880507349711e-09,8.58765331924464732e-09,nan,nan
4688,117.2,1.103371897e-05,2.782681781e-05,9.78354381380456441e-09,8.58625475209375384e-09,nan,nan
4689,117.225,9.821379987e-06,2.887892508e-05,9.78165361480261537e-09,8.58514081054271204e-09,nan,nan
4690,117.25,8.548967206e-06,2.979611686e-05,9.78009499735501826e-09,8.58429010338390900e-09,nan,nan
4691,117.275,7.224342286e-06,3.057392871e-05,9.77884786879829457e-09,8.58367581410794107e-09,nan,nan
4692,117.3,5.855685714e-06,3.120863405e-05,9.77788568165007500e-09,8.58326628080927613e-09,nan,nan
4693,117.325,4.918250987e-06,3.169726409e-05,9.77717600643263156e-09,8.58302568464325602e-09,nan,nan
4694,117.35,4.188013350e-06,3.208112814e-05,9.77668123691024294e-09,8.58291483085041973e-09,nan,nan
4695,117.375,3.446503306e-06,3.250157602e-05,9.77635941134790362e-09,8.58289200420262359e-09,nan,nan
4696,117.4,2.695756158e-06,3.280458737e-05,9.77616513067845207e-09,8.58291387899889391e-09,nan,nan
4697,117.425,3.718080918e-06,3.295428934e-05,9.77605055220366347e-09,8.58293646248991796e-09,nan,nan
4698,117.45,5.101004812e-06,3.295029387e-05,9.77596643570780898e-09,8.58291604986636934e-09,nan,nan
4699,117.475,6.452067068e-06,3.279302453e-05,9.77586321766915399e-09,8.58281016872645721e-09,nan,nan
4700,117.5,7.762957037e-06,3.248371265e-05,9.77569208864556680e-09,8.58257849124446474e-09,nan,nan
4701,117.525,9.025614160e-06,3.202438891e-05,9.77540604889722208e-09,8.58218369308857281e-09,nan,nan
4702,117.55,1.023227752e-05,3.141787043e-05,9.77496091789272625e-09,8.58159223946058434e-09,nan,nan
4703,117.575,1.137553356e-05,3.066774332e-05,9.77431627450859833e-09,8.58077508042015049e-09,nan,nan
4704,117.6,1.244836161e-05,2.977834090e-05,9.77343630644756120e-09,8.57970823986740828e-09,nan,nan
4705,117.625,1.344417700e-05,2.875471772e-05,9.77229054962554086e-09,8.57837328513510183e-09,nan,nan
4706,117.65,1.435687148e-05,2.760261947e-05,9.77085450095535743e-09,8.57675766702229768e-09,nan,nan
4707,117.675,1.518085068e-05,2.632844909e-05,9.76911009102212576e-09,8.57485492321605714e-09,nan,nan
4708,117.7,1.591106841e-05,2.493922909e-05,9.76704600652483258e-09,8.57266474131927705e-09,nan,nan
4709,117.725,1.654305754e-05,2.344256052e-05,9.76465785596932346e-09,8.57019288105299488e-09,nan,nan
4710,117.75,1.707295733e-05,2.184657870e-05,9.76194817585083428e-09,8.56745095854764989e-09,nan,nan
4711,117.775,1.749753702e-05,2.015990603e-05,9.75892627836880138e-09,8.56445609889930345e-09,nan,nan
4712,117.8,1.781421553e-05,1.839160210e-05,9.75560794548058928e-09,8.56123046626526717e-09,nan,nan
4713,117.825,1.803821241e-05,1.655111157e-05,9.75201497773233602e-09,8.55780068363459779e-09,nan,nan
4714,117.85,1.828593380e-05,1.464820984e-05,9.74817460971800742e-09,8.55419715696471105e-09,nan,nan
4715,117.875,1.846283239e-05,1.269294713e-05,9.74411880712821495e-09,8.55045332056407336e-09,nan,nan
4716,117.9,1.852591065e-05,1.069559117e-05,9.73988346308598896e-09,8.54660482237038676e-09,nan,nan
4717,117.925,1.847482104e-05,1.095891341e-05,9.73550751376031704e-09,8.54268866908277216e-09,nan,nan
4718,117.95,1.830991953e-05,1.171511379e-05,9.73103199504746439e-09,8.53874235192483703e-09,nan,nan
4719,117.975,1.803226316e-05,1.242412129e-05,9.72649906337215212e-09,8.53480297412630170e-09,nan,nan
4720,118,1.764360332e-05,1.307935695e-05,9.72195100435654380e-09,8.53090640100875374e-09,nan,nan
4721,118.025,1.714637465e-05,1.367451272e-05,9.71742925322136616e-09,8.52708645285167319e-09,nan,nan
4722,118.05,1.654367982e-05,1.420359654e-05,9.71297345031792819e-09,8.52337415951836626e-09,nan,nan
4723,118.075,1.583927019e-05,1.466097562e-05,9.70862055415779697e-09,8.51979709416744299e-09,nan,nan
4724,118.1,1.503752242e-05,1.504141752e-05,9.70440403273473983e-09,8.51637880130829692e-09,nan,nan
4725,118.125,1.418751862e-05,1.534012899e-05,9.70035315186247333e-09,8.51313833203072224e-09,nan,nan
4726,118.15,1.434569043e-05,1.555819321e-05,9.69649237673473238e-09,8.51008989651083833e-09,nan,nan
4727,118.175,1.446450326e-05,1.576282227e-05,9.69284090001409193e-09,8.50724264093538603e-09,nan,nan
4728,118.2,1.454364250e-05,1.595016528e-05,9.68941230654636594e-09,8.50460055286774745e-09,nan,nan
4729,118.225,1.458290239e-05,1.658180972e-05,9.68621438135796325e-09,8.50216249587825776e-09,nan,nan
4730,118.25,1.458218647e-05,1.790808822e-05,9.68324906400987919e-09,8.49992237105902006e-09,nan,nan
4731,118.275,1.454150788e-05,1.912784599e-05,9.68051254874307103e-09,8.49786939991852184e-09,nan,nan
4732,118.3,1.446098927e-05,2.023614061e-05,9.67799552624559307e-09,8.49598852018066262e-09,nan,nan
4733,118.325,1.434086241e-05,2.122869860e-05,9.67568355939085672e-09,8.49426088326907463e-09,nan,nan
4734,118.35,1.418146759e-05,2.210193462e-05,9.67355758202381588e-09,8.49266443980643668e-09,nan,nan
4735,118.375,1.398325257e-05,2.285296649e-05,9.67159450688907807e-09,8.49117459736039136e-09,nan,nan
4736,118.4,1.374677140e-05,2.347962606e-05,9.66976792617261367e-09,8.48976493297287316e-09,nan,nan
4737,118.425,1.347268282e-05,2.398046564e-05,9.66804888593231963e-09,8.48840794175949586e-09,nan,nan
4738,118.45,1.316174845e-05,2.435476028e-05,9.66640671397390382e-09,8.48707580208953880e-09,nan,nan
4739,118.475,1.281483067e-05,2.463216428e-05,9.66480987952864780e-09,8.48574113757194223e-09,nan,nan
4740,118.5,1.243289023e-05,2.495207544e-05,9.66322686243645099e-09,8.48437775628363009e-09,nan,nan
4741,118.525,1.201698359e-05,2.516541653e-05,9.66162700944552179e-09,8.48296134837698132e-09,nan,nan
4742,118.55,1.156825998e-05,2.525058645e-05,9.65998135570943219e-09,8.48147012437398776e-09,nan,nan
4743,118.575,1.128344724e-05,2.520925299e-05,9.65826339057953526e-09,8.47988537806586381e-09,nan,nan
4744,118.6,1.235075996e-05,2.504378237e-05,9.65644974832867248e-09,8.47819195994645381e-09,nan,nan
4745,118.625,1.334166755e-05,2.475721882e-05,9.65452080646107852e-09,8.47637864946422191e-09,nan,nan
4746,118.65,1.425009156e-05,2.435326012e-05,9.65246117671107308e-09,8.47443841702118938e-09,nan,nan
4747,118.675,1.507046346e-05,2.383622949e-05,9.65026007664764633e-09,8.47236856951085524e-09,nan,nan
4748,118.7,1.579775877e-05,2.321104381e-05,9.64791157291188606e-09,8.47017077619925655e-09,nan,nan
4749,118.725,1.642752783e-05,2.248317852e-05,9.64541469044051803e-09,8.46785097483812590e-09,nan,nan
4750,118.75,1.695592302e-05,2.165862936e-05,9.64277338548859477e-09,8.46541916097896194e-09,nan,nan
4751,118.775,1.737972228e-05,2.074387124e-05,9.63999638376986055e-09,8.46288906645428960e-09,nan,nan
4752,118.8,1.769634871e-05,1.974581451e-05,9.63709688849719496e-09,8.46027773583272976e-09,nan,nan
4753,118.825,1.791498874e-05,1.867175881e-05,9.63409216644061258e-09,8.45760501226689510e-09,nan,nan
4754,118.85,1.815328025e-05,1.752934493e-05,9.63100302324377321e-09,8.45489294647235268e-09,nan,nan
4755,118.875,1.833001357e-05,1.632650497e-05,9.62785318207301729e-09,8.45216514454467674e-09,nan,nan
4756,118.9,1.839374847e-05,1.561196177e-05,9.62466858214578168e-09,8.44944607188939517e-09,nan,nan
4757,118.925,1.834413255e-05,1.708015909e-05,9.62147661573542071e-09,8.44676033166887030e-09,nan,nan
4758,118.95,1.818151189e-05,1.849117061e-05,9.61830532382681037e-09,8.44413193683153537e-09,nan,nan
4759,118.975,1.790692867e-05,1.983643238e-05,9.61518257166149106e-09,8.44158359496750763e-09,nan,nan
4760,119,1.752211451e-05,2.110765498e-05,9.61213522593708726e-09,8.43913602492555483e-09,nan,nan
4761,119.025,1.702947951e-05,2.229687460e-05,9.60918835539973565e-09,8.43680732333745457e-09,nan,nan
4762,119.05,1.643209724e-05,2.339650246e-05,9.60636447599116098e-09,8.43461239794636493e-09,nan,nan
4763,119.075,1.573368550e-05,2.439937223e-05,9.60368286059894493e-09,8.43256248295720871e-09,nan,nan
4764,119.1,1.493858319e-05,2.529878524e-05,9.60115893183637731e-09,8.43066474956102289e-09,nan,nan
4765,119.125,1.405172341e-05,2.608855313e-05,9.59880375418868705e-09,8.42892202238457330e-09,nan,nan
4766,119.15,1.307860278e-05,2.676303773e-05,9.59662363935667514e-09,8.42733260993973817e-09,nan,nan
4767,119.175,1.202524743e-05,2.731718781e-05,9.59461987577003408e-09,8.42589025426241312e-09,nan,nan
4768,119.2,1.089817569e-05,2.774657262e-05,9.59278859010185328e-09,8.42458420190776880e-09,nan,nan
4769,119.225,9.704357711e-06,2.808206103e-05,9.59112074527166284e-09,8.42339939538427956e-09,nan,nan
4770,119.25,8.453244664e-06,2.843888986e-05,9.58960227595981112e-09,8.42231678103996585e-09,nan,nan
4771,119.275,9.037914276e-06,2.870491565e-05,9.58821435915804502e-09,8.42131372643710151e-09,nan,nan
4772,119.3,9.597669693e-06,2.883561670e-05,9.58693381383676179e-09,8.42036453744165116e-09,nan,nan
4773,119.325,1.013098427e-05,2.882876806e-05,9.58573362050453855e-09,8.41944106267984329e-09,nan,nan
4774,119.35,1.063640422e-05,2.868288340e-05,9.58458354835307999e-09,8.41851337074141195e-09,nan,nan
4775,119.375,1.111255251e-05,2.839722821e-05,9.58345087489759824e-09,8.41755048359371163e-09,nan,nan
4776,119.4,1.155813271e-05,2.797182872e-05,9.58230118060865746e-09,8.41652114816237749e-09,nan,nan
4777,119.425,1.197193244e-05,2.740747637e-05,9.58109919904736926e-09,8.41539462696994723e-09,nan,nan
4778,119.45,1.235282670e-05,2.670572786e-05,9.57980970151138072e-09,8.41414148813236088e-09,nan,nan
4779,119.475,1.269978094e-05,2.586890066e-05,9.57839839421316131e-09,8.41273437490859810e-09,nan,nan
4780,119.5,1.301185383e-05,2.490006418e-05,9.57683280556931439e-09,8.41114873538541457e-09,nan,nan
4781,119.525,1.328819988e-05,2.380302642e-05,9.57508314129267724e-09,8.40936349374777797e-09,nan,nan
4782,119.55,1.352807165e-05,2.258231633e-05,9.57312308564589872e-09,8.40736164591687842e-09,nan,nan
4783,119.575,1.373082183e-05,2.124316191e-05,9.57093052842070442e-09,8.40513076409912577e-09,nan,nan
4784,119.6,1.389802466e-05,1.979146417e-05,9.56848819892244190e-09,8.40266339693914167e-09,nan,nan
4785,119.625,1.407002338e-05,1.823376711e-05,9.56578419042350518e-09,8.39995735445525723e-09,nan,nan
4786,119.65,1.422693391e-05,1.657722385e-05,9.56281236114920012e-09,8.39701586969658977e-09,nan,nan
4787,119.675,1.496176840e-05,1.482955919e-05,9.55957260081204021e-09,8.39384763202968565e-09,nan,nan
4788,119.7,1.568621972e-05,1.299902871e-05,9.55607095494376897e-09,8.39046669006730378e-09,nan,nan
4789,119.725,1.631383604e-05,1.109437469e-05,9.55231960270961149e-09,8.38689222541657484e-09,nan,nan
4790,119.75,1.684078248e-05,9.124779101e-06,9.54833668744236465e-09,8.38314820157139066e-09,nan,nan
4791,119.775,1.726384532e-05,8.485051864e-06,9.54414600271827383e-09,8.37926289532638608e-09,nan,nan
4792,119.8,1.758045164e-05,7.922073727e-06,9.53977654032418594e-09,8.37526832097357311e-09,nan,nan
4793,119.825,1.779499300e-05,7.315489236e-06,9.53526190985009300e-09,8.37119956018639596e-09,nan,nan
4794,119.85,1.802304911e-05,6.671614631e-06,9.53063964279937578e-09,8.36709401283444829e-09,nan,nan
4795,119.875,1.819968267e-05,5.996972220e-06,9.52595039696414737e-09,8.36299058594875456e-09,nan,nan
4796,119.9,1.826412417e-05,6.964155790e-06,9.52123707929366005e-09,8.35892883962237923e-09,nan,nan
4797,119.925,1.821601611e-05,9.026172715e-06,9.51654390752976256e-09,8.35494810974624502e-09,nan,nan
4798,119.95,1.805569449e-05,1.105306091e-05,9.51191543244403093e-09,8.35108662811747634e-09,nan,nan
4799,119.975,1.778418651e-05,1.303459158e-05,9.50739554354706633e-09,8.34738066060114671e-09,nan,nan
4800,120,1.740320405e-05,1.496075394e-05,9.50302648162690177e-09,8.34386368367214428e-09,nan,nan
4801,120.025,1.691513282e-05,1.682181082e-05,9.49884788139674016e-09,8.34056561881934547e-09,nan,nan
4802,120.05,1.632301746e-05,1.860835277e-05,9.49489586689434415e-09,8.33751214297993233e-09,nan,nan
4803,120.075,1.563054251e-05,2.031135040e-05,9.49120222109076009e-09,8.33472409141817941e-09,nan,nan
4804,120.1,1.484200956e-05,2.192220455e-05,9.48779364946310673e-09,8.33221696731313368e-09,nan,nan
4805,120.125,1.396231045e-05,2.343279397e-05,9.48469115510557071e-09,8.33000056982494029e-09,nan,nan
4806,120.15,1.299689697e-05,2.483552046e-05,9.48190954034704404e-09,8.32807874962973045e-09,nan,nan
4807,120.175,1.195174707e-05,2.612335085e-05,9.47945704687577455e-09,8.32644929791576677e-09,nan,nan
4808,120.2,1.083332784e-05,2.728985590e-05,9.47733514311269029e-09,8.32510397168984296e-09,nan,nan
4809,120.225,9.648555488e-06,2.832924573e-05,9.47553846410400109e-09,8.32402865503022493e-09,nan,nan
4810,120.25,8.404752602e-06,2.923640156e-05,9.47405490560486694e-09,8.32320365271680430e-09,nan,nan
4811,120.275,7.109602859e-06,3.000690366e-05,9.47286587038512101e-09,8.32260410954905307e-09,nan,nan
4812,120.3,5.771103583e-06,3.063705533e-05,9.47194666119423763e-09,8.32220054570236517e-09,nan,nan
4813,120.325,4.837988486e-06,3.112390266e-05,9.47126701136197255e-09,8.32195949574447703e-09,nan,nan
4814,120.35,4.119849570e-06,3.148402532e-05,9.47079174076682788e-09,8.32184423650180785e-09,nan,nan
4815,120.375,3.390617283e-06,3.187696621e-05,9.47048152195521085e-09,8.32181558688893330e-09,nan,nan
4816,120.4,2.652292999e-06,3.217769006e-05,9.47029373861024402e-09,8.32183276114285123e-09,nan,nan
4817,120.425,3.574316168e-06,3.232817780e-05,9.47018341641315130e-09,8.32185425567703719e-09,nan,nan
4818,120.45,4.932680595e-06,3.232802600e-05,9.47010420466278557e-09,8.32183874901725556e-09,nan,nan
4819,120.475,6.260243561e-06,3.217762615e-05,9.47000938586097146e-09,8.32174599401912859e-09,nan,nan
4820,120.5,7.548838663e-06,3.187816109e-05,9.46985288985919502e-09,8.32153768180221500e-09,nan,nan
4821,120.525,8.790542025e-06,3.143159695e-05,9.46959028911035735e-09,8.32117825756041784e-09,nan,nan
4822,120.55,9.977721021e-06,3.084067057e-05,9.46917975207779549e-09,8.32063566960550006e-09,nan,nan
4823,120.575,1.110308119e-05,3.010887260e-05,9.46858293290941674e-09,8.31988203463944860e-09,nan,nan
4824,120.6,1.215971107e-05,2.924042633e-05,9.46776577706106791e-09,8.31889420429199628e-09,nan,nan
4825,120.625,1.314112460e-05,2.824026235e-05,9.46669922461098870e-09,8.31765422035106610e-09,nan,nan
4826,120.65,1.404130097e-05,2.711398928e-05,9.46535979549556938e-09,8.31614964879879185e-09,nan,nan
4827,120.675,1.485472157e-05,2.586786058e-05,9.46373004375484962e-09,8.31437378567762006e-09,nan,nan
4828,120.7,1.557640375e-05,2.450873792e-05,9.46179887103386314e-09,8.31232573087965797e-09,nan,nan
4829,120.725,1.620193141e-05,2.304405104e-05,9.45956169296631872e-09,8.31001032910274473e-09,nan,nan
4830,120.75,1.672748200e-05,2.148175450e-05,9.45702045558784722e-09,8.30743798037222683e-09,nan,nan
4831,120.775,1.714984985e-05,1.983028156e-05,9.45418350250111500e-09,8.30462432561210905e-09,nan,nan
4832,120.8,1.746646574e-05,1.809849546e-05,9.45106529705896168e-09,8.30158981568838071e-09,nan,nan
4833,120.825,1.767821860e-05,1.629563836e-05,9.44768600725680799e-09,8.29835917507105070e-09,nan,nan
4834,120.85,1.789516878e-05,1.443127833e-05,9.44407096425166717e-09,8.29496077370369001e-09,nan,nan
4835,120.875,1.807176425e-05,1.251525453e-05,9.44025000837233747e-09,8.29142592277202885e-09,nan,nan
4836,120.9,1.813695900e-05,1.055762116e-05,9.43625673908475050e-09,8.28778811177649572e-09,nan,nan
4837,120.925,1.809039012e-05,1.071936876e-05,9.43212768756579856e-09,8.28408220559726452e-09,nan,nan
4838,120.95,1.793238337e-05,1.146143009e-05,9.42790143226585082e-09,8.28034362106532298e-09,nan,nan
4839,120.975,1.766395093e-05,1.215753413e-05,9.42361767906536012e-09,8.27660750290066355e-09,nan,nan
4840,121,1.728678493e-05,1.280121789e-05,9.41931632832601566e-09,8.27290791874286989e-09,nan,nan
4841,121.025,1.680324681e-05,1.338628171e-05,9.41503655128675340e-09,8.26927709238427891e-09,nan,nan
4842,121.05,1.621635249e-05,1.390683353e-05,9.41081589785862783e-09,8.26574469323930963e-09,nan,nan
4843,121.075,1.552975361e-05,1.435733139e-05,9.40668945694152821e-09,8.26233719857329849e-09,nan,nan
4844,121.1,1.474771479e-05,1.473262396e-05,9.40268908894517784e-09,8.25907734310936419e-09,nan,nan
4845,121.125,1.395477148e-05,1.502798869e-05,9.39884274828369022e-09,8.25598366838070283e-09,nan,nan
4846,121.15,1.411049273e-05,1.523960394e-05,9.39517391127678117e-09,8.25307018165493931e-09,nan,nan
4847,121.175,1.422750430e-05,1.542198690e-05,9.39170112218932971e-09,8.25034613148955880e-09,nan,nan
4848,121.2,1.430549610e-05,1.559960249e-05,9.38843766714360189e-09,8.24781590405255768e-09,nan,nan
4849,121.225,1.434426505e-05,1.622147598e-05,9.38539138241843658e-09,8.24547904133279663e-09,nan,nan
4850,121.25,1.434371559e-05,1.753055817e-05,9.38256460028864522e-09,8.24333037934458793e-09,nan,nan
4851,121.275,1.430385994e-05,1.873533052e-05,9.37995423213767632e-09,8.24136030147542537e-09,nan,nan
4852,121.3,1.422481801e-05,1.983090143e-05,9.37755198518277569e-09,8.23955509930663086e-09,nan,nan
4853,121.325,1.410681707e-05,2.081303470e-05,9.37534470586774656e-09,8.23789743062320510e-09,nan,nan
4854,121.35,1.395019108e-05,2.167816869e-05,9.37331483988419577e-09,8.23636686198522048e-09,nan,nan
4855,121.375,1.375537974e-05,2.242343128e-05,9.37144099595437208e-09,8.23494048121546764e-09,nan,nan
4856,121.4,1.352292728e-05,2.304665076e-05,9.36969859801528309e-09,8.23359356351620875e-09,nan,nan
4857,121.425,1.325348090e-05,2.354636244e-05,9.36806060834627492e-09,8.23230027370041642e-09,nan,nan
4858,121.45,1.294778903e-05,2.392181112e-05,9.36649830253007846e-09,8.23103438623857874e-09,nan,nan
4859,121.475,1.260669918e-05,2.418080365e-05,9.36498207597059584e-09,8.22977000449903308e-09,nan,nan
4860,121.5,1.223115566e-05,2.447560425e-05,9.36348226103638591e-09,8.22848226070434578e-09,nan,nan
4861,121.525,1.182219691e-05,2.469073552e-05,9.36196993377096543e-09,8.22714797873345679e-09,nan,nan
4862,121.55,1.138095266e-05,2.478018465e-05,9.36041768951198006e-09,8.22574628295272628e-09,nan,nan
4863,121.575,1.101474785e-05,2.474555575e-05,9.35880036767815466e-09,8.22425913773090356e-09,nan,nan
4864,121.6,1.206620133e-05,2.458913784e-05,9.35709570739207117e-09,8.22267180414438482e-09,nan,nan
4865,121.625,1.304302012e-05,2.431388489e-05,9.35528491747106689e-09,8.22097320256389695e-09,nan,nan
4866,121.65,1.393921130e-05,2.392339208e-05,9.35335314659046774e-09,8.21915617227517318e-09,nan,nan
4867,121.675,1.474928036e-05,2.342186839e-05,9.35128984204429208e-09,8.21721762196374459e-09,nan,nan
4868,121.7,1.546826485e-05,2.281410564e-05,9.34908898843319943e-09,8.21515856771901227e-09,nan,nan
4869,121.725,1.609176480e-05,2.210544423e-05,9.34674922072316270e-09,8.21298405811468436e-09,nan,nan
4870,121.75,1.661596961e-05,2.130173581e-05,9.34427380936369322e-09,8.21070298882807167e-09,nan,nan
4871,121.775,1.703768139e-05,2.040930312e-05,9.34167051844932659e-09,8.20832781209664135e-09,nan,nan
4872,121.8,1.735433441e-05,1.943489718e-05,9.33895134117009544e-09,8.20587414900652092e-09,nan,nan
4873,121.825,1.756470936e-05,1.838565234e-05,9.33613211994386135e-09,8.20336031509647443e-09,nan,nan
4874,121.85,1.776957004e-05,1.726903909e-05,9.33323206157753281e-09,8.20080677198096710e-09,nan,nan
4875,121.875,1.794618547e-05,1.609281535e-05,9.33027316049076119e-09,8.19823551959045658e-09,nan,nan
4876,121.9,1.801217692e-05,1.528488810e-05,9.32727954538825006e-09,8.19566944515022923e-09,nan,nan
4877,121.925,1.796717583e-05,1.672793030e-05,9.32427676672668157e-09,8.19313164613091637e-09,nan,nan
4878,121.95,1.781149758e-05,1.811521136e-05,9.32129104384001793e-09,8.19064474507901364e-09,nan,nan
4879,121.975,1.754613924e-05,1.943831481e-05,9.31834849162578035e-09,8.18823021445636676e-09,nan,nan
4880,122,1.717277326e-05,2.068909099e-05,9.31547434722844619e-09,8.18590772937893412e-09,nan,nan
4881,122.025,1.669373691e-05,2.185970725e-05,9.31269221717107000e-09,8.18369456545272822e-09,nan,nan
4882,122.05,1.611201764e-05,2.294269655e-05,9.31002336488322450e-09,8.18160505777608579e-09,nan,nan
4883,122.075,1.543123446e-05,2.393100415e-05,9.30748605756387235e-09,8.17965013563998867e-09,nan,nan
4884,122.1,1.465561544e-05,2.481803206e-05,9.30509498982832225e-09,8.17783694555141834e-09,nan,nan
4885,122.125,1.378997143e-05,2.559768110e-05,9.30286079965517416e-09,8.17616857297576028e-09,nan,nan
4886,122.15,1.283966626e-05,2.626439010e-05,9.30078968982101565e-09,8.17464387069901878e-09,nan,nan
4887,122.175,1.181058347e-05,2.681317227e-05,9.29888316534580118e-09,8.17325739901113780e-09,nan,nan
4888,122.2,1.070908987e-05,2.723964820e-05,9.29713789453610454e-09,8.17199948007472302e-09,nan,nan
4889,122.225,9.541996233e-06,2.755608491e-05,9.29554569808095431e-09,8.17085636594025567e-09,nan,nan
4890,122.25,8.316515088e-06,2.788811780e-05,9.29409366740306245e-09,8.16981051677194273e-09,nan,nan
4891,122.275,8.879467934e-06,2.815016007e-05,9.29276441017885472e-09,8.16884098302984627e-09,nan,nan
4892,122.3,9.431139368e-06,2.827964238e-05,9.29153641769502372e-09,8.16792388268463450e-09,nan,nan
4893,122.325,9.956832475e-06,2.827436922e-05,9.29038454558956079e-09,8.16703296208763432e-09,nan,nan
4894,122.35,1.045511411e-05,2.813286818e-05,9.28928059660818703e-09,8.16614022694200228e-09,nan,nan
4895,122.375,1.092462658e-05,2.785440293e-05,9.28819399136666713e-09,8.16521662797588050e-09,nan,nan
4896,122.4,1.136409136e-05,2.743898217e-05,9.28709251081160671e-09,8.16423278445182776e-09,nan,nan
4897,122.425,1.177231255e-05,2.688736410e-05,9.28594309217455671e-09,8.16315972759568788e-09,nan,nan
4898,122.45,1.214818017e-05,2.620105658e-05,9.28471265876483090e-09,8.16196964541972061e-09,nan,nan
4899,122.475,1.249067312e-05,2.538231294e-05,9.28336896298197317e-09,8.16063661026441744e-09,nan,nan
4900,122.5,1.279886201e-05,2.443412339e-05,9.28188142147448079e-09,8.15913727069630415e-09,nan,nan
4901,122.525,1.307191164e-05,2.336020212e-05,9.28022192143895709e-09,8.15745149016816914e-09,nan,nan
4902,122.55,1.330908329e-05,2.216497014e-05,9.27836557764362531e-09,8.15556291605587679e-09,nan,nan
4903,122.575,1.350973669e-05,2.085353396e-05,9.27629142085745185e-09,8.15345946430365049e-09,nan,nan
4904,122.6,1.367441177e-05,1.943166019e-05,9.27398299994631803e-09,8.15113370689776245e-09,nan,nan
4905,122.625,1.384165578e-05,1.790574629e-05,9.27142888192153113e-09,8.14858315169945515e-09,nan,nan
4906,122.65,1.399625575e-05,1.628278748e-05,9.26862303664536581e-09,8.14581040674473119e-09,nan,nan
4907,122.675,1.464540347e-05,1.457034019e-05,9.26556509565450299e-09,8.14282322389953629e-09,nan,nan
4908,122.7,1.536175844e-05,1.277648208e-05,9.26226047758743788e-09,8.13963441967560395e-09,nan,nan
4909,122.725,1.598328862e-05,1.090976896e-05,9.25872037592339844e-09,8.13626167399419914e-09,nan,nan
4910,122.75,1.650619505e-05,8.979188859e-06,9.25496160807848259e-09,8.13272721065838911e-09,nan,nan
4911,122.775,1.692728730e-05,8.351313977e-06,9.25100632827852080e-09,8.12905736618713260e-09,nan,nan
4912,122.8,1.724400295e-05,7.804578274e-06,9.24688160995485265e-09,8.12528205640464743e-09,nan,nan
4913,122.825,1.745442312e-05,7.214855653e-06,9.24261890660695598e-09,8.12143415270005217e-09,nan,nan
4914,122.85,1.764618599e-05,6.588316055e-06,9.23825340306699491e-09,8.11754878211261670e-09,nan,nan
4915,122.875,1.782287595e-05,5.931333098e-06,9.23382327181141031e-09,8.11366256730270749e-09,nan,nan
4916,122.9,1.788970451e-05,6.757859644e-06,9.22936885132778907e-09,8.10981282398988323e-09,nan,nan
4917,122.925,1.784629725e-05,8.785101419e-06,9.22493176550292686e-09,8.10603673453987447e-09,nan,nan
4918,122.95,1.769295900e-05,1.077833546e-05,9.22055400450165297e-09,8.10237051703436296e-09,nan,nan
4919,122.975,1.743067172e-05,1.272750646e-05,9.21627698861870968e-09,8.09884860934427720e-09,nan,nan
4920,123,1.706108819e-05,1.462277012e-05,9.21214063708203059e-09,8.09550288744500686e-09,nan,nan
4921,123.025,1.658652166e-05,1.645454794e-05,9.20818246375264189e-09,8.09236193646559075e-09,nan,nan
4922,123.05,1.600993131e-05,1.821358038e-05,9.20443672110402884e-09,8.08945039177167394e-09,nan,nan
4923,123.075,1.533490385e-05,1.989097835e-05,9.20093361278540761e-09,8.08678836577169831e-09,nan,nan
4924,123.1,1.456563119e-05,2.147827260e-05,9.19769859350417108e-09,8.08439097414585489e-09,nan,nan
4925,123.125,1.370688441e-05,2.296746073e-05,9.19475177294076909e-09,8.08226797287597702e-09,nan,nan
4926,123.15,1.276398417e-05,2.435105158e-05,9.19210743798290290e-09,8.08042351485790541e-09,nan,nan
4927,123.175,1.174276778e-05,2.562210673e-05,9.18977370479313005e-09,8.07885603206806967e-09,nan,nan
4928,123.2,1.064955299e-05,2.677427879e-05,9.18775230917254269e-09,8.07755824630135974e-09,nan,nan
4929,123.225,9.491098990e-06,2.780184645e-05,9.18603854042580152e-09,8.07651730846810116e-09,nan,nan
4930,123.25,8.274564571e-06,2.869974582e-05,9.18462132054866121e-09,8.07571506340769774e-09,nan,nan
4931,123.275,7.007463901e-06,2.946359812e-05,9.18348342712974944e-09,8.07512843421800596e-09,nan,nan
4932,123.3,5.697620119e-06,3.008973342e-05,9.18260185496637573e-09,8.07472991728475394e-09,nan,nan
4933,123.325,4.764345822e-06,3.057521032e-05,9.18194830812166209e-09,8.07448817659142574e-09,nan,nan
4934,123.35,4.057865336e-06,3.092195001e-05,9.18148981107571870e-09,8.07436872356010077e-09,nan,nan
4935,123.375,3.340454302e-06,3.128177101e-05,9.18118942482165907e-09,8.07433466667288404e-09,nan,nan
4936,123.4,2.614081447e-06,3.158099417e-05,9.18100705129447088e-09,8.07434751350034361e-09,nan,nan
4937,123.425,3.434474202e-06,3.173289638e-05,9.18090030745696467e-09,8.07436800655595880e-09,nan,nan
4938,123.45,4.769573458e-06,3.173705610e-05,9.18082544875099638e-09,8.07435697363321400e-09,nan,nan
4939,123.475,6.074897083e-06,3.159383102e-05,9.18073832049295854e-09,8.07427617298221530e-09,nan,nan
4940,123.5,7.342415164e-06,3.130435465e-05,9.18059531517581748e-09,8.07408911385157808e-09,nan,nan
4941,123.525,8.564333034e-06,3.087052860e-05,9.18035431355104544e-09,8.07376183355478689e-09,nan,nan
4942,123.55,9.733139197e-06,3.029501043e-05,9.17997558780279237e-09,8.07326361330096189e-09,nan,nan
4943,123.575,1.084165150e-05,2.958119724e-05,9.17942264608303732e-09,8.07256761653274809e-09,nan,nan
4944,123.6,1.188306128e-05,2.873320509e-05,9.17866299912554844e-09,8.07165143540026383e-09,nan,nan
4945,123.625,1.285097515e-05,2.775584429e-05,9.17766883156261632e-09,8.07049753322458469e-09,nan,nan
4946,123.65,1.373945428e-05,2.665459085e-05,9.17641756288473978e-09,8.06909357331158437e-09,nan,nan
4947,123.675,1.454305082e-05,2.543555417e-05,9.17489228565273245e-09,8.06743262720644942e-09,nan,nan
4948,123.7,1.525684130e-05,2.410544118e-05,9.17308207152902087e-09,8.06551325836428533e-09,nan,nan
4949,123.725,1.587645679e-05,2.267151718e-05,9.17098213886759483e-09,8.06333948018279053e-09,nan,nan
4950,123.75,1.639810964e-05,2.114156353e-05,9.16859387891372573e-09,8.06092059032769903e-09,nan,nan
4951,123.775,1.681861665e-05,1.952383262e-05,9.16592474103362933e-09,8.05827088620700690e-09,nan,nan
4952,123.8,1.713541846e-05,1.782700015e-05,9.16298798074014520e-09,8.05540926924646023e-09,nan,nan
4953,123.825,1.734659515e-05,1.606011522e-05,9.15980227752144839e-09,8.05235874821805207e-09,nan,nan
4954,123.85,1.752561879e-05,1.423254839e-05,9.15639123253844644e-09,8.04914585421409229e-09,nan,nan
4955,123.875,1.770176768e-05,1.235393811e-05,9.15278275905832456e-09,8.04579998188569964e-09,nan,nan
4956,123.9,1.776947085e-05,1.043413574e-05,9.14900838097096554e-09,8.04235267322826812e-09,nan,nan
4957,123.925,1.772768100e-05,1.048865552e-05,9.14510245683117239e-09,8.03883686145854937e-09,nan,nan
4958,123.95,1.757669228e-05,1.121752498e-05,9.14110134853441030e-09,8.03528609335852123e-09,nan,nan
4959,123.975,1.731747148e-05,1.190162929e-05,9.13704255492768914e-09,8.03173374884239784e-09,nan,nan
4960,124,1.695165179e-05,1.253461473e-05,9.13296383135313613e-09,8.02821227642722098e-09,nan,nan
4961,124.025,1.648152255e-05,1.311038356e-05,9.12890231630472961e-09,8.02475246275874187e-09,nan,nan
4962,124.05,1.591001492e-05,1.362313755e-05,9.12489368604596749e-09,8.02138275337700612e-09,nan,nan
4963,124.075,1.524068360e-05,1.406741983e-05,9.12097135719865116e-09,8.01812864052568821e-09,nan,nan
4964,124.1,1.447768474e-05,1.443815477e-05,9.11716575599209031e-09,8.01501213205059996e-09,nan,nan
4965,124.125,1.373057538e-05,1.473068562e-05,9.11350367109295625e-09,8.01205131334105084e-09,nan,nan
4966,124.15,1.388411831e-05,1.494080955e-05,9.11000770476355215e-09,8.00926001189535942e-09,nan,nan
4967,124.175,1.399957619e-05,1.510153121e-05,9.10669583457500717e-09,8.00664757149874620e-09,nan,nan
4968,124.2,1.407664278e-05,1.526736126e-05,9.10358109509591131e-09,8.00421874025261565e-09,nan,nan
4969,124.225,1.411511714e-05,1.587514314e-05,9.10067138595524847e-09,8.00197367385612229e-09,nan,nan
4970,124.25,1.411490410e-05,1.716796039e-05,9.09796940951730684e-09,7.99990805268481830e-09,nan,nan
4971,124.275,1.407601454e-05,1.835858275e-05,9.09547273818317309e-09,7.99801330840699472e-09,nan,nan
4972,124.3,1.399856529e-05,1.944216589e-05,9.09317400812839449e-09,7.99627695319524390e-09,nan,nan
4973,124.325,1.388277883e-05,2.041450803e-05,9.09106123317847721e-09,7.99468300209540200e-09,nan,nan
4974,124.35,1.372898261e-05,2.127206894e-05,9.08911822958910332e-09,7.99321247686711075e-09,nan,nan
4975,124.375,1.353760814e-05,2.201198492e-05,9.08732513980837467e-09,7.99184397766545966e-09,nan,nan
4976,124.4,1.330918978e-05,2.263207973e-05,9.08565904091943369e-09,7.99055430733686084e-09,nan,nan
4977,124.425,1.304436326e-05,2.313087136e-05,9.08409462145124259e-09,7.98931913189432624e-09,nan,nan
4978,124.45,1.274386387e-05,2.350757468e-05,9.08260490865153409e-09,7.98811365994517675e-09,nan,nan
4979,124.475,1.240852449e-05,2.376209989e-05,9.08116202717688245e-09,7.98691332348684337e-09,nan,nan
4980,124.5,1.203927321e-05,2.402208566e-05,9.07973796949732624e-09,7.98569444257113448e-09,nan,nan
4981,124.525,1.163713080e-05,2.423932220e-05,9.07830535815133639e-09,7.98443485685998356e-09,nan,nan
4982,124.55,1.120320788e-05,2.433322841e-05,9.07683818032370143e-09,7.98311450804210090e-09,nan,nan
4983,124.575,1.075683875e-05,2.430534567e-05,9.07531247604406088e-09,7.98171595842484237e-09,nan,nan
4984,124.6,1.179337332e-05,2.415788744e-05,9.07370696259500020e-09,7.98022483272503339e-09,nan,nan
4985,124.625,1.275696949e-05,2.389371993e-05,9.07200357944240905e-09,7.97863017211187308e-09,nan,nan
4986,124.65,1.364171465e-05,2.351633899e-05,9.07018794011280677e-09,7.97692469185362593e-09,nan,nan
4987,124.675,1.444218355e-05,2.302984339e-05,9.06824967988864599e-09,7.97510493642850210e-09,nan,nan
4988,124.7,1.515347154e-05,2.243890463e-05,9.06618269091127056e-09,7.97317132861650156e-09,nan,nan
4989,124.725,1.577122466e-05,2.174873349e-05,9.06398523920340577e-09,7.97112811182540565e-09,nan,nan
4990,124.75,1.629166627e-05,2.096504360e-05,9.06165996117536424e-09,7.96898318765291127e-09,nan,nan
4991,124.775,1.671162013e-05,2.009401217e-05,9.05921374028452190e-09,7.96674785337798162e-09,nan,nan
4992,124.8,1.702852979e-05,1.914223819e-05,9.05665746759863526e-09,7.96443644664165701e-09,nan,nan
4993,124.825,1.724047414e-05,1.811669840e-05,9.05400569299239688e-09,7.96206590695532329e-09,nan,nan
4994,124.85,1.740794347e-05,1.702470123e-05,9.05127617650927149e-09,7.95965526580483236e-09,nan,nan
4995,124.875,1.758279490e-05,1.587383900e-05,9.04848935197700700e-09,7.95722507894765321e-09,nan,nan
4996,124.9,1.765140744e-05,1.496753448e-05,9.04566771721102990e-09,7.95479681598273632e-09,nan,nan
4997,124.925,1.761125623e-05,1.638678201e-05,9.04283516701988121e-09,7.95239222337133304e-09,nan,nan
4998,124.95,1.746262467e-05,1.775164971e-05,9.04001628669350824e-09,7.95003267777453926e-09,nan,nan
4999,124.975,1.720646433e-05,1.905386073e-05,9.03723562467257334e-09,7.94773854683253317e-09,nan,nan
5000,125,1.684438888e-05,2.028539760e-05,9.03451696363926552e-09,7.94552857433567008e-09,nan,nan
