n,t,maxE_SF,maxH_SF,W_total,W_phys,divE_TF,divH_TF
1,0.025,0.000000000e+00,0.000000000e+00,nan,nan,nan,nan
2,0.05,0.000000000e+00,0.000000000e+00,nan,nan,nan,nan
3,0.075,0.000000000e+00,0.000000000e+00,nan,nan,nan,nan
4,0.1,0.000000000e+00,0.000000000e+00,nan,nan,nan,nan
5,0.125,0.000000000e+00,0.000000000e+00,nan,nan,nan,nan
6,0.15,0.000000000e+00,0.000000000e+00,nan,nan,nan,nan
7,0.175,0.000000000e+00,0.000000000e+00,nan,nan,nan,nan
8,0.2,0.000000000e+00,0.000000000e+00,nan,nan,nan,nan
9,0.225,0.000000000e+00,0.000000000e+00,nan,nan,nan,nan
10,0.25,0.000000000e+00,0.000000000e+00,nan,nan,nan,nan
11,0.275,0.000000000e+00,0.000000000e+00,nan,nan,nan,nan
12,0.3,0.000000000e+00,0.000000000e+00,nan,nan,nan,nan
13,0.325,0.000000000e+00,0.000000000e+00,nan,nan,nan,nan
14,0.35,0.000000000e+00,0.000000000e+00,nan,nan,nan,nan
15,0.375,0.000000000e+00,0.000000000e+00,nan,nan,nan,nan
16,0.4,0.000000000e+00,0.000000000e+00,nan,nan,nan,nan
17,0.425,0.000000000e+00,0.000000000e+00,nan,nan,nan,nan
18,0.45,0.000000000e+00,0.000000000e+00,nan,nan,nan,nan
19,0.475,0.000000000e+00,0.000000000e+00,nan,nan,nan,nan
20,0.5,0.000000000e+00,0.000000000e+00,nan,nan,nan,nan
21,0.525,0.000000000e+00,0.000000000e+00,nan,nan,nan,nan
22,0.55,0.000000000e+00,0.000000000e+00,nan,nan,nan,nan
23,0.575,0.000000000e+00,0.000000000e+00,nan,nan,nan,nan
24,0.6,0.000000000e+00,0.000000000e+00,nan,nan,nan,nan
25,0.625,0.000000000e+00,0.000000000e+00,nan,nan,nan,nan
26,0.65,0.000000000e+00,0.000000000e+00,nan,nan,nan,nan
27,0.675,0.000000000e+00,0.000000000e+00,nan,nan,nan,nan
28,0.7,0.000000000e+00,0.000000000e+00,nan,nan,nan,nan
29,0.725,0.000000000e+00,0.000000000e+00,nan,nan,nan,nan
30,0.75,0.000000000e+00,0.000000000e+00,nan,nan,nan,nan
31,0.775,0.000000000e+00,0.000000000e+00,nan,nan,nan,nan
32,0.8,0.000000000e+00,0.000000000e+00,nan,nan,nan,nan
33,0.825,0.000000000e+00,0.000000000e+00,nan,nan,nan,nan
34,0.85,0.000000000e+00,0.000000000e+00,nan,nan,nan,nan
35,0.875,0.000000000e+00,0.000000000e+00,nan,nan,nan,nan
36,0.9,0.000000000e+00,0.000000000e+00,nan,nan,nan,nan
37,0.925,0.000000000e+00,0.000000000e+00,nan,nan,nan,nan
38,0.95,0.000000000e+00,0.000000000e+00,nan,nan,nan,nan
39,0.975,0.000000000e+00,0.000000000e+00,nan,nan,nan,nan
40,1,0.000000000e+00,0.000000000e+00,nan,nan,nan,nan
41,1.025,0.000000000e+00,0.000000000e+00,nan,nan,nan,nan
42,1.05,0.000000000e+00,0.000000000e+00,nan,nan,nan,nan
43,1.075,2.672764710e-51,2.672764710e-51,nan,nan,nan,nan
44,1.1,8.552847072e-50,8.552847072e-50,nan,nan,nan,nan
45,1.125,1.689187297e-48,2.736911063e-48,nan,nan,nan,nan
46,1.15,3.282088245e-47,3.284293276e-47,nan,nan,nan,nan
47,1.175,3.058498113e-46,3.503246161e-46,nan,nan,nan,nan
48,1.2,4.291817993e-45,5.605193857e-45,nan,nan,nan,nan
49,1.225,3.573379574e-44,4.484155086e-44,nan,nan,nan,nan
50,1.25,3.197088768e-43,3.587324069e-43,nan,nan,nan,nan
51,1.275,1.546442331e-42,1.434929627e-42,nan,nan,nan,nan
52,1.3,1.139421404e-41,1.721915553e-41,nan,nan,nan,nan
53,1.325,7.754434866e-41,9.183549616e-41,nan,nan,nan,nan
54,1.35,3.483163747e-40,4.591774808e-40,nan,nan,nan,nan
55,1.375,1.756700248e-39,2.204051908e-39,nan,nan,nan,nan
56,1.4,7.737452166e-39,1.175494351e-38,nan,nan,nan,nan
57,1.425,4.054818948e-38,5.877471754e-38,nan,nan,nan,nan
58,1.45,1.289717699e-37,1.880790961e-37,nan,nan,nan,nan
59,1.475,4.687779111e-37,9.403954807e-37,nan,nan,nan,nan
60,1.5,1.722464049e-36,2.633107346e-36,nan,nan,nan,nan
61,1.525,5.687640670e-36,1.128474577e-35,nan,nan,nan,nan
62,1.55,1.846076007e-35,3.761581923e-35,nan,nan,nan,nan
63,1.575,4.920412722e-35,1.083335594e-34,nan,nan,nan,nan
64,1.6,1.503692723e-34,3.611118646e-34,nan,nan,nan,nan
65,1.625,4.694011157e-34,9.629649722e-34,nan,nan,nan,nan
66,1.65,1.393542124e-33,2.696301922e-33,nan,nan,nan,nan
67,1.675,3.364941903e-33,7.703719778e-33,nan,nan,nan,nan
68,1.7,8.211163113e-33,1.848892747e-32,nan,nan,nan,nan
69,1.725,1.938787535e-32,4.468157471e-32,nan,nan,nan,nan
70,1.75,4.093293047e-32,9.860761315e-32,nan,nan,nan,nan
71,1.775,9.089605422e-32,2.341930812e-31,nan,nan,nan,nan
72,1.8,2.091656909e-31,5.423418723e-31,nan,nan,nan,nan
73,1.825,3.684062184e-31,9.860761315e-31,nan,nan,nan,nan
74,1.85,6.776771060e-31,2.070759876e-30,nan,nan,nan,nan
75,1.875,1.334212733e-30,3.944304526e-30,nan,nan,nan,nan
76,1.9,2.376268288e-30,7.494178600e-30,nan,nan,nan,nan
77,1.925,4.367899997e-30,1.222734403e-29,nan,nan,nan,nan
78,1.95,7.621951231e-30,2.287696625e-29,nan,nan,nan,nan
79,1.975,1.334119279e-29,3.628760164e-29,nan,nan,nan,nan
80,2,2.221587798e-29,5.995342880e-29,nan,nan,nan,nan
81,2.025,3.513347530e-29,8.993014320e-29,nan,nan,nan,nan
82,2.05,5.544664361e-29,1.262177448e-28,nan,nan,nan,nan
83,2.075,8.256373723e-29,1.711828164e-28,nan,nan,nan,nan
84,2.1,1.153014648e-28,2.429691588e-28,nan,nan,nan,nan
85,2.125,1.594776755e-28,3.218552493e-28,nan,nan,nan,nan
86,2.15,2.083870516e-28,3.849641217e-28,nan,nan,nan,nan
87,2.175,2.494078187e-28,4.417621069e-28,nan,nan,nan,nan
88,2.2,2.809622549e-28,4.543838814e-28,nan,nan,nan,nan
89,2.225,3.440711273e-28,4.291403324e-28,nan,nan,nan,nan
90,2.25,3.377602401e-28,4.543838814e-28,nan,nan,nan,nan
91,2.275,3.814261634e-28,4.796274304e-28,nan,nan,nan,nan
92,2.3,4.192914868e-28,6.058451752e-28,nan,nan,nan,nan
93,2.325,3.440994038e-28,8.582806649e-28,nan,nan,nan,nan
94,2.35,4.198300507e-28,1.060229057e-27,nan,nan,nan,nan
95,2.375,4.327956631e-28,1.060229057e-27,nan,nan,nan,nan
96,2.4,4.616526306e-28,1.236933899e-27,nan,nan,nan,nan
97,2.425,5.889541083e-28,1.363151644e-27,nan,nan,nan,nan
98,2.45,7.404154021e-28,1.363151644e-27,nan,nan,nan,nan
99,2.475,7.909025001e-28,1.363151644e-27,nan,nan,nan,nan
100,2.5,8.666331470e-28,1.514612938e-27,nan,nan,nan,nan
101,2.525,9.928508918e-28,1.666074232e-27,nan,nan,nan,nan
102,2.55,1.018094441e-27,1.716561330e-27,nan,nan,nan,nan
103,2.575,1.119068637e-27,1.716561330e-27,nan,nan,nan,nan
104,2.6,1.119068637e-27,1.868022624e-27,nan,nan,nan,nan
105,2.625,1.197873369e-27,2.069971015e-27,nan,nan,nan,nan
106,2.65,1.399821761e-27,2.221432309e-27,nan,nan,nan,nan
107,2.675,1.425065310e-27,2.271919407e-27,nan,nan,nan,nan
108,2.7,1.349334663e-27,2.423380701e-27,nan,nan,nan,nan
109,2.725,1.510118154e-27,2.827277484e-27,nan,nan,nan,nan
110,2.75,1.762553644e-27,3.231174268e-27,nan,nan,nan,nan
111,2.775,1.838284290e-27,3.534096855e-27,nan,nan,nan,nan
112,2.8,1.787797193e-27,3.635071051e-27,nan,nan,nan,nan
113,2.825,1.661579448e-27,3.736045247e-27,nan,nan,nan,nan
114,2.85,1.510118154e-27,3.837019443e-27,nan,nan,nan,nan
115,2.875,1.721005766e-27,4.341890422e-27,nan,nan,nan,nan
116,2.9,1.973441255e-27,4.846761402e-27,nan,nan,nan,nan
117,2.925,2.211896536e-27,5.048709793e-27,nan,nan,nan,nan
118,2.95,2.767254613e-27,5.654554969e-27,nan,nan,nan,nan
119,2.975,3.272125592e-27,6.058451752e-27,nan,nan,nan,nan
120,3,3.474073984e-27,6.260400144e-27,nan,nan,nan,nan
121,3.025,3.827483670e-27,7.068193711e-27,nan,nan,nan,nan
122,3.05,3.877970767e-27,7.068193711e-27,nan,nan,nan,nan
123,3.075,3.887912887e-27,6.260400144e-27,nan,nan,nan,nan
124,3.1,4.190835475e-27,6.866245319e-27,nan,nan,nan,nan
125,3.125,4.897654846e-27,7.270142103e-27,nan,nan,nan,nan
126,3.15,4.695706454e-27,7.875987278e-27,nan,nan,nan,nan
127,3.175,4.824434915e-27,9.289626020e-27,nan,nan,nan,nan
128,3.2,5.402525825e-27,1.050131637e-26,nan,nan,nan,nan
129,3.225,5.733202678e-27,1.130910994e-26,nan,nan,nan,nan
130,3.25,6.137099461e-27,1.332859385e-26,nan,nan,nan,nan
131,3.275,6.137099461e-27,1.454028421e-26,nan,nan,nan,nan
132,3.3,6.137099461e-27,1.494418099e-26,nan,nan,nan,nan
133,3.325,5.868836161e-27,1.454028421e-26,nan,nan,nan,nan
134,3.35,6.089386328e-27,1.454028421e-26,nan,nan,nan,nan
135,3.375,5.685489545e-27,1.575197456e-26,nan,nan,nan,nan
136,3.4,6.938889965e-27,1.615587134e-26,nan,nan,nan,nan
137,3.425,8.352528707e-27,1.655976812e-26,nan,nan,nan,nan
138,3.45,9.564219057e-27,1.696366491e-26,nan,nan,nan,nan
139,3.475,9.968115841e-27,2.059873596e-26,nan,nan,nan,nan
140,3.5,1.138175458e-26,2.019483917e-26,nan,nan,nan,nan
141,3.525,1.400708368e-26,2.100263274e-26,nan,nan,nan,nan
142,3.55,1.380513528e-26,2.423380701e-26,nan,nan,nan,nan
143,3.575,1.318934799e-26,2.261821987e-26,nan,nan,nan,nan
144,3.6,1.480493512e-26,2.665718771e-26,nan,nan,nan,nan
145,3.625,1.561272869e-26,2.746498128e-26,nan,nan,nan,nan
146,3.65,1.728891398e-26,2.827277484e-26,nan,nan,nan,nan
147,3.675,1.728891398e-26,3.069615554e-26,nan,nan,nan,nan
148,3.7,1.809670755e-26,3.554291695e-26,nan,nan,nan,nan
149,3.725,2.052008825e-26,4.038967835e-26,nan,nan,nan,nan
150,3.75,2.173177860e-26,4.281305905e-26,nan,nan,nan,nan
151,3.775,2.011619146e-26,4.523643975e-26,nan,nan,nan,nan
152,3.8,2.253957217e-26,4.846761402e-26,nan,nan,nan,nan
153,3.825,2.213567538e-26,4.523643975e-26,nan,nan,nan,nan
154,3.85,1.943872820e-26,4.685202688e-26,nan,nan,nan,nan
155,3.875,2.166000150e-26,5.492996255e-26,nan,nan,nan,nan
156,3.9,2.489322528e-26,5.654554969e-26,nan,nan,nan,nan
157,3.925,2.691270920e-26,5.816113682e-26,nan,nan,nan,nan
158,3.95,3.256726417e-26,6.139231109e-26,nan,nan,nan,nan
159,3.975,3.902961270e-26,6.623907249e-26,nan,nan,nan,nan
160,4,4.226078697e-26,7.593259529e-26,nan,nan,nan,nan
161,4.025,4.226078697e-26,7.431700816e-26,nan,nan,nan,nan
162,4.05,4.226078697e-26,7.431700816e-26,nan,nan,nan,nan
163,4.075,4.387637411e-26,7.431700816e-26,nan,nan,nan,nan
164,4.1,4.736992598e-26,7.754818243e-26,nan,nan,nan,nan
165,4.125,5.140889382e-26,8.077935669e-26,nan,nan,nan,nan
166,4.15,5.464006809e-26,9.208846663e-26,nan,nan,nan,nan
167,4.175,4.898551312e-26,1.050131637e-25,nan,nan,nan,nan
168,4.2,5.566494253e-26,1.163222736e-25,nan,nan,nan,nan
169,4.225,5.889611680e-26,1.260157964e-25,nan,nan,nan,nan
170,4.25,6.374287820e-26,1.357093192e-25,nan,nan,nan,nan
171,4.275,6.697405247e-26,1.486340163e-25,nan,nan,nan,nan
172,4.3,6.051170394e-26,1.647898877e-25,nan,nan,nan,nan
173,4.325,6.174578708e-26,1.583275391e-25,nan,nan,nan,nan
174,4.35,5.851461281e-26,1.550963649e-25,nan,nan,nan,nan
175,4.375,6.498944906e-26,1.615587134e-25,nan,nan,nan,nan
176,4.4,7.582853510e-26,1.809457590e-25,nan,nan,nan,nan
177,4.425,9.359999357e-26,1.971016303e-25,nan,nan,nan,nan
178,4.45,1.016779292e-25,2.067951531e-25,nan,nan,nan,nan
179,4.475,1.113714520e-25,2.197198502e-25,nan,nan,nan,nan
180,4.5,1.259117362e-25,2.261821987e-25,nan,nan,nan,nan
181,4.525,1.356052591e-25,2.132575017e-25,nan,nan,nan,nan
182,4.55,1.323740848e-25,2.326445473e-25,nan,nan,nan,nan
183,4.575,1.383216202e-25,2.584939414e-25,nan,nan,nan,nan
184,4.6,1.447839688e-25,2.649562900e-25,nan,nan,nan,nan
185,4.625,1.641710144e-25,2.584939414e-25,nan,nan,nan,nan
186,4.65,1.680938755e-25,2.649562900e-25,nan,nan,nan,nan
187,4.675,1.842497468e-25,3.166550782e-25,nan,nan,nan,nan
188,4.7,1.842497468e-25,3.683538665e-25,nan,nan,nan,nan
189,4.725,1.971744439e-25,4.006656092e-25,nan,nan,nan,nan
190,4.75,2.100991410e-25,4.652890946e-25,nan,nan,nan,nan
191,4.775,2.359485351e-25,4.782137916e-25,nan,nan,nan,nan
192,4.8,2.165614895e-25,4.523643975e-25,nan,nan,nan,nan
193,4.825,1.939432697e-25,4.523643975e-25,nan,nan,nan,nan
194,4.85,1.947621579e-25,4.782137916e-25,nan,nan,nan,nan
195,4.875,1.951590726e-25,5.169878828e-25,nan,nan,nan,nan
196,4.9,2.116071352e-25,5.686866711e-25,nan,nan,nan,nan
197,4.925,2.245318323e-25,5.816113682e-25,nan,nan,nan,nan
198,4.95,3.085423633e-25,5.945360653e-25,nan,nan,nan,nan
199,4.975,3.667035001e-25,6.720842477e-25,nan,nan,nan,nan
200,5,3.731658486e-25,7.237830360e-25,nan,nan,nan,nan
201,5.025,3.860905457e-25,6.979336418e-25,nan,nan,nan,nan
202,5.05,4.442516825e-25,7.496324301e-25,nan,nan,nan,nan
203,5.075,4.505220248e-25,7.754818243e-25,nan,nan,nan,nan
204,5.1,4.505220248e-25,7.754818243e-25,nan,nan,nan,nan
205,5.125,4.699090704e-25,7.884065213e-25,nan,nan,nan,nan
206,5.15,5.086831616e-25,9.305781891e-25,nan,nan,nan,nan
207,5.175,5.345325557e-25,1.008126372e-24,nan,nan,nan,nan
208,5.2,5.216078587e-25,1.085674554e-24,nan,nan,nan,nan
209,5.225,5.682604479e-25,1.240770919e-24,nan,nan,nan,nan
210,5.25,6.328839332e-25,1.421716678e-24,nan,nan,nan,nan
211,5.275,6.458086303e-25,1.550963649e-24,nan,nan,nan,nan
212,5.3,5.553357508e-25,1.447566072e-24,nan,nan,nan,nan
213,5.325,5.155826030e-25,1.395867284e-24,nan,nan,nan,nan
214,5.35,5.567768743e-25,1.499264860e-24,nan,nan,nan,nan
215,5.375,5.557967534e-25,1.602662437e-24,nan,nan,nan,nan
216,5.4,6.850437241e-25,1.706060013e-24,nan,nan,nan,nan
217,5.425,8.659894831e-25,1.706060013e-24,nan,nan,nan,nan
218,5.45,9.952364538e-25,1.757758802e-24,nan,nan,nan,nan
219,5.475,1.098634030e-24,2.067951531e-24,nan,nan,nan,nan
220,5.5,1.202031607e-24,2.119650320e-24,nan,nan,nan,nan
221,5.525,1.227881001e-24,2.171349108e-24,nan,nan,nan,nan
222,5.55,1.202031607e-24,2.274746685e-24,nan,nan,nan,nan
223,5.575,1.187481381e-24,2.326445473e-24,nan,nan,nan,nan
224,5.6,1.265029563e-24,2.481541838e-24,nan,nan,nan,nan
225,5.625,1.368427140e-24,2.481541838e-24,nan,nan,nan,nan
226,5.65,1.502013490e-24,2.584939414e-24,nan,nan,nan,nan
227,5.675,1.657109855e-24,2.843433356e-24,nan,nan,nan,nan
228,5.7,1.424465308e-24,3.412120027e-24,nan,nan,nan,nan
229,5.725,1.605411067e-24,3.825710333e-24,nan,nan,nan,nan
230,5.75,1.993151979e-24,3.825710333e-24,nan,nan,nan,nan
231,5.775,1.967302585e-24,4.135903063e-24,nan,nan,nan,nan
232,5.8,1.682959249e-24,4.135903063e-24,nan,nan,nan,nan
233,5.825,1.659398509e-24,4.239300639e-24,nan,nan,nan,nan
234,5.85,1.701230575e-24,4.239300639e-24,nan,nan,nan,nan
235,5.875,1.682599221e-24,4.446095792e-24,nan,nan,nan,nan
236,5.9,1.968597367e-24,4.756288522e-24,nan,nan,nan,nan
237,5.925,2.509779833e-24,5.169878828e-24,nan,nan,nan,nan
238,5.95,2.871671351e-24,5.583469135e-24,nan,nan,nan,nan
239,5.975,3.181864081e-24,5.376673982e-24,nan,nan,nan,nan
240,6,3.440358022e-24,5.376673982e-24,nan,nan,nan,nan
241,6.025,3.543755599e-24,6.203854594e-24,nan,nan,nan,nan
242,6.05,3.336960446e-24,6.410649747e-24,nan,nan,nan,nan
243,6.075,3.647153175e-24,5.997059441e-24,nan,nan,nan,nan
244,6.1,3.973511719e-24,6.410649747e-24,nan,nan,nan,nan
245,6.125,4.180306872e-24,7.031035207e-24,nan,nan,nan,nan
246,6.15,4.180306872e-24,7.444625513e-24,nan,nan,nan,nan
247,6.175,4.180306872e-24,8.478601279e-24,nan,nan,nan,nan
248,6.2,4.737384021e-24,9.719372197e-24,nan,nan,nan,nan
249,6.225,4.737384021e-24,1.116693827e-23,nan,nan,nan,nan
250,6.25,5.564564634e-24,1.137373342e-23,nan,nan,nan,nan
251,6.275,5.461167057e-24,1.158052858e-23,nan,nan,nan,nan
252,6.3,4.575258855e-24,1.282129949e-23,nan,nan,nan,nan
253,6.325,4.228794879e-24,1.282129949e-23,nan,nan,nan,nan
254,6.35,4.934210214e-24,1.323488980e-23,nan,nan,nan,nan
255,6.375,4.876118613e-24,1.406207041e-23,nan,nan,nan,nan
256,6.4,5.518880429e-24,1.447566072e-23,nan,nan,nan,nan
257,6.425,6.759651348e-24,1.447566072e-23,nan,nan,nan,nan
258,6.45,8.207217419e-24,1.447566072e-23,nan,nan,nan,nan
259,6.475,8.620807726e-24,1.737079286e-23,nan,nan,nan,nan
260,6.5,8.620807726e-24,1.861156378e-23,nan,nan,nan,nan
261,6.525,9.241193185e-24,1.861156378e-23,nan,nan,nan,nan
262,6.55,9.861578645e-24,1.819797348e-23,nan,nan,nan,nan
263,6.575,9.659216414e-24,1.902515409e-23,nan,nan,nan,nan
264,6.6,1.152037279e-23,1.902515409e-23,nan,nan,nan,nan
265,6.625,1.214075825e-23,1.985233470e-23,nan,nan,nan,nan
266,6.65,1.246457999e-23,2.233387654e-23,nan,nan,nan,nan
267,6.675,1.308496545e-23,2.398823776e-23,nan,nan,nan,nan
268,6.7,1.391214606e-23,2.812414083e-23,nan,nan,nan,nan
269,6.725,1.411894121e-23,3.143286328e-23,nan,nan,nan,nan
270,6.75,1.453253152e-23,3.474158573e-23,nan,nan,nan,nan
271,6.775,1.453253152e-23,3.556876634e-23,nan,nan,nan,nan
272,6.8,1.473932667e-23,3.308722450e-23,nan,nan,nan,nan
273,6.825,1.308496545e-23,3.226004389e-23,nan,nan,nan,nan
274,6.85,1.248828144e-23,3.474158573e-23,nan,nan,nan,nan
275,6.875,1.423651904e-23,3.639594695e-23,nan,nan,nan,nan
276,6.9,1.899280757e-23,3.887748879e-23,nan,nan,nan,nan
277,6.925,2.064716879e-23,3.970466940e-23,nan,nan,nan,nan
278,6.95,2.271512032e-23,4.301339185e-23,nan,nan,nan,nan
279,6.975,2.602384277e-23,4.135903063e-23,nan,nan,nan,nan
280,7,2.685102339e-23,4.301339185e-23,nan,nan,nan,nan
281,7.025,2.685102339e-23,4.797647553e-23,nan,nan,nan,nan
282,7.05,2.726461369e-23,4.797647553e-23,nan,nan,nan,nan
283,7.075,2.933256522e-23,4.466775308e-23,nan,nan,nan,nan
284,7.1,3.031040928e-23,4.963083675e-23,nan,nan,nan,nan
285,7.125,3.279195112e-23,5.293955920e-23,nan,nan,nan,nan
286,7.15,3.155118020e-23,5.624828165e-23,nan,nan,nan,nan
287,7.175,3.043248959e-23,6.121136533e-23,nan,nan,nan,nan
288,7.2,3.704993449e-23,7.113753268e-23,nan,nan,nan,nan
289,7.225,4.118583756e-23,7.940933881e-23,nan,nan,nan,nan
290,7.25,3.787711511e-23,8.271806126e-23,nan,nan,nan,nan
291,7.275,3.539557327e-23,8.271806126e-23,nan,nan,nan,nan
292,7.3,3.622275388e-23,8.602678371e-23,nan,nan,nan,nan
293,7.325,3.374121204e-23,8.602678371e-23,nan,nan,nan,nan
294,7.35,3.499712514e-23,8.933550616e-23,nan,nan,nan,nan
295,7.375,3.665148636e-23,9.595295106e-23,nan,nan,nan,nan
296,7.4,4.278724443e-23,9.926167351e-23,nan,nan,nan,nan
297,7.425,5.188623117e-23,1.058791184e-22,nan,nan,nan,nan
298,7.45,5.105905056e-23,1.158052858e-22,nan,nan,nan,nan
299,7.475,6.015803730e-23,1.224227307e-22,nan,nan,nan,nan
300,7.5,7.504728832e-23,1.224227307e-22,nan,nan,nan,nan
301,7.525,7.008420465e-23,1.224227307e-22,nan,nan,nan,nan
302,7.55,6.941655332e-23,1.323488980e-22,nan,nan,nan,nan
303,7.575,7.437963700e-23,1.389663429e-22,nan,nan,nan,nan
304,7.6,7.768835945e-23,1.455837878e-22,nan,nan,nan,nan
305,7.625,7.768835945e-23,1.455837878e-22,nan,nan,nan,nan
306,7.65,8.099708190e-23,1.588186776e-22,nan,nan,nan,nan
307,7.675,9.323101198e-23,1.786710123e-22,nan,nan,nan,nan
308,7.7,1.064659018e-22,1.952146246e-22,nan,nan,nan,nan
309,7.725,9.984845689e-23,2.117582368e-22,nan,nan,nan,nan
310,7.75,9.819409566e-23,2.316105715e-22,nan,nan,nan,nan
311,7.775,9.984845689e-23,2.514629062e-22,nan,nan,nan,nan
312,7.8,1.048115406e-22,2.382280164e-22,nan,nan,nan,nan
313,7.825,9.819409566e-23,2.316105715e-22,nan,nan,nan,nan
314,7.85,8.284081110e-23,2.316105715e-22,nan,nan,nan,nan
315,7.875,1.043475070e-22,2.316105715e-22,nan,nan,nan,nan
316,7.9,1.142736744e-22,2.779326858e-22,nan,nan,nan,nan
317,7.925,1.275085642e-22,2.911675756e-22,nan,nan,nan,nan
318,7.95,1.639045111e-22,2.845501307e-22,nan,nan,nan,nan
319,7.975,1.837568458e-22,3.110199103e-22,nan,nan,nan,nan
320,8,1.738306785e-22,3.308722450e-22,nan,nan,nan,nan
321,8.025,1.936830132e-22,3.044024654e-22,nan,nan,nan,nan
322,8.05,1.837568458e-22,3.044024654e-22,nan,nan,nan,nan
323,8.075,1.863890511e-22,3.176373552e-22,nan,nan,nan,nan
324,8.1,2.128588307e-22,3.374896899e-22,nan,nan,nan,nan
325,8.125,2.095501083e-22,3.705769144e-22,nan,nan,nan,nan
326,8.15,2.128588307e-22,3.904292491e-22,nan,nan,nan,nan
327,8.175,2.327111654e-22,4.499862532e-22,nan,nan,nan,nan
328,8.2,2.194762756e-22,5.161607022e-22,nan,nan,nan,nan
329,8.225,2.297830172e-22,5.691002614e-22,nan,nan,nan,nan
330,8.25,2.562527968e-22,5.558653716e-22,nan,nan,nan,nan
331,8.275,2.496353519e-22,5.691002614e-22,nan,nan,nan,nan
332,8.3,2.330917397e-22,5.955700410e-22,nan,nan,nan,nan
333,8.325,2.165481274e-22,6.088049308e-22,nan,nan,nan,nan
334,8.35,2.421828898e-22,6.088049308e-22,nan,nan,nan,nan
335,8.375,2.608527334e-22,6.617444900e-22,nan,nan,nan,nan
336,8.4,3.005574028e-22,7.146840492e-22,nan,nan,nan,nan
337,8.425,3.336446273e-22,6.882142696e-22,nan,nan,nan,nan
338,8.45,3.799667416e-22,7.411538288e-22,nan,nan,nan,nan
339,8.475,4.130539661e-22,7.940933881e-22,nan,nan,nan,nan
340,8.5,4.329063008e-22,8.205631677e-22,nan,nan,nan,nan
341,8.525,4.593760804e-22,8.470329473e-22,nan,nan,nan,nan
342,8.55,4.858458600e-22,8.470329473e-22,nan,nan,nan,nan
343,8.575,5.123156396e-22,8.470329473e-22,nan,nan,nan,nan
344,8.6,5.307765400e-22,8.470329473e-22,nan,nan,nan,nan
345,8.625,5.307765400e-22,9.264422861e-22,nan,nan,nan,nan
346,8.65,5.452852167e-22,1.005851625e-21,nan,nan,nan,nan
347,8.675,5.452852167e-22,1.058791184e-21,nan,nan,nan,nan
348,8.7,5.982247759e-22,1.164670302e-21,nan,nan,nan,nan
349,8.725,6.776341148e-22,1.297019200e-21,nan,nan,nan,nan
350,8.75,6.908690046e-22,1.376428539e-21,nan,nan,nan,nan
351,8.775,6.643992250e-22,1.429368098e-21,nan,nan,nan,nan
352,8.8,5.320503269e-22,1.482307658e-21,nan,nan,nan,nan
353,8.825,5.206431532e-22,1.588186776e-21,nan,nan,nan,nan
354,8.85,5.188154371e-22,1.535247217e-21,nan,nan,nan,nan
355,8.875,5.820443108e-22,1.588186776e-21,nan,nan,nan,nan
356,8.9,7.011583190e-22,1.747005454e-21,nan,nan,nan,nan
357,8.925,8.070374374e-22,1.747005454e-21,nan,nan,nan,nan
358,8.95,9.261514456e-22,1.747005454e-21,nan,nan,nan,nan
359,8.975,9.923258946e-22,1.905824131e-21,nan,nan,nan,nan
360,9,1.124674793e-21,2.064642809e-21,nan,nan,nan,nan
361,9.025,1.098205013e-21,2.064642809e-21,nan,nan,nan,nan
362,9.05,1.054928694e-21,1.958763691e-21,nan,nan,nan,nan
363,9.075,1.213747372e-21,2.117582368e-21,nan,nan,nan,nan
364,9.1,1.266686931e-21,2.276401046e-21,nan,nan,nan,nan
365,9.125,1.240217152e-21,2.223461487e-21,nan,nan,nan,nan
366,9.15,1.293156711e-21,2.382280164e-21,nan,nan,nan,nan
367,9.175,1.319626490e-21,2.752857079e-21,nan,nan,nan,nan
368,9.2,1.266686931e-21,2.964615315e-21,nan,nan,nan,nan
369,9.225,1.321661426e-21,3.070494434e-21,nan,nan,nan,nan
370,9.25,1.321661426e-21,3.282252671e-21,nan,nan,nan,nan
371,9.275,1.348131205e-21,3.494010907e-21,nan,nan,nan,nan
372,9.3,1.321661426e-21,3.494010907e-21,nan,nan,nan,nan
373,9.325,1.257484811e-21,3.599890026e-21,nan,nan,nan,nan
374,9.35,1.326710270e-21,3.494010907e-21,nan,nan,nan,nan
375,9.375,1.493765436e-21,3.494010907e-21,nan,nan,nan,nan
376,9.4,1.626114334e-21,3.917527381e-21,nan,nan,nan,nan
377,9.425,1.864342351e-21,3.917527381e-21,nan,nan,nan,nan
378,9.45,2.287858824e-21,4.235164736e-21,nan,nan,nan,nan
379,9.475,2.446677502e-21,4.552802091e-21,nan,nan,nan,nan
380,9.5,2.393737943e-21,4.552802091e-21,nan,nan,nan,nan
381,9.525,2.446677502e-21,4.552802091e-21,nan,nan,nan,nan
382,9.55,2.658435739e-21,4.552802091e-21,nan,nan,nan,nan
383,9.575,2.605496180e-21,4.870439447e-21,nan,nan,nan,nan
384,9.6,2.564400076e-21,4.870439447e-21,nan,nan,nan,nan
385,9.625,2.987916550e-21,5.082197684e-21,nan,nan,nan,nan
386,9.65,3.261332758e-21,5.399835039e-21,nan,nan,nan,nan
387,9.675,3.261332758e-21,5.717472394e-21,nan,nan,nan,nan
388,9.7,3.420151436e-21,6.776263578e-21,nan,nan,nan,nan
389,9.725,3.684849232e-21,7.835054762e-21,nan,nan,nan,nan
390,9.75,3.420151436e-21,8.046812999e-21,nan,nan,nan,nan
391,9.775,3.367211876e-21,8.258571236e-21,nan,nan,nan,nan
392,9.8,3.526030554e-21,8.046812999e-21,nan,nan,nan,nan
393,9.825,3.261332758e-21,8.258571236e-21,nan,nan,nan,nan
394,9.85,2.888654452e-21,8.470329473e-21,nan,nan,nan,nan
395,9.875,3.401075838e-21,8.682087709e-21,nan,nan,nan,nan
396,9.9,3.930471430e-21,9.529120657e-21,nan,nan,nan,nan
397,9.925,4.777504378e-21,9.952637130e-21,nan,nan,nan,nan
398,9.95,5.518658206e-21,9.105604183e-21,nan,nan,nan,nan
399,9.975,5.306899970e-21,9.317362420e-21,nan,nan,nan,nan
400,10,5.836295562e-21,1.058791184e-20,nan,nan,nan,nan
401,10.025,7.106844983e-21,1.143494479e-20,nan,nan,nan,nan
402,10.05,6.725665384e-21,1.185846126e-20,nan,nan,nan,nan
403,10.075,6.513907147e-21,1.228197774e-20,nan,nan,nan,nan
404,10.1,6.196269792e-21,1.270549421e-20,nan,nan,nan,nan
405,10.125,7.255060976e-21,1.439956010e-20,nan,nan,nan,nan
406,10.15,7.955223026e-21,1.778769189e-20,nan,nan,nan,nan
407,10.175,1.102646535e-20,2.244637310e-20,nan,nan,nan,nan
408,10.2,1.647359953e-20,2.964615315e-20,nan,nan,nan,nan
409,10.225,2.300697831e-20,3.684593321e-20,nan,nan,nan,nan
410,10.25,2.985169018e-20,4.446922973e-20,nan,nan,nan,nan
411,10.275,3.776555600e-20,5.293955920e-20,nan,nan,nan,nan
412,10.3,4.652261434e-20,6.140988868e-20,nan,nan,nan,nan
413,10.325,5.135941222e-20,6.818615225e-20,nan,nan,nan,nan
414,10.35,5.330557442e-20,6.988021815e-20,nan,nan,nan,nan
415,10.375,5.186121358e-20,6.479802046e-20,nan,nan,nan,nan
416,10.4,4.980708761e-20,6.776263578e-20,nan,nan,nan,nan
417,10.425,5.504916152e-20,8.089164646e-20,nan,nan,nan,nan
418,10.45,7.873407790e-20,1.050320855e-19,nan,nan,nan,nan
419,10.475,1.186520621e-19,1.503483481e-19,nan,nan,nan,nan
420,10.5,1.672738612e-19,1.960881273e-19,nan,nan,nan,nan
421,10.525,2.202405495e-19,2.528393348e-19,nan,nan,nan,nan
422,10.55,2.674533927e-19,3.002731798e-19,nan,nan,nan,nan
423,10.575,3.000920171e-19,3.261076847e-19,nan,nan,nan,nan
424,10.6,3.128667869e-19,3.261076847e-19,nan,nan,nan,nan
425,10.625,3.020846056e-19,3.134021905e-19,nan,nan,nan,nan
426,10.65,3.015263152e-19,3.061066637e-19,nan,nan,nan,nan
427,10.675,2.880230334e-19,2.925094954e-19,nan,nan,nan,nan
428,10.7,3.480368056e-19,4.036111994e-19,nan,nan,nan,nan
429,10.725,5.044080196e-19,5.725942723e-19,nan,nan,nan,nan
430,10.75,6.923614113e-19,7.657177843e-19,nan,nan,nan,nan
431,10.775,8.704754325e-19,9.232659125e-19,nan,nan,nan,nan
432,10.8,1.006520723e-18,1.026603932e-18,nan,nan,nan,nan
433,10.825,1.067302573e-18,1.059638217e-18,nan,nan,nan,nan
434,10.85,1.037779108e-18,1.002001757e-18,nan,nan,nan,nan
435,10.875,1.039359986e-18,1.022063205e-18,nan,nan,nan,nan
436,10.9,1.004502198e-18,9.799075282e-19,nan,nan,nan,nan
437,10.925,1.013691708e-18,9.938752843e-19,nan,nan,nan,nan
438,10.95,1.066109106e-18,1.196857554e-18,nan,nan,nan,nan
439,10.975,1.426789569e-18,1.537364799e-18,nan,nan,nan,nan
440,11,1.765812101e-18,1.829591166e-18,nan,nan,nan,nan
441,11.025,1.973499605e-18,1.952410943e-18,nan,nan,nan,nan
442,11.05,1.994891705e-18,1.861778418e-18,nan,nan,nan,nan
443,11.075,1.953130750e-18,1.905885094e-18,nan,nan,nan,nan
444,11.1,1.970038178e-18,1.824419131e-18,nan,nan,nan,nan
445,11.125,1.934476266e-18,1.882987762e-18,nan,nan,nan,nan
446,11.15,1.946614754e-18,1.801062309e-18,nan,nan,nan,nan
447,11.175,1.915417725e-18,1.863165206e-18,nan,nan,nan,nan
448,11.2,1.921210259e-18,1.777969697e-18,nan,nan,nan,nan
449,11.225,1.896367227e-18,1.842998671e-18,nan,nan,nan,nan
450,11.25,1.896160599e-18,1.753479570e-18,nan,nan,nan,nan
451,11.275,1.877259306e-18,1.822089095e-18,nan,nan,nan,nan
452,11.3,1.871203971e-18,1.729472613e-18,nan,nan,nan,nan
453,11.325,1.856882908e-18,1.802362877e-18,nan,nan,nan,nan
454,11.35,1.845765770e-18,1.706031300e-18,nan,nan,nan,nan
455,11.375,1.836026558e-18,1.780346722e-18,nan,nan,nan,nan
456,11.4,1.820371128e-18,1.685082933e-18,nan,nan,nan,nan
457,11.425,1.814978309e-18,1.758353718e-18,nan,nan,nan,nan
458,11.45,1.793734110e-18,1.668230673e-18,nan,nan,nan,nan
459,11.475,1.829152456e-18,1.735211445e-18,nan,nan,nan,nan
460,11.5,1.975423891e-18,2.075230721e-18,nan,nan,nan,nan
461,11.525,2.180604200e-18,2.121817533e-18,nan,nan,nan,nan
462,11.55,2.066811077e-18,1.996078050e-18,nan,nan,nan,nan
463,11.575,2.123316167e-18,2.049943156e-18,nan,nan,nan,nan
464,11.6,2.023411628e-18,1.934768863e-18,nan,nan,nan,nan
465,11.625,2.065677027e-18,2.004380207e-18,nan,nan,nan,nan
466,11.65,2.090580103e-18,2.022714678e-18,nan,nan,nan,nan
467,11.675,2.278863275e-18,2.039655337e-18,nan,nan,nan,nan
468,11.7,2.133192881e-18,2.012052355e-18,nan,nan,nan,nan
469,11.725,2.311781461e-18,2.040280354e-18,nan,nan,nan,nan
470,11.75,2.175359381e-18,2.038949247e-18,nan,nan,nan,nan
471,11.775,2.336644142e-18,2.075712163e-18,nan,nan,nan,nan
472,11.8,2.220432041e-18,2.053937625e-18,nan,nan,nan,nan
473,11.825,2.363968677e-18,2.115510240e-18,nan,nan,nan,nan
474,11.85,2.259312558e-18,2.072945279e-18,nan,nan,nan,nan
475,11.875,2.382845379e-18,2.350092912e-18,nan,nan,nan,nan
476,11.9,2.918165707e-18,3.150115531e-18,nan,nan,nan,nan
477,11.925,3.567117832e-18,3.550762115e-18,nan,nan,nan,nan
478,11.95,3.762645914e-18,3.466905853e-18,nan,nan,nan,nan
479,11.975,3.474893539e-18,3.446617092e-18,nan,nan,nan,nan
480,12,3.684259396e-18,3.401805206e-18,nan,nan,nan,nan
481,12.025,3.431073790e-18,3.360282401e-18,nan,nan,nan,nan
482,12.05,3.602332162e-18,3.351510276e-18,nan,nan,nan,nan
483,12.075,3.391374593e-18,3.273378312e-18,nan,nan,nan,nan
484,12.1,3.517407479e-18,3.298602708e-18,nan,nan,nan,nan
485,12.125,3.341576854e-18,3.186245641e-18,nan,nan,nan,nan
486,12.15,3.432147391e-18,3.245208052e-18,nan,nan,nan,nan
487,12.175,3.290807538e-18,3.367802998e-18,nan,nan,nan,nan
488,12.2,3.443264264e-18,3.466058820e-18,nan,nan,nan,nan
489,12.225,3.700699620e-18,3.794707604e-18,nan,nan,nan,nan
490,12.25,4.347713943e-18,4.434640995e-18,nan,nan,nan,nan
491,12.275,5.346672193e-18,5.375271083e-18,nan,nan,nan,nan
492,12.3,6.318413913e-18,6.056285573e-18,nan,nan,nan,nan
493,12.325,6.843911621e-18,6.196893042e-18,nan,nan,nan,nan
494,12.35,6.719833154e-18,5.953244529e-18,nan,nan,nan,nan
495,12.375,6.739888298e-18,6.153340310e-18,nan,nan,nan,nan
496,12.4,6.660178646e-18,5.843101435e-18,nan,nan,nan,nan
497,12.425,6.621163299e-18,6.100428946e-18,nan,nan,nan,nan
498,12.45,6.607206118e-18,5.746906457e-18,nan,nan,nan,nan
499,12.475,6.501986782e-18,6.470484684e-18,nan,nan,nan,nan
500,12.5,7.708586292e-18,7.907899596e-18,nan,nan,nan,nan
501,12.525,8.920330351e-18,8.880293419e-18,nan,nan,nan,nan
502,12.55,9.681859669e-18,9.223765279e-18,nan,nan,nan,nan
503,12.575,9.917960316e-18,9.179719566e-18,nan,nan,nan,nan
504,12.6,1.011132878e-17,9.297033629e-18,nan,nan,nan,nan
505,12.625,1.090689824e-17,1.011018526e-17,nan,nan,nan,nan
506,12.65,1.214873604e-17,1.124859754e-17,nan,nan,nan,nan
507,12.675,1.304431027e-17,1.152642435e-17,nan,nan,nan,nan
508,12.7,1.287521521e-17,1.100066476e-17,nan,nan,nan,nan
509,12.725,1.288606337e-17,1.139645271e-17,nan,nan,nan,nan
510,12.75,1.283148713e-17,1.088063999e-17,nan,nan,nan,nan
511,12.775,1.277373412e-17,1.135106496e-17,nan,nan,nan,nan
512,12.8,1.275944464e-17,1.077829580e-17,nan,nan,nan,nan
513,12.825,1.262081220e-17,1.202786785e-17,nan,nan,nan,nan
514,12.85,1.529795968e-17,1.705416136e-17,nan,nan,nan,nan
515,12.875,2.168483226e-17,2.364958340e-17,nan,nan,nan,nan
516,12.9,2.828516449e-17,2.958177865e-17,nan,nan,nan,nan
517,12.925,3.329275022e-17,3.305461373e-17,nan,nan,nan,nan
518,12.95,3.518570925e-17,3.294979341e-17,nan,nan,nan,nan
519,12.975,3.351279061e-17,3.209036608e-17,nan,nan,nan,nan
520,13,3.416063029e-17,3.211796649e-17,nan,nan,nan,nan
521,13.025,3.271254058e-17,3.116139043e-17,nan,nan,nan,nan
522,13.05,3.318573271e-17,3.132586739e-17,nan,nan,nan,nan
523,13.075,3.480726921e-17,3.163159838e-17,nan,nan,nan,nan
524,13.1,3.675849741e-17,3.092686697e-17,nan,nan,nan,nan
525,13.125,3.494555662e-17,3.151370022e-17,nan,nan,nan,nan
526,13.15,3.703136754e-17,3.100390367e-17,nan,nan,nan,nan
527,13.175,3.509199908e-17,3.183603250e-17,nan,nan,nan,nan
528,13.2,3.730730533e-17,3.705260924e-17,nan,nan,nan,nan
529,13.225,3.519917396e-17,4.152494321e-17,nan,nan,nan,nan
530,13.25,3.751918983e-17,3.897706810e-17,nan,nan,nan,nan
531,13.275,3.598282649e-17,4.252783022e-17,nan,nan,nan,nan
532,13.3,5.577339398e-17,6.919242740e-17,nan,nan,nan,nan
533,13.325,9.129033366e-17,1.050930718e-16,nan,nan,nan,nan
534,13.35,1.256601664e-16,1.325843732e-16,nan,nan,nan,nan
535,13.375,1.440607880e-16,1.383509735e-16,nan,nan,nan,nan
536,13.4,1.372696341e-16,1.282572733e-16,nan,nan,nan,nan
537,13.425,1.397571653e-16,1.351308030e-16,nan,nan,nan,nan
538,13.45,1.346328597e-16,1.239984132e-16,nan,nan,nan,nan
539,13.475,1.354767733e-16,1.318883444e-16,nan,nan,nan,nan
540,13.5,1.318004710e-16,1.197523543e-16,nan,nan,nan,nan
541,13.525,1.311471340e-16,1.285417116e-16,nan,nan,nan,nan
542,13.55,1.288367062e-16,1.155863224e-16,nan,nan,nan,nan
543,13.575,1.267998290e-16,1.251213018e-16,nan,nan,nan,nan
544,13.6,1.257251783e-16,1.684850176e-16,nan,nan,nan,nan
545,13.625,1.847336835e-16,2.146720302e-16,nan,nan,nan,nan
546,13.65,2.025580180e-16,2.005774019e-16,nan,nan,nan,nan
547,13.675,1.711594167e-16,2.020259726e-16,nan,nan,nan,nan
548,13.7,1.921720147e-16,1.926035353e-16,nan,nan,nan,nan
549,13.725,2.556677391e-16,3.045252852e-16,nan,nan,nan,nan
550,13.75,3.731241109e-16,3.916680348e-16,nan,nan,nan,nan
551,13.775,4.242745437e-16,3.885780586e-16,nan,nan,nan,nan
552,13.8,3.740810427e-16,3.819834322e-16,nan,nan,nan,nan
553,13.825,4.174716054e-16,3.877774228e-16,nan,nan,nan,nan
554,13.85,3.767974447e-16,3.721836799e-16,nan,nan,nan,nan
555,13.875,4.098575898e-16,3.858593858e-16,nan,nan,nan,nan
556,13.9,3.782379523e-16,3.619339371e-16,nan,nan,nan,nan
557,13.925,4.014221331e-16,3.827613169e-16,nan,nan,nan,nan
558,13.95,3.785185623e-16,3.511613051e-16,nan,nan,nan,nan
559,13.975,3.922213844e-16,4.520852009e-16,nan,nan,nan,nan
560,14,5.348275066e-16,6.044969213e-16,nan,nan,nan,nan
561,14.025,6.145111843e-16,5.928688530e-16,nan,nan,nan,nan
562,14.05,5.324192069e-16,5.760549353e-16,nan,nan,nan,nan
563,14.075,5.914990354e-16,5.801362153e-16,nan,nan,nan,nan
564,14.1,5.245884233e-16,5.584725390e-16,nan,nan,nan,nan
565,14.125,7.025195479e-16,7.143808115e-16,nan,nan,nan,nan
566,14.15,7.816829738e-16,6.718800863e-16,nan,nan,nan,nan
567,14.175,6.863274764e-16,7.071936826e-16,nan,nan,nan,nan
568,14.2,7.845713597e-16,6.881930977e-16,nan,nan,nan,nan
569,14.225,6.684468069e-16,6.988257065e-16,nan,nan,nan,nan
570,14.25,7.841613938e-16,7.023421570e-16,nan,nan,nan,nan
571,14.275,6.917328981e-16,6.881676586e-16,nan,nan,nan,nan
572,14.3,7.805973599e-16,7.132438585e-16,nan,nan,nan,nan
573,14.325,7.115071906e-16,8.036106502e-16,nan,nan,nan,nan
574,14.35,1.044041866e-15,1.191755028e-15,nan,nan,nan,nan
575,14.375,1.323011542e-15,1.291501628e-15,nan,nan,nan,nan
576,14.4,1.271091664e-15,1.136391647e-15,nan,nan,nan,nan
577,14.425,1.277460516e-15,1.272204520e-15,nan,nan,nan,nan
578,14.45,1.265041716e-15,1.077753414e-15,nan,nan,nan,nan
579,14.475,1.227673736e-15,1.247183125e-15,nan,nan,nan,nan
580,14.5,1.253121735e-15,1.088869579e-15,nan,nan,nan,nan
581,14.525,1.174256118e-15,1.216910728e-15,nan,nan,nan,nan
582,14.55,1.235301528e-15,1.097445992e-15,nan,nan,nan,nan
583,14.575,1.117282585e-15,1.181814756e-15,nan,nan,nan,nan
584,14.6,1.212006473e-15,1.242712530e-15,nan,nan,nan,nan
585,14.625,1.134595146e-15,1.142308766e-15,nan,nan,nan,nan
586,14.65,1.183760649e-15,1.175878664e-15,nan,nan,nan,nan
587,14.675,1.361002510e-15,1.563311113e-15,nan,nan,nan,nan
588,14.7,1.968832462e-15,2.028000164e-15,nan,nan,nan,nan
589,14.725,2.268294372e-15,2.020736009e-15,nan,nan,nan,nan
590,14.75,2.027671301e-15,1.982114692e-15,nan,nan,nan,nan
591,14.775,2.247058898e-15,2.048739449e-15,nan,nan,nan,nan
592,14.8,2.081905297e-15,1.928363878e-15,nan,nan,nan,nan
593,14.825,2.213670682e-15,2.064599384e-15,nan,nan,nan,nan
594,14.85,2.121945008e-15,1.865247615e-15,nan,nan,nan,nan
595,14.875,2.168146955e-15,2.067695463e-15,nan,nan,nan,nan
596,14.9,2.149703948e-15,2.323228415e-15,nan,nan,nan,nan
597,14.925,2.724136650e-15,2.854216429e-15,nan,nan,nan,nan
598,14.95,2.976576662e-15,2.726605833e-15,nan,nan,nan,nan
599,14.975,2.650795659e-15,2.737431951e-15,nan,nan,nan,nan
600,15,2.885568989e-15,2.704860195e-15,nan,nan,nan,nan
601,15.025,2.640289835e-15,2.606818002e-15,nan,nan,nan,nan
602,15.05,2.792042006e-15,2.666614547e-15,nan,nan,nan,nan
603,15.075,2.726755463e-15,2.466831651e-15,nan,nan,nan,nan
604,15.1,2.818302724e-15,2.611700451e-15,nan,nan,nan,nan
605,15.125,2.820967353e-15,2.316569379e-15,nan,nan,nan,nan
606,15.15,2.828553181e-15,2.541422301e-15,nan,nan,nan,nan
607,15.175,2.905402098e-15,2.313583126e-15,nan,nan,nan,nan
608,15.2,2.820456086e-15,3.072520537e-15,nan,nan,nan,nan
609,15.225,3.956188324e-15,4.243350463e-15,nan,nan,nan,nan
610,15.25,5.076507339e-15,4.932469364e-15,nan,nan,nan,nan
611,15.275,5.416554982e-15,4.687656513e-15,nan,nan,nan,nan
612,15.3,4.885174899e-15,4.843604089e-15,nan,nan,nan,nan
613,15.325,5.373156730e-15,4.756942914e-15,nan,nan,nan,nan
614,15.35,4.912809447e-15,4.729311488e-15,nan,nan,nan,nan
615,15.375,5.299880699e-15,4.794703842e-15,nan,nan,nan,nan
616,15.4,4.989288019e-15,4.586047320e-15,nan,nan,nan,nan
617,15.425,5.194189225e-15,4.977030073e-15,nan,nan,nan,nan
618,15.45,5.893735439e-15,6.000842184e-15,nan,nan,nan,nan
619,15.475,6.544691919e-15,6.173121909e-15,nan,nan,nan,nan
620,15.5,6.495108359e-15,5.790073282e-15,nan,nan,nan,nan
621,15.525,6.380807339e-15,6.013883139e-15,nan,nan,nan,nan
622,15.55,6.871489157e-15,6.285770515e-15,nan,nan,nan,nan
623,15.575,7.568941794e-15,6.667843361e-15,nan,nan,nan,nan
624,15.6,7.721426229e-15,6.465748076e-15,nan,nan,nan,nan
625,15.625,7.533327757e-15,6.719667191e-15,nan,nan,nan,nan
626,15.65,7.797695262e-15,6.562828831e-15,nan,nan,nan,nan
627,15.675,7.462879211e-15,6.752311192e-15,nan,nan,nan,nan
628,15.7,7.854874019e-15,6.885117476e-15,nan,nan,nan,nan
629,15.725,8.547937529e-15,8.765557724e-15,nan,nan,nan,nan
630,15.75,1.074047576e-14,1.065597263e-14,nan,nan,nan,nan
631,15.775,1.239192079e-14,1.151596180e-14,nan,nan,nan,nan
632,15.8,1.273822824e-14,1.099988156e-14,nan,nan,nan,nan
633,15.825,1.203080036e-14,1.134713040e-14,nan,nan,nan,nan
634,15.85,1.263020455e-14,1.107070876e-14,nan,nan,nan,nan
635,15.875,1.195321273e-14,1.112688726e-14,nan,nan,nan,nan
636,15.9,1.246031581e-14,1.109773717e-14,nan,nan,nan,nan
637,15.925,1.252548109e-14,1.201556216e-14,nan,nan,nan,nan
638,15.95,1.431346823e-14,1.377890857e-14,nan,nan,nan,nan
639,15.975,1.568555994e-14,1.470460038e-14,nan,nan,nan,nan
640,16,1.635083004e-14,1.491168300e-14,nan,nan,nan,nan
641,16.025,1.683760692e-14,1.526426555e-14,nan,nan,nan,nan
642,16.05,1.787790114e-14,1.625479265e-14,nan,nan,nan,nan
643,16.075,1.932045212e-14,1.730603508e-14,nan,nan,nan,nan
644,16.1,2.025830082e-14,1.768767424e-14,nan,nan,nan,nan
645,16.125,2.025460270e-14,1.741705738e-14,nan,nan,nan,nan
646,16.15,2.013650648e-14,1.765153588e-14,nan,nan,nan,nan
647,16.175,2.022548987e-14,1.761178009e-14,nan,nan,nan,nan
648,16.2,2.073886236e-14,1.947617415e-14,nan,nan,nan,nan
649,16.225,2.347992030e-14,2.255574200e-14,nan,nan,nan,nan
650,16.25,2.699961917e-14,2.562446783e-14,nan,nan,nan,nan
651,16.275,2.984593811e-14,2.734054302e-14,nan,nan,nan,nan
652,16.3,3.099074287e-14,2.726768464e-14,nan,nan,nan,nan
653,16.325,3.059875396e-14,2.686062490e-14,nan,nan,nan,nan
654,16.35,3.055447626e-14,2.712728360e-14,nan,nan,nan,nan
655,16.375,3.044241348e-14,2.677025268e-14,nan,nan,nan,nan
656,16.4,3.221516567e-14,2.934371496e-14,nan,nan,nan,nan
657,16.425,3.510058661e-14,3.247619187e-14,nan,nan,nan,nan
658,16.45,3.804845665e-14,3.515720701e-14,nan,nan,nan,nan
659,16.475,4.038480282e-14,3.687545061e-14,nan,nan,nan,nan
660,16.5,4.213726396e-14,3.812922200e-14,nan,nan,nan,nan
661,16.525,4.410723112e-14,3.984659824e-14,nan,nan,nan,nan
662,16.55,4.678904802e-14,4.215724991e-14,nan,nan,nan,nan
663,16.575,4.962244363e-14,4.427708200e-14,nan,nan,nan,nan
664,16.6,5.163799415e-14,4.552955235e-14,nan,nan,nan,nan
665,16.625,5.257439727e-14,4.618787991e-14,nan,nan,nan,nan
666,16.65,5.325670963e-14,4.724085706e-14,nan,nan,nan,nan
667,16.675,5.502056155e-14,4.979350265e-14,nan,nan,nan,nan
668,16.7,5.884222976e-14,5.426908922e-14,nan,nan,nan,nan
669,16.725,6.438538700e-14,5.961550698e-14,nan,nan,nan,nan
670,16.75,7.005842995e-14,6.403211295e-14,nan,nan,nan,nan
671,16.775,7.415650931e-14,6.634796879e-14,nan,nan,nan,nan
672,16.8,7.614620045e-14,6.695251992e-14,nan,nan,nan,nan
673,16.825,7.707741329e-14,6.749635573e-14,nan,nan,nan,nan
674,16.85,7.876156787e-14,6.968384203e-14,nan,nan,nan,nan
675,16.875,8.240866315e-14,7.407963132e-14,nan,nan,nan,nan
676,16.9,8.778664879e-14,7.973482985e-14,nan,nan,nan,nan
677,16.925,9.369910779e-14,8.518272893e-14,nan,nan,nan,nan
678,16.95,9.903274779e-14,8.957851821e-14,nan,nan,nan,nan
679,16.975,1.036730993e-13,9.323878475e-14,nan,nan,nan,nan
680,17,1.083799559e-13,9.725380223e-14,nan,nan,nan,nan
681,17.025,1.138785713e-13,1.020858745e-13,nan,nan,nan,nan
682,17.05,1.199393639e-13,1.071313177e-13,nan,nan,nan,nan
683,17.075,1.254861578e-13,1.115253723e-13,nan,nan,nan,nan
684,17.1,1.299389748e-13,1.151977819e-13,nan,nan,nan,nan
685,17.125,1.339577917e-13,1.192067278e-13,nan,nan,nan,nan
686,17.15,1.391787672e-13,1.249729487e-13,nan,nan,nan,nan
687,17.175,1.469085144e-13,1.330758420e-13,nan,nan,nan,nan
688,17.2,1.569014866e-13,1.424745738e-13,nan,nan,nan,nan
689,17.225,1.673401773e-13,1.510250258e-13,nan,nan,nan,nan
690,17.25,1.761232403e-13,1.572318664e-13,nan,nan,nan,nan
691,17.275,1.825202620e-13,1.615235723e-13,nan,nan,nan,nan
692,17.3,1.877906222e-13,1.659141574e-13,nan,nan,nan,nan
693,17.325,1.942125339e-13,1.725720261e-13,nan,nan,nan,nan
694,17.35,2.033167631e-13,1.820939233e-13,nan,nan,nan,nan
695,17.375,2.147356058e-13,1.933227883e-13,nan,nan,nan,nan
696,17.4,2.269600021e-13,2.042810365e-13,nan,nan,nan,nan
697,17.425,2.386003718e-13,2.139764060e-13,nan,nan,nan,nan
698,17.45,2.494207786e-13,2.229119667e-13,nan,nan,nan,nan
699,17.475,2.605716397e-13,2.325518250e-13,nan,nan,nan,nan
700,17.5,2.728250308e-13,2.433591523e-13,nan,nan,nan,nan
701,17.525,2.859033868e-13,2.546955702e-13,nan,nan,nan,nan
702,17.55,2.988190855e-13,2.657370851e-13,nan,nan,nan,nan
703,17.575,3.110297120e-13,2.764420637e-13,nan,nan,nan,nan
704,17.6,3.234125902e-13,2.880768540e-13,nan,nan,nan,nan
705,17.625,3.377311518e-13,3.020899503e-13,nan,nan,nan,nan
706,17.65,3.551744658e-13,3.187849290e-13,nan,nan,nan,nan
707,17.675,3.750266793e-13,3.364981904e-13,nan,nan,nan,nan
708,17.7,3.950383978e-13,3.529242870e-13,nan,nan,nan,nan
709,17.725,4.130562588e-13,3.668922804e-13,nan,nan,nan,nan
710,17.75,4.289508357e-13,3.797726023e-13,nan,nan,nan,nan
711,17.775,4.448172049e-13,3.942384613e-13,nan,nan,nan,nan
712,17.8,4.633455395e-13,4.122657077e-13,nan,nan,nan,nan
713,17.825,4.856777578e-13,4.337485232e-13,nan,nan,nan,nan
714,17.85,5.107544958e-13,4.567041190e-13,nan,nan,nan,nan
715,17.875,5.363969634e-13,4.789432739e-13,nan,nan,nan,nan
716,17.9,5.612595390e-13,4.998466918e-13,nan,nan,nan,nan
717,17.925,5.857312988e-13,5.207362319e-13,nan,nan,nan,nan
718,17.95,6.112516255e-13,5.431627370e-13,nan,nan,nan,nan
719,17.975,6.387337467e-13,5.675980519e-13,nan,nan,nan,nan
720,18,6.677972229e-13,5.931505287e-13,nan,nan,nan,nan
721,18.025,6.971817780e-13,6.190083168e-13,nan,nan,nan,nan
722,18.05,7.268843385e-13,6.456016277e-13,nan,nan,nan,nan
723,18.075,7.583283602e-13,6.743633429e-13,nan,nan,nan,nan
724,18.1,7.932571306e-13,7.065112384e-13,nan,nan,nan,nan
725,18.125,8.319706069e-13,7.412855052e-13,nan,nan,nan,nan
726,18.15,8.726574904e-13,7.763859000e-13,nan,nan,nan,nan
727,18.175,9.126785885e-13,8.097238158e-13,nan,nan,nan,nan
728,18.2,9.508966845e-13,8.418057917e-13,nan,nan,nan,nan
729,18.225,9.888461904e-13,8.751957492e-13,nan,nan,nan,nan
730,18.25,1.029716139e-12,9.129468015e-13,nan,nan,nan,nan
731,18.275,1.075782196e-12,9.558395742e-13,nan,nan,nan,nan
732,18.3,1.126722324e-12,1.002115058e-12,nan,nan,nan,nan
733,18.325,1.180095437e-12,1.048786058e-12,nan,nan,nan,nan
734,18.35,1.233501687e-12,1.094468266e-12,nan,nan,nan,nan
735,18.375,1.286779208e-12,1.139900674e-12,nan,nan,nan,nan
736,18.4,1.341599980e-12,1.187838022e-12,nan,nan,nan,nan
737,18.425,1.399620485e-12,1.239362779e-12,nan,nan,nan,nan
738,18.45,1.461190674e-12,1.294093305e-12,nan,nan,nan,nan
739,18.475,1.525328212e-12,1.350822232e-12,nan,nan,nan,nan
740,18.5,1.591271988e-12,1.409088124e-12,nan,nan,nan,nan
741,18.525,1.659761715e-12,1.470143451e-12,nan,nan,nan,nan
742,18.55,1.732472507e-12,1.535261501e-12,nan,nan,nan,nan
743,18.575,1.810326157e-12,1.604407579e-12,nan,nan,nan,nan
744,18.6,1.892081204e-12,1.675614508e-12,nan,nan,nan,nan
745,18.625,1.975288729e-12,1.747033074e-12,nan,nan,nan,nan
746,18.65,2.058424524e-12,1.818475925e-12,nan,nan,nan,nan
747,18.675,2.142837901e-12,1.892520862e-12,nan,nan,nan,nan
748,18.7,2.232074366e-12,1.972408348e-12,nan,nan,nan,nan
749,18.725,2.328774578e-12,2.060088211e-12,nan,nan,nan,nan
750,18.75,2.432974218e-12,2.153353884e-12,nan,nan,nan,nan
751,18.775,2.541979938e-12,2.248659592e-12,nan,nan,nan,nan
752,18.8,2.652836648e-12,2.344055505e-12,nan,nan,nan,nan
753,18.825,2.764817743e-12,2.440651847e-12,nan,nan,nan,nan
754,18.85,2.879835915e-12,2.541356015e-12,nan,nan,nan,nan
755,18.875,3.000646299e-12,2.648228858e-12,nan,nan,nan,nan
756,18.9,3.128381951e-12,2.761610385e-12,nan,nan,nan,nan
757,18.925,3.262265587e-12,2.879835259e-12,nan,nan,nan,nan
758,18.95,3.400979311e-12,3.001862647e-12,nan,nan,nan,nan
759,18.975,3.544552825e-12,3.128053372e-12,nan,nan,nan,nan
760,19,3.694401469e-12,3.259989501e-12,nan,nan,nan,nan
761,19.025,3.852524107e-12,3.398711867e-12,nan,nan,nan,nan
762,19.05,4.017819400e-12,3.542978411e-12,nan,nan,nan,nan
763,19.075,4.187890855e-12,3.690457662e-12,nan,nan,nan,nan
764,19.1,4.361530478e-12,3.841267582e-12,nan,nan,nan,nan
765,19.125,4.540218478e-12,3.998315568e-12,nan,nan,nan,nan
766,19.15,4.727520529e-12,4.164550649e-12,nan,nan,nan,nan
767,19.175,4.926408172e-12,4.341478566e-12,nan,nan,nan,nan
768,19.2,5.136668142e-12,4.526809483e-12,nan,nan,nan,nan
769,19.225,5.355194265e-12,4.717101709e-12,nan,nan,nan,nan
770,19.25,5.578837047e-12,4.910356843e-12,nan,nan,nan,nan
771,19.275,5.807143570e-12,5.108392875e-12,nan,nan,nan,nan
772,19.3,6.043043531e-12,5.314887419e-12,nan,nan,nan,nan
773,19.325,6.290132381e-12,5.532997671e-12,nan,nan,nan,nan
774,19.35,6.551038091e-12,5.762557098e-12,nan,nan,nan,nan
775,19.375,6.823904035e-12,6.001997510e-12,nan,nan,nan,nan
776,19.4,7.106699235e-12,6.249133155e-12,nan,nan,nan,nan
777,19.425,7.399197545e-12,6.504546901e-12,nan,nan,nan,nan
778,19.45,7.702944885e-12,6.770119187e-12,nan,nan,nan,nan
779,19.475,8.019492162e-12,7.046668804e-12,nan,nan,nan,nan
780,19.5,8.348726247e-12,7.333814112e-12,nan,nan,nan,nan
781,19.525,8.689161028e-12,7.630091003e-12,nan,nan,nan,nan
782,19.55,9.040127136e-12,7.936075408e-12,nan,nan,nan,nan
783,19.575,9.403627482e-12,8.254501249e-12,nan,nan,nan,nan
784,19.6,9.783322981e-12,8.588588174e-12,nan,nan,nan,nan
785,19.625,1.018173425e-11,8.938717821e-12,nan,nan,nan,nan
786,19.65,1.059800214e-11,9.302315862e-12,nan,nan,nan,nan
787,19.675,1.102886262e-11,9.675815704e-12,nan,nan,nan,nan
788,19.7,1.147373551e-11,1.006083411e-11,nan,nan,nan,nan
789,19.725,1.193160373e-11,1.045897396e-11,nan,nan,nan,nan
790,19.75,1.240673818e-11,1.087445411e-11,nan,nan,nan,nan
791,19.775,1.290330599e-11,1.130991134e-11,nan,nan,nan,nan
792,19.8,1.342256462e-11,1.176483910e-11,nan,nan,nan,nan
793,19.825,1.396263199e-11,1.223612878e-11,nan,nan,nan,nan
794,19.85,1.452136197e-11,1.272175421e-11,nan,nan,nan,nan
795,19.875,1.509873400e-11,1.322342236e-11,nan,nan,nan,nan
796,19.9,1.569697319e-11,1.374399206e-11,nan,nan,nan,nan
797,19.925,1.631844688e-11,1.428544782e-11,nan,nan,nan,nan
798,19.95,1.696383493e-11,1.484712353e-11,nan,nan,nan,nan
799,19.975,1.763234296e-11,1.542860284e-11,nan,nan,nan,nan
800,20,1.832421862e-11,1.603085720e-11,nan,nan,nan,nan
801,20.025,1.904316872e-11,1.665846627e-11,nan,nan,nan,nan
802,20.05,1.979392499e-11,1.731351174e-11,nan,nan,nan,nan
803,20.075,2.057587977e-11,1.799449478e-11,nan,nan,nan,nan
804,20.1,2.138740463e-11,1.869916721e-11,nan,nan,nan,nan
805,20.125,2.222558654e-11,1.942500327e-11,nan,nan,nan,nan
806,20.15,2.308983615e-11,2.017411238e-11,nan,nan,nan,nan
807,20.175,2.398366177e-11,2.095108809e-11,nan,nan,nan,nan
808,20.2,2.491266093e-11,2.176080149e-11,nan,nan,nan,nan
809,20.225,2.588055744e-11,2.260434895e-11,nan,nan,nan,nan
810,20.25,2.688717301e-11,2.347949613e-11,nan,nan,nan,nan
811,20.275,2.792952775e-11,2.438305113e-11,nan,nan,nan,nan
812,20.3,2.900610558e-11,2.531538867e-11,nan,nan,nan,nan
813,20.325,3.011851574e-11,2.627925655e-11,nan,nan,nan,nan
814,20.35,3.127090327e-11,2.728006709e-11,nan,nan,nan,nan
815,20.375,3.247078796e-11,2.832398205e-11,nan,nan,nan,nan
816,20.4,3.371780833e-11,2.940629684e-11,nan,nan,nan,nan
817,20.425,3.500932181e-11,3.052658126e-11,nan,nan,nan,nan
818,20.45,3.634637076e-11,3.168605656e-11,nan,nan,nan,nan
819,20.475,3.773212822e-11,3.288831707e-11,nan,nan,nan,nan
820,20.5,3.916983819e-11,3.413498650e-11,nan,nan,nan,nan
821,20.525,4.066041454e-11,3.542556526e-11,nan,nan,nan,nan
822,20.55,4.220246106e-11,3.675873494e-11,nan,nan,nan,nan
823,20.575,4.379507799e-11,3.813568905e-11,nan,nan,nan,nan
824,20.6,4.544085832e-11,3.956025785e-11,nan,nan,nan,nan
825,20.625,4.714572579e-11,4.103853368e-11,nan,nan,nan,nan
826,20.65,4.891553371e-11,4.257338926e-11,nan,nan,nan,nan
827,20.675,5.075255057e-11,4.416425559e-11,nan,nan,nan,nan
828,20.7,5.265472776e-11,4.581257596e-11,nan,nan,nan,nan
829,20.725,5.462548507e-11,4.751765648e-11,nan,nan,nan,nan
830,20.75,5.666515621e-11,4.927849795e-11,nan,nan,nan,nan
831,20.775,5.877438838e-11,5.110202539e-11,nan,nan,nan,nan
832,20.8,6.095934802e-11,5.299274908e-11,nan,nan,nan,nan
833,20.825,6.322387712e-11,5.495157107e-11,nan,nan,nan,nan
834,20.85,6.556875289e-11,5.697813055e-11,nan,nan,nan,nan
835,20.875,6.799403098e-11,5.907245526e-11,nan,nan,nan,nan
836,20.9,7.050178204e-11,6.123776486e-11,nan,nan,nan,nan
837,20.925,7.309627251e-11,6.347725123e-11,nan,nan,nan,nan
838,20.95,7.578123278e-11,6.579407852e-11,nan,nan,nan,nan
839,20.975,7.855847160e-11,6.818941245e-11,nan,nan,nan,nan
840,21,8.142850743e-11,7.066365548e-11,nan,nan,nan,nan
841,21.025,8.439355766e-11,7.321976359e-11,nan,nan,nan,nan
842,21.05,8.745912220e-11,7.587420969e-11,nan,nan,nan,nan
843,21.075,9.063851755e-11,7.862867302e-11,nan,nan,nan,nan
844,21.1,9.394228220e-11,8.147915675e-11,nan,nan,nan,nan
845,21.125,9.736010700e-11,8.442446742e-11,nan,nan,nan,nan
846,21.15,1.008905446e-10,8.746342539e-11,nan,nan,nan,nan
847,21.175,1.045348628e-10,9.059980544e-11,nan,nan,nan,nan
848,21.2,1.082990527e-10,9.384076849e-11,nan,nan,nan,nan
849,21.225,1.121916896e-10,9.719453020e-11,nan,nan,nan,nan
850,21.25,1.162194338e-10,1.006646710e-10,nan,nan,nan,nan
851,21.275,1.203853382e-10,1.042517184e-10,nan,nan,nan,nan
852,21.3,1.246898680e-10,1.079545620e-10,nan,nan,nan,nan
853,21.325,1.291345833e-10,1.117760051e-10,nan,nan,nan,nan
854,21.35,1.337249189e-10,1.157220431e-10,nan,nan,nan,nan
855,21.375,1.384675702e-10,1.197994759e-10,nan,nan,nan,nan
856,21.4,1.433680865e-10,1.240289815e-10,nan,nan,nan,nan
857,21.425,1.484297976e-10,1.284032325e-10,nan,nan,nan,nan
858,21.45,1.536839499e-10,1.329200916e-10,nan,nan,nan,nan
859,21.475,1.591117218e-10,1.375852487e-10,nan,nan,nan,nan
860,21.5,1.647202576e-10,1.424050600e-10,nan,nan,nan,nan
861,21.525,1.705163078e-10,1.473841049e-10,nan,nan,nan,nan
862,21.55,1.765033933e-10,1.525240767e-10,nan,nan,nan,nan
863,21.575,1.826827398e-10,1.578255582e-10,nan,nan,nan,nan
864,21.6,1.890575465e-10,1.632940172e-10,nan,nan,nan,nan
865,21.625,1.956361204e-10,1.689378915e-10,nan,nan,nan,nan
866,21.65,2.024298232e-10,1.747677836e-10,nan,nan,nan,nan
867,21.675,2.094483952e-10,1.807897443e-10,nan,nan,nan,nan
868,21.7,2.166970352e-10,1.870047450e-10,nan,nan,nan,nan
869,21.725,2.241772673e-10,1.934133964e-10,nan,nan,nan,nan
870,21.75,2.318922533e-10,2.000415944e-10,nan,nan,nan,nan
871,21.775,2.398494074e-10,2.068969440e-10,nan,nan,nan,nan
872,21.8,2.480740515e-10,2.139715072e-10,nan,nan,nan,nan
873,21.825,2.565957633e-10,2.212734440e-10,nan,nan,nan,nan
874,21.85,2.653908676e-10,2.288068901e-10,nan,nan,nan,nan
875,21.875,2.744648587e-10,2.365771468e-10,nan,nan,nan,nan
876,21.9,2.838250475e-10,2.445894320e-10,nan,nan,nan,nan
877,21.925,2.934814053e-10,2.528534326e-10,nan,nan,nan,nan
878,21.95,3.034441941e-10,2.613775307e-10,nan,nan,nan,nan
879,21.975,3.137211036e-10,2.701667778e-10,nan,nan,nan,nan
880,22,3.243176624e-10,2.792248932e-10,nan,nan,nan,nan
881,22.025,3.352405487e-10,2.885603145e-10,nan,nan,nan,nan
882,22.05,3.465008365e-10,2.981848379e-10,nan,nan,nan,nan
883,22.075,3.581133237e-10,3.081107314e-10,nan,nan,nan,nan
884,22.1,3.700918168e-10,3.183554254e-10,nan,nan,nan,nan
885,22.125,3.824449816e-10,3.289672146e-10,nan,nan,nan,nan
886,22.15,3.951775038e-10,3.399003579e-10,nan,nan,nan,nan
887,22.175,4.083255017e-10,3.511617941e-10,nan,nan,nan,nan
888,22.2,4.219172786e-10,3.627652900e-10,nan,nan,nan,nan
889,22.225,4.359262299e-10,3.747256949e-10,nan,nan,nan,nan
890,22.25,4.503689368e-10,3.870554433e-10,nan,nan,nan,nan
891,22.275,4.652572080e-10,3.997603637e-10,nan,nan,nan,nan
892,22.3,4.806002911e-10,4.128471176e-10,nan,nan,nan,nan
893,22.325,4.964076479e-10,4.263245590e-10,nan,nan,nan,nan
894,22.35,5.126919130e-10,4.402059273e-10,nan,nan,nan,nan
895,22.375,5.294683867e-10,4.545038790e-10,nan,nan,nan,nan
896,22.4,5.467515613e-10,4.692287670e-10,nan,nan,nan,nan
897,22.425,5.645535752e-10,4.843907220e-10,nan,nan,nan,nan
898,22.45,5.828862925e-10,5.000014847e-10,nan,nan,nan,nan
899,22.475,6.017648475e-10,5.161249483e-10,nan,nan,nan,nan
900,22.5,6.212073670e-10,5.327754904e-10,nan,nan,nan,nan
901,22.525,6.412321027e-10,5.499239675e-10,nan,nan,nan,nan
902,22.55,6.618806598e-10,5.675786230e-10,nan,nan,nan,nan
903,22.575,6.832324658e-10,5.857477836e-10,nan,nan,nan,nan
904,22.6,7.052110883e-10,6.044431899e-10,nan,nan,nan,nan
905,22.625,7.278339587e-10,6.236846317e-10,nan,nan,nan,nan
906,22.65,7.511234099e-10,6.434924260e-10,nan,nan,nan,nan
907,22.675,7.751021824e-10,6.638826155e-10,nan,nan,nan,nan
908,22.7,7.997883781e-10,6.848664968e-10,nan,nan,nan,nan
909,22.725,8.251965639e-10,7.064552832e-10,nan,nan,nan,nan
910,22.75,8.513411085e-10,7.286614367e-10,nan,nan,nan,nan
911,22.775,8.782407593e-10,7.515017497e-10,nan,nan,nan,nan
912,22.8,9.059178800e-10,7.749978159e-10,nan,nan,nan,nan
913,22.825,9.343955662e-10,7.991684536e-10,nan,nan,nan,nan
914,22.85,9.636942655e-10,8.241285432e-10,nan,nan,nan,nan
915,22.875,9.938330477e-10,8.498509396e-10,nan,nan,nan,nan
916,22.9,1.024832724e-09,8.763059445e-10,nan,nan,nan,nan
917,22.925,1.056717116e-09,9.035150961e-10,nan,nan,nan,nan
918,22.95,1.089650491e-09,9.314974070e-10,nan,nan,nan,nan
919,22.975,1.123575989e-09,9.602693640e-10,nan,nan,nan,nan
920,23,1.158464471e-09,9.898473985e-10,nan,nan,nan,nan
921,23.025,1.194337548e-09,1.020251855e-09,nan,nan,nan,nan
922,23.05,1.231221941e-09,1.051507215e-09,nan,nan,nan,nan
923,23.075,1.269148495e-09,1.083638401e-09,nan,nan,nan,nan
924,23.1,1.308146499e-09,1.116669146e-09,nan,nan,nan,nan
925,23.125,1.348241416e-09,1.150617684e-09,nan,nan,nan,nan
926,23.15,1.389454989e-09,1.185500337e-09,nan,nan,nan,nan
927,23.175,1.431810945e-09,1.221337947e-09,nan,nan,nan,nan
928,23.2,1.475338601e-09,1.258157134e-09,nan,nan,nan,nan
929,23.225,1.520071478e-09,1.296103308e-09,nan,nan,nan,nan
930,23.25,1.566042453e-09,1.335213301e-09,nan,nan,nan,nan
931,23.275,1.613281293e-09,1.375396380e-09,nan,nan,nan,nan
932,23.3,1.661815597e-09,1.416675693e-09,nan,nan,nan,nan
933,23.325,1.711674799e-09,1.459077359e-09,nan,nan,nan,nan
934,23.35,1.763160895e-09,1.502630131e-09,nan,nan,nan,nan
935,23.375,1.816088807e-09,1.547360906e-09,nan,nan,nan,nan
936,23.4,1.870460518e-09,1.593298604e-09,nan,nan,nan,nan
937,23.425,1.926308268e-09,1.640470371e-09,nan,nan,nan,nan
938,23.45,1.983666030e-09,1.688904128e-09,nan,nan,nan,nan
939,23.475,2.042572605e-09,1.738632571e-09,nan,nan,nan,nan
940,23.5,2.103069376e-09,1.789689563e-09,nan,nan,nan,nan
941,23.525,2.165195474e-09,1.842105801e-09,nan,nan,nan,nan
942,23.55,2.228985661e-09,1.895906265e-09,nan,nan,nan,nan
943,23.575,2.294473157e-09,1.951120654e-09,nan,nan,nan,nan
944,23.6,2.361695105e-09,2.007784661e-09,nan,nan,nan,nan
945,23.625,2.430695466e-09,2.066293581e-09,nan,nan,nan,nan
946,23.65,2.501522218e-09,2.126346432e-09,nan,nan,nan,nan
947,23.675,2.574220868e-09,2.187978465e-09,nan,nan,nan,nan
948,23.7,2.648832023e-09,2.251221598e-09,nan,nan,nan,nan
949,23.725,2.725394015e-09,2.316108916e-09,nan,nan,nan,nan
950,23.75,2.804257351e-09,2.382675390e-09,nan,nan,nan,nan
951,23.775,2.885340160e-09,2.450964043e-09,nan,nan,nan,nan
952,23.8,2.968539726e-09,2.521016840e-09,nan,nan,nan,nan
953,23.825,3.053905167e-09,2.592872528e-09,nan,nan,nan,nan
954,23.85,3.141483791e-09,2.666569077e-09,nan,nan,nan,nan
955,23.875,3.231323925e-09,2.742145289e-09,nan,nan,nan,nan
956,23.9,3.323477777e-09,2.819647349e-09,nan,nan,nan,nan
957,23.925,3.418000324e-09,2.899117724e-09,nan,nan,nan,nan
958,23.95,3.514945585e-09,2.980598823e-09,nan,nan,nan,nan
959,23.975,3.614363171e-09,3.064128784e-09,nan,nan,nan,nan
960,24,3.716302638e-09,3.149842775e-09,nan,nan,nan,nan
961,24.025,3.820818747e-09,3.238162349e-09,nan,nan,nan,nan
962,24.05,3.927973023e-09,3.328704701e-09,nan,nan,nan,nan
963,24.075,4.037830104e-09,3.421521622e-09,nan,nan,nan,nan
964,24.1,4.150450913e-09,3.516659852e-09,nan,nan,nan,nan
965,24.125,4.265890415e-09,3.614161470e-09,nan,nan,nan,nan
966,24.15,4.384202142e-09,3.714071606e-09,nan,nan,nan,nan
967,24.175,4.506169565e-09,3.816444827e-09,nan,nan,nan,nan
968,24.2,4.631178668e-09,3.921340974e-09,nan,nan,nan,nan
969,24.225,4.759295605e-09,4.028816447e-09,nan,nan,nan,nan
970,24.25,4.890589313e-09,4.138922871e-09,nan,nan,nan,nan
971,24.275,5.025124867e-09,4.251711816e-09,nan,nan,nan,nan
972,24.3,5.162967323e-09,4.367236739e-09,nan,nan,nan,nan
973,24.325,5.304185904e-09,4.485555982e-09,nan,nan,nan,nan
974,24.35,5.448854074e-09,4.606728721e-09,nan,nan,nan,nan
975,24.375,5.597045037e-09,4.730813796e-09,nan,nan,nan,nan
976,24.4,5.748830595e-09,4.857868885e-09,nan,nan,nan,nan
977,24.425,5.904281769e-09,4.988724656e-09,nan,nan,nan,nan
978,24.45,6.063474531e-09,5.122772262e-09,nan,nan,nan,nan
979,24.475,6.226489697e-09,5.260024416e-09,nan,nan,nan,nan
980,24.5,6.393410938e-09,5.400548897e-09,nan,nan,nan,nan
981,24.525,6.564317685e-09,5.544404491e-09,nan,nan,nan,nan
982,24.55,6.739284956e-09,5.691652594e-09,nan,nan,nan,nan
983,24.575,6.918388423e-09,5.842358097e-09,nan,nan,nan,nan
984,24.6,7.102632611e-09,5.996595553e-09,nan,nan,nan,nan
985,24.625,7.291431406e-09,6.154440901e-09,nan,nan,nan,nan
986,24.65,7.484690137e-09,6.315970025e-09,nan,nan,nan,nan
987,24.675,7.682498956e-09,6.481249926e-09,nan,nan,nan,nan
988,24.7,7.884944223e-09,6.650349493e-09,nan,nan,nan,nan
989,24.725,8.092112678e-09,6.823336451e-09,nan,nan,nan,nan
990,24.75,8.304096296e-09,7.000290569e-09,nan,nan,nan,nan
991,24.775,8.520993064e-09,7.181291672e-09,nan,nan,nan,nan
992,24.8,8.742901534e-09,7.366420973e-09,nan,nan,nan,nan
993,24.825,8.969918271e-09,7.556045567e-09,nan,nan,nan,nan
994,24.85,9.202140548e-09,7.750917075e-09,nan,nan,nan,nan
995,24.875,9.439668060e-09,7.950214764e-09,nan,nan,nan,nan
996,24.9,9.682605011e-09,8.154023123e-09,nan,nan,nan,nan
997,24.925,9.931056414e-09,8.362428083e-09,nan,nan,nan,nan
998,24.95,1.018512608e-08,8.575511856e-09,nan,nan,nan,nan
999,24.975,1.044491524e-08,8.793358153e-09,nan,nan,nan,nan
1000,25,1.071052853e-08,9.016054625e-09,nan,nan,nan,nan
1001,25.025,1.098222600e-08,9.243697252e-09,nan,nan,nan,nan
1002,25.05,1.126153863e-08,9.476381013e-09,nan,nan,nan,nan
1003,25.075,1.154710148e-08,9.714200666e-09,nan,nan,nan,nan
1004,25.1,1.183902825e-08,9.957243585e-09,nan,nan,nan,nan
1005,25.125,1.213743079e-08,1.020559587e-08,nan,nan,nan,nan
1006,25.15,1.244242504e-08,1.045935294e-08,nan,nan,nan,nan
1007,25.175,1.275413319e-08,1.071861855e-08,nan,nan,nan,nan
1008,25.2,1.307268276e-08,1.098349561e-08,nan,nan,nan,nan
1009,25.225,1.339820044e-08,1.125408222e-08,nan,nan,nan,nan
1010,25.25,1.373081013e-08,1.153054474e-08,nan,nan,nan,nan
1011,25.275,1.407063628e-08,1.181469844e-08,nan,nan,nan,nan
1012,25.3,1.441780630e-08,1.210494988e-08,nan,nan,nan,nan
1013,25.325,1.477245275e-08,1.240140673e-08,nan,nan,nan,nan
1014,25.35,1.513470884e-08,1.270417799e-08,nan,nan,nan,nan
1015,25.375,1.550470696e-08,1.301337221e-08,nan,nan,nan,nan
1016,25.4,1.588257973e-08,1.332909805e-08,nan,nan,nan,nan
1017,25.425,1.626846438e-08,1.365146673e-08,nan,nan,nan,nan
1018,25.45,1.666250270e-08,1.398059840e-08,nan,nan,nan,nan
1019,25.475,1.706483831e-08,1.431660906e-08,nan,nan,nan,nan
1020,25.5,1.747738490e-08,1.465961141e-08,nan,nan,nan,nan
1021,25.525,1.789938860e-08,1.500971575e-08,nan,nan,nan,nan
1022,25.55,1.833023010e-08,1.536703975e-08,nan,nan,nan,nan
1023,25.575,1.877006036e-08,1.573170688e-08,nan,nan,nan,nan
1024,25.6,1.921903707e-08,1.610384370e-08,nan,nan,nan,nan
1025,25.625,1.967731873e-08,1.648357389e-08,nan,nan,nan,nan
1026,25.65,2.014505992e-08,1.687101797e-08,nan,nan,nan,nan
1027,25.675,2.062241330e-08,1.726629784e-08,nan,nan,nan,nan
1028,25.7,2.110953296e-08,1.767019997e-08,nan,nan,nan,nan
1029,25.725,2.160658029e-08,1.808427519e-08,nan,nan,nan,nan
1030,25.75,2.211372093e-08,1.850669218e-08,nan,nan,nan,nan
1031,25.775,2.263112139e-08,1.893758689e-08,nan,nan,nan,nan
1032,25.8,2.315894522e-08,1.937709004e-08,nan,nan,nan,nan
1033,25.825,2.369735777e-08,1.982533604e-08,nan,nan,nan,nan
1034,25.85,2.424652859e-08,2.028246415e-08,nan,nan,nan,nan
1035,25.875,2.480663089e-08,2.074861694e-08,nan,nan,nan,nan
1036,25.9,2.537783856e-08,2.122393145e-08,nan,nan,nan,nan
1037,25.925,2.596032237e-08,2.170854480e-08,nan,nan,nan,nan
1038,25.95,2.655425293e-08,2.220259832e-08,nan,nan,nan,nan
1039,25.975,2.716181575e-08,2.270623850e-08,nan,nan,nan,nan
1040,26,2.778309977e-08,2.321961340e-08,nan,nan,nan,nan
1041,26.025,2.841654574e-08,2.374287461e-08,nan,nan,nan,nan
1042,26.05,2.906234217e-08,2.427616608e-08,nan,nan,nan,nan
1043,26.075,2.972067206e-08,2.481963157e-08,nan,nan,nan,nan
1044,26.1,3.039171726e-08,2.537341515e-08,nan,nan,nan,nan
1045,26.125,3.107566813e-08,2.593767184e-08,nan,nan,nan,nan
1046,26.15,3.177272297e-08,2.651255909e-08,nan,nan,nan,nan
1047,26.175,3.248308258e-08,2.710129804e-08,nan,nan,nan,nan
1048,26.2,3.320694610e-08,2.770199958e-08,nan,nan,nan,nan
1049,26.225,3.394450824e-08,2.831396362e-08,nan,nan,nan,nan
1050,26.25,3.469596498e-08,2.893734802e-08,nan,nan,nan,nan
1051,26.275,3.546151707e-08,2.957231804e-08,nan,nan,nan,nan
1052,26.3,3.624137064e-08,3.021904016e-08,nan,nan,nan,nan
1053,26.325,3.703573153e-08,3.087767769e-08,nan,nan,nan,nan
1054,26.35,3.784480418e-08,3.154839551e-08,nan,nan,nan,nan
1055,26.375,3.866879283e-08,3.223135991e-08,nan,nan,nan,nan
1056,26.4,3.950790783e-08,3.292674222e-08,nan,nan,nan,nan
1057,26.425,4.036236537e-08,3.363471585e-08,nan,nan,nan,nan
1058,26.45,4.123238148e-08,3.435545254e-08,nan,nan,nan,nan
1059,26.475,4.212068717e-08,3.508911689e-08,nan,nan,nan,nan
1060,26.5,4.302821949e-08,3.583587532e-08,nan,nan,nan,nan
1061,26.525,4.395217046e-08,3.659590259e-08,nan,nan,nan,nan
1062,26.55,4.489276578e-08,3.736938142e-08,nan,nan,nan,nan
1063,26.575,4.585023943e-08,3.815649419e-08,nan,nan,nan,nan
1064,26.6,4.682482399e-08,3.895741707e-08,nan,nan,nan,nan
1065,26.625,4.781674543e-08,3.977231988e-08,nan,nan,nan,nan
1066,26.65,4.882622477e-08,4.060423120e-08,nan,nan,nan,nan
1067,26.675,4.985348715e-08,4.145342980e-08,nan,nan,nan,nan
1068,26.7,5.089876528e-08,4.231736972e-08,nan,nan,nan,nan
1069,26.725,5.196229781e-08,4.319624503e-08,nan,nan,nan,nan
1070,26.75,5.304432193e-08,4.409024223e-08,nan,nan,nan,nan
1071,26.775,5.414507126e-08,4.499954498e-08,nan,nan,nan,nan
1072,26.8,5.526477946e-08,4.592434044e-08,nan,nan,nan,nan
1073,26.825,5.640368427e-08,4.686482075e-08,nan,nan,nan,nan
1074,26.85,5.756202804e-08,4.782118074e-08,nan,nan,nan,nan
1075,26.875,5.874005162e-08,4.879360815e-08,nan,nan,nan,nan
1076,26.9,5.993799298e-08,4.978229001e-08,nan,nan,nan,nan
1077,26.925,6.115608789e-08,5.078741649e-08,nan,nan,nan,nan
1078,26.95,6.239457817e-08,5.180918727e-08,nan,nan,nan,nan
1079,26.975,6.365371347e-08,5.284780247e-08,nan,nan,nan,nan
1080,27,6.493590835e-08,5.390345831e-08,nan,nan,nan,nan
1081,27.025,6.624543713e-08,5.497634603e-08,nan,nan,nan,nan
1082,27.05,6.757665992e-08,5.606665227e-08,nan,nan,nan,nan
1083,27.075,6.892982202e-08,5.717456875e-08,nan,nan,nan,nan
1084,27.1,7.030517534e-08,5.830029554e-08,nan,nan,nan,nan
1085,27.125,7.170298099e-08,5.944403952e-08,nan,nan,nan,nan
1086,27.15,7.312350297e-08,6.060824759e-08,nan,nan,nan,nan
1087,27.175,7.456699995e-08,6.179680828e-08,nan,nan,nan,nan
1088,27.2,7.603372548e-08,6.300426680e-08,nan,nan,nan,nan
1089,27.225,7.752393247e-08,6.423082594e-08,nan,nan,nan,nan
1090,27.25,7.903787851e-08,6.547669401e-08,nan,nan,nan,nan
1091,27.275,8.057582602e-08,6.674207859e-08,nan,nan,nan,nan
1092,27.3,8.213803599e-08,6.802718228e-08,nan,nan,nan,nan
1093,27.325,8.372476591e-08,6.933220897e-08,nan,nan,nan,nan
1094,27.35,8.533627361e-08,7.065736407e-08,nan,nan,nan,nan
1095,27.375,8.697282010e-08,7.200285518e-08,nan,nan,nan,nan
1096,27.4,8.863467081e-08,7.336889130e-08,nan,nan,nan,nan
1097,27.425,9.032209000e-08,7.475567704e-08,nan,nan,nan,nan
1098,27.45,9.203533517e-08,7.616341147e-08,nan,nan,nan,nan
1099,27.475,9.377466065e-08,7.759229270e-08,nan,nan,nan,nan
1100,27.5,9.554032324e-08,7.904252719e-08,nan,nan,nan,nan
1101,27.525,9.733258659e-08,8.051432898e-08,nan,nan,nan,nan
1102,27.55,9.915171896e-08,8.200790885e-08,nan,nan,nan,nan
1103,27.575,1.010064503e-07,8.352346853e-08,nan,nan,nan,nan
1104,27.6,1.028923042e-07,8.506120397e-08,nan,nan,nan,nan
1105,27.625,1.048062122e-07,8.662131162e-08,nan,nan,nan,nan
1106,27.65,1.067484387e-07,8.820399605e-08,nan,nan,nan,nan
1107,27.675,1.087192521e-07,8.980946420e-08,nan,nan,nan,nan
1108,27.7,1.107189237e-07,9.144808355e-08,nan,nan,nan,nan
1109,27.725,1.127477218e-07,9.311144628e-08,nan,nan,nan,nan
1110,27.75,1.148059101e-07,9.479858021e-08,nan,nan,nan,nan
1111,27.775,1.168937512e-07,9.650969013e-08,nan,nan,nan,nan
1112,27.8,1.190115093e-07,9.824498437e-08,nan,nan,nan,nan
1113,27.825,1.211594498e-07,1.000046701e-07,nan,nan,nan,nan
1114,27.85,1.233378359e-07,1.017889479e-07,nan,nan,nan,nan
1115,27.875,1.255469261e-07,1.035980186e-07,nan,nan,nan,nan
1116,27.9,1.277869776e-07,1.054320826e-07,nan,nan,nan,nan
1117,27.925,1.300582517e-07,1.072913470e-07,nan,nan,nan,nan
1118,27.95,1.323610112e-07,1.091760162e-07,nan,nan,nan,nan
1119,27.975,1.346955175e-07,1.110862912e-07,nan,nan,nan,nan
1120,28,1.370620251e-07,1.130223626e-07,nan,nan,nan,nan
1121,28.025,1.394607834e-07,1.149844212e-07,nan,nan,nan,nan
1122,28.05,1.418920408e-07,1.169726616e-07,nan,nan,nan,nan
1123,28.075,1.443560507e-07,1.189872810e-07,nan,nan,nan,nan
1124,28.1,1.468530683e-07,1.210284790e-07,nan,nan,nan,nan
1125,28.125,1.493833467e-07,1.230964493e-07,nan,nan,nan,nan
1126,28.15,1.519471312e-07,1.251913762e-07,nan,nan,nan,nan
1127,28.175,1.545517335e-07,1.273134407e-07,nan,nan,nan,nan
1128,28.2,1.572003358e-07,1.294628295e-07,nan,nan,nan,nan
1129,28.225,1.598836863e-07,1.316397293e-07,nan,nan,nan,nan
1130,28.25,1.626020349e-07,1.338453172e-07,nan,nan,nan,nan
1131,28.275,1.653556270e-07,1.360935374e-07,nan,nan,nan,nan
1132,28.3,1.681447039e-07,1.383702814e-07,nan,nan,nan,nan
1133,28.325,1.709695068e-07,1.406757352e-07,nan,nan,nan,nan
1134,28.35,1.738302759e-07,1.430100839e-07,nan,nan,nan,nan
1135,28.375,1.767272505e-07,1.453735048e-07,nan,nan,nan,nan
1136,28.4,1.796606630e-07,1.477661765e-07,nan,nan,nan,nan
1137,28.425,1.826307416e-07,1.501882687e-07,nan,nan,nan,nan
1138,28.45,1.856377113e-07,1.526399528e-07,nan,nan,nan,nan
1139,28.475,1.886818001e-07,1.551214021e-07,nan,nan,nan,nan
1140,28.5,1.917632360e-07,1.576327926e-07,nan,nan,nan,nan
1141,28.525,1.948822437e-07,1.601742910e-07,nan,nan,nan,nan
1142,28.55,1.980390373e-07,1.627460565e-07,nan,nan,nan,nan
1143,28.575,2.012338267e-07,1.653482425e-07,nan,nan,nan,nan
1144,28.6,2.044668195e-07,1.679810053e-07,nan,nan,nan,nan
1145,28.625,2.077382259e-07,1.706445067e-07,nan,nan,nan,nan
1146,28.65,2.110482555e-07,1.733389023e-07,nan,nan,nan,nan
1147,28.675,2.143971114e-07,1.760643399e-07,nan,nan,nan,nan
1148,28.7,2.177849904e-07,1.788209657e-07,nan,nan,nan,nan
1149,28.725,2.212120832e-07,1.816089197e-07,nan,nan,nan,nan
1150,28.75,2.246785802e-07,1.844283430e-07,nan,nan,nan,nan
1151,28.775,2.281846706e-07,1.872793733e-07,nan,nan,nan,nan
1152,28.8,2.317305388e-07,1.901621454e-07,nan,nan,nan,nan
1153,28.825,2.353163620e-07,1.930767896e-07,nan,nan,nan,nan
1154,28.85,2.389615201e-07,1.960234308e-07,nan,nan,nan,nan
1155,28.875,2.426516848e-07,1.990101063e-07,nan,nan,nan,nan
1156,28.9,2.463829523e-07,2.020426374e-07,nan,nan,nan,nan
1157,28.925,2.501554959e-07,2.051081009e-07,nan,nan,nan,nan
1158,28.95,2.539694792e-07,2.082066127e-07,nan,nan,nan,nan
1159,28.975,2.578250584e-07,2.113382862e-07,nan,nan,nan,nan
1160,29,2.617223878e-07,2.145032338e-07,nan,nan,nan,nan
1161,29.025,2.656616238e-07,2.177015696e-07,nan,nan,nan,nan
1162,29.05,2.696429219e-07,2.209334017e-07,nan,nan,nan,nan
1163,29.075,2.736664291e-07,2.241988337e-07,nan,nan,nan,nan
1164,29.1,2.777322820e-07,2.274979571e-07,nan,nan,nan,nan
1165,29.125,2.818406078e-07,2.308308622e-07,nan,nan,nan,nan
1166,29.15,2.859915338e-07,2.341976376e-07,nan,nan,nan,nan
1167,29.175,2.901851864e-07,2.375983720e-07,nan,nan,nan,nan
1168,29.2,2.944216896e-07,2.410331492e-07,nan,nan,nan,nan
1169,29.225,2.987011581e-07,2.445020454e-07,nan,nan,nan,nan
1170,29.25,3.030236979e-07,2.480051287e-07,nan,nan,nan,nan
1171,29.275,3.073894114e-07,2.515424679e-07,nan,nan,nan,nan
1172,29.3,3.117983982e-07,2.551141280e-07,nan,nan,nan,nan
1173,29.325,3.162507533e-07,2.587201704e-07,nan,nan,nan,nan
1174,29.35,3.207465640e-07,2.623606455e-07,nan,nan,nan,nan
1175,29.375,3.252859062e-07,2.660355993e-07,nan,nan,nan,nan
1176,29.4,3.298688531e-07,2.697450783e-07,nan,nan,nan,nan
1177,29.425,3.344954763e-07,2.734891281e-07,nan,nan,nan,nan
1178,29.45,3.391658487e-07,2.772677880e-07,nan,nan,nan,nan
1179,29.475,3.438800327e-07,2.810810882e-07,nan,nan,nan,nan
1180,29.5,3.486380776e-07,2.849290480e-07,nan,nan,nan,nan
1181,29.525,3.534400212e-07,2.888116846e-07,nan,nan,nan,nan
1182,29.55,3.582858981e-07,2.927342503e-07,nan,nan,nan,nan
1183,29.575,3.631757464e-07,2.967145871e-07,nan,nan,nan,nan
1184,29.6,3.681404747e-07,3.007302876e-07,nan,nan,nan,nan
1185,29.625,3.731505974e-07,3.047813568e-07,nan,nan,nan,nan
1186,29.65,3.782054771e-07,3.088677875e-07,nan,nan,nan,nan
1187,29.675,3.833051215e-07,3.129895737e-07,nan,nan,nan,nan
1188,29.7,3.884495368e-07,3.171467083e-07,nan,nan,nan,nan
1189,29.725,3.936387267e-07,3.213391794e-07,nan,nan,nan,nan
1190,29.75,3.988726896e-07,3.255669672e-07,nan,nan,nan,nan
1191,29.775,4.041514130e-07,3.298300441e-07,nan,nan,nan,nan
1192,29.8,4.094748745e-07,3.341283793e-07,nan,nan,nan,nan
1193,29.825,4.148430484e-07,3.384619367e-07,nan,nan,nan,nan
1194,29.85,4.202559078e-07,3.428306788e-07,nan,nan,nan,nan
1195,29.875,4.257134180e-07,3.472345579e-07,nan,nan,nan,nan
1196,29.9,4.312155313e-07,3.516735161e-07,nan,nan,nan,nan
1197,29.925,4.367621860e-07,3.561474882e-07,nan,nan,nan,nan
1198,29.95,4.423533167e-07,3.606564122e-07,nan,nan,nan,nan
1199,29.975,4.479888594e-07,3.652002240e-07,nan,nan,nan,nan
1200,30,4.536687492e-07,3.697788569e-07,nan,nan,nan,nan
1201,30.025,4.593929125e-07,3.743922285e-07,nan,nan,nan,nan
1202,30.05,4.651612575e-07,3.790402413e-07,nan,nan,nan,nan
1203,30.075,4.709736795e-07,3.837227961e-07,nan,nan,nan,nan
1204,30.1,4.768300691e-07,3.884397964e-07,nan,nan,nan,nan
1205,30.125,4.827303178e-07,3.931911459e-07,nan,nan,nan,nan
1206,30.15,4.886743168e-07,3.979767381e-07,nan,nan,nan,nan
1207,30.175,4.946619457e-07,4.027964565e-07,nan,nan,nan,nan
1208,30.2,5.006930698e-07,4.076501741e-07,nan,nan,nan,nan
1209,30.225,5.067675458e-07,4.125377615e-07,nan,nan,nan,nan
1210,30.25,5.128852251e-07,4.174590872e-07,nan,nan,nan,nan
1211,30.275,5.190459577e-07,4.224140138e-07,nan,nan,nan,nan
1212,30.3,5.252495838e-07,4.274023954e-07,nan,nan,nan,nan
1213,30.325,5.314959304e-07,4.324393116e-07,nan,nan,nan,nan
1214,30.35,5.377848164e-07,4.375303825e-07,nan,nan,nan,nan
1215,30.375,5.441160584e-07,4.426551005e-07,nan,nan,nan,nan
1216,30.4,5.504894728e-07,4.478133043e-07,nan,nan,nan,nan
1217,30.425,5.569048676e-07,4.530048209e-07,nan,nan,nan,nan
1218,30.45,5.633682417e-07,4.582294610e-07,nan,nan,nan,nan
1219,30.475,5.699076800e-07,4.634870331e-07,nan,nan,nan,nan
1220,30.5,5.764891373e-07,4.687773472e-07,nan,nan,nan,nan
1221,30.525,5.831123883e-07,4.741002163e-07,nan,nan,nan,nan
1222,30.55,5.897772070e-07,4.794554448e-07,nan,nan,nan,nan
1223,30.575,5.964833594e-07,4.848428238e-07,nan,nan,nan,nan
1224,30.6,6.032305932e-07,4.902621323e-07,nan,nan,nan,nan
1225,30.625,6.100186416e-07,4.957131412e-07,nan,nan,nan,nan
1226,30.65,6.168472338e-07,5.011956236e-07,nan,nan,nan,nan
1227,30.675,6.237160981e-07,5.067093546e-07,nan,nan,nan,nan
1228,30.7,6.306249595e-07,5.122541009e-07,nan,nan,nan,nan
1229,30.725,6.375735311e-07,5.178296140e-07,nan,nan,nan,nan
1230,30.75,6.445615143e-07,5.234356418e-07,nan,nan,nan,nan
1231,30.775,6.515886034e-07,5.290719284e-07,nan,nan,nan,nan
1232,30.8,6.586544903e-07,5.347382163e-07,nan,nan,nan,nan
1233,30.825,6.657588612e-07,5.404342404e-07,nan,nan,nan,nan
1234,30.85,6.729013914e-07,5.461597224e-07,nan,nan,nan,nan
1235,30.875,6.800817419e-07,5.519143753e-07,nan,nan,nan,nan
1236,30.9,6.872995650e-07,5.576979165e-07,nan,nan,nan,nan
1237,30.925,6.945545132e-07,5.635100613e-07,nan,nan,nan,nan
1238,30.95,7.018462406e-07,5.693505248e-07,nan,nan,nan,nan
1239,30.975,7.091743943e-07,5.752190056e-07,nan,nan,nan,nan
1240,31,7.165386047e-07,5.811151899e-07,nan,nan,nan,nan
1241,31.025,7.239384872e-07,5.870387526e-07,nan,nan,nan,nan
1242,31.05,7.313736482e-07,5.929893762e-07,nan,nan,nan,nan
1243,31.075,7.388436983e-07,5.989667460e-07,nan,nan,nan,nan
1244,31.1,7.463482477e-07,6.049705431e-07,nan,nan,nan,nan
1245,31.125,7.538868996e-07,6.110004347e-07,nan,nan,nan,nan
1246,31.15,7.614592423e-07,6.170560745e-07,nan,nan,nan,nan
1247,31.175,7.690648526e-07,6.231371127e-07,nan,nan,nan,nan
1248,31.2,7.767033024e-07,6.292432020e-07,nan,nan,nan,nan
1249,31.225,7.843741615e-07,6.353742627e-07,nan,nan,nan,nan
1250,31.25,7.920769963e-07,6.415727318e-07,nan,nan,nan,nan
1251,31.275,7.998113616e-07,6.477957467e-07,nan,nan,nan,nan
1252,31.3,8.075768032e-07,6.540429329e-07,nan,nan,nan,nan
1253,31.325,8.153728623e-07,6.603139168e-07,nan,nan,nan,nan
1254,31.35,8.231990796e-07,6.666083240e-07,nan,nan,nan,nan
1255,31.375,8.310549916e-07,6.729257686e-07,nan,nan,nan,nan
1256,31.4,8.389401223e-07,6.792658552e-07,nan,nan,nan,nan
1257,31.425,8.468539847e-07,6.856281772e-07,nan,nan,nan,nan
1258,31.45,8.547960829e-07,6.920123332e-07,nan,nan,nan,nan
1259,31.475,8.627659224e-07,6.984179270e-07,nan,nan,nan,nan
1260,31.5,8.707630111e-07,7.048445583e-07,nan,nan,nan,nan
1261,31.525,8.787868519e-07,7.112918154e-07,nan,nan,nan,nan
1262,31.55,8.868544657e-07,7.177592722e-07,nan,nan,nan,nan
1263,31.575,8.949781934e-07,7.242464984e-07,nan,nan,nan,nan
1264,31.6,9.031276166e-07,7.307530655e-07,nan,nan,nan,nan
1265,31.625,9.113022029e-07,7.372785474e-07,nan,nan,nan,nan
1266,31.65,9.195014193e-07,7.438225176e-07,nan,nan,nan,nan
1267,31.675,9.277247270e-07,7.503845387e-07,nan,nan,nan,nan
1268,31.7,9.359715768e-07,7.569641627e-07,nan,nan,nan,nan
1269,31.725,9.442414118e-07,7.635609419e-07,nan,nan,nan,nan
1270,31.75,9.525336742e-07,7.701744276e-07,nan,nan,nan,nan
1271,31.775,9.608478018e-07,7.768041699e-07,nan,nan,nan,nan
1272,31.8,9.691832295e-07,7.834497114e-07,nan,nan,nan,nan
1273,31.825,9.775393819e-07,7.901105877e-07,nan,nan,nan,nan
1274,31.85,9.859156781e-07,7.967863304e-07,nan,nan,nan,nan
1275,31.875,9.943115352e-07,8.034764818e-07,nan,nan,nan,nan
1276,31.9,1.002726373e-06,8.101805778e-07,nan,nan,nan,nan
1277,31.925,1.011159608e-06,8.168981464e-07,nan,nan,nan,nan
1278,31.95,1.019610644e-06,8.236287071e-07,nan,nan,nan,nan
1279,31.975,1.028078879e-06,8.303717735e-07,nan,nan,nan,nan
1280,32,1.036563706e-06,8.371268627e-07,nan,nan,nan,nan
1281,32.025,1.045064519e-06,8.438934973e-07,nan,nan,nan,nan
1282,32.05,1.053580715e-06,8.506711996e-07,nan,nan,nan,nan
1283,32.075,1.062111687e-06,8.574594838e-07,nan,nan,nan,nan
1284,32.1,1.070656820e-06,8.642578531e-07,nan,nan,nan,nan
1285,32.125,1.079215489e-06,8.710658078e-07,nan,nan,nan,nan
1286,32.15,1.087787071e-06,8.778828527e-07,nan,nan,nan,nan
1287,32.175,1.096370941e-06,8.847084962e-07,nan,nan,nan,nan
1288,32.2,1.104966475e-06,8.915422411e-07,nan,nan,nan,nan
1289,32.225,1.113573043e-06,8.983835869e-07,nan,nan,nan,nan
1290,32.25,1.122190012e-06,9.052320288e-07,nan,nan,nan,nan
1291,32.275,1.130816746e-06,9.120870634e-07,nan,nan,nan,nan
1292,32.3,1.139452610e-06,9.189481894e-07,nan,nan,nan,nan
1293,32.325,1.148096967e-06,9.258149008e-07,nan,nan,nan,nan
1294,32.35,1.156749175e-06,9.326866892e-07,nan,nan,nan,nan
1295,32.375,1.165408589e-06,9.395630375e-07,nan,nan,nan,nan
1296,32.4,1.174074559e-06,9.464434377e-07,nan,nan,nan,nan
1297,32.425,1.182746443e-06,9.533645359e-07,nan,nan,nan,nan
1298,32.45,1.191423596e-06,9.602979485e-07,nan,nan,nan,nan
1299,32.475,1.200105374e-06,9.672341759e-07,nan,nan,nan,nan
1300,32.5,1.208791125e-06,9.741726915e-07,nan,nan,nan,nan
1301,32.525,1.217480195e-06,9.811129695e-07,nan,nan,nan,nan
1302,32.55,1.226171928e-06,9.880544881e-07,nan,nan,nan,nan
1303,32.575,1.234865674e-06,9.949967335e-07,nan,nan,nan,nan
1304,32.6,1.243560784e-06,1.001939190e-06,nan,nan,nan,nan
1305,32.625,1.252256608e-06,1.008881333e-06,nan,nan,nan,nan
1306,32.65,1.260952490e-06,1.015822642e-06,nan,nan,nan,nan
1307,32.675,1.269647774e-06,1.022762591e-06,nan,nan,nan,nan
1308,32.7,1.278341806e-06,1.029700663e-06,nan,nan,nan,nan
1309,32.725,1.287033935e-06,1.036636339e-06,nan,nan,nan,nan
1310,32.75,1.295723509e-06,1.043569099e-06,nan,nan,nan,nan
1311,32.775,1.304409874e-06,1.050498424e-06,nan,nan,nan,nan
1312,32.8,1.313092377e-06,1.057423793e-06,nan,nan,nan,nan
1313,32.825,1.321770367e-06,1.064344693e-06,nan,nan,nan,nan
1314,32.85,1.330443199e-06,1.071260610e-06,nan,nan,nan,nan
1315,32.875,1.339110224e-06,1.078171030e-06,nan,nan,nan,nan
1316,32.9,1.347770791e-06,1.085075435e-06,nan,nan,nan,nan
1317,32.925,1.356424250e-06,1.091973307e-06,nan,nan,nan,nan
1318,32.95,1.365069956e-06,1.098864137e-06,nan,nan,nan,nan
1319,32.975,1.373707268e-06,1.105747420e-06,nan,nan,nan,nan
1320,33,1.382335548e-06,1.112622654e-06,nan,nan,nan,nan
1321,33.025,1.390954159e-06,1.119489328e-06,nan,nan,nan,nan
1322,33.05,1.399562457e-06,1.126346937e-06,nan,nan,nan,nan
1323,33.075,1.408159805e-06,1.133194973e-06,nan,nan,nan,nan
1324,33.1,1.416745568e-06,1.140032938e-06,nan,nan,nan,nan
1325,33.125,1.425319119e-06,1.146860338e-06,nan,nan,nan,nan
1326,33.15,1.433879832e-06,1.153676679e-06,nan,nan,nan,nan
1327,33.175,1.442427082e-06,1.160481466e-06,nan,nan,nan,nan
1328,33.2,1.450960243e-06,1.167274207e-06,nan,nan,nan,nan
1329,33.225,1.459478696e-06,1.174054413e-06,nan,nan,nan,nan
1330,33.25,1.468017430e-06,1.180821601e-06,nan,nan,nan,nan
1331,33.275,1.476545727e-06,1.187575289e-06,nan,nan,nan,nan
1332,33.3,1.485057440e-06,1.194314995e-06,nan,nan,nan,nan
1333,33.325,1.493551948e-06,1.201040240e-06,nan,nan,nan,nan
1334,33.35,1.502028643e-06,1.207750553e-06,nan,nan,nan,nan
1335,33.375,1.510486922e-06,1.214445466e-06,nan,nan,nan,nan
1336,33.4,1.518926184e-06,1.221124515e-06,nan,nan,nan,nan
1337,33.425,1.527345828e-06,1.227787234e-06,nan,nan,nan,nan
1338,33.45,1.535745256e-06,1.234433157e-06,nan,nan,nan,nan
1339,33.475,1.544123873e-06,1.241061829e-06,nan,nan,nan,nan
1340,33.5,1.552481094e-06,1.247672798e-06,nan,nan,nan,nan
1341,33.525,1.560816344e-06,1.254265620e-06,nan,nan,nan,nan
1342,33.55,1.569129049e-06,1.260839851e-06,nan,nan,nan,nan
1343,33.575,1.577418634e-06,1.267395047e-06,nan,nan,nan,nan
1344,33.6,1.585684529e-06,1.273930768e-06,nan,nan,nan,nan
1345,33.625,1.593926166e-06,1.280446577e-06,nan,nan,nan,nan
1346,33.65,1.602142993e-06,1.286942052e-06,nan,nan,nan,nan
1347,33.675,1.610334459e-06,1.293416770e-06,nan,nan,nan,nan
1348,33.7,1.618500020e-06,1.299870310e-06,nan,nan,nan,nan
1349,33.725,1.626639132e-06,1.306302253e-06,nan,nan,nan,nan
1350,33.75,1.634751259e-06,1.312712189e-06,nan,nan,nan,nan
1351,33.775,1.642835872e-06,1.319099716e-06,nan,nan,nan,nan
1352,33.8,1.650892450e-06,1.325464427e-06,nan,nan,nan,nan
1353,33.825,1.658920473e-06,1.331805925e-06,nan,nan,nan,nan
1354,33.85,1.666919422e-06,1.338123817e-06,nan,nan,nan,nan
1355,33.875,1.674888792e-06,1.344417716e-06,nan,nan,nan,nan
1356,33.9,1.682828085e-06,1.350687242e-06,nan,nan,nan,nan
1357,33.925,1.690736813e-06,1.356932021e-06,nan,nan,nan,nan
1358,33.95,1.698614492e-06,1.363151680e-06,nan,nan,nan,nan
1359,33.975,1.706460636e-06,1.369345847e-06,nan,nan,nan,nan
1360,34,1.714274762e-06,1.375514156e-06,nan,nan,nan,nan
1361,34.025,1.722056399e-06,1.381656251e-06,nan,nan,nan,nan
1362,34.05,1.729805091e-06,1.387771789e-06,nan,nan,nan,nan
1363,34.075,1.737520392e-06,1.393860424e-06,nan,nan,nan,nan
1364,34.1,1.745201854e-06,1.399921816e-06,nan,nan,nan,nan
1365,34.125,1.752849034e-06,1.405955624e-06,nan,nan,nan,nan
1366,34.15,1.760461491e-06,1.411961517e-06,nan,nan,nan,nan
1367,34.175,1.768038797e-06,1.417939173e-06,nan,nan,nan,nan
1368,34.2,1.775580537e-06,1.423888277e-06,nan,nan,nan,nan
1369,34.225,1.783086299e-06,1.429808515e-06,nan,nan,nan,nan
1370,34.25,1.790555676e-06,1.435699579e-06,nan,nan,nan,nan
1371,34.275,1.797988268e-06,1.441561168e-06,nan,nan,nan,nan
1372,34.3,1.805383686e-06,1.447392991e-06,nan,nan,nan,nan
1373,34.325,1.812741550e-06,1.453194756e-06,nan,nan,nan,nan
1374,34.35,1.820061487e-06,1.458966180e-06,nan,nan,nan,nan
1375,34.375,1.827343121e-06,1.464706980e-06,nan,nan,nan,nan
1376,34.4,1.834586086e-06,1.470416883e-06,nan,nan,nan,nan
1377,34.425,1.841790026e-06,1.476095626e-06,nan,nan,nan,nan
1378,34.45,1.848954603e-06,1.481742958e-06,nan,nan,nan,nan
1379,34.475,1.856079488e-06,1.487385622e-06,nan,nan,nan,nan
1380,34.5,1.863164352e-06,1.492998392e-06,nan,nan,nan,nan
1381,34.525,1.870208863e-06,1.498578777e-06,nan,nan,nan,nan
1382,34.55,1.877212698e-06,1.504126535e-06,nan,nan,nan,nan
1383,34.575,1.884175549e-06,1.509641440e-06,nan,nan,nan,nan
1384,34.6,1.891097124e-06,1.515123269e-06,nan,nan,nan,nan
1385,34.625,1.897977137e-06,1.520571804e-06,nan,nan,nan,nan
1386,34.65,1.904815307e-06,1.525986826e-06,nan,nan,nan,nan
1387,34.675,1.911611353e-06,1.531368123e-06,nan,nan,nan,nan
1388,34.7,1.918365001e-06,1.536715494e-06,nan,nan,nan,nan
1389,34.725,1.925075997e-06,1.542028745e-06,nan,nan,nan,nan
1390,34.75,1.931744089e-06,1.547307688e-06,nan,nan,nan,nan
1391,34.775,1.938369034e-06,1.552552136e-06,nan,nan,nan,nan
1392,34.8,1.944950590e-06,1.557761912e-06,nan,nan,nan,nan
1393,34.825,1.951488530e-06,1.562936847e-06,nan,nan,nan,nan
1394,34.85,1.957982638e-06,1.568076785e-06,nan,nan,nan,nan
1395,34.875,1.964432710e-06,1.573181568e-06,nan,nan,nan,nan
1396,34.9,1.970838542e-06,1.578251036e-06,nan,nan,nan,nan
1397,34.925,1.977199929e-06,1.583285037e-06,nan,nan,nan,nan
1398,34.95,1.983516674e-06,1.588283433e-06,nan,nan,nan,nan
1399,34.975,1.989788598e-06,1.593246099e-06,nan,nan,nan,nan
1400,35,1.996015538e-06,1.598172916e-06,nan,nan,nan,nan
1401,35.025,2.002197341e-06,1.603063765e-06,nan,nan,nan,nan
1402,35.05,2.008333850e-06,1.607918524e-06,nan,nan,nan,nan
1403,35.075,2.014424906e-06,1.612737076e-06,nan,nan,nan,nan
1404,35.1,2.020470362e-06,1.617519322e-06,nan,nan,nan,nan
1405,35.125,2.026470085e-06,1.622265171e-06,nan,nan,nan,nan
1406,35.15,2.032423960e-06,1.626974540e-06,nan,nan,nan,nan
1407,35.175,2.038331873e-06,1.631647344e-06,nan,nan,nan,nan
1408,35.2,2.044193713e-06,1.636283502e-06,nan,nan,nan,nan
1409,35.225,2.050009375e-06,1.640882942e-06,nan,nan,nan,nan
1410,35.25,2.055778767e-06,1.645445602e-06,nan,nan,nan,nan
1411,35.275,2.061501805e-06,1.649971426e-06,nan,nan,nan,nan
1412,35.3,2.067178413e-06,1.654460356e-06,nan,nan,nan,nan
1413,35.325,2.072808516e-06,1.658912339e-06,nan,nan,nan,nan
1414,35.35,2.078392043e-06,1.663327336e-06,nan,nan,nan,nan
1415,35.375,2.083928943e-06,1.667705320e-06,nan,nan,nan,nan
1416,35.4,2.089419175e-06,1.672046269e-06,nan,nan,nan,nan
1417,35.425,2.094862708e-06,1.676350155e-06,nan,nan,nan,nan
1418,35.45,2.100259507e-06,1.680616952e-06,nan,nan,nan,nan
1419,35.475,2.105609533e-06,1.684846640e-06,nan,nan,nan,nan
1420,35.5,2.110912760e-06,1.689039214e-06,nan,nan,nan,nan
1421,35.525,2.116169179e-06,1.693194684e-06,nan,nan,nan,nan
1422,35.55,2.121378800e-06,1.697313063e-06,nan,nan,nan,nan
1423,35.575,2.126541632e-06,1.701394361e-06,nan,nan,nan,nan
1424,35.6,2.131657684e-06,1.705438582e-06,nan,nan,nan,nan
1425,35.625,2.136726964e-06,1.709445742e-06,nan,nan,nan,nan
1426,35.65,2.141749491e-06,1.713415871e-06,nan,nan,nan,nan
1427,35.675,2.146725300e-06,1.717349007e-06,nan,nan,nan,nan
1428,35.7,2.151654434e-06,1.721245190e-06,nan,nan,nan,nan
1429,35.725,2.156536939e-06,1.725104459e-06,nan,nan,nan,nan
1430,35.75,2.161372864e-06,1.728926858e-06,nan,nan,nan,nan
1431,35.775,2.166162263e-06,1.732712444e-06,nan,nan,nan,nan
1432,35.8,2.170905208e-06,1.736461279e-06,nan,nan,nan,nan
1433,35.825,2.175601776e-06,1.740173427e-06,nan,nan,nan,nan
1434,35.85,2.180252039e-06,1.743848945e-06,nan,nan,nan,nan
1435,35.875,2.184856076e-06,1.747487903e-06,nan,nan,nan,nan
1436,35.9,2.189413970e-06,1.751090380e-06,nan,nan,nan,nan
1437,35.925,2.193925821e-06,1.754656469e-06,nan,nan,nan,nan
1438,35.95,2.198391744e-06,1.758186266e-06,nan,nan,nan,nan
1439,35.975,2.202811856e-06,1.761679857e-06,nan,nan,nan,nan
1440,36,2.207186266e-06,1.765137327e-06,nan,nan,nan,nan
1441,36.025,2.211515082e-06,1.768558769e-06,nan,nan,nan,nan
1442,36.05,2.215798424e-06,1.771944294e-06,nan,nan,nan,nan
1443,36.075,2.220036429e-06,1.775294021e-06,nan,nan,nan,nan
1444,36.1,2.224229246e-06,1.778608070e-06,nan,nan,nan,nan
1445,36.125,2.228377021e-06,1.781886557e-06,nan,nan,nan,nan
1446,36.15,2.232479902e-06,1.785129594e-06,nan,nan,nan,nan
1447,36.175,2.236538034e-06,1.788337306e-06,nan,nan,nan,nan
1448,36.2,2.240551575e-06,1.791509828e-06,nan,nan,nan,nan
1449,36.225,2.244520694e-06,1.794647299e-06,nan,nan,nan,nan
1450,36.25,2.248445564e-06,1.797749851e-06,nan,nan,nan,nan
1451,36.275,2.252326356e-06,1.800817627e-06,nan,nan,nan,nan
1452,36.3,2.256163245e-06,1.803850772e-06,nan,nan,nan,nan
1453,36.325,2.259956417e-06,1.806849442e-06,nan,nan,nan,nan
1454,36.35,2.263706072e-06,1.809813796e-06,nan,nan,nan,nan
1455,36.375,2.267412406e-06,1.812743985e-06,nan,nan,nan,nan
1456,36.4,2.271075613e-06,1.815640159e-06,nan,nan,nan,nan
1457,36.425,2.274695884e-06,1.818502477e-06,nan,nan,nan,nan
1458,36.45,2.278273422e-06,1.821331113e-06,nan,nan,nan,nan
1459,36.475,2.281808446e-06,1.824126249e-06,nan,nan,nan,nan
1460,36.5,2.285301185e-06,1.826888066e-06,nan,nan,nan,nan
1461,36.525,2.288751862e-06,1.829616729e-06,nan,nan,nan,nan
1462,36.55,2.292160695e-06,1.832312408e-06,nan,nan,nan,nan
1463,36.575,2.295527899e-06,1.834975282e-06,nan,nan,nan,nan
1464,36.6,2.298853704e-06,1.837605541e-06,nan,nan,nan,nan
1465,36.625,2.302138350e-06,1.840203384e-06,nan,nan,nan,nan
1466,36.65,2.305382085e-06,1.842769002e-06,nan,nan,nan,nan
1467,36.675,2.308585152e-06,1.845302586e-06,nan,nan,nan,nan
1468,36.7,2.311747791e-06,1.847804324e-06,nan,nan,nan,nan
1469,36.725,2.314870250e-06,1.850274419e-06,nan,nan,nan,nan
1470,36.75,2.317952784e-06,1.852713076e-06,nan,nan,nan,nan
1471,36.775,2.320995651e-06,1.855120497e-06,nan,nan,nan,nan
1472,36.8,2.323999108e-06,1.857496881e-06,nan,nan,nan,nan
1473,36.825,2.326963410e-06,1.859842435e-06,nan,nan,nan,nan
1474,36.85,2.329888819e-06,1.862157372e-06,nan,nan,nan,nan
1475,36.875,2.332775610e-06,1.864441916e-06,nan,nan,nan,nan
1476,36.9,2.335624060e-06,1.866696282e-06,nan,nan,nan,nan
1477,36.925,2.338434445e-06,1.868920679e-06,nan,nan,nan,nan
1478,36.95,2.341207031e-06,1.871115311e-06,nan,nan,nan,nan
1479,36.975,2.343942083e-06,1.873280398e-06,nan,nan,nan,nan
1480,37,2.346639882e-06,1.875416169e-06,nan,nan,nan,nan
1481,37.025,2.349300716e-06,1.877522859e-06,nan,nan,nan,nan
1482,37.05,2.351924880e-06,1.879600696e-06,nan,nan,nan,nan
1483,37.075,2.354512663e-06,1.881649895e-06,nan,nan,nan,nan
1484,37.1,2.357064343e-06,1.883670675e-06,nan,nan,nan,nan
1485,37.125,2.359580202e-06,1.885663265e-06,nan,nan,nan,nan
1486,37.15,2.362060533e-06,1.887627901e-06,nan,nan,nan,nan
1487,37.175,2.364505634e-06,1.889564819e-06,nan,nan,nan,nan
1488,37.2,2.366915803e-06,1.891474252e-06,nan,nan,nan,nan
1489,37.225,2.369291336e-06,1.893356428e-06,nan,nan,nan,nan
1490,37.25,2.371632524e-06,1.895211581e-06,nan,nan,nan,nan
1491,37.275,2.373939670e-06,1.897039952e-06,nan,nan,nan,nan
1492,37.3,2.376213078e-06,1.898841779e-06,nan,nan,nan,nan
1493,37.325,2.378453049e-06,1.900617292e-06,nan,nan,nan,nan
1494,37.35,2.380659880e-06,1.902366725e-06,nan,nan,nan,nan
1495,37.375,2.382833869e-06,1.904090314e-06,nan,nan,nan,nan
1496,37.4,2.384975319e-06,1.905788308e-06,nan,nan,nan,nan
1497,37.425,2.387084544e-06,1.907460957e-06,nan,nan,nan,nan
1498,37.45,2.389161859e-06,1.909108501e-06,nan,nan,nan,nan
1499,37.475,2.391207568e-06,1.910731168e-06,nan,nan,nan,nan
1500,37.5,2.393221968e-06,1.912329191e-06,nan,nan,nan,nan
1501,37.525,2.395205359e-06,1.913902809e-06,nan,nan,nan,nan
1502,37.55,2.397158049e-06,1.915452278e-06,nan,nan,nan,nan
1503,37.575,2.399080356e-06,1.916977848e-06,nan,nan,nan,nan
1504,37.6,2.400972594e-06,1.918479758e-06,nan,nan,nan,nan
1505,37.625,2.402835071e-06,1.919958243e-06,nan,nan,nan,nan
1506,37.65,2.404668089e-06,1.921413539e-06,nan,nan,nan,nan
1507,37.675,2.406471951e-06,1.922845890e-06,nan,nan,nan,nan
1508,37.7,2.408246969e-06,1.924255544e-06,nan,nan,nan,nan
1509,37.725,2.409993456e-06,1.925642744e-06,nan,nan,nan,nan
1510,37.75,2.411711718e-06,1.927007727e-06,nan,nan,nan,nan
1511,37.775,2.413402062e-06,1.928350733e-06,nan,nan,nan,nan
1512,37.8,2.415064795e-06,1.929672008e-06,nan,nan,nan,nan
1513,37.825,2.416700226e-06,1.930971797e-06,nan,nan,nan,nan
1514,37.85,2.418308667e-06,1.932250338e-06,nan,nan,nan,nan
1515,37.875,2.419890424e-06,1.933507867e-06,nan,nan,nan,nan
1516,37.9,2.421445794e-06,1.934744612e-06,nan,nan,nan,nan
1517,37.925,2.422975078e-06,1.935960817e-06,nan,nan,nan,nan
1518,37.95,2.424478583e-06,1.937156732e-06,nan,nan,nan,nan
1519,37.975,2.425956622e-06,1.938332600e-06,nan,nan,nan,nan
1520,38,2.427409501e-06,1.939488653e-06,nan,nan,nan,nan
1521,38.025,2.428837519e-06,1.940625120e-06,nan,nan,nan,nan
1522,38.05,2.430240970e-06,1.941742227e-06,nan,nan,nan,nan
1523,38.075,2.431620149e-06,1.942840216e-06,nan,nan,nan,nan
1524,38.1,2.432975357e-06,1.943919326e-06,nan,nan,nan,nan
1525,38.125,2.434306900e-06,1.944979796e-06,nan,nan,nan,nan
1526,38.15,2.435615076e-06,1.946021853e-06,nan,nan,nan,nan
1527,38.175,2.436900177e-06,1.947045724e-06,nan,nan,nan,nan
1528,38.2,2.438162494e-06,1.948051638e-06,nan,nan,nan,nan
1529,38.225,2.439402320e-06,1.949039827e-06,nan,nan,nan,nan
1530,38.25,2.440619949e-06,1.950010520e-06,nan,nan,nan,nan
1531,38.275,2.441815672e-06,1.950963941e-06,nan,nan,nan,nan
1532,38.3,2.442989773e-06,1.951900313e-06,nan,nan,nan,nan
1533,38.325,2.444142538e-06,1.952819862e-06,nan,nan,nan,nan
1534,38.35,2.445274256e-06,1.953722818e-06,nan,nan,nan,nan
1535,38.375,2.446385215e-06,1.954609407e-06,nan,nan,nan,nan
1536,38.4,2.447475699e-06,1.955479843e-06,nan,nan,nan,nan
1537,38.425,2.448545984e-06,1.956334337e-06,nan,nan,nan,nan
1538,38.45,2.449596343e-06,1.957173104e-06,nan,nan,nan,nan
1539,38.475,2.450627052e-06,1.957996369e-06,nan,nan,nan,nan
1540,38.5,2.451638392e-06,1.958804355e-06,nan,nan,nan,nan
1541,38.525,2.452630643e-06,1.959597279e-06,nan,nan,nan,nan
1542,38.55,2.453604077e-06,1.960375346e-06,nan,nan,nan,nan
1543,38.575,2.454558959e-06,1.961138759e-06,nan,nan,nan,nan
1544,38.6,2.455495553e-06,1.961887728e-06,nan,nan,nan,nan
1545,38.625,2.456414123e-06,1.962622465e-06,nan,nan,nan,nan
1546,38.65,2.457314940e-06,1.963343182e-06,nan,nan,nan,nan
1547,38.675,2.458198267e-06,1.964050084e-06,nan,nan,nan,nan
1548,38.7,2.459064365e-06,1.964743369e-06,nan,nan,nan,nan
1549,38.725,2.459913488e-06,1.965423239e-06,nan,nan,nan,nan
1550,38.75,2.460745891e-06,1.966089895e-06,nan,nan,nan,nan
1551,38.775,2.461561832e-06,1.966743539e-06,nan,nan,nan,nan
1552,38.8,2.462361563e-06,1.967384365e-06,nan,nan,nan,nan
1553,38.825,2.463145330e-06,1.968012564e-06,nan,nan,nan,nan
1554,38.85,2.463913381e-06,1.968628329e-06,nan,nan,nan,nan
1555,38.875,2.464665959e-06,1.969231857e-06,nan,nan,nan,nan
1556,38.9,2.465403312e-06,1.969823343e-06,nan,nan,nan,nan
1557,38.925,2.466125685e-06,1.970402976e-06,nan,nan,nan,nan
1558,38.95,2.466833314e-06,1.970970935e-06,nan,nan,nan,nan
1559,38.975,2.467526431e-06,1.971527400e-06,nan,nan,nan,nan
1560,39,2.468205267e-06,1.972072554e-06,nan,nan,nan,nan
1561,39.025,2.468870057e-06,1.972606585e-06,nan,nan,nan,nan
1562,39.05,2.469521035e-06,1.973129681e-06,nan,nan,nan,nan
1563,39.075,2.470158430e-06,1.973642016e-06,nan,nan,nan,nan
1564,39.1,2.470782465e-06,1.974143761e-06,nan,nan,nan,nan
1565,39.125,2.471393360e-06,1.974635085e-06,nan,nan,nan,nan
1566,39.15,2.471991334e-06,1.975116164e-06,nan,nan,nan,nan
1567,39.175,2.472576606e-06,1.975587171e-06,nan,nan,nan,nan
1568,39.2,2.473149394e-06,1.976048278e-06,nan,nan,nan,nan
1569,39.225,2.473709912e-06,1.976499649e-06,nan,nan,nan,nan
1570,39.25,2.474258370e-06,1.976941448e-06,nan,nan,nan,nan
1571,39.275,2.474794975e-06,1.977373841e-06,nan,nan,nan,nan
1572,39.3,2.475319937e-06,1.977796989e-06,nan,nan,nan,nan
1573,39.325,2.475833459e-06,1.978211053e-06,nan,nan,nan,nan
1574,39.35,2.476335742e-06,1.978616186e-06,nan,nan,nan,nan
1575,39.375,2.476826981e-06,1.979012543e-06,nan,nan,nan,nan
1576,39.4,2.477307374e-06,1.979400280e-06,nan,nan,nan,nan
1577,39.425,2.477777120e-06,1.979779554e-06,nan,nan,nan,nan
1578,39.45,2.478236412e-06,1.980150520e-06,nan,nan,nan,nan
1579,39.475,2.478685441e-06,1.980513322e-06,nan,nan,nan,nan
1580,39.5,2.479124389e-06,1.980868101e-06,nan,nan,nan,nan
1581,39.525,2.479553439e-06,1.981215000e-06,nan,nan,nan,nan
1582,39.55,2.479972774e-06,1.981554166e-06,nan,nan,nan,nan
1583,39.575,2.480382579e-06,1.981885746e-06,nan,nan,nan,nan
1584,39.6,2.480783035e-06,1.982209882e-06,nan,nan,nan,nan
1585,39.625,2.481174314e-06,1.982526707e-06,nan,nan,nan,nan
1586,39.65,2.481556589e-06,1.982836354e-06,nan,nan,nan,nan
1587,39.675,2.481930030e-06,1.983138958e-06,nan,nan,nan,nan
1588,39.7,2.482294806e-06,1.983434653e-06,nan,nan,nan,nan
1589,39.725,2.482651085e-06,1.983723571e-06,nan,nan,nan,nan
1590,39.75,2.482999030e-06,1.984005840e-06,nan,nan,nan,nan
1591,39.775,2.483338804e-06,1.984281586e-06,nan,nan,nan,nan
1592,39.8,2.483670564e-06,1.984550934e-06,nan,nan,nan,nan
1593,39.825,2.483994471e-06,1.984814011e-06,nan,nan,nan,nan
1594,39.85,2.484310680e-06,1.985070940e-06,nan,nan,nan,nan
1595,39.875,2.484619343e-06,1.985321838e-06,nan,nan,nan,nan
1596,39.9,2.484920607e-06,1.985566820e-06,nan,nan,nan,nan
1597,39.925,2.485214621e-06,1.985806002e-06,nan,nan,nan,nan
1598,39.95,2.485501532e-06,1.986039504e-06,nan,nan,nan,nan
1599,39.975,2.485781490e-06,1.986267443e-06,nan,nan,nan,nan
1600,40,2.486054634e-06,1.986489929e-06,nan,nan,nan,nan
1601,40.025,2.486321102e-06,1.986707070e-06,nan,nan,nan,nan
1602,40.05,2.486581029e-06,1.986918968e-06,nan,nan,nan,nan
1603,40.075,2.486834550e-06,1.987125734e-06,nan,nan,nan,nan
1604,40.1,2.487081801e-06,1.987327473e-06,nan,nan,nan,nan
1605,40.125,2.487322916e-06,1.987524293e-06,nan,nan,nan,nan
1606,40.15,2.487558021e-06,1.987716292e-06,nan,nan,nan,nan
1607,40.175,2.487787243e-06,1.987903571e-06,nan,nan,nan,nan
1608,40.2,2.488010707e-06,1.988086226e-06,nan,nan,nan,nan
1609,40.225,2.488228536e-06,1.988264357e-06,nan,nan,nan,nan
1610,40.25,2.488440851e-06,1.988438058e-06,nan,nan,nan,nan
1611,40.275,2.488647770e-06,1.988607422e-06,nan,nan,nan,nan
1612,40.3,2.488849409e-06,1.988772542e-06,nan,nan,nan,nan
1613,40.325,2.489045885e-06,1.988933508e-06,nan,nan,nan,nan
1614,40.35,2.489237312e-06,1.989090411e-06,nan,nan,nan,nan
1615,40.375,2.489423803e-06,1.989243342e-06,nan,nan,nan,nan
1616,40.4,2.489605463e-06,1.989392383e-06,nan,nan,nan,nan
1617,40.425,2.489782397e-06,1.989537616e-06,nan,nan,nan,nan
1618,40.45,2.489954709e-06,1.989679126e-06,nan,nan,nan,nan
1619,40.475,2.490122508e-06,1.989816997e-06,nan,nan,nan,nan
1620,40.5,2.490285897e-06,1.989951312e-06,nan,nan,nan,nan
1621,40.525,2.490444979e-06,1.990082149e-06,nan,nan,nan,nan
1622,40.55,2.490599846e-06,1.990209584e-06,nan,nan,nan,nan
1623,40.575,2.490750591e-06,1.990333690e-06,nan,nan,nan,nan
1624,40.6,2.490897309e-06,1.990454544e-06,nan,nan,nan,nan
1625,40.625,2.491040096e-06,1.990572220e-06,nan,nan,nan,nan
1626,40.65,2.491179046e-06,1.990686793e-06,nan,nan,nan,nan
1627,40.675,2.491314247e-06,1.990798334e-06,nan,nan,nan,nan
1628,40.7,2.491445786e-06,1.990906909e-06,nan,nan,nan,nan
1629,40.725,2.491573746e-06,1.991012588e-06,nan,nan,nan,nan
1630,40.75,2.491698215e-06,1.991115438e-06,nan,nan,nan,nan
1631,40.775,2.491819277e-06,1.991215526e-06,nan,nan,nan,nan
1632,40.8,2.491937009e-06,1.991312914e-06,nan,nan,nan,nan
1633,40.825,2.492051489e-06,1.991407665e-06,nan,nan,nan,nan
1634,40.85,2.492162797e-06,1.991499842e-06,nan,nan,nan,nan
1635,40.875,2.492271014e-06,1.991589511e-06,nan,nan,nan,nan
1636,40.9,2.492376217e-06,1.991676728e-06,nan,nan,nan,nan
1637,40.925,2.492478477e-06,1.991761553e-06,nan,nan,nan,nan
1638,40.95,2.492577862e-06,1.991844038e-06,nan,nan,nan,nan
1639,40.975,2.492674438e-06,1.991924241e-06,nan,nan,nan,nan
1640,41,2.492768278e-06,1.992002218e-06,nan,nan,nan,nan
1641,41.025,2.492859455e-06,1.992078028e-06,nan,nan,nan,nan
1642,41.05,2.492948039e-06,1.992156353e-06,nan,nan,nan,nan
1643,41.075,2.493034092e-06,1.992233493e-06,nan,nan,nan,nan
1644,41.1,2.493117672e-06,1.992308490e-06,nan,nan,nan,nan
1645,41.125,2.493198839e-06,1.992381391e-06,nan,nan,nan,nan
1646,41.15,2.493277659e-06,1.992452244e-06,nan,nan,nan,nan
1647,41.175,2.493354193e-06,1.992521095e-06,nan,nan,nan,nan
1648,41.2,2.493428500e-06,1.992588000e-06,nan,nan,nan,nan
1649,41.225,2.493500636e-06,1.992653010e-06,nan,nan,nan,nan
1650,41.25,2.493570655e-06,1.992716171e-06,nan,nan,nan,nan
1651,41.275,2.493638614e-06,1.992777527e-06,nan,nan,nan,nan
1652,41.3,2.493704569e-06,1.992837125e-06,nan,nan,nan,nan
1653,41.325,2.493768570e-06,1.992895011e-06,nan,nan,nan,nan
1654,41.35,2.493830664e-06,1.992951230e-06,nan,nan,nan,nan
1655,41.375,2.493890901e-06,1.993005822e-06,nan,nan,nan,nan
1656,41.4,2.493949334e-06,1.993058822e-06,nan,nan,nan,nan
1657,41.425,2.494006016e-06,1.993110271e-06,nan,nan,nan,nan
1658,41.45,2.494060994e-06,1.993160216e-06,nan,nan,nan,nan
1659,41.475,2.494114308e-06,1.993208702e-06,nan,nan,nan,nan
1660,41.5,2.494165997e-06,1.993255769e-06,nan,nan,nan,nan
1661,41.525,2.494216105e-06,1.993301443e-06,nan,nan,nan,nan
1662,41.55,2.494264681e-06,1.993345754e-06,nan,nan,nan,nan
1663,41.575,2.494311773e-06,1.993388740e-06,nan,nan,nan,nan
1664,41.6,2.494357420e-06,1.993430444e-06,nan,nan,nan,nan
1665,41.625,2.494401657e-06,1.993470906e-06,nan,nan,nan,nan
1666,41.65,2.494445035e-06,1.993510158e-06,nan,nan,nan,nan
1667,41.675,2.494490179e-06,1.993548225e-06,nan,nan,nan,nan
1668,41.7,2.494533925e-06,1.993585136e-06,nan,nan,nan,nan
1669,41.725,2.494576308e-06,1.993620924e-06,nan,nan,nan,nan
1670,41.75,2.494617370e-06,1.993655622e-06,nan,nan,nan,nan
1671,41.775,2.494657150e-06,1.993689262e-06,nan,nan,nan,nan
1672,41.8,2.494695683e-06,1.993721869e-06,nan,nan,nan,nan
1673,41.825,2.494733001e-06,1.993753470e-06,nan,nan,nan,nan
1674,41.85,2.494769139e-06,1.993784099e-06,nan,nan,nan,nan
1675,41.875,2.494804135e-06,1.993813786e-06,nan,nan,nan,nan
1676,41.9,2.494838027e-06,1.993842553e-06,nan,nan,nan,nan
1677,41.925,2.494870842e-06,1.993870419e-06,nan,nan,nan,nan
1678,41.95,2.494902601e-06,1.993897404e-06,nan,nan,nan,nan
1679,41.975,2.494933329e-06,1.993923537e-06,nan,nan,nan,nan
1680,42,2.494963061e-06,1.993948855e-06,nan,nan,nan,nan
1681,42.025,2.494991841e-06,1.993973384e-06,nan,nan,nan,nan
1682,42.05,2.495019699e-06,1.993997140e-06,nan,nan,nan,nan
1683,42.075,2.495046656e-06,1.994020136e-06,nan,nan,nan,nan
1684,42.1,2.495072726e-06,1.994042388e-06,nan,nan,nan,nan
1685,42.125,2.495097931e-06,1.994063923e-06,nan,nan,nan,nan
1686,42.15,2.495122304e-06,1.994084773e-06,nan,nan,nan,nan
1687,42.175,2.495145879e-06,1.994104957e-06,nan,nan,nan,nan
1688,42.2,2.495168679e-06,1.994124492e-06,nan,nan,nan,nan
1689,42.225,2.495190725e-06,1.994143390e-06,nan,nan,nan,nan
1690,42.25,2.495212033e-06,1.994161672e-06,nan,nan,nan,nan
1691,42.275,2.495232629e-06,1.994179359e-06,nan,nan,nan,nan
1692,42.3,2.495252535e-06,1.994196468e-06,nan,nan,nan,nan
1693,42.325,2.495271774e-06,1.994213013e-06,nan,nan,nan,nan
1694,42.35,2.495290359e-06,1.994229008e-06,nan,nan,nan,nan
1695,42.375,2.495308308e-06,1.994244473e-06,nan,nan,nan,nan
1696,42.4,2.495325647e-06,1.994259434e-06,nan,nan,nan,nan
1697,42.425,2.495342404e-06,1.994273905e-06,nan,nan,nan,nan
1698,42.45,2.495358598e-06,1.994287894e-06,nan,nan,nan,nan
1699,42.475,2.495374236e-06,1.994301405e-06,nan,nan,nan,nan
1700,42.5,2.495389324e-06,1.994314452e-06,nan,nan,nan,nan
1701,42.525,2.495403881e-06,1.994327060e-06,nan,nan,nan,nan
1702,42.55,2.495417933e-06,1.994339251e-06,nan,nan,nan,nan
1703,42.575,2.495431508e-06,1.994351040e-06,nan,nan,nan,nan
1704,42.6,2.495444619e-06,1.994362428e-06,nan,nan,nan,nan
1705,42.625,2.495457273e-06,1.994373419e-06,nan,nan,nan,nan
1706,42.65,2.495469473e-06,1.994384027e-06,nan,nan,nan,nan
1707,42.675,2.495481236e-06,1.994394271e-06,nan,nan,nan,nan
1708,42.7,2.495492585e-06,1.994404168e-06,nan,nan,nan,nan
1709,42.725,2.495503536e-06,1.994413727e-06,nan,nan,nan,nan
1710,42.75,2.495514099e-06,1.994422952e-06,nan,nan,nan,nan
1711,42.775,2.495524284e-06,1.994431856e-06,nan,nan,nan,nan
1712,42.8,2.495534105e-06,1.994440451e-06,nan,nan,nan,nan
1713,42.825,2.495543575e-06,1.994448749e-06,nan,nan,nan,nan
1714,42.85,2.495552710e-06,1.994456754e-06,nan,nan,nan,nan
1715,42.875,2.495561510e-06,1.994464470e-06,nan,nan,nan,nan
1716,42.9,2.495569982e-06,1.994471909e-06,nan,nan,nan,nan
1717,42.925,2.495578141e-06,1.994479089e-06,nan,nan,nan,nan
1718,42.95,2.495586008e-06,1.994486025e-06,nan,nan,nan,nan
1719,42.975,2.495593600e-06,1.994492721e-06,nan,nan,nan,nan
1720,43,2.495600919e-06,1.994499171e-06,nan,nan,nan,nan
1721,43.025,2.495607962e-06,1.994505378e-06,nan,nan,nan,nan
1722,43.05,2.495614731e-06,1.994511355e-06,nan,nan,nan,nan
1723,43.075,2.495621243e-06,1.994517122e-06,nan,nan,nan,nan
1724,43.1,2.495627519e-06,1.994522693e-06,nan,nan,nan,nan
1725,43.125,2.495633573e-06,1.994528067e-06,nan,nan,nan,nan
1726,43.15,2.495639404e-06,1.994533239e-06,nan,nan,nan,nan
1727,43.175,2.495645012e-06,1.994538215e-06,nan,nan,nan,nan
1728,43.2,2.495650399e-06,1.994543006e-06,nan,nan,nan,nan
1729,43.225,2.495655583e-06,1.994547624e-06,nan,nan,nan,nan
1730,43.25,2.495660573e-06,1.994552076e-06,nan,nan,nan,nan
1731,43.275,2.495665376e-06,1.994556362e-06,nan,nan,nan,nan
1732,43.3,2.495669993e-06,1.994560487e-06,nan,nan,nan,nan
1733,43.325,2.495674430e-06,1.994564460e-06,nan,nan,nan,nan
1734,43.35,2.495678701e-06,1.994568292e-06,nan,nan,nan,nan
1735,43.375,2.495682816e-06,1.994571982e-06,nan,nan,nan,nan
1736,43.4,2.495686771e-06,1.994575525e-06,nan,nan,nan,nan
1737,43.425,2.495690566e-06,1.994578925e-06,nan,nan,nan,nan
1738,43.45,2.495694201e-06,1.994582197e-06,nan,nan,nan,nan
1739,43.475,2.495697694e-06,1.994585355e-06,nan,nan,nan,nan
1740,43.5,2.495701062e-06,1.994588405e-06,nan,nan,nan,nan
1741,43.525,2.495704310e-06,1.994591339e-06,nan,nan,nan,nan
1742,43.55,2.495707430e-06,1.994594150e-06,nan,nan,nan,nan
1743,43.575,2.495710415e-06,1.994596841e-06,nan,nan,nan,nan
1744,43.6,2.495713271e-06,1.994599429e-06,nan,nan,nan,nan
1745,43.625,2.495716013e-06,1.994601926e-06,nan,nan,nan,nan
1746,43.65,2.495718655e-06,1.994604336e-06,nan,nan,nan,nan
1747,43.675,2.495721198e-06,1.994606652e-06,nan,nan,nan,nan
1748,43.7,2.495723639e-06,1.994608872e-06,nan,nan,nan,nan
1749,43.725,2.495725977e-06,1.994611002e-06,nan,nan,nan,nan
1750,43.75,2.495728218e-06,1.994613050e-06,nan,nan,nan,nan
1751,43.775,2.495730370e-06,1.994615019e-06,nan,nan,nan,nan
1752,43.8,2.495732435e-06,1.994616909e-06,nan,nan,nan,nan
1753,43.825,2.495734413e-06,1.994618720e-06,nan,nan,nan,nan
1754,43.85,2.495736306e-06,1.994620462e-06,nan,nan,nan,nan
1755,43.875,2.495738122e-06,1.994622141e-06,nan,nan,nan,nan
1756,43.9,2.495739873e-06,1.994623761e-06,nan,nan,nan,nan
1757,43.925,2.495741558e-06,1.994625310e-06,nan,nan,nan,nan
1758,43.95,2.495743168e-06,1.994626786e-06,nan,nan,nan,nan
1759,43.975,2.495744699e-06,1.994628195e-06,nan,nan,nan,nan
1760,44,2.495746159e-06,1.994629553e-06,nan,nan,nan,nan
1761,44.025,2.495747563e-06,1.994630869e-06,nan,nan,nan,nan
1762,44.05,2.495748922e-06,1.994632140e-06,nan,nan,nan,nan
1763,44.075,2.495750231e-06,1.994633354e-06,nan,nan,nan,nan
1764,44.1,2.495751478e-06,1.994634505e-06,nan,nan,nan,nan
1765,44.125,2.495752662e-06,1.994635604e-06,nan,nan,nan,nan
1766,44.15,2.495753790e-06,1.994636663e-06,nan,nan,nan,nan
1767,44.175,2.495754874e-06,1.994637685e-06,nan,nan,nan,nan
1768,44.2,2.495755919e-06,1.994638669e-06,nan,nan,nan,nan
1769,44.225,2.495756920e-06,1.994639608e-06,nan,nan,nan,nan
1770,44.25,2.495757876e-06,1.994640505e-06,nan,nan,nan,nan
1771,44.275,2.495758788e-06,1.994641366e-06,nan,nan,nan,nan
1772,44.3,2.495759663e-06,1.994642193e-06,nan,nan,nan,nan
1773,44.325,2.495760502e-06,1.994642983e-06,nan,nan,nan,nan
1774,44.35,2.495761301e-06,1.994643734e-06,nan,nan,nan,nan
1775,44.375,2.495762058e-06,1.994644452e-06,nan,nan,nan,nan
1776,44.4,2.495762781e-06,1.994645147e-06,nan,nan,nan,nan
1777,44.425,2.495763480e-06,1.994645823e-06,nan,nan,nan,nan
1778,44.45,2.495764158e-06,1.994646469e-06,nan,nan,nan,nan
1779,44.475,2.495764805e-06,1.994647077e-06,nan,nan,nan,nan
1780,44.5,2.495765414e-06,1.994647649e-06,nan,nan,nan,nan
1781,44.525,2.495765985e-06,1.994648195e-06,nan,nan,nan,nan
1782,44.55,2.495766530e-06,1.994648730e-06,nan,nan,nan,nan
1783,44.575,2.495767061e-06,1.994649252e-06,nan,nan,nan,nan
1784,44.6,2.495767577e-06,1.994649750e-06,nan,nan,nan,nan
1785,44.625,2.495768070e-06,1.994650218e-06,nan,nan,nan,nan
1786,44.65,2.495768532e-06,1.994650658e-06,nan,nan,nan,nan
1787,44.675,2.495768967e-06,1.994651080e-06,nan,nan,nan,nan
1788,44.7,2.495769383e-06,1.994651507e-06,nan,nan,nan,nan
1789,44.725,2.495769785e-06,1.994652234e-06,nan,nan,nan,nan
1790,44.75,2.495770169e-06,1.994652923e-06,nan,nan,nan,nan
1791,44.775,2.495770533e-06,1.994653588e-06,nan,nan,nan,nan
1792,44.8,2.495770880e-06,1.994654237e-06,nan,nan,nan,nan
1793,44.825,2.495771214e-06,1.994654865e-06,nan,nan,nan,nan
1794,44.85,2.495771538e-06,1.994655461e-06,nan,nan,nan,nan
1795,44.875,2.495771842e-06,1.994656021e-06,nan,nan,nan,nan
1796,44.9,2.495772123e-06,1.994656551e-06,nan,nan,nan,nan
1797,44.925,2.495772386e-06,1.994657063e-06,nan,nan,nan,nan
1798,44.95,2.495772643e-06,1.994657559e-06,nan,nan,nan,nan
1799,44.975,2.495772899e-06,1.994658033e-06,nan,nan,nan,nan
1800,45,2.495773148e-06,1.994658485e-06,nan,nan,nan,nan
1801,45.025,2.495773379e-06,1.994658915e-06,nan,nan,nan,nan
1802,45.05,2.495773586e-06,1.994659330e-06,nan,nan,nan,nan
1803,45.075,2.495773778e-06,1.994659727e-06,nan,nan,nan,nan
1804,45.1,2.495773967e-06,1.994660102e-06,nan,nan,nan,nan
1805,45.125,2.495774157e-06,1.994660453e-06,nan,nan,nan,nan
1806,45.15,2.495774343e-06,1.994660788e-06,nan,nan,nan,nan
1807,45.175,2.495774513e-06,1.994661117e-06,nan,nan,nan,nan
1808,45.2,2.495774668e-06,1.994661441e-06,nan,nan,nan,nan
1809,45.225,2.495774815e-06,1.994662223e-06,nan,nan,nan,nan
1810,45.25,2.495774958e-06,1.994663032e-06,nan,nan,nan,nan
1811,45.275,2.495775096e-06,1.994663804e-06,nan,nan,nan,nan
1812,45.3,2.495775224e-06,1.994664545e-06,nan,nan,nan,nan
1813,45.325,2.495775343e-06,1.994665256e-06,nan,nan,nan,nan
1814,45.35,2.495775461e-06,1.994665935e-06,nan,nan,nan,nan
1815,45.375,2.495775578e-06,1.994666584e-06,nan,nan,nan,nan
1816,45.4,2.495775691e-06,1.994667203e-06,nan,nan,nan,nan
1817,45.425,2.495775791e-06,1.994667796e-06,nan,nan,nan,nan
1818,45.45,2.495775875e-06,1.994668364e-06,nan,nan,nan,nan
1819,45.475,2.495775955e-06,1.994668906e-06,nan,nan,nan,nan
1820,45.5,2.495776040e-06,1.994669422e-06,nan,nan,nan,nan
1821,45.525,2.495776132e-06,1.994669915e-06,nan,nan,nan,nan
1822,45.55,2.495776221e-06,1.994670388e-06,nan,nan,nan,nan
1823,45.575,2.495776294e-06,1.994670841e-06,nan,nan,nan,nan
1824,45.6,2.495776353e-06,1.994671273e-06,nan,nan,nan,nan
1825,45.625,2.495776410e-06,1.994671683e-06,nan,nan,nan,nan
1826,45.65,2.495776471e-06,1.994672072e-06,nan,nan,nan,nan
1827,45.675,2.495776535e-06,1.994672446e-06,nan,nan,nan,nan
1828,45.7,2.495776596e-06,1.994672805e-06,nan,nan,nan,nan
1829,45.725,2.495776649e-06,1.994673148e-06,nan,nan,nan,nan
1830,45.75,2.495776697e-06,1.994673475e-06,nan,nan,nan,nan
1831,45.775,2.495776743e-06,1.994673784e-06,nan,nan,nan,nan
1832,45.8,2.495776788e-06,1.994674078e-06,nan,nan,nan,nan
1833,45.825,2.495776828e-06,1.994674359e-06,nan,nan,nan,nan
1834,45.85,2.495776865e-06,1.994674629e-06,nan,nan,nan,nan
1835,45.875,2.495776900e-06,1.994674886e-06,nan,nan,nan,nan
1836,45.9,2.495776939e-06,1.994675131e-06,nan,nan,nan,nan
1837,45.925,2.495776980e-06,1.994675363e-06,nan,nan,nan,nan
1838,45.95,2.495777015e-06,1.994675584e-06,nan,nan,nan,nan
1839,45.975,2.495777040e-06,1.994675796e-06,nan,nan,nan,nan
1840,46,2.495777059e-06,1.994675998e-06,nan,nan,nan,nan
1841,46.025,2.495777080e-06,1.994676189e-06,nan,nan,nan,nan
1842,46.05,2.495777110e-06,1.994676370e-06,nan,nan,nan,nan
1843,46.075,2.495777170e-06,1.994676542e-06,nan,nan,nan,nan
1844,46.1,2.495777241e-06,1.994676709e-06,nan,nan,nan,nan
1845,46.125,2.495777312e-06,1.994676867e-06,nan,nan,nan,nan
1846,46.15,2.495777381e-06,1.994677017e-06,nan,nan,nan,nan
1847,46.175,2.495777442e-06,1.994677157e-06,nan,nan,nan,nan
1848,46.2,2.495777500e-06,1.994677291e-06,nan,nan,nan,nan
1849,46.225,2.495777557e-06,1.994677419e-06,nan,nan,nan,nan
1850,46.25,2.495777613e-06,1.994677542e-06,nan,nan,nan,nan
1851,46.275,2.495777665e-06,1.994677659e-06,nan,nan,nan,nan
1852,46.3,2.495777708e-06,1.994677770e-06,nan,nan,nan,nan
1853,46.325,2.495777745e-06,1.994677874e-06,nan,nan,nan,nan
1854,46.35,2.495777783e-06,1.994677972e-06,nan,nan,nan,nan
1855,46.375,2.495777826e-06,1.994678066e-06,nan,nan,nan,nan
1856,46.4,2.495777873e-06,1.994678156e-06,nan,nan,nan,nan
1857,46.425,2.495777913e-06,1.994678241e-06,nan,nan,nan,nan
1858,46.45,2.495777941e-06,1.994678322e-06,nan,nan,nan,nan
1859,46.475,2.495777962e-06,1.994678399e-06,nan,nan,nan,nan
1860,46.5,2.495777986e-06,1.994678471e-06,nan,nan,nan,nan
1861,46.525,2.495778016e-06,1.994678540e-06,nan,nan,nan,nan
1862,46.55,2.495778049e-06,1.994678604e-06,nan,nan,nan,nan
1863,46.575,2.495778077e-06,1.994678665e-06,nan,nan,nan,nan
1864,46.6,2.495778097e-06,1.994678724e-06,nan,nan,nan,nan
1865,46.625,2.495778115e-06,1.994678781e-06,nan,nan,nan,nan
1866,46.65,2.495778134e-06,1.994678834e-06,nan,nan,nan,nan
1867,46.675,2.495778153e-06,1.994678883e-06,nan,nan,nan,nan
1868,46.7,2.495778170e-06,1.994678928e-06,nan,nan,nan,nan
1869,46.725,2.495778184e-06,1.994678972e-06,nan,nan,nan,nan
1870,46.75,2.495778200e-06,1.994679016e-06,nan,nan,nan,nan
1871,46.775,2.495778218e-06,1.994679057e-06,nan,nan,nan,nan
1872,46.8,2.495778236e-06,1.994679095e-06,nan,nan,nan,nan
1873,46.825,2.495778247e-06,1.994679129e-06,nan,nan,nan,nan
1874,46.85,2.495778252e-06,1.994679162e-06,nan,nan,nan,nan
1875,46.875,2.495778255e-06,1.994679194e-06,nan,nan,nan,nan
1876,46.9,2.495778266e-06,1.994679224e-06,nan,nan,nan,nan
1877,46.925,2.495778283e-06,1.994679253e-06,nan,nan,nan,nan
1878,46.95,2.495778300e-06,1.994679279e-06,nan,nan,nan,nan
1879,46.975,2.495778309e-06,1.994679303e-06,nan,nan,nan,nan
1880,47,2.495778309e-06,1.994679330e-06,nan,nan,nan,nan
1881,47.025,2.495778310e-06,1.994679353e-06,nan,nan,nan,nan
1882,47.05,2.495778314e-06,1.994679375e-06,nan,nan,nan,nan
1883,47.075,2.495778324e-06,1.994679393e-06,nan,nan,nan,nan
1884,47.1,2.495778335e-06,1.994679408e-06,nan,nan,nan,nan
1885,47.125,2.495778341e-06,1.994679425e-06,nan,nan,nan,nan
1886,47.15,2.495778344e-06,1.994679444e-06,nan,nan,nan,nan
1887,47.175,2.495778348e-06,1.994679463e-06,nan,nan,nan,nan
1888,47.2,2.495778351e-06,1.994679478e-06,nan,nan,nan,nan
1889,47.225,2.495778353e-06,1.994679490e-06,nan,nan,nan,nan
1890,47.25,2.495778353e-06,1.994679501e-06,nan,nan,nan,nan
1891,47.275,2.495778356e-06,1.994679512e-06,nan,nan,nan,nan
1892,47.3,2.495778363e-06,1.994679525e-06,nan,nan,nan,nan
1893,47.325,2.495778372e-06,1.994679538e-06,nan,nan,nan,nan
1894,47.35,2.495778376e-06,1.994679548e-06,nan,nan,nan,nan
1895,47.375,2.495778372e-06,1.994679556e-06,nan,nan,nan,nan
1896,47.4,2.495778366e-06,1.994679565e-06,nan,nan,nan,nan
1897,47.425,2.495778365e-06,1.994679573e-06,nan,nan,nan,nan
1898,47.45,2.495778372e-06,1.994679582e-06,nan,nan,nan,nan
1899,47.475,2.495778381e-06,1.994679589e-06,nan,nan,nan,nan
1900,47.5,2.495778385e-06,1.994679594e-06,nan,nan,nan,nan
1901,47.525,2.495778382e-06,1.994679600e-06,nan,nan,nan,nan
1902,47.55,2.495778377e-06,1.994679608e-06,nan,nan,nan,nan
1903,47.575,2.495778376e-06,1.994679615e-06,nan,nan,nan,nan
1904,47.6,2.495778378e-06,1.994679621e-06,nan,nan,nan,nan
1905,47.625,2.495778381e-06,1.994679624e-06,nan,nan,nan,nan
1906,47.65,2.495778382e-06,1.994679626e-06,nan,nan,nan,nan
1907,47.675,2.495778384e-06,1.994679630e-06,nan,nan,nan,nan
1908,47.7,2.495778387e-06,1.994679635e-06,nan,nan,nan,nan
1909,47.725,2.495778389e-06,1.994679641e-06,nan,nan,nan,nan
1910,47.75,2.495778386e-06,1.994679645e-06,nan,nan,nan,nan
1911,47.775,2.495778379e-06,1.994679647e-06,nan,nan,nan,nan
1912,47.8,2.495778376e-06,1.994679648e-06,nan,nan,nan,nan
1913,47.825,2.495778381e-06,1.994679650e-06,nan,nan,nan,nan
1914,47.85,2.495778391e-06,1.994679653e-06,nan,nan,nan,nan
1915,47.875,2.495778396e-06,1.994679657e-06,nan,nan,nan,nan
1916,47.9,2.495778391e-06,1.994679660e-06,nan,nan,nan,nan
1917,47.925,2.495778379e-06,1.994679661e-06,nan,nan,nan,nan
1918,47.95,2.495778373e-06,1.994679663e-06,nan,nan,nan,nan
1919,47.975,2.495778377e-06,1.994679664e-06,nan,nan,nan,nan
1920,48,2.495778386e-06,1.994679665e-06,nan,nan,nan,nan
1921,48.025,2.495778391e-06,1.994679667e-06,nan,nan,nan,nan
1922,48.05,2.495778388e-06,1.994679669e-06,nan,nan,nan,nan
1923,48.075,2.495778382e-06,1.994679670e-06,nan,nan,nan,nan
1924,48.1,2.495778379e-06,1.994679672e-06,nan,nan,nan,nan
1925,48.125,2.495778380e-06,1.994679674e-06,nan,nan,nan,nan
1926,48.15,2.495778380e-06,1.994679674e-06,nan,nan,nan,nan
1927,48.175,2.495778379e-06,1.994679674e-06,nan,nan,nan,nan
1928,48.2,2.495778378e-06,1.994679675e-06,nan,nan,nan,nan
1929,48.225,2.495778383e-06,1.994679674e-06,nan,nan,nan,nan
1930,48.25,2.495778388e-06,1.994679675e-06,nan,nan,nan,nan
1931,48.275,2.495778388e-06,1.994679676e-06,nan,nan,nan,nan
1932,48.3,2.495778380e-06,1.994679677e-06,nan,nan,nan,nan
1933,48.325,2.495778370e-06,1.994679677e-06,nan,nan,nan,nan
1934,48.35,2.495778368e-06,1.994679677e-06,nan,nan,nan,nan
1935,48.375,2.495778378e-06,1.994679677e-06,nan,nan,nan,nan
1936,48.4,2.495778389e-06,1.994679676e-06,nan,nan,nan,nan
1937,48.425,2.495778390e-06,1.994679678e-06,nan,nan,nan,nan
1938,48.45,2.495778380e-06,1.994679679e-06,nan,nan,nan,nan
1939,48.475,2.495778369e-06,1.994679681e-06,nan,nan,nan,nan
1940,48.5,2.495778368e-06,1.994679680e-06,nan,nan,nan,nan
1941,48.525,2.495778375e-06,1.994679678e-06,nan,nan,nan,nan
1942,48.55,2.495778383e-06,1.994679677e-06,nan,nan,nan,nan
1943,48.575,2.495778382e-06,1.994679678e-06,nan,nan,nan,nan
1944,48.6,2.495778378e-06,1.994679681e-06,nan,nan,nan,nan
1945,48.625,2.495778374e-06,1.994679683e-06,nan,nan,nan,nan
1946,48.65,2.495778376e-06,1.994679681e-06,nan,nan,nan,nan
1947,48.675,2.495778377e-06,1.994679678e-06,nan,nan,nan,nan
1948,48.7,2.495778374e-06,1.994679676e-06,nan,nan,nan,nan
1949,48.725,2.495778369e-06,1.994679677e-06,nan,nan,nan,nan
1950,48.75,2.495778371e-06,1.994679679e-06,nan,nan,nan,nan
1951,48.775,2.495778379e-06,1.994679680e-06,nan,nan,nan,nan
1952,48.8,2.495778384e-06,1.994679680e-06,nan,nan,nan,nan
1953,48.825,2.495778380e-06,1.994679680e-06,nan,nan,nan,nan
1954,48.85,2.495778369e-06,1.994679680e-06,nan,nan,nan,nan
1955,48.875,2.495778362e-06,1.994679680e-06,nan,nan,nan,nan
1956,48.9,2.495778367e-06,1.994679679e-06,nan,nan,nan,nan
1957,48.925,2.495778379e-06,1.994679677e-06,nan,nan,nan,nan
1958,48.95,2.495778386e-06,1.994679676e-06,nan,nan,nan,nan
1959,48.975,2.495778381e-06,1.994679678e-06,nan,nan,nan,nan
1960,49,2.495778369e-06,1.994679681e-06,nan,nan,nan,nan
1961,49.025,2.495778363e-06,1.994679682e-06,nan,nan,nan,nan
1962,49.05,2.495778367e-06,1.994679680e-06,nan,nan,nan,nan
1963,49.075,2.495778374e-06,1.994679676e-06,nan,nan,nan,nan
1964,49.1,2.495778377e-06,1.994679675e-06,nan,nan,nan,nan
1965,49.125,2.495778374e-06,1.994679677e-06,nan,nan,nan,nan
1966,49.15,2.495778371e-06,1.994679680e-06,nan,nan,nan,nan
1967,49.175,2.495778371e-06,1.994679681e-06,nan,nan,nan,nan
1968,49.2,2.495778372e-06,1.994679679e-06,nan,nan,nan,nan
1969,49.225,2.495778370e-06,1.994679677e-06,nan,nan,nan,nan
1970,49.25,2.495778365e-06,1.994679676e-06,nan,nan,nan,nan
1971,49.275,2.495778365e-06,1.994679678e-06,nan,nan,nan,nan
1972,49.3,2.495778371e-06,1.994679679e-06,nan,nan,nan,nan
1973,49.325,2.495778379e-06,1.994679678e-06,nan,nan,nan,nan
1974,49.35,2.495778379e-06,1.994679676e-06,nan,nan,nan,nan
1975,49.375,2.495778370e-06,1.994679676e-06,nan,nan,nan,nan
1976,49.4,2.495778360e-06,1.994679678e-06,nan,nan,nan,nan
1977,49.425,2.495778360e-06,1.994679678e-06,nan,nan,nan,nan
1978,49.45,2.495778369e-06,1.994679677e-06,nan,nan,nan,nan
1979,49.475,2.495778378e-06,1.994679674e-06,nan,nan,nan,nan
1980,49.5,2.495778378e-06,1.994679674e-06,nan,nan,nan,nan
1981,49.525,2.495778370e-06,1.994679676e-06,nan,nan,nan,nan
1982,49.55,2.495778363e-06,1.994679679e-06,nan,nan,nan,nan
1983,49.575,2.495778363e-06,1.994679679e-06,nan,nan,nan,nan
1984,49.6,2.495778367e-06,1.994679676e-06,nan,nan,nan,nan
1985,49.625,2.495778371e-06,1.994679673e-06,nan,nan,nan,nan
1986,49.65,2.495778372e-06,1.994679673e-06,nan,nan,nan,nan
1987,49.675,2.495778371e-06,1.994679676e-06,nan,nan,nan,nan
1988,49.7,2.495778371e-06,1.994679678e-06,nan,nan,nan,nan
1989,49.725,2.495778372e-06,1.994679678e-06,nan,nan,nan,nan
1990,49.75,2.495778368e-06,1.994679675e-06,nan,nan,nan,nan
1991,49.775,2.495778363e-06,1.994679673e-06,nan,nan,nan,nan
1992,49.8,2.495778362e-06,1.994679675e-06,nan,nan,nan,nan
1993,49.825,2.495778369e-06,1.994679676e-06,nan,nan,nan,nan
1994,49.85,2.495778377e-06,1.994679676e-06,nan,nan,nan,nan
1995,49.875,2.495778378e-06,1.994679675e-06,nan,nan,nan,nan
1996,49.9,2.495778371e-06,1.994679674e-06,nan,nan,nan,nan
1997,49.925,2.495778360e-06,1.994679675e-06,nan,nan,nan,nan
1998,49.95,2.495778357e-06,1.994679676e-06,nan,nan,nan,nan
1999,49.975,2.495778364e-06,1.994679676e-06,nan,nan,nan,nan
2000,50,2.495778374e-06,1.994679674e-06,nan,nan,nan,nan
2001,50.025,2.495778377e-06,1.994679673e-06,nan,nan,nan,nan
2002,50.05,2.495778373e-06,1.994679675e-06,nan,nan,nan,nan
2003,50.075,2.495778366e-06,1.994679678e-06,nan,nan,nan,nan
2004,50.1,2.495778363e-06,1.994679678e-06,nan,nan,nan,nan
2005,50.125,2.495778364e-06,1.994679675e-06,nan,nan,nan,nan
2006,50.15,2.495778366e-06,1.994679672e-06,nan,nan,nan,nan
2007,50.175,2.495778367e-06,1.994679672e-06,nan,nan,nan,nan
2008,50.2,2.495778370e-06,1.994679675e-06,nan,nan,nan,nan
2009,50.225,2.495778374e-06,1.994679678e-06,nan,nan,nan,nan
2010,50.25,2.495778375e-06,1.994679678e-06,nan,nan,nan,nan
2011,50.275,2.495778369e-06,1.994679674e-06,nan,nan,nan,nan
2012,50.3,2.495778360e-06,1.994679672e-06,nan,nan,nan,nan
2013,50.325,2.495778356e-06,1.994679672e-06,nan,nan,nan,nan
2014,50.35,2.495778362e-06,1.994679674e-06,nan,nan,nan,nan
2015,50.375,2.495778374e-06,1.994679676e-06,nan,nan,nan,nan
2016,50.4,2.495778380e-06,1.994679676e-06,nan,nan,nan,nan
2017,50.425,2.495778375e-06,1.994679674e-06,nan,nan,nan,nan
2018,50.45,2.495778363e-06,1.994679674e-06,nan,nan,nan,nan
2019,50.475,2.495778357e-06,1.994679675e-06,nan,nan,nan,nan
2020,50.5,2.495778361e-06,1.994679675e-06,nan,nan,nan,nan
2021,50.525,2.495778369e-06,1.994679674e-06,nan,nan,nan,nan
2022,50.55,2.495778374e-06,1.994679672e-06,nan,nan,nan,nan
2023,50.575,2.495778373e-06,1.994679673e-06,nan,nan,nan,nan
2024,50.6,2.495778369e-06,1.994679676e-06,nan,nan,nan,nan
2025,50.625,2.495778367e-06,1.994679677e-06,nan,nan,nan,nan
2026,50.65,2.495778366e-06,1.994679676e-06,nan,nan,nan,nan
2027,50.675,2.495778364e-06,1.994679672e-06,nan,nan,nan,nan
2028,50.7,2.495778361e-06,1.994679671e-06,nan,nan,nan,nan
2029,50.725,2.495778364e-06,1.994679672e-06,nan,nan,nan,nan
2030,50.75,2.495778371e-06,1.994679675e-06,nan,nan,nan,nan
2031,50.775,2.495778378e-06,1.994679677e-06,nan,nan,nan,nan
2032,50.8,2.495778375e-06,1.994679677e-06,nan,nan,nan,nan
2033,50.825,2.495778365e-06,1.994679675e-06,nan,nan,nan,nan
2034,50.85,2.495778356e-06,1.994679673e-06,nan,nan,nan,nan
2035,50.875,2.495778358e-06,1.994679673e-06,nan,nan,nan,nan
2036,50.9,2.495778369e-06,1.994679673e-06,nan,nan,nan,nan
2037,50.925,2.495778379e-06,1.994679674e-06,nan,nan,nan,nan
2038,50.95,2.495778378e-06,1.994679675e-06,nan,nan,nan,nan
2039,50.975,2.495778368e-06,1.994679676e-06,nan,nan,nan,nan
2040,51,2.495778360e-06,1.994679675e-06,nan,nan,nan,nan
2041,51.025,2.495778361e-06,1.994679674e-06,nan,nan,nan,nan
2042,51.05,2.495778366e-06,1.994679672e-06,nan,nan,nan,nan
2043,51.075,2.495778370e-06,1.994679671e-06,nan,nan,nan,nan
2044,51.1,2.495778369e-06,1.994679673e-06,nan,nan,nan,nan
2045,51.125,2.495778368e-06,1.994679676e-06,nan,nan,nan,nan
2046,51.15,2.495778369e-06,1.994679677e-06,nan,nan,nan,nan
2047,51.175,2.495778370e-06,1.994679676e-06,nan,nan,nan,nan
2048,51.2,2.495778368e-06,1.994679674e-06,nan,nan,nan,nan
2049,51.225,2.495778360e-06,1.994679672e-06,nan,nan,nan,nan
2050,51.25,2.495778359e-06,1.994679672e-06,nan,nan,nan,nan
2051,51.275,2.495778367e-06,1.994679673e-06,nan,nan,nan,nan
2052,51.3,2.495778377e-06,1.994679674e-06,nan,nan,nan,nan
2053,51.325,2.495778380e-06,1.994679676e-06,nan,nan,nan,nan
2054,51.35,2.495778370e-06,1.994679676e-06,nan,nan,nan,nan
2055,51.375,2.495778357e-06,1.994679675e-06,nan,nan,nan,nan
2056,51.4,2.495778355e-06,1.994679673e-06,nan,nan,nan,nan
2057,51.425,2.495778365e-06,1.994679671e-06,nan,nan,nan,nan
2058,51.45,2.495778377e-06,1.994679671e-06,nan,nan,nan,nan
2059,51.475,2.495778378e-06,1.994679674e-06,nan,nan,nan,nan
2060,51.5,2.495778369e-06,1.994679677e-06,nan,nan,nan,nan
2061,51.525,2.495778361e-06,1.994679678e-06,nan,nan,nan,nan
2062,51.55,2.495778361e-06,1.994679674e-06,nan,nan,nan,nan
2063,51.575,2.495778366e-06,1.994679670e-06,nan,nan,nan,nan
2064,51.6,2.495778371e-06,1.994679669e-06,nan,nan,nan,nan
2065,51.625,2.495778369e-06,1.994679673e-06,nan,nan,nan,nan
2066,51.65,2.495778366e-06,1.994679677e-06,nan,nan,nan,nan
2067,51.675,2.495778368e-06,1.994679677e-06,nan,nan,nan,nan
2068,51.7,2.495778372e-06,1.994679674e-06,nan,nan,nan,nan
2069,51.725,2.495778371e-06,1.994679672e-06,nan,nan,nan,nan
2070,51.75,2.495778363e-06,1.994679672e-06,nan,nan,nan,nan
2071,51.775,2.495778357e-06,1.994679674e-06,nan,nan,nan,nan
2072,51.8,2.495778361e-06,1.994679675e-06,nan,nan,nan,nan
2073,51.825,2.495778374e-06,1.994679673e-06,nan,nan,nan,nan
2074,51.85,2.495778383e-06,1.994679672e-06,nan,nan,nan,nan
2075,51.875,2.495778376e-06,1.994679673e-06,nan,nan,nan,nan
2076,51.9,2.495778359e-06,1.994679677e-06,nan,nan,nan,nan
2077,51.925,2.495778351e-06,1.994679677e-06,nan,nan,nan,nan
2078,51.95,2.495778359e-06,1.994679673e-06,nan,nan,nan,nan
2079,51.975,2.495778375e-06,1.994679669e-06,nan,nan,nan,nan
2080,52,2.495778381e-06,1.994679669e-06,nan,nan,nan,nan
2081,52.025,2.495778375e-06,1.994679675e-06,nan,nan,nan,nan
2082,52.05,2.495778362e-06,1.994679681e-06,nan,nan,nan,nan
2083,52.075,2.495778358e-06,1.994679679e-06,nan,nan,nan,nan
2084,52.1,2.495778364e-06,1.994679672e-06,nan,nan,nan,nan
2085,52.125,2.495778370e-06,1.994679667e-06,nan,nan,nan,nan
2086,52.15,2.495778370e-06,1.994679669e-06,nan,nan,nan,nan
2087,52.175,2.495778366e-06,1.994679675e-06,nan,nan,nan,nan
2088,52.2,2.495778366e-06,1.994679679e-06,nan,nan,nan,nan
2089,52.225,2.495778372e-06,1.994679677e-06,nan,nan,nan,nan
2090,52.25,2.495778375e-06,1.994679671e-06,nan,nan,nan,nan
2091,52.275,2.495778368e-06,1.994679669e-06,nan,nan,nan,nan
2092,52.3,2.495778358e-06,1.994679673e-06,nan,nan,nan,nan
2093,52.325,2.495778356e-06,1.994679677e-06,nan,nan,nan,nan
2094,52.35,2.495778367e-06,1.994679675e-06,nan,nan,nan,nan
2095,52.375,2.495778381e-06,1.994679671e-06,nan,nan,nan,nan
2096,52.4,2.495778382e-06,1.994679670e-06,nan,nan,nan,nan
2097,52.425,2.495778368e-06,1.994679674e-06,nan,nan,nan,nan
2098,52.45,2.495778353e-06,1.994679678e-06,nan,nan,nan,nan
2099,52.475,2.495778352e-06,1.994679678e-06,nan,nan,nan,nan
2100,52.5,2.495778365e-06,1.994679671e-06,nan,nan,nan,nan
2101,52.525,2.495778379e-06,1.994679667e-06,nan,nan,nan,nan
2102,52.55,2.495778381e-06,1.994679670e-06,nan,nan,nan,nan
2103,52.575,2.495778370e-06,1.994679679e-06,nan,nan,nan,nan
2104,52.6,2.495778361e-06,1.994679683e-06,nan,nan,nan,nan
2105,52.625,2.495778360e-06,1.994679678e-06,nan,nan,nan,nan
2106,52.65,2.495778365e-06,1.994679668e-06,nan,nan,nan,nan
2107,52.675,2.495778368e-06,1.994679665e-06,nan,nan,nan,nan
2108,52.7,2.495778368e-06,1.994679671e-06,nan,nan,nan,nan
2109,52.725,2.495778368e-06,1.994679680e-06,nan,nan,nan,nan
2110,52.75,2.495778372e-06,1.994679682e-06,nan,nan,nan,nan
2111,52.775,2.495778375e-06,1.994679675e-06,nan,nan,nan,nan
2112,52.8,2.495778371e-06,1.994679668e-06,nan,nan,nan,nan
2113,52.825,2.495778361e-06,1.994679669e-06,nan,nan,nan,nan
2114,52.85,2.495778354e-06,1.994679674e-06,nan,nan,nan,nan
2115,52.875,2.495778360e-06,1.994679678e-06,nan,nan,nan,nan
2116,52.9,2.495778375e-06,1.994679676e-06,nan,nan,nan,nan
2117,52.925,2.495778383e-06,1.994679671e-06,nan,nan,nan,nan
2118,52.95,2.495778378e-06,1.994679671e-06,nan,nan,nan,nan
2119,52.975,2.495778363e-06,1.994679676e-06,nan,nan,nan,nan
2120,53,2.495778353e-06,1.994679679e-06,nan,nan,nan,nan
2121,53.025,2.495778357e-06,1.994679676e-06,nan,nan,nan,nan
2122,53.05,2.495778368e-06,1.994679670e-06,nan,nan,nan,nan
2123,53.075,2.495778376e-06,1.994679667e-06,nan,nan,nan,nan
2124,53.1,2.495778375e-06,1.994679674e-06,nan,nan,nan,nan
2125,53.125,2.495778368e-06,1.994679682e-06,nan,nan,nan,nan
2126,53.15,2.495778364e-06,1.994679683e-06,nan,nan,nan,nan
2127,53.175,2.495778363e-06,1.994679675e-06,nan,nan,nan,nan
2128,53.2,2.495778364e-06,1.994679667e-06,nan,nan,nan,nan
2129,53.225,2.495778366e-06,1.994679666e-06,nan,nan,nan,nan
2130,53.25,2.495778367e-06,1.994679674e-06,nan,nan,nan,nan
2131,53.275,2.495778371e-06,1.994679682e-06,nan,nan,nan,nan
2132,53.3,2.495778373e-06,1.994679682e-06,nan,nan,nan,nan
2133,53.325,2.495778372e-06,1.994679674e-06,nan,nan,nan,nan
2134,53.35,2.495778365e-06,1.994679668e-06,nan,nan,nan,nan
2135,53.375,2.495778359e-06,1.994679669e-06,nan,nan,nan,nan
2136,53.4,2.495778361e-06,1.994679673e-06,nan,nan,nan,nan
2137,53.425,2.495778370e-06,1.994679676e-06,nan,nan,nan,nan
2138,53.45,2.495778376e-06,1.994679674e-06,nan,nan,nan,nan
2139,53.475,2.495778376e-06,1.994679672e-06,nan,nan,nan,nan
2140,53.5,2.495778369e-06,1.994679673e-06,nan,nan,nan,nan
2141,53.525,2.495778361e-06,1.994679677e-06,nan,nan,nan,nan
2142,53.55,2.495778360e-06,1.994679677e-06,nan,nan,nan,nan
2143,53.575,2.495778364e-06,1.994679673e-06,nan,nan,nan,nan
2144,53.6,2.495778369e-06,1.994679669e-06,nan,nan,nan,nan
2145,53.625,2.495778372e-06,1.994679669e-06,nan,nan,nan,nan
2146,53.65,2.495778372e-06,1.994679675e-06,nan,nan,nan,nan
2147,53.675,2.495778370e-06,1.994679681e-06,nan,nan,nan,nan
2148,53.7,2.495778366e-06,1.994679680e-06,nan,nan,nan,nan
2149,53.725,2.495778362e-06,1.994679673e-06,nan,nan,nan,nan
2150,53.75,2.495778360e-06,1.994679667e-06,nan,nan,nan,nan
2151,53.775,2.495778365e-06,1.994679667e-06,nan,nan,nan,nan
2152,53.8,2.495778374e-06,1.994679674e-06,nan,nan,nan,nan
2153,53.825,2.495778377e-06,1.994679680e-06,nan,nan,nan,nan
2154,53.85,2.495778372e-06,1.994679680e-06,nan,nan,nan,nan
2155,53.875,2.495778362e-06,1.994679675e-06,nan,nan,nan,nan
2156,53.9,2.495778357e-06,1.994679669e-06,nan,nan,nan,nan
2157,53.925,2.495778361e-06,1.994679669e-06,nan,nan,nan,nan
2158,53.95,2.495778371e-06,1.994679672e-06,nan,nan,nan,nan
2159,53.975,2.495778377e-06,1.994679676e-06,nan,nan,nan,nan
2160,54,2.495778373e-06,1.994679678e-06,nan,nan,nan,nan
2161,54.025,2.495778367e-06,1.994679676e-06,nan,nan,nan,nan
2162,54.05,2.495778363e-06,1.994679674e-06,nan,nan,nan,nan
2163,54.075,2.495778364e-06,1.994679673e-06,nan,nan,nan,nan
2164,54.1,2.495778366e-06,1.994679673e-06,nan,nan,nan,nan
2165,54.125,2.495778367e-06,1.994679673e-06,nan,nan,nan,nan
2166,54.15,2.495778367e-06,1.994679672e-06,nan,nan,nan,nan
2167,54.175,2.495778371e-06,1.994679673e-06,nan,nan,nan,nan
2168,54.2,2.495778375e-06,1.994679675e-06,nan,nan,nan,nan
2169,54.225,2.495778372e-06,1.994679678e-06,nan,nan,nan,nan
2170,54.25,2.495778363e-06,1.994679676e-06,nan,nan,nan,nan
2171,54.275,2.495778356e-06,1.994679674e-06,nan,nan,nan,nan
2172,54.3,2.495778358e-06,1.994679670e-06,nan,nan,nan,nan
2173,54.325,2.495778371e-06,1.994679669e-06,nan,nan,nan,nan
2174,54.35,2.495778382e-06,1.994679674e-06,nan,nan,nan,nan
2175,54.375,2.495778380e-06,1.994679679e-06,nan,nan,nan,nan
2176,54.4,2.495778366e-06,1.994679680e-06,nan,nan,nan,nan
2177,54.425,2.495778354e-06,1.994679676e-06,nan,nan,nan,nan
2178,54.45,2.495778355e-06,1.994679669e-06,nan,nan,nan,nan
2179,54.475,2.495778368e-06,1.994679666e-06,nan,nan,nan,nan
2180,54.5,2.495778377e-06,1.994679670e-06,nan,nan,nan,nan
2181,54.525,2.495778377e-06,1.994679678e-06,nan,nan,nan,nan
2182,54.55,2.495778369e-06,1.994679682e-06,nan,nan,nan,nan
2183,54.575,2.495778364e-06,1.994679678e-06,nan,nan,nan,nan
2184,54.6,2.495778366e-06,1.994679672e-06,nan,nan,nan,nan
2185,54.625,2.495778367e-06,1.994679668e-06,nan,nan,nan,nan
2186,54.65,2.495778365e-06,1.994679670e-06,nan,nan,nan,nan
2187,54.675,2.495778363e-06,1.994679676e-06,nan,nan,nan,nan
2188,54.7,2.495778366e-06,1.994679678e-06,nan,nan,nan,nan
2189,54.725,2.495778376e-06,1.994679676e-06,nan,nan,nan,nan
2190,54.75,2.495778379e-06,1.994679673e-06,nan,nan,nan,nan
2191,54.775,2.495778371e-06,1.994679674e-06,nan,nan,nan,nan
2192,54.8,2.495778356e-06,1.994679675e-06,nan,nan,nan,nan
2193,54.825,2.495778351e-06,1.994679674e-06,nan,nan,nan,nan
2194,54.85,2.495778363e-06,1.994679671e-06,nan,nan,nan,nan
2195,54.875,2.495778381e-06,1.994679669e-06,nan,nan,nan,nan
2196,54.9,2.495778386e-06,1.994679673e-06,nan,nan,nan,nan
2197,54.925,2.495778374e-06,1.994679680e-06,nan,nan,nan,nan
2198,54.95,2.495778357e-06,1.994679683e-06,nan,nan,nan,nan
2199,54.975,2.495778351e-06,1.994679676e-06,nan,nan,nan,nan
2200,55,2.495778362e-06,1.994679666e-06,nan,nan,nan,nan
2201,55.025,2.495778375e-06,1.994679663e-06,nan,nan,nan,nan
2202,55.05,2.495778379e-06,1.994679671e-06,nan,nan,nan,nan
2203,55.075,2.495778371e-06,1.994679682e-06,nan,nan,nan,nan
2204,55.1,2.495778364e-06,1.994679686e-06,nan,nan,nan,nan
2205,55.125,2.495778365e-06,1.994679677e-06,nan,nan,nan,nan
2206,55.15,2.495778369e-06,1.994679667e-06,nan,nan,nan,nan
2207,55.175,2.495778368e-06,1.994679665e-06,nan,nan,nan,nan
2208,55.2,2.495778361e-06,1.994679672e-06,nan,nan,nan,nan
2209,55.225,2.495778361e-06,1.994679680e-06,nan,nan,nan,nan
2210,55.25,2.495778370e-06,1.994679680e-06,nan,nan,nan,nan
2211,55.275,2.495778381e-06,1.994679673e-06,nan,nan,nan,nan
2212,55.3,2.495778379e-06,1.994679671e-06,nan,nan,nan,nan
2213,55.325,2.495778365e-06,1.994679674e-06,nan,nan,nan,nan
2214,55.35,2.495778351e-06,1.994679678e-06,nan,nan,nan,nan
2215,55.375,2.495778354e-06,1.994679676e-06,nan,nan,nan,nan
2216,55.4,2.495778371e-06,1.994679669e-06,nan,nan,nan,nan
2217,55.425,2.495778384e-06,1.994679666e-06,nan,nan,nan,nan
2218,55.45,2.495778382e-06,1.994679672e-06,nan,nan,nan,nan
2219,55.475,2.495778365e-06,1.994679683e-06,nan,nan,nan,nan
2220,55.5,2.495778354e-06,1.994679685e-06,nan,nan,nan,nan
2221,55.525,2.495778358e-06,1.994679675e-06,nan,nan,nan,nan
2222,55.55,2.495778370e-06,1.994679663e-06,nan,nan,nan,nan
2223,55.575,2.495778377e-06,1.994679661e-06,nan,nan,nan,nan
2224,55.6,2.495778374e-06,1.994679674e-06,nan,nan,nan,nan
2225,55.625,2.495778365e-06,1.994679686e-06,nan,nan,nan,nan
2226,55.65,2.495778365e-06,1.994679686e-06,nan,nan,nan,nan
2227,55.675,2.495778369e-06,1.994679673e-06,nan,nan,nan,nan
2228,55.7,2.495778370e-06,1.994679663e-06,nan,nan,nan,nan
2229,55.725,2.495778365e-06,1.994679665e-06,nan,nan,nan,nan
2230,55.75,2.495778360e-06,1.994679677e-06,nan,nan,nan,nan
2231,55.775,2.495778364e-06,1.994679683e-06,nan,nan,nan,nan
2232,55.8,2.495778376e-06,1.994679679e-06,nan,nan,nan,nan
2233,55.825,2.495778381e-06,1.994679670e-06,nan,nan,nan,nan
2234,55.85,2.495778373e-06,1.994679669e-06,nan,nan,nan,nan
2235,55.875,2.495778358e-06,1.994679675e-06,nan,nan,nan,nan
2236,55.9,2.495778353e-06,1.994679680e-06,nan,nan,nan,nan
2237,55.925,2.495778363e-06,1.994679677e-06,nan,nan,nan,nan
2238,55.95,2.495778378e-06,1.994679668e-06,nan,nan,nan,nan
2239,55.975,2.495778382e-06,1.994679666e-06,nan,nan,nan,nan
2240,56,2.495778371e-06,1.994679675e-06,nan,nan,nan,nan
2241,56.025,2.495778359e-06,1.994679685e-06,nan,nan,nan,nan
2242,56.05,2.495778357e-06,1.994679684e-06,nan,nan,nan,nan
2243,56.075,2.495778365e-06,1.994679671e-06,nan,nan,nan,nan
2244,56.1,2.495778373e-06,1.994679661e-06,nan,nan,nan,nan
2245,56.125,2.495778374e-06,1.994679664e-06,nan,nan,nan,nan
2246,56.15,2.495778370e-06,1.994679679e-06,nan,nan,nan,nan
2247,56.175,2.495778367e-06,1.994679689e-06,nan,nan,nan,nan
2248,56.2,2.495778367e-06,1.994679683e-06,nan,nan,nan,nan
2249,56.225,2.495778367e-06,1.994679669e-06,nan,nan,nan,nan
2250,56.25,2.495778364e-06,1.994679661e-06,nan,nan,nan,nan
2251,56.275,2.495778362e-06,1.994679668e-06,nan,nan,nan,nan
2252,56.3,2.495778364e-06,1.994679679e-06,nan,nan,nan,nan
2253,56.325,2.495778371e-06,1.994679684e-06,nan,nan,nan,nan
2254,56.35,2.495778376e-06,1.994679677e-06,nan,nan,nan,nan
2255,56.375,2.495778371e-06,1.994679669e-06,nan,nan,nan,nan
2256,56.4,2.495778361e-06,1.994679669e-06,nan,nan,nan,nan
2257,56.425,2.495778356e-06,1.994679676e-06,nan,nan,nan,nan
2258,56.45,2.495778362e-06,1.994679680e-06,nan,nan,nan,nan
2259,56.475,2.495778374e-06,1.994679676e-06,nan,nan,nan,nan
2260,56.5,2.495778379e-06,1.994679669e-06,nan,nan,nan,nan
2261,56.525,2.495778373e-06,1.994679669e-06,nan,nan,nan,nan
2262,56.55,2.495778364e-06,1.994679677e-06,nan,nan,nan,nan
2263,56.575,2.495778359e-06,1.994679682e-06,nan,nan,nan,nan
2264,56.6,2.495778362e-06,1.994679678e-06,nan,nan,nan,nan
2265,56.625,2.495778368e-06,1.994679668e-06,nan,nan,nan,nan
2266,56.65,2.495778371e-06,1.994679662e-06,nan,nan,nan,nan
2267,56.675,2.495778371e-06,1.994679669e-06,nan,nan,nan,nan
2268,56.7,2.495778371e-06,1.994679681e-06,nan,nan,nan,nan
2269,56.725,2.495778370e-06,1.994679686e-06,nan,nan,nan,nan
2270,56.75,2.495778367e-06,1.994679679e-06,nan,nan,nan,nan
2271,56.775,2.495778361e-06,1.994679668e-06,nan,nan,nan,nan
2272,56.8,2.495778359e-06,1.994679664e-06,nan,nan,nan,nan
2273,56.825,2.495778365e-06,1.994679670e-06,nan,nan,nan,nan
2274,56.85,2.495778374e-06,1.994679679e-06,nan,nan,nan,nan
2275,56.875,2.495778379e-06,1.994679682e-06,nan,nan,nan,nan
2276,56.9,2.495778373e-06,1.994679676e-06,nan,nan,nan,nan
2277,56.925,2.495778361e-06,1.994679671e-06,nan,nan,nan,nan
2278,56.95,2.495778355e-06,1.994679669e-06,nan,nan,nan,nan
2279,56.975,2.495778360e-06,1.994679673e-06,nan,nan,nan,nan
2280,57,2.495778371e-06,1.994679676e-06,nan,nan,nan,nan
2281,57.025,2.495778376e-06,1.994679675e-06,nan,nan,nan,nan
2282,57.05,2.495778373e-06,1.994679674e-06,nan,nan,nan,nan
2283,57.075,2.495778367e-06,1.994679673e-06,nan,nan,nan,nan
2284,57.1,2.495778363e-06,1.994679675e-06,nan,nan,nan,nan
2285,57.125,2.495778363e-06,1.994679676e-06,nan,nan,nan,nan
2286,57.15,2.495778364e-06,1.994679673e-06,nan,nan,nan,nan
2287,57.175,2.495778365e-06,1.994679670e-06,nan,nan,nan,nan
2288,57.2,2.495778369e-06,1.994679670e-06,nan,nan,nan,nan
2289,57.225,2.495778374e-06,1.994679674e-06,nan,nan,nan,nan
2290,57.25,2.495778377e-06,1.994679679e-06,nan,nan,nan,nan
2291,57.275,2.495778372e-06,1.994679679e-06,nan,nan,nan,nan
2292,57.3,2.495778362e-06,1.994679674e-06,nan,nan,nan,nan
2293,57.325,2.495778356e-06,1.994679669e-06,nan,nan,nan,nan
2294,57.35,2.495778361e-06,1.994679667e-06,nan,nan,nan,nan
2295,57.375,2.495778373e-06,1.994679671e-06,nan,nan,nan,nan
2296,57.4,2.495778380e-06,1.994679677e-06,nan,nan,nan,nan
2297,57.425,2.495778375e-06,1.994679680e-06,nan,nan,nan,nan
2298,57.45,2.495778363e-06,1.994679677e-06,nan,nan,nan,nan
2299,57.475,2.495778356e-06,1.994679671e-06,nan,nan,nan,nan
2300,57.5,2.495778360e-06,1.994679667e-06,nan,nan,nan,nan
2301,57.525,2.495778370e-06,1.994679669e-06,nan,nan,nan,nan
2302,57.55,2.495778375e-06,1.994679675e-06,nan,nan,nan,nan
2303,57.575,2.495778372e-06,1.994679680e-06,nan,nan,nan,nan
2304,57.6,2.495778367e-06,1.994679679e-06,nan,nan,nan,nan
2305,57.625,2.495778367e-06,1.994679676e-06,nan,nan,nan,nan
2306,57.65,2.495778368e-06,1.994679671e-06,nan,nan,nan,nan
2307,57.675,2.495778367e-06,1.994679669e-06,nan,nan,nan,nan
2308,57.7,2.495778362e-06,1.994679671e-06,nan,nan,nan,nan
2309,57.725,2.495778363e-06,1.994679674e-06,nan,nan,nan,nan
2310,57.75,2.495778370e-06,1.994679676e-06,nan,nan,nan,nan
2311,57.775,2.495778379e-06,1.994679675e-06,nan,nan,nan,nan
2312,57.8,2.495778377e-06,1.994679676e-06,nan,nan,nan,nan
2313,57.825,2.495778366e-06,1.994679677e-06,nan,nan,nan,nan
2314,57.85,2.495778353e-06,1.994679675e-06,nan,nan,nan,nan
2315,57.875,2.495778354e-06,1.994679671e-06,nan,nan,nan,nan
2316,57.9,2.495778369e-06,1.994679667e-06,nan,nan,nan,nan
2317,57.925,2.495778381e-06,1.994679670e-06,nan,nan,nan,nan
2318,57.95,2.495778380e-06,1.994679678e-06,nan,nan,nan,nan
2319,57.975,2.495778368e-06,1.994679684e-06,nan,nan,nan,nan
2320,58,2.495778356e-06,1.994679681e-06,nan,nan,nan,nan
2321,58.025,2.495778357e-06,1.994679670e-06,nan,nan,nan,nan
2322,58.05,2.495778366e-06,1.994679662e-06,nan,nan,nan,nan
2323,58.075,2.495778374e-06,1.994679664e-06,nan,nan,nan,nan
2324,58.1,2.495778373e-06,1.994679676e-06,nan,nan,nan,nan
2325,58.125,2.495778369e-06,1.994679685e-06,nan,nan,nan,nan
2326,58.15,2.495778368e-06,1.994679682e-06,nan,nan,nan,nan
2327,58.175,2.495778370e-06,1.994679672e-06,nan,nan,nan,nan
2328,58.2,2.495778369e-06,1.994679664e-06,nan,nan,nan,nan
2329,58.225,2.495778362e-06,1.994679667e-06,nan,nan,nan,nan
2330,58.25,2.495778359e-06,1.994679676e-06,nan,nan,nan,nan
2331,58.275,2.495778365e-06,1.994679680e-06,nan,nan,nan,nan
2332,58.3,2.495778376e-06,1.994679677e-06,nan,nan,nan,nan
2333,58.325,2.495778380e-06,1.994679673e-06,nan,nan,nan,nan
2334,58.35,2.495778372e-06,1.994679673e-06,nan,nan,nan,nan
2335,58.375,2.495778357e-06,1.994679676e-06,nan,nan,nan,nan
2336,58.4,2.495778352e-06,1.994679677e-06,nan,nan,nan,nan
2337,58.425,2.495778362e-06,1.994679671e-06,nan,nan,nan,nan
2338,58.45,2.495778377e-06,1.994679666e-06,nan,nan,nan,nan
2339,58.475,2.495778382e-06,1.994679670e-06,nan,nan,nan,nan
2340,58.5,2.495778374e-06,1.994679681e-06,nan,nan,nan,nan
2341,58.525,2.495778362e-06,1.994679688e-06,nan,nan,nan,nan
2342,58.55,2.495778358e-06,1.994679681e-06,nan,nan,nan,nan
2343,58.575,2.495778364e-06,1.994679666e-06,nan,nan,nan,nan
2344,58.6,2.495778370e-06,1.994679658e-06,nan,nan,nan,nan
2345,58.625,2.495778371e-06,1.994679666e-06,nan,nan,nan,nan
2346,58.65,2.495778368e-06,1.994679682e-06,nan,nan,nan,nan
2347,58.675,2.495778368e-06,1.994679690e-06,nan,nan,nan,nan
2348,58.7,2.495778371e-06,1.994679682e-06,nan,nan,nan,nan
2349,58.725,2.495778370e-06,1.994679668e-06,nan,nan,nan,nan
2350,58.75,2.495778364e-06,1.994679663e-06,nan,nan,nan,nan
2351,58.775,2.495778359e-06,1.994679670e-06,nan,nan,nan,nan
2352,58.8,2.495778362e-06,1.994679680e-06,nan,nan,nan,nan
2353,58.825,2.495778372e-06,1.994679681e-06,nan,nan,nan,nan
2354,58.85,2.495778381e-06,1.994679675e-06,nan,nan,nan,nan
2355,58.875,2.495778377e-06,1.994679671e-06,nan,nan,nan,nan
2356,58.9,2.495778363e-06,1.994679674e-06,nan,nan,nan,nan
2357,58.925,2.495778354e-06,1.994679679e-06,nan,nan,nan,nan
2358,58.95,2.495778358e-06,1.994679677e-06,nan,nan,nan,nan
2359,58.975,2.495778371e-06,1.994679669e-06,nan,nan,nan,nan
2360,59,2.495778379e-06,1.994679665e-06,nan,nan,nan,nan
2361,59.025,2.495778376e-06,1.994679672e-06,nan,nan,nan,nan
2362,59.05,2.495778366e-06,1.994679684e-06,nan,nan,nan,nan
2363,59.075,2.495778361e-06,1.994679687e-06,nan,nan,nan,nan
2364,59.1,2.495778362e-06,1.994679676e-06,nan,nan,nan,nan
2365,59.125,2.495778368e-06,1.994679662e-06,nan,nan,nan,nan
2366,59.15,2.495778369e-06,1.994679659e-06,nan,nan,nan,nan
2367,59.175,2.495778368e-06,1.994679672e-06,nan,nan,nan,nan
2368,59.2,2.495778369e-06,1.994679686e-06,nan,nan,nan,nan
2369,59.225,2.495778372e-06,1.994679688e-06,nan,nan,nan,nan
2370,59.25,2.495778372e-06,1.994679676e-06,nan,nan,nan,nan
2371,59.275,2.495778366e-06,1.994679665e-06,nan,nan,nan,nan
2372,59.3,2.495778360e-06,1.994679665e-06,nan,nan,nan,nan
2373,59.325,2.495778361e-06,1.994679674e-06,nan,nan,nan,nan
2374,59.35,2.495778369e-06,1.994679680e-06,nan,nan,nan,nan
2375,59.375,2.495778377e-06,1.994679677e-06,nan,nan,nan,nan
2376,59.4,2.495778375e-06,1.994679672e-06,nan,nan,nan,nan
2377,59.425,2.495778367e-06,1.994679671e-06,nan,nan,nan,nan
2378,59.45,2.495778359e-06,1.994679676e-06,nan,nan,nan,nan
2379,59.475,2.495778359e-06,1.994679679e-06,nan,nan,nan,nan
2380,59.5,2.495778368e-06,1.994679675e-06,nan,nan,nan,nan
2381,59.525,2.495778376e-06,1.994679669e-06,nan,nan,nan,nan
2382,59.55,2.495778375e-06,1.994679668e-06,nan,nan,nan,nan
2383,59.575,2.495778370e-06,1.994679675e-06,nan,nan,nan,nan
2384,59.6,2.495778365e-06,1.994679683e-06,nan,nan,nan,nan
2385,59.625,2.495778364e-06,1.994679682e-06,nan,nan,nan,nan
2386,59.65,2.495778365e-06,1.994679672e-06,nan,nan,nan,nan
2387,59.675,2.495778365e-06,1.994679664e-06,nan,nan,nan,nan
2388,59.7,2.495778367e-06,1.994679666e-06,nan,nan,nan,nan
2389,59.725,2.495778370e-06,1.994679676e-06,nan,nan,nan,nan
2390,59.75,2.495778374e-06,1.994679683e-06,nan,nan,nan,nan
2391,59.775,2.495778373e-06,1.994679681e-06,nan,nan,nan,nan
2392,59.8,2.495778366e-06,1.994679672e-06,nan,nan,nan,nan
2393,59.825,2.495778360e-06,1.994679667e-06,nan,nan,nan,nan
2394,59.85,2.495778361e-06,1.994679669e-06,nan,nan,nan,nan
2395,59.875,2.495778369e-06,1.994679676e-06,nan,nan,nan,nan
2396,59.9,2.495778376e-06,1.994679680e-06,nan,nan,nan,nan
2397,59.925,2.495778375e-06,1.994679679e-06,nan,nan,nan,nan
2398,59.95,2.495778368e-06,1.994679674e-06,nan,nan,nan,nan
2399,59.975,2.495778361e-06,1.994679671e-06,nan,nan,nan,nan
2400,60,2.495778362e-06,1.994679672e-06,nan,nan,nan,nan
2401,60.025,2.495778368e-06,1.994679673e-06,nan,nan,nan,nan
2402,60.05,2.495778371e-06,1.994679674e-06,nan,nan,nan,nan
2403,60.075,2.495778371e-06,1.994679675e-06,nan,nan,nan,nan
2404,60.1,2.495778369e-06,1.994679676e-06,nan,nan,nan,nan
2405,60.125,2.495778368e-06,1.994679678e-06,nan,nan,nan,nan
2406,60.15,2.495778367e-06,1.994679677e-06,nan,nan,nan,nan
2407,60.175,2.495778365e-06,1.994679674e-06,nan,nan,nan,nan
2408,60.2,2.495778362e-06,1.994679671e-06,nan,nan,nan,nan
2409,60.225,2.495778364e-06,1.994679671e-06,nan,nan,nan,nan
2410,60.25,2.495778370e-06,1.994679673e-06,nan,nan,nan,nan
2411,60.275,2.495778377e-06,1.994679677e-06,nan,nan,nan,nan
2412,60.3,2.495778375e-06,1.994679679e-06,nan,nan,nan,nan
2413,60.325,2.495778366e-06,1.994679676e-06,nan,nan,nan,nan
2414,60.35,2.495778356e-06,1.994679672e-06,nan,nan,nan,nan
2415,60.375,2.495778358e-06,1.994679669e-06,nan,nan,nan,nan
2416,60.4,2.495778369e-06,1.994679669e-06,nan,nan,nan,nan
2417,60.425,2.495778379e-06,1.994679673e-06,nan,nan,nan,nan
2418,60.45,2.495778378e-06,1.994679679e-06,nan,nan,nan,nan
2419,60.475,2.495778368e-06,1.994679681e-06,nan,nan,nan,nan
2420,60.5,2.495778360e-06,1.994679677e-06,nan,nan,nan,nan
2421,60.525,2.495778362e-06,1.994679670e-06,nan,nan,nan,nan
2422,60.55,2.495778367e-06,1.994679666e-06,nan,nan,nan,nan
2423,60.575,2.495778372e-06,1.994679670e-06,nan,nan,nan,nan
2424,60.6,2.495778370e-06,1.994679677e-06,nan,nan,nan,nan
2425,60.625,2.495778367e-06,1.994679683e-06,nan,nan,nan,nan
2426,60.65,2.495778369e-06,1.994679679e-06,nan,nan,nan,nan
2427,60.675,2.495778371e-06,1.994679672e-06,nan,nan,nan,nan
2428,60.7,2.495778369e-06,1.994679667e-06,nan,nan,nan,nan
2429,60.725,2.495778363e-06,1.994679671e-06,nan,nan,nan,nan
2430,60.75,2.495778359e-06,1.994679676e-06,nan,nan,nan,nan
2431,60.775,2.495778365e-06,1.994679678e-06,nan,nan,nan,nan
2432,60.8,2.495778376e-06,1.994679675e-06,nan,nan,nan,nan
2433,60.825,2.495778380e-06,1.994679673e-06,nan,nan,nan,nan
2434,60.85,2.495778371e-06,1.994679676e-06,nan,nan,nan,nan
2435,60.875,2.495778358e-06,1.994679677e-06,nan,nan,nan,nan
2436,60.9,2.495778355e-06,1.994679675e-06,nan,nan,nan,nan
2437,60.925,2.495778364e-06,1.994679668e-06,nan,nan,nan,nan
2438,60.95,2.495778377e-06,1.994679665e-06,nan,nan,nan,nan
2439,60.975,2.495778380e-06,1.994679672e-06,nan,nan,nan,nan
2440,61,2.495778371e-06,1.994679684e-06,nan,nan,nan,nan
2441,61.025,2.495778361e-06,1.994679687e-06,nan,nan,nan,nan
2442,61.05,2.495778359e-06,1.994679678e-06,nan,nan,nan,nan
2443,61.075,2.495778366e-06,1.994679663e-06,nan,nan,nan,nan
2444,61.1,2.495778370e-06,1.994679659e-06,nan,nan,nan,nan
2445,61.125,2.495778369e-06,1.994679670e-06,nan,nan,nan,nan
2446,61.15,2.495778367e-06,1.994679685e-06,nan,nan,nan,nan
2447,61.175,2.495778368e-06,1.994679689e-06,nan,nan,nan,nan
2448,61.2,2.495778373e-06,1.994679678e-06,nan,nan,nan,nan
2449,61.225,2.495778371e-06,1.994679665e-06,nan,nan,nan,nan
2450,61.25,2.495778363e-06,1.994679664e-06,nan,nan,nan,nan
2451,61.275,2.495778356e-06,1.994679673e-06,nan,nan,nan,nan
2452,61.3,2.495778361e-06,1.994679681e-06,nan,nan,nan,nan
2453,61.325,2.495778375e-06,1.994679679e-06,nan,nan,nan,nan
2454,61.35,2.495778384e-06,1.994679673e-06,nan,nan,nan,nan
2455,61.375,2.495778378e-06,1.994679670e-06,nan,nan,nan,nan
2456,61.4,2.495778360e-06,1.994679675e-06,nan,nan,nan,nan
2457,61.425,2.495778350e-06,1.994679679e-06,nan,nan,nan,nan
2458,61.45,2.495778357e-06,1.994679673e-06,nan,nan,nan,nan
2459,61.475,2.495778373e-06,1.994679665e-06,nan,nan,nan,nan
2460,61.5,2.495778381e-06,1.994679665e-06,nan,nan,nan,nan
2461,61.525,2.495778376e-06,1.994679677e-06,nan,nan,nan,nan
2462,61.55,2.495778365e-06,1.994679689e-06,nan,nan,nan,nan
2463,61.575,2.495778360e-06,1.994679686e-06,nan,nan,nan,nan
2464,61.6,2.495778364e-06,1.994679670e-06,nan,nan,nan,nan
2465,61.625,2.495778370e-06,1.994679656e-06,nan,nan,nan,nan
2466,61.65,2.495778369e-06,1.994679660e-06,nan,nan,nan,nan
2467,61.675,2.495778366e-06,1.994679679e-06,nan,nan,nan,nan
2468,61.7,2.495778367e-06,1.994679692e-06,nan,nan,nan,nan
2469,61.725,2.495778373e-06,1.994679686e-06,nan,nan,nan,nan
2470,61.75,2.495778376e-06,1.994679671e-06,nan,nan,nan,nan
2471,61.775,2.495778369e-06,1.994679661e-06,nan,nan,nan,nan
2472,61.8,2.495778358e-06,1.994679666e-06,nan,nan,nan,nan
2473,61.825,2.495778356e-06,1.994679678e-06,nan,nan,nan,nan
2474,61.85,2.495778365e-06,1.994679681e-06,nan,nan,nan,nan
2475,61.875,2.495778379e-06,1.994679675e-06,nan,nan,nan,nan
2476,61.9,2.495778381e-06,1.994679670e-06,nan,nan,nan,nan
2477,61.925,2.495778370e-06,1.994679675e-06,nan,nan,nan,nan
2478,61.95,2.495778357e-06,1.994679682e-06,nan,nan,nan,nan
2479,61.975,2.495778355e-06,1.994679681e-06,nan,nan,nan,nan
2480,62,2.495778365e-06,1.994679669e-06,nan,nan,nan,nan
2481,62.025,2.495778376e-06,1.994679660e-06,nan,nan,nan,nan
2482,62.05,2.495778377e-06,1.994679666e-06,nan,nan,nan,nan
2483,62.075,2.495778369e-06,1.994679683e-06,nan,nan,nan,nan
2484,62.1,2.495778363e-06,1.994679692e-06,nan,nan,nan,nan
2485,62.125,2.495778362e-06,1.994679683e-06,nan,nan,nan,nan
2486,62.15,2.495778367e-06,1.994679665e-06,nan,nan,nan,nan
2487,62.175,2.495778368e-06,1.994679656e-06,nan,nan,nan,nan
2488,62.2,2.495778367e-06,1.994679666e-06,nan,nan,nan,nan
2489,62.225,2.495778367e-06,1.994679684e-06,nan,nan,nan,nan
2490,62.25,2.495778372e-06,1.994679690e-06,nan,nan,nan,nan
2491,62.275,2.495778374e-06,1.994679681e-06,nan,nan,nan,nan
2492,62.3,2.495778370e-06,1.994679667e-06,nan,nan,nan,nan
2493,62.325,2.495778362e-06,1.994679664e-06,nan,nan,nan,nan
2494,62.35,2.495778358e-06,1.994679671e-06,nan,nan,nan,nan
2495,62.375,2.495778362e-06,1.994679679e-06,nan,nan,nan,nan
2496,62.4,2.495778372e-06,1.994679677e-06,nan,nan,nan,nan
2497,62.425,2.495778376e-06,1.994679671e-06,nan,nan,nan,nan
2498,62.45,2.495778372e-06,1.994679670e-06,nan,nan,nan,nan
2499,62.475,2.495778363e-06,1.994679676e-06,nan,nan,nan,nan
2500,62.5,2.495778360e-06,1.994679680e-06,nan,nan,nan,nan
2501,62.525,2.495778364e-06,1.994679677e-06,nan,nan,nan,nan
2502,62.55,2.495778371e-06,1.994679667e-06,nan,nan,nan,nan
2503,62.575,2.495778374e-06,1.994679665e-06,nan,nan,nan,nan
2504,62.6,2.495778371e-06,1.994679672e-06,nan,nan,nan,nan
2505,62.625,2.495778367e-06,1.994679683e-06,nan,nan,nan,nan
2506,62.65,2.495778366e-06,1.994679685e-06,nan,nan,nan,nan
2507,62.675,2.495778366e-06,1.994679675e-06,nan,nan,nan,nan
2508,62.7,2.495778366e-06,1.994679663e-06,nan,nan,nan,nan
2509,62.725,2.495778367e-06,1.994679662e-06,nan,nan,nan,nan
2510,62.75,2.495778370e-06,1.994679672e-06,nan,nan,nan,nan
2511,62.775,2.495778372e-06,1.994679682e-06,nan,nan,nan,nan
2512,62.8,2.495778372e-06,1.994679683e-06,nan,nan,nan,nan
2513,62.825,2.495778368e-06,1.994679676e-06,nan,nan,nan,nan
2514,62.85,2.495778362e-06,1.994679669e-06,nan,nan,nan,nan
2515,62.875,2.495778362e-06,1.994679669e-06,nan,nan,nan,nan
2516,62.9,2.495778367e-06,1.994679674e-06,nan,nan,nan,nan
2517,62.925,2.495778374e-06,1.994679677e-06,nan,nan,nan,nan
2518,62.95,2.495778375e-06,1.994679677e-06,nan,nan,nan,nan
2519,62.975,2.495778370e-06,1.994679675e-06,nan,nan,nan,nan
2520,63,2.495778364e-06,1.994679674e-06,nan,nan,nan,nan
2521,63.025,2.495778362e-06,1.994679675e-06,nan,nan,nan,nan
2522,63.05,2.495778364e-06,1.994679675e-06,nan,nan,nan,nan
2523,63.075,2.495778367e-06,1.994679673e-06,nan,nan,nan,nan
2524,63.1,2.495778369e-06,1.994679673e-06,nan,nan,nan,nan
2525,63.125,2.495778370e-06,1.994679674e-06,nan,nan,nan,nan
2526,63.15,2.495778371e-06,1.994679676e-06,nan,nan,nan,nan
2527,63.175,2.495778370e-06,1.994679677e-06,nan,nan,nan,nan
2528,63.2,2.495778367e-06,1.994679676e-06,nan,nan,nan,nan
2529,63.225,2.495778362e-06,1.994679674e-06,nan,nan,nan,nan
2530,63.25,2.495778362e-06,1.994679671e-06,nan,nan,nan,nan
2531,63.275,2.495778366e-06,1.994679672e-06,nan,nan,nan,nan
2532,63.3,2.495778373e-06,1.994679675e-06,nan,nan,nan,nan
2533,63.325,2.495778375e-06,1.994679677e-06,nan,nan,nan,nan
2534,63.35,2.495778369e-06,1.994679677e-06,nan,nan,nan,nan
2535,63.375,2.495778362e-06,1.994679675e-06,nan,nan,nan,nan
2536,63.4,2.495778361e-06,1.994679670e-06,nan,nan,nan,nan
2537,63.425,2.495778367e-06,1.994679668e-06,nan,nan,nan,nan
2538,63.45,2.495778374e-06,1.994679670e-06,nan,nan,nan,nan
2539,63.475,2.495778374e-06,1.994679677e-06,nan,nan,nan,nan
2540,63.5,2.495778368e-06,1.994679682e-06,nan,nan,nan,nan
2541,63.525,2.495778363e-06,1.994679680e-06,nan,nan,nan,nan
2542,63.55,2.495778363e-06,1.994679672e-06,nan,nan,nan,nan
2543,63.575,2.495778366e-06,1.994679665e-06,nan,nan,nan,nan
2544,63.6,2.495778368e-06,1.994679666e-06,nan,nan,nan,nan
2545,63.625,2.495778368e-06,1.994679675e-06,nan,nan,nan,nan
2546,63.65,2.495778368e-06,1.994679681e-06,nan,nan,nan,nan
2547,63.675,2.495778370e-06,1.994679681e-06,nan,nan,nan,nan
2548,63.7,2.495778372e-06,1.994679674e-06,nan,nan,nan,nan
2549,63.725,2.495778368e-06,1.994679669e-06,nan,nan,nan,nan
2550,63.75,2.495778361e-06,1.994679671e-06,nan,nan,nan,nan
2551,63.775,2.495778359e-06,1.994679675e-06,nan,nan,nan,nan
2552,63.8,2.495778366e-06,1.994679677e-06,nan,nan,nan,nan
2553,63.825,2.495778376e-06,1.994679674e-06,nan,nan,nan,nan
2554,63.85,2.495778379e-06,1.994679671e-06,nan,nan,nan,nan
2555,63.875,2.495778371e-06,1.994679673e-06,nan,nan,nan,nan
2556,63.9,2.495778359e-06,1.994679677e-06,nan,nan,nan,nan
2557,63.925,2.495778357e-06,1.994679677e-06,nan,nan,nan,nan
2558,63.95,2.495778365e-06,1.994679671e-06,nan,nan,nan,nan
2559,63.975,2.495778375e-06,1.994679667e-06,nan,nan,nan,nan
2560,64,2.495778377e-06,1.994679671e-06,nan,nan,nan,nan
2561,64.025,2.495778369e-06,1.994679682e-06,nan,nan,nan,nan
2562,64.05,2.495778361e-06,1.994679686e-06,nan,nan,nan,nan
2563,64.075,2.495778361e-06,1.994679679e-06,nan,nan,nan,nan
2564,64.1,2.495778366e-06,1.994679665e-06,nan,nan,nan,nan
2565,64.125,2.495778370e-06,1.994679660e-06,nan,nan,nan,nan
2566,64.15,2.495778368e-06,1.994679668e-06,nan,nan,nan,nan
2567,64.175,2.495778366e-06,1.994679683e-06,nan,nan,nan,nan
2568,64.2,2.495778369e-06,1.994679687e-06,nan,nan,nan,nan
2569,64.225,2.495778372e-06,1.994679678e-06,nan,nan,nan,nan
2570,64.25,2.495778372e-06,1.994679666e-06,nan,nan,nan,nan
2571,64.275,2.495778363e-06,1.994679664e-06,nan,nan,nan,nan
2572,64.3,2.495778356e-06,1.994679672e-06,nan,nan,nan,nan
2573,64.325,2.495778360e-06,1.994679679e-06,nan,nan,nan,nan
2574,64.35,2.495778373e-06,1.994679676e-06,nan,nan,nan,nan
2575,64.375,2.495778382e-06,1.994679671e-06,nan,nan,nan,nan
2576,64.4,2.495778377e-06,1.994679671e-06,nan,nan,nan,nan
2577,64.425,2.495778362e-06,1.994679677e-06,nan,nan,nan,nan
2578,64.45,2.495778354e-06,1.994679681e-06,nan,nan,nan,nan
2579,64.475,2.495778357e-06,1.994679674e-06,nan,nan,nan,nan
2580,64.5,2.495778370e-06,1.994679664e-06,nan,nan,nan,nan
2581,64.525,2.495778378e-06,1.994679663e-06,nan,nan,nan,nan
2582,64.55,2.495778374e-06,1.994679676e-06,nan,nan,nan,nan
2583,64.575,2.495778367e-06,1.994679689e-06,nan,nan,nan,nan
2584,64.6,2.495778362e-06,1.994679688e-06,nan,nan,nan,nan
2585,64.625,2.495778364e-06,1.994679671e-06,nan,nan,nan,nan
2586,64.65,2.495778367e-06,1.994679656e-06,nan,nan,nan,nan
2587,64.675,2.495778366e-06,1.994679659e-06,nan,nan,nan,nan
2588,64.7,2.495778364e-06,1.994679677e-06,nan,nan,nan,nan
2589,64.725,2.495778368e-06,1.994679691e-06,nan,nan,nan,nan
2590,64.75,2.495778373e-06,1.994679688e-06,nan,nan,nan,nan
2591,64.775,2.495778374e-06,1.994679672e-06,nan,nan,nan,nan
2592,64.8,2.495778367e-06,1.994679662e-06,nan,nan,nan,nan
2593,64.825,2.495778358e-06,1.994679665e-06,nan,nan,nan,nan
2594,64.85,2.495778357e-06,1.994679675e-06,nan,nan,nan,nan
2595,64.875,2.495778367e-06,1.994679679e-06,nan,nan,nan,nan
2596,64.9,2.495778379e-06,1.994679674e-06,nan,nan,nan,nan
2597,64.925,2.495778380e-06,1.994679671e-06,nan,nan,nan,nan
2598,64.95,2.495778369e-06,1.994679676e-06,nan,nan,nan,nan
2599,64.975,2.495778357e-06,1.994679681e-06,nan,nan,nan,nan
2600,65,2.495778357e-06,1.994679678e-06,nan,nan,nan,nan
2601,65.025,2.495778366e-06,1.994679666e-06,nan,nan,nan,nan
2602,65.05,2.495778375e-06,1.994679658e-06,nan,nan,nan,nan
2603,65.075,2.495778375e-06,1.994679665e-06,nan,nan,nan,nan
2604,65.1,2.495778369e-06,1.994679683e-06,nan,nan,nan,nan
2605,65.125,2.495778364e-06,1.994679693e-06,nan,nan,nan,nan
2606,65.15,2.495778364e-06,1.994679685e-06,nan,nan,nan,nan
2607,65.175,2.495778366e-06,1.994679666e-06,nan,nan,nan,nan
2608,65.2,2.495778366e-06,1.994679657e-06,nan,nan,nan,nan
2609,65.225,2.495778364e-06,1.994679665e-06,nan,nan,nan,nan
2610,65.25,2.495778367e-06,1.994679680e-06,nan,nan,nan,nan
2611,65.275,2.495778373e-06,1.994679688e-06,nan,nan,nan,nan
2612,65.3,2.495778376e-06,1.994679681e-06,nan,nan,nan,nan
2613,65.325,2.495778372e-06,1.994679670e-06,nan,nan,nan,nan
2614,65.35,2.495778362e-06,1.994679667e-06,nan,nan,nan,nan
2615,65.375,2.495778357e-06,1.994679671e-06,nan,nan,nan,nan
2616,65.4,2.495778362e-06,1.994679675e-06,nan,nan,nan,nan
2617,65.425,2.495778373e-06,1.994679673e-06,nan,nan,nan,nan
2618,65.45,2.495778378e-06,1.994679671e-06,nan,nan,nan,nan
2619,65.475,2.495778374e-06,1.994679673e-06,nan,nan,nan,nan
2620,65.5,2.495778365e-06,1.994679678e-06,nan,nan,nan,nan
2621,65.525,2.495778361e-06,1.994679681e-06,nan,nan,nan,nan
2622,65.55,2.495778363e-06,1.994679674e-06,nan,nan,nan,nan
2623,65.575,2.495778369e-06,1.994679665e-06,nan,nan,nan,nan
2624,65.6,2.495778371e-06,1.994679665e-06,nan,nan,nan,nan
2625,65.625,2.495778371e-06,1.994679675e-06,nan,nan,nan,nan
2626,65.65,2.495778370e-06,1.994679686e-06,nan,nan,nan,nan
2627,65.675,2.495778369e-06,1.994679686e-06,nan,nan,nan,nan
2628,65.7,2.495778367e-06,1.994679675e-06,nan,nan,nan,nan
2629,65.725,2.495778365e-06,1.994679664e-06,nan,nan,nan,nan
2630,65.75,2.495778363e-06,1.994679663e-06,nan,nan,nan,nan
2631,65.775,2.495778366e-06,1.994679671e-06,nan,nan,nan,nan
2632,65.8,2.495778373e-06,1.994679681e-06,nan,nan,nan,nan
2633,65.825,2.495778376e-06,1.994679683e-06,nan,nan,nan,nan
2634,65.85,2.495778372e-06,1.994679678e-06,nan,nan,nan,nan
2635,65.875,2.495778364e-06,1.994679673e-06,nan,nan,nan,nan
2636,65.9,2.495778360e-06,1.994679670e-06,nan,nan,nan,nan
2637,65.925,2.495778363e-06,1.994679671e-06,nan,nan,nan,nan
2638,65.95,2.495778370e-06,1.994679672e-06,nan,nan,nan,nan
2639,65.975,2.495778374e-06,1.994679675e-06,nan,nan,nan,nan
2640,66,2.495778371e-06,1.994679677e-06,nan,nan,nan,nan
2641,66.025,2.495778366e-06,1.994679679e-06,nan,nan,nan,nan
2642,66.05,2.495778364e-06,1.994679677e-06,nan,nan,nan,nan
2643,66.075,2.495778366e-06,1.994679673e-06,nan,nan,nan,nan
2644,66.1,2.495778369e-06,1.994679670e-06,nan,nan,nan,nan
2645,66.125,2.495778369e-06,1.994679671e-06,nan,nan,nan,nan
2646,66.15,2.495778369e-06,1.994679675e-06,nan,nan,nan,nan
2647,66.175,2.495778370e-06,1.994679678e-06,nan,nan,nan,nan
2648,66.2,2.495778371e-06,1.994679678e-06,nan,nan,nan,nan
2649,66.225,2.495778370e-06,1.994679675e-06,nan,nan,nan,nan
2650,66.25,2.495778365e-06,1.994679672e-06,nan,nan,nan,nan
2651,66.275,2.495778361e-06,1.994679671e-06,nan,nan,nan,nan
2652,66.3,2.495778363e-06,1.994679671e-06,nan,nan,nan,nan
2653,66.325,2.495778370e-06,1.994679673e-06,nan,nan,nan,nan
2654,66.35,2.495778375e-06,1.994679675e-06,nan,nan,nan,nan
2655,66.375,2.495778372e-06,1.994679678e-06,nan,nan,nan,nan
2656,66.4,2.495778366e-06,1.994679680e-06,nan,nan,nan,nan
2657,66.425,2.495778363e-06,1.994679676e-06,nan,nan,nan,nan
2658,66.45,2.495778366e-06,1.994679669e-06,nan,nan,nan,nan
2659,66.475,2.495778371e-06,1.994679667e-06,nan,nan,nan,nan
2660,66.5,2.495778372e-06,1.994679670e-06,nan,nan,nan,nan
2661,66.525,2.495778369e-06,1.994679679e-06,nan,nan,nan,nan
2662,66.55,2.495778365e-06,1.994679683e-06,nan,nan,nan,nan
2663,66.575,2.495778366e-06,1.994679677e-06,nan,nan,nan,nan
2664,66.6,2.495778370e-06,1.994679669e-06,nan,nan,nan,nan
2665,66.625,2.495778370e-06,1.994679665e-06,nan,nan,nan,nan
2666,66.65,2.495778368e-06,1.994679671e-06,nan,nan,nan,nan
2667,66.675,2.495778365e-06,1.994679679e-06,nan,nan,nan,nan
2668,66.7,2.495778366e-06,1.994679681e-06,nan,nan,nan,nan
2669,66.725,2.495778369e-06,1.994679676e-06,nan,nan,nan,nan
2670,66.75,2.495778370e-06,1.994679672e-06,nan,nan,nan,nan
2671,66.775,2.495778367e-06,1.994679672e-06,nan,nan,nan,nan
2672,66.8,2.495778363e-06,1.994679676e-06,nan,nan,nan,nan
2673,66.825,2.495778363e-06,1.994679676e-06,nan,nan,nan,nan
2674,66.85,2.495778369e-06,1.994679673e-06,nan,nan,nan,nan
2675,66.875,2.495778374e-06,1.994679671e-06,nan,nan,nan,nan
2676,66.9,2.495778371e-06,1.994679674e-06,nan,nan,nan,nan
2677,66.925,2.495778364e-06,1.994679680e-06,nan,nan,nan,nan
2678,66.95,2.495778360e-06,1.994679681e-06,nan,nan,nan,nan
2679,66.975,2.495778365e-06,1.994679673e-06,nan,nan,nan,nan
2680,67,2.495778371e-06,1.994679665e-06,nan,nan,nan,nan
2681,67.025,2.495778375e-06,1.994679667e-06,nan,nan,nan,nan
2682,67.05,2.495778371e-06,1.994679677e-06,nan,nan,nan,nan
2683,67.075,2.495778364e-06,1.994679685e-06,nan,nan,nan,nan
2684,67.1,2.495778362e-06,1.994679681e-06,nan,nan,nan,nan
2685,67.125,2.495778365e-06,1.994679668e-06,nan,nan,nan,nan
2686,67.15,2.495778369e-06,1.994679662e-06,nan,nan,nan,nan
2687,67.175,2.495778369e-06,1.994679667e-06,nan,nan,nan,nan
2688,67.2,2.495778368e-06,1.994679680e-06,nan,nan,nan,nan
2689,67.225,2.495778367e-06,1.994679686e-06,nan,nan,nan,nan
2690,67.25,2.495778369e-06,1.994679680e-06,nan,nan,nan,nan
2691,67.275,2.495778369e-06,1.994679669e-06,nan,nan,nan,nan
2692,67.3,2.495778367e-06,1.994679665e-06,nan,nan,nan,nan
2693,67.325,2.495778366e-06,1.994679673e-06,nan,nan,nan,nan
2694,67.35,2.495778366e-06,1.994679679e-06,nan,nan,nan,nan
2695,67.375,2.495778370e-06,1.994679678e-06,nan,nan,nan,nan
2696,67.4,2.495778371e-06,1.994679673e-06,nan,nan,nan,nan
2697,67.425,2.495778369e-06,1.994679671e-06,nan,nan,nan,nan
2698,67.45,2.495778363e-06,1.994679675e-06,nan,nan,nan,nan
2699,67.475,2.495778362e-06,1.994679679e-06,nan,nan,nan,nan
2700,67.5,2.495778365e-06,1.994679675e-06,nan,nan,nan,nan
2701,67.525,2.495778372e-06,1.994679667e-06,nan,nan,nan,nan
2702,67.55,2.495778375e-06,1.994679664e-06,nan,nan,nan,nan
2703,67.575,2.495778372e-06,1.994679673e-06,nan,nan,nan,nan
2704,67.6,2.495778367e-06,1.994679685e-06,nan,nan,nan,nan
2705,67.625,2.495778365e-06,1.994679686e-06,nan,nan,nan,nan
2706,67.65,2.495778365e-06,1.994679674e-06,nan,nan,nan,nan
2707,67.675,2.495778367e-06,1.994679662e-06,nan,nan,nan,nan
2708,67.7,2.495778368e-06,1.994679661e-06,nan,nan,nan,nan
2709,67.725,2.495778370e-06,1.994679673e-06,nan,nan,nan,nan
2710,67.75,2.495778372e-06,1.994679684e-06,nan,nan,nan,nan
2711,67.775,2.495778373e-06,1.994679684e-06,nan,nan,nan,nan
2712,67.8,2.495778368e-06,1.994679675e-06,nan,nan,nan,nan
2713,67.825,2.495778362e-06,1.994679668e-06,nan,nan,nan,nan
2714,67.85,2.495778359e-06,1.994679668e-06,nan,nan,nan,nan
2715,67.875,2.495778363e-06,1.994679674e-06,nan,nan,nan,nan
2716,67.9,2.495778372e-06,1.994679678e-06,nan,nan,nan,nan
2717,67.925,2.495778377e-06,1.994679677e-06,nan,nan,nan,nan
2718,67.95,2.495778373e-06,1.994679675e-06,nan,nan,nan,nan
2719,67.975,2.495778365e-06,1.994679677e-06,nan,nan,nan,nan
2720,68,2.495778361e-06,1.994679677e-06,nan,nan,nan,nan
2721,68.025,2.495778362e-06,1.994679673e-06,nan,nan,nan,nan
2722,68.05,2.495778368e-06,1.994679668e-06,nan,nan,nan,nan
2723,68.075,2.495778372e-06,1.994679666e-06,nan,nan,nan,nan
2724,68.1,2.495778372e-06,1.994679674e-06,nan,nan,nan,nan
2725,68.125,2.495778369e-06,1.994679684e-06,nan,nan,nan,nan
2726,68.15,2.495778368e-06,1.994679685e-06,nan,nan,nan,nan
2727,68.175,2.495778366e-06,1.994679677e-06,nan,nan,nan,nan
2728,68.2,2.495778364e-06,1.994679665e-06,nan,nan,nan,nan
2729,68.225,2.495778362e-06,1.994679662e-06,nan,nan,nan,nan
2730,68.25,2.495778365e-06,1.994679669e-06,nan,nan,nan,nan
2731,68.275,2.495778372e-06,1.994679680e-06,nan,nan,nan,nan
2732,68.3,2.495778376e-06,1.994679685e-06,nan,nan,nan,nan
2733,68.325,2.495778373e-06,1.994679680e-06,nan,nan,nan,nan
2734,68.35,2.495778363e-06,1.994679673e-06,nan,nan,nan,nan
2735,68.375,2.495778356e-06,1.994679669e-06,nan,nan,nan,nan
2736,68.4,2.495778359e-06,1.994679669e-06,nan,nan,nan,nan
2737,68.425,2.495778370e-06,1.994679670e-06,nan,nan,nan,nan
2738,68.45,2.495778379e-06,1.994679673e-06,nan,nan,nan,nan
2739,68.475,2.495778377e-06,1.994679677e-06,nan,nan,nan,nan
2740,68.5,2.495778368e-06,1.994679681e-06,nan,nan,nan,nan
2741,68.525,2.495778360e-06,1.994679681e-06,nan,nan,nan,nan
2742,68.55,2.495778361e-06,1.994679674e-06,nan,nan,nan,nan
2743,68.575,2.495778366e-06,1.994679665e-06,nan,nan,nan,nan
2744,68.6,2.495778370e-06,1.994679663e-06,nan,nan,nan,nan
2745,68.625,2.495778370e-06,1.994679670e-06,nan,nan,nan,nan
2746,68.65,2.495778369e-06,1.994679681e-06,nan,nan,nan,nan
2747,68.675,2.495778371e-06,1.994679684e-06,nan,nan,nan,nan
2748,68.7,2.495778372e-06,1.994679679e-06,nan,nan,nan,nan
2749,68.725,2.495778369e-06,1.994679670e-06,nan,nan,nan,nan
2750,68.75,2.495778363e-06,1.994679666e-06,nan,nan,nan,nan
2751,68.775,2.495778360e-06,1.994679670e-06,nan,nan,nan,nan
2752,68.8,2.495778365e-06,1.994679676e-06,nan,nan,nan,nan
2753,68.825,2.495778374e-06,1.994679677e-06,nan,nan,nan,nan
2754,68.85,2.495778378e-06,1.994679678e-06,nan,nan,nan,nan
2755,68.875,2.495778372e-06,1.994679678e-06,nan,nan,nan,nan
2756,68.9,2.495778363e-06,1.994679677e-06,nan,nan,nan,nan
2757,68.925,2.495778358e-06,1.994679671e-06,nan,nan,nan,nan
2758,68.95,2.495778363e-06,1.994679666e-06,nan,nan,nan,nan
2759,68.975,2.495778372e-06,1.994679665e-06,nan,nan,nan,nan
2760,69,2.495778377e-06,1.994679674e-06,nan,nan,nan,nan
2761,69.025,2.495778371e-06,1.994679685e-06,nan,nan,nan,nan
2762,69.05,2.495778365e-06,1.994679688e-06,nan,nan,nan,nan
2763,69.075,2.495778361e-06,1.994679679e-06,nan,nan,nan,nan
2764,69.1,2.495778363e-06,1.994679664e-06,nan,nan,nan,nan
2765,69.125,2.495778367e-06,1.994679659e-06,nan,nan,nan,nan
2766,69.15,2.495778369e-06,1.994679667e-06,nan,nan,nan,nan
2767,69.175,2.495778370e-06,1.994679681e-06,nan,nan,nan,nan
2768,69.2,2.495778371e-06,1.994679688e-06,nan,nan,nan,nan
2769,69.225,2.495778371e-06,1.994679681e-06,nan,nan,nan,nan
2770,69.25,2.495778369e-06,1.994679671e-06,nan,nan,nan,nan
2771,69.275,2.495778365e-06,1.994679668e-06,nan,nan,nan,nan
2772,69.3,2.495778361e-06,1.994679671e-06,nan,nan,nan,nan
2773,69.325,2.495778364e-06,1.994679673e-06,nan,nan,nan,nan
2774,69.35,2.495778371e-06,1.994679673e-06,nan,nan,nan,nan
2775,69.375,2.495778375e-06,1.994679673e-06,nan,nan,nan,nan
2776,69.4,2.495778373e-06,1.994679676e-06,nan,nan,nan,nan
2777,69.425,2.495778365e-06,1.994679680e-06,nan,nan,nan,nan
2778,69.45,2.495778360e-06,1.994679679e-06,nan,nan,nan,nan
2779,69.475,2.495778361e-06,1.994679671e-06,nan,nan,nan,nan
2780,69.5,2.495778367e-06,1.994679663e-06,nan,nan,nan,nan
2781,69.525,2.495778372e-06,1.994679666e-06,nan,nan,nan,nan
2782,69.55,2.495778373e-06,1.994679678e-06,nan,nan,nan,nan
2783,69.575,2.495778370e-06,1.994679687e-06,nan,nan,nan,nan
2784,69.6,2.495778368e-06,1.994679683e-06,nan,nan,nan,nan
2785,69.625,2.495778367e-06,1.994679669e-06,nan,nan,nan,nan
2786,69.65,2.495778366e-06,1.994679660e-06,nan,nan,nan,nan
2787,69.675,2.495778366e-06,1.994679664e-06,nan,nan,nan,nan
2788,69.7,2.495778367e-06,1.994679677e-06,nan,nan,nan,nan
2789,69.725,2.495778371e-06,1.994679684e-06,nan,nan,nan,nan
2790,69.75,2.495778373e-06,1.994679680e-06,nan,nan,nan,nan
2791,69.775,2.495778371e-06,1.994679672e-06,nan,nan,nan,nan
2792,69.8,2.495778366e-06,1.994679669e-06,nan,nan,nan,nan
2793,69.825,2.495778362e-06,1.994679672e-06,nan,nan,nan,nan
2794,69.85,2.495778364e-06,1.994679676e-06,nan,nan,nan,nan
2795,69.875,2.495778369e-06,1.994679674e-06,nan,nan,nan,nan
2796,69.9,2.495778372e-06,1.994679671e-06,nan,nan,nan,nan
2797,69.925,2.495778370e-06,1.994679675e-06,nan,nan,nan,nan
2798,69.95,2.495778366e-06,1.994679682e-06,nan,nan,nan,nan
2799,69.975,2.495778363e-06,1.994679684e-06,nan,nan,nan,nan
2800,70,2.495778365e-06,1.994679675e-06,nan,nan,nan,nan
2801,70.025,2.495778368e-06,1.994679664e-06,nan,nan,nan,nan
2802,70.05,2.495778368e-06,1.994679663e-06,nan,nan,nan,nan
2803,70.075,2.495778367e-06,1.994679674e-06,nan,nan,nan,nan
2804,70.1,2.495778367e-06,1.994679686e-06,nan,nan,nan,nan
2805,70.125,2.495778368e-06,1.994679686e-06,nan,nan,nan,nan
2806,70.15,2.495778370e-06,1.994679675e-06,nan,nan,nan,nan
2807,70.175,2.495778366e-06,1.994679664e-06,nan,nan,nan,nan
2808,70.2,2.495778363e-06,1.994679664e-06,nan,nan,nan,nan
2809,70.225,2.495778364e-06,1.994679674e-06,nan,nan,nan,nan
2810,70.25,2.495778370e-06,1.994679681e-06,nan,nan,nan,nan
2811,70.275,2.495778376e-06,1.994679679e-06,nan,nan,nan,nan
2812,70.3,2.495778375e-06,1.994679672e-06,nan,nan,nan,nan
2813,70.325,2.495778368e-06,1.994679670e-06,nan,nan,nan,nan
2814,70.35,2.495778361e-06,1.994679672e-06,nan,nan,nan,nan
2815,70.375,2.495778361e-06,1.994679675e-06,nan,nan,nan,nan
2816,70.4,2.495778367e-06,1.994679674e-06,nan,nan,nan,nan
2817,70.425,2.495778372e-06,1.994679671e-06,nan,nan,nan,nan
2818,70.45,2.495778372e-06,1.994679672e-06,nan,nan,nan,nan
2819,70.475,2.495778367e-06,1.994679678e-06,nan,nan,nan,nan
2820,70.5,2.495778365e-06,1.994679680e-06,nan,nan,nan,nan
2821,70.525,2.495778367e-06,1.994679676e-06,nan,nan,nan,nan
2822,70.55,2.495778370e-06,1.994679667e-06,nan,nan,nan,nan
2823,70.575,2.495778370e-06,1.994679666e-06,nan,nan,nan,nan
2824,70.6,2.495778367e-06,1.994679674e-06,nan,nan,nan,nan
2825,70.625,2.495778364e-06,1.994679684e-06,nan,nan,nan,nan
2826,70.65,2.495778366e-06,1.994679684e-06,nan,nan,nan,nan
2827,70.675,2.495778370e-06,1.994679675e-06,nan,nan,nan,nan
2828,70.7,2.495778372e-06,1.994679665e-06,nan,nan,nan,nan
2829,70.725,2.495778368e-06,1.994679665e-06,nan,nan,nan,nan
2830,70.75,2.495778365e-06,1.994679673e-06,nan,nan,nan,nan
2831,70.775,2.495778367e-06,1.994679680e-06,nan,nan,nan,nan
2832,70.8,2.495778370e-06,1.994679680e-06,nan,nan,nan,nan
2833,70.825,2.495778373e-06,1.994679675e-06,nan,nan,nan,nan
2834,70.85,2.495778371e-06,1.994679672e-06,nan,nan,nan,nan
2835,70.875,2.495778365e-06,1.994679674e-06,nan,nan,nan,nan
2836,70.9,2.495778363e-06,1.994679676e-06,nan,nan,nan,nan
2837,70.925,2.495778366e-06,1.994679674e-06,nan,nan,nan,nan
2838,70.95,2.495778371e-06,1.994679671e-06,nan,nan,nan,nan
2839,70.975,2.495778372e-06,1.994679671e-06,nan,nan,nan,nan
2840,71,2.495778369e-06,1.994679676e-06,nan,nan,nan,nan
2841,71.025,2.495778365e-06,1.994679680e-06,nan,nan,nan,nan
2842,71.05,2.495778366e-06,1.994679678e-06,nan,nan,nan,nan
2843,71.075,2.495778368e-06,1.994679671e-06,nan,nan,nan,nan
2844,71.1,2.495778370e-06,1.994679669e-06,nan,nan,nan,nan
2845,71.125,2.495778370e-06,1.994679674e-06,nan,nan,nan,nan
2846,71.15,2.495778366e-06,1.994679681e-06,nan,nan,nan,nan
2847,71.175,2.495778365e-06,1.994679681e-06,nan,nan,nan,nan
2848,71.2,2.495778367e-06,1.994679674e-06,nan,nan,nan,nan
2849,71.225,2.495778370e-06,1.994679667e-06,nan,nan,nan,nan
2850,71.25,2.495778370e-06,1.994679666e-06,nan,nan,nan,nan
2851,71.275,2.495778368e-06,1.994679673e-06,nan,nan,nan,nan
2852,71.3,2.495778365e-06,1.994679679e-06,nan,nan,nan,nan
2853,71.325,2.495778365e-06,1.994679680e-06,nan,nan,nan,nan
2854,71.35,2.495778368e-06,1.994679676e-06,nan,nan,nan,nan
2855,71.375,2.495778370e-06,1.994679672e-06,nan,nan,nan,nan
2856,71.4,2.495778370e-06,1.994679673e-06,nan,nan,nan,nan
2857,71.425,2.495778368e-06,1.994679673e-06,nan,nan,nan,nan
2858,71.45,2.495778368e-06,1.994679672e-06,nan,nan,nan,nan
2859,71.475,2.495778369e-06,1.994679672e-06,nan,nan,nan,nan
2860,71.5,2.495778369e-06,1.994679675e-06,nan,nan,nan,nan
2861,71.525,2.495778367e-06,1.994679680e-06,nan,nan,nan,nan
2862,71.55,2.495778365e-06,1.994679679e-06,nan,nan,nan,nan
2863,71.575,2.495778364e-06,1.994679673e-06,nan,nan,nan,nan
2864,71.6,2.495778366e-06,1.994679667e-06,nan,nan,nan,nan
2865,71.625,2.495778370e-06,1.994679667e-06,nan,nan,nan,nan
2866,71.65,2.495778373e-06,1.994679674e-06,nan,nan,nan,nan
2867,71.675,2.495778373e-06,1.994679682e-06,nan,nan,nan,nan
2868,71.7,2.495778368e-06,1.994679682e-06,nan,nan,nan,nan
2869,71.725,2.495778364e-06,1.994679675e-06,nan,nan,nan,nan
2870,71.75,2.495778363e-06,1.994679669e-06,nan,nan,nan,nan
2871,71.775,2.495778368e-06,1.994679669e-06,nan,nan,nan,nan
2872,71.8,2.495778373e-06,1.994679674e-06,nan,nan,nan,nan
2873,71.825,2.495778374e-06,1.994679677e-06,nan,nan,nan,nan
2874,71.85,2.495778370e-06,1.994679677e-06,nan,nan,nan,nan
2875,71.875,2.495778365e-06,1.994679674e-06,nan,nan,nan,nan
2876,71.9,2.495778363e-06,1.994679674e-06,nan,nan,nan,nan
2877,71.925,2.495778366e-06,1.994679674e-06,nan,nan,nan,nan
2878,71.95,2.495778369e-06,1.994679673e-06,nan,nan,nan,nan
2879,71.975,2.495778371e-06,1.994679671e-06,nan,nan,nan,nan
2880,72,2.495778368e-06,1.994679672e-06,nan,nan,nan,nan
2881,72.025,2.495778366e-06,1.994679678e-06,nan,nan,nan,nan
2882,72.05,2.495778367e-06,1.994679684e-06,nan,nan,nan,nan
2883,72.075,2.495778369e-06,1.994679681e-06,nan,nan,nan,nan
2884,72.1,2.495778369e-06,1.994679673e-06,nan,nan,nan,nan
2885,72.125,2.495778366e-06,1.994679665e-06,nan,nan,nan,nan
2886,72.15,2.495778365e-06,1.994679665e-06,nan,nan,nan,nan
2887,72.175,2.495778367e-06,1.994679673e-06,nan,nan,nan,nan
2888,72.2,2.495778372e-06,1.994679683e-06,nan,nan,nan,nan
2889,72.225,2.495778374e-06,1.994679683e-06,nan,nan,nan,nan
2890,72.25,2.495778369e-06,1.994679677e-06,nan,nan,nan,nan
2891,72.275,2.495778362e-06,1.994679669e-06,nan,nan,nan,nan
2892,72.3,2.495778361e-06,1.994679669e-06,nan,nan,nan,nan
2893,72.325,2.495778368e-06,1.994679671e-06,nan,nan,nan,nan
2894,72.35,2.495778376e-06,1.994679673e-06,nan,nan,nan,nan
2895,72.375,2.495778377e-06,1.994679675e-06,nan,nan,nan,nan
2896,72.4,2.495778369e-06,1.994679678e-06,nan,nan,nan,nan
2897,72.425,2.495778361e-06,1.994679680e-06,nan,nan,nan,nan
2898,72.45,2.495778359e-06,1.994679679e-06,nan,nan,nan,nan
2899,72.475,2.495778365e-06,1.994679672e-06,nan,nan,nan,nan
2900,72.5,2.495778371e-06,1.994679665e-06,nan,nan,nan,nan
2901,72.525,2.495778370e-06,1.994679666e-06,nan,nan,nan,nan
2902,72.55,2.495778367e-06,1.994679676e-06,nan,nan,nan,nan
2903,72.575,2.495778366e-06,1.994679686e-06,nan,nan,nan,nan
2904,72.6,2.495778368e-06,1.994679685e-06,nan,nan,nan,nan
2905,72.625,2.495778370e-06,1.994679674e-06,nan,nan,nan,nan
2906,72.65,2.495778367e-06,1.994679664e-06,nan,nan,nan,nan
2907,72.675,2.495778363e-06,1.994679664e-06,nan,nan,nan,nan
2908,72.7,2.495778364e-06,1.994679674e-06,nan,nan,nan,nan
2909,72.725,2.495778370e-06,1.994679683e-06,nan,nan,nan,nan
2910,72.75,2.495778377e-06,1.994679681e-06,nan,nan,nan,nan
2911,72.775,2.495778375e-06,1.994679674e-06,nan,nan,nan,nan
2912,72.8,2.495778365e-06,1.994679669e-06,nan,nan,nan,nan
2913,72.825,2.495778357e-06,1.994679669e-06,nan,nan,nan,nan
2914,72.85,2.495778360e-06,1.994679672e-06,nan,nan,nan,nan
2915,72.875,2.495778370e-06,1.994679673e-06,nan,nan,nan,nan
2916,72.9,2.495778378e-06,1.994679672e-06,nan,nan,nan,nan
2917,72.925,2.495778373e-06,1.994679676e-06,nan,nan,nan,nan
2918,72.95,2.495778364e-06,1.994679681e-06,nan,nan,nan,nan
2919,72.975,2.495778358e-06,1.994679683e-06,nan,nan,nan,nan
2920,73,2.495778363e-06,1.994679675e-06,nan,nan,nan,nan
2921,73.025,2.495778371e-06,1.994679663e-06,nan,nan,nan,nan
2922,73.05,2.495778373e-06,1.994679659e-06,nan,nan,nan,nan
2923,73.075,2.495778368e-06,1.994679671e-06,nan,nan,nan,nan
2924,73.1,2.495778364e-06,1.994679686e-06,nan,nan,nan,nan
2925,73.125,2.495778366e-06,1.994679690e-06,nan,nan,nan,nan
2926,73.15,2.495778371e-06,1.994679679e-06,nan,nan,nan,nan
2927,73.175,2.495778372e-06,1.994679663e-06,nan,nan,nan,nan
2928,73.2,2.495778366e-06,1.994679660e-06,nan,nan,nan,nan
2929,73.225,2.495778360e-06,1.994679669e-06,nan,nan,nan,nan
2930,73.25,2.495778363e-06,1.994679680e-06,nan,nan,nan,nan
2931,73.275,2.495778372e-06,1.994679681e-06,nan,nan,nan,nan
2932,73.3,2.495778378e-06,1.994679675e-06,nan,nan,nan,nan
2933,73.325,2.495778373e-06,1.994679672e-06,nan,nan,nan,nan
2934,73.35,2.495778362e-06,1.994679674e-06,nan,nan,nan,nan
2935,73.375,2.495778358e-06,1.994679677e-06,nan,nan,nan,nan
2936,73.4,2.495778365e-06,1.994679673e-06,nan,nan,nan,nan
2937,73.425,2.495778375e-06,1.994679667e-06,nan,nan,nan,nan
2938,73.45,2.495778377e-06,1.994679670e-06,nan,nan,nan,nan
2939,73.475,2.495778369e-06,1.994679680e-06,nan,nan,nan,nan
2940,73.5,2.495778361e-06,1.994679688e-06,nan,nan,nan,nan
2941,73.525,2.495778361e-06,1.994679682e-06,nan,nan,nan,nan
2942,73.55,2.495778369e-06,1.994679666e-06,nan,nan,nan,nan
2943,73.575,2.495778373e-06,1.994679656e-06,nan,nan,nan,nan
2944,73.6,2.495778371e-06,1.994679664e-06,nan,nan,nan,nan
2945,73.625,2.495778366e-06,1.994679683e-06,nan,nan,nan,nan
2946,73.65,2.495778365e-06,1.994679693e-06,nan,nan,nan,nan
2947,73.675,2.495778371e-06,1.994679684e-06,nan,nan,nan,nan
2948,73.7,2.495778374e-06,1.994679666e-06,nan,nan,nan,nan
2949,73.725,2.495778371e-06,1.994679657e-06,nan,nan,nan,nan
2950,73.75,2.495778363e-06,1.994679666e-06,nan,nan,nan,nan
2951,73.775,2.495778361e-06,1.994679680e-06,nan,nan,nan,nan
2952,73.8,2.495778368e-06,1.994679684e-06,nan,nan,nan,nan
2953,73.825,2.495778377e-06,1.994679677e-06,nan,nan,nan,nan
2954,73.85,2.495778376e-06,1.994679671e-06,nan,nan,nan,nan
2955,73.875,2.495778367e-06,1.994679673e-06,nan,nan,nan,nan
2956,73.9,2.495778359e-06,1.994679678e-06,nan,nan,nan,nan
2957,73.925,2.495778360e-06,1.994679677e-06,nan,nan,nan,nan
2958,73.95,2.495778371e-06,1.994679670e-06,nan,nan,nan,nan
2959,73.975,2.495778379e-06,1.994679667e-06,nan,nan,nan,nan
2960,74,2.495778375e-06,1.994679676e-06,nan,nan,nan,nan
2961,74.025,2.495778364e-06,1.994679689e-06,nan,nan,nan,nan
2962,74.05,2.495778359e-06,1.994679689e-06,nan,nan,nan,nan
2963,74.075,2.495778364e-06,1.994679674e-06,nan,nan,nan,nan
2964,74.1,2.495778372e-06,1.994679658e-06,nan,nan,nan,nan
2965,74.125,2.495778376e-06,1.994679659e-06,nan,nan,nan,nan
2966,74.15,2.495778371e-06,1.994679676e-06,nan,nan,nan,nan
2967,74.175,2.495778366e-06,1.994679690e-06,nan,nan,nan,nan
2968,74.2,2.495778365e-06,1.994679688e-06,nan,nan,nan,nan
2969,74.225,2.495778369e-06,1.994679673e-06,nan,nan,nan,nan
2970,74.25,2.495778371e-06,1.994679661e-06,nan,nan,nan,nan
2971,74.275,2.495778367e-06,1.994679665e-06,nan,nan,nan,nan
2972,74.3,2.495778362e-06,1.994679677e-06,nan,nan,nan,nan
2973,74.325,2.495778363e-06,1.994679684e-06,nan,nan,nan,nan
2974,74.35,2.495778370e-06,1.994679679e-06,nan,nan,nan,nan
2975,74.375,2.495778377e-06,1.994679671e-06,nan,nan,nan,nan
2976,74.4,2.495778375e-06,1.994679671e-06,nan,nan,nan,nan
2977,74.425,2.495778365e-06,1.994679678e-06,nan,nan,nan,nan
2978,74.45,2.495778359e-06,1.994679680e-06,nan,nan,nan,nan
2979,74.475,2.495778362e-06,1.994679673e-06,nan,nan,nan,nan
2980,74.5,2.495778370e-06,1.994679666e-06,nan,nan,nan,nan
2981,74.525,2.495778376e-06,1.994679669e-06,nan,nan,nan,nan
2982,74.55,2.495778373e-06,1.994679681e-06,nan,nan,nan,nan
2983,74.575,2.495778366e-06,1.994679688e-06,nan,nan,nan,nan
2984,74.6,2.495778362e-06,1.994679681e-06,nan,nan,nan,nan
2985,74.625,2.495778365e-06,1.994679664e-06,nan,nan,nan,nan
2986,74.65,2.495778371e-06,1.994679657e-06,nan,nan,nan,nan
2987,74.675,2.495778372e-06,1.994679667e-06,nan,nan,nan,nan
2988,74.7,2.495778369e-06,1.994679684e-06,nan,nan,nan,nan
2989,74.725,2.495778365e-06,1.994679691e-06,nan,nan,nan,nan
2990,74.75,2.495778366e-06,1.994679682e-06,nan,nan,nan,nan
2991,74.775,2.495778369e-06,1.994679667e-06,nan,nan,nan,nan
2992,74.8,2.495778370e-06,1.994679661e-06,nan,nan,nan,nan
2993,74.825,2.495778368e-06,1.994679668e-06,nan,nan,nan,nan
2994,74.85,2.495778365e-06,1.994679678e-06,nan,nan,nan,nan
2995,74.875,2.495778366e-06,1.994679681e-06,nan,nan,nan,nan
2996,74.9,2.495778371e-06,1.994679678e-06,nan,nan,nan,nan
2997,74.925,2.495778374e-06,1.994679674e-06,nan,nan,nan,nan
2998,74.95,2.495778372e-06,1.994679674e-06,nan,nan,nan,nan
2999,74.975,2.495778365e-06,1.994679675e-06,nan,nan,nan,nan
3000,75,2.495778361e-06,1.994679675e-06,nan,nan,nan,nan
3001,75.025,2.495778364e-06,1.994679672e-06,nan,nan,nan,nan
3002,75.05,2.495778371e-06,1.994679671e-06,nan,nan,nan,nan
3003,75.075,2.495778375e-06,1.994679674e-06,nan,nan,nan,nan
3004,75.1,2.495778371e-06,1.994679680e-06,nan,nan,nan,nan
3005,75.125,2.495778365e-06,1.994679680e-06,nan,nan,nan,nan
3006,75.15,2.495778362e-06,1.994679674e-06,nan,nan,nan,nan
3007,75.175,2.495778365e-06,1.994679668e-06,nan,nan,nan,nan
3008,75.2,2.495778371e-06,1.994679669e-06,nan,nan,nan,nan
3009,75.225,2.495778372e-06,1.994679676e-06,nan,nan,nan,nan
3010,75.25,2.495778368e-06,1.994679682e-06,nan,nan,nan,nan
3011,75.275,2.495778364e-06,1.994679682e-06,nan,nan,nan,nan
3012,75.3,2.495778366e-06,1.994679675e-06,nan,nan,nan,nan
3013,75.325,2.495778370e-06,1.994679669e-06,nan,nan,nan,nan
3014,75.35,2.495778373e-06,1.994679667e-06,nan,nan,nan,nan
3015,75.375,2.495778369e-06,1.994679671e-06,nan,nan,nan,nan
3016,75.4,2.495778364e-06,1.994679677e-06,nan,nan,nan,nan
3017,75.425,2.495778363e-06,1.994679681e-06,nan,nan,nan,nan
3018,75.45,2.495778368e-06,1.994679678e-06,nan,nan,nan,nan
3019,75.475,2.495778373e-06,1.994679674e-06,nan,nan,nan,nan
3020,75.5,2.495778373e-06,1.994679669e-06,nan,nan,nan,nan
3021,75.525,2.495778367e-06,1.994679670e-06,nan,nan,nan,nan
3022,75.55,2.495778363e-06,1.994679674e-06,nan,nan,nan,nan
3023,75.575,2.495778363e-06,1.994679678e-06,nan,nan,nan,nan
3024,75.6,2.495778369e-06,1.994679679e-06,nan,nan,nan,nan
3025,75.625,2.495778372e-06,1.994679676e-06,nan,nan,nan,nan
3026,75.65,2.495778369e-06,1.994679674e-06,nan,nan,nan,nan
3027,75.675,2.495778363e-06,1.994679674e-06,nan,nan,nan,nan
3028,75.7,2.495778363e-06,1.994679675e-06,nan,nan,nan,nan
3029,75.725,2.495778369e-06,1.994679675e-06,nan,nan,nan,nan
3030,75.75,2.495778374e-06,1.994679674e-06,nan,nan,nan,nan
3031,75.775,2.495778372e-06,1.994679673e-06,nan,nan,nan,nan
3032,75.8,2.495778366e-06,1.994679675e-06,nan,nan,nan,nan
3033,75.825,2.495778361e-06,1.994679677e-06,nan,nan,nan,nan
3034,75.85,2.495778364e-06,1.994679677e-06,nan,nan,nan,nan
3035,75.875,2.495778372e-06,1.994679672e-06,nan,nan,nan,nan
3036,75.9,2.495778374e-06,1.994679667e-06,nan,nan,nan,nan
3037,75.925,2.495778370e-06,1.994679670e-06,nan,nan,nan,nan
3038,75.95,2.495778363e-06,1.994679679e-06,nan,nan,nan,nan
3039,75.975,2.495778362e-06,1.994679684e-06,nan,nan,nan,nan
3040,76,2.495778368e-06,1.994679679e-06,nan,nan,nan,nan
3041,76.025,2.495778373e-06,1.994679667e-06,nan,nan,nan,nan
3042,76.05,2.495778373e-06,1.994679662e-06,nan,nan,nan,nan
3043,76.075,2.495778366e-06,1.994679669e-06,nan,nan,nan,nan
3044,76.1,2.495778361e-06,1.994679682e-06,nan,nan,nan,nan
3045,76.125,2.495778365e-06,1.994679686e-06,nan,nan,nan,nan
3046,76.15,2.495778371e-06,1.994679678e-06,nan,nan,nan,nan
3047,76.175,2.495778372e-06,1.994679667e-06,nan,nan,nan,nan
3048,76.2,2.495778367e-06,1.994679665e-06,nan,nan,nan,nan
3049,76.225,2.495778363e-06,1.994679673e-06,nan,nan,nan,nan
3050,76.25,2.495778365e-06,1.994679681e-06,nan,nan,nan,nan
3051,76.275,2.495778371e-06,1.994679680e-06,nan,nan,nan,nan
3052,76.3,2.495778375e-06,1.994679673e-06,nan,nan,nan,nan
3053,76.325,2.495778370e-06,1.994679670e-06,nan,nan,nan,nan
3054,76.35,2.495778363e-06,1.994679675e-06,nan,nan,nan,nan
3055,76.375,2.495778362e-06,1.994679680e-06,nan,nan,nan,nan
3056,76.4,2.495778368e-06,1.994679677e-06,nan,nan,nan,nan
3057,76.425,2.495778376e-06,1.994679667e-06,nan,nan,nan,nan
3058,76.45,2.495778377e-06,1.994679664e-06,nan,nan,nan,nan
3059,76.475,2.495778369e-06,1.994679673e-06,nan,nan,nan,nan
3060,76.5,2.495778362e-06,1.994679685e-06,nan,nan,nan,nan
3061,76.525,2.495778362e-06,1.994679686e-06,nan,nan,nan,nan
3062,76.55,2.495778369e-06,1.994679672e-06,nan,nan,nan,nan
3063,76.575,2.495778374e-06,1.994679660e-06,nan,nan,nan,nan
3064,76.6,2.495778372e-06,1.994679662e-06,nan,nan,nan,nan
3065,76.625,2.495778366e-06,1.994679679e-06,nan,nan,nan,nan
3066,76.65,2.495778364e-06,1.994679692e-06,nan,nan,nan,nan
3067,76.675,2.495778368e-06,1.994679687e-06,nan,nan,nan,nan
3068,76.7,2.495778371e-06,1.994679669e-06,nan,nan,nan,nan
3069,76.725,2.495778370e-06,1.994679659e-06,nan,nan,nan,nan
3070,76.75,2.495778365e-06,1.994679667e-06,nan,nan,nan,nan
3071,76.775,2.495778363e-06,1.994679682e-06,nan,nan,nan,nan
3072,76.8,2.495778367e-06,1.994679686e-06,nan,nan,nan,nan
3073,76.825,2.495778374e-06,1.994679677e-06,nan,nan,nan,nan
3074,76.85,2.495778374e-06,1.994679667e-06,nan,nan,nan,nan
3075,76.875,2.495778369e-06,1.994679669e-06,nan,nan,nan,nan
3076,76.9,2.495778363e-06,1.994679678e-06,nan,nan,nan,nan
3077,76.925,2.495778364e-06,1.994679681e-06,nan,nan,nan,nan
3078,76.95,2.495778371e-06,1.994679674e-06,nan,nan,nan,nan
3079,76.975,2.495778375e-06,1.994679665e-06,nan,nan,nan,nan
3080,77,2.495778371e-06,1.994679669e-06,nan,nan,nan,nan
3081,77.025,2.495778364e-06,1.994679683e-06,nan,nan,nan,nan
3082,77.05,2.495778361e-06,1.994679690e-06,nan,nan,nan,nan
3083,77.075,2.495778365e-06,1.994679680e-06,nan,nan,nan,nan
3084,77.1,2.495778371e-06,1.994679662e-06,nan,nan,nan,nan
3085,77.125,2.495778373e-06,1.994679655e-06,nan,nan,nan,nan
3086,77.15,2.495778371e-06,1.994679670e-06,nan,nan,nan,nan
3087,77.175,2.495778366e-06,1.994679690e-06,nan,nan,nan,nan
3088,77.2,2.495778365e-06,1.994679694e-06,nan,nan,nan,nan
3089,77.225,2.495778366e-06,1.994679679e-06,nan,nan,nan,nan
3090,77.25,2.495778368e-06,1.994679661e-06,nan,nan,nan,nan
3091,77.275,2.495778367e-06,1.994679659e-06,nan,nan,nan,nan
3092,77.3,2.495778367e-06,1.994679672e-06,nan,nan,nan,nan
3093,77.325,2.495778369e-06,1.994679685e-06,nan,nan,nan,nan
3094,77.35,2.495778372e-06,1.994679682e-06,nan,nan,nan,nan
3095,77.375,2.495778371e-06,1.994679672e-06,nan,nan,nan,nan
3096,77.4,2.495778367e-06,1.994679668e-06,nan,nan,nan,nan
3097,77.425,2.495778362e-06,1.994679673e-06,nan,nan,nan,nan
3098,77.45,2.495778362e-06,1.994679679e-06,nan,nan,nan,nan
3099,77.475,2.495778367e-06,1.994679676e-06,nan,nan,nan,nan
3100,77.5,2.495778372e-06,1.994679669e-06,nan,nan,nan,nan
3101,77.525,2.495778372e-06,1.994679668e-06,nan,nan,nan,nan
3102,77.55,2.495778367e-06,1.994679677e-06,nan,nan,nan,nan
3103,77.575,2.495778362e-06,1.994679687e-06,nan,nan,nan,nan
3104,77.6,2.495778362e-06,1.994679684e-06,nan,nan,nan,nan
3105,77.625,2.495778366e-06,1.994679669e-06,nan,nan,nan,nan
3106,77.65,2.495778370e-06,1.994679659e-06,nan,nan,nan,nan
3107,77.675,2.495778370e-06,1.994679664e-06,nan,nan,nan,nan
3108,77.7,2.495778370e-06,1.994679680e-06,nan,nan,nan,nan
3109,77.725,2.495778368e-06,1.994679690e-06,nan,nan,nan,nan
3110,77.75,2.495778366e-06,1.994679684e-06,nan,nan,nan,nan
3111,77.775,2.495778366e-06,1.994679668e-06,nan,nan,nan,nan
3112,77.8,2.495778366e-06,1.994679660e-06,nan,nan,nan,nan
3113,77.825,2.495778367e-06,1.994679665e-06,nan,nan,nan,nan
3114,77.85,2.495778368e-06,1.994679675e-06,nan,nan,nan,nan
3115,77.875,2.495778370e-06,1.994679680e-06,nan,nan,nan,nan
3116,77.9,2.495778371e-06,1.994679679e-06,nan,nan,nan,nan
3117,77.925,2.495778367e-06,1.994679676e-06,nan,nan,nan,nan
3118,77.95,2.495778364e-06,1.994679675e-06,nan,nan,nan,nan
3119,77.975,2.495778364e-06,1.994679674e-06,nan,nan,nan,nan
3120,78,2.495778367e-06,1.994679671e-06,nan,nan,nan,nan
3121,78.025,2.495778370e-06,1.994679668e-06,nan,nan,nan,nan
3122,78.05,2.495778372e-06,1.994679669e-06,nan,nan,nan,nan
3123,78.075,2.495778371e-06,1.994679679e-06,nan,nan,nan,nan
3124,78.1,2.495778368e-06,1.994679685e-06,nan,nan,nan,nan
3125,78.125,2.495778365e-06,1.994679682e-06,nan,nan,nan,nan
3126,78.15,2.495778364e-06,1.994679670e-06,nan,nan,nan,nan
3127,78.175,2.495778364e-06,1.994679662e-06,nan,nan,nan,nan
3128,78.2,2.495778366e-06,1.994679665e-06,nan,nan,nan,nan
3129,78.225,2.495778370e-06,1.994679675e-06,nan,nan,nan,nan
3130,78.25,2.495778372e-06,1.994679684e-06,nan,nan,nan,nan
3131,78.275,2.495778371e-06,1.994679683e-06,nan,nan,nan,nan
3132,78.3,2.495778366e-06,1.994679675e-06,nan,nan,nan,nan
3133,78.325,2.495778363e-06,1.994679669e-06,nan,nan,nan,nan
3134,78.35,2.495778362e-06,1.994679667e-06,nan,nan,nan,nan
3135,78.375,2.495778367e-06,1.994679670e-06,nan,nan,nan,nan
3136,78.4,2.495778372e-06,1.994679675e-06,nan,nan,nan,nan
3137,78.425,2.495778372e-06,1.994679678e-06,nan,nan,nan,nan
3138,78.45,2.495778369e-06,1.994679681e-06,nan,nan,nan,nan
3139,78.475,2.495778366e-06,1.994679680e-06,nan,nan,nan,nan
3140,78.5,2.495778365e-06,1.994679673e-06,nan,nan,nan,nan
3141,78.525,2.495778366e-06,1.994679665e-06,nan,nan,nan,nan
3142,78.55,2.495778369e-06,1.994679663e-06,nan,nan,nan,nan
3143,78.575,2.495778369e-06,1.994679670e-06,nan,nan,nan,nan
3144,78.6,2.495778368e-06,1.994679682e-06,nan,nan,nan,nan
3145,78.625,2.495778368e-06,1.994679687e-06,nan,nan,nan,nan
3146,78.65,2.495778368e-06,1.994679681e-06,nan,nan,nan,nan
3147,78.675,2.495778367e-06,1.994679669e-06,nan,nan,nan,nan
3148,78.7,2.495778365e-06,1.994679663e-06,nan,nan,nan,nan
3149,78.725,2.495778365e-06,1.994679667e-06,nan,nan,nan,nan
3150,78.75,2.495778366e-06,1.994679676e-06,nan,nan,nan,nan
3151,78.775,2.495778370e-06,1.994679680e-06,nan,nan,nan,nan
3152,78.8,2.495778372e-06,1.994679679e-06,nan,nan,nan,nan
3153,78.825,2.495778370e-06,1.994679676e-06,nan,nan,nan,nan
3154,78.85,2.495778364e-06,1.994679675e-06,nan,nan,nan,nan
3155,78.875,2.495778362e-06,1.994679674e-06,nan,nan,nan,nan
3156,78.9,2.495778364e-06,1.994679670e-06,nan,nan,nan,nan
3157,78.925,2.495778370e-06,1.994679666e-06,nan,nan,nan,nan
3158,78.95,2.495778373e-06,1.994679669e-06,nan,nan,nan,nan
3159,78.975,2.495778372e-06,1.994679679e-06,nan,nan,nan,nan
3160,79,2.495778367e-06,1.994679686e-06,nan,nan,nan,nan
3161,79.025,2.495778366e-06,1.994679682e-06,nan,nan,nan,nan
3162,79.05,2.495778367e-06,1.994679668e-06,nan,nan,nan,nan
3163,79.075,2.495778369e-06,1.994679658e-06,nan,nan,nan,nan
3164,79.1,2.495778369e-06,1.994679664e-06,nan,nan,nan,nan
3165,79.125,2.495778367e-06,1.994679680e-06,nan,nan,nan,nan
3166,79.15,2.495778367e-06,1.994679690e-06,nan,nan,nan,nan
3167,79.175,2.495778368e-06,1.994679685e-06,nan,nan,nan,nan
3168,79.2,2.495778370e-06,1.994679670e-06,nan,nan,nan,nan
3169,79.225,2.495778369e-06,1.994679662e-06,nan,nan,nan,nan
3170,79.25,2.495778366e-06,1.994679666e-06,nan,nan,nan,nan
3171,79.275,2.495778365e-06,1.994679677e-06,nan,nan,nan,nan
3172,79.3,2.495778367e-06,1.994679680e-06,nan,nan,nan,nan
3173,79.325,2.495778371e-06,1.994679677e-06,nan,nan,nan,nan
3174,79.35,2.495778372e-06,1.994679674e-06,nan,nan,nan,nan
3175,79.375,2.495778369e-06,1.994679676e-06,nan,nan,nan,nan
3176,79.4,2.495778366e-06,1.994679678e-06,nan,nan,nan,nan
3177,79.425,2.495778366e-06,1.994679675e-06,nan,nan,nan,nan
3178,79.45,2.495778368e-06,1.994679667e-06,nan,nan,nan,nan
3179,79.475,2.495778371e-06,1.994679663e-06,nan,nan,nan,nan
3180,79.5,2.495778370e-06,1.994679673e-06,nan,nan,nan,nan
3181,79.525,2.495778368e-06,1.994679686e-06,nan,nan,nan,nan
3182,79.55,2.495778366e-06,1.994679688e-06,nan,nan,nan,nan
3183,79.575,2.495778367e-06,1.994679676e-06,nan,nan,nan,nan
3184,79.6,2.495778371e-06,1.994679661e-06,nan,nan,nan,nan
3185,79.625,2.495778371e-06,1.994679660e-06,nan,nan,nan,nan
3186,79.65,2.495778369e-06,1.994679673e-06,nan,nan,nan,nan
3187,79.675,2.495778368e-06,1.994679687e-06,nan,nan,nan,nan
3188,79.7,2.495778367e-06,1.994679686e-06,nan,nan,nan,nan
3189,79.725,2.495778367e-06,1.994679674e-06,nan,nan,nan,nan
3190,79.75,2.495778369e-06,1.994679664e-06,nan,nan,nan,nan
3191,79.775,2.495778369e-06,1.994679666e-06,nan,nan,nan,nan
3192,79.8,2.495778367e-06,1.994679676e-06,nan,nan,nan,nan
3193,79.825,2.495778366e-06,1.994679682e-06,nan,nan,nan,nan
3194,79.85,2.495778368e-06,1.994679678e-06,nan,nan,nan,nan
3195,79.875,2.495778370e-06,1.994679672e-06,nan,nan,nan,nan
3196,79.9,2.495778371e-06,1.994679672e-06,nan,nan,nan,nan
3197,79.925,2.495778368e-06,1.994679677e-06,nan,nan,nan,nan
3198,79.95,2.495778367e-06,1.994679679e-06,nan,nan,nan,nan
3199,79.975,2.495778368e-06,1.994679673e-06,nan,nan,nan,nan
3200,80,2.495778370e-06,1.994679668e-06,nan,nan,nan,nan
3201,80.025,2.495778371e-06,1.994679670e-06,nan,nan,nan,nan
3202,80.05,2.495778370e-06,1.994679680e-06,nan,nan,nan,nan
3203,80.075,2.495778367e-06,1.994679685e-06,nan,nan,nan,nan
3204,80.1,2.495778366e-06,1.994679678e-06,nan,nan,nan,nan
3205,80.125,2.495778368e-06,1.994679666e-06,nan,nan,nan,nan
3206,80.15,2.495778371e-06,1.994679661e-06,nan,nan,nan,nan
3207,80.175,2.495778371e-06,1.994679670e-06,nan,nan,nan,nan
3208,80.2,2.495778367e-06,1.994679684e-06,nan,nan,nan,nan
3209,80.225,2.495778366e-06,1.994679688e-06,nan,nan,nan,nan
3210,80.25,2.495778367e-06,1.994679681e-06,nan,nan,nan,nan
3211,80.275,2.495778369e-06,1.994679669e-06,nan,nan,nan,nan
3212,80.3,2.495778369e-06,1.994679666e-06,nan,nan,nan,nan
3213,80.325,2.495778368e-06,1.994679671e-06,nan,nan,nan,nan
3214,80.35,2.495778365e-06,1.994679677e-06,nan,nan,nan,nan
3215,80.375,2.495778366e-06,1.994679679e-06,nan,nan,nan,nan
3216,80.4,2.495778368e-06,1.994679676e-06,nan,nan,nan,nan
3217,80.425,2.495778370e-06,1.994679674e-06,nan,nan,nan,nan
3218,80.45,2.495778370e-06,1.994679675e-06,nan,nan,nan,nan
3219,80.475,2.495778367e-06,1.994679674e-06,nan,nan,nan,nan
3220,80.5,2.495778365e-06,1.994679673e-06,nan,nan,nan,nan
3221,80.525,2.495778366e-06,1.994679671e-06,nan,nan,nan,nan
3222,80.55,2.495778370e-06,1.994679674e-06,nan,nan,nan,nan
3223,80.575,2.495778372e-06,1.994679678e-06,nan,nan,nan,nan
3224,80.6,2.495778371e-06,1.994679680e-06,nan,nan,nan,nan
3225,80.625,2.495778367e-06,1.994679676e-06,nan,nan,nan,nan
3226,80.65,2.495778366e-06,1.994679670e-06,nan,nan,nan,nan
3227,80.675,2.495778366e-06,1.994679667e-06,nan,nan,nan,nan
3228,80.7,2.495778369e-06,1.994679671e-06,nan,nan,nan,nan
3229,80.725,2.495778370e-06,1.994679679e-06,nan,nan,nan,nan
3230,80.75,2.495778368e-06,1.994679683e-06,nan,nan,nan,nan
3231,80.775,2.495778366e-06,1.994679681e-06,nan,nan,nan,nan
3232,80.8,2.495778366e-06,1.994679675e-06,nan,nan,nan,nan
3233,80.825,2.495778367e-06,1.994679670e-06,nan,nan,nan,nan
3234,80.85,2.495778369e-06,1.994679669e-06,nan,nan,nan,nan
3235,80.875,2.495778367e-06,1.994679673e-06,nan,nan,nan,nan
3236,80.9,2.495778365e-06,1.994679677e-06,nan,nan,nan,nan
3237,80.925,2.495778364e-06,1.994679681e-06,nan,nan,nan,nan
3238,80.95,2.495778366e-06,1.994679681e-06,nan,nan,nan,nan
3239,80.975,2.495778370e-06,1.994679675e-06,nan,nan,nan,nan
3240,81,2.495778372e-06,1.994679669e-06,nan,nan,nan,nan
3241,81.025,2.495778371e-06,1.994679667e-06,nan,nan,nan,nan
3242,81.05,2.495778367e-06,1.994679671e-06,nan,nan,nan,nan
3243,81.075,2.495778366e-06,1.994679678e-06,nan,nan,nan,nan
3244,81.1,2.495778366e-06,1.994679681e-06,nan,nan,nan,nan
3245,81.125,2.495778368e-06,1.994679677e-06,nan,nan,nan,nan
3246,81.15,2.495778368e-06,1.994679670e-06,nan,nan,nan,nan
3247,81.175,2.495778368e-06,1.994679669e-06,nan,nan,nan,nan
3248,81.2,2.495778367e-06,1.994679671e-06,nan,nan,nan,nan
3249,81.225,2.495778368e-06,1.994679675e-06,nan,nan,nan,nan
3250,81.25,2.495778370e-06,1.994679676e-06,nan,nan,nan,nan
3251,81.275,2.495778370e-06,1.994679675e-06,nan,nan,nan,nan
3252,81.3,2.495778368e-06,1.994679675e-06,nan,nan,nan,nan
3253,81.325,2.495778365e-06,1.994679677e-06,nan,nan,nan,nan
3254,81.35,2.495778365e-06,1.994679677e-06,nan,nan,nan,nan
3255,81.375,2.495778366e-06,1.994679673e-06,nan,nan,nan,nan
3256,81.4,2.495778368e-06,1.994679668e-06,nan,nan,nan,nan
3257,81.425,2.495778369e-06,1.994679668e-06,nan,nan,nan,nan
3258,81.45,2.495778369e-06,1.994679677e-06,nan,nan,nan,nan
3259,81.475,2.495778368e-06,1.994679684e-06,nan,nan,nan,nan
3260,81.5,2.495778369e-06,1.994679681e-06,nan,nan,nan,nan
3261,81.525,2.495778370e-06,1.994679670e-06,nan,nan,nan,nan
3262,81.55,2.495778371e-06,1.994679660e-06,nan,nan,nan,nan
3263,81.575,2.495778370e-06,1.994679665e-06,nan,nan,nan,nan
3264,81.6,2.495778368e-06,1.994679679e-06,nan,nan,nan,nan
3265,81.625,2.495778366e-06,1.994679689e-06,nan,nan,nan,nan
3266,81.65,2.495778368e-06,1.994679682e-06,nan,nan,nan,nan
3267,81.675,2.495778371e-06,1.994679668e-06,nan,nan,nan,nan
3268,81.7,2.495778371e-06,1.994679660e-06,nan,nan,nan,nan
3269,81.725,2.495778368e-06,1.994679667e-06,nan,nan,nan,nan
3270,81.75,2.495778367e-06,1.994679679e-06,nan,nan,nan,nan
3271,81.775,2.495778367e-06,1.994679684e-06,nan,nan,nan,nan
3272,81.8,2.495778368e-06,1.994679678e-06,nan,nan,nan,nan
3273,81.825,2.495778370e-06,1.994679672e-06,nan,nan,nan,nan
3274,81.85,2.495778370e-06,1.994679674e-06,nan,nan,nan,nan
3275,81.875,2.495778368e-06,1.994679679e-06,nan,nan,nan,nan
3276,81.9,2.495778367e-06,1.994679679e-06,nan,nan,nan,nan
3277,81.925,2.495778368e-06,1.994679671e-06,nan,nan,nan,nan
3278,81.95,2.495778370e-06,1.994679666e-06,nan,nan,nan,nan
3279,81.975,2.495778370e-06,1.994679671e-06,nan,nan,nan,nan
3280,82,2.495778367e-06,1.994679683e-06,nan,nan,nan,nan
3281,82.025,2.495778365e-06,1.994679688e-06,nan,nan,nan,nan
3282,82.05,2.495778365e-06,1.994679678e-06,nan,nan,nan,nan
3283,82.075,2.495778369e-06,1.994679664e-06,nan,nan,nan,nan
3284,82.1,2.495778372e-06,1.994679660e-06,nan,nan,nan,nan
3285,82.125,2.495778372e-06,1.994679673e-06,nan,nan,nan,nan
3286,82.15,2.495778368e-06,1.994679689e-06,nan,nan,nan,nan
3287,82.175,2.495778365e-06,1.994679688e-06,nan,nan,nan,nan
3288,82.2,2.495778368e-06,1.994679674e-06,nan,nan,nan,nan
3289,82.225,2.495778371e-06,1.994679661e-06,nan,nan,nan,nan
3290,82.25,2.495778372e-06,1.994679663e-06,nan,nan,nan,nan
3291,82.275,2.495778370e-06,1.994679677e-06,nan,nan,nan,nan
3292,82.3,2.495778365e-06,1.994679685e-06,nan,nan,nan,nan
3293,82.325,2.495778364e-06,1.994679682e-06,nan,nan,nan,nan
3294,82.35,2.495778368e-06,1.994679672e-06,nan,nan,nan,nan
3295,82.375,2.495778372e-06,1.994679668e-06,nan,nan,nan,nan
3296,82.4,2.495778373e-06,1.994679674e-06,nan,nan,nan,nan
3297,82.425,2.495778370e-06,1.994679679e-06,nan,nan,nan,nan
3298,82.45,2.495778365e-06,1.994679676e-06,nan,nan,nan,nan
3299,82.475,2.495778365e-06,1.994679670e-06,nan,nan,nan,nan
3300,82.5,2.495778367e-06,1.994679669e-06,nan,nan,nan,nan
3301,82.525,2.495778371e-06,1.994679679e-06,nan,nan,nan,nan
3302,82.55,2.495778370e-06,1.994679686e-06,nan,nan,nan,nan
3303,82.575,2.495778367e-06,1.994679682e-06,nan,nan,nan,nan
3304,82.6,2.495778366e-06,1.994679668e-06,nan,nan,nan,nan
3305,82.625,2.495778369e-06,1.994679660e-06,nan,nan,nan,nan
3306,82.65,2.495778371e-06,1.994679667e-06,nan,nan,nan,nan
3307,82.675,2.495778370e-06,1.994679683e-06,nan,nan,nan,nan
3308,82.7,2.495778367e-06,1.994679691e-06,nan,nan,nan,nan
3309,82.725,2.495778365e-06,1.994679682e-06,nan,nan,nan,nan
3310,82.75,2.495778367e-06,1.994679668e-06,nan,nan,nan,nan
3311,82.775,2.495778371e-06,1.994679661e-06,nan,nan,nan,nan
3312,82.8,2.495778373e-06,1.994679668e-06,nan,nan,nan,nan
3313,82.825,2.495778368e-06,1.994679678e-06,nan,nan,nan,nan
3314,82.85,2.495778362e-06,1.994679682e-06,nan,nan,nan,nan
3315,82.875,2.495778362e-06,1.994679679e-06,nan,nan,nan,nan
3316,82.9,2.495778367e-06,1.994679673e-06,nan,nan,nan,nan
3317,82.925,2.495778372e-06,1.994679672e-06,nan,nan,nan,nan
3318,82.95,2.495778373e-06,1.994679674e-06,nan,nan,nan,nan
3319,82.975,2.495778368e-06,1.994679674e-06,nan,nan,nan,nan
3320,83,2.495778364e-06,1.994679673e-06,nan,nan,nan,nan
3321,83.025,2.495778365e-06,1.994679674e-06,nan,nan,nan,nan
3322,83.05,2.495778368e-06,1.994679678e-06,nan,nan,nan,nan
3323,83.075,2.495778370e-06,1.994679680e-06,nan,nan,nan,nan
3324,83.1,2.495778369e-06,1.994679677e-06,nan,nan,nan,nan
3325,83.125,2.495778366e-06,1.994679669e-06,nan,nan,nan,nan
3326,83.15,2.495778367e-06,1.994679665e-06,nan,nan,nan,nan
3327,83.175,2.495778370e-06,1.994679669e-06,nan,nan,nan,nan
3328,83.2,2.495778371e-06,1.994679679e-06,nan,nan,nan,nan
3329,83.225,2.495778368e-06,1.994679683e-06,nan,nan,nan,nan
3330,83.25,2.495778363e-06,1.994679679e-06,nan,nan,nan,nan
3331,83.275,2.495778363e-06,1.994679673e-06,nan,nan,nan,nan
3332,83.3,2.495778368e-06,1.994679668e-06,nan,nan,nan,nan
3333,83.325,2.495778374e-06,1.994679668e-06,nan,nan,nan,nan
3334,83.35,2.495778373e-06,1.994679674e-06,nan,nan,nan,nan
3335,83.375,2.495778366e-06,1.994679678e-06,nan,nan,nan,nan
3336,83.4,2.495778360e-06,1.994679680e-06,nan,nan,nan,nan
3337,83.425,2.495778362e-06,1.994679679e-06,nan,nan,nan,nan
3338,83.45,2.495778370e-06,1.994679676e-06,nan,nan,nan,nan
3339,83.475,2.495778376e-06,1.994679670e-06,nan,nan,nan,nan
3340,83.5,2.495778373e-06,1.994679666e-06,nan,nan,nan,nan
3341,83.525,2.495778367e-06,1.994679669e-06,nan,nan,nan,nan
3342,83.55,2.495778361e-06,1.994679676e-06,nan,nan,nan,nan
3343,83.575,2.495778363e-06,1.994679683e-06,nan,nan,nan,nan
3344,83.6,2.495778368e-06,1.994679682e-06,nan,nan,nan,nan
3345,83.625,2.495778371e-06,1.994679675e-06,nan,nan,nan,nan
3346,83.65,2.495778369e-06,1.994679667e-06,nan,nan,nan,nan
3347,83.675,2.495778367e-06,1.994679666e-06,nan,nan,nan,nan
3348,83.7,2.495778368e-06,1.994679674e-06,nan,nan,nan,nan
3349,83.725,2.495778370e-06,1.994679680e-06,nan,nan,nan,nan
3350,83.75,2.495778369e-06,1.994679680e-06,nan,nan,nan,nan
3351,83.775,2.495778366e-06,1.994679677e-06,nan,nan,nan,nan
3352,83.8,2.495778363e-06,1.994679674e-06,nan,nan,nan,nan
3353,83.825,2.495778365e-06,1.994679673e-06,nan,nan,nan,nan
3354,83.85,2.495778370e-06,1.994679671e-06,nan,nan,nan,nan
3355,83.875,2.495778373e-06,1.994679668e-06,nan,nan,nan,nan
3356,83.9,2.495778370e-06,1.994679669e-06,nan,nan,nan,nan
3357,83.925,2.495778365e-06,1.994679675e-06,nan,nan,nan,nan
3358,83.95,2.495778363e-06,1.994679683e-06,nan,nan,nan,nan
3359,83.975,2.495778365e-06,1.994679684e-06,nan,nan,nan,nan
3360,84,2.495778370e-06,1.994679673e-06,nan,nan,nan,nan
3361,84.025,2.495778372e-06,1.994679663e-06,nan,nan,nan,nan
3362,84.05,2.495778369e-06,1.994679662e-06,nan,nan,nan,nan
3363,84.075,2.495778365e-06,1.994679675e-06,nan,nan,nan,nan
3364,84.1,2.495778365e-06,1.994679689e-06,nan,nan,nan,nan
3365,84.125,2.495778367e-06,1.994679689e-06,nan,nan,nan,nan
3366,84.15,2.495778370e-06,1.994679675e-06,nan,nan,nan,nan
3367,84.175,2.495778370e-06,1.994679660e-06,nan,nan,nan,nan
3368,84.2,2.495778369e-06,1.994679660e-06,nan,nan,nan,nan
3369,84.225,2.495778367e-06,1.994679674e-06,nan,nan,nan,nan
3370,84.25,2.495778368e-06,1.994679685e-06,nan,nan,nan,nan
3371,84.275,2.495778370e-06,1.994679683e-06,nan,nan,nan,nan
3372,84.3,2.495778368e-06,1.994679674e-06,nan,nan,nan,nan
3373,84.325,2.495778367e-06,1.994679669e-06,nan,nan,nan,nan
3374,84.35,2.495778365e-06,1.994679672e-06,nan,nan,nan,nan
3375,84.375,2.495778368e-06,1.994679675e-06,nan,nan,nan,nan
3376,84.4,2.495778371e-06,1.994679673e-06,nan,nan,nan,nan
3377,84.425,2.495778371e-06,1.994679668e-06,nan,nan,nan,nan
3378,84.45,2.495778367e-06,1.994679670e-06,nan,nan,nan,nan
3379,84.475,2.495778364e-06,1.994679681e-06,nan,nan,nan,nan
3380,84.5,2.495778364e-06,1.994679689e-06,nan,nan,nan,nan
3381,84.525,2.495778369e-06,1.994679682e-06,nan,nan,nan,nan
3382,84.55,2.495778374e-06,1.994679664e-06,nan,nan,nan,nan
3383,84.575,2.495778374e-06,1.994679656e-06,nan,nan,nan,nan
3384,84.6,2.495778370e-06,1.994679664e-06,nan,nan,nan,nan
3385,84.625,2.495778364e-06,1.994679684e-06,nan,nan,nan,nan
3386,84.65,2.495778362e-06,1.994679693e-06,nan,nan,nan,nan
3387,84.675,2.495778365e-06,1.994679683e-06,nan,nan,nan,nan
3388,84.7,2.495778369e-06,1.994679664e-06,nan,nan,nan,nan
3389,84.725,2.495778372e-06,1.994679658e-06,nan,nan,nan,nan
3390,84.75,2.495778370e-06,1.994679669e-06,nan,nan,nan,nan
3391,84.775,2.495778367e-06,1.994679682e-06,nan,nan,nan,nan
3392,84.8,2.495778365e-06,1.994679685e-06,nan,nan,nan,nan
3393,84.825,2.495778366e-06,1.994679676e-06,nan,nan,nan,nan
3394,84.85,2.495778368e-06,1.994679669e-06,nan,nan,nan,nan
3395,84.875,2.495778369e-06,1.994679672e-06,nan,nan,nan,nan
3396,84.9,2.495778370e-06,1.994679679e-06,nan,nan,nan,nan
3397,84.925,2.495778368e-06,1.994679678e-06,nan,nan,nan,nan
3398,84.95,2.495778367e-06,1.994679669e-06,nan,nan,nan,nan
3399,84.975,2.495778368e-06,1.994679664e-06,nan,nan,nan,nan
3400,85,2.495778368e-06,1.994679672e-06,nan,nan,nan,nan
3401,85.025,2.495778367e-06,1.994679685e-06,nan,nan,nan,nan
3402,85.05,2.495778366e-06,1.994679686e-06,nan,nan,nan,nan
3403,85.075,2.495778367e-06,1.994679672e-06,nan,nan,nan,nan
3404,85.1,2.495778369e-06,1.994679658e-06,nan,nan,nan,nan
3405,85.125,2.495778371e-06,1.994679659e-06,nan,nan,nan,nan
3406,85.15,2.495778370e-06,1.994679677e-06,nan,nan,nan,nan
3407,85.175,2.495778366e-06,1.994679692e-06,nan,nan,nan,nan
3408,85.2,2.495778364e-06,1.994679690e-06,nan,nan,nan,nan
3409,85.225,2.495778366e-06,1.994679672e-06,nan,nan,nan,nan
3410,85.25,2.495778370e-06,1.994679658e-06,nan,nan,nan,nan
3411,85.275,2.495778374e-06,1.994679661e-06,nan,nan,nan,nan
3412,85.3,2.495778372e-06,1.994679677e-06,nan,nan,nan,nan
3413,85.325,2.495778367e-06,1.994679686e-06,nan,nan,nan,nan
3414,85.35,2.495778364e-06,1.994679683e-06,nan,nan,nan,nan
3415,85.375,2.495778365e-06,1.994679673e-06,nan,nan,nan,nan
3416,85.4,2.495778368e-06,1.994679668e-06,nan,nan,nan,nan
3417,85.425,2.495778370e-06,1.994679670e-06,nan,nan,nan,nan
3418,85.45,2.495778370e-06,1.994679676e-06,nan,nan,nan,nan
3419,85.475,2.495778368e-06,1.994679676e-06,nan,nan,nan,nan
3420,85.5,2.495778367e-06,1.994679673e-06,nan,nan,nan,nan
3421,85.525,2.495778366e-06,1.994679674e-06,nan,nan,nan,nan
3422,85.55,2.495778368e-06,1.994679679e-06,nan,nan,nan,nan
3423,85.575,2.495778367e-06,1.994679682e-06,nan,nan,nan,nan
3424,85.6,2.495778366e-06,1.994679676e-06,nan,nan,nan,nan
3425,85.625,2.495778369e-06,1.994679667e-06,nan,nan,nan,nan
3426,85.65,2.495778371e-06,1.994679664e-06,nan,nan,nan,nan
3427,85.675,2.495778372e-06,1.994679671e-06,nan,nan,nan,nan
3428,85.7,2.495778370e-06,1.994679681e-06,nan,nan,nan,nan
3429,85.725,2.495778366e-06,1.994679685e-06,nan,nan,nan,nan
3430,85.75,2.495778363e-06,1.994679679e-06,nan,nan,nan,nan
3431,85.775,2.495778366e-06,1.994679668e-06,nan,nan,nan,nan
3432,85.8,2.495778370e-06,1.994679665e-06,nan,nan,nan,nan
3433,85.825,2.495778374e-06,1.994679670e-06,nan,nan,nan,nan
3434,85.85,2.495778371e-06,1.994679679e-06,nan,nan,nan,nan
3435,85.875,2.495778366e-06,1.994679683e-06,nan,nan,nan,nan
3436,85.9,2.495778364e-06,1.994679681e-06,nan,nan,nan,nan
3437,85.925,2.495778365e-06,1.994679676e-06,nan,nan,nan,nan
3438,85.95,2.495778369e-06,1.994679670e-06,nan,nan,nan,nan
3439,85.975,2.495778370e-06,1.994679669e-06,nan,nan,nan,nan
3440,86,2.495778370e-06,1.994679672e-06,nan,nan,nan,nan
3441,86.025,2.495778366e-06,1.994679676e-06,nan,nan,nan,nan
3442,86.05,2.495778366e-06,1.994679680e-06,nan,nan,nan,nan
3443,86.075,2.495778366e-06,1.994679680e-06,nan,nan,nan,nan
3444,86.1,2.495778366e-06,1.994679677e-06,nan,nan,nan,nan
3445,86.125,2.495778367e-06,1.994679671e-06,nan,nan,nan,nan
3446,86.15,2.495778366e-06,1.994679668e-06,nan,nan,nan,nan
3447,86.175,2.495778367e-06,1.994679670e-06,nan,nan,nan,nan
3448,86.2,2.495778369e-06,1.994679676e-06,nan,nan,nan,nan
3449,86.225,2.495778370e-06,1.994679679e-06,nan,nan,nan,nan
3450,86.25,2.495778369e-06,1.994679679e-06,nan,nan,nan,nan
3451,86.275,2.495778366e-06,1.994679676e-06,nan,nan,nan,nan
3452,86.3,2.495778365e-06,1.994679673e-06,nan,nan,nan,nan
3453,86.325,2.495778367e-06,1.994679671e-06,nan,nan,nan,nan
3454,86.35,2.495778369e-06,1.994679668e-06,nan,nan,nan,nan
3455,86.375,2.495778371e-06,1.994679669e-06,nan,nan,nan,nan
3456,86.4,2.495778370e-06,1.994679674e-06,nan,nan,nan,nan
3457,86.425,2.495778367e-06,1.994679680e-06,nan,nan,nan,nan
3458,86.45,2.495778366e-06,1.994679683e-06,nan,nan,nan,nan
3459,86.475,2.495778367e-06,1.994679676e-06,nan,nan,nan,nan
3460,86.5,2.495778370e-06,1.994679666e-06,nan,nan,nan,nan
3461,86.525,2.495778370e-06,1.994679663e-06,nan,nan,nan,nan
3462,86.55,2.495778370e-06,1.994679671e-06,nan,nan,nan,nan
3463,86.575,2.495778367e-06,1.994679684e-06,nan,nan,nan,nan
3464,86.6,2.495778367e-06,1.994679687e-06,nan,nan,nan,nan
3465,86.625,2.495778368e-06,1.994679678e-06,nan,nan,nan,nan
3466,86.65,2.495778369e-06,1.994679665e-06,nan,nan,nan,nan
3467,86.675,2.495778368e-06,1.994679662e-06,nan,nan,nan,nan
3468,86.7,2.495778366e-06,1.994679669e-06,nan,nan,nan,nan
3469,86.725,2.495778366e-06,1.994679680e-06,nan,nan,nan,nan
3470,86.75,2.495778367e-06,1.994679683e-06,nan,nan,nan,nan
3471,86.775,2.495778369e-06,1.994679678e-06,nan,nan,nan,nan
3472,86.8,2.495778370e-06,1.994679673e-06,nan,nan,nan,nan
3473,86.825,2.495778369e-06,1.994679672e-06,nan,nan,nan,nan
3474,86.85,2.495778367e-06,1.994679675e-06,nan,nan,nan,nan
3475,86.875,2.495778366e-06,1.994679674e-06,nan,nan,nan,nan
3476,86.9,2.495778368e-06,1.994679670e-06,nan,nan,nan,nan
3477,86.925,2.495778370e-06,1.994679670e-06,nan,nan,nan,nan
3478,86.95,2.495778369e-06,1.994679677e-06,nan,nan,nan,nan
3479,86.975,2.495778366e-06,1.994679685e-06,nan,nan,nan,nan
3480,87,2.495778365e-06,1.994679683e-06,nan,nan,nan,nan
3481,87.025,2.495778368e-06,1.994679670e-06,nan,nan,nan,nan
3482,87.05,2.495778372e-06,1.994679660e-06,nan,nan,nan,nan
3483,87.075,2.495778373e-06,1.994679663e-06,nan,nan,nan,nan
3484,87.1,2.495778370e-06,1.994679679e-06,nan,nan,nan,nan
3485,87.125,2.495778365e-06,1.994679691e-06,nan,nan,nan,nan
3486,87.15,2.495778363e-06,1.994679686e-06,nan,nan,nan,nan
3487,87.175,2.495778366e-06,1.994679670e-06,nan,nan,nan,nan
3488,87.2,2.495778370e-06,1.994679661e-06,nan,nan,nan,nan
3489,87.225,2.495778370e-06,1.994679665e-06,nan,nan,nan,nan
3490,87.25,2.495778368e-06,1.994679678e-06,nan,nan,nan,nan
3491,87.275,2.495778366e-06,1.994679684e-06,nan,nan,nan,nan
3492,87.3,2.495778366e-06,1.994679679e-06,nan,nan,nan,nan
3493,87.325,2.495778371e-06,1.994679671e-06,nan,nan,nan,nan
3494,87.35,2.495778372e-06,1.994679671e-06,nan,nan,nan,nan
3495,87.375,2.495778369e-06,1.994679675e-06,nan,nan,nan,nan
3496,87.4,2.495778366e-06,1.994679677e-06,nan,nan,nan,nan
3497,87.425,2.495778365e-06,1.994679673e-06,nan,nan,nan,nan
3498,87.45,2.495778369e-06,1.994679668e-06,nan,nan,nan,nan
3499,87.475,2.495778374e-06,1.994679671e-06,nan,nan,nan,nan
3500,87.5,2.495778373e-06,1.994679680e-06,nan,nan,nan,nan
3501,87.525,2.495778368e-06,1.994679684e-06,nan,nan,nan,nan
3502,87.55,2.495778363e-06,1.994679676e-06,nan,nan,nan,nan
3503,87.575,2.495778365e-06,1.994679663e-06,nan,nan,nan,nan
3504,87.6,2.495778370e-06,1.994679661e-06,nan,nan,nan,nan
3505,87.625,2.495778373e-06,1.994679673e-06,nan,nan,nan,nan
3506,87.65,2.495778370e-06,1.994679688e-06,nan,nan,nan,nan
3507,87.675,2.495778365e-06,1.994679689e-06,nan,nan,nan,nan
3508,87.7,2.495778365e-06,1.994679678e-06,nan,nan,nan,nan
3509,87.725,2.495778368e-06,1.994679664e-06,nan,nan,nan,nan
3510,87.75,2.495778372e-06,1.994679663e-06,nan,nan,nan,nan
3511,87.775,2.495778371e-06,1.994679673e-06,nan,nan,nan,nan
3512,87.8,2.495778367e-06,1.994679684e-06,nan,nan,nan,nan
3513,87.825,2.495778365e-06,1.994679685e-06,nan,nan,nan,nan
3514,87.85,2.495778369e-06,1.994679676e-06,nan,nan,nan,nan
3515,87.875,2.495778372e-06,1.994679669e-06,nan,nan,nan,nan
3516,87.9,2.495778372e-06,1.994679669e-06,nan,nan,nan,nan
3517,87.925,2.495778367e-06,1.994679673e-06,nan,nan,nan,nan
3518,87.95,2.495778363e-06,1.994679675e-06,nan,nan,nan,nan
3519,87.975,2.495778365e-06,1.994679673e-06,nan,nan,nan,nan
3520,88,2.495778370e-06,1.994679673e-06,nan,nan,nan,nan
3521,88.025,2.495778373e-06,1.994679677e-06,nan,nan,nan,nan
3522,88.05,2.495778370e-06,1.994679680e-06,nan,nan,nan,nan
3523,88.075,2.495778364e-06,1.994679678e-06,nan,nan,nan,nan
3524,88.1,2.495778363e-06,1.994679672e-06,nan,nan,nan,nan
3525,88.125,2.495778367e-06,1.994679667e-06,nan,nan,nan,nan
3526,88.15,2.495778372e-06,1.994679670e-06,nan,nan,nan,nan
3527,88.175,2.495778371e-06,1.994679679e-06,nan,nan,nan,nan
3528,88.2,2.495778367e-06,1.994679683e-06,nan,nan,nan,nan
3529,88.225,2.495778366e-06,1.994679680e-06,nan,nan,nan,nan
3530,88.25,2.495778368e-06,1.994679672e-06,nan,nan,nan,nan
3531,88.275,2.495778371e-06,1.994679666e-06,nan,nan,nan,nan
3532,88.3,2.495778371e-06,1.994679668e-06,nan,nan,nan,nan
3533,88.325,2.495778365e-06,1.994679676e-06,nan,nan,nan,nan
3534,88.35,2.495778362e-06,1.994679681e-06,nan,nan,nan,nan
3535,88.375,2.495778365e-06,1.994679681e-06,nan,nan,nan,nan
3536,88.4,2.495778371e-06,1.994679676e-06,nan,nan,nan,nan
3537,88.425,2.495778375e-06,1.994679671e-06,nan,nan,nan,nan
3538,88.45,2.495778370e-06,1.994679668e-06,nan,nan,nan,nan
3539,88.475,2.495778364e-06,1.994679670e-06,nan,nan,nan,nan
3540,88.5,2.495778362e-06,1.994679676e-06,nan,nan,nan,nan
3541,88.525,2.495778367e-06,1.994679680e-06,nan,nan,nan,nan
3542,88.55,2.495778371e-06,1.994679680e-06,nan,nan,nan,nan
3543,88.575,2.495778371e-06,1.994679676e-06,nan,nan,nan,nan
3544,88.6,2.495778368e-06,1.994679671e-06,nan,nan,nan,nan
3545,88.625,2.495778365e-06,1.994679669e-06,nan,nan,nan,nan
3546,88.65,2.495778365e-06,1.994679671e-06,nan,nan,nan,nan
3547,88.675,2.495778368e-06,1.994679675e-06,nan,nan,nan,nan
3548,88.7,2.495778369e-06,1.994679676e-06,nan,nan,nan,nan
3549,88.725,2.495778367e-06,1.994679677e-06,nan,nan,nan,nan
3550,88.75,2.495778366e-06,1.994679676e-06,nan,nan,nan,nan
3551,88.775,2.495778369e-06,1.994679676e-06,nan,nan,nan,nan
3552,88.8,2.495778370e-06,1.994679675e-06,nan,nan,nan,nan
3553,88.825,2.495778370e-06,1.994679671e-06,nan,nan,nan,nan
3554,88.85,2.495778366e-06,1.994679670e-06,nan,nan,nan,nan
3555,88.875,2.495778365e-06,1.994679674e-06,nan,nan,nan,nan
3556,88.9,2.495778368e-06,1.994679679e-06,nan,nan,nan,nan
3557,88.925,2.495778372e-06,1.994679682e-06,nan,nan,nan,nan
3558,88.95,2.495778374e-06,1.994679676e-06,nan,nan,nan,nan
3559,88.975,2.495778369e-06,1.994679667e-06,nan,nan,nan,nan
3560,89,2.495778365e-06,1.994679662e-06,nan,nan,nan,nan
3561,89.025,2.495778363e-06,1.994679670e-06,nan,nan,nan,nan
3562,89.05,2.495778367e-06,1.994679683e-06,nan,nan,nan,nan
3563,89.075,2.495778370e-06,1.994679689e-06,nan,nan,nan,nan
3564,89.1,2.495778369e-06,1.994679680e-06,nan,nan,nan,nan
3565,89.125,2.495778369e-06,1.994679666e-06,nan,nan,nan,nan
3566,89.15,2.495778368e-06,1.994679662e-06,nan,nan,nan,nan
3567,89.175,2.495778369e-06,1.994679670e-06,nan,nan,nan,nan
3568,89.2,2.495778369e-06,1.994679681e-06,nan,nan,nan,nan
3569,89.225,2.495778366e-06,1.994679685e-06,nan,nan,nan,nan
3570,89.25,2.495778365e-06,1.994679679e-06,nan,nan,nan,nan
3571,89.275,2.495778365e-06,1.994679671e-06,nan,nan,nan,nan
3572,89.3,2.495778371e-06,1.994679671e-06,nan,nan,nan,nan
3573,89.325,2.495778373e-06,1.994679675e-06,nan,nan,nan,nan
3574,89.35,2.495778370e-06,1.994679676e-06,nan,nan,nan,nan
3575,89.375,2.495778363e-06,1.994679672e-06,nan,nan,nan,nan
3576,89.4,2.495778361e-06,1.994679669e-06,nan,nan,nan,nan
3577,89.425,2.495778365e-06,1.994679673e-06,nan,nan,nan,nan
3578,89.45,2.495778371e-06,1.994679683e-06,nan,nan,nan,nan
3579,89.475,2.495778373e-06,1.994679684e-06,nan,nan,nan,nan
3580,89.5,2.495778369e-06,1.994679675e-06,nan,nan,nan,nan
3581,89.525,2.495778364e-06,1.994679663e-06,nan,nan,nan,nan
3582,89.55,2.495778365e-06,1.994679663e-06,nan,nan,nan,nan
3583,89.575,2.495778370e-06,1.994679675e-06,nan,nan,nan,nan
3584,89.6,2.495778371e-06,1.994679688e-06,nan,nan,nan,nan
3585,89.625,2.495778370e-06,1.994679687e-06,nan,nan,nan,nan
3586,89.65,2.495778365e-06,1.994679673e-06,nan,nan,nan,nan
3587,89.675,2.495778365e-06,1.994679660e-06,nan,nan,nan,nan
3588,89.7,2.495778369e-06,1.994679662e-06,nan,nan,nan,nan
3589,89.725,2.495778371e-06,1.994679676e-06,nan,nan,nan,nan
3590,89.75,2.495778367e-06,1.994679685e-06,nan,nan,nan,nan
3591,89.775,2.495778363e-06,1.994679682e-06,nan,nan,nan,nan
3592,89.8,2.495778364e-06,1.994679672e-06,nan,nan,nan,nan
3593,89.825,2.495778372e-06,1.994679668e-06,nan,nan,nan,nan
3594,89.85,2.495778377e-06,1.994679671e-06,nan,nan,nan,nan
3595,89.875,2.495778372e-06,1.994679676e-06,nan,nan,nan,nan
3596,89.9,2.495778363e-06,1.994679676e-06,nan,nan,nan,nan
3597,89.925,2.495778358e-06,1.994679672e-06,nan,nan,nan,nan
3598,89.95,2.495778363e-06,1.994679672e-06,nan,nan,nan,nan
3599,89.975,2.495778374e-06,1.994679678e-06,nan,nan,nan,nan
3600,90,2.495778379e-06,1.994679681e-06,nan,nan,nan,nan
