n,t,maxE_SF,maxH_SF,W_total,W_phys,divE_TF,divH_TF
1,0.025,0.000000000e+00,0.000000000e+00,nan,nan,nan,nan
2,0.05,0.000000000e+00,0.000000000e+00,nan,nan,nan,nan
3,0.075,0.000000000e+00,0.000000000e+00,nan,nan,nan,nan
4,0.1,0.000000000e+00,0.000000000e+00,nan,nan,nan,nan
5,0.125,0.000000000e+00,0.000000000e+00,nan,nan,nan,nan
6,0.15,0.000000000e+00,0.000000000e+00,nan,nan,nan,nan
7,0.175,0.000000000e+00,0.000000000e+00,nan,nan,nan,nan
8,0.2,0.000000000e+00,0.000000000e+00,nan,nan,nan,nan
9,0.225,0.000000000e+00,0.000000000e+00,nan,nan,nan,nan
10,0.25,0.000000000e+00,0.000000000e+00,nan,nan,nan,nan
11,0.275,0.000000000e+00,0.000000000e+00,nan,nan,nan,nan
12,0.3,0.000000000e+00,0.000000000e+00,nan,nan,nan,nan
13,0.325,0.000000000e+00,0.000000000e+00,nan,nan,nan,nan
14,0.35,0.000000000e+00,0.000000000e+00,nan,nan,nan,nan
15,0.375,0.000000000e+00,0.000000000e+00,nan,nan,nan,nan
16,0.4,0.000000000e+00,0.000000000e+00,nan,nan,nan,nan
17,0.425,0.000000000e+00,0.000000000e+00,nan,nan,nan,nan
18,0.45,0.000000000e+00,0.000000000e+00,nan,nan,nan,nan
19,0.475,0.000000000e+00,0.000000000e+00,nan,nan,nan,nan
20,0.5,0.000000000e+00,0.000000000e+00,nan,nan,nan,nan
21,0.525,0.000000000e+00,0.000000000e+00,nan,nan,nan,nan
22,0.55,0.000000000e+00,0.000000000e+00,nan,nan,nan,nan
23,0.575,0.000000000e+00,0.000000000e+00,nan,nan,nan,nan
24,0.6,0.000000000e+00,0.000000000e+00,nan,nan,nan,nan
25,0.625,0.000000000e+00,0.000000000e+00,nan,nan,nan,nan
26,0.65,0.000000000e+00,0.000000000e+00,nan,nan,nan,nan
27,0.675,0.000000000e+00,0.000000000e+00,nan,nan,nan,nan
28,0.7,0.000000000e+00,0.000000000e+00,nan,nan,nan,nan
29,0.725,0.000000000e+00,0.000000000e+00,nan,nan,nan,nan
30,0.75,0.000000000e+00,0.000000000e+00,nan,nan,nan,nan
31,0.775,0.000000000e+00,0.000000000e+00,nan,nan,nan,nan
32,0.8,0.000000000e+00,0.000000000e+00,nan,nan,nan,nan
33,0.825,0.000000000e+00,0.000000000e+00,nan,nan,nan,nan
34,0.85,0.000000000e+00,0.000000000e+00,nan,nan,nan,nan
35,0.875,0.000000000e+00,0.000000000e+00,nan,nan,nan,nan
36,0.9,0.000000000e+00,0.000000000e+00,nan,nan,nan,nan
37,0.925,0.000000000e+00,0.000000000e+00,nan,nan,nan,nan
38,0.95,0.000000000e+00,0.000000000e+00,nan,nan,nan,nan
39,0.975,0.000000000e+00,0.000000000e+00,nan,nan,nan,nan
40,1,0.000000000e+00,0.000000000e+00,nan,nan,nan,nan
41,1.025,0.000000000e+00,0.000000000e+00,nan,nan,nan,nan
42,1.05,0.000000000e+00,0.000000000e+00,nan,nan,nan,nan
43,1.075,2.004573533e-51,2.672764710e-51,nan,nan,nan,nan
44,1.1,8.686485308e-50,8.552847072e-50,nan,nan,nan,nan
45,1.125,2.073397224e-48,1.710569414e-48,nan,nan,nan,nan
46,1.15,2.773461121e-47,4.379057701e-47,nan,nan,nan,nan
47,1.175,3.623213205e-46,3.503246161e-46,nan,nan,nan,nan
48,1.2,3.684201686e-45,2.802596929e-45,nan,nan,nan,nan
49,1.225,3.362530444e-44,3.363116314e-44,nan,nan,nan,nan
50,1.25,2.844584572e-43,3.587324069e-43,nan,nan,nan,nan
51,1.275,1.823089622e-42,2.152394441e-42,nan,nan,nan,nan
52,1.3,9.332636450e-42,1.434929627e-41,nan,nan,nan,nan
53,1.325,8.351519313e-41,1.004450739e-40,nan,nan,nan,nan
54,1.35,3.742348897e-40,3.673419846e-40,nan,nan,nan,nan
55,1.375,2.206367641e-39,2.571393892e-39,nan,nan,nan,nan
56,1.4,1.138623806e-38,1.322431145e-38,nan,nan,nan,nan
57,1.425,2.998313567e-38,5.142787785e-38,nan,nan,nan,nan
58,1.45,1.180046196e-37,1.880790961e-37,nan,nan,nan,nan
59,1.475,5.811519003e-37,9.403954807e-37,nan,nan,nan,nan
60,1.5,2.071915651e-36,3.385423730e-36,nan,nan,nan,nan
61,1.525,5.570990489e-36,1.203706215e-35,nan,nan,nan,nan
62,1.55,2.269389525e-35,3.009265538e-35,nan,nan,nan,nan
63,1.575,5.798621964e-35,1.203706215e-34,nan,nan,nan,nan
64,1.6,1.820222083e-34,3.129636160e-34,nan,nan,nan,nan
65,1.625,5.254342922e-34,8.907425993e-34,nan,nan,nan,nan
66,1.65,1.421332169e-33,2.696301922e-33,nan,nan,nan,nan
67,1.675,3.377750370e-33,8.474091755e-33,nan,nan,nan,nan
68,1.7,7.888172033e-33,1.925929944e-32,nan,nan,nan,nan
69,1.725,2.043233317e-32,5.238529449e-32,nan,nan,nan,nan
70,1.75,4.424740806e-32,1.170965406e-31,nan,nan,nan,nan
71,1.775,9.276622000e-32,2.588449845e-31,nan,nan,nan,nan
72,1.8,2.307112084e-31,4.498972350e-31,nan,nan,nan,nan
73,1.825,3.581230528e-31,1.133987551e-30,nan,nan,nan,nan
74,1.85,7.608802358e-31,2.267975103e-30,nan,nan,nan,nan
75,1.875,1.269648304e-30,3.747089300e-30,nan,nan,nan,nan
76,1.9,2.520012846e-30,6.902532921e-30,nan,nan,nan,nan
77,1.925,4.837193000e-30,1.301620494e-29,nan,nan,nan,nan
78,1.95,7.598206169e-30,2.129924444e-29,nan,nan,nan,nan
79,1.975,1.228216655e-29,3.470987983e-29,nan,nan,nan,nan
80,2,2.108289602e-29,5.679798518e-29,nan,nan,nan,nan
81,2.025,3.560276830e-29,8.204153414e-29,nan,nan,nan,nan
82,2.05,5.214429416e-29,1.199068576e-28,nan,nan,nan,nan
83,2.075,8.165262240e-29,1.554055983e-28,nan,nan,nan,nan
84,2.1,1.179402240e-28,2.145701662e-28,nan,nan,nan,nan
85,2.125,1.558055475e-28,2.903008131e-28,nan,nan,nan,nan
86,2.15,1.984040364e-28,3.407879111e-28,nan,nan,nan,nan
87,2.175,2.394248034e-28,3.786532345e-28,nan,nan,nan,nan
88,2.2,2.899119014e-28,4.038967835e-28,nan,nan,nan,nan
89,2.225,2.962227886e-28,4.543838814e-28,nan,nan,nan,nan
90,2.25,3.319301547e-28,4.796274304e-28,nan,nan,nan,nan
91,2.275,3.571737037e-28,5.553580773e-28,nan,nan,nan,nan
92,2.3,3.950390271e-28,6.563322731e-28,nan,nan,nan,nan
93,2.325,3.571737037e-28,7.068193711e-28,nan,nan,nan,nan
94,2.35,3.156541371e-28,8.077935669e-28,nan,nan,nan,nan
95,2.375,4.566464366e-28,1.060229057e-27,nan,nan,nan,nan
96,2.4,6.333512793e-28,1.236933899e-27,nan,nan,nan,nan
97,2.425,8.352996711e-28,1.413638742e-27,nan,nan,nan,nan
98,2.45,8.984085435e-28,1.413638742e-27,nan,nan,nan,nan
99,2.475,8.984085435e-28,1.363151644e-27,nan,nan,nan,nan
100,2.5,9.141363590e-28,1.363151644e-27,nan,nan,nan,nan
101,2.525,9.646234570e-28,1.464125840e-27,nan,nan,nan,nan
102,2.55,9.898670059e-28,1.615587134e-27,nan,nan,nan,nan
103,2.575,1.116084751e-27,1.817535526e-27,nan,nan,nan,nan
104,2.6,1.166571849e-27,1.968996819e-27,nan,nan,nan,nan
105,2.625,1.184260505e-27,2.221432309e-27,nan,nan,nan,nan
106,2.65,1.360965348e-27,2.372893603e-27,nan,nan,nan,nan
107,2.675,1.360965348e-27,2.625329093e-27,nan,nan,nan,nan
108,2.7,1.360965348e-27,2.928251680e-27,nan,nan,nan,nan
109,2.725,1.436695995e-27,3.130200072e-27,nan,nan,nan,nan
110,2.75,1.386208897e-27,3.029225876e-27,nan,nan,nan,nan
111,2.775,1.276822933e-27,3.231174268e-27,nan,nan,nan,nan
112,2.8,1.435830875e-27,3.332148464e-27,nan,nan,nan,nan
113,2.825,1.688266365e-27,3.534096855e-27,nan,nan,nan,nan
114,2.85,2.092163148e-27,3.937993639e-27,nan,nan,nan,nan
115,2.875,2.294111540e-27,4.543838814e-27,nan,nan,nan,nan
116,2.9,2.698008323e-27,4.846761402e-27,nan,nan,nan,nan
117,2.925,2.950443813e-27,4.846761402e-27,nan,nan,nan,nan
118,2.95,2.849469617e-27,5.048709793e-27,nan,nan,nan,nan
119,2.975,3.051418009e-27,5.250658185e-27,nan,nan,nan,nan
120,3,3.673878666e-27,5.250658185e-27,nan,nan,nan,nan
121,3.025,4.178749645e-27,6.058451752e-27,nan,nan,nan,nan
122,3.05,3.875827057e-27,6.058451752e-27,nan,nan,nan,nan
123,3.075,3.730737365e-27,6.866245319e-27,nan,nan,nan,nan
124,3.1,4.134634148e-27,7.674038886e-27,nan,nan,nan,nan
125,3.125,4.336582540e-27,8.885729236e-27,nan,nan,nan,nan
126,3.15,4.134634148e-27,1.009741959e-26,nan,nan,nan,nan
127,3.175,4.841453519e-27,1.050131637e-26,nan,nan,nan,nan
128,3.2,5.043401911e-27,1.009741959e-26,nan,nan,nan,nan
129,3.225,4.235608344e-27,1.050131637e-26,nan,nan,nan,nan
130,3.25,4.261598161e-27,1.171300672e-26,nan,nan,nan,nan
131,3.275,4.665494945e-27,1.252080029e-26,nan,nan,nan,nan
132,3.3,5.127491856e-27,1.292469707e-26,nan,nan,nan,nan
133,3.325,6.339182207e-27,1.292469707e-26,nan,nan,nan,nan
134,3.35,7.550872557e-27,1.373249064e-26,nan,nan,nan,nan
135,3.375,8.358666124e-27,1.575197456e-26,nan,nan,nan,nan
136,3.4,1.017620165e-26,1.736756169e-26,nan,nan,nan,nan
137,3.425,1.118594361e-26,1.817535526e-26,nan,nan,nan,nan
138,3.45,1.078204682e-26,1.777145847e-26,nan,nan,nan,nan
139,3.475,1.037815004e-26,1.898314882e-26,nan,nan,nan,nan
140,3.5,1.076543134e-26,1.938704561e-26,nan,nan,nan,nan
141,3.525,1.258296687e-26,2.019483917e-26,nan,nan,nan,nan
142,3.55,1.318881204e-26,2.181042631e-26,nan,nan,nan,nan
143,3.575,1.256397349e-26,2.342601344e-26,nan,nan,nan,nan
144,3.6,1.498735419e-26,2.746498128e-26,nan,nan,nan,nan
145,3.625,1.579514776e-26,3.069615554e-26,nan,nan,nan,nan
146,3.65,1.619904454e-26,3.473512338e-26,nan,nan,nan,nan
147,3.675,1.619904454e-26,3.715850408e-26,nan,nan,nan,nan
148,3.7,1.821852846e-26,3.635071051e-26,nan,nan,nan,nan
149,3.725,1.821852846e-26,3.554291695e-26,nan,nan,nan,nan
150,3.75,1.417956063e-26,3.877409121e-26,nan,nan,nan,nan
151,3.775,1.516550803e-26,4.362085262e-26,nan,nan,nan,nan
152,3.8,1.870241837e-26,4.685202688e-26,nan,nan,nan,nan
153,3.825,2.314528299e-26,4.523643975e-26,nan,nan,nan,nan
154,3.85,2.758814760e-26,5.008320115e-26,nan,nan,nan,nan
155,3.875,3.041542509e-26,5.492996255e-26,nan,nan,nan,nan
156,3.9,3.041542509e-26,5.654554969e-26,nan,nan,nan,nan
157,3.925,3.364659936e-26,5.654554969e-26,nan,nan,nan,nan
158,3.95,3.849336076e-26,5.816113682e-26,nan,nan,nan,nan
159,3.975,3.768556719e-26,6.139231109e-26,nan,nan,nan,nan
160,4,3.744974718e-26,6.623907249e-26,nan,nan,nan,nan
161,4.025,3.825754075e-26,6.785465962e-26,nan,nan,nan,nan
162,4.05,3.981639061e-26,7.593259529e-26,nan,nan,nan,nan
163,4.075,4.547094558e-26,8.077935669e-26,nan,nan,nan,nan
164,4.1,4.870211985e-26,9.047287950e-26,nan,nan,nan,nan
165,4.125,4.789432628e-26,9.693522803e-26,nan,nan,nan,nan
166,4.15,5.354888125e-26,1.066287508e-25,nan,nan,nan,nan
167,4.175,6.001122979e-26,1.130910994e-25,nan,nan,nan,nan
168,4.2,5.031770698e-26,1.292469707e-25,nan,nan,nan,nan
169,4.225,4.385535845e-26,1.292469707e-25,nan,nan,nan,nan
170,4.25,4.695369769e-26,1.260157964e-25,nan,nan,nan,nan
171,4.275,5.384754136e-26,1.292469707e-25,nan,nan,nan,nan
172,4.3,6.030988990e-26,1.357093192e-25,nan,nan,nan,nan
173,4.325,6.354106417e-26,1.454028421e-25,nan,nan,nan,nan
174,4.35,7.969693551e-26,1.583275391e-25,nan,nan,nan,nan
175,4.375,9.100604544e-26,1.680210619e-25,nan,nan,nan,nan
176,4.4,1.055463296e-25,1.744834105e-25,nan,nan,nan,nan
177,4.425,1.023151554e-25,1.874081075e-25,nan,nan,nan,nan
178,4.45,1.023151554e-25,1.809457590e-25,nan,nan,nan,nan
179,4.475,1.217022010e-25,1.874081075e-25,nan,nan,nan,nan
180,4.5,1.217022010e-25,2.003328046e-25,nan,nan,nan,nan
181,4.525,1.300159567e-25,2.132575017e-25,nan,nan,nan,nan
182,4.55,1.332471309e-25,2.326445473e-25,nan,nan,nan,nan
183,4.575,1.300726939e-25,2.520315929e-25,nan,nan,nan,nan
184,4.6,1.526909138e-25,2.972680326e-25,nan,nan,nan,nan
185,4.625,1.656156109e-25,3.166550782e-25,nan,nan,nan,nan
186,4.65,1.591532623e-25,3.360421238e-25,nan,nan,nan,nan
187,4.675,1.591532623e-25,3.618915180e-25,nan,nan,nan,nan
188,4.7,1.656156109e-25,3.877409121e-25,nan,nan,nan,nan
189,4.725,1.623844366e-25,4.006656092e-25,nan,nan,nan,nan
190,4.75,1.422669631e-25,4.006656092e-25,nan,nan,nan,nan
191,4.775,1.584228344e-25,4.006656092e-25,nan,nan,nan,nan
192,4.8,1.929838804e-25,4.265150033e-25,nan,nan,nan,nan
193,4.825,2.608385401e-25,4.523643975e-25,nan,nan,nan,nan
194,4.85,2.705320629e-25,5.040631858e-25,nan,nan,nan,nan
195,4.875,2.705320629e-25,5.299125799e-25,nan,nan,nan,nan
196,4.9,3.286931997e-25,5.299125799e-25,nan,nan,nan,nan
197,4.925,3.545425938e-25,5.686866711e-25,nan,nan,nan,nan
198,4.95,3.610049424e-25,5.945360653e-25,nan,nan,nan,nan
199,4.975,3.480802453e-25,5.945360653e-25,nan,nan,nan,nan
200,5,3.667265999e-25,6.462348536e-25,nan,nan,nan,nan
201,5.025,3.990383426e-25,6.203854594e-25,nan,nan,nan,nan
202,5.05,4.119630397e-25,7.237830360e-25,nan,nan,nan,nan
203,5.075,4.498221129e-25,8.013312184e-25,nan,nan,nan,nan
204,5.1,5.015209012e-25,9.047287950e-25,nan,nan,nan,nan
205,5.125,4.885962041e-25,1.059825160e-24,nan,nan,nan,nan
206,5.15,5.402949924e-25,1.111523948e-24,nan,nan,nan,nan
207,5.175,5.402949924e-25,1.111523948e-24,nan,nan,nan,nan
208,5.2,4.885962041e-25,1.111523948e-24,nan,nan,nan,nan
209,5.225,4.627468100e-25,1.085674554e-24,nan,nan,nan,nan
210,5.25,4.692091585e-25,1.163222736e-24,nan,nan,nan,nan
211,5.275,4.833658076e-25,1.214921525e-24,nan,nan,nan,nan
212,5.3,5.292845426e-25,1.292469707e-24,nan,nan,nan,nan
213,5.325,6.456068162e-25,1.344168495e-24,nan,nan,nan,nan
214,5.35,6.973056045e-25,1.447566072e-24,nan,nan,nan,nan
215,5.375,7.748537870e-25,1.654361225e-24,nan,nan,nan,nan
216,5.4,9.170254547e-25,1.706060013e-24,nan,nan,nan,nan
217,5.425,1.033347728e-24,1.809457590e-24,nan,nan,nan,nan
218,5.45,1.046272425e-24,1.757758802e-24,nan,nan,nan,nan
219,5.475,1.088513511e-24,1.757758802e-24,nan,nan,nan,nan
220,5.5,1.269459270e-24,1.912855167e-24,nan,nan,nan,nan
221,5.525,1.140212299e-24,2.067951531e-24,nan,nan,nan,nan
222,5.55,1.166061693e-24,2.223047896e-24,nan,nan,nan,nan
223,5.575,1.269459270e-24,2.481541838e-24,nan,nan,nan,nan
224,5.6,1.478583080e-24,2.740035779e-24,nan,nan,nan,nan
225,5.625,1.452733686e-24,2.843433356e-24,nan,nan,nan,nan
226,5.65,1.478583080e-24,2.895132144e-24,nan,nan,nan,nan
227,5.675,1.452733686e-24,3.308722450e-24,nan,nan,nan,nan
228,5.7,1.478583080e-24,3.722312756e-24,nan,nan,nan,nan
229,5.725,1.504432474e-24,3.618915180e-24,nan,nan,nan,nan
230,5.75,1.399338100e-24,3.618915180e-24,nan,nan,nan,nan
231,5.775,1.546436033e-24,3.929107910e-24,nan,nan,nan,nan
232,5.8,1.544422518e-24,4.135903063e-24,nan,nan,nan,nan
233,5.825,2.035561007e-24,3.929107910e-24,nan,nan,nan,nan
234,5.85,2.397452525e-24,4.756288522e-24,nan,nan,nan,nan
235,5.875,2.604247678e-24,5.066481252e-24,nan,nan,nan,nan
236,5.9,2.707645254e-24,4.859686099e-24,nan,nan,nan,nan
237,5.925,2.707645254e-24,4.963083675e-24,nan,nan,nan,nan
238,5.95,3.017837984e-24,5.169878828e-24,nan,nan,nan,nan
239,5.975,2.966139196e-24,5.376673982e-24,nan,nan,nan,nan
240,6,3.170880993e-24,5.583469135e-24,nan,nan,nan,nan
241,6.025,3.429374935e-24,5.790264288e-24,nan,nan,nan,nan
242,6.05,3.377676147e-24,6.410649747e-24,nan,nan,nan,nan
243,6.075,3.688670420e-24,7.134432783e-24,nan,nan,nan,nan
244,6.1,3.895465573e-24,7.651420666e-24,nan,nan,nan,nan
245,6.125,3.998863149e-24,8.271806126e-24,nan,nan,nan,nan
246,6.15,4.205658302e-24,9.305781891e-24,nan,nan,nan,nan
247,6.175,4.515851032e-24,1.013296250e-23,nan,nan,nan,nan
248,6.2,4.102260726e-24,9.926167351e-24,nan,nan,nan,nan
249,6.225,3.621127108e-24,9.512577044e-24,nan,nan,nan,nan
250,6.25,3.835810085e-24,1.013296250e-23,nan,nan,nan,nan
251,6.275,4.100438928e-24,1.158052858e-23,nan,nan,nan,nan
252,6.3,5.031017117e-24,1.158052858e-23,nan,nan,nan,nan
253,6.325,5.134414694e-24,1.199411888e-23,nan,nan,nan,nan
254,6.35,5.444607423e-24,1.282129949e-23,nan,nan,nan,nan
255,6.375,7.202366225e-24,1.323488980e-23,nan,nan,nan,nan
256,6.4,8.236341991e-24,1.406207041e-23,nan,nan,nan,nan
257,6.425,8.236341991e-24,1.447566072e-23,nan,nan,nan,nan
258,6.45,7.872464860e-24,1.447566072e-23,nan,nan,nan,nan
259,6.475,8.699645473e-24,1.530284133e-23,nan,nan,nan,nan
260,6.5,8.699645473e-24,1.613002194e-23,nan,nan,nan,nan
261,6.525,9.526826085e-24,1.654361225e-23,nan,nan,nan,nan
262,6.55,9.940416392e-24,1.737079286e-23,nan,nan,nan,nan
263,6.575,1.005836050e-23,1.985233470e-23,nan,nan,nan,nan
264,6.6,1.109233627e-23,2.274746685e-23,nan,nan,nan,nan
265,6.625,1.212631203e-23,2.357464746e-23,nan,nan,nan,nan
266,6.65,1.295349265e-23,2.481541838e-23,nan,nan,nan,nan
267,6.675,1.295349265e-23,2.646977960e-23,nan,nan,nan,nan
268,6.7,1.171272173e-23,2.729696021e-23,nan,nan,nan,nan
269,6.725,9.595291134e-24,2.729696021e-23,nan,nan,nan,nan
270,6.75,1.005836050e-23,2.729696021e-23,nan,nan,nan,nan
271,6.775,1.161652281e-23,2.977850205e-23,nan,nan,nan,nan
272,6.8,1.350946083e-23,2.977850205e-23,nan,nan,nan,nan
273,6.825,1.723177359e-23,3.143286328e-23,nan,nan,nan,nan
274,6.85,1.971331543e-23,3.474158573e-23,nan,nan,nan,nan
275,6.875,1.929972512e-23,3.970466940e-23,nan,nan,nan,nan
276,6.9,2.054049604e-23,4.135903063e-23,nan,nan,nan,nan
277,6.925,2.426280879e-23,3.639594695e-23,nan,nan,nan,nan
278,6.95,2.384921849e-23,3.970466940e-23,nan,nan,nan,nan
279,6.975,2.343562818e-23,4.135903063e-23,nan,nan,nan,nan
280,7,2.336329679e-23,4.466775308e-23,nan,nan,nan,nan
281,7.025,2.336329679e-23,4.797647553e-23,nan,nan,nan,nan
282,7.05,2.708560954e-23,4.714929492e-23,nan,nan,nan,nan
283,7.075,2.749919985e-23,5.459392043e-23,nan,nan,nan,nan
284,7.1,2.748142214e-23,5.955700410e-23,nan,nan,nan,nan
285,7.125,2.996296398e-23,6.452008778e-23,nan,nan,nan,nan
286,7.15,3.161732520e-23,6.948317145e-23,nan,nan,nan,nan
287,7.175,2.748142214e-23,7.279189390e-23,nan,nan,nan,nan
288,7.2,2.725682357e-23,7.444625513e-23,nan,nan,nan,nan
289,7.225,2.706783183e-23,7.279189390e-23,nan,nan,nan,nan
290,7.25,2.811585144e-23,7.610061635e-23,nan,nan,nan,nan
291,7.275,3.160864313e-23,7.940933881e-23,nan,nan,nan,nan
292,7.3,2.995428190e-23,8.271806126e-23,nan,nan,nan,nan
293,7.325,4.361770022e-23,8.933550616e-23,nan,nan,nan,nan
294,7.35,5.354386757e-23,9.264422861e-23,nan,nan,nan,nan
295,7.375,5.685259002e-23,9.595295106e-23,nan,nan,nan,nan
296,7.4,5.354386757e-23,1.058791184e-22,nan,nan,nan,nan
297,7.425,5.519822880e-23,1.058791184e-22,nan,nan,nan,nan
298,7.45,6.098849309e-23,1.058791184e-22,nan,nan,nan,nan
299,7.475,6.264285431e-23,1.058791184e-22,nan,nan,nan,nan
300,7.5,6.075063175e-23,1.124965633e-22,nan,nan,nan,nan
301,7.525,7.563988278e-23,1.158052858e-22,nan,nan,nan,nan
302,7.55,7.729424400e-23,1.323488980e-22,nan,nan,nan,nan
303,7.575,7.508897382e-23,1.422750654e-22,nan,nan,nan,nan
304,7.6,8.501514117e-23,1.455837878e-22,nan,nan,nan,nan
305,7.625,8.501514117e-23,1.687448450e-22,nan,nan,nan,nan
306,7.65,7.839769627e-23,1.885971797e-22,nan,nan,nan,nan
307,7.675,7.839769627e-23,1.852884572e-22,nan,nan,nan,nan
308,7.7,8.170641872e-23,1.852884572e-22,nan,nan,nan,nan
309,7.725,7.343461259e-23,1.985233470e-22,nan,nan,nan,nan
310,7.75,7.042982673e-23,1.985233470e-22,nan,nan,nan,nan
311,7.775,7.870163286e-23,2.117582368e-22,nan,nan,nan,nan
312,7.8,8.697343898e-23,2.316105715e-22,nan,nan,nan,nan
313,7.825,1.150975798e-22,2.249931266e-22,nan,nan,nan,nan
314,7.85,1.349499145e-22,2.382280164e-22,nan,nan,nan,nan
315,7.875,1.415673594e-22,2.514629062e-22,nan,nan,nan,nan
316,7.9,1.514935268e-22,2.713152409e-22,nan,nan,nan,nan
317,7.925,1.713458615e-22,2.779326858e-22,nan,nan,nan,nan
318,7.95,1.647284166e-22,2.646977960e-22,nan,nan,nan,nan
319,7.975,1.450105456e-22,2.713152409e-22,nan,nan,nan,nan
320,8,1.780977701e-22,2.911675756e-22,nan,nan,nan,nan
321,8.025,1.979501048e-22,3.044024654e-22,nan,nan,nan,nan
322,8.05,2.040844829e-22,3.308722450e-22,nan,nan,nan,nan
323,8.075,1.941583156e-22,3.573420246e-22,nan,nan,nan,nan
324,8.1,1.842321482e-22,4.036641389e-22,nan,nan,nan,nan
325,8.125,2.206280952e-22,4.764560328e-22,nan,nan,nan,nan
326,8.15,2.305542625e-22,4.896909226e-22,nan,nan,nan,nan
327,8.175,2.007757605e-22,5.029258124e-22,nan,nan,nan,nan
328,8.2,1.908495931e-22,5.029258124e-22,nan,nan,nan,nan
329,8.225,2.140106503e-22,5.029258124e-22,nan,nan,nan,nan
330,8.25,2.039433227e-22,5.161607022e-22,nan,nan,nan,nan
331,8.275,2.171782125e-22,5.426304818e-22,nan,nan,nan,nan
332,8.3,2.397629030e-22,5.691002614e-22,nan,nan,nan,nan
333,8.325,2.728501275e-22,5.691002614e-22,nan,nan,nan,nan
334,8.35,3.125547969e-22,5.955700410e-22,nan,nan,nan,nan
335,8.375,3.191722418e-22,6.617444900e-22,nan,nan,nan,nan
336,8.4,3.588769112e-22,7.146840492e-22,nan,nan,nan,nan
337,8.425,4.316688051e-22,7.146840492e-22,nan,nan,nan,nan
338,8.45,4.382862500e-22,7.146840492e-22,nan,nan,nan,nan
339,8.475,3.919641357e-22,7.940933881e-22,nan,nan,nan,nan
340,8.5,4.596584822e-22,7.676236084e-22,nan,nan,nan,nan
341,8.525,4.861282618e-22,7.146840492e-22,nan,nan,nan,nan
342,8.55,4.427707561e-22,8.205631677e-22,nan,nan,nan,nan
343,8.575,4.560056459e-22,9.264422861e-22,nan,nan,nan,nan
344,8.6,5.089452051e-22,1.005851625e-21,nan,nan,nan,nan
345,8.625,5.089452051e-22,1.058791184e-21,nan,nan,nan,nan
346,8.65,4.692405357e-22,1.191140082e-21,nan,nan,nan,nan
347,8.675,4.824754255e-22,1.244079641e-21,nan,nan,nan,nan
348,8.7,4.692405357e-22,1.138200523e-21,nan,nan,nan,nan
349,8.725,4.928640311e-22,1.138200523e-21,nan,nan,nan,nan
350,8.75,4.796180560e-22,1.217609862e-21,nan,nan,nan,nan
351,8.775,5.038724677e-22,1.297019200e-21,nan,nan,nan,nan
352,8.8,5.568120269e-22,1.376428539e-21,nan,nan,nan,nan
353,8.825,6.759260351e-22,1.376428539e-21,nan,nan,nan,nan
354,8.85,7.553353739e-22,1.482307658e-21,nan,nan,nan,nan
355,8.875,8.479796025e-22,1.694065895e-21,nan,nan,nan,nan
356,8.9,9.406238311e-22,1.747005454e-21,nan,nan,nan,nan
357,8.925,8.876842719e-22,1.641126335e-21,nan,nan,nan,nan
358,8.95,8.744493821e-22,1.747005454e-21,nan,nan,nan,nan
359,8.975,9.626785811e-22,1.799945013e-21,nan,nan,nan,nan
360,9,1.095027479e-21,1.747005454e-21,nan,nan,nan,nan
361,9.025,1.121497259e-21,1.852884572e-21,nan,nan,nan,nan
362,9.05,1.042087920e-21,2.064642809e-21,nan,nan,nan,nan
363,9.075,1.219448685e-21,2.276401046e-21,nan,nan,nan,nan
364,9.1,1.378267362e-21,2.541098842e-21,nan,nan,nan,nan
365,9.125,1.325327803e-21,2.594038401e-21,nan,nan,nan,nan
366,9.15,1.298858024e-21,2.699917519e-21,nan,nan,nan,nan
367,9.175,1.219448685e-21,2.858736197e-21,nan,nan,nan,nan
368,9.2,1.113569566e-21,2.964615315e-21,nan,nan,nan,nan
369,9.225,1.312092913e-21,2.858736197e-21,nan,nan,nan,nan
370,9.25,1.190098031e-21,2.858736197e-21,nan,nan,nan,nan
371,9.275,1.305998713e-21,2.964615315e-21,nan,nan,nan,nan
372,9.3,1.358938272e-21,3.282252671e-21,nan,nan,nan,nan
373,9.325,1.729515186e-21,3.494010907e-21,nan,nan,nan,nan
374,9.35,2.100092101e-21,3.599890026e-21,nan,nan,nan,nan
375,9.375,2.100092101e-21,3.811648263e-21,nan,nan,nan,nan
376,9.4,2.100092101e-21,4.129285618e-21,nan,nan,nan,nan
377,9.425,2.205971219e-21,4.235164736e-21,nan,nan,nan,nan
378,9.45,2.364789897e-21,3.811648263e-21,nan,nan,nan,nan
379,9.475,2.387402900e-21,3.917527381e-21,nan,nan,nan,nan
380,9.5,2.228584222e-21,4.023406499e-21,nan,nan,nan,nan
381,9.525,2.387402900e-21,4.658681210e-21,nan,nan,nan,nan
382,9.55,2.757979814e-21,4.976318565e-21,nan,nan,nan,nan
383,9.575,2.493282018e-21,5.611593276e-21,nan,nan,nan,nan
384,9.6,2.823396559e-21,6.246867986e-21,nan,nan,nan,nan
385,9.625,2.929275677e-21,6.352747104e-21,nan,nan,nan,nan
386,9.65,2.558698763e-21,6.352747104e-21,nan,nan,nan,nan
387,9.675,2.664577881e-21,6.776263578e-21,nan,nan,nan,nan
388,9.7,2.664577881e-21,7.411538288e-21,nan,nan,nan,nan
389,9.725,2.471953075e-21,7.199780052e-21,nan,nan,nan,nan
390,9.75,2.556317983e-21,6.776263578e-21,nan,nan,nan,nan
391,9.775,2.660435722e-21,7.199780052e-21,nan,nan,nan,nan
392,9.8,3.136891755e-21,7.835054762e-21,nan,nan,nan,nan
393,9.825,4.248622498e-21,7.623296525e-21,nan,nan,nan,nan
394,9.85,4.883897209e-21,8.470329473e-21,nan,nan,nan,nan
395,9.875,4.778018090e-21,8.682087709e-21,nan,nan,nan,nan
396,9.9,4.672138972e-21,8.682087709e-21,nan,nan,nan,nan
397,9.925,4.989776327e-21,9.317362420e-21,nan,nan,nan,nan
398,9.95,5.201534564e-21,9.105604183e-21,nan,nan,nan,nan
399,9.975,5.557460089e-21,9.317362420e-21,nan,nan,nan,nan
400,10,6.192734799e-21,9.317362420e-21,nan,nan,nan,nan
401,10.025,5.345701852e-21,1.016439537e-20,nan,nan,nan,nan
402,10.05,6.307850223e-21,1.143494479e-20,nan,nan,nan,nan
403,10.075,6.413729341e-21,1.185846126e-20,nan,nan,nan,nan
404,10.1,6.519608460e-21,1.312901068e-20,nan,nan,nan,nan
405,10.125,6.837245815e-21,1.439956010e-20,nan,nan,nan,nan
406,10.15,6.837245815e-21,1.694065895e-20,nan,nan,nan,nan
407,10.175,6.731366697e-21,1.863472484e-20,nan,nan,nan,nan
408,10.2,7.015556025e-21,1.990527426e-20,nan,nan,nan,nan
409,10.225,8.471099812e-21,2.202285663e-20,nan,nan,nan,nan
410,10.25,1.066298062e-20,2.371692252e-20,nan,nan,nan,nan
411,10.275,1.360107033e-20,2.710505431e-20,nan,nan,nan,nan
412,10.3,1.579345378e-20,2.964615315e-20,nan,nan,nan,nan
413,10.325,1.703612673e-20,3.218725200e-20,nan,nan,nan,nan
414,10.35,1.773320841e-20,3.176373552e-20,nan,nan,nan,nan
415,10.375,1.742119812e-20,3.303428494e-20,nan,nan,nan,nan
416,10.4,1.721548428e-20,3.642241673e-20,nan,nan,nan,nan
417,10.425,1.937239612e-20,3.726944968e-20,nan,nan,nan,nan
418,10.45,2.590153935e-20,4.404571326e-20,nan,nan,nan,nan
419,10.475,3.762572898e-20,5.759824041e-20,nan,nan,nan,nan
420,10.5,5.210332777e-20,7.199780052e-20,nan,nan,nan,nan
421,10.525,6.871493183e-20,9.232659125e-20,nan,nan,nan,nan
422,10.55,8.240571757e-20,1.084202172e-19,nan,nan,nan,nan
423,10.575,9.212363632e-20,1.173140632e-19,nan,nan,nan,nan
424,10.6,9.505935192e-20,1.160435138e-19,nan,nan,nan,nan
425,10.625,9.176243636e-20,1.041850525e-19,nan,nan,nan,nan
426,10.65,9.117385069e-20,9.529120657e-20,nan,nan,nan,nan
427,10.675,8.750729042e-20,8.915021770e-20,nan,nan,nan,nan
428,10.7,1.078265172e-19,1.266314256e-19,nan,nan,nan,nan
429,10.725,1.541083977e-19,1.829591166e-19,nan,nan,nan,nan
430,10.75,2.098304665e-19,2.405573570e-19,nan,nan,nan,nan
431,10.775,2.608542879e-19,2.829090044e-19,nan,nan,nan,nan
432,10.8,3.018577017e-19,3.142492234e-19,nan,nan,nan,nan
433,10.825,3.191174104e-19,3.261076847e-19,nan,nan,nan,nan
434,10.85,3.094432076e-19,3.049318610e-19,nan,nan,nan,nan
435,10.875,3.095463770e-19,3.042819542e-19,nan,nan,nan,nan
436,10.9,2.984611518e-19,2.917648211e-19,nan,nan,nan,nan
437,10.925,3.016828568e-19,2.958295160e-19,nan,nan,nan,nan
438,10.95,3.214045381e-19,3.828588922e-19,nan,nan,nan,nan
439,10.975,4.278087253e-19,4.743384505e-19,nan,nan,nan,nan
440,11,5.262935191e-19,5.683591076e-19,nan,nan,nan,nan
441,11.025,5.874272111e-19,6.107107550e-19,nan,nan,nan,nan
442,11.05,5.937402090e-19,5.861467995e-19,nan,nan,nan,nan
443,11.075,5.804943568e-19,5.710849020e-19,nan,nan,nan,nan
444,11.1,5.853765807e-19,5.439388287e-19,nan,nan,nan,nan
445,11.125,5.741931992e-19,5.602280425e-19,nan,nan,nan,nan
446,11.15,5.785065497e-19,5.352716302e-19,nan,nan,nan,nan
447,11.175,5.688087849e-19,5.545734059e-19,nan,nan,nan,nan
448,11.2,5.711237334e-19,5.283475146e-19,nan,nan,nan,nan
449,11.225,5.626839376e-19,5.472883172e-19,nan,nan,nan,nan
450,11.25,5.628192053e-19,5.214934259e-19,nan,nan,nan,nan
451,11.275,5.563849940e-19,5.407598935e-19,nan,nan,nan,nan
452,11.3,5.559980111e-19,5.145432914e-19,nan,nan,nan,nan
453,11.325,5.498103847e-19,5.339082004e-19,nan,nan,nan,nan
454,11.35,5.474854650e-19,5.060908192e-19,nan,nan,nan,nan
455,11.375,5.434493245e-19,5.270655037e-19,nan,nan,nan,nan
456,11.4,5.392782795e-19,4.990906392e-19,nan,nan,nan,nan
457,11.425,5.374706143e-19,5.203746118e-19,nan,nan,nan,nan
458,11.45,5.311938245e-19,4.936948466e-19,nan,nan,nan,nan
459,11.475,5.436711531e-19,5.725942723e-19,nan,nan,nan,nan
460,11.5,5.884464753e-19,6.776263578e-19,nan,nan,nan,nan
461,11.525,6.500353480e-19,6.674619624e-19,nan,nan,nan,nan
462,11.55,6.250063783e-19,6.013933926e-19,nan,nan,nan,nan
463,11.575,6.316266669e-19,6.170154328e-19,nan,nan,nan,nan
464,11.6,6.046506037e-19,5.751339488e-19,nan,nan,nan,nan
465,11.625,6.143219300e-19,5.956488414e-19,nan,nan,nan,nan
466,11.65,6.366557946e-19,6.572975671e-19,nan,nan,nan,nan
467,11.675,6.881968201e-19,6.708500942e-19,nan,nan,nan,nan
468,11.7,6.460997747e-19,6.056730652e-19,nan,nan,nan,nan
469,11.725,6.929620483e-19,6.118319790e-19,nan,nan,nan,nan
470,11.75,6.496534180e-19,6.082875843e-19,nan,nan,nan,nan
471,11.775,6.991971759e-19,6.195819688e-19,nan,nan,nan,nan
472,11.8,6.610268170e-19,6.142215521e-19,nan,nan,nan,nan
473,11.825,7.052644554e-19,6.327196510e-19,nan,nan,nan,nan
474,11.85,6.741361734e-19,6.196365330e-19,nan,nan,nan,nan
475,11.875,7.103695576e-19,7.354363565e-19,nan,nan,nan,nan
476,11.9,8.847267140e-19,9.944166801e-19,nan,nan,nan,nan
477,11.925,1.069491466e-18,1.128247886e-18,nan,nan,nan,nan
478,11.95,1.123474313e-18,1.080814041e-18,nan,nan,nan,nan
479,11.975,1.038779022e-18,1.036819708e-18,nan,nan,nan,nan
480,12,1.098878277e-18,1.011146641e-18,nan,nan,nan,nan
481,12.025,1.017518584e-18,1.004415161e-18,nan,nan,nan,nan
482,12.05,1.071183555e-18,9.956874566e-19,nan,nan,nan,nan
483,12.075,1.008767787e-18,9.788011673e-19,nan,nan,nan,nan
484,12.1,1.047708150e-18,9.814032752e-19,nan,nan,nan,nan
485,12.125,9.931877076e-19,9.491442983e-19,nan,nan,nan,nan
486,12.15,1.021551060e-18,1.043544591e-18,nan,nan,nan,nan
487,12.175,9.907632709e-19,1.158741072e-18,nan,nan,nan,nan
488,12.2,1.043636397e-18,1.179069863e-18,nan,nan,nan,nan
489,12.225,1.115818556e-18,1.216339312e-18,nan,nan,nan,nan
490,12.25,1.315858830e-18,1.357370298e-18,nan,nan,nan,nan
491,12.275,1.641117659e-18,1.666113807e-18,nan,nan,nan,nan
492,12.3,1.965617621e-18,1.907518197e-18,nan,nan,nan,nan
493,12.325,2.128733697e-18,1.921070724e-18,nan,nan,nan,nan
494,12.35,2.064321954e-18,1.845652693e-18,nan,nan,nan,nan
495,12.375,2.073259090e-18,1.896639554e-18,nan,nan,nan,nan
496,12.4,2.037735653e-18,1.802254411e-18,nan,nan,nan,nan
497,12.425,2.043900404e-18,1.884505871e-18,nan,nan,nan,nan
498,12.45,2.029068205e-18,1.760940665e-18,nan,nan,nan,nan
499,12.475,1.995184567e-18,1.860160985e-18,nan,nan,nan,nan
500,12.5,2.162098776e-18,2.237861047e-18,nan,nan,nan,nan
501,12.525,2.526105392e-18,2.612249609e-18,nan,nan,nan,nan
502,12.55,2.810774996e-18,2.798596858e-18,nan,nan,nan,nan
503,12.575,2.938087712e-18,2.852806966e-18,nan,nan,nan,nan
504,12.6,2.997250713e-18,2.877370922e-18,nan,nan,nan,nan
505,12.625,3.187440547e-18,2.981555974e-18,nan,nan,nan,nan
506,12.65,3.461339950e-18,3.272935308e-18,nan,nan,nan,nan
507,12.675,3.796340556e-18,3.455894425e-18,nan,nan,nan,nan
508,12.7,3.966198503e-18,3.510104533e-18,nan,nan,nan,nan
509,12.725,3.932379736e-18,3.472835084e-18,nan,nan,nan,nan
510,12.75,3.890922697e-18,3.460598973e-18,nan,nan,nan,nan
511,12.775,3.883368687e-18,3.532550907e-18,nan,nan,nan,nan
512,12.8,3.918361805e-18,3.811648263e-18,nan,nan,nan,nan
513,12.825,4.386802017e-18,4.306315504e-18,nan,nan,nan,nan
514,12.85,5.069421886e-18,5.021211311e-18,nan,nan,nan,nan
515,12.875,5.841041843e-18,5.741189316e-18,nan,nan,nan,nan
516,12.9,6.427089067e-18,6.086778759e-18,nan,nan,nan,nan
517,12.925,6.759999335e-18,6.169787988e-18,nan,nan,nan,nan
518,12.95,6.793796675e-18,6.142682933e-18,nan,nan,nan,nan
519,12.975,6.740449914e-18,6.044427112e-18,nan,nan,nan,nan
520,13,6.975782387e-18,6.227386228e-18,nan,nan,nan,nan
521,13.025,7.299241527e-18,6.674619624e-18,nan,nan,nan,nan
522,13.05,7.806572264e-18,7.298035874e-18,nan,nan,nan,nan
523,13.075,8.380540131e-18,7.937333990e-18,nan,nan,nan,nan
524,13.1,8.954714927e-18,8.498281560e-18,nan,nan,nan,nan
525,13.125,9.505317900e-18,8.897234078e-18,nan,nan,nan,nan
526,13.15,1.008632674e-17,9.517262195e-18,nan,nan,nan,nan
527,13.175,1.081636329e-17,1.020505295e-17,nan,nan,nan,nan
528,13.2,1.180584463e-17,1.109951974e-17,nan,nan,nan,nan
529,13.225,1.277288516e-17,1.184490873e-17,nan,nan,nan,nan
530,13.25,1.354561101e-17,1.239378608e-17,nan,nan,nan,nan
531,13.275,1.395895389e-17,1.265128410e-17,nan,nan,nan,nan
532,13.3,1.420155609e-17,1.280713816e-17,nan,nan,nan,nan
533,13.325,1.458068089e-17,1.322726650e-17,nan,nan,nan,nan
534,13.35,1.517139851e-17,1.407429945e-17,nan,nan,nan,nan
535,13.375,1.633038315e-17,1.544649283e-17,nan,nan,nan,nan
536,13.4,1.785031622e-17,1.692710642e-17,nan,nan,nan,nan
537,13.425,1.944143512e-17,1.831624045e-17,nan,nan,nan,nan
538,13.45,2.082121090e-17,1.942077141e-17,nan,nan,nan,nan
539,13.475,2.199752183e-17,2.030846194e-17,nan,nan,nan,nan
540,13.5,2.306316585e-17,2.112838984e-17,nan,nan,nan,nan
541,13.525,2.395251756e-17,2.192798894e-17,nan,nan,nan,nan
542,13.55,2.515246160e-17,2.312061133e-17,nan,nan,nan,nan
543,13.575,2.658513778e-17,2.453007415e-17,nan,nan,nan,nan
544,13.6,2.833492683e-17,2.621058752e-17,nan,nan,nan,nan
545,13.625,2.988190707e-17,2.749807760e-17,nan,nan,nan,nan
546,13.65,3.135893699e-17,2.905661822e-17,nan,nan,nan,nan
547,13.675,3.306931972e-17,3.053384368e-17,nan,nan,nan,nan
548,13.7,3.515134649e-17,3.253961770e-17,nan,nan,nan,nan
549,13.725,3.751727120e-17,3.489775743e-17,nan,nan,nan,nan
550,13.75,4.006084406e-17,3.716102946e-17,nan,nan,nan,nan
551,13.775,4.261816658e-17,3.922101359e-17,nan,nan,nan,nan
552,13.8,4.474957716e-17,4.100994717e-17,nan,nan,nan,nan
553,13.825,4.649584572e-17,4.255493527e-17,nan,nan,nan,nan
554,13.85,4.860811450e-17,4.461491940e-17,nan,nan,nan,nan
555,13.875,5.140931282e-17,4.767779054e-17,nan,nan,nan,nan
556,13.9,5.514851636e-17,5.128276276e-17,nan,nan,nan,nan
557,13.925,5.909867738e-17,5.500970773e-17,nan,nan,nan,nan
558,13.95,6.301849915e-17,5.865533753e-17,nan,nan,nan,nan
559,13.975,6.666699380e-17,6.158268340e-17,nan,nan,nan,nan
560,14,7.010502470e-17,6.423897872e-17,nan,nan,nan,nan
561,14.025,7.336647894e-17,6.708500942e-17,nan,nan,nan,nan
562,14.05,7.715366832e-17,7.058156143e-17,nan,nan,nan,nan
563,14.075,8.149123815e-17,7.489126506e-17,nan,nan,nan,nan
564,14.1,8.587440393e-17,7.852334234e-17,nan,nan,nan,nan
565,14.125,9.023805947e-17,8.267041565e-17,nan,nan,nan,nan
566,14.15,9.475427961e-17,8.651933336e-17,nan,nan,nan,nan
567,14.175,9.890289077e-17,9.074772184e-17,nan,nan,nan,nan
568,14.2,1.039035249e-16,9.627715292e-17,nan,nan,nan,nan
569,14.225,1.101679070e-16,1.022673699e-16,nan,nan,nan,nan
570,14.25,1.186467328e-16,1.110765126e-16,nan,nan,nan,nan
571,14.275,1.289520757e-16,1.204006513e-16,nan,nan,nan,nan
572,14.3,1.391343799e-16,1.292911091e-16,nan,nan,nan,nan
573,14.325,1.483014121e-16,1.366094737e-16,nan,nan,nan,nan
574,14.35,1.553764723e-16,1.424641655e-16,nan,nan,nan,nan
575,14.375,1.614007009e-16,1.459878225e-16,nan,nan,nan,nan
576,14.4,1.655578663e-16,1.492404290e-16,nan,nan,nan,nan
577,14.425,1.707491592e-16,1.536856579e-16,nan,nan,nan,nan
578,14.45,1.779746542e-16,1.615461237e-16,nan,nan,nan,nan
579,14.475,1.880858000e-16,1.721170949e-16,nan,nan,nan,nan
580,14.5,2.002040095e-16,1.838806885e-16,nan,nan,nan,nan
581,14.525,2.137713568e-16,1.974332156e-16,nan,nan,nan,nan
582,14.55,2.275772876e-16,2.108773225e-16,nan,nan,nan,nan
583,14.575,2.408576746e-16,2.230745970e-16,nan,nan,nan,nan
584,14.6,2.532751569e-16,2.343502996e-16,nan,nan,nan,nan
585,14.625,2.680371638e-16,2.485533480e-16,nan,nan,nan,nan
586,14.65,2.879773889e-16,2.683400377e-16,nan,nan,nan,nan
587,14.675,3.126491184e-16,2.909456530e-16,nan,nan,nan,nan
588,14.7,3.377912691e-16,3.112744437e-16,nan,nan,nan,nan
589,14.725,3.581109843e-16,3.250438113e-16,nan,nan,nan,nan
590,14.75,3.684512135e-16,3.290553593e-16,nan,nan,nan,nan
591,14.775,3.700329055e-16,3.261280135e-16,nan,nan,nan,nan
592,14.8,3.676970153e-16,3.231464575e-16,nan,nan,nan,nan
593,14.825,3.724669677e-16,3.327416467e-16,nan,nan,nan,nan
594,14.85,3.923895263e-16,3.606056426e-16,nan,nan,nan,nan
595,14.875,4.306911543e-16,4.051663519e-16,nan,nan,nan,nan
596,14.9,4.808825172e-16,4.574248966e-16,nan,nan,nan,nan
597,14.925,5.326857957e-16,5.050213719e-16,nan,nan,nan,nan
598,14.95,5.750544344e-16,5.362463945e-16,nan,nan,nan,nan
599,14.975,6.021811076e-16,5.517504856e-16,nan,nan,nan,nan
600,15,6.195609342e-16,5.593399008e-16,nan,nan,nan,nan
601,15.025,6.409356790e-16,5.791808005e-16,nan,nan,nan,nan
602,15.05,6.757451416e-16,6.097553018e-16,nan,nan,nan,nan
603,15.075,7.155355847e-16,6.424982074e-16,nan,nan,nan,nan
604,15.1,7.491525501e-16,6.674348574e-16,nan,nan,nan,nan
605,15.125,7.675657744e-16,6.821800069e-16,nan,nan,nan,nan
606,15.15,7.752997488e-16,6.933472893e-16,nan,nan,nan,nan
607,15.175,7.882692647e-16,7.150313328e-16,nan,nan,nan,nan
608,15.2,8.246262551e-16,7.662056753e-16,nan,nan,nan,nan
609,15.225,9.022279259e-16,8.558691950e-16,nan,nan,nan,nan
610,15.25,1.019520638e-15,9.752398542e-16,nan,nan,nan,nan
611,15.275,1.148159310e-15,1.084852694e-15,nan,nan,nan,nan
612,15.3,1.248782120e-15,1.149904824e-15,nan,nan,nan,nan
613,15.325,1.297327143e-15,1.161180527e-15,nan,nan,nan,nan
614,15.35,1.293952620e-15,1.131256547e-15,nan,nan,nan,nan
615,15.375,1.273119428e-15,1.142624034e-15,nan,nan,nan,nan
616,15.4,1.278373098e-15,1.121715568e-15,nan,nan,nan,nan
617,15.425,1.334457153e-15,1.201729688e-15,nan,nan,nan,nan
618,15.45,1.438483289e-15,1.323810853e-15,nan,nan,nan,nan
619,15.475,1.565016293e-15,1.455866677e-15,nan,nan,nan,nan
620,15.5,1.688722691e-15,1.571876310e-15,nan,nan,nan,nan
621,15.525,1.789697195e-15,1.657745122e-15,nan,nan,nan,nan
622,15.55,1.877821542e-15,1.731470869e-15,nan,nan,nan,nan
623,15.575,1.984496138e-15,1.827748022e-15,nan,nan,nan,nan
624,15.6,2.134045057e-15,1.964791177e-15,nan,nan,nan,nan
625,15.625,2.307558596e-15,2.105086938e-15,nan,nan,nan,nan
626,15.65,2.444304806e-15,2.187052622e-15,nan,nan,nan,nan
627,15.675,2.500827888e-15,2.193124155e-15,nan,nan,nan,nan
628,15.7,2.487671929e-15,2.163633855e-15,nan,nan,nan,nan
629,15.725,2.472965696e-15,2.170945562e-15,nan,nan,nan,nan
630,15.75,2.519594772e-15,2.280294009e-15,nan,nan,nan,nan
631,15.775,2.709665423e-15,2.529009988e-15,nan,nan,nan,nan
632,15.8,3.028951643e-15,2.868798948e-15,nan,nan,nan,nan
633,15.825,3.393925006e-15,3.200131132e-15,nan,nan,nan,nan
634,15.85,3.696904116e-15,3.413502120e-15,nan,nan,nan,nan
635,15.875,3.867932031e-15,3.479421612e-15,nan,nan,nan,nan
636,15.9,3.926059913e-15,3.470747995e-15,nan,nan,nan,nan
637,15.925,3.964757644e-15,3.493299400e-15,nan,nan,nan,nan
638,15.95,4.074757096e-15,3.612127958e-15,nan,nan,nan,nan
639,15.975,4.278069564e-15,3.829402073e-15,nan,nan,nan,nan
640,16,4.530508559e-15,4.090477956e-15,nan,nan,nan,nan
641,16.025,4.778821074e-15,4.342446541e-15,nan,nan,nan,nan
642,16.05,5.006786535e-15,4.565358508e-15,nan,nan,nan,nan
643,16.075,5.235200559e-15,4.786969432e-15,nan,nan,nan,nan
644,16.1,5.532564223e-15,5.088377636e-15,nan,nan,nan,nan
645,16.125,5.961095960e-15,5.505578632e-15,nan,nan,nan,nan
646,16.15,6.478000312e-15,5.944463671e-15,nan,nan,nan,nan
647,16.175,6.934854246e-15,6.260183344e-15,nan,nan,nan,nan
648,16.2,7.210555677e-15,6.387251839e-15,nan,nan,nan,nan
649,16.225,7.289948743e-15,6.368603561e-15,nan,nan,nan,nan
650,16.25,7.293117356e-15,6.388552881e-15,nan,nan,nan,nan
651,16.275,7.433835863e-15,6.635317296e-15,nan,nan,nan,nan
652,16.3,7.859290496e-15,7.192597212e-15,nan,nan,nan,nan
653,16.325,8.559334653e-15,7.943732477e-15,nan,nan,nan,nan
654,16.35,9.363029893e-15,8.674918422e-15,nan,nan,nan,nan
655,16.375,1.006246934e-14,9.204009083e-15,nan,nan,nan,nan
656,16.4,1.054828168e-14,9.499345754e-15,nan,nan,nan,nan
657,16.425,1.087387576e-14,9.687563252e-15,nan,nan,nan,nan
658,16.45,1.119788151e-14,9.955578029e-15,nan,nan,nan,nan
659,16.475,1.166517286e-14,1.040400405e-14,nan,nan,nan,nan
660,16.5,1.225335650e-14,1.096605445e-14,nan,nan,nan,nan
661,16.525,1.285909609e-14,1.152983958e-14,nan,nan,nan,nan
662,16.55,1.340643437e-14,1.204765454e-14,nan,nan,nan,nan
663,16.575,1.394037568e-14,1.256980631e-14,nan,nan,nan,nan
664,16.6,1.458830473e-14,1.324721582e-14,nan,nan,nan,nan
665,16.625,1.548516966e-14,1.415621093e-14,nan,nan,nan,nan
666,16.65,1.663691609e-14,1.520485127e-14,nan,nan,nan,nan
667,16.675,1.783465351e-14,1.616502071e-14,nan,nan,nan,nan
668,16.7,1.880247310e-14,1.682248091e-14,nan,nan,nan,nan
669,16.725,1.939768071e-14,1.714427211e-14,nan,nan,nan,nan
670,16.75,1.975529237e-14,1.739233757e-14,nan,nan,nan,nan
671,16.775,2.021304022e-14,1.793010185e-14,nan,nan,nan,nan
672,16.8,2.109027292e-14,1.899175261e-14,nan,nan,nan,nan
673,16.825,2.246013580e-14,2.044892033e-14,nan,nan,nan,nan
674,16.85,2.410672174e-14,2.200496729e-14,nan,nan,nan,nan
675,16.875,2.569397593e-14,2.332162241e-14,nan,nan,nan,nan
676,16.9,2.700601596e-14,2.429133283e-14,nan,nan,nan,nan
677,16.925,2.809144325e-14,2.509277508e-14,nan,nan,nan,nan
678,16.95,2.916710012e-14,2.599916810e-14,nan,nan,nan,nan
679,16.975,3.046345288e-14,2.719612729e-14,nan,nan,nan,nan
680,17,3.194966191e-14,2.854834424e-14,nan,nan,nan,nan
681,17.025,3.344931699e-14,2.988061187e-14,nan,nan,nan,nan
682,17.05,3.485983935e-14,3.115910308e-14,nan,nan,nan,nan
683,17.075,3.628042740e-14,3.252259573e-14,nan,nan,nan,nan
684,17.1,3.794307954e-14,3.419400180e-14,nan,nan,nan,nan
685,17.125,4.005383972e-14,3.624184286e-14,nan,nan,nan,nan
686,17.15,4.260394538e-14,3.854208619e-14,nan,nan,nan,nan
687,17.175,4.520154176e-14,4.067059189e-14,nan,nan,nan,nan
688,17.2,4.742148956e-14,4.228041528e-14,nan,nan,nan,nan
689,17.225,4.911689707e-14,4.349472171e-14,nan,nan,nan,nan
690,17.25,5.056587785e-14,4.473504900e-14,nan,nan,nan,nan
691,17.275,5.232364709e-14,4.658252950e-14,nan,nan,nan,nan
692,17.3,5.479629089e-14,4.918981888e-14,nan,nan,nan,nan
693,17.325,5.797568740e-14,5.231579059e-14,nan,nan,nan,nan
694,17.35,6.147480605e-14,5.544696646e-14,nan,nan,nan,nan
695,17.375,6.481046662e-14,5.821731985e-14,nan,nan,nan,nan
696,17.4,6.778203344e-14,6.058174795e-14,nan,nan,nan,nan
697,17.425,7.057772440e-14,6.286811349e-14,nan,nan,nan,nan
698,17.45,7.360148454e-14,6.554652654e-14,nan,nan,nan,nan
699,17.475,7.698477586e-14,6.861004820e-14,nan,nan,nan,nan
700,17.5,8.060292611e-14,7.184704220e-14,nan,nan,nan,nan
701,17.525,8.421705427e-14,7.502679034e-14,nan,nan,nan,nan
702,17.55,8.779241650e-14,7.828807047e-14,nan,nan,nan,nan
703,17.575,9.160561592e-14,8.188588696e-14,nan,nan,nan,nan
704,17.6,9.603506819e-14,8.610126501e-14,nan,nan,nan,nan
705,17.625,1.011746928e-13,9.079542673e-14,nan,nan,nan,nan
706,17.65,1.067026772e-13,9.554856906e-14,nan,nan,nan,nan
707,17.675,1.120091659e-13,9.984374438e-14,nan,nan,nan,nan
708,17.7,1.167037550e-13,1.035352359e-13,nan,nan,nan,nan
709,17.725,1.209764133e-13,1.071105010e-13,nan,nan,nan,nan
710,17.75,1.255214226e-13,1.114108805e-13,nan,nan,nan,nan
711,17.775,1.310329415e-13,1.168700553e-13,nan,nan,nan,nan
712,17.8,1.376901064e-13,1.232087349e-13,nan,nan,nan,nan
713,17.825,1.450301393e-13,1.298440522e-13,nan,nan,nan,nan
714,17.85,1.523780298e-13,1.360890567e-13,nan,nan,nan,nan
715,17.875,1.593507967e-13,1.418969109e-13,nan,nan,nan,nan
716,17.9,1.661084040e-13,1.475798650e-13,nan,nan,nan,nan
717,17.925,1.731385963e-13,1.537520111e-13,nan,nan,nan,nan
718,17.95,1.808075126e-13,1.606631495e-13,nan,nan,nan,nan
719,17.975,1.890461671e-13,1.680808270e-13,nan,nan,nan,nan
720,18,1.975118727e-13,1.755574852e-13,nan,nan,nan,nan
721,18.025,2.060882384e-13,1.832145546e-13,nan,nan,nan,nan
722,18.05,2.150713137e-13,1.913885717e-13,nan,nan,nan,nan
723,18.075,2.249371441e-13,2.004264810e-13,nan,nan,nan,nan
724,18.1,2.359242480e-13,2.102831798e-13,nan,nan,nan,nan
725,18.125,2.475477611e-13,2.203341676e-13,nan,nan,nan,nan
726,18.15,2.590563475e-13,2.299653523e-13,nan,nan,nan,nan
727,18.175,2.699907678e-13,2.390310172e-13,nan,nan,nan,nan
728,18.2,2.806172491e-13,2.482909711e-13,nan,nan,nan,nan
729,18.225,2.918984062e-13,2.586576786e-13,nan,nan,nan,nan
730,18.25,3.047198585e-13,2.707695179e-13,nan,nan,nan,nan
731,18.275,3.192418753e-13,2.841477054e-13,nan,nan,nan,nan
732,18.3,3.347604023e-13,2.978763070e-13,nan,nan,nan,nan
733,18.325,3.503846871e-13,3.111816360e-13,nan,nan,nan,nan
734,18.35,3.656618428e-13,3.241365509e-13,nan,nan,nan,nan
735,18.375,3.809962433e-13,3.373135105e-13,nan,nan,nan,nan
736,18.4,3.971347788e-13,3.515417124e-13,nan,nan,nan,nan
737,18.425,4.144400166e-13,3.670605486e-13,nan,nan,nan,nan
738,18.45,4.327822283e-13,3.834085827e-13,nan,nan,nan,nan
739,18.475,4.517698468e-13,4.002145837e-13,nan,nan,nan,nan
740,18.5,4.712540854e-13,4.174542656e-13,nan,nan,nan,nan
741,18.525,4.916736007e-13,4.357209038e-13,nan,nan,nan,nan
742,18.55,5.135376746e-13,4.552920541e-13,nan,nan,nan,nan
743,18.575,5.369080859e-13,4.759491412e-13,nan,nan,nan,nan
744,18.6,5.611604020e-13,4.968005174e-13,nan,nan,nan,nan
745,18.625,5.854498335e-13,5.174922990e-13,nan,nan,nan,nan
746,18.65,6.095353468e-13,5.382742863e-13,nan,nan,nan,nan
747,18.675,6.341667015e-13,5.601352715e-13,nan,nan,nan,nan
748,18.7,6.606606641e-13,5.841091499e-13,nan,nan,nan,nan
749,18.725,6.897716902e-13,6.105463357e-13,nan,nan,nan,nan
750,18.75,7.211572115e-13,6.386211004e-13,nan,nan,nan,nan
751,18.775,7.537239784e-13,6.668277042e-13,nan,nan,nan,nan
752,18.8,7.864564284e-13,6.948400189e-13,nan,nan,nan,nan
753,18.825,8.192950502e-13,7.230535615e-13,nan,nan,nan,nan
754,18.85,8.530669679e-13,7.527034551e-13,nan,nan,nan,nan
755,18.875,8.887558386e-13,7.843656280e-13,nan,nan,nan,nan
756,18.9,9.266614750e-13,8.180608968e-13,nan,nan,nan,nan
757,18.925,9.664421072e-13,8.532757834e-13,nan,nan,nan,nan
758,18.95,1.007572080e-12,8.895176262e-13,nan,nan,nan,nan
759,18.975,1.050090597e-12,9.268558143e-13,nan,nan,nan,nan
760,19,1.094537068e-12,9.659981148e-13,nan,nan,nan,nan
761,19.025,1.141487197e-12,1.007284534e-12,nan,nan,nan,nan
762,19.05,1.190759376e-12,1.050111387e-12,nan,nan,nan,nan
763,19.075,1.241266279e-12,1.093791724e-12,nan,nan,nan,nan
764,19.1,1.292515104e-12,1.138110439e-12,nan,nan,nan,nan
765,19.125,1.344982937e-12,1.184177756e-12,nan,nan,nan,nan
766,19.15,1.400005820e-12,1.233166347e-12,nan,nan,nan,nan
767,19.175,1.458808783e-12,1.285797857e-12,nan,nan,nan,nan
768,19.2,1.521477975e-12,1.341295131e-12,nan,nan,nan,nan
769,19.225,1.586882590e-12,1.398381411e-12,nan,nan,nan,nan
770,19.25,1.653655902e-12,1.455828513e-12,nan,nan,nan,nan
771,19.275,1.721299474e-12,1.514156855e-12,nan,nan,nan,nan
772,19.3,1.790755991e-12,1.574657071e-12,nan,nan,nan,nan
773,19.325,1.863445815e-12,1.638848779e-12,nan,nan,nan,nan
774,19.35,1.940366882e-12,1.706843000e-12,nan,nan,nan,nan
775,19.375,2.021312422e-12,1.777938907e-12,nan,nan,nan,nan
776,19.4,2.105315086e-12,1.851518938e-12,nan,nan,nan,nan
777,19.425,2.192077087e-12,1.927312476e-12,nan,nan,nan,nan
778,19.45,2.282062973e-12,2.005978716e-12,nan,nan,nan,nan
779,19.475,2.375932991e-12,2.087982565e-12,nan,nan,nan,nan
780,19.5,2.473789024e-12,2.173344837e-12,nan,nan,nan,nan
781,19.525,2.575054699e-12,2.261323073e-12,nan,nan,nan,nan
782,19.55,2.679082000e-12,2.351778494e-12,nan,nan,nan,nan
783,19.575,2.786223379e-12,2.445252334e-12,nan,nan,nan,nan
784,19.6,2.897860160e-12,2.543569522e-12,nan,nan,nan,nan
785,19.625,3.015412880e-12,2.647423947e-12,nan,nan,nan,nan
786,19.65,3.139131363e-12,2.756059270e-12,nan,nan,nan,nan
787,19.675,3.267821481e-12,2.867830973e-12,nan,nan,nan,nan
788,19.7,3.400473516e-12,2.982301905e-12,nan,nan,nan,nan
789,19.725,3.536338913e-12,3.099916157e-12,nan,nan,nan,nan
790,19.75,3.676339651e-12,3.221672928e-12,nan,nan,nan,nan
791,19.775,3.822325738e-12,3.349751032e-12,nan,nan,nan,nan
792,19.8,3.975568542e-12,3.484393329e-12,nan,nan,nan,nan
793,19.825,4.135804510e-12,3.624836542e-12,nan,nan,nan,nan
794,19.85,4.302081858e-12,3.769581869e-12,nan,nan,nan,nan
795,19.875,4.473665824e-12,3.918448899e-12,nan,nan,nan,nan
796,19.9,4.650990985e-12,4.072603366e-12,nan,nan,nan,nan
797,19.925,4.835033343e-12,4.232877937e-12,nan,nan,nan,nan
798,19.95,5.026391084e-12,4.399314246e-12,nan,nan,nan,nan
799,19.975,5.224776041e-12,4.571690249e-12,nan,nan,nan,nan
800,20,5.429794867e-12,4.749894922e-12,nan,nan,nan,nan
801,20.025,5.641683459e-12,4.934594400e-12,nan,nan,nan,nan
802,20.05,5.862933493e-12,5.127981373e-12,nan,nan,nan,nan
803,20.075,6.094118528e-12,5.330014208e-12,nan,nan,nan,nan
804,20.1,6.335416687e-12,5.540318204e-12,nan,nan,nan,nan
805,20.125,6.585540798e-12,5.756936594e-12,nan,nan,nan,nan
806,20.15,6.843033332e-12,5.979383655e-12,nan,nan,nan,nan
807,20.175,7.107724407e-12,6.208270009e-12,nan,nan,nan,nan
808,20.2,7.381293015e-12,6.446371215e-12,nan,nan,nan,nan
809,20.225,7.666224864e-12,6.695102805e-12,nan,nan,nan,nan
810,20.25,7.963794462e-12,6.954853360e-12,nan,nan,nan,nan
811,20.275,8.273628295e-12,7.224124077e-12,nan,nan,nan,nan
812,20.3,8.594218631e-12,7.501971266e-12,nan,nan,nan,nan
813,20.325,8.924820831e-12,7.787992473e-12,nan,nan,nan,nan
814,20.35,9.266132587e-12,8.083325675e-12,nan,nan,nan,nan
815,20.375,9.620247206e-12,8.391495832e-12,nan,nan,nan,nan
816,20.4,9.989484529e-12,8.712100485e-12,nan,nan,nan,nan
817,20.425,1.037227473e-11,9.044001659e-12,nan,nan,nan,nan
818,20.45,1.076826938e-11,9.387227107e-12,nan,nan,nan,nan
819,20.475,1.117805617e-11,9.742817664e-12,nan,nan,nan,nan
820,20.5,1.160312149e-11,1.011198070e-11,nan,nan,nan,nan
821,20.525,1.204488401e-11,1.049542397e-11,nan,nan,nan,nan
822,20.55,1.250333714e-11,1.089206503e-11,nan,nan,nan,nan
823,20.575,1.297731593e-11,1.130137650e-11,nan,nan,nan,nan
824,20.6,1.346591301e-11,1.172316411e-11,nan,nan,nan,nan
825,20.625,1.396984204e-11,1.215884338e-11,nan,nan,nan,nan
826,20.65,1.449160899e-11,1.261107885e-11,nan,nan,nan,nan
827,20.675,1.503395131e-11,1.308199382e-11,nan,nan,nan,nan
828,20.7,1.559792113e-11,1.357142176e-11,nan,nan,nan,nan
829,20.725,1.618283453e-11,1.407915451e-11,nan,nan,nan,nan
830,20.75,1.678948425e-11,1.460247201e-11,nan,nan,nan,nan
831,20.775,1.741511361e-11,1.514205428e-11,nan,nan,nan,nan
832,20.8,1.806145729e-11,1.570053809e-11,nan,nan,nan,nan
833,20.825,1.873097702e-11,1.627945001e-11,nan,nan,nan,nan
834,20.85,1.942503339e-11,1.687966433e-11,nan,nan,nan,nan
835,20.875,2.014388848e-11,1.750098677e-11,nan,nan,nan,nan
836,20.9,2.088717913e-11,1.814311201e-11,nan,nan,nan,nan
837,20.925,2.165571721e-11,1.880651190e-11,nan,nan,nan,nan
838,20.95,2.245106512e-11,1.949310158e-11,nan,nan,nan,nan
839,20.975,2.327468928e-11,2.020389411e-11,nan,nan,nan,nan
840,21,2.412674264e-11,2.093855644e-11,nan,nan,nan,nan
841,21.025,2.500668466e-11,2.169604774e-11,nan,nan,nan,nan
842,21.05,2.591447449e-11,2.247914355e-11,nan,nan,nan,nan
843,21.075,2.685230220e-11,2.329272886e-11,nan,nan,nan,nan
844,21.1,2.782830111e-11,2.413590161e-11,nan,nan,nan,nan
845,21.125,2.884061097e-11,2.501007734e-11,nan,nan,nan,nan
846,21.15,2.988905298e-11,2.591363235e-11,nan,nan,nan,nan
847,21.175,3.097224272e-11,2.684585887e-11,nan,nan,nan,nan
848,21.2,3.208920148e-11,2.780603525e-11,nan,nan,nan,nan
849,21.225,3.324138180e-11,2.879702032e-11,nan,nan,nan,nan
850,21.25,3.443212904e-11,2.982222802e-11,nan,nan,nan,nan
851,21.275,3.566448036e-11,3.088457268e-11,nan,nan,nan,nan
852,21.3,3.694001997e-11,3.198327714e-11,nan,nan,nan,nan
853,21.325,3.825859806e-11,3.311736996e-11,nan,nan,nan,nan
854,21.35,3.962002082e-11,3.428735074e-11,nan,nan,nan,nan
855,21.375,4.102551865e-11,3.549568972e-11,nan,nan,nan,nan
856,21.4,4.247753936e-11,3.674566207e-11,nan,nan,nan,nan
857,21.425,4.397784498e-11,3.804212501e-11,nan,nan,nan,nan
858,21.45,4.553220028e-11,3.938094295e-11,nan,nan,nan,nan
859,21.475,4.714035578e-11,4.076214366e-11,nan,nan,nan,nan
860,21.5,4.880018349e-11,4.218839167e-11,nan,nan,nan,nan
861,21.525,5.051492651e-11,4.366193518e-11,nan,nan,nan,nan
862,21.55,5.228806434e-11,4.518593832e-11,nan,nan,nan,nan
863,21.575,5.412140231e-11,4.676059540e-11,nan,nan,nan,nan
864,21.6,5.601431927e-11,4.838404677e-11,nan,nan,nan,nan
865,21.625,5.796601303e-11,5.005609816e-11,nan,nan,nan,nan
866,21.65,5.997781352e-11,5.178044105e-11,nan,nan,nan,nan
867,21.675,6.205360670e-11,5.356143307e-11,nan,nan,nan,nan
868,21.7,6.419820165e-11,5.540162773e-11,nan,nan,nan,nan
869,21.725,6.641464485e-11,5.730263486e-11,nan,nan,nan,nan
870,21.75,6.870340043e-11,5.926537039e-11,nan,nan,nan,nan
871,21.775,7.106433344e-11,6.129885488e-11,nan,nan,nan,nan
872,21.8,7.349817556e-11,6.339440084e-11,nan,nan,nan,nan
873,21.825,7.602050342e-11,6.555594956e-11,nan,nan,nan,nan
874,21.85,7.862551138e-11,6.778747008e-11,nan,nan,nan,nan
875,21.875,8.131407941e-11,7.009010039e-11,nan,nan,nan,nan
876,21.9,8.408774378e-11,7.246409028e-11,nan,nan,nan,nan
877,21.925,8.694818517e-11,7.491182674e-11,nan,nan,nan,nan
878,21.95,8.989853863e-11,7.743694574e-11,nan,nan,nan,nan
879,21.975,9.294288886e-11,8.004230612e-11,nan,nan,nan,nan
880,22,9.608465149e-11,8.272901808e-11,nan,nan,nan,nan
881,22.025,9.932489674e-11,8.549783104e-11,nan,nan,nan,nan
882,22.05,1.026641112e-10,8.834996623e-11,nan,nan,nan,nan
883,22.075,1.061039036e-10,9.128808820e-11,nan,nan,nan,nan
884,22.1,1.096491106e-10,9.431652681e-11,nan,nan,nan,nan
885,22.125,1.133054556e-10,9.745421137e-11,nan,nan,nan,nan
886,22.15,1.170781034e-10,1.006970896e-10,nan,nan,nan,nan
887,22.175,1.209688617e-10,1.040388609e-10,nan,nan,nan,nan
888,22.2,1.249999039e-10,1.074799416e-10,nan,nan,nan,nan
889,22.225,1.291526145e-10,1.110224968e-10,nan,nan,nan,nan
890,22.25,1.334302007e-10,1.146726325e-10,nan,nan,nan,nan
891,22.275,1.378387325e-10,1.184348730e-10,nan,nan,nan,nan
892,22.3,1.423835196e-10,1.223121604e-10,nan,nan,nan,nan
893,22.325,1.470678750e-10,1.263071869e-10,nan,nan,nan,nan
894,22.35,1.518941291e-10,1.304222286e-10,nan,nan,nan,nan
895,22.375,1.568652105e-10,1.346590339e-10,nan,nan,nan,nan
896,22.4,1.619862126e-10,1.390221549e-10,nan,nan,nan,nan
897,22.425,1.672620167e-10,1.435160601e-10,nan,nan,nan,nan
898,22.45,1.726966860e-10,1.481438028e-10,nan,nan,nan,nan
899,22.475,1.782924169e-10,1.529097404e-10,nan,nan,nan,nan
900,22.5,1.840524997e-10,1.578399911e-10,nan,nan,nan,nan
901,22.525,1.899825614e-10,1.629173185e-10,nan,nan,nan,nan
902,22.55,1.960898688e-10,1.681478012e-10,nan,nan,nan,nan
903,22.575,2.024091567e-10,1.735347144e-10,nan,nan,nan,nan
904,22.6,2.089257864e-10,1.790794180e-10,nan,nan,nan,nan
905,22.625,2.156339159e-10,1.847840214e-10,nan,nan,nan,nan
906,22.65,2.225361009e-10,1.906521330e-10,nan,nan,nan,nan
907,22.675,2.296382570e-10,1.966889152e-10,nan,nan,nan,nan
908,22.7,2.369486635e-10,2.029030000e-10,nan,nan,nan,nan
909,22.725,2.444754246e-10,2.093004936e-10,nan,nan,nan,nan
910,22.75,2.522239576e-10,2.158837831e-10,nan,nan,nan,nan
911,22.775,2.601975730e-10,2.226553386e-10,nan,nan,nan,nan
912,22.8,2.684005083e-10,2.296182133e-10,nan,nan,nan,nan
913,22.825,2.768387667e-10,2.367795404e-10,nan,nan,nan,nan
914,22.85,2.855200099e-10,2.441561675e-10,nan,nan,nan,nan
915,22.875,2.944511880e-10,2.517782371e-10,nan,nan,nan,nan
916,22.9,3.036376405e-10,2.596165227e-10,nan,nan,nan,nan
917,22.925,3.130848703e-10,2.676773248e-10,nan,nan,nan,nan
918,22.95,3.228156346e-10,2.759670825e-10,nan,nan,nan,nan
919,22.975,3.328660040e-10,2.844922353e-10,nan,nan,nan,nan
920,23,3.432050287e-10,2.932596388e-10,nan,nan,nan,nan
921,23.025,3.538391918e-10,3.022735395e-10,nan,nan,nan,nan
922,23.05,3.647726158e-10,3.115370739e-10,nan,nan,nan,nan
923,23.075,3.760104406e-10,3.210551824e-10,nan,nan,nan,nan
924,23.1,3.875614462e-10,3.308367746e-10,nan,nan,nan,nan
925,23.125,3.994368551e-10,3.408937022e-10,nan,nan,nan,nan
926,23.15,4.116476661e-10,3.512323488e-10,nan,nan,nan,nan
927,23.175,4.242019845e-10,3.618569333e-10,nan,nan,nan,nan
928,23.2,4.371051377e-10,3.727713971e-10,nan,nan,nan,nan
929,23.225,4.503629889e-10,3.839857599e-10,nan,nan,nan,nan
930,23.25,4.639839444e-10,3.955714645e-10,nan,nan,nan,nan
931,23.275,4.779790593e-10,4.074749704e-10,nan,nan,nan,nan
932,23.3,4.923593352e-10,4.197057146e-10,nan,nan,nan,nan
933,23.325,5.071342015e-10,4.322714409e-10,nan,nan,nan,nan
934,23.35,5.223501120e-10,4.451773949e-10,nan,nan,nan,nan
935,23.375,5.380321543e-10,4.584314039e-10,nan,nan,nan,nan
936,23.4,5.541424095e-10,4.720436819e-10,nan,nan,nan,nan
937,23.425,5.706921588e-10,4.860238878e-10,nan,nan,nan,nan
938,23.45,5.876916917e-10,5.003781278e-10,nan,nan,nan,nan
939,23.475,6.051489494e-10,5.151140070e-10,nan,nan,nan,nan
940,23.5,6.230735870e-10,5.302392414e-10,nan,nan,nan,nan
941,23.525,6.414770987e-10,5.457672092e-10,nan,nan,nan,nan
942,23.55,6.603746550e-10,5.617081800e-10,nan,nan,nan,nan
943,23.575,6.797800997e-10,5.780740886e-10,nan,nan,nan,nan
944,23.6,6.997047997e-10,5.948704307e-10,nan,nan,nan,nan
945,23.625,7.201572171e-10,6.121649299e-10,nan,nan,nan,nan
946,23.65,7.411464484e-10,6.299561428e-10,nan,nan,nan,nan
947,23.675,7.626851410e-10,6.482124837e-10,nan,nan,nan,nan
948,23.7,7.847888745e-10,6.669482744e-10,nan,nan,nan,nan
949,23.725,8.074738814e-10,6.861759494e-10,nan,nan,nan,nan
950,23.75,8.307796202e-10,7.059047791e-10,nan,nan,nan,nan
951,23.775,8.548078750e-10,7.261425350e-10,nan,nan,nan,nan
952,23.8,8.794620498e-10,7.469008190e-10,nan,nan,nan,nan
953,23.825,9.047565122e-10,7.681924541e-10,nan,nan,nan,nan
954,23.85,9.307072894e-10,7.900304855e-10,nan,nan,nan,nan
955,23.875,9.573293270e-10,8.124256268e-10,nan,nan,nan,nan
956,23.9,9.846367108e-10,8.353913117e-10,nan,nan,nan,nan
957,23.925,1.012643374e-09,8.589375877e-10,nan,nan,nan,nan
958,23.95,1.041365717e-09,8.830802201e-10,nan,nan,nan,nan
959,23.975,1.070822390e-09,9.078329755e-10,nan,nan,nan,nan
960,24,1.101031461e-09,9.332104534e-10,nan,nan,nan,nan
961,24.025,1.132008135e-09,9.593397188e-10,nan,nan,nan,nan
962,24.05,1.163765329e-09,9.861691463e-10,nan,nan,nan,nan
963,24.075,1.196317878e-09,1.013666207e-09,nan,nan,nan,nan
964,24.1,1.229684133e-09,1.041850606e-09,nan,nan,nan,nan
965,24.125,1.263886204e-09,1.070739608e-09,nan,nan,nan,nan
966,24.15,1.298944471e-09,1.100347924e-09,nan,nan,nan,nan
967,24.175,1.334985999e-09,1.130689375e-09,nan,nan,nan,nan
968,24.2,1.372032444e-09,1.161775842e-09,nan,nan,nan,nan
969,24.225,1.409996396e-09,1.193621813e-09,nan,nan,nan,nan
970,24.25,1.448898194e-09,1.226244828e-09,nan,nan,nan,nan
971,24.275,1.488760294e-09,1.259664262e-09,nan,nan,nan,nan
972,24.3,1.529603951e-09,1.293897822e-09,nan,nan,nan,nan
973,24.325,1.571449642e-09,1.328960608e-09,nan,nan,nan,nan
974,24.35,1.614316705e-09,1.364866775e-09,nan,nan,nan,nan
975,24.375,1.658226895e-09,1.401636196e-09,nan,nan,nan,nan
976,24.4,1.703203765e-09,1.439288300e-09,nan,nan,nan,nan
977,24.425,1.749270167e-09,1.477951761e-09,nan,nan,nan,nan
978,24.45,1.796447187e-09,1.517674708e-09,nan,nan,nan,nan
979,24.475,1.844754662e-09,1.558342178e-09,nan,nan,nan,nan
980,24.5,1.894214004e-09,1.599976041e-09,nan,nan,nan,nan
981,24.525,1.944851491e-09,1.642597280e-09,nan,nan,nan,nan
982,24.55,1.996695417e-09,1.686230378e-09,nan,nan,nan,nan
983,24.575,2.049771761e-09,1.730893318e-09,nan,nan,nan,nan
984,24.6,2.104209013e-09,1.776604142e-09,nan,nan,nan,nan
985,24.625,2.160156856e-09,1.823378226e-09,nan,nan,nan,nan
986,24.65,2.217420717e-09,1.871238053e-09,nan,nan,nan,nan
987,24.675,2.276028488e-09,1.920208048e-09,nan,nan,nan,nan
988,24.7,2.336011033e-09,1.970314634e-09,nan,nan,nan,nan
989,24.725,2.397397363e-09,2.021578460e-09,nan,nan,nan,nan
990,24.75,2.460213929e-09,2.074018401e-09,nan,nan,nan,nan
991,24.775,2.524486539e-09,2.127656107e-09,nan,nan,nan,nan
992,24.8,2.590242503e-09,2.182516057e-09,nan,nan,nan,nan
993,24.825,2.657511721e-09,2.238620678e-09,nan,nan,nan,nan
994,24.85,2.726324884e-09,2.296273061e-09,nan,nan,nan,nan
995,24.875,2.796710971e-09,2.355327711e-09,nan,nan,nan,nan
996,24.9,2.868698542e-09,2.415716904e-09,nan,nan,nan,nan
997,24.925,2.942317190e-09,2.477467009e-09,nan,nan,nan,nan
998,24.95,3.017600562e-09,2.540604782e-09,nan,nan,nan,nan
999,24.975,3.094582981e-09,2.605159755e-09,nan,nan,nan,nan
1000,25,3.173296836e-09,2.671156352e-09,nan,nan,nan,nan
1001,25.025,3.253771473e-09,2.738615446e-09,nan,nan,nan,nan
1002,25.05,3.336322763e-09,2.807561961e-09,nan,nan,nan,nan
1003,25.075,3.420933262e-09,2.878026262e-09,nan,nan,nan,nan
1004,25.1,3.507427057e-09,2.950041156e-09,nan,nan,nan,nan
1005,25.125,3.595843696e-09,3.023635065e-09,nan,nan,nan,nan
1006,25.15,3.686220032e-09,3.098836299e-09,nan,nan,nan,nan
1007,25.175,3.778589469e-09,3.175669783e-09,nan,nan,nan,nan
1008,25.2,3.872984259e-09,3.254161440e-09,nan,nan,nan,nan
1009,25.225,3.969440011e-09,3.334342025e-09,nan,nan,nan,nan
1010,25.25,4.067995347e-09,3.416242844e-09,nan,nan,nan,nan
1011,25.275,4.168690902e-09,3.500190471e-09,nan,nan,nan,nan
1012,25.3,4.271565108e-09,3.586197117e-09,nan,nan,nan,nan
1013,25.325,4.376655032e-09,3.674040849e-09,nan,nan,nan,nan
1014,25.35,4.483998833e-09,3.763755363e-09,nan,nan,nan,nan
1015,25.375,4.593637466e-09,3.855375241e-09,nan,nan,nan,nan
1016,25.4,4.705612879e-09,3.948934069e-09,nan,nan,nan,nan
1017,25.425,4.819965160e-09,4.044461654e-09,nan,nan,nan,nan
1018,25.45,4.936733068e-09,4.141989696e-09,nan,nan,nan,nan
1019,25.475,5.055955426e-09,4.241552387e-09,nan,nan,nan,nan
1020,25.5,5.177789871e-09,4.343186699e-09,nan,nan,nan,nan
1021,25.525,5.302828264e-09,4.446929991e-09,nan,nan,nan,nan
1022,25.55,5.430492130e-09,4.552818900e-09,nan,nan,nan,nan
1023,25.575,5.560825178e-09,4.660887176e-09,nan,nan,nan,nan
1024,25.6,5.693868761e-09,4.771165463e-09,nan,nan,nan,nan
1025,25.625,5.829664272e-09,4.883686677e-09,nan,nan,nan,nan
1026,25.65,5.968258286e-09,4.998492509e-09,nan,nan,nan,nan
1027,25.675,6.109700804e-09,5.115623591e-09,nan,nan,nan,nan
1028,25.7,6.254042023e-09,5.235119394e-09,nan,nan,nan,nan
1029,25.725,6.401329087e-09,5.357600419e-09,nan,nan,nan,nan
1030,25.75,6.551608133e-09,5.482770293e-09,nan,nan,nan,nan
1031,25.775,6.704925609e-09,5.610451048e-09,nan,nan,nan,nan
1032,25.8,6.861331378e-09,5.740681930e-09,nan,nan,nan,nan
1033,25.825,7.020876560e-09,5.873505182e-09,nan,nan,nan,nan
1034,25.85,7.183611085e-09,6.008960940e-09,nan,nan,nan,nan
1035,25.875,7.349584033e-09,6.147090059e-09,nan,nan,nan,nan
1036,25.9,7.518845269e-09,6.287931176e-09,nan,nan,nan,nan
1037,25.925,7.691447783e-09,6.431532029e-09,nan,nan,nan,nan
1038,25.95,7.867447544e-09,6.577934919e-09,nan,nan,nan,nan
1039,25.975,8.046897601e-09,6.727182866e-09,nan,nan,nan,nan
1040,26,8.230954408e-09,6.879313119e-09,nan,nan,nan,nan
1041,26.025,8.418652492e-09,7.034366922e-09,nan,nan,nan,nan
1042,26.05,8.610004007e-09,7.192389295e-09,nan,nan,nan,nan
1043,26.075,8.805067668e-09,7.353430254e-09,nan,nan,nan,nan
1044,26.1,9.003904561e-09,7.517535483e-09,nan,nan,nan,nan
1045,26.125,9.206573145e-09,7.684749448e-09,nan,nan,nan,nan
1046,26.15,9.413128232e-09,7.855113116e-09,nan,nan,nan,nan
1047,26.175,9.623623724e-09,8.028941179e-09,nan,nan,nan,nan
1048,26.2,9.838116398e-09,8.206934299e-09,nan,nan,nan,nan
1049,26.225,1.005666695e-08,8.388263695e-09,nan,nan,nan,nan
1050,26.25,1.027933732e-08,8.572982435e-09,nan,nan,nan,nan
1051,26.275,1.050618790e-08,8.761136316e-09,nan,nan,nan,nan
1052,26.3,1.073727714e-08,8.952771524e-09,nan,nan,nan,nan
1053,26.325,1.097266459e-08,9.147937630e-09,nan,nan,nan,nan
1054,26.35,1.121241279e-08,9.346686480e-09,nan,nan,nan,nan
1055,26.375,1.145658537e-08,9.549067259e-09,nan,nan,nan,nan
1056,26.4,1.170524344e-08,9.755128316e-09,nan,nan,nan,nan
1057,26.425,1.195844672e-08,9.964916503e-09,nan,nan,nan,nan
1058,26.45,1.221625588e-08,1.017848306e-08,nan,nan,nan,nan
1059,26.475,1.247873469e-08,1.039588288e-08,nan,nan,nan,nan
1060,26.5,1.274739805e-08,1.061716881e-08,nan,nan,nan,nan
1061,26.525,1.302117683e-08,1.084239437e-08,nan,nan,nan,nan
1062,26.55,1.329989450e-08,1.107160724e-08,nan,nan,nan,nan
1063,26.575,1.358361260e-08,1.130485611e-08,nan,nan,nan,nan
1064,26.6,1.387239460e-08,1.154218932e-08,nan,nan,nan,nan
1065,26.625,1.416630847e-08,1.178366610e-08,nan,nan,nan,nan
1066,26.65,1.446542678e-08,1.202934247e-08,nan,nan,nan,nan
1067,26.675,1.476982123e-08,1.228086866e-08,nan,nan,nan,nan
1068,26.7,1.507955989e-08,1.253687160e-08,nan,nan,nan,nan
1069,26.725,1.539470892e-08,1.279729744e-08,nan,nan,nan,nan
1070,26.75,1.571533567e-08,1.306220304e-08,nan,nan,nan,nan
1071,26.775,1.604151050e-08,1.333164507e-08,nan,nan,nan,nan
1072,26.8,1.637330565e-08,1.360568003e-08,nan,nan,nan,nan
1073,26.825,1.671079141e-08,1.388436333e-08,nan,nan,nan,nan
1074,26.85,1.705403668e-08,1.416775103e-08,nan,nan,nan,nan
1075,26.875,1.740311167e-08,1.445590020e-08,nan,nan,nan,nan
1076,26.9,1.775808956e-08,1.474886929e-08,nan,nan,nan,nan
1077,26.925,1.811904582e-08,1.504671848e-08,nan,nan,nan,nan
1078,26.95,1.848605351e-08,1.534950339e-08,nan,nan,nan,nan
1079,26.975,1.885918093e-08,1.565727692e-08,nan,nan,nan,nan
1080,27,1.923849647e-08,1.597009258e-08,nan,nan,nan,nan
1081,27.025,1.962563271e-08,1.628801205e-08,nan,nan,nan,nan
1082,27.05,2.002007831e-08,1.661109938e-08,nan,nan,nan,nan
1083,27.075,2.042103178e-08,1.693941543e-08,nan,nan,nan,nan
1084,27.1,2.082857008e-08,1.727301402e-08,nan,nan,nan,nan
1085,27.125,2.124276614e-08,1.761195068e-08,nan,nan,nan,nan
1086,27.15,2.166369089e-08,1.795628046e-08,nan,nan,nan,nan
1087,27.175,2.209141914e-08,1.830770530e-08,nan,nan,nan,nan
1088,27.2,2.252602921e-08,1.866548838e-08,nan,nan,nan,nan
1089,27.225,2.296760103e-08,1.902893693e-08,nan,nan,nan,nan
1090,27.25,2.341621187e-08,1.939811090e-08,nan,nan,nan,nan
1091,27.275,2.387193640e-08,1.977306818e-08,nan,nan,nan,nan
1092,27.3,2.433485048e-08,2.015386763e-08,nan,nan,nan,nan
1093,27.325,2.480503250e-08,2.054057413e-08,nan,nan,nan,nan
1094,27.35,2.528256098e-08,2.093324952e-08,nan,nan,nan,nan
1095,27.375,2.576751309e-08,2.133195065e-08,nan,nan,nan,nan
1096,27.4,2.625996252e-08,2.173673747e-08,nan,nan,nan,nan
1097,27.425,2.675998482e-08,2.214766942e-08,nan,nan,nan,nan
1098,27.45,2.726765814e-08,2.256481241e-08,nan,nan,nan,nan
1099,27.475,2.778306446e-08,2.298822982e-08,nan,nan,nan,nan
1100,27.5,2.830628421e-08,2.341798372e-08,nan,nan,nan,nan
1101,27.525,2.883739373e-08,2.385412851e-08,nan,nan,nan,nan
1102,27.55,2.937646483e-08,2.429672269e-08,nan,nan,nan,nan
1103,27.575,2.992371113e-08,2.474582300e-08,nan,nan,nan,nan
1104,27.6,3.048249998e-08,2.520149600e-08,nan,nan,nan,nan
1105,27.625,3.104960490e-08,2.566380658e-08,nan,nan,nan,nan
1106,27.65,3.162510843e-08,2.613281613e-08,nan,nan,nan,nan
1107,27.675,3.220908842e-08,2.660858017e-08,nan,nan,nan,nan
1108,27.7,3.280162098e-08,2.709201979e-08,nan,nan,nan,nan
1109,27.725,3.340278261e-08,2.758489587e-08,nan,nan,nan,nan
1110,27.75,3.401265392e-08,2.808481819e-08,nan,nan,nan,nan
1111,27.775,3.463131493e-08,2.859184817e-08,nan,nan,nan,nan
1112,27.8,3.525884351e-08,2.910604580e-08,nan,nan,nan,nan
1113,27.825,3.589531635e-08,2.962747120e-08,nan,nan,nan,nan
1114,27.85,3.654081038e-08,3.015618455e-08,nan,nan,nan,nan
1115,27.875,3.719540540e-08,3.069225046e-08,nan,nan,nan,nan
1116,27.9,3.785918142e-08,3.123572806e-08,nan,nan,nan,nan
1117,27.925,3.853221546e-08,3.178667629e-08,nan,nan,nan,nan
1118,27.95,3.921458087e-08,3.234515022e-08,nan,nan,nan,nan
1119,27.975,3.990634957e-08,3.291120632e-08,nan,nan,nan,nan
1120,28,4.060759827e-08,3.348490601e-08,nan,nan,nan,nan
1121,28.025,4.131840593e-08,3.406631488e-08,nan,nan,nan,nan
1122,28.05,4.203885286e-08,3.465549236e-08,nan,nan,nan,nan
1123,28.075,4.276901313e-08,3.525249026e-08,nan,nan,nan,nan
1124,28.1,4.350895717e-08,3.585736247e-08,nan,nan,nan,nan
1125,28.125,4.425875419e-08,3.647016278e-08,nan,nan,nan,nan
1126,28.15,4.501847754e-08,3.709095125e-08,nan,nan,nan,nan
1127,28.175,4.578820363e-08,3.771978752e-08,nan,nan,nan,nan
1128,28.2,4.657147873e-08,3.835672518e-08,nan,nan,nan,nan
1129,28.225,4.736658276e-08,3.900182105e-08,nan,nan,nan,nan
1130,28.25,4.817205881e-08,3.965512430e-08,nan,nan,nan,nan
1131,28.275,4.898797923e-08,4.031845785e-08,nan,nan,nan,nan
1132,28.3,4.981441727e-08,4.099309103e-08,nan,nan,nan,nan
1133,28.325,5.065144612e-08,4.167623563e-08,nan,nan,nan,nan
1134,28.35,5.149913420e-08,4.236794204e-08,nan,nan,nan,nan
1135,28.375,5.235754974e-08,4.306826168e-08,nan,nan,nan,nan
1136,28.4,5.322676127e-08,4.377724866e-08,nan,nan,nan,nan
1137,28.425,5.410684068e-08,4.449496033e-08,nan,nan,nan,nan
1138,28.45,5.499785976e-08,4.522144942e-08,nan,nan,nan,nan
1139,28.475,5.589988600e-08,4.595676351e-08,nan,nan,nan,nan
1140,28.5,5.681298136e-08,4.670094744e-08,nan,nan,nan,nan
1141,28.525,5.773720615e-08,4.745404936e-08,nan,nan,nan,nan
1142,28.55,5.867262486e-08,4.821611949e-08,nan,nan,nan,nan
1143,28.575,5.961930506e-08,4.898720940e-08,nan,nan,nan,nan
1144,28.6,6.057731388e-08,4.976736911e-08,nan,nan,nan,nan
1145,28.625,6.154671389e-08,5.055664348e-08,nan,nan,nan,nan
1146,28.65,6.252756180e-08,5.135507208e-08,nan,nan,nan,nan
1147,28.675,6.351991411e-08,5.216269811e-08,nan,nan,nan,nan
1148,28.7,6.452382904e-08,5.297956590e-08,nan,nan,nan,nan
1149,28.725,6.553936803e-08,5.380572310e-08,nan,nan,nan,nan
1150,28.75,6.656658792e-08,5.464120917e-08,nan,nan,nan,nan
1151,28.775,6.760554389e-08,5.548606374e-08,nan,nan,nan,nan
1152,28.8,6.865628790e-08,5.634032502e-08,nan,nan,nan,nan
1153,28.825,6.971887464e-08,5.720403579e-08,nan,nan,nan,nan
1154,28.85,7.079344786e-08,5.807723469e-08,nan,nan,nan,nan
1155,28.875,7.188687954e-08,5.895995547e-08,nan,nan,nan,nan
1156,28.9,7.299249292e-08,5.985621754e-08,nan,nan,nan,nan
1157,28.925,7.411033430e-08,6.076455589e-08,nan,nan,nan,nan
1158,28.95,7.524045170e-08,6.168268685e-08,nan,nan,nan,nan
1159,28.975,7.638289761e-08,6.261065127e-08,nan,nan,nan,nan
1160,29,7.753772447e-08,6.354848475e-08,nan,nan,nan,nan
1161,29.025,7.870497943e-08,6.449621859e-08,nan,nan,nan,nan
1162,29.05,7.988470110e-08,6.545387626e-08,nan,nan,nan,nan
1163,29.075,8.107692714e-08,6.642148648e-08,nan,nan,nan,nan
1164,29.1,8.228169683e-08,6.739907965e-08,nan,nan,nan,nan
1165,29.125,8.349905446e-08,6.838669009e-08,nan,nan,nan,nan
1166,29.15,8.472904291e-08,6.938434488e-08,nan,nan,nan,nan
1167,29.175,8.597170026e-08,7.039206645e-08,nan,nan,nan,nan
1168,29.2,8.722705833e-08,7.140987734e-08,nan,nan,nan,nan
1169,29.225,8.849514859e-08,7.243779943e-08,nan,nan,nan,nan
1170,29.25,8.977600343e-08,7.347585496e-08,nan,nan,nan,nan
1171,29.275,9.106965624e-08,7.452406509e-08,nan,nan,nan,nan
1172,29.3,9.237613644e-08,7.558244852e-08,nan,nan,nan,nan
1173,29.325,9.369546868e-08,7.665102181e-08,nan,nan,nan,nan
1174,29.35,9.502767733e-08,7.772979910e-08,nan,nan,nan,nan
1175,29.375,9.637278839e-08,7.881879999e-08,nan,nan,nan,nan
1176,29.4,9.773082854e-08,7.991803980e-08,nan,nan,nan,nan
1177,29.425,9.910182125e-08,8.102753046e-08,nan,nan,nan,nan
1178,29.45,1.004857825e-07,8.214727509e-08,nan,nan,nan,nan
1179,29.475,1.018827228e-07,8.327728118e-08,nan,nan,nan,nan
1180,29.5,1.032926557e-07,8.441755739e-08,nan,nan,nan,nan
1181,29.525,1.047155980e-07,8.556811754e-08,nan,nan,nan,nan
1182,29.55,1.061515692e-07,8.672896878e-08,nan,nan,nan,nan
1183,29.575,1.076005821e-07,8.790309547e-08,nan,nan,nan,nan
1184,29.6,1.090631609e-07,8.909300941e-08,nan,nan,nan,nan
1185,29.625,1.105477004e-07,9.029340065e-08,nan,nan,nan,nan
1186,29.65,1.120454991e-07,9.150427011e-08,nan,nan,nan,nan
1187,29.675,1.135565638e-07,9.272562135e-08,nan,nan,nan,nan
1188,29.7,1.150809005e-07,9.395745415e-08,nan,nan,nan,nan
1189,29.725,1.166185108e-07,9.519976185e-08,nan,nan,nan,nan
1190,29.75,1.181693908e-07,9.645253585e-08,nan,nan,nan,nan
1191,29.775,1.197335356e-07,9.771577014e-08,nan,nan,nan,nan
1192,29.8,1.213109415e-07,9.898945758e-08,nan,nan,nan,nan
1193,29.825,1.229016037e-07,1.002735877e-07,nan,nan,nan,nan
1194,29.85,1.245055119e-07,1.015681451e-07,nan,nan,nan,nan
1195,29.875,1.261226498e-07,1.028731111e-07,nan,nan,nan,nan
1196,29.9,1.277530015e-07,1.041884728e-07,nan,nan,nan,nan
1197,29.925,1.293965522e-07,1.055142175e-07,nan,nan,nan,nan
1198,29.95,1.310532913e-07,1.068503296e-07,nan,nan,nan,nan
1199,29.975,1.327232029e-07,1.081967889e-07,nan,nan,nan,nan
1200,30,1.344062623e-07,1.095535663e-07,nan,nan,nan,nan
1201,30.025,1.361024388e-07,1.109206318e-07,nan,nan,nan,nan
1202,30.05,1.378117017e-07,1.122979600e-07,nan,nan,nan,nan
1203,30.075,1.395340250e-07,1.136855313e-07,nan,nan,nan,nan
1204,30.1,1.412693845e-07,1.150833209e-07,nan,nan,nan,nan
1205,30.125,1.430177516e-07,1.164912971e-07,nan,nan,nan,nan
1206,30.15,1.447790896e-07,1.179094231e-07,nan,nan,nan,nan
1207,30.175,1.465533573e-07,1.193376584e-07,nan,nan,nan,nan
1208,30.2,1.483405130e-07,1.207759713e-07,nan,nan,nan,nan
1209,30.225,1.501405169e-07,1.222243255e-07,nan,nan,nan,nan
1210,30.25,1.519533288e-07,1.236826818e-07,nan,nan,nan,nan
1211,30.275,1.537789028e-07,1.251509986e-07,nan,nan,nan,nan
1212,30.3,1.556171879e-07,1.266292303e-07,nan,nan,nan,nan
1213,30.325,1.574681340e-07,1.281173351e-07,nan,nan,nan,nan
1214,30.35,1.593316916e-07,1.296202693e-07,nan,nan,nan,nan
1215,30.375,1.612078098e-07,1.311388003e-07,nan,nan,nan,nan
1216,30.4,1.630964318e-07,1.326672556e-07,nan,nan,nan,nan
1217,30.425,1.649974932e-07,1.342055764e-07,nan,nan,nan,nan
1218,30.45,1.669109281e-07,1.357537104e-07,nan,nan,nan,nan
1219,30.475,1.688372238e-07,1.373116089e-07,nan,nan,nan,nan
1220,30.5,1.707873405e-07,1.388792228e-07,nan,nan,nan,nan
1221,30.525,1.727498532e-07,1.404564930e-07,nan,nan,nan,nan
1222,30.55,1.747246916e-07,1.420433522e-07,nan,nan,nan,nan
1223,30.575,1.767117768e-07,1.436397339e-07,nan,nan,nan,nan
1224,30.6,1.787110310e-07,1.452455754e-07,nan,nan,nan,nan
1225,30.625,1.807223788e-07,1.468608149e-07,nan,nan,nan,nan
1226,30.65,1.827457460e-07,1.484853902e-07,nan,nan,nan,nan
1227,30.675,1.847810537e-07,1.501192309e-07,nan,nan,nan,nan
1228,30.7,1.868282180e-07,1.517622656e-07,nan,nan,nan,nan
1229,30.725,1.888871516e-07,1.534144180e-07,nan,nan,nan,nan
1230,30.75,1.909577652e-07,1.550756157e-07,nan,nan,nan,nan
1231,30.775,1.930399713e-07,1.567457850e-07,nan,nan,nan,nan
1232,30.8,1.951336788e-07,1.584248481e-07,nan,nan,nan,nan
1233,30.825,1.972387916e-07,1.601127225e-07,nan,nan,nan,nan
1234,30.85,1.993552088e-07,1.618093242e-07,nan,nan,nan,nan
1235,30.875,2.014828342e-07,1.635145774e-07,nan,nan,nan,nan
1236,30.9,2.036215708e-07,1.652284015e-07,nan,nan,nan,nan
1237,30.925,2.057713190e-07,1.669507104e-07,nan,nan,nan,nan
1238,30.95,2.079319729e-07,1.686814118e-07,nan,nan,nan,nan
1239,30.975,2.101034188e-07,1.704204093e-07,nan,nan,nan,nan
1240,31,2.122855439e-07,1.721676139e-07,nan,nan,nan,nan
1241,31.025,2.144782376e-07,1.739229367e-07,nan,nan,nan,nan
1242,31.05,2.166813928e-07,1.756862911e-07,nan,nan,nan,nan
1243,31.075,2.188948974e-07,1.774575797e-07,nan,nan,nan,nan
1244,31.1,2.211186317e-07,1.792367030e-07,nan,nan,nan,nan
1245,31.125,2.233524714e-07,1.810235549e-07,nan,nan,nan,nan
1246,31.15,2.255962926e-07,1.828180354e-07,nan,nan,nan,nan
1247,31.175,2.278499726e-07,1.846200469e-07,nan,nan,nan,nan
1248,31.2,2.301133882e-07,1.864294896e-07,nan,nan,nan,nan
1249,31.225,2.323864132e-07,1.882462563e-07,nan,nan,nan,nan
1250,31.25,2.346689158e-07,1.900702375e-07,nan,nan,nan,nan
1251,31.275,2.369607632e-07,1.919120769e-07,nan,nan,nan,nan
1252,31.3,2.392618234e-07,1.937631979e-07,nan,nan,nan,nan
1253,31.325,2.415719623e-07,1.956213759e-07,nan,nan,nan,nan
1254,31.35,2.438910434e-07,1.974864953e-07,nan,nan,nan,nan
1255,31.375,2.462189230e-07,1.993584400e-07,nan,nan,nan,nan
1256,31.4,2.485554583e-07,2.012370919e-07,nan,nan,nan,nan
1257,31.425,2.509005073e-07,2.031223373e-07,nan,nan,nan,nan
1258,31.45,2.532539303e-07,2.050140643e-07,nan,nan,nan,nan
1259,31.475,2.556155846e-07,2.069121513e-07,nan,nan,nan,nan
1260,31.5,2.579853198e-07,2.088164739e-07,nan,nan,nan,nan
1261,31.525,2.603629810e-07,2.107269031e-07,nan,nan,nan,nan
1262,31.55,2.627484135e-07,2.126433153e-07,nan,nan,nan,nan
1263,31.575,2.651414668e-07,2.145655902e-07,nan,nan,nan,nan
1264,31.6,2.675545723e-07,2.164936050e-07,nan,nan,nan,nan
1265,31.625,2.699767190e-07,2.184272337e-07,nan,nan,nan,nan
1266,31.65,2.724061686e-07,2.203663413e-07,nan,nan,nan,nan
1267,31.675,2.748427572e-07,2.223107975e-07,nan,nan,nan,nan
1268,31.7,2.772863210e-07,2.242604709e-07,nan,nan,nan,nan
1269,31.725,2.797366977e-07,2.262152310e-07,nan,nan,nan,nan
1270,31.75,2.821937232e-07,2.281749459e-07,nan,nan,nan,nan
1271,31.775,2.846572307e-07,2.301394803e-07,nan,nan,nan,nan
1272,31.8,2.871270491e-07,2.321086971e-07,nan,nan,nan,nan
1273,31.825,2.896030100e-07,2.340824613e-07,nan,nan,nan,nan
1274,31.85,2.920849447e-07,2.360606392e-07,nan,nan,nan,nan
1275,31.875,2.945726831e-07,2.380430918e-07,nan,nan,nan,nan
1276,31.9,2.970660501e-07,2.400296771e-07,nan,nan,nan,nan
1277,31.925,2.995648653e-07,2.420202507e-07,nan,nan,nan,nan
1278,31.95,3.020689511e-07,2.440146728e-07,nan,nan,nan,nan
1279,31.975,3.045781334e-07,2.460128070e-07,nan,nan,nan,nan
1280,32,3.070922392e-07,2.480145136e-07,nan,nan,nan,nan
1281,32.025,3.096110914e-07,2.500196484e-07,nan,nan,nan,nan
1282,32.05,3.121345061e-07,2.520280627e-07,nan,nan,nan,nan
1283,32.075,3.146622966e-07,2.540396083e-07,nan,nan,nan,nan
1284,32.1,3.171942790e-07,2.560541419e-07,nan,nan,nan,nan
1285,32.125,3.197302733e-07,2.580715200e-07,nan,nan,nan,nan
1286,32.15,3.222700984e-07,2.600915986e-07,nan,nan,nan,nan
1287,32.175,3.248135703e-07,2.621142304e-07,nan,nan,nan,nan
1288,32.2,3.273605010e-07,2.641392639e-07,nan,nan,nan,nan
1289,32.225,3.299107009e-07,2.661665501e-07,nan,nan,nan,nan
1290,32.25,3.324639843e-07,2.681959414e-07,nan,nan,nan,nan
1291,32.275,3.350201656e-07,2.702272915e-07,nan,nan,nan,nan
1292,32.3,3.375790547e-07,2.722604486e-07,nan,nan,nan,nan
1293,32.325,3.401404588e-07,2.742952579e-07,nan,nan,nan,nan
1294,32.35,3.427041870e-07,2.763315721e-07,nan,nan,nan,nan
1295,32.375,3.452700511e-07,2.783692432e-07,nan,nan,nan,nan
1296,32.4,3.478378648e-07,2.804081232e-07,nan,nan,nan,nan
1297,32.425,3.504074388e-07,2.824480587e-07,nan,nan,nan,nan
1298,32.45,3.529785769e-07,2.844911599e-07,nan,nan,nan,nan
1299,32.475,3.555510812e-07,2.865464169e-07,nan,nan,nan,nan
1300,32.5,3.581247569e-07,2.886023509e-07,nan,nan,nan,nan
1301,32.525,3.606994157e-07,2.906588116e-07,nan,nan,nan,nan
1302,32.55,3.632748712e-07,2.927156496e-07,nan,nan,nan,nan
1303,32.575,3.658509310e-07,2.947727084e-07,nan,nan,nan,nan
1304,32.6,3.684273982e-07,2.968298281e-07,nan,nan,nan,nan
1305,32.625,3.710040731e-07,2.988868523e-07,nan,nan,nan,nan
1306,32.65,3.735807625e-07,3.009436288e-07,nan,nan,nan,nan
1307,32.675,3.761572748e-07,3.030000067e-07,nan,nan,nan,nan
1308,32.7,3.787334198e-07,3.050558319e-07,nan,nan,nan,nan
1309,32.725,3.813090037e-07,3.071109488e-07,nan,nan,nan,nan
1310,32.75,3.838838304e-07,3.091652024e-07,nan,nan,nan,nan
1311,32.775,3.864577063e-07,3.112184404e-07,nan,nan,nan,nan
1312,32.8,3.890304410e-07,3.132705113e-07,nan,nan,nan,nan
1313,32.825,3.916018432e-07,3.153212603e-07,nan,nan,nan,nan
1314,32.85,3.941717180e-07,3.173705319e-07,nan,nan,nan,nan
1315,32.875,3.967398679e-07,3.194181702e-07,nan,nan,nan,nan
1316,32.9,3.993060991e-07,3.214640260e-07,nan,nan,nan,nan
1317,32.925,4.018702247e-07,3.235079525e-07,nan,nan,nan,nan
1318,32.95,4.044320603e-07,3.255498013e-07,nan,nan,nan,nan
1319,32.975,4.069914165e-07,3.275894179e-07,nan,nan,nan,nan
1320,33,4.095480983e-07,3.296266451e-07,nan,nan,nan,nan
1321,33.025,4.121019088e-07,3.316613296e-07,nan,nan,nan,nan
1322,33.05,4.146526564e-07,3.336933270e-07,nan,nan,nan,nan
1323,33.075,4.172001588e-07,3.357224936e-07,nan,nan,nan,nan
1324,33.1,4.197442344e-07,3.377486837e-07,nan,nan,nan,nan
1325,33.125,4.222846975e-07,3.397717462e-07,nan,nan,nan,nan
1326,33.15,4.248213577e-07,3.417915294e-07,nan,nan,nan,nan
1327,33.175,4.273540256e-07,3.438078876e-07,nan,nan,nan,nan
1328,33.2,4.298825167e-07,3.458206773e-07,nan,nan,nan,nan
1329,33.225,4.324066504e-07,3.478297549e-07,nan,nan,nan,nan
1330,33.25,4.349262451e-07,3.498349764e-07,nan,nan,nan,nan
1331,33.275,4.374411157e-07,3.518361962e-07,nan,nan,nan,nan
1332,33.3,4.399511832e-07,3.538332732e-07,nan,nan,nan,nan
1333,33.325,4.424680185e-07,3.558260689e-07,nan,nan,nan,nan
1334,33.35,4.449795816e-07,3.578144471e-07,nan,nan,nan,nan
1335,33.375,4.474856935e-07,3.597982635e-07,nan,nan,nan,nan
1336,33.4,4.499861703e-07,3.617773749e-07,nan,nan,nan,nan
1337,33.425,4.524808271e-07,3.637516393e-07,nan,nan,nan,nan
1338,33.45,4.549694863e-07,3.657209262e-07,nan,nan,nan,nan
1339,33.475,4.574519793e-07,3.676851092e-07,nan,nan,nan,nan
1340,33.5,4.599281410e-07,3.696440562e-07,nan,nan,nan,nan
1341,33.525,4.623977995e-07,3.715976274e-07,nan,nan,nan,nan
1342,33.55,4.648607785e-07,3.735456845e-07,nan,nan,nan,nan
1343,33.575,4.673169003e-07,3.754880948e-07,nan,nan,nan,nan
1344,33.6,4.697659958e-07,3.774247329e-07,nan,nan,nan,nan
1345,33.625,4.722079040e-07,3.793554763e-07,nan,nan,nan,nan
1346,33.65,4.746424652e-07,3.812801996e-07,nan,nan,nan,nan
1347,33.675,4.770695150e-07,3.831987733e-07,nan,nan,nan,nan
1348,33.7,4.794888881e-07,3.851110694e-07,nan,nan,nan,nan
1349,33.725,4.819004226e-07,3.870169650e-07,nan,nan,nan,nan
1350,33.75,4.843039607e-07,3.889163417e-07,nan,nan,nan,nan
1351,33.775,4.866993488e-07,3.908090787e-07,nan,nan,nan,nan
1352,33.8,4.890864290e-07,3.926950531e-07,nan,nan,nan,nan
1353,33.825,4.914650437e-07,3.945741454e-07,nan,nan,nan,nan
1354,33.85,4.938350395e-07,3.964462420e-07,nan,nan,nan,nan
1355,33.875,4.961962720e-07,3.983112363e-07,nan,nan,nan,nan
1356,33.9,4.985485987e-07,4.001690153e-07,nan,nan,nan,nan
1357,33.925,5.008918750e-07,4.020194609e-07,nan,nan,nan,nan
1358,33.95,5.032259488e-07,4.038624557e-07,nan,nan,nan,nan
1359,33.975,5.055506695e-07,4.056978886e-07,nan,nan,nan,nan
1360,34,5.078658969e-07,4.075256601e-07,nan,nan,nan,nan
1361,34.025,5.101714985e-07,4.093456700e-07,nan,nan,nan,nan
1362,34.05,5.124673448e-07,4.111578186e-07,nan,nan,nan,nan
1363,34.075,5.147533022e-07,4.129619962e-07,nan,nan,nan,nan
1364,34.1,5.170292318e-07,4.147580946e-07,nan,nan,nan,nan
1365,34.125,5.192949970e-07,4.165460141e-07,nan,nan,nan,nan
1366,34.15,5.215504698e-07,4.183256618e-07,nan,nan,nan,nan
1367,34.175,5.237955274e-07,4.200969464e-07,nan,nan,nan,nan
1368,34.2,5.260300482e-07,4.218597712e-07,nan,nan,nan,nan
1369,34.225,5.282539091e-07,4.236140416e-07,nan,nan,nan,nan
1370,34.25,5.304669861e-07,4.253596655e-07,nan,nan,nan,nan
1371,34.275,5.326691627e-07,4.270965577e-07,nan,nan,nan,nan
1372,34.3,5.348603270e-07,4.288246319e-07,nan,nan,nan,nan
1373,34.325,5.370403659e-07,4.305437982e-07,nan,nan,nan,nan
1374,34.35,5.392091636e-07,4.322539683e-07,nan,nan,nan,nan
1375,34.375,5.413666056e-07,4.339550590e-07,nan,nan,nan,nan
1376,34.4,5.435125854e-07,4.356469959e-07,nan,nan,nan,nan
1377,34.425,5.456470035e-07,4.373297060e-07,nan,nan,nan,nan
1378,34.45,5.477697653e-07,4.390031137e-07,nan,nan,nan,nan
1379,34.475,5.498807695e-07,4.406671372e-07,nan,nan,nan,nan
1380,34.5,5.519799115e-07,4.423216952e-07,nan,nan,nan,nan
1381,34.525,5.540670878e-07,4.439667145e-07,nan,nan,nan,nan
1382,34.55,5.561422067e-07,4.456021323e-07,nan,nan,nan,nan
1383,34.575,5.582051833e-07,4.472345262e-07,nan,nan,nan,nan
1384,34.6,5.602559350e-07,4.488587576e-07,nan,nan,nan,nan
1385,34.625,5.622943741e-07,4.504731226e-07,nan,nan,nan,nan
1386,34.65,5.643204121e-07,4.520775525e-07,nan,nan,nan,nan
1387,34.675,5.663339635e-07,4.536719868e-07,nan,nan,nan,nan
1388,34.7,5.683349509e-07,4.552563693e-07,nan,nan,nan,nan
1389,34.725,5.703233001e-07,4.568306438e-07,nan,nan,nan,nan
1390,34.75,5.722989367e-07,4.583947499e-07,nan,nan,nan,nan
1391,34.775,5.742617857e-07,4.599486342e-07,nan,nan,nan,nan
1392,34.8,5.762117756e-07,4.614922448e-07,nan,nan,nan,nan
1393,34.825,5.781488431e-07,4.630255355e-07,nan,nan,nan,nan
1394,34.85,5.800729271e-07,4.645484603e-07,nan,nan,nan,nan
1395,34.875,5.819839629e-07,4.660609644e-07,nan,nan,nan,nan
1396,34.9,5.838818859e-07,4.675629978e-07,nan,nan,nan,nan
1397,34.925,5.857666324e-07,4.690545178e-07,nan,nan,nan,nan
1398,34.95,5.876381478e-07,4.705354900e-07,nan,nan,nan,nan
1399,34.975,5.894963861e-07,4.720058829e-07,nan,nan,nan,nan
1400,35,5.913413014e-07,4.734656572e-07,nan,nan,nan,nan
1401,35.025,5.931728438e-07,4.749147717e-07,nan,nan,nan,nan
1402,35.05,5.949909602e-07,4.763531840e-07,nan,nan,nan,nan
1403,35.075,5.967956017e-07,4.777808652e-07,nan,nan,nan,nan
1404,35.1,5.985867289e-07,4.791977889e-07,nan,nan,nan,nan
1405,35.125,6.003643072e-07,4.806039323e-07,nan,nan,nan,nan
1406,35.15,6.021283032e-07,4.819992678e-07,nan,nan,nan,nan
1407,35.175,6.038786804e-07,4.833837684e-07,nan,nan,nan,nan
1408,35.2,6.056154032e-07,4.847574077e-07,nan,nan,nan,nan
1409,35.225,6.073384421e-07,4.861201661e-07,nan,nan,nan,nan
1410,35.25,6.090477696e-07,4.874720280e-07,nan,nan,nan,nan
1411,35.275,6.107433627e-07,4.888129737e-07,nan,nan,nan,nan
1412,35.3,6.124251953e-07,4.901429831e-07,nan,nan,nan,nan
1413,35.325,6.140932443e-07,4.914620447e-07,nan,nan,nan,nan
1414,35.35,6.157474926e-07,4.927701482e-07,nan,nan,nan,nan
1415,35.375,6.173879277e-07,4.940672902e-07,nan,nan,nan,nan
1416,35.4,6.190145390e-07,4.953534582e-07,nan,nan,nan,nan
1417,35.425,6.206273115e-07,4.966286404e-07,nan,nan,nan,nan
1418,35.45,6.222262295e-07,4.978928262e-07,nan,nan,nan,nan
1419,35.475,6.238112829e-07,4.991460138e-07,nan,nan,nan,nan
1420,35.5,6.253824694e-07,5.003882089e-07,nan,nan,nan,nan
1421,35.525,6.269397915e-07,5.016194137e-07,nan,nan,nan,nan
1422,35.55,6.284832505e-07,5.028396308e-07,nan,nan,nan,nan
1423,35.575,6.300128446e-07,5.040488554e-07,nan,nan,nan,nan
1424,35.6,6.315285724e-07,5.052470891e-07,nan,nan,nan,nan
1425,35.625,6.330304369e-07,5.064343409e-07,nan,nan,nan,nan
1426,35.65,6.345184491e-07,5.076106207e-07,nan,nan,nan,nan
1427,35.675,6.359926196e-07,5.087759427e-07,nan,nan,nan,nan
1428,35.7,6.374529611e-07,5.099303135e-07,nan,nan,nan,nan
1429,35.725,6.388994842e-07,5.110737449e-07,nan,nan,nan,nan
1430,35.75,6.403322041e-07,5.122062513e-07,nan,nan,nan,nan
1431,35.775,6.417511393e-07,5.133278511e-07,nan,nan,nan,nan
1432,35.8,6.431563106e-07,5.144385619e-07,nan,nan,nan,nan
1433,35.825,6.445477378e-07,5.155383967e-07,nan,nan,nan,nan
1434,35.85,6.459254406e-07,5.166273755e-07,nan,nan,nan,nan
1435,35.875,6.472894429e-07,5.177055214e-07,nan,nan,nan,nan
1436,35.9,6.486397758e-07,5.187728616e-07,nan,nan,nan,nan
1437,35.925,6.499764712e-07,5.198294242e-07,nan,nan,nan,nan
1438,35.95,6.512995600e-07,5.208752314e-07,nan,nan,nan,nan
1439,35.975,6.526090705e-07,5.219103060e-07,nan,nan,nan,nan
1440,36,6.539050327e-07,5.229346713e-07,nan,nan,nan,nan
1441,36.025,6.551874822e-07,5.239483628e-07,nan,nan,nan,nan
1442,36.05,6.564564602e-07,5.249514152e-07,nan,nan,nan,nan
1443,36.075,6.577120102e-07,5.259438652e-07,nan,nan,nan,nan
1444,36.1,6.589541721e-07,5.269257423e-07,nan,nan,nan,nan
1445,36.125,6.601829853e-07,5.278970776e-07,nan,nan,nan,nan
1446,36.15,6.613984915e-07,5.288579056e-07,nan,nan,nan,nan
1447,36.175,6.626007382e-07,5.298082687e-07,nan,nan,nan,nan
1448,36.2,6.637897732e-07,5.307482054e-07,nan,nan,nan,nan
1449,36.225,6.649656463e-07,5.316777548e-07,nan,nan,nan,nan
1450,36.25,6.661284066e-07,5.325969574e-07,nan,nan,nan,nan
1451,36.275,6.672781054e-07,5.335058561e-07,nan,nan,nan,nan
1452,36.3,6.684147976e-07,5.344044946e-07,nan,nan,nan,nan
1453,36.325,6.695385404e-07,5.352929205e-07,nan,nan,nan,nan
1454,36.35,6.706493885e-07,5.361711738e-07,nan,nan,nan,nan
1455,36.375,6.717473954e-07,5.370393009e-07,nan,nan,nan,nan
1456,36.4,6.728326173e-07,5.378973458e-07,nan,nan,nan,nan
1457,36.425,6.739051178e-07,5.387453627e-07,nan,nan,nan,nan
1458,36.45,6.749649626e-07,5.395834050e-07,nan,nan,nan,nan
1459,36.475,6.760122179e-07,5.404115230e-07,nan,nan,nan,nan
1460,36.5,6.770469415e-07,5.412297639e-07,nan,nan,nan,nan
1461,36.525,6.780691964e-07,5.420381744e-07,nan,nan,nan,nan
1462,36.55,6.790790466e-07,5.428368105e-07,nan,nan,nan,nan
1463,36.575,6.800765627e-07,5.436257293e-07,nan,nan,nan,nan
1464,36.6,6.810618167e-07,5.444049886e-07,nan,nan,nan,nan
1465,36.625,6.820348804e-07,5.451746446e-07,nan,nan,nan,nan
1466,36.65,6.829958211e-07,5.459347484e-07,nan,nan,nan,nan
1467,36.675,6.839447091e-07,5.466853579e-07,nan,nan,nan,nan
1468,36.7,6.848816165e-07,5.474265316e-07,nan,nan,nan,nan
1469,36.725,6.858066199e-07,5.481583309e-07,nan,nan,nan,nan
1470,36.75,6.867197943e-07,5.488808136e-07,nan,nan,nan,nan
1471,36.775,6.876212135e-07,5.495940398e-07,nan,nan,nan,nan
1472,36.8,6.885109536e-07,5.502980698e-07,nan,nan,nan,nan
1473,36.825,6.893890935e-07,5.509929662e-07,nan,nan,nan,nan
1474,36.85,6.902557147e-07,5.516787958e-07,nan,nan,nan,nan
1475,36.875,6.911108971e-07,5.523556192e-07,nan,nan,nan,nan
1476,36.9,6.919547171e-07,5.530234941e-07,nan,nan,nan,nan
1477,36.925,6.927872505e-07,5.536824838e-07,nan,nan,nan,nan
1478,36.95,6.936085792e-07,5.543326561e-07,nan,nan,nan,nan
1479,36.975,6.944187906e-07,5.549740806e-07,nan,nan,nan,nan
1480,37,6.952179725e-07,5.556068239e-07,nan,nan,nan,nan
1481,37.025,6.960062082e-07,5.562309501e-07,nan,nan,nan,nan
1482,37.05,6.967835758e-07,5.568465200e-07,nan,nan,nan,nan
1483,37.075,6.975501561e-07,5.574536003e-07,nan,nan,nan,nan
1484,37.1,6.983060347e-07,5.580522611e-07,nan,nan,nan,nan
1485,37.125,6.990513026e-07,5.586425726e-07,nan,nan,nan,nan
1486,37.15,6.997860489e-07,5.592246043e-07,nan,nan,nan,nan
1487,37.175,7.005103592e-07,5.597984231e-07,nan,nan,nan,nan
1488,37.2,7.012243180e-07,5.603640956e-07,nan,nan,nan,nan
1489,37.225,7.019280127e-07,5.609216919e-07,nan,nan,nan,nan
1490,37.25,7.026215338e-07,5.614712831e-07,nan,nan,nan,nan
1491,37.275,7.033049700e-07,5.620129382e-07,nan,nan,nan,nan
1492,37.3,7.039784080e-07,5.625467239e-07,nan,nan,nan,nan
1493,37.325,7.046419342e-07,5.630727121e-07,nan,nan,nan,nan
1494,37.35,7.052956403e-07,5.635909748e-07,nan,nan,nan,nan
1495,37.375,7.059396203e-07,5.641015880e-07,nan,nan,nan,nan
1496,37.4,7.065739681e-07,5.646046201e-07,nan,nan,nan,nan
1497,37.425,7.071987707e-07,5.651001370e-07,nan,nan,nan,nan
1498,37.45,7.078141128e-07,5.655882082e-07,nan,nan,nan,nan
1499,37.475,7.084200814e-07,5.660689046e-07,nan,nan,nan,nan
1500,37.5,7.090167708e-07,5.665423042e-07,nan,nan,nan,nan
1501,37.525,7.096042787e-07,5.670084808e-07,nan,nan,nan,nan
1502,37.55,7.101827006e-07,5.674675057e-07,nan,nan,nan,nan
1503,37.575,7.107521234e-07,5.679194459e-07,nan,nan,nan,nan
1504,37.6,7.113126324e-07,5.683643691e-07,nan,nan,nan,nan
1505,37.625,7.118643174e-07,5.688023495e-07,nan,nan,nan,nan
1506,37.65,7.124072729e-07,5.692334614e-07,nan,nan,nan,nan
1507,37.675,7.129415934e-07,5.696577794e-07,nan,nan,nan,nan
1508,37.7,7.134673715e-07,5.700753728e-07,nan,nan,nan,nan
1509,37.725,7.139846960e-07,5.704863115e-07,nan,nan,nan,nan
1510,37.75,7.144936574e-07,5.708906677e-07,nan,nan,nan,nan
1511,37.775,7.149943487e-07,5.712885155e-07,nan,nan,nan,nan
1512,37.8,7.154868634e-07,5.716799262e-07,nan,nan,nan,nan
1513,37.825,7.159712900e-07,5.720649661e-07,nan,nan,nan,nan
1514,37.85,7.164477157e-07,5.724437054e-07,nan,nan,nan,nan
1515,37.875,7.169162281e-07,5.728162172e-07,nan,nan,nan,nan
1516,37.9,7.173769232e-07,5.731825791e-07,nan,nan,nan,nan
1517,37.925,7.178298981e-07,5.735428634e-07,nan,nan,nan,nan
1518,37.95,7.182752452e-07,5.738971370e-07,nan,nan,nan,nan
1519,37.975,7.187130479e-07,5.742454638e-07,nan,nan,nan,nan
1520,38,7.191433884e-07,5.745879104e-07,nan,nan,nan,nan
1521,38.025,7.195663537e-07,5.749245542e-07,nan,nan,nan,nan
1522,38.05,7.199820403e-07,5.752554674e-07,nan,nan,nan,nan
1523,38.075,7.203905436e-07,5.755807246e-07,nan,nan,nan,nan
1524,38.1,7.207919544e-07,5.759003907e-07,nan,nan,nan,nan
1525,38.125,7.211863532e-07,5.762145275e-07,nan,nan,nan,nan
1526,38.15,7.215738251e-07,5.765232049e-07,nan,nan,nan,nan
1527,38.175,7.219544566e-07,5.768264953e-07,nan,nan,nan,nan
1528,38.2,7.223283392e-07,5.771244670e-07,nan,nan,nan,nan
1529,38.225,7.226955615e-07,5.774171878e-07,nan,nan,nan,nan
1530,38.25,7.230562070e-07,5.777047236e-07,nan,nan,nan,nan
1531,38.275,7.234103599e-07,5.779871422e-07,nan,nan,nan,nan
1532,38.3,7.237581081e-07,5.782645132e-07,nan,nan,nan,nan
1533,38.325,7.240995421e-07,5.785369050e-07,nan,nan,nan,nan
1534,38.35,7.244347450e-07,5.788043794e-07,nan,nan,nan,nan
1535,38.375,7.247637963e-07,5.790669966e-07,nan,nan,nan,nan
1536,38.4,7.250867724e-07,5.793248216e-07,nan,nan,nan,nan
1537,38.425,7.254037581e-07,5.795779256e-07,nan,nan,nan,nan
1538,38.45,7.257148448e-07,5.798263809e-07,nan,nan,nan,nan
1539,38.475,7.260201200e-07,5.800702510e-07,nan,nan,nan,nan
1540,38.5,7.263196652e-07,5.803095928e-07,nan,nan,nan,nan
1541,38.525,7.266135531e-07,5.805444608e-07,nan,nan,nan,nan
1542,38.55,7.269018571e-07,5.807749214e-07,nan,nan,nan,nan
1543,38.575,7.271846580e-07,5.810010419e-07,nan,nan,nan,nan
1544,38.6,7.274620431e-07,5.812228915e-07,nan,nan,nan,nan
1545,38.625,7.277340971e-07,5.814405290e-07,nan,nan,nan,nan
1546,38.65,7.280008964e-07,5.816540126e-07,nan,nan,nan,nan
1547,38.675,7.282625136e-07,5.818633996e-07,nan,nan,nan,nan
1548,38.7,7.285190223e-07,5.820687501e-07,nan,nan,nan,nan
1549,38.725,7.287705028e-07,5.822701284e-07,nan,nan,nan,nan
1550,38.75,7.290170322e-07,5.824675920e-07,nan,nan,nan,nan
1551,38.775,7.292586845e-07,5.826611981e-07,nan,nan,nan,nan
1552,38.8,7.294955314e-07,5.828510050e-07,nan,nan,nan,nan
1553,38.825,7.297276464e-07,5.830370732e-07,nan,nan,nan,nan
1554,38.85,7.299551098e-07,5.832194649e-07,nan,nan,nan,nan
1555,38.875,7.301779976e-07,5.833982355e-07,nan,nan,nan,nan
1556,38.9,7.303963793e-07,5.835734338e-07,nan,nan,nan,nan
1557,38.925,7.306103176e-07,5.837451101e-07,nan,nan,nan,nan
1558,38.95,7.308198791e-07,5.839133241e-07,nan,nan,nan,nan
1559,38.975,7.310251367e-07,5.840781387e-07,nan,nan,nan,nan
1560,39,7.312261704e-07,5.842396130e-07,nan,nan,nan,nan
1561,39.025,7.314230545e-07,5.843977984e-07,nan,nan,nan,nan
1562,39.05,7.316158504e-07,5.845527375e-07,nan,nan,nan,nan
1563,39.075,7.318046189e-07,5.847044806e-07,nan,nan,nan,nan
1564,39.1,7.319894218e-07,5.848530825e-07,nan,nan,nan,nan
1565,39.125,7.321703287e-07,5.849986006e-07,nan,nan,nan,nan
1566,39.15,7.323474118e-07,5.851410893e-07,nan,nan,nan,nan
1567,39.175,7.325207375e-07,5.852805977e-07,nan,nan,nan,nan
1568,39.2,7.326903665e-07,5.854171702e-07,nan,nan,nan,nan
1569,39.225,7.328563592e-07,5.855508570e-07,nan,nan,nan,nan
1570,39.25,7.330187784e-07,5.856817100e-07,nan,nan,nan,nan
1571,39.275,7.331776901e-07,5.858097781e-07,nan,nan,nan,nan
1572,39.3,7.333331538e-07,5.859351041e-07,nan,nan,nan,nan
1573,39.325,7.334852255e-07,5.860577335e-07,nan,nan,nan,nan
1574,39.35,7.336339613e-07,5.861777157e-07,nan,nan,nan,nan
1575,39.375,7.337794258e-07,5.862951064e-07,nan,nan,nan,nan
1576,39.4,7.339216854e-07,5.864099521e-07,nan,nan,nan,nan
1577,39.425,7.340607999e-07,5.865222926e-07,nan,nan,nan,nan
1578,39.45,7.341968197e-07,5.866321630e-07,nan,nan,nan,nan
1579,39.475,7.343297906e-07,5.867396047e-07,nan,nan,nan,nan
1580,39.5,7.344597656e-07,5.868446674e-07,nan,nan,nan,nan
1581,39.525,7.345868072e-07,5.869474037e-07,nan,nan,nan,nan
1582,39.55,7.347109795e-07,5.870478611e-07,nan,nan,nan,nan
1583,39.575,7.348323386e-07,5.871460724e-07,nan,nan,nan,nan
1584,39.6,7.349509297e-07,5.872420721e-07,nan,nan,nan,nan
1585,39.625,7.350667973e-07,5.873358997e-07,nan,nan,nan,nan
1586,39.65,7.351799918e-07,5.874275992e-07,nan,nan,nan,nan
1587,39.675,7.352905697e-07,5.875172168e-07,nan,nan,nan,nan
1588,39.7,7.353985835e-07,5.876047903e-07,nan,nan,nan,nan
1589,39.725,7.355040828e-07,5.876903550e-07,nan,nan,nan,nan
1590,39.75,7.356071120e-07,5.877739482e-07,nan,nan,nan,nan
1591,39.775,7.357077207e-07,5.878556124e-07,nan,nan,nan,nan
1592,39.8,7.358059585e-07,5.879353864e-07,nan,nan,nan,nan
1593,39.825,7.359018760e-07,5.880133019e-07,nan,nan,nan,nan
1594,39.85,7.359955119e-07,5.880893902e-07,nan,nan,nan,nan
1595,39.875,7.360869068e-07,5.881636846e-07,nan,nan,nan,nan
1596,39.9,7.361761028e-07,5.882362278e-07,nan,nan,nan,nan
1597,39.925,7.362631530e-07,5.883070623e-07,nan,nan,nan,nan
1598,39.95,7.363481090e-07,5.883762238e-07,nan,nan,nan,nan
1599,39.975,7.364310134e-07,5.884437363e-07,nan,nan,nan,nan
1600,40,7.365118989e-07,5.885096225e-07,nan,nan,nan,nan
1601,40.025,7.365907976e-07,5.885739172e-07,nan,nan,nan,nan
1602,40.05,7.366677521e-07,5.886366607e-07,nan,nan,nan,nan
1603,40.075,7.367428101e-07,5.886978931e-07,nan,nan,nan,nan
1604,40.1,7.368160201e-07,5.887576423e-07,nan,nan,nan,nan
1605,40.125,7.368874165e-07,5.888159344e-07,nan,nan,nan,nan
1606,40.15,7.369570329e-07,5.888727920e-07,nan,nan,nan,nan
1607,40.175,7.370249017e-07,5.889282507e-07,nan,nan,nan,nan
1608,40.2,7.370910640e-07,5.889823379e-07,nan,nan,nan,nan
1609,40.225,7.371555587e-07,5.890350884e-07,nan,nan,nan,nan
1610,40.25,7.372184213e-07,5.890865251e-07,nan,nan,nan,nan
1611,40.275,7.372796847e-07,5.891366760e-07,nan,nan,nan,nan
1612,40.3,7.373393814e-07,5.891855702e-07,nan,nan,nan,nan
1613,40.325,7.373975515e-07,5.892332414e-07,nan,nan,nan,nan
1614,40.35,7.374542322e-07,5.892797123e-07,nan,nan,nan,nan
1615,40.375,7.375094543e-07,5.893250028e-07,nan,nan,nan,nan
1616,40.4,7.375632428e-07,5.893691317e-07,nan,nan,nan,nan
1617,40.425,7.376156219e-07,5.894121275e-07,nan,nan,nan,nan
1618,40.45,7.376666292e-07,5.894540257e-07,nan,nan,nan,nan
1619,40.475,7.377163048e-07,5.894948576e-07,nan,nan,nan,nan
1620,40.5,7.377646831e-07,5.895346419e-07,nan,nan,nan,nan
1621,40.525,7.378117903e-07,5.895733896e-07,nan,nan,nan,nan
1622,40.55,7.378576444e-07,5.896111205e-07,nan,nan,nan,nan
1623,40.575,7.379022709e-07,5.896478621e-07,nan,nan,nan,nan
1624,40.6,7.379457015e-07,5.896836434e-07,nan,nan,nan,nan
1625,40.625,7.379879717e-07,5.897184919e-07,nan,nan,nan,nan
1626,40.65,7.380291103e-07,5.897524217e-07,nan,nan,nan,nan
1627,40.675,7.380691394e-07,5.897854517e-07,nan,nan,nan,nan
1628,40.7,7.381080825e-07,5.898176001e-07,nan,nan,nan,nan
1629,40.725,7.381459644e-07,5.898488926e-07,nan,nan,nan,nan
1630,40.75,7.381828136e-07,5.898793479e-07,nan,nan,nan,nan
1631,40.775,7.382186550e-07,5.899089838e-07,nan,nan,nan,nan
1632,40.8,7.382535089e-07,5.899378172e-07,nan,nan,nan,nan
1633,40.825,7.382873964e-07,5.899658673e-07,nan,nan,nan,nan
1634,40.85,7.383203436e-07,5.899931617e-07,nan,nan,nan,nan
1635,40.875,7.383523802e-07,5.900197180e-07,nan,nan,nan,nan
1636,40.9,7.383835300e-07,5.900455504e-07,nan,nan,nan,nan
1637,40.925,7.384138087e-07,5.900722355e-07,nan,nan,nan,nan
1638,40.95,7.384432293e-07,5.900985111e-07,nan,nan,nan,nan
1639,40.975,7.384718126e-07,5.901240669e-07,nan,nan,nan,nan
1640,41,7.384995868e-07,5.901489149e-07,nan,nan,nan,nan
1641,41.025,7.385265764e-07,5.901730710e-07,nan,nan,nan,nan
1642,41.05,7.385528053e-07,5.901965591e-07,nan,nan,nan,nan
1643,41.075,7.385782847e-07,5.902194005e-07,nan,nan,nan,nan
1644,41.1,7.386030265e-07,5.902416095e-07,nan,nan,nan,nan
1645,41.125,7.386270508e-07,5.902631981e-07,nan,nan,nan,nan
1646,41.15,7.386503802e-07,5.902841764e-07,nan,nan,nan,nan
1647,41.175,7.386730352e-07,5.903045602e-07,nan,nan,nan,nan
1648,41.2,7.386950321e-07,5.903243690e-07,nan,nan,nan,nan
1649,41.225,7.387163844e-07,5.903436173e-07,nan,nan,nan,nan
1650,41.25,7.387371101e-07,5.903623176e-07,nan,nan,nan,nan
1651,41.275,7.387572280e-07,5.903804830e-07,nan,nan,nan,nan
1652,41.3,7.387767546e-07,5.903981285e-07,nan,nan,nan,nan
1653,41.325,7.387957011e-07,5.904152690e-07,nan,nan,nan,nan
1654,41.35,7.388140792e-07,5.904319167e-07,nan,nan,nan,nan
1655,41.375,7.388319038e-07,5.904480802e-07,nan,nan,nan,nan
1656,41.4,7.388491967e-07,5.904637693e-07,nan,nan,nan,nan
1657,41.425,7.388670356e-07,5.904789986e-07,nan,nan,nan,nan
1658,41.45,7.388846729e-07,5.904937850e-07,nan,nan,nan,nan
1659,41.475,7.389017840e-07,5.905081433e-07,nan,nan,nan,nan
1660,41.5,7.389183849e-07,5.905220815e-07,nan,nan,nan,nan
1661,41.525,7.389344840e-07,5.905356044e-07,nan,nan,nan,nan
1662,41.55,7.389500919e-07,5.905487209e-07,nan,nan,nan,nan
1663,41.575,7.389652213e-07,5.905614446e-07,nan,nan,nan,nan
1664,41.6,7.389798897e-07,5.905737915e-07,nan,nan,nan,nan
1665,41.625,7.389941115e-07,5.905857723e-07,nan,nan,nan,nan
1666,41.65,7.390078985e-07,5.905973940e-07,nan,nan,nan,nan
1667,41.675,7.390212597e-07,5.906086626e-07,nan,nan,nan,nan
1668,41.7,7.390342062e-07,5.906195891e-07,nan,nan,nan,nan
1669,41.725,7.390467500e-07,5.906301841e-07,nan,nan,nan,nan
1670,41.75,7.390589044e-07,5.906404577e-07,nan,nan,nan,nan
1671,41.775,7.390706800e-07,5.906504168e-07,nan,nan,nan,nan
1672,41.8,7.390820837e-07,5.906600687e-07,nan,nan,nan,nan
1673,41.825,7.390931281e-07,5.906694235e-07,nan,nan,nan,nan
1674,41.85,7.391038245e-07,5.906784914e-07,nan,nan,nan,nan
1675,41.875,7.391141842e-07,5.906872814e-07,nan,nan,nan,nan
1676,41.9,7.391242166e-07,5.906957981e-07,nan,nan,nan,nan
1677,41.925,7.391339268e-07,5.907040459e-07,nan,nan,nan,nan
1678,41.95,7.391433220e-07,5.907120318e-07,nan,nan,nan,nan
1679,41.975,7.391524150e-07,5.907197677e-07,nan,nan,nan,nan
1680,42,7.391612174e-07,5.907272652e-07,nan,nan,nan,nan
1681,42.025,7.391697395e-07,5.907345288e-07,nan,nan,nan,nan
1682,42.05,7.391779860e-07,5.907415618e-07,nan,nan,nan,nan
1683,42.075,7.391859618e-07,5.907483668e-07,nan,nan,nan,nan
1684,42.1,7.391936729e-07,5.907549519e-07,nan,nan,nan,nan
1685,42.125,7.392011306e-07,5.907613273e-07,nan,nan,nan,nan
1686,42.15,7.392083466e-07,5.907675012e-07,nan,nan,nan,nan
1687,42.175,7.392153263e-07,5.907734776e-07,nan,nan,nan,nan
1688,42.2,7.392220744e-07,5.907792601e-07,nan,nan,nan,nan
1689,42.225,7.392285974e-07,5.907848540e-07,nan,nan,nan,nan
1690,42.25,7.392349026e-07,5.907902652e-07,nan,nan,nan,nan
1691,42.275,7.392409976e-07,5.907955008e-07,nan,nan,nan,nan
1692,42.3,7.392468880e-07,5.908005645e-07,nan,nan,nan,nan
1693,42.325,7.392525793e-07,5.908054610e-07,nan,nan,nan,nan
1694,42.35,7.392580777e-07,5.908101955e-07,nan,nan,nan,nan
1695,42.375,7.392633910e-07,5.908147751e-07,nan,nan,nan,nan
1696,42.4,7.392685255e-07,5.908192058e-07,nan,nan,nan,nan
1697,42.425,7.392734876e-07,5.908234892e-07,nan,nan,nan,nan
1698,42.45,7.392782775e-07,5.908276269e-07,nan,nan,nan,nan
1699,42.475,7.392828992e-07,5.908316233e-07,nan,nan,nan,nan
1700,42.5,7.392873605e-07,5.908354860e-07,nan,nan,nan,nan
1701,42.525,7.392916702e-07,5.908392207e-07,nan,nan,nan,nan
1702,42.55,7.392958343e-07,5.908428321e-07,nan,nan,nan,nan
1703,42.575,7.392998553e-07,5.908463209e-07,nan,nan,nan,nan
1704,42.6,7.393037331e-07,5.908496885e-07,nan,nan,nan,nan
1705,42.625,7.393074720e-07,5.908529389e-07,nan,nan,nan,nan
1706,42.65,7.393110787e-07,5.908560786e-07,nan,nan,nan,nan
1707,42.675,7.393145600e-07,5.908591122e-07,nan,nan,nan,nan
1708,42.7,7.393179207e-07,5.908620433e-07,nan,nan,nan,nan
1709,42.725,7.393211626e-07,5.908648720e-07,nan,nan,nan,nan
1710,42.75,7.393242879e-07,5.908676031e-07,nan,nan,nan,nan
1711,42.775,7.393273021e-07,5.908702386e-07,nan,nan,nan,nan
1712,42.8,7.393302092e-07,5.908727828e-07,nan,nan,nan,nan
1713,42.825,7.393330112e-07,5.908752370e-07,nan,nan,nan,nan
1714,42.85,7.393357101e-07,5.908776030e-07,nan,nan,nan,nan
1715,42.875,7.393383093e-07,5.908798920e-07,nan,nan,nan,nan
1716,42.9,7.393408154e-07,5.908823099e-07,nan,nan,nan,nan
1717,42.925,7.393432352e-07,5.908846415e-07,nan,nan,nan,nan
1718,42.95,7.393455686e-07,5.908868926e-07,nan,nan,nan,nan
1719,42.975,7.393478161e-07,5.908890709e-07,nan,nan,nan,nan
1720,43,7.393499759e-07,5.908911757e-07,nan,nan,nan,nan
1721,43.025,7.393520516e-07,5.908932018e-07,nan,nan,nan,nan
1722,43.05,7.393540529e-07,5.908951491e-07,nan,nan,nan,nan
1723,43.075,7.393559846e-07,5.908970222e-07,nan,nan,nan,nan
1724,43.1,7.393578480e-07,5.908988320e-07,nan,nan,nan,nan
1725,43.125,7.393596404e-07,5.909005829e-07,nan,nan,nan,nan
1726,43.15,7.393613616e-07,5.909022738e-07,nan,nan,nan,nan
1727,43.175,7.393630160e-07,5.909039009e-07,nan,nan,nan,nan
1728,43.2,7.393646096e-07,5.909054639e-07,nan,nan,nan,nan
1729,43.225,7.393661448e-07,5.909069685e-07,nan,nan,nan,nan
1730,43.25,7.393676219e-07,5.909084195e-07,nan,nan,nan,nan
1731,43.275,7.393690419e-07,5.909098198e-07,nan,nan,nan,nan
1732,43.3,7.393704083e-07,5.909111676e-07,nan,nan,nan,nan
1733,43.325,7.393717234e-07,5.909124652e-07,nan,nan,nan,nan
1734,43.35,7.393729896e-07,5.909137153e-07,nan,nan,nan,nan
1735,43.375,7.393742035e-07,5.909149221e-07,nan,nan,nan,nan
1736,43.4,7.393753681e-07,5.909160847e-07,nan,nan,nan,nan
1737,43.425,7.393764857e-07,5.909171995e-07,nan,nan,nan,nan
1738,43.45,7.393775644e-07,5.909182675e-07,nan,nan,nan,nan
1739,43.475,7.393786055e-07,5.909192953e-07,nan,nan,nan,nan
1740,43.5,7.393796075e-07,5.909202901e-07,nan,nan,nan,nan
1741,43.525,7.393805649e-07,5.909212535e-07,nan,nan,nan,nan
1742,43.55,7.393814786e-07,5.909221812e-07,nan,nan,nan,nan
1743,43.575,7.393823556e-07,5.909230671e-07,nan,nan,nan,nan
1744,43.6,7.393832030e-07,5.909239113e-07,nan,nan,nan,nan
1745,43.625,7.393840210e-07,5.909247237e-07,nan,nan,nan,nan
1746,43.65,7.393848073e-07,5.909255112e-07,nan,nan,nan,nan
1747,43.675,7.393855584e-07,5.909262735e-07,nan,nan,nan,nan
1748,43.7,7.393862764e-07,5.909270064e-07,nan,nan,nan,nan
1749,43.725,7.393869659e-07,5.909277069e-07,nan,nan,nan,nan
1750,43.75,7.393876281e-07,5.909283774e-07,nan,nan,nan,nan
1751,43.775,7.393882643e-07,5.909290220e-07,nan,nan,nan,nan
1752,43.8,7.393888735e-07,5.909296431e-07,nan,nan,nan,nan
1753,43.825,7.393894578e-07,5.909302393e-07,nan,nan,nan,nan
1754,43.85,7.393900213e-07,5.909308104e-07,nan,nan,nan,nan
1755,43.875,7.393905644e-07,5.909313599e-07,nan,nan,nan,nan
1756,43.9,7.393910829e-07,5.909318919e-07,nan,nan,nan,nan
1757,43.925,7.393915749e-07,5.909324062e-07,nan,nan,nan,nan
1758,43.95,7.393920422e-07,5.909328973e-07,nan,nan,nan,nan
1759,43.975,7.393924934e-07,5.909333611e-07,nan,nan,nan,nan
1760,44,7.393929328e-07,5.909338023e-07,nan,nan,nan,nan
1761,44.025,7.393933578e-07,5.909342300e-07,nan,nan,nan,nan
1762,44.05,7.393937620e-07,5.909346488e-07,nan,nan,nan,nan
1763,44.075,7.393941427e-07,5.909350558e-07,nan,nan,nan,nan
1764,44.1,7.393945023e-07,5.909354420e-07,nan,nan,nan,nan
1765,44.125,7.393948489e-07,5.909358042e-07,nan,nan,nan,nan
1766,44.15,7.393951869e-07,5.909361471e-07,nan,nan,nan,nan
1767,44.175,7.393955131e-07,5.909364794e-07,nan,nan,nan,nan
1768,44.2,7.393958239e-07,5.909368043e-07,nan,nan,nan,nan
1769,44.225,7.393961184e-07,5.909371189e-07,nan,nan,nan,nan
1770,44.25,7.393963999e-07,5.909374178e-07,nan,nan,nan,nan
1771,44.275,7.393966701e-07,5.909377021e-07,nan,nan,nan,nan
1772,44.3,7.393969279e-07,5.909379751e-07,nan,nan,nan,nan
1773,44.325,7.393971723e-07,5.909382369e-07,nan,nan,nan,nan
1774,44.35,7.393974052e-07,5.909384866e-07,nan,nan,nan,nan
1775,44.375,7.393976313e-07,5.909387227e-07,nan,nan,nan,nan
1776,44.4,7.393978531e-07,5.909389486e-07,nan,nan,nan,nan
1777,44.425,7.393980646e-07,5.909391693e-07,nan,nan,nan,nan
1778,44.45,7.393982615e-07,5.909393867e-07,nan,nan,nan,nan
1779,44.475,7.393984432e-07,5.909395957e-07,nan,nan,nan,nan
1780,44.5,7.393986162e-07,5.909397885e-07,nan,nan,nan,nan
1781,44.525,7.393987873e-07,5.909399651e-07,nan,nan,nan,nan
1782,44.55,7.393989583e-07,5.909401333e-07,nan,nan,nan,nan
1783,44.575,7.393991221e-07,5.909403356e-07,nan,nan,nan,nan
1784,44.6,7.393992733e-07,5.909406060e-07,nan,nan,nan,nan
1785,44.625,7.393994122e-07,5.909408676e-07,nan,nan,nan,nan
1786,44.65,7.393995433e-07,5.909411175e-07,nan,nan,nan,nan
1787,44.675,7.393996724e-07,5.909413528e-07,nan,nan,nan,nan
1788,44.7,7.393997992e-07,5.909415741e-07,nan,nan,nan,nan
1789,44.725,7.393999199e-07,5.909417869e-07,nan,nan,nan,nan
1790,44.75,7.394000327e-07,5.909419960e-07,nan,nan,nan,nan
1791,44.775,7.394001413e-07,5.909422003e-07,nan,nan,nan,nan
1792,44.8,7.394002462e-07,5.909423946e-07,nan,nan,nan,nan
1793,44.825,7.394003450e-07,5.909425761e-07,nan,nan,nan,nan
1794,44.85,7.394004349e-07,5.909427458e-07,nan,nan,nan,nan
1795,44.875,7.394005184e-07,5.909429089e-07,nan,nan,nan,nan
1796,44.9,7.394006008e-07,5.909430693e-07,nan,nan,nan,nan
1797,44.925,7.394006860e-07,5.909432242e-07,nan,nan,nan,nan
1798,44.95,7.394007714e-07,5.909433719e-07,nan,nan,nan,nan
1799,44.975,7.394008489e-07,5.909435107e-07,nan,nan,nan,nan
1800,45,7.394009136e-07,5.909436442e-07,nan,nan,nan,nan
1801,45.025,7.394009708e-07,5.909437716e-07,nan,nan,nan,nan
1802,45.05,7.394010299e-07,5.909438933e-07,nan,nan,nan,nan
1803,45.075,7.394010948e-07,5.909440070e-07,nan,nan,nan,nan
1804,45.1,7.394011602e-07,5.909441152e-07,nan,nan,nan,nan
1805,45.125,7.394012190e-07,5.909442213e-07,nan,nan,nan,nan
1806,45.15,7.394012679e-07,5.909443270e-07,nan,nan,nan,nan
1807,45.175,7.394013117e-07,5.909444286e-07,nan,nan,nan,nan
1808,45.2,7.394013567e-07,5.909445222e-07,nan,nan,nan,nan
1809,45.225,7.394014030e-07,5.909446055e-07,nan,nan,nan,nan
1810,45.25,7.394014468e-07,5.909446844e-07,nan,nan,nan,nan
1811,45.275,7.394014857e-07,5.909447633e-07,nan,nan,nan,nan
1812,45.3,7.394015233e-07,5.909448444e-07,nan,nan,nan,nan
1813,45.325,7.394015640e-07,5.909449221e-07,nan,nan,nan,nan
1814,45.35,7.394016029e-07,5.909449939e-07,nan,nan,nan,nan
1815,45.375,7.394016350e-07,5.909450579e-07,nan,nan,nan,nan
1816,45.4,7.394016585e-07,5.909451179e-07,nan,nan,nan,nan
1817,45.425,7.394016802e-07,5.909451805e-07,nan,nan,nan,nan
1818,45.45,7.394017084e-07,5.909453460e-07,nan,nan,nan,nan
1819,45.475,7.394017443e-07,5.909455017e-07,nan,nan,nan,nan
1820,45.5,7.394017781e-07,5.909456527e-07,nan,nan,nan,nan
1821,45.525,7.394018029e-07,5.909458035e-07,nan,nan,nan,nan
1822,45.55,7.394018163e-07,5.909459503e-07,nan,nan,nan,nan
1823,45.575,7.394018289e-07,5.909460862e-07,nan,nan,nan,nan
1824,45.6,7.394018490e-07,5.909462080e-07,nan,nan,nan,nan
1825,45.625,7.394018758e-07,5.909463203e-07,nan,nan,nan,nan
1826,45.65,7.394019002e-07,5.909464327e-07,nan,nan,nan,nan
1827,45.675,7.394019180e-07,5.909465494e-07,nan,nan,nan,nan
1828,45.7,7.394019294e-07,5.909466647e-07,nan,nan,nan,nan
1829,45.725,7.394019426e-07,5.909467691e-07,nan,nan,nan,nan
1830,45.75,7.394019579e-07,5.909468609e-07,nan,nan,nan,nan
1831,45.775,7.394019729e-07,5.909469456e-07,nan,nan,nan,nan
1832,45.8,7.394019836e-07,5.909470299e-07,nan,nan,nan,nan
1833,45.825,7.394019939e-07,5.909471157e-07,nan,nan,nan,nan
1834,45.85,7.394020082e-07,5.909471976e-07,nan,nan,nan,nan
1835,45.875,7.394020260e-07,5.909472740e-07,nan,nan,nan,nan
1836,45.9,7.394020400e-07,5.909473458e-07,nan,nan,nan,nan
1837,45.925,7.394020450e-07,5.909474156e-07,nan,nan,nan,nan
1838,45.95,7.394020446e-07,5.909474837e-07,nan,nan,nan,nan
1839,45.975,7.394020481e-07,5.909475454e-07,nan,nan,nan,nan
1840,46,7.394020624e-07,5.909476001e-07,nan,nan,nan,nan
1841,46.025,7.394020816e-07,5.909476520e-07,nan,nan,nan,nan
1842,46.05,7.394020946e-07,5.909477072e-07,nan,nan,nan,nan
1843,46.075,7.394020963e-07,5.909477661e-07,nan,nan,nan,nan
1844,46.1,7.394020921e-07,5.909478214e-07,nan,nan,nan,nan
1845,46.125,7.394020928e-07,5.909478667e-07,nan,nan,nan,nan
1846,46.15,7.394021029e-07,5.909479020e-07,nan,nan,nan,nan
1847,46.175,7.394021159e-07,5.909479366e-07,nan,nan,nan,nan
1848,46.2,7.394021241e-07,5.909479768e-07,nan,nan,nan,nan
1849,46.225,7.394021265e-07,5.909480225e-07,nan,nan,nan,nan
1850,46.25,7.394021284e-07,5.909480651e-07,nan,nan,nan,nan
1851,46.275,7.394021329e-07,5.909480992e-07,nan,nan,nan,nan
1852,46.3,7.394021377e-07,5.909481271e-07,nan,nan,nan,nan
1853,46.325,7.394021394e-07,5.909481536e-07,nan,nan,nan,nan
1854,46.35,7.394021392e-07,5.909481831e-07,nan,nan,nan,nan
1855,46.375,7.394021423e-07,5.909482121e-07,nan,nan,nan,nan
1856,46.4,7.394021520e-07,5.909482387e-07,nan,nan,nan,nan
1857,46.425,7.394021621e-07,5.909482635e-07,nan,nan,nan,nan
1858,46.45,7.394021638e-07,5.909482887e-07,nan,nan,nan,nan
1859,46.475,7.394021578e-07,5.909483144e-07,nan,nan,nan,nan
1860,46.5,7.394021514e-07,5.909483372e-07,nan,nan,nan,nan
1861,46.525,7.394021536e-07,5.909483537e-07,nan,nan,nan,nan
1862,46.55,7.394021659e-07,5.909483671e-07,nan,nan,nan,nan
1863,46.575,7.394021765e-07,5.909483826e-07,nan,nan,nan,nan
1864,46.6,7.394021792e-07,5.909484044e-07,nan,nan,nan,nan
1865,46.625,7.394021729e-07,5.909484286e-07,nan,nan,nan,nan
1866,46.65,7.394021666e-07,5.909484472e-07,nan,nan,nan,nan
1867,46.675,7.394021673e-07,5.909484575e-07,nan,nan,nan,nan
1868,46.7,7.394021728e-07,5.909484637e-07,nan,nan,nan,nan
1869,46.725,7.394021775e-07,5.909484736e-07,nan,nan,nan,nan
1870,46.75,7.394021792e-07,5.909484894e-07,nan,nan,nan,nan
1871,46.775,7.394021808e-07,5.909485071e-07,nan,nan,nan,nan
1872,46.8,7.394021840e-07,5.909485210e-07,nan,nan,nan,nan
1873,46.825,7.394021854e-07,5.909485300e-07,nan,nan,nan,nan
1874,46.85,7.394021823e-07,5.909485374e-07,nan,nan,nan,nan
1875,46.875,7.394021762e-07,5.909485455e-07,nan,nan,nan,nan
1876,46.9,7.394021743e-07,5.909485542e-07,nan,nan,nan,nan
1877,46.925,7.394021814e-07,5.909485614e-07,nan,nan,nan,nan
1878,46.95,7.394021923e-07,5.909485679e-07,nan,nan,nan,nan
1879,46.975,7.394021971e-07,5.909485770e-07,nan,nan,nan,nan
1880,47,7.394021909e-07,5.909485882e-07,nan,nan,nan,nan
1881,47.025,7.394021802e-07,5.909485980e-07,nan,nan,nan,nan
1882,47.05,7.394021758e-07,5.909486022e-07,nan,nan,nan,nan
1883,47.075,7.394021816e-07,5.909486013e-07,nan,nan,nan,nan
1884,47.1,7.394021919e-07,5.909486018e-07,nan,nan,nan,nan
1885,47.125,7.394021962e-07,5.909486090e-07,nan,nan,nan,nan
1886,47.15,7.394021936e-07,5.909486208e-07,nan,nan,nan,nan
1887,47.175,7.394021878e-07,5.909486315e-07,nan,nan,nan,nan
1888,47.2,7.394021854e-07,5.909486346e-07,nan,nan,nan,nan
1889,47.225,7.394021869e-07,5.909486330e-07,nan,nan,nan,nan
1890,47.25,7.394021881e-07,5.909486319e-07,nan,nan,nan,nan
1891,47.275,7.394021882e-07,5.909486351e-07,nan,nan,nan,nan
1892,47.3,7.394021891e-07,5.909486420e-07,nan,nan,nan,nan
1893,47.325,7.394021938e-07,5.909486491e-07,nan,nan,nan,nan
1894,47.35,7.394021973e-07,5.909486524e-07,nan,nan,nan,nan
1895,47.375,7.394021948e-07,5.909486548e-07,nan,nan,nan,nan
1896,47.4,7.394021863e-07,5.909486568e-07,nan,nan,nan,nan
1897,47.425,7.394021801e-07,5.909486586e-07,nan,nan,nan,nan
1898,47.45,7.394021833e-07,5.909486584e-07,nan,nan,nan,nan
1899,47.475,7.394021941e-07,5.909486575e-07,nan,nan,nan,nan
1900,47.5,7.394022026e-07,5.909486598e-07,nan,nan,nan,nan
1901,47.525,7.394021998e-07,5.909486662e-07,nan,nan,nan,nan
1902,47.55,7.394021897e-07,5.909486734e-07,nan,nan,nan,nan
1903,47.575,7.394021819e-07,5.909486756e-07,nan,nan,nan,nan
1904,47.6,7.394021840e-07,5.909486712e-07,nan,nan,nan,nan
1905,47.625,7.394021927e-07,5.909486661e-07,nan,nan,nan,nan
1906,47.65,7.394021973e-07,5.909486664e-07,nan,nan,nan,nan
1907,47.675,7.394021959e-07,5.909486726e-07,nan,nan,nan,nan
1908,47.7,7.394021917e-07,5.909486804e-07,nan,nan,nan,nan
1909,47.725,7.394021903e-07,5.909486832e-07,nan,nan,nan,nan
1910,47.75,7.394021906e-07,5.909486805e-07,nan,nan,nan,nan
1911,47.775,7.394021899e-07,5.909486774e-07,nan,nan,nan,nan
1912,47.8,7.394021872e-07,5.909486771e-07,nan,nan,nan,nan
1913,47.825,7.394021856e-07,5.909486799e-07,nan,nan,nan,nan
1914,47.85,7.394021915e-07,5.909486813e-07,nan,nan,nan,nan
1915,47.875,7.394021987e-07,5.909486813e-07,nan,nan,nan,nan
1916,47.9,7.394022003e-07,5.909486820e-07,nan,nan,nan,nan
1917,47.925,7.394021921e-07,5.909486847e-07,nan,nan,nan,nan
1918,47.95,7.394021814e-07,5.909486877e-07,nan,nan,nan,nan
1919,47.975,7.394021791e-07,5.909486871e-07,nan,nan,nan,nan
1920,48,7.394021884e-07,5.909486830e-07,nan,nan,nan,nan
1921,48.025,7.394022002e-07,5.909486793e-07,nan,nan,nan,nan
1922,48.05,7.394022026e-07,5.909486811e-07,nan,nan,nan,nan
1923,48.075,7.394021942e-07,5.909486884e-07,nan,nan,nan,nan
1924,48.1,7.394021845e-07,5.909486934e-07,nan,nan,nan,nan
1925,48.125,7.394021822e-07,5.909486922e-07,nan,nan,nan,nan
1926,48.15,7.394021879e-07,5.909486848e-07,nan,nan,nan,nan
1927,48.175,7.394021935e-07,5.909486803e-07,nan,nan,nan,nan
1928,48.2,7.394021937e-07,5.909486825e-07,nan,nan,nan,nan
1929,48.225,7.394021909e-07,5.909486893e-07,nan,nan,nan,nan
1930,48.25,7.394021907e-07,5.909486935e-07,nan,nan,nan,nan
1931,48.275,7.394021934e-07,5.909486918e-07,nan,nan,nan,nan
1932,48.3,7.394021928e-07,5.909486875e-07,nan,nan,nan,nan
1933,48.325,7.394021878e-07,5.909486849e-07,nan,nan,nan,nan
1934,48.35,7.394021824e-07,5.909486866e-07,nan,nan,nan,nan
1935,48.375,7.394021852e-07,5.909486882e-07,nan,nan,nan,nan
1936,48.4,7.394021950e-07,5.909486878e-07,nan,nan,nan,nan
1937,48.425,7.394022014e-07,5.909486872e-07,nan,nan,nan,nan
1938,48.45,7.394021976e-07,5.909486887e-07,nan,nan,nan,nan
1939,48.475,7.394021857e-07,5.909486915e-07,nan,nan,nan,nan
1940,48.5,7.394021772e-07,5.909486920e-07,nan,nan,nan,nan
1941,48.525,7.394021817e-07,5.909486885e-07,nan,nan,nan,nan
1942,48.55,7.394021937e-07,5.909486842e-07,nan,nan,nan,nan
1943,48.575,7.394022010e-07,5.909486826e-07,nan,nan,nan,nan
1944,48.6,7.394021976e-07,5.909486882e-07,nan,nan,nan,nan
1945,48.625,7.394021878e-07,5.909486947e-07,nan,nan,nan,nan
1946,48.65,7.394021819e-07,5.909486956e-07,nan,nan,nan,nan
1947,48.675,7.394021845e-07,5.909486905e-07,nan,nan,nan,nan
1948,48.7,7.394021909e-07,5.909486835e-07,nan,nan,nan,nan
1949,48.725,7.394021929e-07,5.909486823e-07,nan,nan,nan,nan
1950,48.75,7.394021912e-07,5.909486869e-07,nan,nan,nan,nan
1951,48.775,7.394021902e-07,5.909486923e-07,nan,nan,nan,nan
1952,48.8,7.394021925e-07,5.909486939e-07,nan,nan,nan,nan
1953,48.825,7.394021941e-07,5.909486915e-07,nan,nan,nan,nan
1954,48.85,7.394021902e-07,5.909486873e-07,nan,nan,nan,nan
1955,48.875,7.394021836e-07,5.909486873e-07,nan,nan,nan,nan
1956,48.9,7.394021820e-07,5.909486879e-07,nan,nan,nan,nan
1957,48.925,7.394021888e-07,5.909486877e-07,nan,nan,nan,nan
1958,48.95,7.394021977e-07,5.909486864e-07,nan,nan,nan,nan
1959,48.975,7.394021994e-07,5.909486874e-07,nan,nan,nan,nan
1960,49,7.394021916e-07,5.909486902e-07,nan,nan,nan,nan
1961,49.025,7.394021809e-07,5.909486928e-07,nan,nan,nan,nan
1962,49.05,7.394021792e-07,5.909486911e-07,nan,nan,nan,nan
1963,49.075,7.394021867e-07,5.909486859e-07,nan,nan,nan,nan
1964,49.1,7.394021964e-07,5.909486824e-07,nan,nan,nan,nan
1965,49.125,7.394021980e-07,5.909486847e-07,nan,nan,nan,nan
1966,49.15,7.394021915e-07,5.909486904e-07,nan,nan,nan,nan
1967,49.175,7.394021853e-07,5.909486944e-07,nan,nan,nan,nan
1968,49.2,7.394021841e-07,5.909486928e-07,nan,nan,nan,nan
1969,49.225,7.394021873e-07,5.909486873e-07,nan,nan,nan,nan
1970,49.25,7.394021900e-07,5.909486832e-07,nan,nan,nan,nan
1971,49.275,7.394021903e-07,5.909486844e-07,nan,nan,nan,nan
1972,49.3,7.394021905e-07,5.909486879e-07,nan,nan,nan,nan
1973,49.325,7.394021923e-07,5.909486909e-07,nan,nan,nan,nan
1974,49.35,7.394021945e-07,5.909486907e-07,nan,nan,nan,nan
1975,49.375,7.394021921e-07,5.909486889e-07,nan,nan,nan,nan
1976,49.4,7.394021864e-07,5.909486875e-07,nan,nan,nan,nan
1977,49.425,7.394021820e-07,5.909486869e-07,nan,nan,nan,nan
1978,49.45,7.394021852e-07,5.909486858e-07,nan,nan,nan,nan
1979,49.475,7.394021933e-07,5.909486849e-07,nan,nan,nan,nan
1980,49.5,7.394021980e-07,5.909486859e-07,nan,nan,nan,nan
1981,49.525,7.394021945e-07,5.909486888e-07,nan,nan,nan,nan
1982,49.55,7.394021851e-07,5.909486914e-07,nan,nan,nan,nan
1983,49.575,7.394021808e-07,5.909486909e-07,nan,nan,nan,nan
1984,49.6,7.394021838e-07,5.909486875e-07,nan,nan,nan,nan
1985,49.625,7.394021915e-07,5.909486829e-07,nan,nan,nan,nan
1986,49.65,7.394021962e-07,5.909486831e-07,nan,nan,nan,nan
1987,49.675,7.394021943e-07,5.909486874e-07,nan,nan,nan,nan
1988,49.7,7.394021898e-07,5.909486912e-07,nan,nan,nan,nan
1989,49.725,7.394021873e-07,5.909486917e-07,nan,nan,nan,nan
1990,49.75,7.394021875e-07,5.909486884e-07,nan,nan,nan,nan
1991,49.775,7.394021879e-07,5.909486848e-07,nan,nan,nan,nan
1992,49.8,7.394021882e-07,5.909486840e-07,nan,nan,nan,nan
1993,49.825,7.394021903e-07,5.909486854e-07,nan,nan,nan,nan
1994,49.85,7.394021935e-07,5.909486876e-07,nan,nan,nan,nan
1995,49.875,7.394021956e-07,5.909486884e-07,nan,nan,nan,nan
1996,49.9,7.394021923e-07,5.909486895e-07,nan,nan,nan,nan
1997,49.925,7.394021856e-07,5.909486903e-07,nan,nan,nan,nan
1998,49.95,7.394021808e-07,5.909486891e-07,nan,nan,nan,nan
1999,49.975,7.394021824e-07,5.909486859e-07,nan,nan,nan,nan
2000,50,7.394021901e-07,5.909486832e-07,nan,nan,nan,nan
2001,50.025,7.394021958e-07,5.909486837e-07,nan,nan,nan,nan
2002,50.05,7.394021947e-07,5.909486882e-07,nan,nan,nan,nan
2003,50.075,7.394021892e-07,5.909486922e-07,nan,nan,nan,nan
2004,50.1,7.394021831e-07,5.909486922e-07,nan,nan,nan,nan
2005,50.125,7.394021837e-07,5.909486877e-07,nan,nan,nan,nan
2006,50.15,7.394021874e-07,5.909486825e-07,nan,nan,nan,nan
2007,50.175,7.394021915e-07,5.909486816e-07,nan,nan,nan,nan
2008,50.2,7.394021924e-07,5.909486857e-07,nan,nan,nan,nan
2009,50.225,7.394021919e-07,5.909486899e-07,nan,nan,nan,nan
2010,50.25,7.394021911e-07,5.909486910e-07,nan,nan,nan,nan
2011,50.275,7.394021900e-07,5.909486879e-07,nan,nan,nan,nan
2012,50.3,7.394021872e-07,5.909486854e-07,nan,nan,nan,nan
2013,50.325,7.394021837e-07,5.909486853e-07,nan,nan,nan,nan
2014,50.35,7.394021842e-07,5.909486861e-07,nan,nan,nan,nan
2015,50.375,7.394021902e-07,5.909486861e-07,nan,nan,nan,nan
2016,50.4,7.394021963e-07,5.909486855e-07,nan,nan,nan,nan
2017,50.425,7.394021962e-07,5.909486873e-07,nan,nan,nan,nan
2018,50.45,7.394021894e-07,5.909486905e-07,nan,nan,nan,nan
2019,50.475,7.394021816e-07,5.909486923e-07,nan,nan,nan,nan
2020,50.5,7.394021809e-07,5.909486901e-07,nan,nan,nan,nan
2021,50.525,7.394021881e-07,5.909486849e-07,nan,nan,nan,nan
2022,50.55,7.394021946e-07,5.909486815e-07,nan,nan,nan,nan
2023,50.575,7.394021955e-07,5.909486843e-07,nan,nan,nan,nan
2024,50.6,7.394021906e-07,5.909486905e-07,nan,nan,nan,nan
2025,50.625,7.394021861e-07,5.909486933e-07,nan,nan,nan,nan
2026,50.65,7.394021854e-07,5.909486899e-07,nan,nan,nan,nan
2027,50.675,7.394021891e-07,5.909486833e-07,nan,nan,nan,nan
2028,50.7,7.394021906e-07,5.909486806e-07,nan,nan,nan,nan
2029,50.725,7.394021904e-07,5.909486837e-07,nan,nan,nan,nan
2030,50.75,7.394021894e-07,5.909486892e-07,nan,nan,nan,nan
2031,50.775,7.394021910e-07,5.909486908e-07,nan,nan,nan,nan
2032,50.8,7.394021925e-07,5.909486881e-07,nan,nan,nan,nan
2033,50.825,7.394021905e-07,5.909486853e-07,nan,nan,nan,nan
2034,50.85,7.394021856e-07,5.909486858e-07,nan,nan,nan,nan
2035,50.875,7.394021835e-07,5.909486872e-07,nan,nan,nan,nan
2036,50.9,7.394021867e-07,5.909486876e-07,nan,nan,nan,nan
2037,50.925,7.394021939e-07,5.909486850e-07,nan,nan,nan,nan
2038,50.95,7.394021977e-07,5.909486837e-07,nan,nan,nan,nan
2039,50.975,7.394021931e-07,5.909486863e-07,nan,nan,nan,nan
2040,51,7.394021847e-07,5.909486905e-07,nan,nan,nan,nan
2041,51.025,7.394021812e-07,5.909486916e-07,nan,nan,nan,nan
2042,51.05,7.394021863e-07,5.909486868e-07,nan,nan,nan,nan
2043,51.075,7.394021938e-07,5.909486810e-07,nan,nan,nan,nan
2044,51.1,7.394021965e-07,5.909486803e-07,nan,nan,nan,nan
2045,51.125,7.394021922e-07,5.909486861e-07,nan,nan,nan,nan
2046,51.15,7.394021869e-07,5.909486926e-07,nan,nan,nan,nan
2047,51.175,7.394021857e-07,5.909486931e-07,nan,nan,nan,nan
2048,51.2,7.394021878e-07,5.909486877e-07,nan,nan,nan,nan
2049,51.225,7.394021897e-07,5.909486821e-07,nan,nan,nan,nan
2050,51.25,7.394021885e-07,5.909486828e-07,nan,nan,nan,nan
2051,51.275,7.394021872e-07,5.909486873e-07,nan,nan,nan,nan
2052,51.3,7.394021886e-07,5.909486902e-07,nan,nan,nan,nan
2053,51.325,7.394021920e-07,5.909486888e-07,nan,nan,nan,nan
2054,51.35,7.394021930e-07,5.909486852e-07,nan,nan,nan,nan
2055,51.375,7.394021885e-07,5.909486843e-07,nan,nan,nan,nan
2056,51.4,7.394021833e-07,5.909486862e-07,nan,nan,nan,nan
2057,51.425,7.394021842e-07,5.909486886e-07,nan,nan,nan,nan
2058,51.45,7.394021906e-07,5.909486876e-07,nan,nan,nan,nan
2059,51.475,7.394021967e-07,5.909486844e-07,nan,nan,nan,nan
2060,51.5,7.394021959e-07,5.909486841e-07,nan,nan,nan,nan
2061,51.525,7.394021891e-07,5.909486879e-07,nan,nan,nan,nan
2062,51.55,7.394021829e-07,5.909486908e-07,nan,nan,nan,nan
2063,51.575,7.394021843e-07,5.909486897e-07,nan,nan,nan,nan
2064,51.6,7.394021903e-07,5.909486847e-07,nan,nan,nan,nan
2065,51.625,7.394021947e-07,5.909486816e-07,nan,nan,nan,nan
2066,51.65,7.394021926e-07,5.909486839e-07,nan,nan,nan,nan
2067,51.675,7.394021881e-07,5.909486892e-07,nan,nan,nan,nan
2068,51.7,7.394021858e-07,5.909486923e-07,nan,nan,nan,nan
2069,51.725,7.394021886e-07,5.909486903e-07,nan,nan,nan,nan
2070,51.75,7.394021917e-07,5.909486845e-07,nan,nan,nan,nan
2071,51.775,7.394021915e-07,5.909486822e-07,nan,nan,nan,nan
2072,51.8,7.394021884e-07,5.909486848e-07,nan,nan,nan,nan
2073,51.825,7.394021886e-07,5.909486887e-07,nan,nan,nan,nan
2074,51.85,7.394021912e-07,5.909486906e-07,nan,nan,nan,nan
2075,51.875,7.394021933e-07,5.909486896e-07,nan,nan,nan,nan
2076,51.9,7.394021919e-07,5.909486880e-07,nan,nan,nan,nan
2077,51.925,7.394021865e-07,5.909486866e-07,nan,nan,nan,nan
2078,51.95,7.394021837e-07,5.909486866e-07,nan,nan,nan,nan
2079,51.975,7.394021870e-07,5.909486859e-07,nan,nan,nan,nan
2080,52,7.394021933e-07,5.909486847e-07,nan,nan,nan,nan
2081,52.025,7.394021963e-07,5.909486856e-07,nan,nan,nan,nan
2082,52.05,7.394021916e-07,5.909486878e-07,nan,nan,nan,nan
2083,52.075,7.394021851e-07,5.909486899e-07,nan,nan,nan,nan
2084,52.1,7.394021820e-07,5.909486889e-07,nan,nan,nan,nan
2085,52.125,7.394021864e-07,5.909486857e-07,nan,nan,nan,nan
2086,52.15,7.394021928e-07,5.909486830e-07,nan,nan,nan,nan
2087,52.175,7.394021949e-07,5.909486837e-07,nan,nan,nan,nan
2088,52.2,7.394021915e-07,5.909486874e-07,nan,nan,nan,nan
2089,52.225,7.394021874e-07,5.909486907e-07,nan,nan,nan,nan
2090,52.25,7.394021864e-07,5.909486900e-07,nan,nan,nan,nan
2091,52.275,7.394021885e-07,5.909486871e-07,nan,nan,nan,nan
2092,52.3,7.394021908e-07,5.909486843e-07,nan,nan,nan,nan
2093,52.325,7.394021904e-07,5.909486838e-07,nan,nan,nan,nan
2094,52.35,7.394021883e-07,5.909486847e-07,nan,nan,nan,nan
2095,52.375,7.394021898e-07,5.909486862e-07,nan,nan,nan,nan
2096,52.4,7.394021919e-07,5.909486876e-07,nan,nan,nan,nan
2097,52.425,7.394021921e-07,5.909486889e-07,nan,nan,nan,nan
2098,52.45,7.394021900e-07,5.909486893e-07,nan,nan,nan,nan
2099,52.475,7.394021865e-07,5.909486880e-07,nan,nan,nan,nan
2100,52.5,7.394021854e-07,5.909486864e-07,nan,nan,nan,nan
2101,52.525,7.394021896e-07,5.909486848e-07,nan,nan,nan,nan
2102,52.55,7.394021932e-07,5.909486864e-07,nan,nan,nan,nan
2103,52.575,7.394021939e-07,5.909486894e-07,nan,nan,nan,nan
2104,52.6,7.394021898e-07,5.909486910e-07,nan,nan,nan,nan
2105,52.625,7.394021858e-07,5.909486900e-07,nan,nan,nan,nan
2106,52.65,7.394021851e-07,5.909486864e-07,nan,nan,nan,nan
2107,52.675,7.394021884e-07,5.909486836e-07,nan,nan,nan,nan
2108,52.7,7.394021922e-07,5.909486840e-07,nan,nan,nan,nan
2109,52.725,7.394021934e-07,5.909486870e-07,nan,nan,nan,nan
2110,52.75,7.394021902e-07,5.909486887e-07,nan,nan,nan,nan
2111,52.775,7.394021872e-07,5.909486891e-07,nan,nan,nan,nan
2112,52.8,7.394021859e-07,5.909486878e-07,nan,nan,nan,nan
2113,52.825,7.394021873e-07,5.909486873e-07,nan,nan,nan,nan
2114,52.85,7.394021896e-07,5.909486870e-07,nan,nan,nan,nan
2115,52.875,7.394021909e-07,5.909486861e-07,nan,nan,nan,nan
2116,52.9,7.394021915e-07,5.909486851e-07,nan,nan,nan,nan
2117,52.925,7.394021899e-07,5.909486857e-07,nan,nan,nan,nan
2118,52.95,7.394021896e-07,5.909486880e-07,nan,nan,nan,nan
2119,52.975,7.394021887e-07,5.909486914e-07,nan,nan,nan,nan
2120,53,7.394021886e-07,5.909486907e-07,nan,nan,nan,nan
2121,53.025,7.394021890e-07,5.909486863e-07,nan,nan,nan,nan
2122,53.05,7.394021888e-07,5.909486831e-07,nan,nan,nan,nan
2123,53.075,7.394021898e-07,5.909486832e-07,nan,nan,nan,nan
2124,53.1,7.394021912e-07,5.909486877e-07,nan,nan,nan,nan
2125,53.125,7.394021913e-07,5.909486916e-07,nan,nan,nan,nan
2126,53.15,7.394021907e-07,5.909486912e-07,nan,nan,nan,nan
2127,53.175,7.394021883e-07,5.909486875e-07,nan,nan,nan,nan
2128,53.2,7.394021867e-07,5.909486847e-07,nan,nan,nan,nan
2129,53.225,7.394021881e-07,5.909486850e-07,nan,nan,nan,nan
2130,53.25,7.394021915e-07,5.909486872e-07,nan,nan,nan,nan
2131,53.275,7.394021929e-07,5.909486879e-07,nan,nan,nan,nan
2132,53.3,7.394021912e-07,5.909486866e-07,nan,nan,nan,nan
2133,53.325,7.394021871e-07,5.909486855e-07,nan,nan,nan,nan
2134,53.35,7.394021850e-07,5.909486869e-07,nan,nan,nan,nan
2135,53.375,7.394021869e-07,5.909486886e-07,nan,nan,nan,nan
2136,53.4,7.394021912e-07,5.909486890e-07,nan,nan,nan,nan
2137,53.425,7.394021938e-07,5.909486851e-07,nan,nan,nan,nan
2138,53.45,7.394021915e-07,5.909486826e-07,nan,nan,nan,nan
2139,53.475,7.394021870e-07,5.909486842e-07,nan,nan,nan,nan
2140,53.5,7.394021857e-07,5.909486888e-07,nan,nan,nan,nan
2141,53.525,7.394021878e-07,5.909486917e-07,nan,nan,nan,nan
2142,53.55,7.394021921e-07,5.909486898e-07,nan,nan,nan,nan
2143,53.575,7.394021930e-07,5.909486848e-07,nan,nan,nan,nan
2144,53.6,7.394021902e-07,5.909486827e-07,nan,nan,nan,nan
2145,53.625,7.394021878e-07,5.909486859e-07,nan,nan,nan,nan
2146,53.65,7.394021887e-07,5.909486909e-07,nan,nan,nan,nan
2147,53.675,7.394021918e-07,5.909486920e-07,nan,nan,nan,nan
2148,53.7,7.394021915e-07,5.909486876e-07,nan,nan,nan,nan
2149,53.725,7.394021888e-07,5.909486834e-07,nan,nan,nan,nan
2150,53.75,7.394021867e-07,5.909486829e-07,nan,nan,nan,nan
2151,53.775,7.394021887e-07,5.909486863e-07,nan,nan,nan,nan
2152,53.8,7.394021921e-07,5.909486892e-07,nan,nan,nan,nan
2153,53.825,7.394021949e-07,5.909486879e-07,nan,nan,nan,nan
2154,53.85,7.394021910e-07,5.909486856e-07,nan,nan,nan,nan
2155,53.875,7.394021854e-07,5.909486853e-07,nan,nan,nan,nan
2156,53.9,7.394021832e-07,5.909486885e-07,nan,nan,nan,nan
2157,53.925,7.394021877e-07,5.909486907e-07,nan,nan,nan,nan
2158,53.95,7.394021928e-07,5.909486890e-07,nan,nan,nan,nan
2159,53.975,7.394021945e-07,5.909486848e-07,nan,nan,nan,nan
2160,54,7.394021896e-07,5.909486830e-07,nan,nan,nan,nan
2161,54.025,7.394021841e-07,5.909486862e-07,nan,nan,nan,nan
2162,54.05,7.394021853e-07,5.909486906e-07,nan,nan,nan,nan
2163,54.075,7.394021905e-07,5.909486909e-07,nan,nan,nan,nan
2164,54.1,7.394021947e-07,5.909486867e-07,nan,nan,nan,nan
2165,54.125,7.394021925e-07,5.909486825e-07,nan,nan,nan,nan
2166,54.15,7.394021874e-07,5.909486836e-07,nan,nan,nan,nan
2167,54.175,7.394021864e-07,5.909486881e-07,nan,nan,nan,nan
2168,54.2,7.394021894e-07,5.909486927e-07,nan,nan,nan,nan
2169,54.225,7.394021930e-07,5.909486913e-07,nan,nan,nan,nan
2170,54.25,7.394021929e-07,5.909486865e-07,nan,nan,nan,nan
2171,54.275,7.394021884e-07,5.909486837e-07,nan,nan,nan,nan
2172,54.3,7.394021855e-07,5.909486844e-07,nan,nan,nan,nan
2173,54.325,7.394021877e-07,5.909486881e-07,nan,nan,nan,nan
2174,54.35,7.394021928e-07,5.909486900e-07,nan,nan,nan,nan
2175,54.375,7.394021937e-07,5.909486880e-07,nan,nan,nan,nan
2176,54.4,7.394021883e-07,5.909486853e-07,nan,nan,nan,nan
2177,54.425,7.394021833e-07,5.909486849e-07,nan,nan,nan,nan
2178,54.45,7.394021844e-07,5.909486873e-07,nan,nan,nan,nan
2179,54.475,7.394021903e-07,5.909486884e-07,nan,nan,nan,nan
2180,54.5,7.394021951e-07,5.909486872e-07,nan,nan,nan,nan
2181,54.525,7.394021930e-07,5.909486852e-07,nan,nan,nan,nan
2182,54.55,7.394021863e-07,5.909486863e-07,nan,nan,nan,nan
2183,54.575,7.394021825e-07,5.909486887e-07,nan,nan,nan,nan
2184,54.6,7.394021865e-07,5.909486908e-07,nan,nan,nan,nan
2185,54.625,7.394021937e-07,5.909486891e-07,nan,nan,nan,nan
2186,54.65,7.394021964e-07,5.909486848e-07,nan,nan,nan,nan
2187,54.675,7.394021917e-07,5.909486825e-07,nan,nan,nan,nan
2188,54.7,7.394021858e-07,5.909486853e-07,nan,nan,nan,nan
2189,54.725,7.394021849e-07,5.909486894e-07,nan,nan,nan,nan
2190,54.75,7.394021890e-07,5.909486916e-07,nan,nan,nan,nan
2191,54.775,7.394021941e-07,5.909486899e-07,nan,nan,nan,nan
2192,54.8,7.394021924e-07,5.909486852e-07,nan,nan,nan,nan
2193,54.825,7.394021876e-07,5.909486839e-07,nan,nan,nan,nan
2194,54.85,7.394021853e-07,5.909486853e-07,nan,nan,nan,nan
2195,54.875,7.394021873e-07,5.909486888e-07,nan,nan,nan,nan
2196,54.9,7.394021911e-07,5.909486895e-07,nan,nan,nan,nan
2197,54.925,7.394021919e-07,5.909486877e-07,nan,nan,nan,nan
2198,54.95,7.394021889e-07,5.909486854e-07,nan,nan,nan,nan
2199,54.975,7.394021868e-07,5.909486851e-07,nan,nan,nan,nan
2200,55,7.394021877e-07,5.909486872e-07,nan,nan,nan,nan
2201,55.025,7.394021918e-07,5.909486882e-07,nan,nan,nan,nan
2202,55.05,7.394021932e-07,5.909486876e-07,nan,nan,nan,nan
2203,55.075,7.394021905e-07,5.909486868e-07,nan,nan,nan,nan
2204,55.1,7.394021855e-07,5.909486868e-07,nan,nan,nan,nan
2205,55.125,7.394021840e-07,5.909486878e-07,nan,nan,nan,nan
2206,55.15,7.394021879e-07,5.909486887e-07,nan,nan,nan,nan
2207,55.175,7.394021929e-07,5.909486875e-07,nan,nan,nan,nan
2208,55.2,7.394021943e-07,5.909486854e-07,nan,nan,nan,nan
2209,55.225,7.394021912e-07,5.909486838e-07,nan,nan,nan,nan
2210,55.25,7.394021871e-07,5.909486854e-07,nan,nan,nan,nan
2211,55.275,7.394021857e-07,5.909486885e-07,nan,nan,nan,nan
2212,55.3,7.394021882e-07,5.909486895e-07,nan,nan,nan,nan
2213,55.325,7.394021909e-07,5.909486885e-07,nan,nan,nan,nan
2214,55.35,7.394021914e-07,5.909486851e-07,nan,nan,nan,nan
2215,55.375,7.394021895e-07,5.909486842e-07,nan,nan,nan,nan
2216,55.4,7.394021878e-07,5.909486859e-07,nan,nan,nan,nan
2217,55.425,7.394021876e-07,5.909486891e-07,nan,nan,nan,nan
2218,55.45,7.394021885e-07,5.909486906e-07,nan,nan,nan,nan
2219,55.475,7.394021886e-07,5.909486890e-07,nan,nan,nan,nan
2220,55.5,7.394021884e-07,5.909486860e-07,nan,nan,nan,nan
2221,55.525,7.394021886e-07,5.909486841e-07,nan,nan,nan,nan
2222,55.55,7.394021894e-07,5.909486847e-07,nan,nan,nan,nan
2223,55.575,7.394021912e-07,5.909486876e-07,nan,nan,nan,nan
2224,55.6,7.394021910e-07,5.909486886e-07,nan,nan,nan,nan
2225,55.625,7.394021904e-07,5.909486880e-07,nan,nan,nan,nan
2226,55.65,7.394021870e-07,5.909486865e-07,nan,nan,nan,nan
2227,55.675,7.394021872e-07,5.909486861e-07,nan,nan,nan,nan
2228,55.7,7.394021900e-07,5.909486872e-07,nan,nan,nan,nan
2229,55.725,7.394021922e-07,5.909486875e-07,nan,nan,nan,nan
2230,55.75,7.394021938e-07,5.909486868e-07,nan,nan,nan,nan
2231,55.775,7.394021916e-07,5.909486855e-07,nan,nan,nan,nan
2232,55.8,7.394021872e-07,5.909486865e-07,nan,nan,nan,nan
2233,55.825,7.394021836e-07,5.909486892e-07,nan,nan,nan,nan
2234,55.85,7.394021859e-07,5.909486903e-07,nan,nan,nan,nan
2235,55.875,7.394021906e-07,5.909486887e-07,nan,nan,nan,nan
2236,55.9,7.394021944e-07,5.909486850e-07,nan,nan,nan,nan
2237,55.925,7.394021927e-07,5.909486835e-07,nan,nan,nan,nan
2238,55.95,7.394021868e-07,5.909486857e-07,nan,nan,nan,nan
2239,55.975,7.394021832e-07,5.909486901e-07,nan,nan,nan,nan
2240,56,7.394021848e-07,5.909486922e-07,nan,nan,nan,nan
2241,56.025,7.394021905e-07,5.909486883e-07,nan,nan,nan,nan
2242,56.05,7.394021942e-07,5.909486832e-07,nan,nan,nan,nan
2243,56.075,7.394021935e-07,5.909486817e-07,nan,nan,nan,nan
2244,56.1,7.394021895e-07,5.909486853e-07,nan,nan,nan,nan
2245,56.125,7.394021871e-07,5.909486904e-07,nan,nan,nan,nan
2246,56.15,7.394021879e-07,5.909486920e-07,nan,nan,nan,nan
2247,56.175,7.394021899e-07,5.909486879e-07,nan,nan,nan,nan
2248,56.2,7.394021898e-07,5.909486843e-07,nan,nan,nan,nan
2249,56.225,7.394021874e-07,5.909486840e-07,nan,nan,nan,nan
2250,56.25,7.394021874e-07,5.909486874e-07,nan,nan,nan,nan
2251,56.275,7.394021907e-07,5.909486890e-07,nan,nan,nan,nan
2252,56.3,7.394021942e-07,5.909486871e-07,nan,nan,nan,nan
2253,56.325,7.394021915e-07,5.909486835e-07,nan,nan,nan,nan
2254,56.35,7.394021847e-07,5.909486841e-07,nan,nan,nan,nan
2255,56.375,7.394021811e-07,5.909486874e-07,nan,nan,nan,nan
2256,56.4,7.394021847e-07,5.909486905e-07,nan,nan,nan,nan
2257,56.425,7.394021939e-07,5.909486895e-07,nan,nan,nan,nan
2258,56.45,7.394021996e-07,5.909486846e-07,nan,nan,nan,nan
2259,56.475,7.394021956e-07,5.909486820e-07,nan,nan,nan,nan
2260,56.5,7.394021851e-07,5.909486849e-07,nan,nan,nan,nan
2261,56.525,7.394021796e-07,5.909486899e-07,nan,nan,nan,nan
2262,56.55,7.394021835e-07,5.909486920e-07,nan,nan,nan,nan
2263,56.575,7.394021921e-07,5.909486883e-07,nan,nan,nan,nan
2264,56.6,7.394021959e-07,5.909486831e-07,nan,nan,nan,nan
2265,56.625,7.394021926e-07,5.909486816e-07,nan,nan,nan,nan
2266,56.65,7.394021870e-07,5.909486860e-07,nan,nan,nan,nan
2267,56.675,7.394021861e-07,5.909486912e-07,nan,nan,nan,nan
2268,56.7,7.394021887e-07,5.909486914e-07,nan,nan,nan,nan
2269,56.725,7.394021905e-07,5.909486865e-07,nan,nan,nan,nan
2270,56.75,7.394021889e-07,5.909486827e-07,nan,nan,nan,nan
2271,56.775,7.394021865e-07,5.909486837e-07,nan,nan,nan,nan
2272,56.8,7.394021885e-07,5.909486881e-07,nan,nan,nan,nan
2273,56.825,7.394021936e-07,5.909486902e-07,nan,nan,nan,nan
2274,56.85,7.394021963e-07,5.909486888e-07,nan,nan,nan,nan
2275,56.875,7.394021908e-07,5.909486856e-07,nan,nan,nan,nan
2276,56.9,7.394021832e-07,5.909486851e-07,nan,nan,nan,nan
2277,56.925,7.394021804e-07,5.909486876e-07,nan,nan,nan,nan
2278,56.95,7.394021884e-07,5.909486897e-07,nan,nan,nan,nan
2279,56.975,7.394021976e-07,5.909486872e-07,nan,nan,nan,nan
2280,57,7.394021988e-07,5.909486836e-07,nan,nan,nan,nan
2281,57.025,7.394021913e-07,5.909486829e-07,nan,nan,nan,nan
2282,57.05,7.394021812e-07,5.909486866e-07,nan,nan,nan,nan
2283,57.075,7.394021802e-07,5.909486917e-07,nan,nan,nan,nan
2284,57.1,7.394021881e-07,5.909486911e-07,nan,nan,nan,nan
2285,57.125,7.394021956e-07,5.909486864e-07,nan,nan,nan,nan
2286,57.15,7.394021959e-07,5.909486817e-07,nan,nan,nan,nan
2287,57.175,7.394021904e-07,5.909486833e-07,nan,nan,nan,nan
2288,57.2,7.394021855e-07,5.909486886e-07,nan,nan,nan,nan
2289,57.225,7.394021869e-07,5.909486922e-07,nan,nan,nan,nan
2290,57.25,7.394021916e-07,5.909486909e-07,nan,nan,nan,nan
2291,57.275,7.394021911e-07,5.909486861e-07,nan,nan,nan,nan
2292,57.3,7.394021882e-07,5.909486823e-07,nan,nan,nan,nan
2293,57.325,7.394021868e-07,5.909486843e-07,nan,nan,nan,nan
2294,57.35,7.394021905e-07,5.909486877e-07,nan,nan,nan,nan
2295,57.375,7.394021944e-07,5.909486901e-07,nan,nan,nan,nan
2296,57.4,7.394021937e-07,5.909486876e-07,nan,nan,nan,nan
2297,57.425,7.394021869e-07,5.909486854e-07,nan,nan,nan,nan
2298,57.45,7.394021819e-07,5.909486853e-07,nan,nan,nan,nan
2299,57.475,7.394021837e-07,5.909486869e-07,nan,nan,nan,nan
2300,57.5,7.394021919e-07,5.909486883e-07,nan,nan,nan,nan
2301,57.525,7.394021980e-07,5.909486872e-07,nan,nan,nan,nan
2302,57.55,7.394021948e-07,5.909486852e-07,nan,nan,nan,nan
2303,57.575,7.394021867e-07,5.909486849e-07,nan,nan,nan,nan
2304,57.6,7.394021819e-07,5.909486872e-07,nan,nan,nan,nan
2305,57.625,7.394021849e-07,5.909486901e-07,nan,nan,nan,nan
2306,57.65,7.394021924e-07,5.909486892e-07,nan,nan,nan,nan
2307,57.675,7.394021966e-07,5.909486859e-07,nan,nan,nan,nan
2308,57.7,7.394021948e-07,5.909486832e-07,nan,nan,nan,nan
2309,57.725,7.394021901e-07,5.909486845e-07,nan,nan,nan,nan
2310,57.75,7.394021873e-07,5.909486875e-07,nan,nan,nan,nan
2311,57.775,7.394021879e-07,5.909486902e-07,nan,nan,nan,nan
2312,57.8,7.394021893e-07,5.909486898e-07,nan,nan,nan,nan
2313,57.825,7.394021895e-07,5.909486872e-07,nan,nan,nan,nan
2314,57.85,7.394021885e-07,5.909486857e-07,nan,nan,nan,nan
2315,57.875,7.394021905e-07,5.909486856e-07,nan,nan,nan,nan
2316,57.9,7.394021924e-07,5.909486876e-07,nan,nan,nan,nan
2317,57.925,7.394021923e-07,5.909486893e-07,nan,nan,nan,nan
2318,57.95,7.394021886e-07,5.909486889e-07,nan,nan,nan,nan
2319,57.975,7.394021853e-07,5.909486869e-07,nan,nan,nan,nan
2320,58,7.394021850e-07,5.909486846e-07,nan,nan,nan,nan
2321,58.025,7.394021902e-07,5.909486859e-07,nan,nan,nan,nan
2322,58.05,7.394021946e-07,5.909486869e-07,nan,nan,nan,nan
2323,58.075,7.394021950e-07,5.909486884e-07,nan,nan,nan,nan
2324,58.1,7.394021908e-07,5.909486886e-07,nan,nan,nan,nan
2325,58.125,7.394021859e-07,5.909486875e-07,nan,nan,nan,nan
2326,58.15,7.394021850e-07,5.909486866e-07,nan,nan,nan,nan
2327,58.175,7.394021880e-07,5.909486871e-07,nan,nan,nan,nan
2328,58.2,7.394021919e-07,5.909486868e-07,nan,nan,nan,nan
2329,58.225,7.394021940e-07,5.909486879e-07,nan,nan,nan,nan
2330,58.25,7.394021927e-07,5.909486873e-07,nan,nan,nan,nan
2331,58.275,7.394021894e-07,5.909486872e-07,nan,nan,nan,nan
2332,58.3,7.394021864e-07,5.909486875e-07,nan,nan,nan,nan
2333,58.325,7.394021843e-07,5.909486877e-07,nan,nan,nan,nan
2334,58.35,7.394021854e-07,5.909486874e-07,nan,nan,nan,nan
2335,58.375,7.394021906e-07,5.909486864e-07,nan,nan,nan,nan
2336,58.4,7.394021944e-07,5.909486850e-07,nan,nan,nan,nan
2337,58.425,7.394021947e-07,5.909486853e-07,nan,nan,nan,nan
2338,58.45,7.394021902e-07,5.909486880e-07,nan,nan,nan,nan
2339,58.475,7.394021844e-07,5.909486901e-07,nan,nan,nan,nan
2340,58.5,7.394021827e-07,5.909486900e-07,nan,nan,nan,nan
2341,58.525,7.394021868e-07,5.909486870e-07,nan,nan,nan,nan
2342,58.55,7.394021914e-07,5.909486841e-07,nan,nan,nan,nan
2343,58.575,7.394021944e-07,5.909486833e-07,nan,nan,nan,nan
2344,58.6,7.394021935e-07,5.909486869e-07,nan,nan,nan,nan
2345,58.625,7.394021901e-07,5.909486906e-07,nan,nan,nan,nan
2346,58.65,7.394021881e-07,5.909486909e-07,nan,nan,nan,nan
2347,58.675,7.394021864e-07,5.909486876e-07,nan,nan,nan,nan
2348,58.7,7.394021863e-07,5.909486847e-07,nan,nan,nan,nan
2349,58.725,7.394021868e-07,5.909486851e-07,nan,nan,nan,nan
2350,58.75,7.394021896e-07,5.909486876e-07,nan,nan,nan,nan
2351,58.775,7.394021947e-07,5.909486896e-07,nan,nan,nan,nan
2352,58.8,7.394021964e-07,5.909486891e-07,nan,nan,nan,nan
2353,58.825,7.394021928e-07,5.909486869e-07,nan,nan,nan,nan
2354,58.85,7.394021848e-07,5.909486867e-07,nan,nan,nan,nan
2355,58.875,7.394021808e-07,5.909486878e-07,nan,nan,nan,nan
2356,58.9,7.394021850e-07,5.909486893e-07,nan,nan,nan,nan
2357,58.925,7.394021944e-07,5.909486880e-07,nan,nan,nan,nan
2358,58.95,7.394021999e-07,5.909486851e-07,nan,nan,nan,nan
2359,58.975,7.394021948e-07,5.909486847e-07,nan,nan,nan,nan
2360,59,7.394021844e-07,5.909486881e-07,nan,nan,nan,nan
2361,59.025,7.394021792e-07,5.909486908e-07,nan,nan,nan,nan
2362,59.05,7.394021834e-07,5.909486908e-07,nan,nan,nan,nan
2363,59.075,7.394021909e-07,5.909486862e-07,nan,nan,nan,nan
2364,59.1,7.394021952e-07,5.909486821e-07,nan,nan,nan,nan
2365,59.125,7.394021919e-07,5.909486833e-07,nan,nan,nan,nan
2366,59.15,7.394021883e-07,5.909486885e-07,nan,nan,nan,nan
2367,59.175,7.394021879e-07,5.909486926e-07,nan,nan,nan,nan
2368,59.2,7.394021904e-07,5.909486913e-07,nan,nan,nan,nan
2369,59.225,7.394021893e-07,5.909486864e-07,nan,nan,nan,nan
2370,59.25,7.394021858e-07,5.909486825e-07,nan,nan,nan,nan
2371,59.275,7.394021842e-07,5.909486836e-07,nan,nan,nan,nan
2372,59.3,7.394021897e-07,5.909486877e-07,nan,nan,nan,nan
2373,59.325,7.394021983e-07,5.909486901e-07,nan,nan,nan,nan
2374,59.35,7.394022007e-07,5.909486894e-07,nan,nan,nan,nan
2375,59.375,7.394021911e-07,5.909486867e-07,nan,nan,nan,nan
2376,59.4,7.394021794e-07,5.909486860e-07,nan,nan,nan,nan
2377,59.425,7.394021771e-07,5.909486873e-07,nan,nan,nan,nan
2378,59.45,7.394021873e-07,5.909486877e-07,nan,nan,nan,nan
2379,59.475,7.394021996e-07,5.909486863e-07,nan,nan,nan,nan
2380,59.5,7.394022010e-07,5.909486845e-07,nan,nan,nan,nan
2381,59.525,7.394021897e-07,5.909486857e-07,nan,nan,nan,nan
2382,59.55,7.394021782e-07,5.909486894e-07,nan,nan,nan,nan
2383,59.575,7.394021793e-07,5.909486926e-07,nan,nan,nan,nan
2384,59.6,7.394021889e-07,5.909486896e-07,nan,nan,nan,nan
2385,59.625,7.394021976e-07,5.909486844e-07,nan,nan,nan,nan
2386,59.65,7.394021964e-07,5.909486814e-07,nan,nan,nan,nan
2387,59.675,7.394021892e-07,5.909486839e-07,nan,nan,nan,nan
2388,59.7,7.394021862e-07,5.909486887e-07,nan,nan,nan,nan
2389,59.725,7.394021898e-07,5.909486919e-07,nan,nan,nan,nan
2390,59.75,7.394021926e-07,5.909486902e-07,nan,nan,nan,nan
2391,59.775,7.394021894e-07,5.909486860e-07,nan,nan,nan,nan
2392,59.8,7.394021839e-07,5.909486837e-07,nan,nan,nan,nan
2393,59.825,7.394021847e-07,5.909486856e-07,nan,nan,nan,nan
2394,59.85,7.394021932e-07,5.909486893e-07,nan,nan,nan,nan
2395,59.875,7.394022007e-07,5.909486908e-07,nan,nan,nan,nan
2396,59.9,7.394021972e-07,5.909486885e-07,nan,nan,nan,nan
2397,59.925,7.394021842e-07,5.909486862e-07,nan,nan,nan,nan
2398,59.95,7.394021758e-07,5.909486857e-07,nan,nan,nan,nan
2399,59.975,7.394021811e-07,5.909486870e-07,nan,nan,nan,nan
2400,60,7.394021956e-07,5.909486877e-07,nan,nan,nan,nan
2401,60.025,7.394022041e-07,5.909486867e-07,nan,nan,nan,nan
2402,60.05,7.394021978e-07,5.909486860e-07,nan,nan,nan,nan
2403,60.075,7.394021836e-07,5.909486863e-07,nan,nan,nan,nan
2404,60.1,7.394021773e-07,5.909486880e-07,nan,nan,nan,nan
2405,60.125,7.394021849e-07,5.909486892e-07,nan,nan,nan,nan
2406,60.15,7.394021950e-07,5.909486874e-07,nan,nan,nan,nan
2407,60.175,7.394021991e-07,5.909486852e-07,nan,nan,nan,nan
2408,60.2,7.394021929e-07,5.909486845e-07,nan,nan,nan,nan
2409,60.225,7.394021860e-07,5.909486861e-07,nan,nan,nan,nan
2410,60.25,7.394021864e-07,5.909486889e-07,nan,nan,nan,nan
2411,60.275,7.394021910e-07,5.909486898e-07,nan,nan,nan,nan
2412,60.3,7.394021925e-07,5.909486882e-07,nan,nan,nan,nan
2413,60.325,7.394021877e-07,5.909486853e-07,nan,nan,nan,nan
2414,60.35,7.394021840e-07,5.909486845e-07,nan,nan,nan,nan
2415,60.375,7.394021880e-07,5.909486866e-07,nan,nan,nan,nan
2416,60.4,7.394021968e-07,5.909486886e-07,nan,nan,nan,nan
2417,60.425,7.394021985e-07,5.909486900e-07,nan,nan,nan,nan
2418,60.45,7.394021907e-07,5.909486887e-07,nan,nan,nan,nan
2419,60.475,7.394021801e-07,5.909486866e-07,nan,nan,nan,nan
2420,60.5,7.394021798e-07,5.909486856e-07,nan,nan,nan,nan
2421,60.525,7.394021902e-07,5.909486852e-07,nan,nan,nan,nan
2422,60.55,7.394022004e-07,5.909486878e-07,nan,nan,nan,nan
2423,60.575,7.394022003e-07,5.909486879e-07,nan,nan,nan,nan
2424,60.6,7.394021896e-07,5.909486880e-07,nan,nan,nan,nan
2425,60.625,7.394021790e-07,5.909486872e-07,nan,nan,nan,nan
2426,60.65,7.394021796e-07,5.909486860e-07,nan,nan,nan,nan
2427,60.675,7.394021890e-07,5.909486857e-07,nan,nan,nan,nan
2428,60.7,7.394021961e-07,5.909486860e-07,nan,nan,nan,nan
2429,60.725,7.394021952e-07,5.909486864e-07,nan,nan,nan,nan
2430,60.75,7.394021906e-07,5.909486862e-07,nan,nan,nan,nan
2431,60.775,7.394021862e-07,5.909486875e-07,nan,nan,nan,nan
2432,60.8,7.394021887e-07,5.909486890e-07,nan,nan,nan,nan
2433,60.825,7.394021898e-07,5.909486902e-07,nan,nan,nan,nan
2434,60.85,7.394021886e-07,5.909486888e-07,nan,nan,nan,nan
2435,60.875,7.394021868e-07,5.909486860e-07,nan,nan,nan,nan
2436,60.9,7.394021882e-07,5.909486845e-07,nan,nan,nan,nan
2437,60.925,7.394021937e-07,5.909486856e-07,nan,nan,nan,nan
2438,60.95,7.394021967e-07,5.909486899e-07,nan,nan,nan,nan
2439,60.975,7.394021919e-07,5.909486920e-07,nan,nan,nan,nan
2440,61,7.394021832e-07,5.909486907e-07,nan,nan,nan,nan
2441,61.025,7.394021808e-07,5.909486858e-07,nan,nan,nan,nan
2442,61.05,7.394021865e-07,5.909486822e-07,nan,nan,nan,nan
2443,61.075,7.394021960e-07,5.909486834e-07,nan,nan,nan,nan
2444,61.1,7.394021995e-07,5.909486872e-07,nan,nan,nan,nan
2445,61.125,7.394021936e-07,5.909486914e-07,nan,nan,nan,nan
2446,61.15,7.394021846e-07,5.909486912e-07,nan,nan,nan,nan
2447,61.175,7.394021806e-07,5.909486879e-07,nan,nan,nan,nan
2448,61.2,7.394021840e-07,5.909486847e-07,nan,nan,nan,nan
2449,61.225,7.394021912e-07,5.909486854e-07,nan,nan,nan,nan
2450,61.25,7.394021953e-07,5.909486879e-07,nan,nan,nan,nan
2451,61.275,7.394021948e-07,5.909486884e-07,nan,nan,nan,nan
2452,61.3,7.394021913e-07,5.909486873e-07,nan,nan,nan,nan
2453,61.325,7.394021875e-07,5.909486868e-07,nan,nan,nan,nan
2454,61.35,7.394021850e-07,5.909486890e-07,nan,nan,nan,nan
2455,61.375,7.394021842e-07,5.909486904e-07,nan,nan,nan,nan
2456,61.4,7.394021875e-07,5.909486896e-07,nan,nan,nan,nan
2457,61.425,7.394021929e-07,5.909486849e-07,nan,nan,nan,nan
2458,61.45,7.394021968e-07,5.909486827e-07,nan,nan,nan,nan
2459,61.475,7.394021963e-07,5.909486848e-07,nan,nan,nan,nan
2460,61.5,7.394021900e-07,5.909486904e-07,nan,nan,nan,nan
2461,61.525,7.394021832e-07,5.909486938e-07,nan,nan,nan,nan
2462,61.55,7.394021821e-07,5.909486914e-07,nan,nan,nan,nan
2463,61.575,7.394021884e-07,5.909486835e-07,nan,nan,nan,nan
2464,61.6,7.394021948e-07,5.909486798e-07,nan,nan,nan,nan
2465,61.625,7.394021968e-07,5.909486835e-07,nan,nan,nan,nan
2466,61.65,7.394021933e-07,5.909486903e-07,nan,nan,nan,nan
2467,61.675,7.394021881e-07,5.909486929e-07,nan,nan,nan,nan
2468,61.7,7.394021849e-07,5.909486892e-07,nan,nan,nan,nan
2469,61.725,7.394021849e-07,5.909486843e-07,nan,nan,nan,nan
2470,61.75,7.394021859e-07,5.909486831e-07,nan,nan,nan,nan
2471,61.775,7.394021890e-07,5.909486868e-07,nan,nan,nan,nan
2472,61.8,7.394021937e-07,5.909486898e-07,nan,nan,nan,nan
2473,61.825,7.394021971e-07,5.909486890e-07,nan,nan,nan,nan
2474,61.85,7.394021941e-07,5.909486859e-07,nan,nan,nan,nan
2475,61.875,7.394021861e-07,5.909486856e-07,nan,nan,nan,nan
2476,61.9,7.394021786e-07,5.909486881e-07,nan,nan,nan,nan
2477,61.925,7.394021801e-07,5.909486908e-07,nan,nan,nan,nan
2478,61.95,7.394021902e-07,5.909486885e-07,nan,nan,nan,nan
2479,61.975,7.394022007e-07,5.909486833e-07,nan,nan,nan,nan
2480,62,7.394022016e-07,5.909486811e-07,nan,nan,nan,nan
2481,62.025,7.394021911e-07,5.909486846e-07,nan,nan,nan,nan
2482,62.05,7.394021814e-07,5.909486916e-07,nan,nan,nan,nan
2483,62.075,7.394021808e-07,5.909486934e-07,nan,nan,nan,nan
2484,62.1,7.394021885e-07,5.909486890e-07,nan,nan,nan,nan
2485,62.125,7.394021950e-07,5.909486831e-07,nan,nan,nan,nan
2486,62.15,7.394021948e-07,5.909486820e-07,nan,nan,nan,nan
2487,62.175,7.394021898e-07,5.909486865e-07,nan,nan,nan,nan
2488,62.2,7.394021867e-07,5.909486922e-07,nan,nan,nan,nan
2489,62.225,7.394021884e-07,5.909486922e-07,nan,nan,nan,nan
2490,62.25,7.394021890e-07,5.909486872e-07,nan,nan,nan,nan
2491,62.275,7.394021860e-07,5.909486834e-07,nan,nan,nan,nan
2492,62.3,7.394021835e-07,5.909486850e-07,nan,nan,nan,nan
2493,62.325,7.394021873e-07,5.909486882e-07,nan,nan,nan,nan
2494,62.35,7.394021962e-07,5.909486896e-07,nan,nan,nan,nan
2495,62.375,7.394022015e-07,5.909486868e-07,nan,nan,nan,nan
2496,62.4,7.394021947e-07,5.909486850e-07,nan,nan,nan,nan
2497,62.425,7.394021797e-07,5.909486869e-07,nan,nan,nan,nan
2498,62.45,7.394021732e-07,5.909486900e-07,nan,nan,nan,nan
2499,62.475,7.394021818e-07,5.909486908e-07,nan,nan,nan,nan
2500,62.5,7.394021993e-07,5.909486871e-07,nan,nan,nan,nan
2501,62.525,7.394022072e-07,5.909486828e-07,nan,nan,nan,nan
2502,62.55,7.394021982e-07,5.909486834e-07,nan,nan,nan,nan
2503,62.575,7.394021827e-07,5.909486885e-07,nan,nan,nan,nan
2504,62.6,7.394021756e-07,5.909486923e-07,nan,nan,nan,nan
2505,62.625,7.394021837e-07,5.909486906e-07,nan,nan,nan,nan
2506,62.65,7.394021940e-07,5.909486847e-07,nan,nan,nan,nan
2507,62.675,7.394021975e-07,5.909486816e-07,nan,nan,nan,nan
2508,62.7,7.394021910e-07,5.909486847e-07,nan,nan,nan,nan
2509,62.725,7.394021875e-07,5.909486904e-07,nan,nan,nan,nan
2510,62.75,7.394021888e-07,5.909486927e-07,nan,nan,nan,nan
2511,62.775,7.394021927e-07,5.909486898e-07,nan,nan,nan,nan
2512,62.8,7.394021903e-07,5.909486847e-07,nan,nan,nan,nan
2513,62.825,7.394021829e-07,5.909486838e-07,nan,nan,nan,nan
2514,62.85,7.394021802e-07,5.909486859e-07,nan,nan,nan,nan
2515,62.875,7.394021893e-07,5.909486885e-07,nan,nan,nan,nan
2516,62.9,7.394022021e-07,5.909486885e-07,nan,nan,nan,nan
2517,62.925,7.394022025e-07,5.909486859e-07,nan,nan,nan,nan
2518,62.95,7.394021890e-07,5.909486854e-07,nan,nan,nan,nan
2519,62.975,7.394021743e-07,5.909486872e-07,nan,nan,nan,nan
2520,63,7.394021751e-07,5.909486885e-07,nan,nan,nan,nan
2521,63.025,7.394021910e-07,5.909486880e-07,nan,nan,nan,nan
2522,63.05,7.394022057e-07,5.909486857e-07,nan,nan,nan,nan
2523,63.075,7.394022045e-07,5.909486849e-07,nan,nan,nan,nan
2524,63.1,7.394021889e-07,5.909486871e-07,nan,nan,nan,nan
2525,63.125,7.394021768e-07,5.909486900e-07,nan,nan,nan,nan
2526,63.15,7.394021778e-07,5.909486893e-07,nan,nan,nan,nan
2527,63.175,7.394021900e-07,5.909486867e-07,nan,nan,nan,nan
2528,63.2,7.394021972e-07,5.909486841e-07,nan,nan,nan,nan
2529,63.225,7.394021945e-07,5.909486854e-07,nan,nan,nan,nan
2530,63.25,7.394021879e-07,5.909486883e-07,nan,nan,nan,nan
2531,63.275,7.394021870e-07,5.909486904e-07,nan,nan,nan,nan
2532,63.3,7.394021922e-07,5.909486892e-07,nan,nan,nan,nan
2533,63.325,7.394021934e-07,5.909486866e-07,nan,nan,nan,nan
2534,63.35,7.394021884e-07,5.909486844e-07,nan,nan,nan,nan
2535,63.375,7.394021819e-07,5.909486852e-07,nan,nan,nan,nan
2536,63.4,7.394021854e-07,5.909486861e-07,nan,nan,nan,nan
2537,63.425,7.394021954e-07,5.909486874e-07,nan,nan,nan,nan
2538,63.45,7.394022022e-07,5.909486880e-07,nan,nan,nan,nan
2539,63.475,7.394021959e-07,5.909486883e-07,nan,nan,nan,nan
2540,63.5,7.394021829e-07,5.909486872e-07,nan,nan,nan,nan
2541,63.525,7.394021761e-07,5.909486865e-07,nan,nan,nan,nan
2542,63.55,7.394021842e-07,5.909486845e-07,nan,nan,nan,nan
2543,63.575,7.394021977e-07,5.909486845e-07,nan,nan,nan,nan
2544,63.6,7.394022035e-07,5.909486861e-07,nan,nan,nan,nan
2545,63.625,7.394021952e-07,5.909486892e-07,nan,nan,nan,nan
2546,63.65,7.394021838e-07,5.909486900e-07,nan,nan,nan,nan
2547,63.675,7.394021803e-07,5.909486887e-07,nan,nan,nan,nan
2548,63.7,7.394021872e-07,5.909486861e-07,nan,nan,nan,nan
2549,63.725,7.394021936e-07,5.909486855e-07,nan,nan,nan,nan
2550,63.75,7.394021946e-07,5.909486869e-07,nan,nan,nan,nan
2551,63.775,7.394021907e-07,5.909486883e-07,nan,nan,nan,nan
2552,63.8,7.394021888e-07,5.909486881e-07,nan,nan,nan,nan
2553,63.825,7.394021904e-07,5.909486878e-07,nan,nan,nan,nan
2554,63.85,7.394021907e-07,5.909486874e-07,nan,nan,nan,nan
2555,63.875,7.394021878e-07,5.909486870e-07,nan,nan,nan,nan
2556,63.9,7.394021848e-07,5.909486864e-07,nan,nan,nan,nan
2557,63.925,7.394021863e-07,5.909486844e-07,nan,nan,nan,nan
2558,63.95,7.394021937e-07,5.909486838e-07,nan,nan,nan,nan
2559,63.975,7.394021983e-07,5.909486862e-07,nan,nan,nan,nan
2560,64,7.394021955e-07,5.909486901e-07,nan,nan,nan,nan
2561,64.025,7.394021856e-07,5.909486914e-07,nan,nan,nan,nan
2562,64.05,7.394021804e-07,5.909486889e-07,nan,nan,nan,nan
2563,64.075,7.394021839e-07,5.909486841e-07,nan,nan,nan,nan
2564,64.1,7.394021923e-07,5.909486824e-07,nan,nan,nan,nan
2565,64.125,7.394021979e-07,5.909486857e-07,nan,nan,nan,nan
2566,64.15,7.394021949e-07,5.909486914e-07,nan,nan,nan,nan
2567,64.175,7.394021883e-07,5.909486930e-07,nan,nan,nan,nan
2568,64.2,7.394021838e-07,5.909486898e-07,nan,nan,nan,nan
2569,64.225,7.394021846e-07,5.909486845e-07,nan,nan,nan,nan
2570,64.25,7.394021885e-07,5.909486830e-07,nan,nan,nan,nan
2571,64.275,7.394021913e-07,5.909486854e-07,nan,nan,nan,nan
2572,64.3,7.394021929e-07,5.909486891e-07,nan,nan,nan,nan
2573,64.325,7.394021944e-07,5.909486894e-07,nan,nan,nan,nan
2574,64.35,7.394021927e-07,5.909486882e-07,nan,nan,nan,nan
2575,64.375,7.394021895e-07,5.909486876e-07,nan,nan,nan,nan
2576,64.4,7.394021844e-07,5.909486895e-07,nan,nan,nan,nan
2577,64.425,7.394021837e-07,5.909486895e-07,nan,nan,nan,nan
2578,64.45,7.394021892e-07,5.909486860e-07,nan,nan,nan,nan
2579,64.475,7.394021956e-07,5.909486828e-07,nan,nan,nan,nan
2580,64.5,7.394021969e-07,5.909486834e-07,nan,nan,nan,nan
2581,64.525,7.394021909e-07,5.909486897e-07,nan,nan,nan,nan
2582,64.55,7.394021841e-07,5.909486947e-07,nan,nan,nan,nan
2583,64.575,7.394021828e-07,5.909486930e-07,nan,nan,nan,nan
2584,64.6,7.394021874e-07,5.909486857e-07,nan,nan,nan,nan
2585,64.625,7.394021933e-07,5.909486794e-07,nan,nan,nan,nan
2586,64.65,7.394021942e-07,5.909486812e-07,nan,nan,nan,nan
2587,64.675,7.394021901e-07,5.909486898e-07,nan,nan,nan,nan
2588,64.7,7.394021875e-07,5.909486956e-07,nan,nan,nan,nan
2589,64.725,7.394021869e-07,5.909486932e-07,nan,nan,nan,nan
2590,64.75,7.394021870e-07,5.909486856e-07,nan,nan,nan,nan
2591,64.775,7.394021862e-07,5.909486807e-07,nan,nan,nan,nan
2592,64.8,7.394021873e-07,5.909486828e-07,nan,nan,nan,nan
2593,64.825,7.394021919e-07,5.909486886e-07,nan,nan,nan,nan
2594,64.85,7.394021982e-07,5.909486901e-07,nan,nan,nan,nan
2595,64.875,7.394021996e-07,5.909486882e-07,nan,nan,nan,nan
2596,64.9,7.394021911e-07,5.909486864e-07,nan,nan,nan,nan
2597,64.925,7.394021795e-07,5.909486879e-07,nan,nan,nan,nan
2598,64.95,7.394021769e-07,5.909486909e-07,nan,nan,nan,nan
2599,64.975,7.394021868e-07,5.909486902e-07,nan,nan,nan,nan
2600,65,7.394022005e-07,5.909486851e-07,nan,nan,nan,nan
2601,65.025,7.394022030e-07,5.909486813e-07,nan,nan,nan,nan
2602,65.05,7.394021932e-07,5.909486846e-07,nan,nan,nan,nan
2603,65.075,7.394021818e-07,5.909486918e-07,nan,nan,nan,nan
2604,65.1,7.394021798e-07,5.909486958e-07,nan,nan,nan,nan
2605,65.125,7.394021875e-07,5.909486913e-07,nan,nan,nan,nan
2606,65.15,7.394021952e-07,5.909486824e-07,nan,nan,nan,nan
2607,65.175,7.394021945e-07,5.909486789e-07,nan,nan,nan,nan
2608,65.2,7.394021890e-07,5.909486832e-07,nan,nan,nan,nan
2609,65.225,7.394021880e-07,5.909486923e-07,nan,nan,nan,nan
2610,65.25,7.394021908e-07,5.909486953e-07,nan,nan,nan,nan
2611,65.275,7.394021927e-07,5.909486905e-07,nan,nan,nan,nan
2612,65.3,7.394021886e-07,5.909486846e-07,nan,nan,nan,nan
2613,65.325,7.394021821e-07,5.909486818e-07,nan,nan,nan,nan
2614,65.35,7.394021840e-07,5.909486849e-07,nan,nan,nan,nan
2615,65.375,7.394021940e-07,5.909486888e-07,nan,nan,nan,nan
2616,65.4,7.394022031e-07,5.909486882e-07,nan,nan,nan,nan
2617,65.425,7.394021982e-07,5.909486864e-07,nan,nan,nan,nan
2618,65.45,7.394021828e-07,5.909486867e-07,nan,nan,nan,nan
2619,65.475,7.394021728e-07,5.909486887e-07,nan,nan,nan,nan
2620,65.5,7.394021789e-07,5.909486905e-07,nan,nan,nan,nan
2621,65.525,7.394021962e-07,5.909486882e-07,nan,nan,nan,nan
2622,65.55,7.394022068e-07,5.909486840e-07,nan,nan,nan,nan
2623,65.575,7.394022009e-07,5.909486836e-07,nan,nan,nan,nan
2624,65.6,7.394021868e-07,5.909486882e-07,nan,nan,nan,nan
2625,65.625,7.394021775e-07,5.909486933e-07,nan,nan,nan,nan
2626,65.65,7.394021835e-07,5.909486919e-07,nan,nan,nan,nan
2627,65.675,7.394021935e-07,5.909486859e-07,nan,nan,nan,nan
2628,65.7,7.394021970e-07,5.909486802e-07,nan,nan,nan,nan
2629,65.725,7.394021913e-07,5.909486809e-07,nan,nan,nan,nan
2630,65.75,7.394021869e-07,5.909486873e-07,nan,nan,nan,nan
2631,65.775,7.394021893e-07,5.909486934e-07,nan,nan,nan,nan
2632,65.8,7.394021941e-07,5.909486930e-07,nan,nan,nan,nan
2633,65.825,7.394021920e-07,5.909486884e-07,nan,nan,nan,nan
2634,65.85,7.394021834e-07,5.909486845e-07,nan,nan,nan,nan
2635,65.875,7.394021801e-07,5.909486839e-07,nan,nan,nan,nan
2636,65.9,7.394021879e-07,5.909486865e-07,nan,nan,nan,nan
2637,65.925,7.394022009e-07,5.909486889e-07,nan,nan,nan,nan
2638,65.95,7.394022037e-07,5.909486897e-07,nan,nan,nan,nan
2639,65.975,7.394021923e-07,5.909486889e-07,nan,nan,nan,nan
2640,66,7.394021776e-07,5.909486888e-07,nan,nan,nan,nan
2641,66.025,7.394021756e-07,5.909486890e-07,nan,nan,nan,nan
2642,66.05,7.394021886e-07,5.909486865e-07,nan,nan,nan,nan
2643,66.075,7.394022026e-07,5.909486842e-07,nan,nan,nan,nan
2644,66.1,7.394022028e-07,5.909486833e-07,nan,nan,nan,nan
2645,66.125,7.394021909e-07,5.909486857e-07,nan,nan,nan,nan
2646,66.15,7.394021800e-07,5.909486900e-07,nan,nan,nan,nan
2647,66.175,7.394021799e-07,5.909486919e-07,nan,nan,nan,nan
2648,66.2,7.394021890e-07,5.909486898e-07,nan,nan,nan,nan
2649,66.225,7.394021949e-07,5.909486856e-07,nan,nan,nan,nan
2650,66.25,7.394021937e-07,5.909486837e-07,nan,nan,nan,nan
2651,66.275,7.394021901e-07,5.909486853e-07,nan,nan,nan,nan
2652,66.3,7.394021896e-07,5.909486882e-07,nan,nan,nan,nan
2653,66.325,7.394021926e-07,5.909486900e-07,nan,nan,nan,nan
2654,66.35,7.394021925e-07,5.909486892e-07,nan,nan,nan,nan
2655,66.375,7.394021874e-07,5.909486871e-07,nan,nan,nan,nan
2656,66.4,7.394021824e-07,5.909486848e-07,nan,nan,nan,nan
2657,66.425,7.394021861e-07,5.909486845e-07,nan,nan,nan,nan
2658,66.45,7.394021960e-07,5.909486867e-07,nan,nan,nan,nan
2659,66.475,7.394022021e-07,5.909486887e-07,nan,nan,nan,nan
2660,66.5,7.394021951e-07,5.909486899e-07,nan,nan,nan,nan
2661,66.525,7.394021826e-07,5.909486889e-07,nan,nan,nan,nan
2662,66.55,7.394021766e-07,5.909486871e-07,nan,nan,nan,nan
2663,66.575,7.394021828e-07,5.909486845e-07,nan,nan,nan,nan
2664,66.6,7.394021940e-07,5.909486848e-07,nan,nan,nan,nan
2665,66.625,7.394021995e-07,5.909486862e-07,nan,nan,nan,nan
2666,66.65,7.394021952e-07,5.909486893e-07,nan,nan,nan,nan
2667,66.675,7.394021862e-07,5.909486902e-07,nan,nan,nan,nan
2668,66.7,7.394021819e-07,5.909486891e-07,nan,nan,nan,nan
2669,66.725,7.394021848e-07,5.909486875e-07,nan,nan,nan,nan
2670,66.75,7.394021893e-07,5.909486867e-07,nan,nan,nan,nan
2671,66.775,7.394021926e-07,5.909486864e-07,nan,nan,nan,nan
2672,66.8,7.394021928e-07,5.909486865e-07,nan,nan,nan,nan
2673,66.825,7.394021922e-07,5.909486866e-07,nan,nan,nan,nan
2674,66.85,7.394021913e-07,5.909486883e-07,nan,nan,nan,nan
2675,66.875,7.394021886e-07,5.909486896e-07,nan,nan,nan,nan
2676,66.9,7.394021850e-07,5.909486904e-07,nan,nan,nan,nan
2677,66.925,7.394021845e-07,5.909486883e-07,nan,nan,nan,nan
2678,66.95,7.394021894e-07,5.909486849e-07,nan,nan,nan,nan
2679,66.975,7.394021953e-07,5.909486837e-07,nan,nan,nan,nan
2680,67,7.394021972e-07,5.909486864e-07,nan,nan,nan,nan
2681,67.025,7.394021925e-07,5.909486913e-07,nan,nan,nan,nan
2682,67.05,7.394021852e-07,5.909486930e-07,nan,nan,nan,nan
2683,67.075,7.394021816e-07,5.909486894e-07,nan,nan,nan,nan
2684,67.1,7.394021843e-07,5.909486836e-07,nan,nan,nan,nan
2685,67.125,7.394021897e-07,5.909486814e-07,nan,nan,nan,nan
2686,67.15,7.394021938e-07,5.909486847e-07,nan,nan,nan,nan
2687,67.175,7.394021946e-07,5.909486908e-07,nan,nan,nan,nan
2688,67.2,7.394021919e-07,5.909486932e-07,nan,nan,nan,nan
2689,67.225,7.394021887e-07,5.909486901e-07,nan,nan,nan,nan
2690,67.25,7.394021861e-07,5.909486855e-07,nan,nan,nan,nan
2691,67.275,7.394021836e-07,5.909486842e-07,nan,nan,nan,nan
2692,67.3,7.394021856e-07,5.909486864e-07,nan,nan,nan,nan
2693,67.325,7.394021917e-07,5.909486885e-07,nan,nan,nan,nan
2694,67.35,7.394021980e-07,5.909486882e-07,nan,nan,nan,nan
2695,67.375,7.394021977e-07,5.909486868e-07,nan,nan,nan,nan
2696,67.4,7.394021896e-07,5.909486874e-07,nan,nan,nan,nan
2697,67.425,7.394021814e-07,5.909486900e-07,nan,nan,nan,nan
2698,67.45,7.394021807e-07,5.909486896e-07,nan,nan,nan,nan
2699,67.475,7.394021888e-07,5.909486864e-07,nan,nan,nan,nan
2700,67.5,7.394021983e-07,5.909486815e-07,nan,nan,nan,nan
2701,67.525,7.394021991e-07,5.909486819e-07,nan,nan,nan,nan
2702,67.55,7.394021918e-07,5.909486874e-07,nan,nan,nan,nan
2703,67.575,7.394021857e-07,5.909486932e-07,nan,nan,nan,nan
2704,67.6,7.394021845e-07,5.909486933e-07,nan,nan,nan,nan
2705,67.625,7.394021884e-07,5.909486865e-07,nan,nan,nan,nan
2706,67.65,7.394021915e-07,5.909486806e-07,nan,nan,nan,nan
2707,67.675,7.394021910e-07,5.909486811e-07,nan,nan,nan,nan
2708,67.7,7.394021906e-07,5.909486878e-07,nan,nan,nan,nan
2709,67.725,7.394021915e-07,5.909486935e-07,nan,nan,nan,nan
2710,67.75,7.394021925e-07,5.909486926e-07,nan,nan,nan,nan
2711,67.775,7.394021901e-07,5.909486871e-07,nan,nan,nan,nan
2712,67.8,7.394021844e-07,5.909486829e-07,nan,nan,nan,nan
2713,67.825,7.394021811e-07,5.909486844e-07,nan,nan,nan,nan
2714,67.85,7.394021876e-07,5.909486879e-07,nan,nan,nan,nan
2715,67.875,7.394021967e-07,5.909486890e-07,nan,nan,nan,nan
2716,67.9,7.394022005e-07,5.909486876e-07,nan,nan,nan,nan
2717,67.925,7.394021934e-07,5.909486873e-07,nan,nan,nan,nan
2718,67.95,7.394021822e-07,5.909486889e-07,nan,nan,nan,nan
2719,67.975,7.394021783e-07,5.909486903e-07,nan,nan,nan,nan
2720,68,7.394021861e-07,5.909486879e-07,nan,nan,nan,nan
2721,68.025,7.394021977e-07,5.909486830e-07,nan,nan,nan,nan
2722,68.05,7.394022004e-07,5.909486807e-07,nan,nan,nan,nan
2723,68.075,7.394021929e-07,5.909486854e-07,nan,nan,nan,nan
2724,68.1,7.394021843e-07,5.909486921e-07,nan,nan,nan,nan
2725,68.125,7.394021837e-07,5.909486955e-07,nan,nan,nan,nan
2726,68.15,7.394021890e-07,5.909486902e-07,nan,nan,nan,nan
2727,68.175,7.394021934e-07,5.909486826e-07,nan,nan,nan,nan
2728,68.2,7.394021917e-07,5.909486795e-07,nan,nan,nan,nan
2729,68.225,7.394021892e-07,5.909486846e-07,nan,nan,nan,nan
2730,68.25,7.394021899e-07,5.909486921e-07,nan,nan,nan,nan
2731,68.275,7.394021935e-07,5.909486936e-07,nan,nan,nan,nan
2732,68.3,7.394021938e-07,5.909486896e-07,nan,nan,nan,nan
2733,68.325,7.394021873e-07,5.909486844e-07,nan,nan,nan,nan
2734,68.35,7.394021811e-07,5.909486832e-07,nan,nan,nan,nan
2735,68.375,7.394021850e-07,5.909486852e-07,nan,nan,nan,nan
2736,68.4,7.394021946e-07,5.909486888e-07,nan,nan,nan,nan
2737,68.425,7.394022017e-07,5.909486891e-07,nan,nan,nan,nan
2738,68.45,7.394021962e-07,5.909486877e-07,nan,nan,nan,nan
2739,68.475,7.394021842e-07,5.909486882e-07,nan,nan,nan,nan
2740,68.5,7.394021782e-07,5.909486896e-07,nan,nan,nan,nan
2741,68.525,7.394021832e-07,5.909486893e-07,nan,nan,nan,nan
2742,68.55,7.394021951e-07,5.909486859e-07,nan,nan,nan,nan
2743,68.575,7.394022014e-07,5.909486832e-07,nan,nan,nan,nan
2744,68.6,7.394021952e-07,5.909486846e-07,nan,nan,nan,nan
2745,68.625,7.394021857e-07,5.909486894e-07,nan,nan,nan,nan
2746,68.65,7.394021830e-07,5.909486927e-07,nan,nan,nan,nan
2747,68.675,7.394021883e-07,5.909486904e-07,nan,nan,nan,nan
2748,68.7,7.394021938e-07,5.909486847e-07,nan,nan,nan,nan
2749,68.725,7.394021940e-07,5.909486811e-07,nan,nan,nan,nan
2750,68.75,7.394021904e-07,5.909486829e-07,nan,nan,nan,nan
2751,68.775,7.394021906e-07,5.909486879e-07,nan,nan,nan,nan
2752,68.8,7.394021928e-07,5.909486928e-07,nan,nan,nan,nan
2753,68.825,7.394021927e-07,5.909486921e-07,nan,nan,nan,nan
2754,68.85,7.394021877e-07,5.909486883e-07,nan,nan,nan,nan
2755,68.875,7.394021821e-07,5.909486849e-07,nan,nan,nan,nan
2756,68.9,7.394021835e-07,5.909486830e-07,nan,nan,nan,nan
2757,68.925,7.394021919e-07,5.909486843e-07,nan,nan,nan,nan
2758,68.95,7.394021994e-07,5.909486858e-07,nan,nan,nan,nan
2759,68.975,7.394021976e-07,5.909486897e-07,nan,nan,nan,nan
2760,69,7.394021867e-07,5.909486915e-07,nan,nan,nan,nan
2761,69.025,7.394021791e-07,5.909486911e-07,nan,nan,nan,nan
2762,69.05,7.394021812e-07,5.909486879e-07,nan,nan,nan,nan
2763,69.075,7.394021912e-07,5.909486840e-07,nan,nan,nan,nan
2764,69.1,7.394021987e-07,5.909486826e-07,nan,nan,nan,nan
2765,69.125,7.394021968e-07,5.909486857e-07,nan,nan,nan,nan
2766,69.15,7.394021899e-07,5.909486907e-07,nan,nan,nan,nan
2767,69.175,7.394021858e-07,5.909486928e-07,nan,nan,nan,nan
2768,69.2,7.394021877e-07,5.909486900e-07,nan,nan,nan,nan
2769,69.225,7.394021896e-07,5.909486860e-07,nan,nan,nan,nan
2770,69.25,7.394021904e-07,5.909486830e-07,nan,nan,nan,nan
2771,69.275,7.394021897e-07,5.909486835e-07,nan,nan,nan,nan
2772,69.3,7.394021911e-07,5.909486866e-07,nan,nan,nan,nan
2773,69.325,7.394021934e-07,5.909486886e-07,nan,nan,nan,nan
2774,69.35,7.394021929e-07,5.909486899e-07,nan,nan,nan,nan
2775,69.375,7.394021878e-07,5.909486912e-07,nan,nan,nan,nan
2776,69.4,7.394021823e-07,5.909486901e-07,nan,nan,nan,nan
2777,69.425,7.394021823e-07,5.909486871e-07,nan,nan,nan,nan
2778,69.45,7.394021907e-07,5.909486833e-07,nan,nan,nan,nan
2779,69.475,7.394021985e-07,5.909486824e-07,nan,nan,nan,nan
2780,69.5,7.394021971e-07,5.909486859e-07,nan,nan,nan,nan
2781,69.525,7.394021885e-07,5.909486922e-07,nan,nan,nan,nan
2782,69.55,7.394021805e-07,5.909486943e-07,nan,nan,nan,nan
2783,69.575,7.394021809e-07,5.909486896e-07,nan,nan,nan,nan
2784,69.6,7.394021894e-07,5.909486824e-07,nan,nan,nan,nan
2785,69.625,7.394021957e-07,5.909486786e-07,nan,nan,nan,nan
2786,69.65,7.394021959e-07,5.909486830e-07,nan,nan,nan,nan
2787,69.675,7.394021917e-07,5.909486903e-07,nan,nan,nan,nan
2788,69.7,7.394021887e-07,5.909486943e-07,nan,nan,nan,nan
2789,69.725,7.394021871e-07,5.909486925e-07,nan,nan,nan,nan
2790,69.75,7.394021868e-07,5.909486873e-07,nan,nan,nan,nan
2791,69.775,7.394021865e-07,5.909486846e-07,nan,nan,nan,nan
2792,69.8,7.394021872e-07,5.909486862e-07,nan,nan,nan,nan
2793,69.825,7.394021921e-07,5.909486880e-07,nan,nan,nan,nan
2794,69.85,7.394021964e-07,5.909486880e-07,nan,nan,nan,nan
2795,69.875,7.394021970e-07,5.909486875e-07,nan,nan,nan,nan
2796,69.9,7.394021893e-07,5.909486891e-07,nan,nan,nan,nan
2797,69.925,7.394021811e-07,5.909486913e-07,nan,nan,nan,nan
2798,69.95,7.394021813e-07,5.909486903e-07,nan,nan,nan,nan
2799,69.975,7.394021880e-07,5.909486860e-07,nan,nan,nan,nan
2800,70,7.394021968e-07,5.909486814e-07,nan,nan,nan,nan
2801,70.025,7.394021976e-07,5.909486824e-07,nan,nan,nan,nan
2802,70.05,7.394021905e-07,5.909486895e-07,nan,nan,nan,nan
2803,70.075,7.394021829e-07,5.909486952e-07,nan,nan,nan,nan
2804,70.1,7.394021820e-07,5.909486936e-07,nan,nan,nan,nan
2805,70.125,7.394021872e-07,5.909486857e-07,nan,nan,nan,nan
2806,70.15,7.394021923e-07,5.909486799e-07,nan,nan,nan,nan
2807,70.175,7.394021933e-07,5.909486820e-07,nan,nan,nan,nan
2808,70.2,7.394021904e-07,5.909486889e-07,nan,nan,nan,nan
2809,70.225,7.394021897e-07,5.909486933e-07,nan,nan,nan,nan
2810,70.25,7.394021886e-07,5.909486908e-07,nan,nan,nan,nan
2811,70.275,7.394021884e-07,5.909486852e-07,nan,nan,nan,nan
2812,70.3,7.394021858e-07,5.909486829e-07,nan,nan,nan,nan
2813,70.325,7.394021862e-07,5.909486853e-07,nan,nan,nan,nan
2814,70.35,7.394021911e-07,5.909486884e-07,nan,nan,nan,nan
2815,70.375,7.394021967e-07,5.909486883e-07,nan,nan,nan,nan
2816,70.4,7.394021971e-07,5.909486867e-07,nan,nan,nan,nan
2817,70.425,7.394021895e-07,5.909486865e-07,nan,nan,nan,nan
2818,70.45,7.394021821e-07,5.909486892e-07,nan,nan,nan,nan
2819,70.475,7.394021807e-07,5.909486900e-07,nan,nan,nan,nan
2820,70.5,7.394021878e-07,5.909486875e-07,nan,nan,nan,nan
2821,70.525,7.394021957e-07,5.909486835e-07,nan,nan,nan,nan
2822,70.55,7.394021968e-07,5.909486833e-07,nan,nan,nan,nan
2823,70.575,7.394021906e-07,5.909486876e-07,nan,nan,nan,nan
2824,70.6,7.394021840e-07,5.909486930e-07,nan,nan,nan,nan
2825,70.625,7.394021837e-07,5.909486937e-07,nan,nan,nan,nan
2826,70.65,7.394021879e-07,5.909486876e-07,nan,nan,nan,nan
2827,70.675,7.394021926e-07,5.909486810e-07,nan,nan,nan,nan
2828,70.7,7.394021926e-07,5.909486810e-07,nan,nan,nan,nan
2829,70.725,7.394021919e-07,5.909486865e-07,nan,nan,nan,nan
2830,70.75,7.394021909e-07,5.909486916e-07,nan,nan,nan,nan
2831,70.775,7.394021910e-07,5.909486909e-07,nan,nan,nan,nan
2832,70.8,7.394021891e-07,5.909486875e-07,nan,nan,nan,nan
2833,70.825,7.394021854e-07,5.909486850e-07,nan,nan,nan,nan
2834,70.85,7.394021846e-07,5.909486852e-07,nan,nan,nan,nan
2835,70.875,7.394021903e-07,5.909486878e-07,nan,nan,nan,nan
2836,70.9,7.394021974e-07,5.909486885e-07,nan,nan,nan,nan
2837,70.925,7.394021980e-07,5.909486880e-07,nan,nan,nan,nan
2838,70.95,7.394021909e-07,5.909486877e-07,nan,nan,nan,nan
2839,70.975,7.394021816e-07,5.909486891e-07,nan,nan,nan,nan
2840,71,7.394021793e-07,5.909486894e-07,nan,nan,nan,nan
2841,71.025,7.394021856e-07,5.909486868e-07,nan,nan,nan,nan
2842,71.05,7.394021942e-07,5.909486836e-07,nan,nan,nan,nan
2843,71.075,7.394021971e-07,5.909486836e-07,nan,nan,nan,nan
2844,71.1,7.394021936e-07,5.909486872e-07,nan,nan,nan,nan
2845,71.125,7.394021886e-07,5.909486917e-07,nan,nan,nan,nan
2846,71.15,7.394021857e-07,5.909486913e-07,nan,nan,nan,nan
2847,71.175,7.394021873e-07,5.909486859e-07,nan,nan,nan,nan
2848,71.2,7.394021891e-07,5.909486811e-07,nan,nan,nan,nan
2849,71.225,7.394021905e-07,5.909486822e-07,nan,nan,nan,nan
2850,71.25,7.394021914e-07,5.909486876e-07,nan,nan,nan,nan
2851,71.275,7.394021942e-07,5.909486918e-07,nan,nan,nan,nan
2852,71.3,7.394021952e-07,5.909486914e-07,nan,nan,nan,nan
2853,71.325,7.394021910e-07,5.909486881e-07,nan,nan,nan,nan
2854,71.35,7.394021837e-07,5.909486860e-07,nan,nan,nan,nan
2855,71.375,7.394021811e-07,5.909486850e-07,nan,nan,nan,nan
2856,71.4,7.394021869e-07,5.909486851e-07,nan,nan,nan,nan
2857,71.425,7.394021964e-07,5.909486845e-07,nan,nan,nan,nan
2858,71.45,7.394022006e-07,5.909486855e-07,nan,nan,nan,nan
2859,71.475,7.394021955e-07,5.909486905e-07,nan,nan,nan,nan
2860,71.5,7.394021868e-07,5.909486929e-07,nan,nan,nan,nan
2861,71.525,7.394021818e-07,5.909486916e-07,nan,nan,nan,nan
2862,71.55,7.394021862e-07,5.909486850e-07,nan,nan,nan,nan
2863,71.575,7.394021931e-07,5.909486783e-07,nan,nan,nan,nan
2864,71.6,7.394021961e-07,5.909486799e-07,nan,nan,nan,nan
2865,71.625,7.394021927e-07,5.909486885e-07,nan,nan,nan,nan
2866,71.65,7.394021887e-07,5.909486967e-07,nan,nan,nan,nan
2867,71.675,7.394021883e-07,5.909486963e-07,nan,nan,nan,nan
2868,71.7,7.394021906e-07,5.909486872e-07,nan,nan,nan,nan
2869,71.725,7.394021905e-07,5.909486795e-07,nan,nan,nan,nan
2870,71.75,7.394021891e-07,5.909486800e-07,nan,nan,nan,nan
2871,71.775,7.394021880e-07,5.909486867e-07,nan,nan,nan,nan
2872,71.8,7.394021918e-07,5.909486916e-07,nan,nan,nan,nan
2873,71.825,7.394021959e-07,5.909486903e-07,nan,nan,nan,nan
2874,71.85,7.394021946e-07,5.909486874e-07,nan,nan,nan,nan
2875,71.875,7.394021884e-07,5.909486866e-07,nan,nan,nan,nan
2876,71.9,7.394021825e-07,5.909486879e-07,nan,nan,nan,nan
2877,71.925,7.394021846e-07,5.909486875e-07,nan,nan,nan,nan
2878,71.95,7.394021934e-07,5.909486834e-07,nan,nan,nan,nan
2879,71.975,7.394021995e-07,5.909486811e-07,nan,nan,nan,nan
2880,72,7.394021964e-07,5.909486849e-07,nan,nan,nan,nan
2881,72.025,7.394021872e-07,5.909486932e-07,nan,nan,nan,nan
2882,72.05,7.394021815e-07,5.909486972e-07,nan,nan,nan,nan
2883,72.075,7.394021833e-07,5.909486912e-07,nan,nan,nan,nan
2884,72.1,7.394021907e-07,5.909486810e-07,nan,nan,nan,nan
2885,72.125,7.394021947e-07,5.909486777e-07,nan,nan,nan,nan
2886,72.15,7.394021922e-07,5.909486850e-07,nan,nan,nan,nan
2887,72.175,7.394021889e-07,5.909486954e-07,nan,nan,nan,nan
2888,72.2,7.394021882e-07,5.909486975e-07,nan,nan,nan,nan
2889,72.225,7.394021906e-07,5.909486897e-07,nan,nan,nan,nan
2890,72.25,7.394021926e-07,5.909486807e-07,nan,nan,nan,nan
2891,72.275,7.394021899e-07,5.909486799e-07,nan,nan,nan,nan
2892,72.3,7.394021878e-07,5.909486869e-07,nan,nan,nan,nan
2893,72.325,7.394021893e-07,5.909486932e-07,nan,nan,nan,nan
2894,72.35,7.394021936e-07,5.909486924e-07,nan,nan,nan,nan
2895,72.375,7.394021960e-07,5.909486880e-07,nan,nan,nan,nan
2896,72.4,7.394021921e-07,5.909486869e-07,nan,nan,nan,nan
2897,72.425,7.394021847e-07,5.909486889e-07,nan,nan,nan,nan
2898,72.45,7.394021822e-07,5.909486902e-07,nan,nan,nan,nan
2899,72.475,7.394021877e-07,5.909486868e-07,nan,nan,nan,nan
2900,72.5,7.394021937e-07,5.909486816e-07,nan,nan,nan,nan
2901,72.525,7.394021950e-07,5.909486835e-07,nan,nan,nan,nan
2902,72.55,7.394021892e-07,5.909486910e-07,nan,nan,nan,nan
2903,72.575,7.394021836e-07,5.909486969e-07,nan,nan,nan,nan
2904,72.6,7.394021842e-07,5.909486943e-07,nan,nan,nan,nan
2905,72.625,7.394021898e-07,5.909486829e-07,nan,nan,nan,nan
2906,72.65,7.394021947e-07,5.909486767e-07,nan,nan,nan,nan
2907,72.675,7.394021937e-07,5.909486811e-07,nan,nan,nan,nan
2908,72.7,7.394021894e-07,5.909486926e-07,nan,nan,nan,nan
2909,72.725,7.394021856e-07,5.909486986e-07,nan,nan,nan,nan
2910,72.75,7.394021885e-07,5.909486937e-07,nan,nan,nan,nan
2911,72.775,7.394021904e-07,5.909486835e-07,nan,nan,nan,nan
2912,72.8,7.394021922e-07,5.909486789e-07,nan,nan,nan,nan
2913,72.825,7.394021909e-07,5.909486828e-07,nan,nan,nan,nan
2914,72.85,7.394021890e-07,5.909486901e-07,nan,nan,nan,nan
2915,72.875,7.394021895e-07,5.909486925e-07,nan,nan,nan,nan
2916,72.9,7.394021911e-07,5.909486907e-07,nan,nan,nan,nan
2917,72.925,7.394021911e-07,5.909486890e-07,nan,nan,nan,nan
2918,72.95,7.394021890e-07,5.909486890e-07,nan,nan,nan,nan
2919,72.975,7.394021870e-07,5.909486894e-07,nan,nan,nan,nan
2920,73,7.394021883e-07,5.909486866e-07,nan,nan,nan,nan
2921,73.025,7.394021915e-07,5.909486822e-07,nan,nan,nan,nan
2922,73.05,7.394021927e-07,5.909486830e-07,nan,nan,nan,nan
2923,73.075,7.394021909e-07,5.909486898e-07,nan,nan,nan,nan
2924,73.1,7.394021862e-07,5.909486958e-07,nan,nan,nan,nan
2925,73.125,7.394021848e-07,5.909486944e-07,nan,nan,nan,nan
2926,73.15,7.394021868e-07,5.909486859e-07,nan,nan,nan,nan
2927,73.175,7.394021910e-07,5.909486788e-07,nan,nan,nan,nan
2928,73.2,7.394021929e-07,5.909486801e-07,nan,nan,nan,nan
2929,73.225,7.394021921e-07,5.909486878e-07,nan,nan,nan,nan
2930,73.25,7.394021881e-07,5.909486945e-07,nan,nan,nan,nan
2931,73.275,7.394021856e-07,5.909486940e-07,nan,nan,nan,nan
2932,73.3,7.394021861e-07,5.909486878e-07,nan,nan,nan,nan
2933,73.325,7.394021898e-07,5.909486832e-07,nan,nan,nan,nan
2934,73.35,7.394021930e-07,5.909486826e-07,nan,nan,nan,nan
2935,73.375,7.394021936e-07,5.909486856e-07,nan,nan,nan,nan
2936,73.4,7.394021917e-07,5.909486872e-07,nan,nan,nan,nan
2937,73.425,7.394021880e-07,5.909486892e-07,nan,nan,nan,nan
2938,73.45,7.394021855e-07,5.909486906e-07,nan,nan,nan,nan
2939,73.475,7.394021861e-07,5.909486918e-07,nan,nan,nan,nan
2940,73.5,7.394021882e-07,5.909486898e-07,nan,nan,nan,nan
2941,73.525,7.394021902e-07,5.909486844e-07,nan,nan,nan,nan
2942,73.55,7.394021919e-07,5.909486808e-07,nan,nan,nan,nan
2943,73.575,7.394021912e-07,5.909486829e-07,nan,nan,nan,nan
2944,73.6,7.394021907e-07,5.909486899e-07,nan,nan,nan,nan
2945,73.625,7.394021889e-07,5.909486949e-07,nan,nan,nan,nan
2946,73.65,7.394021872e-07,5.909486930e-07,nan,nan,nan,nan
2947,73.675,7.394021867e-07,5.909486856e-07,nan,nan,nan,nan
2948,73.7,7.394021895e-07,5.909486804e-07,nan,nan,nan,nan
2949,73.725,7.394021930e-07,5.909486816e-07,nan,nan,nan,nan
2950,73.75,7.394021954e-07,5.909486873e-07,nan,nan,nan,nan
2951,73.775,7.394021923e-07,5.909486907e-07,nan,nan,nan,nan
2952,73.8,7.394021867e-07,5.909486904e-07,nan,nan,nan,nan
2953,73.825,7.394021826e-07,5.909486884e-07,nan,nan,nan,nan
2954,73.85,7.394021840e-07,5.909486881e-07,nan,nan,nan,nan
2955,73.875,7.394021903e-07,5.909486871e-07,nan,nan,nan,nan
2956,73.9,7.394021964e-07,5.909486857e-07,nan,nan,nan,nan
2957,73.925,7.394021965e-07,5.909486828e-07,nan,nan,nan,nan
2958,73.95,7.394021905e-07,5.909486843e-07,nan,nan,nan,nan
2959,73.975,7.394021850e-07,5.909486901e-07,nan,nan,nan,nan
2960,74,7.394021851e-07,5.909486966e-07,nan,nan,nan,nan
2961,74.025,7.394021895e-07,5.909486942e-07,nan,nan,nan,nan
2962,74.05,7.394021937e-07,5.909486854e-07,nan,nan,nan,nan
2963,74.075,7.394021933e-07,5.909486777e-07,nan,nan,nan,nan
2964,74.1,7.394021907e-07,5.909486791e-07,nan,nan,nan,nan
2965,74.125,7.394021882e-07,5.909486885e-07,nan,nan,nan,nan
2966,74.15,7.394021885e-07,5.909486950e-07,nan,nan,nan,nan
2967,74.175,7.394021898e-07,5.909486926e-07,nan,nan,nan,nan
2968,74.2,7.394021882e-07,5.909486841e-07,nan,nan,nan,nan
2969,74.225,7.394021868e-07,5.909486801e-07,nan,nan,nan,nan
2970,74.25,7.394021885e-07,5.909486833e-07,nan,nan,nan,nan
2971,74.275,7.394021925e-07,5.909486901e-07,nan,nan,nan,nan
2972,74.3,7.394021944e-07,5.909486915e-07,nan,nan,nan,nan
2973,74.325,7.394021912e-07,5.909486871e-07,nan,nan,nan,nan
2974,74.35,7.394021841e-07,5.909486837e-07,nan,nan,nan,nan
2975,74.375,7.394021806e-07,5.909486862e-07,nan,nan,nan,nan
2976,74.4,7.394021859e-07,5.909486902e-07,nan,nan,nan,nan
2977,74.425,7.394021941e-07,5.909486890e-07,nan,nan,nan,nan
2978,74.45,7.394021989e-07,5.909486833e-07,nan,nan,nan,nan
2979,74.475,7.394021941e-07,5.909486794e-07,nan,nan,nan,nan
2980,74.5,7.394021855e-07,5.909486843e-07,nan,nan,nan,nan
2981,74.525,7.394021815e-07,5.909486935e-07,nan,nan,nan,nan
2982,74.55,7.394021860e-07,5.909486970e-07,nan,nan,nan,nan
2983,74.575,7.394021937e-07,5.909486900e-07,nan,nan,nan,nan
2984,74.6,7.394021970e-07,5.909486793e-07,nan,nan,nan,nan
2985,74.625,7.394021934e-07,5.909486775e-07,nan,nan,nan,nan
2986,74.65,7.394021891e-07,5.909486855e-07,nan,nan,nan,nan
2987,74.675,7.394021873e-07,5.909486950e-07,nan,nan,nan,nan
2988,74.7,7.394021889e-07,5.909486955e-07,nan,nan,nan,nan
2989,74.725,7.394021882e-07,5.909486866e-07,nan,nan,nan,nan
2990,74.75,7.394021860e-07,5.909486799e-07,nan,nan,nan,nan
2991,74.775,7.394021868e-07,5.909486821e-07,nan,nan,nan,nan
2992,74.8,7.394021906e-07,5.909486903e-07,nan,nan,nan,nan
2993,74.825,7.394021962e-07,5.909486934e-07,nan,nan,nan,nan
2994,74.85,7.394021967e-07,5.909486897e-07,nan,nan,nan,nan
2995,74.875,7.394021893e-07,5.909486846e-07,nan,nan,nan,nan
2996,74.9,7.394021820e-07,5.909486848e-07,nan,nan,nan,nan
2997,74.925,7.394021813e-07,5.909486892e-07,nan,nan,nan,nan
2998,74.95,7.394021897e-07,5.909486916e-07,nan,nan,nan,nan
2999,74.975,7.394021991e-07,5.909486874e-07,nan,nan,nan,nan
3000,75,7.394021988e-07,5.909486822e-07,nan,nan,nan,nan
3001,75.025,7.394021905e-07,5.909486830e-07,nan,nan,nan,nan
3002,75.05,7.394021832e-07,5.909486891e-07,nan,nan,nan,nan
3003,75.075,7.394021839e-07,5.909486936e-07,nan,nan,nan,nan
3004,75.1,7.394021893e-07,5.909486897e-07,nan,nan,nan,nan
3005,75.125,7.394021946e-07,5.909486820e-07,nan,nan,nan,nan
3006,75.15,7.394021935e-07,5.909486790e-07,nan,nan,nan,nan
3007,75.175,7.394021892e-07,5.909486857e-07,nan,nan,nan,nan
3008,75.2,7.394021876e-07,5.909486944e-07,nan,nan,nan,nan
3009,75.225,7.394021893e-07,5.909486962e-07,nan,nan,nan,nan
3010,75.25,7.394021903e-07,5.909486888e-07,nan,nan,nan,nan
3011,75.275,7.394021878e-07,5.909486796e-07,nan,nan,nan,nan
3012,75.3,7.394021851e-07,5.909486788e-07,nan,nan,nan,nan
3013,75.325,7.394021863e-07,5.909486852e-07,nan,nan,nan,nan
3014,75.35,7.394021923e-07,5.909486919e-07,nan,nan,nan,nan
3015,75.375,7.394021960e-07,5.909486920e-07,nan,nan,nan,nan
3016,75.4,7.394021929e-07,5.909486872e-07,nan,nan,nan,nan
3017,75.425,7.394021852e-07,5.909486841e-07,nan,nan,nan,nan
3018,75.45,7.394021805e-07,5.909486843e-07,nan,nan,nan,nan
3019,75.475,7.394021848e-07,5.909486859e-07,nan,nan,nan,nan
3020,75.5,7.394021940e-07,5.909486861e-07,nan,nan,nan,nan
3021,75.525,7.394021990e-07,5.909486854e-07,nan,nan,nan,nan
3022,75.55,7.394021942e-07,5.909486876e-07,nan,nan,nan,nan
3023,75.575,7.394021862e-07,5.909486911e-07,nan,nan,nan,nan
3024,75.6,7.394021835e-07,5.909486933e-07,nan,nan,nan,nan
3025,75.625,7.394021873e-07,5.909486893e-07,nan,nan,nan,nan
3026,75.65,7.394021925e-07,5.909486839e-07,nan,nan,nan,nan
3027,75.675,7.394021933e-07,5.909486813e-07,nan,nan,nan,nan
3028,75.7,7.394021900e-07,5.909486851e-07,nan,nan,nan,nan
3029,75.725,7.394021871e-07,5.909486917e-07,nan,nan,nan,nan
3030,75.75,7.394021888e-07,5.909486941e-07,nan,nan,nan,nan
3031,75.775,7.394021915e-07,5.909486913e-07,nan,nan,nan,nan
3032,75.8,7.394021902e-07,5.909486862e-07,nan,nan,nan,nan
3033,75.825,7.394021867e-07,5.909486827e-07,nan,nan,nan,nan
3034,75.85,7.394021854e-07,5.909486833e-07,nan,nan,nan,nan
3035,75.875,7.394021880e-07,5.909486866e-07,nan,nan,nan,nan
3036,75.9,7.394021935e-07,5.909486890e-07,nan,nan,nan,nan
3037,75.925,7.394021957e-07,5.909486906e-07,nan,nan,nan,nan
3038,75.95,7.394021904e-07,5.909486903e-07,nan,nan,nan,nan
3039,75.975,7.394021850e-07,5.909486875e-07,nan,nan,nan,nan
3040,76,7.394021827e-07,5.909486838e-07,nan,nan,nan,nan
3041,76.025,7.394021891e-07,5.909486816e-07,nan,nan,nan,nan
3042,76.05,7.394021958e-07,5.909486836e-07,nan,nan,nan,nan
3043,76.075,7.394021961e-07,5.909486901e-07,nan,nan,nan,nan
3044,76.1,7.394021911e-07,5.909486944e-07,nan,nan,nan,nan
3045,76.125,7.394021849e-07,5.909486929e-07,nan,nan,nan,nan
3046,76.15,7.394021848e-07,5.909486858e-07,nan,nan,nan,nan
3047,76.175,7.394021894e-07,5.909486807e-07,nan,nan,nan,nan
3048,76.2,7.394021920e-07,5.909486816e-07,nan,nan,nan,nan
3049,76.225,7.394021917e-07,5.909486878e-07,nan,nan,nan,nan
3050,76.25,7.394021890e-07,5.909486921e-07,nan,nan,nan,nan
3051,76.275,7.394021882e-07,5.909486915e-07,nan,nan,nan,nan
3052,76.3,7.394021895e-07,5.909486887e-07,nan,nan,nan,nan
3053,76.325,7.394021911e-07,5.909486862e-07,nan,nan,nan,nan
3054,76.35,7.394021902e-07,5.909486853e-07,nan,nan,nan,nan
3055,76.375,7.394021885e-07,5.909486842e-07,nan,nan,nan,nan
3056,76.4,7.394021868e-07,5.909486821e-07,nan,nan,nan,nan
3057,76.425,7.394021894e-07,5.909486835e-07,nan,nan,nan,nan
3058,76.45,7.394021918e-07,5.909486890e-07,nan,nan,nan,nan
3059,76.475,7.394021925e-07,5.909486947e-07,nan,nan,nan,nan
3060,76.5,7.394021902e-07,5.909486938e-07,nan,nan,nan,nan
3061,76.525,7.394021870e-07,5.909486858e-07,nan,nan,nan,nan
3062,76.55,7.394021870e-07,5.909486772e-07,nan,nan,nan,nan
3063,76.575,7.394021904e-07,5.909486782e-07,nan,nan,nan,nan
3064,76.6,7.394021924e-07,5.909486890e-07,nan,nan,nan,nan
3065,76.625,7.394021926e-07,5.909486987e-07,nan,nan,nan,nan
3066,76.65,7.394021905e-07,5.909486968e-07,nan,nan,nan,nan
3067,76.675,7.394021887e-07,5.909486865e-07,nan,nan,nan,nan
3068,76.7,7.394021879e-07,5.909486779e-07,nan,nan,nan,nan
3069,76.725,7.394021897e-07,5.909486796e-07,nan,nan,nan,nan
3070,76.75,7.394021905e-07,5.909486877e-07,nan,nan,nan,nan
3071,76.775,7.394021901e-07,5.909486931e-07,nan,nan,nan,nan
3072,76.8,7.394021891e-07,5.909486917e-07,nan,nan,nan,nan
3073,76.825,7.394021888e-07,5.909486876e-07,nan,nan,nan,nan
3074,76.85,7.394021886e-07,5.909486869e-07,nan,nan,nan,nan
3075,76.875,7.394021900e-07,5.909486888e-07,nan,nan,nan,nan
3076,76.9,7.394021906e-07,5.909486874e-07,nan,nan,nan,nan
3077,76.925,7.394021908e-07,5.909486816e-07,nan,nan,nan,nan
3078,76.95,7.394021894e-07,5.909486793e-07,nan,nan,nan,nan
3079,76.975,7.394021895e-07,5.909486851e-07,nan,nan,nan,nan
3080,77,7.394021893e-07,5.909486956e-07,nan,nan,nan,nan
3081,77.025,7.394021903e-07,5.909486993e-07,nan,nan,nan,nan
3082,77.05,7.394021908e-07,5.909486901e-07,nan,nan,nan,nan
3083,77.075,7.394021902e-07,5.909486765e-07,nan,nan,nan,nan
3084,77.1,7.394021882e-07,5.909486736e-07,nan,nan,nan,nan
3085,77.125,7.394021878e-07,5.909486846e-07,nan,nan,nan,nan
3086,77.15,7.394021887e-07,5.909486982e-07,nan,nan,nan,nan
3087,77.175,7.394021901e-07,5.909487017e-07,nan,nan,nan,nan
3088,77.2,7.394021910e-07,5.909486911e-07,nan,nan,nan,nan
3089,77.225,7.394021901e-07,5.909486794e-07,nan,nan,nan,nan
3090,77.25,7.394021892e-07,5.909486786e-07,nan,nan,nan,nan
3091,77.275,7.394021893e-07,5.909486864e-07,nan,nan,nan,nan
3092,77.3,7.394021900e-07,5.909486922e-07,nan,nan,nan,nan
3093,77.325,7.394021913e-07,5.909486903e-07,nan,nan,nan,nan
3094,77.35,7.394021912e-07,5.909486860e-07,nan,nan,nan,nan
3095,77.375,7.394021892e-07,5.909486861e-07,nan,nan,nan,nan
3096,77.4,7.394021881e-07,5.909486902e-07,nan,nan,nan,nan
3097,77.425,7.394021886e-07,5.909486908e-07,nan,nan,nan,nan
3098,77.45,7.394021908e-07,5.909486829e-07,nan,nan,nan,nan
3099,77.475,7.394021922e-07,5.909486771e-07,nan,nan,nan,nan
3100,77.5,7.394021906e-07,5.909486813e-07,nan,nan,nan,nan
3101,77.525,7.394021885e-07,5.909486945e-07,nan,nan,nan,nan
3102,77.55,7.394021879e-07,5.909487035e-07,nan,nan,nan,nan
3103,77.575,7.394021907e-07,5.909486967e-07,nan,nan,nan,nan
3104,77.6,7.394021923e-07,5.909486801e-07,nan,nan,nan,nan
3105,77.625,7.394021913e-07,5.909486712e-07,nan,nan,nan,nan
3106,77.65,7.394021880e-07,5.909486787e-07,nan,nan,nan,nan
3107,77.675,7.394021863e-07,5.909486954e-07,nan,nan,nan,nan
3108,77.7,7.394021882e-07,5.909487019e-07,nan,nan,nan,nan
3109,77.725,7.394021916e-07,5.909486944e-07,nan,nan,nan,nan
3110,77.75,7.394021930e-07,5.909486812e-07,nan,nan,nan,nan
3111,77.775,7.394021917e-07,5.909486774e-07,nan,nan,nan,nan
3112,77.8,7.394021884e-07,5.909486843e-07,nan,nan,nan,nan
3113,77.825,7.394021874e-07,5.909486907e-07,nan,nan,nan,nan
3114,77.85,7.394021885e-07,5.909486902e-07,nan,nan,nan,nan
3115,77.875,7.394021915e-07,5.909486860e-07,nan,nan,nan,nan
3116,77.9,7.394021921e-07,5.909486863e-07,nan,nan,nan,nan
3117,77.925,7.394021909e-07,5.909486913e-07,nan,nan,nan,nan
3118,77.95,7.394021890e-07,5.909486930e-07,nan,nan,nan,nan
3119,77.975,7.394021891e-07,5.909486867e-07,nan,nan,nan,nan
3120,78,7.394021911e-07,5.909486775e-07,nan,nan,nan,nan
3121,78.025,7.394021919e-07,5.909486777e-07,nan,nan,nan,nan
3122,78.05,7.394021906e-07,5.909486896e-07,nan,nan,nan,nan
3123,78.075,7.394021882e-07,5.909487019e-07,nan,nan,nan,nan
3124,78.1,7.394021884e-07,5.909487009e-07,nan,nan,nan,nan
3125,78.125,7.394021908e-07,5.909486864e-07,nan,nan,nan,nan
3126,78.15,7.394021926e-07,5.909486734e-07,nan,nan,nan,nan
3127,78.175,7.394021908e-07,5.909486759e-07,nan,nan,nan,nan
3128,78.2,7.394021874e-07,5.909486888e-07,nan,nan,nan,nan
3129,78.225,7.394021852e-07,5.909486992e-07,nan,nan,nan,nan
3130,78.25,7.394021878e-07,5.909486967e-07,nan,nan,nan,nan
3131,78.275,7.394021914e-07,5.909486862e-07,nan,nan,nan,nan
3132,78.3,7.394021947e-07,5.909486801e-07,nan,nan,nan,nan
3133,78.325,7.394021935e-07,5.909486831e-07,nan,nan,nan,nan
3134,78.35,7.394021902e-07,5.909486876e-07,nan,nan,nan,nan
3135,78.375,7.394021867e-07,5.909486883e-07,nan,nan,nan,nan
3136,78.4,7.394021860e-07,5.909486860e-07,nan,nan,nan,nan
3137,78.425,7.394021897e-07,5.909486870e-07,nan,nan,nan,nan
3138,78.45,7.394021925e-07,5.909486916e-07,nan,nan,nan,nan
3139,78.475,7.394021923e-07,5.909486946e-07,nan,nan,nan,nan
3140,78.5,7.394021903e-07,5.909486883e-07,nan,nan,nan,nan
3141,78.525,7.394021891e-07,5.909486796e-07,nan,nan,nan,nan
3142,78.55,7.394021888e-07,5.909486761e-07,nan,nan,nan,nan
3143,78.575,7.394021904e-07,5.909486848e-07,nan,nan,nan,nan
3144,78.6,7.394021917e-07,5.909486967e-07,nan,nan,nan,nan
3145,78.625,7.394021898e-07,5.909486984e-07,nan,nan,nan,nan
3146,78.65,7.394021889e-07,5.909486891e-07,nan,nan,nan,nan
3147,78.675,7.394021900e-07,5.909486794e-07,nan,nan,nan,nan
3148,78.7,7.394021912e-07,5.909486784e-07,nan,nan,nan,nan
3149,78.725,7.394021907e-07,5.909486877e-07,nan,nan,nan,nan
3150,78.75,7.394021884e-07,5.909486953e-07,nan,nan,nan,nan
3151,78.775,7.394021871e-07,5.909486943e-07,nan,nan,nan,nan
3152,78.8,7.394021882e-07,5.909486877e-07,nan,nan,nan,nan
3153,78.825,7.394021924e-07,5.909486838e-07,nan,nan,nan,nan
3154,78.85,7.394021951e-07,5.909486855e-07,nan,nan,nan,nan
3155,78.875,7.394021929e-07,5.909486872e-07,nan,nan,nan,nan
3156,78.9,7.394021885e-07,5.909486866e-07,nan,nan,nan,nan
3157,78.925,7.394021853e-07,5.909486843e-07,nan,nan,nan,nan
3158,78.95,7.394021873e-07,5.909486855e-07,nan,nan,nan,nan
3159,78.975,7.394021926e-07,5.909486922e-07,nan,nan,nan,nan
3160,79,7.394021955e-07,5.909486944e-07,nan,nan,nan,nan
3161,79.025,7.394021925e-07,5.909486901e-07,nan,nan,nan,nan
3162,79.05,7.394021879e-07,5.909486811e-07,nan,nan,nan,nan
3163,79.075,7.394021854e-07,5.909486790e-07,nan,nan,nan,nan
3164,79.1,7.394021879e-07,5.909486859e-07,nan,nan,nan,nan
3165,79.125,7.394021903e-07,5.909486948e-07,nan,nan,nan,nan
3166,79.15,7.394021906e-07,5.909486966e-07,nan,nan,nan,nan
3167,79.175,7.394021882e-07,5.909486892e-07,nan,nan,nan,nan
3168,79.2,7.394021882e-07,5.909486818e-07,nan,nan,nan,nan
3169,79.225,7.394021905e-07,5.909486817e-07,nan,nan,nan,nan
3170,79.25,7.394021934e-07,5.909486878e-07,nan,nan,nan,nan
3171,79.275,7.394021927e-07,5.909486924e-07,nan,nan,nan,nan
3172,79.3,7.394021883e-07,5.909486909e-07,nan,nan,nan,nan
3173,79.325,7.394021842e-07,5.909486866e-07,nan,nan,nan,nan
3174,79.35,7.394021867e-07,5.909486849e-07,nan,nan,nan,nan
3175,79.375,7.394021930e-07,5.909486872e-07,nan,nan,nan,nan
3176,79.4,7.394021965e-07,5.909486880e-07,nan,nan,nan,nan
3177,79.425,7.394021930e-07,5.909486856e-07,nan,nan,nan,nan
3178,79.45,7.394021865e-07,5.909486830e-07,nan,nan,nan,nan
3179,79.475,7.394021838e-07,5.909486861e-07,nan,nan,nan,nan
3180,79.5,7.394021880e-07,5.909486931e-07,nan,nan,nan,nan
3181,79.525,7.394021956e-07,5.909486965e-07,nan,nan,nan,nan
3182,79.55,7.394021965e-07,5.909486905e-07,nan,nan,nan,nan
3183,79.575,7.394021917e-07,5.909486819e-07,nan,nan,nan,nan
3184,79.6,7.394021858e-07,5.909486787e-07,nan,nan,nan,nan
3185,79.625,7.394021845e-07,5.909486859e-07,nan,nan,nan,nan
3186,79.65,7.394021900e-07,5.909486952e-07,nan,nan,nan,nan
3187,79.675,7.394021939e-07,5.909486957e-07,nan,nan,nan,nan
3188,79.7,7.394021925e-07,5.909486879e-07,nan,nan,nan,nan
3189,79.725,7.394021871e-07,5.909486801e-07,nan,nan,nan,nan
3190,79.75,7.394021855e-07,5.909486813e-07,nan,nan,nan,nan
3191,79.775,7.394021887e-07,5.909486883e-07,nan,nan,nan,nan
3192,79.8,7.394021934e-07,5.909486931e-07,nan,nan,nan,nan
3193,79.825,7.394021927e-07,5.909486917e-07,nan,nan,nan,nan
3194,79.85,7.394021878e-07,5.909486856e-07,nan,nan,nan,nan
3195,79.875,7.394021842e-07,5.909486836e-07,nan,nan,nan,nan
3196,79.9,7.394021869e-07,5.909486866e-07,nan,nan,nan,nan
3197,79.925,7.394021937e-07,5.909486891e-07,nan,nan,nan,nan
3198,79.95,7.394021957e-07,5.909486878e-07,nan,nan,nan,nan
3199,79.975,7.394021906e-07,5.909486845e-07,nan,nan,nan,nan
3200,80,7.394021842e-07,5.909486848e-07,nan,nan,nan,nan
3201,80.025,7.394021842e-07,5.909486895e-07,nan,nan,nan,nan
3202,80.05,7.394021898e-07,5.909486927e-07,nan,nan,nan,nan
3203,80.075,7.394021948e-07,5.909486905e-07,nan,nan,nan,nan
3204,80.1,7.394021942e-07,5.909486837e-07,nan,nan,nan,nan
3205,80.125,7.394021870e-07,5.909486808e-07,nan,nan,nan,nan
3206,80.15,7.394021836e-07,5.909486851e-07,nan,nan,nan,nan
3207,80.175,7.394021863e-07,5.909486920e-07,nan,nan,nan,nan
3208,80.2,7.394021925e-07,5.909486942e-07,nan,nan,nan,nan
3209,80.225,7.394021941e-07,5.909486889e-07,nan,nan,nan,nan
3210,80.25,7.394021905e-07,5.909486829e-07,nan,nan,nan,nan
3211,80.275,7.394021851e-07,5.909486810e-07,nan,nan,nan,nan
3212,80.3,7.394021850e-07,5.909486855e-07,nan,nan,nan,nan
3213,80.325,7.394021896e-07,5.909486906e-07,nan,nan,nan,nan
3214,80.35,7.394021933e-07,5.909486916e-07,nan,nan,nan,nan
3215,80.375,7.394021923e-07,5.909486898e-07,nan,nan,nan,nan
3216,80.4,7.394021880e-07,5.909486870e-07,nan,nan,nan,nan
3217,80.425,7.394021862e-07,5.909486866e-07,nan,nan,nan,nan
3218,80.45,7.394021891e-07,5.909486864e-07,nan,nan,nan,nan
3219,80.475,7.394021935e-07,5.909486859e-07,nan,nan,nan,nan
3220,80.5,7.394021921e-07,5.909486864e-07,nan,nan,nan,nan
3221,80.525,7.394021868e-07,5.909486887e-07,nan,nan,nan,nan
3222,80.55,7.394021838e-07,5.909486906e-07,nan,nan,nan,nan
3223,80.575,7.394021865e-07,5.909486904e-07,nan,nan,nan,nan
3224,80.6,7.394021927e-07,5.909486868e-07,nan,nan,nan,nan
3225,80.625,7.394021956e-07,5.909486827e-07,nan,nan,nan,nan
3226,80.65,7.394021927e-07,5.909486828e-07,nan,nan,nan,nan
3227,80.675,7.394021866e-07,5.909486874e-07,nan,nan,nan,nan
3228,80.7,7.394021844e-07,5.909486914e-07,nan,nan,nan,nan
3229,80.725,7.394021883e-07,5.909486918e-07,nan,nan,nan,nan
3230,80.75,7.394021931e-07,5.909486880e-07,nan,nan,nan,nan
3231,80.775,7.394021941e-07,5.909486831e-07,nan,nan,nan,nan
3232,80.8,7.394021903e-07,5.909486828e-07,nan,nan,nan,nan
3233,80.825,7.394021867e-07,5.909486849e-07,nan,nan,nan,nan
3234,80.85,7.394021868e-07,5.909486885e-07,nan,nan,nan,nan
3235,80.875,7.394021893e-07,5.909486907e-07,nan,nan,nan,nan
3236,80.9,7.394021922e-07,5.909486911e-07,nan,nan,nan,nan
3237,80.925,7.394021902e-07,5.909486890e-07,nan,nan,nan,nan
3238,80.95,7.394021881e-07,5.909486856e-07,nan,nan,nan,nan
3239,80.975,7.394021868e-07,5.909486826e-07,nan,nan,nan,nan
3240,81,7.394021887e-07,5.909486819e-07,nan,nan,nan,nan
3241,81.025,7.394021919e-07,5.909486861e-07,nan,nan,nan,nan
3242,81.05,7.394021906e-07,5.909486925e-07,nan,nan,nan,nan
3243,81.075,7.394021881e-07,5.909486950e-07,nan,nan,nan,nan
3244,81.1,7.394021862e-07,5.909486906e-07,nan,nan,nan,nan
3245,81.125,7.394021883e-07,5.909486832e-07,nan,nan,nan,nan
3246,81.15,7.394021910e-07,5.909486801e-07,nan,nan,nan,nan
3247,81.175,7.394021924e-07,5.909486836e-07,nan,nan,nan,nan
3248,81.2,7.394021904e-07,5.909486892e-07,nan,nan,nan,nan
3249,81.225,7.394021874e-07,5.909486922e-07,nan,nan,nan,nan
3250,81.25,7.394021856e-07,5.909486902e-07,nan,nan,nan,nan
3251,81.275,7.394021875e-07,5.909486869e-07,nan,nan,nan,nan
3252,81.3,7.394021916e-07,5.909486856e-07,nan,nan,nan,nan
3253,81.325,7.394021932e-07,5.909486851e-07,nan,nan,nan,nan
3254,81.35,7.394021909e-07,5.909486849e-07,nan,nan,nan,nan
3255,81.375,7.394021863e-07,5.909486834e-07,nan,nan,nan,nan
3256,81.4,7.394021853e-07,5.909486858e-07,nan,nan,nan,nan
3257,81.425,7.394021874e-07,5.909486910e-07,nan,nan,nan,nan
3258,81.45,7.394021915e-07,5.909486948e-07,nan,nan,nan,nan
3259,81.475,7.394021931e-07,5.909486914e-07,nan,nan,nan,nan
3260,81.5,7.394021913e-07,5.909486814e-07,nan,nan,nan,nan
3261,81.525,7.394021879e-07,5.909486760e-07,nan,nan,nan,nan
3262,81.55,7.394021882e-07,5.909486814e-07,nan,nan,nan,nan
3263,81.575,7.394021907e-07,5.909486938e-07,nan,nan,nan,nan
3264,81.6,7.394021925e-07,5.909487011e-07,nan,nan,nan,nan
3265,81.625,7.394021914e-07,5.909486961e-07,nan,nan,nan,nan
3266,81.65,7.394021881e-07,5.909486826e-07,nan,nan,nan,nan
3267,81.675,7.394021874e-07,5.909486754e-07,nan,nan,nan,nan
3268,81.7,7.394021895e-07,5.909486799e-07,nan,nan,nan,nan
3269,81.725,7.394021918e-07,5.909486895e-07,nan,nan,nan,nan
3270,81.75,7.394021921e-07,5.909486945e-07,nan,nan,nan,nan
3271,81.775,7.394021893e-07,5.909486912e-07,nan,nan,nan,nan
3272,81.8,7.394021860e-07,5.909486858e-07,nan,nan,nan,nan
3273,81.825,7.394021874e-07,5.909486856e-07,nan,nan,nan,nan
3274,81.85,7.394021924e-07,5.909486874e-07,nan,nan,nan,nan
3275,81.875,7.394021957e-07,5.909486866e-07,nan,nan,nan,nan
3276,81.9,7.394021936e-07,5.909486814e-07,nan,nan,nan,nan
3277,81.925,7.394021884e-07,5.909486804e-07,nan,nan,nan,nan
3278,81.95,7.394021858e-07,5.909486874e-07,nan,nan,nan,nan
3279,81.975,7.394021893e-07,5.909486971e-07,nan,nan,nan,nan
3280,82,7.394021932e-07,5.909486980e-07,nan,nan,nan,nan
3281,82.025,7.394021949e-07,5.909486865e-07,nan,nan,nan,nan
3282,82.05,7.394021908e-07,5.909486732e-07,nan,nan,nan,nan
3283,82.075,7.394021857e-07,5.909486734e-07,nan,nan,nan,nan
3284,82.1,7.394021862e-07,5.909486867e-07,nan,nan,nan,nan
3285,82.125,7.394021904e-07,5.909487003e-07,nan,nan,nan,nan
3286,82.15,7.394021943e-07,5.909486995e-07,nan,nan,nan,nan
3287,82.175,7.394021930e-07,5.909486867e-07,nan,nan,nan,nan
3288,82.2,7.394021882e-07,5.909486752e-07,nan,nan,nan,nan
3289,82.225,7.394021861e-07,5.909486779e-07,nan,nan,nan,nan
3290,82.25,7.394021874e-07,5.909486890e-07,nan,nan,nan,nan
3291,82.275,7.394021917e-07,5.909486960e-07,nan,nan,nan,nan
3292,82.3,7.394021932e-07,5.909486923e-07,nan,nan,nan,nan
3293,82.325,7.394021906e-07,5.909486856e-07,nan,nan,nan,nan
3294,82.35,7.394021873e-07,5.909486844e-07,nan,nan,nan,nan
3295,82.375,7.394021883e-07,5.909486880e-07,nan,nan,nan,nan
3296,82.4,7.394021914e-07,5.909486884e-07,nan,nan,nan,nan
3297,82.425,7.394021925e-07,5.909486830e-07,nan,nan,nan,nan
3298,82.45,7.394021905e-07,5.909486787e-07,nan,nan,nan,nan
3299,82.475,7.394021864e-07,5.909486837e-07,nan,nan,nan,nan
3300,82.5,7.394021876e-07,5.909486958e-07,nan,nan,nan,nan
3301,82.525,7.394021923e-07,5.909487011e-07,nan,nan,nan,nan
3302,82.55,7.394021965e-07,5.909486918e-07,nan,nan,nan,nan
3303,82.575,7.394021947e-07,5.909486760e-07,nan,nan,nan,nan
3304,82.6,7.394021881e-07,5.909486717e-07,nan,nan,nan,nan
3305,82.625,7.394021838e-07,5.909486833e-07,nan,nan,nan,nan
3306,82.65,7.394021851e-07,5.909486992e-07,nan,nan,nan,nan
3307,82.675,7.394021916e-07,5.909487034e-07,nan,nan,nan,nan
3308,82.7,7.394021957e-07,5.909486918e-07,nan,nan,nan,nan
3309,82.725,7.394021929e-07,5.909486780e-07,nan,nan,nan,nan
3310,82.75,7.394021884e-07,5.909486756e-07,nan,nan,nan,nan
3311,82.775,7.394021859e-07,5.909486855e-07,nan,nan,nan,nan
3312,82.8,7.394021896e-07,5.909486941e-07,nan,nan,nan,nan
3313,82.825,7.394021924e-07,5.909486937e-07,nan,nan,nan,nan
3314,82.85,7.394021933e-07,5.909486878e-07,nan,nan,nan,nan
3315,82.875,7.394021900e-07,5.909486864e-07,nan,nan,nan,nan
3316,82.9,7.394021874e-07,5.909486892e-07,nan,nan,nan,nan
3317,82.925,7.394021889e-07,5.909486904e-07,nan,nan,nan,nan
3318,82.95,7.394021921e-07,5.909486847e-07,nan,nan,nan,nan
3319,82.975,7.394021926e-07,5.909486786e-07,nan,nan,nan,nan
3320,83,7.394021892e-07,5.909486821e-07,nan,nan,nan,nan
3321,83.025,7.394021864e-07,5.909486939e-07,nan,nan,nan,nan
3322,83.05,7.394021862e-07,5.909487031e-07,nan,nan,nan,nan
3323,83.075,7.394021910e-07,5.909486962e-07,nan,nan,nan,nan
3324,83.1,7.394021942e-07,5.909486811e-07,nan,nan,nan,nan
3325,83.125,7.394021934e-07,5.909486715e-07,nan,nan,nan,nan
3326,83.15,7.394021884e-07,5.909486778e-07,nan,nan,nan,nan
3327,83.175,7.394021851e-07,5.909486940e-07,nan,nan,nan,nan
3328,83.2,7.394021875e-07,5.909487016e-07,nan,nan,nan,nan
3329,83.225,7.394021924e-07,5.909486952e-07,nan,nan,nan,nan
3330,83.25,7.394021946e-07,5.909486824e-07,nan,nan,nan,nan
3331,83.275,7.394021930e-07,5.909486773e-07,nan,nan,nan,nan
3332,83.3,7.394021883e-07,5.909486826e-07,nan,nan,nan,nan
3333,83.325,7.394021862e-07,5.909486908e-07,nan,nan,nan,nan
3334,83.35,7.394021892e-07,5.909486930e-07,nan,nan,nan,nan
3335,83.375,7.394021921e-07,5.909486902e-07,nan,nan,nan,nan
3336,83.4,7.394021923e-07,5.909486871e-07,nan,nan,nan,nan
3337,83.425,7.394021895e-07,5.909486889e-07,nan,nan,nan,nan
3338,83.45,7.394021872e-07,5.909486885e-07,nan,nan,nan,nan
3339,83.475,7.394021867e-07,5.909486839e-07,nan,nan,nan,nan
3340,83.5,7.394021903e-07,5.909486804e-07,nan,nan,nan,nan
3341,83.525,7.394021935e-07,5.909486838e-07,nan,nan,nan,nan
3342,83.55,7.394021928e-07,5.909486936e-07,nan,nan,nan,nan
3343,83.575,7.394021895e-07,5.909487017e-07,nan,nan,nan,nan
3344,83.6,7.394021874e-07,5.909486962e-07,nan,nan,nan,nan
3345,83.625,7.394021885e-07,5.909486832e-07,nan,nan,nan,nan
3346,83.65,7.394021915e-07,5.909486740e-07,nan,nan,nan,nan
3347,83.675,7.394021926e-07,5.909486776e-07,nan,nan,nan,nan
3348,83.7,7.394021903e-07,5.909486898e-07,nan,nan,nan,nan
3349,83.725,7.394021874e-07,5.909486978e-07,nan,nan,nan,nan
3350,83.75,7.394021880e-07,5.909486962e-07,nan,nan,nan,nan
3351,83.775,7.394021920e-07,5.909486870e-07,nan,nan,nan,nan
3352,83.8,7.394021939e-07,5.909486815e-07,nan,nan,nan,nan
3353,83.825,7.394021906e-07,5.909486822e-07,nan,nan,nan,nan
3354,83.85,7.394021853e-07,5.909486850e-07,nan,nan,nan,nan
3355,83.875,7.394021833e-07,5.909486859e-07,nan,nan,nan,nan
3356,83.9,7.394021887e-07,5.909486884e-07,nan,nan,nan,nan
3357,83.925,7.394021962e-07,5.909486916e-07,nan,nan,nan,nan
3358,83.95,7.394021982e-07,5.909486956e-07,nan,nan,nan,nan
3359,83.975,7.394021925e-07,5.909486934e-07,nan,nan,nan,nan
3360,84,7.394021852e-07,5.909486849e-07,nan,nan,nan,nan
3361,84.025,7.394021821e-07,5.909486768e-07,nan,nan,nan,nan
3362,84.05,7.394021869e-07,5.909486792e-07,nan,nan,nan,nan
3363,84.075,7.394021929e-07,5.909486902e-07,nan,nan,nan,nan
3364,84.1,7.394021951e-07,5.909486987e-07,nan,nan,nan,nan
3365,84.125,7.394021916e-07,5.909486967e-07,nan,nan,nan,nan
3366,84.15,7.394021875e-07,5.909486848e-07,nan,nan,nan,nan
3367,84.175,7.394021881e-07,5.909486764e-07,nan,nan,nan,nan
3368,84.2,7.394021913e-07,5.909486792e-07,nan,nan,nan,nan
3369,84.225,7.394021927e-07,5.909486885e-07,nan,nan,nan,nan
3370,84.25,7.394021893e-07,5.909486946e-07,nan,nan,nan,nan
3371,84.275,7.394021873e-07,5.909486935e-07,nan,nan,nan,nan
3372,84.3,7.394021905e-07,5.909486886e-07,nan,nan,nan,nan
3373,84.325,7.394021951e-07,5.909486871e-07,nan,nan,nan,nan
3374,84.35,7.394021962e-07,5.909486874e-07,nan,nan,nan,nan
3375,84.375,7.394021903e-07,5.909486868e-07,nan,nan,nan,nan
3376,84.4,7.394021828e-07,5.909486840e-07,nan,nan,nan,nan
3377,84.425,7.394021820e-07,5.909486838e-07,nan,nan,nan,nan
3378,84.45,7.394021896e-07,5.909486895e-07,nan,nan,nan,nan
3379,84.475,7.394021978e-07,5.909486958e-07,nan,nan,nan,nan
3380,84.5,7.394021976e-07,5.909486957e-07,nan,nan,nan,nan
3381,84.525,7.394021890e-07,5.909486868e-07,nan,nan,nan,nan
3382,84.55,7.394021807e-07,5.909486765e-07,nan,nan,nan,nan
3383,84.575,7.394021828e-07,5.909486765e-07,nan,nan,nan,nan
3384,84.6,7.394021914e-07,5.909486871e-07,nan,nan,nan,nan
3385,84.625,7.394021984e-07,5.909486969e-07,nan,nan,nan,nan
3386,84.65,7.394021966e-07,5.909486960e-07,nan,nan,nan,nan
3387,84.675,7.394021897e-07,5.909486862e-07,nan,nan,nan,nan
3388,84.7,7.394021858e-07,5.909486797e-07,nan,nan,nan,nan
3389,84.725,7.394021876e-07,5.909486833e-07,nan,nan,nan,nan
3390,84.75,7.394021916e-07,5.909486910e-07,nan,nan,nan,nan
3391,84.775,7.394021923e-07,5.909486940e-07,nan,nan,nan,nan
3392,84.8,7.394021902e-07,5.909486912e-07,nan,nan,nan,nan
3393,84.825,7.394021887e-07,5.909486854e-07,nan,nan,nan,nan
3394,84.85,7.394021918e-07,5.909486853e-07,nan,nan,nan,nan
3395,84.875,7.394021961e-07,5.909486887e-07,nan,nan,nan,nan
3396,84.9,7.394021931e-07,5.909486906e-07,nan,nan,nan,nan
3397,84.925,7.394021867e-07,5.909486871e-07,nan,nan,nan,nan
3398,84.95,7.394021829e-07,5.909486835e-07,nan,nan,nan,nan
3399,84.975,7.394021854e-07,5.909486860e-07,nan,nan,nan,nan
3400,85,7.394021929e-07,5.909486935e-07,nan,nan,nan,nan
3401,85.025,7.394021975e-07,5.909486950e-07,nan,nan,nan,nan
3402,85.05,7.394021942e-07,5.909486875e-07,nan,nan,nan,nan
3403,85.075,7.394021871e-07,5.909486789e-07,nan,nan,nan,nan
3404,85.1,7.394021825e-07,5.909486787e-07,nan,nan,nan,nan
3405,85.125,7.394021853e-07,5.909486894e-07,nan,nan,nan,nan
3406,85.15,7.394021920e-07,5.909486988e-07,nan,nan,nan,nan
3407,85.175,7.394021952e-07,5.909486971e-07,nan,nan,nan,nan
3408,85.2,7.394021940e-07,5.909486861e-07,nan,nan,nan,nan
3409,85.225,7.394021908e-07,5.909486772e-07,nan,nan,nan,nan
3410,85.25,7.394021886e-07,5.909486793e-07,nan,nan,nan,nan
3411,85.275,7.394021879e-07,5.909486889e-07,nan,nan,nan,nan
3412,85.3,7.394021890e-07,5.909486960e-07,nan,nan,nan,nan
3413,85.325,7.394021897e-07,5.909486940e-07,nan,nan,nan,nan
3414,85.35,7.394021917e-07,5.909486871e-07,nan,nan,nan,nan
3415,85.375,7.394021939e-07,5.909486844e-07,nan,nan,nan,nan
3416,85.4,7.394021947e-07,5.909486861e-07,nan,nan,nan,nan
3417,85.425,7.394021905e-07,5.909486880e-07,nan,nan,nan,nan
3418,85.45,7.394021864e-07,5.909486869e-07,nan,nan,nan,nan
3419,85.475,7.394021837e-07,5.909486845e-07,nan,nan,nan,nan
3420,85.5,7.394021869e-07,5.909486861e-07,nan,nan,nan,nan
3421,85.525,7.394021926e-07,5.909486916e-07,nan,nan,nan,nan
3422,85.55,7.394021958e-07,5.909486947e-07,nan,nan,nan,nan
3423,85.575,7.394021937e-07,5.909486897e-07,nan,nan,nan,nan
3424,85.6,7.394021895e-07,5.909486815e-07,nan,nan,nan,nan
3425,85.625,7.394021873e-07,5.909486788e-07,nan,nan,nan,nan
3426,85.65,7.394021884e-07,5.909486846e-07,nan,nan,nan,nan
3427,85.675,7.394021896e-07,5.909486939e-07,nan,nan,nan,nan
3428,85.7,7.394021916e-07,5.909486957e-07,nan,nan,nan,nan
3429,85.725,7.394021929e-07,5.909486897e-07,nan,nan,nan,nan
3430,85.75,7.394021936e-07,5.909486819e-07,nan,nan,nan,nan
3431,85.775,7.394021923e-07,5.909486811e-07,nan,nan,nan,nan
3432,85.8,7.394021886e-07,5.909486872e-07,nan,nan,nan,nan
3433,85.825,7.394021848e-07,5.909486933e-07,nan,nan,nan,nan
3434,85.85,7.394021849e-07,5.909486934e-07,nan,nan,nan,nan
3435,85.875,7.394021900e-07,5.909486889e-07,nan,nan,nan,nan
3436,85.9,7.394021964e-07,5.909486854e-07,nan,nan,nan,nan
3437,85.925,7.394021971e-07,5.909486850e-07,nan,nan,nan,nan
3438,85.95,7.394021908e-07,5.909486871e-07,nan,nan,nan,nan
3439,85.975,7.394021838e-07,5.909486867e-07,nan,nan,nan,nan
3440,86,7.394021835e-07,5.909486868e-07,nan,nan,nan,nan
3441,86.025,7.394021887e-07,5.909486877e-07,nan,nan,nan,nan
3442,86.05,7.394021948e-07,5.909486902e-07,nan,nan,nan,nan
3443,86.075,7.394021951e-07,5.909486915e-07,nan,nan,nan,nan
3444,86.1,7.394021908e-07,5.909486886e-07,nan,nan,nan,nan
3445,86.125,7.394021885e-07,5.909486841e-07,nan,nan,nan,nan
3446,86.15,7.394021885e-07,5.909486819e-07,nan,nan,nan,nan
3447,86.175,7.394021893e-07,5.909486858e-07,nan,nan,nan,nan
3448,86.2,7.394021868e-07,5.909486914e-07,nan,nan,nan,nan
3449,86.225,7.394021852e-07,5.909486925e-07,nan,nan,nan,nan
3450,86.25,7.394021877e-07,5.909486903e-07,nan,nan,nan,nan
3451,86.275,7.394021948e-07,5.909486859e-07,nan,nan,nan,nan
3452,86.3,7.394021990e-07,5.909486833e-07,nan,nan,nan,nan
3453,86.325,7.394021947e-07,5.909486850e-07,nan,nan,nan,nan
3454,86.35,7.394021830e-07,5.909486893e-07,nan,nan,nan,nan
3455,86.375,7.394021770e-07,5.909486923e-07,nan,nan,nan,nan
3456,86.4,7.394021835e-07,5.909486926e-07,nan,nan,nan,nan
3457,86.425,7.394021970e-07,5.909486894e-07,nan,nan,nan,nan
3458,86.45,7.394022036e-07,5.909486856e-07,nan,nan,nan,nan
3459,86.475,7.394021962e-07,5.909486823e-07,nan,nan,nan,nan
3460,86.5,7.394021833e-07,5.909486831e-07,nan,nan,nan,nan
3461,86.525,7.394021793e-07,5.909486875e-07,nan,nan,nan,nan
3462,86.55,7.394021850e-07,5.909486919e-07,nan,nan,nan,nan
3463,86.575,7.394021938e-07,5.909486928e-07,nan,nan,nan,nan
3464,86.6,7.394021955e-07,5.909486889e-07,nan,nan,nan,nan
3465,86.625,7.394021898e-07,5.909486835e-07,nan,nan,nan,nan
3466,86.65,7.394021865e-07,5.909486821e-07,nan,nan,nan,nan
3467,86.675,7.394021890e-07,5.909486859e-07,nan,nan,nan,nan
3468,86.7,7.394021933e-07,5.909486906e-07,nan,nan,nan,nan
3469,86.725,7.394021914e-07,5.909486919e-07,nan,nan,nan,nan
3470,86.75,7.394021836e-07,5.909486907e-07,nan,nan,nan,nan
3471,86.775,7.394021810e-07,5.909486874e-07,nan,nan,nan,nan
3472,86.8,7.394021893e-07,5.909486867e-07,nan,nan,nan,nan
3473,86.825,7.394022004e-07,5.909486871e-07,nan,nan,nan,nan
3474,86.85,7.394022034e-07,5.909486870e-07,nan,nan,nan,nan
3475,86.875,7.394021910e-07,5.909486866e-07,nan,nan,nan,nan
3476,86.9,7.394021779e-07,5.909486872e-07,nan,nan,nan,nan
3477,86.925,7.394021767e-07,5.909486905e-07,nan,nan,nan,nan
3478,86.95,7.394021895e-07,5.909486927e-07,nan,nan,nan,nan
3479,86.975,7.394022012e-07,5.909486892e-07,nan,nan,nan,nan
3480,87,7.394021994e-07,5.909486824e-07,nan,nan,nan,nan
3481,87.025,7.394021873e-07,5.909486784e-07,nan,nan,nan,nan
3482,87.05,7.394021786e-07,5.909486828e-07,nan,nan,nan,nan
3483,87.075,7.394021830e-07,5.909486932e-07,nan,nan,nan,nan
3484,87.1,7.394021941e-07,5.909486978e-07,nan,nan,nan,nan
3485,87.125,7.394021992e-07,5.909486923e-07,nan,nan,nan,nan
3486,87.15,7.394021906e-07,5.909486822e-07,nan,nan,nan,nan
3487,87.175,7.394021825e-07,5.909486777e-07,nan,nan,nan,nan
3488,87.2,7.394021838e-07,5.909486826e-07,nan,nan,nan,nan
3489,87.225,7.394021930e-07,5.909486929e-07,nan,nan,nan,nan
3490,87.25,7.394021974e-07,5.909486964e-07,nan,nan,nan,nan
3491,87.275,7.394021899e-07,5.909486928e-07,nan,nan,nan,nan
3492,87.3,7.394021808e-07,5.909486858e-07,nan,nan,nan,nan
3493,87.325,7.394021807e-07,5.909486830e-07,nan,nan,nan,nan
3494,87.35,7.394021923e-07,5.909486846e-07,nan,nan,nan,nan
3495,87.375,7.394022003e-07,5.909486861e-07,nan,nan,nan,nan
3496,87.4,7.394021960e-07,5.909486855e-07,nan,nan,nan,nan
3497,87.425,7.394021835e-07,5.909486860e-07,nan,nan,nan,nan
3498,87.45,7.394021765e-07,5.909486894e-07,nan,nan,nan,nan
3499,87.475,7.394021834e-07,5.909486942e-07,nan,nan,nan,nan
3500,87.5,7.394021965e-07,5.909486918e-07,nan,nan,nan,nan
3501,87.525,7.394022012e-07,5.909486829e-07,nan,nan,nan,nan
3502,87.55,7.394021915e-07,5.909486764e-07,nan,nan,nan,nan
3503,87.575,7.394021811e-07,5.909486787e-07,nan,nan,nan,nan
3504,87.6,7.394021802e-07,5.909486905e-07,nan,nan,nan,nan
3505,87.625,7.394021896e-07,5.909487000e-07,nan,nan,nan,nan
3506,87.65,7.394021975e-07,5.909486978e-07,nan,nan,nan,nan
3507,87.675,7.394021954e-07,5.909486868e-07,nan,nan,nan,nan
3508,87.7,7.394021864e-07,5.909486772e-07,nan,nan,nan,nan
3509,87.725,7.394021832e-07,5.909486783e-07,nan,nan,nan,nan
3510,87.75,7.394021876e-07,5.909486879e-07,nan,nan,nan,nan
3511,87.775,7.394021937e-07,5.909486947e-07,nan,nan,nan,nan
3512,87.8,7.394021933e-07,5.909486937e-07,nan,nan,nan,nan
3513,87.825,7.394021870e-07,5.909486875e-07,nan,nan,nan,nan
3514,87.85,7.394021833e-07,5.909486838e-07,nan,nan,nan,nan
3515,87.875,7.394021884e-07,5.909486848e-07,nan,nan,nan,nan
3516,87.9,7.394021947e-07,5.909486865e-07,nan,nan,nan,nan
3517,87.925,7.394021949e-07,5.909486859e-07,nan,nan,nan,nan
3518,87.95,7.394021894e-07,5.909486851e-07,nan,nan,nan,nan
3519,87.975,7.394021831e-07,5.909486883e-07,nan,nan,nan,nan
3520,88,7.394021842e-07,5.909486925e-07,nan,nan,nan,nan
3521,88.025,7.394021922e-07,5.909486932e-07,nan,nan,nan,nan
3522,88.05,7.394021974e-07,5.909486860e-07,nan,nan,nan,nan
3523,88.075,7.394021936e-07,5.909486784e-07,nan,nan,nan,nan
3524,88.1,7.394021871e-07,5.909486784e-07,nan,nan,nan,nan
3525,88.125,7.394021840e-07,5.909486877e-07,nan,nan,nan,nan
3526,88.15,7.394021872e-07,5.909486966e-07,nan,nan,nan,nan
3527,88.175,7.394021916e-07,5.909486967e-07,nan,nan,nan,nan
3528,88.2,7.394021937e-07,5.909486873e-07,nan,nan,nan,nan
3529,88.225,7.394021918e-07,5.909486785e-07,nan,nan,nan,nan
3530,88.25,7.394021883e-07,5.909486781e-07,nan,nan,nan,nan
3531,88.275,7.394021879e-07,5.909486851e-07,nan,nan,nan,nan
3532,88.3,7.394021884e-07,5.909486923e-07,nan,nan,nan,nan
3533,88.325,7.394021889e-07,5.909486933e-07,nan,nan,nan,nan
3534,88.35,7.394021890e-07,5.909486880e-07,nan,nan,nan,nan
3535,88.375,7.394021891e-07,5.909486842e-07,nan,nan,nan,nan
3536,88.4,7.394021908e-07,5.909486838e-07,nan,nan,nan,nan
3537,88.425,7.394021905e-07,5.909486840e-07,nan,nan,nan,nan
3538,88.45,7.394021895e-07,5.909486851e-07,nan,nan,nan,nan
3539,88.475,7.394021880e-07,5.909486878e-07,nan,nan,nan,nan
3540,88.5,7.394021891e-07,5.909486914e-07,nan,nan,nan,nan
3541,88.525,7.394021910e-07,5.909486941e-07,nan,nan,nan,nan
3542,88.55,7.394021927e-07,5.909486913e-07,nan,nan,nan,nan
3543,88.575,7.394021916e-07,5.909486837e-07,nan,nan,nan,nan
3544,88.6,7.394021896e-07,5.909486766e-07,nan,nan,nan,nan
3545,88.625,7.394021889e-07,5.909486777e-07,nan,nan,nan,nan
3546,88.65,7.394021898e-07,5.909486860e-07,nan,nan,nan,nan
3547,88.675,7.394021909e-07,5.909486955e-07,nan,nan,nan,nan
3548,88.7,7.394021903e-07,5.909486970e-07,nan,nan,nan,nan
3549,88.725,7.394021896e-07,5.909486894e-07,nan,nan,nan,nan
3550,88.75,7.394021911e-07,5.909486816e-07,nan,nan,nan,nan
3551,88.775,7.394021933e-07,5.909486797e-07,nan,nan,nan,nan
3552,88.8,7.394021928e-07,5.909486837e-07,nan,nan,nan,nan
3553,88.825,7.394021892e-07,5.909486902e-07,nan,nan,nan,nan
3554,88.85,7.394021846e-07,5.909486938e-07,nan,nan,nan,nan
3555,88.875,7.394021853e-07,5.909486953e-07,nan,nan,nan,nan
3556,88.9,7.394021912e-07,5.909486920e-07,nan,nan,nan,nan
3557,88.925,7.394021958e-07,5.909486866e-07,nan,nan,nan,nan
3558,88.95,7.394021932e-07,5.909486802e-07,nan,nan,nan,nan
3559,88.975,7.394021863e-07,5.909486772e-07,nan,nan,nan,nan
3560,89,7.394021821e-07,5.909486825e-07,nan,nan,nan,nan
3561,89.025,7.394021866e-07,5.909486920e-07,nan,nan,nan,nan
3562,89.05,7.394021946e-07,5.909486985e-07,nan,nan,nan,nan
3563,89.075,7.394021973e-07,5.909486951e-07,nan,nan,nan,nan
3564,89.1,7.394021908e-07,5.909486844e-07,nan,nan,nan,nan
3565,89.125,7.394021845e-07,5.909486759e-07,nan,nan,nan,nan
3566,89.15,7.394021846e-07,5.909486779e-07,nan,nan,nan,nan
3567,89.175,7.394021912e-07,5.909486881e-07,nan,nan,nan,nan
3568,89.2,7.394021965e-07,5.909486958e-07,nan,nan,nan,nan
3569,89.225,7.394021930e-07,5.909486962e-07,nan,nan,nan,nan
3570,89.25,7.394021866e-07,5.909486887e-07,nan,nan,nan,nan
3571,89.275,7.394021835e-07,5.909486839e-07,nan,nan,nan,nan
3572,89.3,7.394021885e-07,5.909486824e-07,nan,nan,nan,nan
3573,89.325,7.394021938e-07,5.909486835e-07,nan,nan,nan,nan
3574,89.35,7.394021924e-07,5.909486850e-07,nan,nan,nan,nan
3575,89.375,7.394021858e-07,5.909486863e-07,nan,nan,nan,nan
3576,89.4,7.394021830e-07,5.909486912e-07,nan,nan,nan,nan
3577,89.425,7.394021883e-07,5.909486965e-07,nan,nan,nan,nan
3578,89.45,7.394021956e-07,5.909486947e-07,nan,nan,nan,nan
3579,89.475,7.394021963e-07,5.909486861e-07,nan,nan,nan,nan
3580,89.5,7.394021883e-07,5.909486770e-07,nan,nan,nan,nan
3581,89.525,7.394021815e-07,5.909486766e-07,nan,nan,nan,nan
3582,89.55,7.394021841e-07,5.909486884e-07,nan,nan,nan,nan
3583,89.575,7.394021938e-07,5.909487005e-07,nan,nan,nan,nan
3584,89.6,7.394021997e-07,5.909487003e-07,nan,nan,nan,nan
3585,89.625,7.394021955e-07,5.909486872e-07,nan,nan,nan,nan
3586,89.65,7.394021849e-07,5.909486751e-07,nan,nan,nan,nan
3587,89.675,7.394021800e-07,5.909486761e-07,nan,nan,nan,nan
3588,89.7,7.394021852e-07,5.909486868e-07,nan,nan,nan,nan
3589,89.725,7.394021931e-07,5.909486978e-07,nan,nan,nan,nan
3590,89.75,7.394021943e-07,5.909486978e-07,nan,nan,nan,nan
3591,89.775,7.394021897e-07,5.909486894e-07,nan,nan,nan,nan
3592,89.8,7.394021864e-07,5.909486835e-07,nan,nan,nan,nan
3593,89.825,7.394021886e-07,5.909486853e-07,nan,nan,nan,nan
3594,89.85,7.394021925e-07,5.909486880e-07,nan,nan,nan,nan
3595,89.875,7.394021925e-07,5.909486868e-07,nan,nan,nan,nan
3596,89.9,7.394021871e-07,5.909486837e-07,nan,nan,nan,nan
3597,89.925,7.394021840e-07,5.909486856e-07,nan,nan,nan,nan
3598,89.95,7.394021879e-07,5.909486926e-07,nan,nan,nan,nan
3599,89.975,7.394021957e-07,5.909486979e-07,nan,nan,nan,nan
3600,90,7.394021981e-07,5.909486913e-07,nan,nan,nan,nan
