n,t,maxE_SF,maxH_SF,W_total,W_phys,divE_TF,divH_TF
1,0.025,0.000000000e+00,0.000000000e+00,nan,nan,nan,nan
2,0.05,0.000000000e+00,0.000000000e+00,nan,nan,nan,nan
3,0.075,0.000000000e+00,0.000000000e+00,nan,nan,nan,nan
4,0.1,0.000000000e+00,0.000000000e+00,nan,nan,nan,nan
5,0.125,0.000000000e+00,0.000000000e+00,nan,nan,nan,nan
6,0.15,0.000000000e+00,0.000000000e+00,nan,nan,nan,nan
7,0.175,0.000000000e+00,0.000000000e+00,nan,nan,nan,nan
8,0.2,0.000000000e+00,0.000000000e+00,nan,nan,nan,nan
9,0.225,0.000000000e+00,0.000000000e+00,nan,nan,nan,nan
10,0.25,0.000000000e+00,0.000000000e+00,nan,nan,nan,nan
11,0.275,0.000000000e+00,0.000000000e+00,nan,nan,nan,nan
12,0.3,0.000000000e+00,0.000000000e+00,nan,nan,nan,nan
13,0.325,0.000000000e+00,0.000000000e+00,nan,nan,nan,nan
14,0.35,0.000000000e+00,0.000000000e+00,nan,nan,nan,nan
15,0.375,0.000000000e+00,0.000000000e+00,nan,nan,nan,nan
16,0.4,0.000000000e+00,0.000000000e+00,nan,nan,nan,nan
17,0.425,0.000000000e+00,0.000000000e+00,nan,nan,nan,nan
18,0.45,0.000000000e+00,0.000000000e+00,nan,nan,nan,nan
19,0.475,0.000000000e+00,0.000000000e+00,nan,nan,nan,nan
20,0.5,0.000000000e+00,0.000000000e+00,nan,nan,0.000000e+00,0.000000e+00
21,0.525,0.000000000e+00,0.000000000e+00,nan,nan,nan,nan
22,0.55,0.000000000e+00,0.000000000e+00,nan,nan,nan,nan
23,0.575,0.000000000e+00,0.000000000e+00,nan,nan,nan,nan
24,0.6,0.000000000e+00,0.000000000e+00,nan,nan,nan,nan
25,0.625,0.000000000e+00,0.000000000e+00,nan,nan,nan,nan
26,0.65,0.000000000e+00,0.000000000e+00,nan,nan,nan,nan
27,0.675,0.000000000e+00,0.000000000e+00,nan,nan,nan,nan
28,0.7,0.000000000e+00,0.000000000e+00,nan,nan,nan,nan
29,0.725,0.000000000e+00,0.000000000e+00,nan,nan,nan,nan
30,0.75,0.000000000e+00,0.000000000e+00,nan,nan,nan,nan
31,0.775,0.000000000e+00,0.000000000e+00,nan,nan,nan,nan
32,0.8,0.000000000e+00,0.000000000e+00,nan,nan,nan,nan
33,0.825,0.000000000e+00,0.000000000e+00,nan,nan,nan,nan
34,0.85,0.000000000e+00,0.000000000e+00,nan,nan,nan,nan
35,0.875,0.000000000e+00,0.000000000e+00,nan,nan,nan,nan
36,0.9,0.000000000e+00,0.000000000e+00,nan,nan,nan,nan
37,0.925,0.000000000e+00,0.000000000e+00,nan,nan,nan,nan
38,0.95,0.000000000e+00,0.000000000e+00,nan,nan,nan,nan
39,0.975,0.000000000e+00,0.000000000e+00,nan,nan,nan,nan
40,1,0.000000000e+00,0.000000000e+00,nan,nan,0.000000e+00,0.000000e+00
41,1.025,0.000000000e+00,0.000000000e+00,nan,nan,nan,nan
42,1.05,0.000000000e+00,0.000000000e+00,nan,nan,nan,nan
43,1.075,3.340955888e-51,2.672764710e-51,nan,nan,nan,nan
44,1.1,8.753304426e-50,8.552847072e-50,nan,nan,nan,nan
45,1.125,2.074065415e-48,2.736911063e-48,nan,nan,nan,nan
46,1.15,3.324986118e-47,4.379057701e-47,nan,nan,nan,nan
47,1.175,3.061812341e-46,3.503246161e-46,nan,nan,nan,nan
48,1.2,3.596301137e-45,5.605193857e-45,nan,nan,nan,nan
49,1.225,3.573379574e-44,4.484155086e-44,nan,nan,nan,nan
50,1.25,2.921218409e-43,3.587324069e-43,nan,nan,nan,nan
51,1.275,1.749614873e-42,2.869859255e-42,nan,nan,nan,nan
52,1.3,1.134501085e-41,1.721915553e-41,nan,nan,nan,nan
53,1.325,7.856642069e-41,9.183549616e-41,nan,nan,nan,nan
54,1.35,3.645217688e-40,3.673419846e-40,nan,nan,nan,nan
55,1.375,1.519438430e-39,1.469367939e-39,nan,nan,nan,nan
56,1.4,7.439078940e-39,1.175494351e-38,nan,nan,nan,nan
57,1.425,3.467363462e-38,4.701977403e-38,nan,nan,nan,nan
58,1.45,1.363616188e-37,1.410593221e-37,nan,nan,nan,nan
59,1.475,5.584633782e-37,5.642372884e-37,nan,nan,nan,nan
60,1.5,1.588383891e-36,1.504632769e-36,nan,nan,4.055456e-36,5.583598e-37
61,1.525,6.111606223e-36,9.027796614e-36,nan,nan,nan,nan
62,1.55,1.793758558e-35,3.009265538e-35,nan,nan,nan,nan
63,1.575,5.376753854e-35,7.222237291e-35,nan,nan,nan,nan
64,1.6,1.610128936e-34,1.925929944e-34,nan,nan,nan,nan
65,1.625,5.586402338e-34,5.777789833e-34,nan,nan,nan,nan
66,1.65,1.305766463e-33,1.925929944e-33,nan,nan,nan,nan
67,1.675,3.383268577e-33,4.622231867e-33,nan,nan,nan,nan
68,1.7,8.249660637e-33,9.244463733e-33,nan,nan,nan,nan
69,1.725,1.736348013e-32,3.081487911e-32,nan,nan,nan,nan
70,1.75,4.484953157e-32,5.546678240e-32,nan,nan,nan,nan
71,1.775,9.316081612e-32,1.232595164e-31,nan,nan,nan,nan
72,1.8,2.603287364e-31,2.465190329e-31,nan,nan,nan,nan
73,1.825,4.151552732e-31,5.916456789e-31,nan,nan,nan,nan
74,1.85,6.727228386e-31,1.183291358e-30,nan,nan,nan,nan
75,1.875,1.120116652e-30,1.972152263e-30,nan,nan,nan,nan
76,1.9,2.167744681e-30,3.944304526e-30,nan,nan,nan,nan
77,1.925,3.485992951e-30,6.310887242e-30,nan,nan,nan,nan
78,1.95,5.061593270e-30,1.262177448e-29,nan,nan,nan,nan
79,1.975,9.738869428e-30,1.893266173e-29,nan,nan,nan,nan
80,2,1.567343084e-29,2.879342304e-29,nan,nan,1.400228e-28,7.099748e-29
81,2.025,2.040659627e-29,4.614836296e-29,nan,nan,nan,nan
82,2.05,2.700492304e-29,6.941975966e-29,nan,nan,nan,nan
83,2.075,4.265763905e-29,9.071900410e-29,nan,nan,nan,nan
84,2.1,5.685713534e-29,1.167514140e-28,nan,nan,nan,nan
85,2.125,8.683384974e-29,1.388395193e-28,nan,nan,nan,nan
86,2.15,1.089219551e-28,1.703939555e-28,nan,nan,nan,nan
87,2.175,1.259228601e-28,2.082592790e-28,nan,nan,nan,nan
88,2.2,1.630702893e-28,2.524354897e-28,nan,nan,nan,nan
89,2.225,1.820029510e-28,2.524354897e-28,nan,nan,nan,nan
90,2.25,2.009356128e-28,2.524354897e-28,nan,nan,nan,nan
91,2.275,2.514227107e-28,2.776790386e-28,nan,nan,nan,nan
92,2.3,2.700650252e-28,3.534096855e-28,nan,nan,nan,nan
93,2.325,2.514227107e-28,4.038967835e-28,nan,nan,nan,nan
94,2.35,2.748490239e-28,4.543838814e-28,nan,nan,nan,nan
95,2.375,3.346382975e-28,5.553580773e-28,nan,nan,nan,nan
96,2.4,4.311768630e-28,7.068193711e-28,nan,nan,nan,nan
97,2.425,4.564204120e-28,7.573064690e-28,nan,nan,nan,nan
98,2.45,5.137265095e-28,7.068193711e-28,nan,nan,nan,nan
99,2.475,5.515918330e-28,9.087677628e-28,nan,nan,nan,nan
100,2.5,4.969232201e-28,8.077935669e-28,nan,nan,8.709024e-27,7.573065e-27
101,2.525,5.070155829e-28,9.087677628e-28,nan,nan,nan,nan
102,2.55,5.642136075e-28,9.087677628e-28,nan,nan,nan,nan
103,2.575,6.610062884e-28,9.592548607e-28,nan,nan,nan,nan
104,2.6,6.447232776e-28,9.087677628e-28,nan,nan,nan,nan
105,2.625,7.709410225e-28,9.592548607e-28,nan,nan,nan,nan
106,2.65,7.961845714e-28,1.009741959e-27,nan,nan,nan,nan
107,2.675,7.558680095e-28,1.211690350e-27,nan,nan,nan,nan
108,2.7,8.466716694e-28,1.413638742e-27,nan,nan,nan,nan
109,2.725,1.023376512e-27,1.413638742e-27,nan,nan,nan,nan
110,2.75,9.534582388e-28,1.514612938e-27,nan,nan,nan,nan
111,2.775,8.880313140e-28,1.615587134e-27,nan,nan,nan,nan
112,2.8,1.015594037e-27,1.918509721e-27,nan,nan,nan,nan
113,2.825,1.167055331e-27,2.019483917e-27,nan,nan,nan,nan
114,2.85,1.268029527e-27,2.120458113e-27,nan,nan,nan,nan
115,2.875,1.318516625e-27,2.120458113e-27,nan,nan,nan,nan
116,2.9,1.469977919e-27,2.120458113e-27,nan,nan,nan,nan
117,2.925,1.552300201e-27,2.625329093e-27,nan,nan,nan,nan
118,2.95,1.905709887e-27,2.726303288e-27,nan,nan,nan,nan
119,2.975,1.839944218e-27,2.625329093e-27,nan,nan,nan,nan
120,3,1.904369375e-27,2.827277484e-27,nan,nan,2.765746e-26,2.322407e-26
121,3.025,2.108598497e-27,3.029225876e-27,nan,nan,nan,nan
122,3.05,2.106317767e-27,3.635071051e-27,nan,nan,nan,nan
123,3.075,2.209572693e-27,4.038967835e-27,nan,nan,nan,nan
124,3.1,2.916392064e-27,4.240916226e-27,nan,nan,nan,nan
125,3.125,3.421263043e-27,4.442864618e-27,nan,nan,nan,nan
126,3.15,3.825159827e-27,4.240916226e-27,nan,nan,nan,nan
127,3.175,3.825159827e-27,4.442864618e-27,nan,nan,nan,nan
128,3.2,3.689676250e-27,4.846761402e-27,nan,nan,nan,nan
129,3.225,3.320288847e-27,5.250658185e-27,nan,nan,nan,nan
130,3.25,3.322407214e-27,5.250658185e-27,nan,nan,nan,nan
131,3.275,3.513404406e-27,5.654554969e-27,nan,nan,nan,nan
132,3.3,3.663928853e-27,6.462348536e-27,nan,nan,nan,nan
133,3.325,4.217360660e-27,7.674038886e-27,nan,nan,nan,nan
134,3.35,4.295521425e-27,8.077935669e-27,nan,nan,nan,nan
135,3.375,4.607291843e-27,8.077935669e-27,nan,nan,nan,nan
136,3.4,5.705220127e-27,9.289626020e-27,nan,nan,nan,nan
137,3.425,5.907168519e-27,1.009741959e-26,nan,nan,nan,nan
138,3.45,5.448186203e-27,1.009741959e-26,nan,nan,nan,nan
139,3.475,5.664159365e-27,1.050131637e-26,nan,nan,nan,nan
140,3.5,6.256885418e-27,1.050131637e-26,nan,nan,8.683781e-26,7.674039e-26
141,3.525,7.309810789e-27,1.211690350e-26,nan,nan,nan,nan
142,3.55,7.915655964e-27,1.292469707e-26,nan,nan,nan,nan
143,3.575,9.730625969e-27,1.292469707e-26,nan,nan,nan,nan
144,3.6,9.730625969e-27,1.373249064e-26,nan,nan,nan,nan
145,3.625,1.005770195e-26,1.454028421e-26,nan,nan,nan,nan
146,3.65,1.175010989e-26,1.534807777e-26,nan,nan,nan,nan
147,3.675,1.376959380e-26,1.696366491e-26,nan,nan,nan,nan
148,3.7,1.097682570e-26,1.696366491e-26,nan,nan,nan,nan
149,3.725,1.138072248e-26,1.857925204e-26,nan,nan,nan,nan
150,3.75,1.218851605e-26,2.019483917e-26,nan,nan,nan,nan
151,3.775,1.218851605e-26,2.100263274e-26,nan,nan,nan,nan
152,3.8,1.302621251e-26,2.261821987e-26,nan,nan,nan,nan
153,3.825,1.423579224e-26,2.584939414e-26,nan,nan,nan,nan
154,3.85,1.481434899e-26,2.584939414e-26,nan,nan,nan,nan
155,3.875,1.645861587e-26,2.584939414e-26,nan,nan,nan,nan
156,3.9,1.767030622e-26,2.746498128e-26,nan,nan,nan,nan
157,3.925,1.885331683e-26,3.069615554e-26,nan,nan,nan,nan
158,3.95,1.928589335e-26,3.231174268e-26,nan,nan,nan,nan
159,3.975,2.170927405e-26,3.392732981e-26,nan,nan,nan,nan
160,4,2.071850475e-26,3.715850408e-26,nan,nan,3.614876e-25,2.908057e-25
161,4.025,2.285879575e-26,3.715850408e-26,nan,nan,nan,nan
162,4.05,2.456270231e-26,4.200526548e-26,nan,nan,nan,nan
163,4.075,2.551004469e-26,4.200526548e-26,nan,nan,nan,nan
164,4.1,2.770555715e-26,5.008320115e-26,nan,nan,nan,nan
165,4.125,3.255231855e-26,5.169878828e-26,nan,nan,nan,nan
166,4.15,3.820687352e-26,4.846761402e-26,nan,nan,nan,nan
167,4.175,3.611274911e-26,5.169878828e-26,nan,nan,nan,nan
168,4.2,3.497569925e-26,5.492996255e-26,nan,nan,nan,nan
169,4.225,4.057050129e-26,5.816113682e-26,nan,nan,nan,nan
170,4.25,3.733932702e-26,5.816113682e-26,nan,nan,nan,nan
171,4.275,3.312315050e-26,6.139231109e-26,nan,nan,nan,nan
172,4.3,4.281667330e-26,7.108583389e-26,nan,nan,nan,nan
173,4.325,4.927902184e-26,7.108583389e-26,nan,nan,nan,nan
174,4.35,5.314927033e-26,8.401053096e-26,nan,nan,nan,nan
175,4.375,5.089460897e-26,9.693522803e-26,nan,nan,nan,nan
176,4.4,5.251019610e-26,9.693522803e-26,nan,nan,nan,nan
177,4.425,5.255724701e-26,8.401053096e-26,nan,nan,nan,nan
178,4.45,5.848578823e-26,9.047287950e-26,nan,nan,nan,nan
179,4.475,6.496121955e-26,9.693522803e-26,nan,nan,nan,nan
180,4.5,6.911307707e-26,1.227846222e-25,nan,nan,1.038015e-24,9.370405e-25
181,4.525,7.211377935e-26,1.227846222e-25,nan,nan,nan,nan
182,4.55,7.923332739e-26,1.292469707e-25,nan,nan,nan,nan
183,4.575,8.447677446e-26,1.163222736e-25,nan,nan,nan,nan
184,4.6,9.740147153e-26,1.421716678e-25,nan,nan,nan,nan
185,4.625,9.740147153e-26,1.486340163e-25,nan,nan,nan,nan
186,4.65,1.038221658e-25,1.615587134e-25,nan,nan,nan,nan
187,4.675,1.006326458e-25,1.680210619e-25,nan,nan,nan,nan
188,4.7,9.760628656e-26,1.744834105e-25,nan,nan,nan,nan
189,4.725,1.185576636e-25,1.680210619e-25,nan,nan,nan,nan
190,4.75,1.176055765e-25,1.938704561e-25,nan,nan,nan,nan
191,4.775,1.240679251e-25,2.197198502e-25,nan,nan,nan,nan
192,4.8,1.358066792e-25,2.326445473e-25,nan,nan,nan,nan
193,4.825,1.422690277e-25,2.584939414e-25,nan,nan,nan,nan
194,4.85,1.487313763e-25,2.714186385e-25,nan,nan,nan,nan
195,4.875,1.681184219e-25,2.584939414e-25,nan,nan,nan,nan
196,4.9,1.745807704e-25,2.714186385e-25,nan,nan,nan,nan
197,4.925,1.623912073e-25,2.972680326e-25,nan,nan,nan,nan
198,4.95,1.788267040e-25,3.231174268e-25,nan,nan,nan,nan
199,4.975,1.916071020e-25,3.618915180e-25,nan,nan,nan,nan
200,5,2.133437395e-25,3.877409121e-25,nan,nan,3.069616e-24,2.843433e-24
201,5.025,2.144532755e-25,3.877409121e-25,nan,nan,nan,nan
202,5.05,2.446414059e-25,4.135903063e-25,nan,nan,nan,nan
203,5.075,2.850382953e-25,4.394397004e-25,nan,nan,nan,nan
204,5.1,3.108876895e-25,4.394397004e-25,nan,nan,nan,nan
205,5.125,3.367370836e-25,4.652890946e-25,nan,nan,nan,nan
206,5.15,3.367370836e-25,5.169878828e-25,nan,nan,nan,nan
207,5.175,3.367370836e-25,5.428372770e-25,nan,nan,nan,nan
208,5.2,3.444879433e-25,5.686866711e-25,nan,nan,nan,nan
209,5.225,3.832769221e-25,5.428372770e-25,nan,nan,nan,nan
210,5.25,3.703522250e-25,6.203854594e-25,nan,nan,nan,nan
211,5.275,3.445028309e-25,6.203854594e-25,nan,nan,nan,nan
212,5.3,3.915792217e-25,6.979336418e-25,nan,nan,nan,nan
213,5.325,4.548398347e-25,8.271806126e-25,nan,nan,nan,nan
214,5.35,4.936139259e-25,8.271806126e-25,nan,nan,nan,nan
215,5.375,4.911421030e-25,8.271806126e-25,nan,nan,nan,nan
216,5.4,5.469650652e-25,8.271806126e-25,nan,nan,nan,nan
217,5.425,6.055929178e-25,9.822769774e-25,nan,nan,nan,nan
218,5.45,5.428408912e-25,9.822769774e-25,nan,nan,nan,nan
219,5.475,5.345993147e-25,9.822769774e-25,nan,nan,nan,nan
220,5.5,5.604487089e-25,1.085674554e-24,nan,nan,9.822770e-24,8.271806e-24
221,5.525,6.296869451e-25,1.085674554e-24,nan,nan,nan,nan
222,5.55,6.396906016e-25,1.137373342e-24,nan,nan,nan,nan
223,5.575,6.893436359e-25,1.189072131e-24,nan,nan,nan,nan
224,5.6,8.881808865e-25,1.344168495e-24,nan,nan,nan,nan
225,5.625,9.915784630e-25,1.447566072e-24,nan,nan,nan,nan
226,5.65,8.623314923e-25,1.550963649e-24,nan,nan,nan,nan
227,5.675,9.915784630e-25,1.447566072e-24,nan,nan,nan,nan
228,5.7,1.043277251e-24,1.654361225e-24,nan,nan,nan,nan
229,5.725,9.806825157e-25,1.654361225e-24,nan,nan,nan,nan
230,5.75,1.058635099e-24,1.861156378e-24,nan,nan,nan,nan
231,5.775,1.239176457e-24,1.964553955e-24,nan,nan,nan,nan
232,5.8,1.161628275e-24,2.067951531e-24,nan,nan,nan,nan
233,5.825,1.174896367e-24,2.584939414e-24,nan,nan,nan,nan
234,5.85,1.342978434e-24,2.481541838e-24,nan,nan,nan,nan
235,5.875,1.704869952e-24,2.378144261e-24,nan,nan,nan,nan
236,5.9,1.549773587e-24,2.274746685e-24,nan,nan,nan,nan
237,5.925,1.655730510e-24,2.481541838e-24,nan,nan,nan,nan
238,5.95,1.822464190e-24,2.688336991e-24,nan,nan,nan,nan
239,5.975,1.925861767e-24,2.895132144e-24,nan,nan,nan,nan
240,6,1.897667115e-24,2.895132144e-24,nan,nan,2.662488e-23,2.688337e-23
241,6.025,2.036031826e-24,3.515517603e-24,nan,nan,nan,nan
242,6.05,1.977560555e-24,3.722312756e-24,nan,nan,nan,nan
243,6.075,2.080958132e-24,3.515517603e-24,nan,nan,nan,nan
244,6.1,2.449622132e-24,3.929107910e-24,nan,nan,nan,nan
245,6.125,2.966610015e-24,3.929107910e-24,nan,nan,nan,nan
246,6.15,2.863212438e-24,4.135903063e-24,nan,nan,nan,nan
247,6.175,2.544138625e-24,4.135903063e-24,nan,nan,nan,nan
248,6.2,3.059093113e-24,4.135903063e-24,nan,nan,nan,nan
249,6.225,3.089880754e-24,4.756288522e-24,nan,nan,nan,nan
250,6.25,2.779688024e-24,5.376673982e-24,nan,nan,nan,nan
251,6.275,3.265888266e-24,5.376673982e-24,nan,nan,nan,nan
252,6.3,3.679478572e-24,5.376673982e-24,nan,nan,nan,nan
253,6.325,3.441582863e-24,6.203854594e-24,nan,nan,nan,nan
254,6.35,3.441582863e-24,6.203854594e-24,nan,nan,nan,nan
255,6.375,3.958570746e-24,7.031035207e-24,nan,nan,nan,nan
256,6.4,4.268763475e-24,7.444625513e-24,nan,nan,nan,nan
257,6.425,4.389228931e-24,7.444625513e-24,nan,nan,nan,nan
258,6.45,4.487813592e-24,8.271806126e-24,nan,nan,nan,nan
259,6.475,4.624864473e-24,8.271806126e-24,nan,nan,nan,nan
260,6.5,5.596311928e-24,8.271806126e-24,nan,nan,8.271806e-23,7.444626e-23
261,6.525,5.657312363e-24,8.271806126e-24,nan,nan,nan,nan
262,6.55,5.733418967e-24,8.685396432e-24,nan,nan,nan,nan
263,6.575,6.967231375e-24,1.075334796e-23,nan,nan,nan,nan
264,6.6,7.794411987e-24,1.075334796e-23,nan,nan,nan,nan
265,6.625,6.760436221e-24,1.158052858e-23,nan,nan,nan,nan
266,6.65,6.553641068e-24,1.323488980e-23,nan,nan,nan,nan
267,6.675,6.967231375e-24,1.158052858e-23,nan,nan,nan,nan
268,6.7,9.483113705e-24,1.240770919e-23,nan,nan,nan,nan
269,6.725,9.276318551e-24,1.240770919e-23,nan,nan,nan,nan
270,6.75,8.035547633e-24,1.323488980e-23,nan,nan,nan,nan
271,6.775,9.048521269e-24,1.571643164e-23,nan,nan,nan,nan
272,6.8,8.862728245e-24,1.654361225e-23,nan,nan,nan,nan
273,6.825,9.981739336e-24,1.654361225e-23,nan,nan,nan,nan
274,6.85,1.070288249e-23,1.654361225e-23,nan,nan,nan,nan
275,6.875,1.235724372e-23,1.819797348e-23,nan,nan,nan,nan
276,6.9,1.094616432e-23,1.902515409e-23,nan,nan,nan,nan
277,6.925,1.260052555e-23,2.150669593e-23,nan,nan,nan,nan
278,6.95,1.220430737e-23,2.150669593e-23,nan,nan,nan,nan
279,6.975,1.227700666e-23,2.316105715e-23,nan,nan,nan,nan
280,7,1.428187217e-23,2.481541838e-23,nan,nan,2.460862e-22,2.316106e-22
281,7.025,1.759059462e-23,2.812414083e-23,nan,nan,nan,nan
282,7.05,1.754445662e-23,2.812414083e-23,nan,nan,nan,nan
283,7.075,1.961240815e-23,2.977850205e-23,nan,nan,nan,nan
284,7.1,1.878522754e-23,2.812414083e-23,nan,nan,nan,nan
285,7.125,1.795804693e-23,2.812414083e-23,nan,nan,nan,nan
286,7.15,1.878522754e-23,2.977850205e-23,nan,nan,nan,nan
287,7.175,2.209394999e-23,3.143286328e-23,nan,nan,nan,nan
288,7.2,2.416190152e-23,3.308722450e-23,nan,nan,nan,nan
289,7.225,2.379798125e-23,3.639594695e-23,nan,nan,nan,nan
290,7.25,2.317859898e-23,4.135903063e-23,nan,nan,nan,nan
291,7.275,2.206164481e-23,4.301339185e-23,nan,nan,nan,nan
292,7.3,2.597740779e-23,4.632211430e-23,nan,nan,nan,nan
293,7.325,2.674952990e-23,4.963083675e-23,nan,nan,nan,nan
294,7.35,3.041286630e-23,4.963083675e-23,nan,nan,nan,nan
295,7.375,2.763176902e-23,5.293955920e-23,nan,nan,nan,nan
296,7.4,2.928613024e-23,5.624828165e-23,nan,nan,nan,nan
297,7.425,3.094049147e-23,5.293955920e-23,nan,nan,nan,nan
298,7.45,3.554098005e-23,5.624828165e-23,nan,nan,nan,nan
299,7.475,3.278333409e-23,6.617444900e-23,nan,nan,nan,nan
300,7.5,3.455506069e-23,6.948317145e-23,nan,nan,6.038418e-22,5.624828e-22
301,7.525,4.250924676e-23,7.279189390e-23,nan,nan,nan,nan
302,7.55,3.893696574e-23,6.617444900e-23,nan,nan,nan,nan
303,7.575,4.383686751e-23,6.617444900e-23,nan,nan,nan,nan
304,7.6,5.286929302e-23,7.279189390e-23,nan,nan,nan,nan
305,7.625,5.617801547e-23,7.940933881e-23,nan,nan,nan,nan
306,7.65,5.121493180e-23,9.264422861e-23,nan,nan,nan,nan
307,7.675,6.114109915e-23,7.940933881e-23,nan,nan,nan,nan
308,7.7,6.444982160e-23,8.602678371e-23,nan,nan,nan,nan
309,7.725,5.876498364e-23,9.926167351e-23,nan,nan,nan,nan
310,7.75,6.041934486e-23,1.058791184e-22,nan,nan,nan,nan
311,7.775,5.545626119e-23,1.058791184e-22,nan,nan,nan,nan
312,7.8,6.207370609e-23,1.058791184e-22,nan,nan,nan,nan
313,7.825,7.648959059e-23,1.124965633e-22,nan,nan,nan,nan
314,7.85,7.318086814e-23,1.191140082e-22,nan,nan,nan,nan
315,7.875,8.208369700e-23,1.323488980e-22,nan,nan,nan,nan
316,7.9,8.870114190e-23,1.323488980e-22,nan,nan,nan,nan
317,7.925,8.177008224e-23,1.323488980e-22,nan,nan,nan,nan
318,7.95,8.855296256e-23,1.389663429e-22,nan,nan,nan,nan
319,7.975,8.890907306e-23,1.522012327e-22,nan,nan,nan,nan
320,8,9.057656454e-23,1.720535674e-22,nan,nan,1.670905e-21,1.522012e-21
321,8.025,9.291935220e-23,1.852884572e-22,nan,nan,nan,nan
322,8.05,1.009863009e-22,1.720535674e-22,nan,nan,nan,nan
323,8.075,1.307648030e-22,1.852884572e-22,nan,nan,nan,nan
324,8.1,1.406909703e-22,1.985233470e-22,nan,nan,nan,nan
325,8.125,1.340735254e-22,2.249931266e-22,nan,nan,nan,nan
326,8.15,1.373822479e-22,2.117582368e-22,nan,nan,nan,nan
327,8.175,1.506171377e-22,1.985233470e-22,nan,nan,nan,nan
328,8.2,1.340735254e-22,2.382280164e-22,nan,nan,nan,nan
329,8.225,1.453418325e-22,2.382280164e-22,nan,nan,nan,nan
330,8.25,1.387243876e-22,2.911675756e-22,nan,nan,nan,nan
331,8.275,1.755937011e-22,3.044024654e-22,nan,nan,nan,nan
332,8.3,1.689762562e-22,3.044024654e-22,nan,nan,nan,nan
333,8.325,1.701771907e-22,3.176373552e-22,nan,nan,nan,nan
334,8.35,1.888285909e-22,3.044024654e-22,nan,nan,nan,nan
335,8.375,2.417681501e-22,3.441071348e-22,nan,nan,nan,nan
336,8.4,1.981237355e-22,3.441071348e-22,nan,nan,nan,nan
337,8.425,2.444458498e-22,3.441071348e-22,nan,nan,nan,nan
338,8.45,2.483738217e-22,3.705769144e-22,nan,nan,nan,nan
339,8.475,2.483738217e-22,3.970466940e-22,nan,nan,nan,nan
340,8.5,2.394528037e-22,3.970466940e-22,nan,nan,4.499863e-21,3.705769e-21
341,8.525,2.475280322e-22,4.235164736e-22,nan,nan,nan,nan
342,8.55,2.836526839e-22,4.764560328e-22,nan,nan,nan,nan
343,8.575,3.564445778e-22,5.029258124e-22,nan,nan,nan,nan
344,8.6,3.961492472e-22,5.029258124e-22,nan,nan,nan,nan
345,8.625,3.167399084e-22,5.029258124e-22,nan,nan,nan,nan
346,8.65,3.224288039e-22,5.293955920e-22,nan,nan,nan,nan
347,8.675,3.630620227e-22,5.823351512e-22,nan,nan,nan,nan
348,8.7,3.696794676e-22,6.617444900e-22,nan,nan,nan,nan
349,8.725,3.498271329e-22,6.882142696e-22,nan,nan,nan,nan
350,8.75,3.621334733e-22,6.882142696e-22,nan,nan,nan,nan
351,8.775,3.886032529e-22,6.352747104e-22,nan,nan,nan,nan
352,8.8,3.631183101e-22,6.352747104e-22,nan,nan,nan,nan
353,8.825,4.142259120e-22,7.411538288e-22,nan,nan,nan,nan
354,8.85,4.268556385e-22,7.940933881e-22,nan,nan,nan,nan
355,8.875,4.609244201e-22,8.470329473e-22,nan,nan,nan,nan
356,8.9,4.483978064e-22,8.470329473e-22,nan,nan,nan,nan
357,8.925,5.321293255e-22,9.529120657e-22,nan,nan,nan,nan
358,8.95,4.811736292e-22,9.529120657e-22,nan,nan,nan,nan
359,8.975,4.700511491e-22,8.999725065e-22,nan,nan,nan,nan
360,9,5.671796281e-22,1.005851625e-21,nan,nan,9.661470e-21,9.529121e-21
361,9.025,7.097912318e-22,1.058791184e-21,nan,nan,nan,nan
362,9.05,6.303818929e-22,1.111730743e-21,nan,nan,nan,nan
363,9.075,6.331081394e-22,1.111730743e-21,nan,nan,nan,nan
364,9.1,7.097912318e-22,1.164670302e-21,nan,nan,nan,nan
365,9.125,7.627307910e-22,1.217609862e-21,nan,nan,nan,nan
366,9.15,7.362610114e-22,1.217609862e-21,nan,nan,nan,nan
367,9.175,7.564208955e-22,1.376428539e-21,nan,nan,nan,nan
368,9.2,7.630633474e-22,1.482307658e-21,nan,nan,nan,nan
369,9.225,8.091861978e-22,1.694065895e-21,nan,nan,nan,nan
370,9.25,8.456970814e-22,1.747005454e-21,nan,nan,nan,nan
371,9.275,9.084757238e-22,1.799945013e-21,nan,nan,nan,nan
372,9.3,1.093764181e-21,1.799945013e-21,nan,nan,nan,nan
373,9.325,1.252582859e-21,1.694065895e-21,nan,nan,nan,nan
374,9.35,1.148140669e-21,1.799945013e-21,nan,nan,nan,nan
375,9.375,1.174610449e-21,1.905824131e-21,nan,nan,nan,nan
376,9.4,1.173173520e-21,2.011703250e-21,nan,nan,nan,nan
377,9.425,1.213597626e-21,2.223461487e-21,nan,nan,nan,nan
378,9.45,1.148140669e-21,1.905824131e-21,nan,nan,nan,nan
379,9.475,1.276752988e-21,2.223461487e-21,nan,nan,nan,nan
380,9.5,1.339037309e-21,2.435219723e-21,nan,nan,2.567569e-20,2.223461e-20
381,9.525,1.444916427e-21,2.541098842e-21,nan,nan,nan,nan
382,9.55,1.705989747e-21,2.646977960e-21,nan,nan,nan,nan
383,9.575,1.600110629e-21,2.858736197e-21,nan,nan,nan,nan
384,9.6,2.076566662e-21,2.964615315e-21,nan,nan,nan,nan
385,9.625,2.341264458e-21,2.752857079e-21,nan,nan,nan,nan
386,9.65,1.811868866e-21,2.964615315e-21,nan,nan,nan,nan
387,9.675,1.986387511e-21,3.388131789e-21,nan,nan,nan,nan
388,9.7,2.394204017e-21,3.388131789e-21,nan,nan,nan,nan
389,9.725,2.076566662e-21,3.811648263e-21,nan,nan,nan,nan
390,9.75,1.950920695e-21,4.023406499e-21,nan,nan,nan,nan
391,9.775,2.279124543e-21,3.811648263e-21,nan,nan,nan,nan
392,9.8,2.332064102e-21,4.023406499e-21,nan,nan,nan,nan
393,9.825,2.284027850e-21,4.023406499e-21,nan,nan,nan,nan
394,9.85,3.025181679e-21,4.023406499e-21,nan,nan,nan,nan
395,9.875,2.919302561e-21,4.446922973e-21,nan,nan,nan,nan
396,9.9,2.495786087e-21,4.870439447e-21,nan,nan,nan,nan
397,9.925,2.623610395e-21,4.658681210e-21,nan,nan,nan,nan
398,9.95,2.905226414e-21,5.293955920e-21,nan,nan,nan,nan
399,9.975,3.328742888e-21,5.717472394e-21,nan,nan,nan,nan
400,10,3.227975005e-21,5.082197684e-21,nan,nan,5.664533e-20,4.658681e-20
401,10.025,3.381998201e-21,5.293955920e-21,nan,nan,nan,nan
402,10.05,3.487877319e-21,5.082197684e-21,nan,nan,nan,nan
403,10.075,3.598817644e-21,6.352747104e-21,nan,nan,nan,nan
404,10.1,4.123152029e-21,6.776263578e-21,nan,nan,nan,nan
405,10.125,4.758426740e-21,6.776263578e-21,nan,nan,nan,nan
406,10.15,4.460591392e-21,6.776263578e-21,nan,nan,nan,nan
407,10.175,4.282814351e-21,7.199780052e-21,nan,nan,nan,nan
408,10.2,4.477286700e-21,7.623296525e-21,nan,nan,nan,nan
409,10.225,4.149822562e-21,8.893845946e-21,nan,nan,nan,nan
410,10.25,4.920687432e-21,8.470329473e-21,nan,nan,nan,nan
411,10.275,5.060359375e-21,8.893845946e-21,nan,nan,nan,nan
412,10.3,4.636842901e-21,8.470329473e-21,nan,nan,nan,nan
413,10.325,5.590198280e-21,9.317362420e-21,nan,nan,nan,nan
414,10.35,6.277591045e-21,9.317362420e-21,nan,nan,nan,nan
415,10.375,6.489349282e-21,9.740878893e-21,nan,nan,nan,nan
416,10.4,6.277591045e-21,9.740878893e-21,nan,nan,nan,nan
417,10.425,7.297593872e-21,1.185846126e-20,nan,nan,nan,nan
418,10.45,6.882990147e-21,1.185846126e-20,nan,nan,nan,nan
419,10.475,6.701107519e-21,1.355252716e-20,nan,nan,nan,nan
420,10.5,7.144702275e-21,1.355252716e-20,nan,nan,1.249374e-19,1.185846e-19
421,10.525,7.169882036e-21,1.355252716e-20,nan,nan,nan,nan
422,10.55,7.991735222e-21,1.355252716e-20,nan,nan,nan,nan
423,10.575,9.050526406e-21,1.439956010e-20,nan,nan,nan,nan
424,10.6,9.685801117e-21,1.439956010e-20,nan,nan,nan,nan
425,10.625,1.010931759e-20,1.609362600e-20,nan,nan,nan,nan
426,10.65,1.032107583e-20,1.609362600e-20,nan,nan,nan,nan
427,10.675,9.262284643e-21,1.694065895e-20,nan,nan,nan,nan
428,10.7,8.838768169e-21,1.778769189e-20,nan,nan,nan,nan
429,10.725,1.027175721e-20,1.609362600e-20,nan,nan,nan,nan
430,10.75,1.050256613e-20,1.694065895e-20,nan,nan,nan,nan
431,10.775,1.005999897e-20,1.694065895e-20,nan,nan,nan,nan
432,10.8,1.108088687e-20,2.032879073e-20,nan,nan,nan,nan
433,10.825,1.235143629e-20,2.202285663e-20,nan,nan,nan,nan
434,10.85,1.277495276e-20,2.286988958e-20,nan,nan,nan,nan
435,10.875,1.362198571e-20,2.202285663e-20,nan,nan,nan,nan
436,10.9,1.319846924e-20,2.117582368e-20,nan,nan,nan,nan
437,10.925,1.235143629e-20,2.371692252e-20,nan,nan,nan,nan
438,10.95,1.307623923e-20,2.371692252e-20,nan,nan,nan,nan
439,10.975,1.519382159e-20,2.371692252e-20,nan,nan,nan,nan
440,11,1.646437102e-20,2.710505431e-20,nan,nan,3.049319e-19,2.710505e-19
441,11.025,1.487537930e-20,2.879912021e-20,nan,nan,nan,nan
442,11.05,1.674758254e-20,3.218725200e-20,nan,nan,nan,nan
443,11.075,1.844164843e-20,2.879912021e-20,nan,nan,nan,nan
444,11.1,2.055923080e-20,2.879912021e-20,nan,nan,nan,nan
445,11.125,2.013571433e-20,2.710505431e-20,nan,nan,nan,nan
446,11.15,1.844164843e-20,3.218725200e-20,nan,nan,nan,nan
447,11.175,2.075819287e-20,3.388131789e-20,nan,nan,nan,nan
448,11.2,1.821709402e-20,3.557538378e-20,nan,nan,nan,nan
449,11.225,1.942553412e-20,3.726944968e-20,nan,nan,nan,nan
450,11.25,2.153830042e-20,4.065758147e-20,nan,nan,nan,nan
451,11.275,2.253815971e-20,4.065758147e-20,nan,nan,nan,nan
452,11.3,2.366069886e-20,3.896351557e-20,nan,nan,nan,nan
453,11.325,2.789586359e-20,4.235164736e-20,nan,nan,nan,nan
454,11.35,2.577339353e-20,4.743384505e-20,nan,nan,nan,nan
455,11.375,2.913696334e-20,4.743384505e-20,nan,nan,nan,nan
456,11.4,2.659586450e-20,5.082197684e-20,nan,nan,nan,nan
457,11.425,2.899638906e-20,4.743384505e-20,nan,nan,nan,nan
458,11.45,3.006950152e-20,5.421010862e-20,nan,nan,nan,nan
459,11.475,3.315066522e-20,6.098637220e-20,nan,nan,nan,nan
460,11.5,2.873238485e-20,6.098637220e-20,nan,nan,6.013934e-19,5.421011e-19
461,11.525,3.545690661e-20,6.098637220e-20,nan,nan,nan,nan
462,11.55,3.825331075e-20,5.759824041e-20,nan,nan,nan,nan
463,11.575,3.825331075e-20,5.421010862e-20,nan,nan,nan,nan
464,11.6,3.655924486e-20,6.098637220e-20,nan,nan,nan,nan
465,11.625,3.910034370e-20,6.437450399e-20,nan,nan,nan,nan
466,11.65,4.268069716e-20,7.453889936e-20,nan,nan,nan,nan
467,11.675,4.364394543e-20,6.776263578e-20,nan,nan,nan,nan
468,11.7,4.364394543e-20,7.792703115e-20,nan,nan,nan,nan
469,11.725,4.533801133e-20,7.453889936e-20,nan,nan,nan,nan
470,11.75,4.617604385e-20,7.453889936e-20,nan,nan,nan,nan
471,11.775,4.537851126e-20,8.131516294e-20,nan,nan,nan,nan
472,11.8,5.420677529e-20,8.470329473e-20,nan,nan,nan,nan
473,11.825,5.081864350e-20,9.486769009e-20,nan,nan,nan,nan
474,11.85,5.967600074e-20,9.486769009e-20,nan,nan,nan,nan
475,11.875,5.289973716e-20,1.016439537e-19,nan,nan,nan,nan
476,11.9,5.420677529e-20,1.016439537e-19,nan,nan,nan,nan
477,11.925,5.865719970e-20,1.016439537e-19,nan,nan,nan,nan
478,11.95,6.524926121e-20,1.151964808e-19,nan,nan,nan,nan
479,11.975,7.033145889e-20,1.016439537e-19,nan,nan,nan,nan
480,12,6.186112942e-20,1.084202172e-19,nan,nan,1.439956e-18,1.355253e-18
481,12.025,6.810236731e-20,1.219727444e-19,nan,nan,nan,nan
482,12.05,6.882159507e-20,1.287490080e-19,nan,nan,nan,nan
483,12.075,7.088159055e-20,1.151964808e-19,nan,nan,nan,nan
484,12.1,7.426972234e-20,1.219727444e-19,nan,nan,nan,nan
485,12.125,7.935192002e-20,1.219727444e-19,nan,nan,nan,nan
486,12.15,7.556942383e-20,1.219727444e-19,nan,nan,nan,nan
487,12.175,8.234568741e-20,1.219727444e-19,nan,nan,nan,nan
488,12.2,8.443411770e-20,1.287490080e-19,nan,nan,nan,nan
489,12.225,9.304599643e-20,1.490777987e-19,nan,nan,nan,nan
490,12.25,9.643412822e-20,1.626303259e-19,nan,nan,nan,nan
491,12.275,1.030412988e-19,1.761828530e-19,nan,nan,nan,nan
492,12.3,1.076983173e-19,1.761828530e-19,nan,nan,nan,nan
493,12.325,1.097109724e-19,1.694065895e-19,nan,nan,nan,nan
494,12.35,1.295299839e-19,1.829591166e-19,nan,nan,nan,nan
495,12.375,1.138763252e-19,2.032879073e-19,nan,nan,nan,nan
496,12.4,1.144745809e-19,2.303929617e-19,nan,nan,nan,nan
497,12.425,1.279018069e-19,2.168404345e-19,nan,nan,nan,nan
498,12.45,1.279018069e-19,2.032879073e-19,nan,nan,nan,nan
499,12.475,1.169691966e-19,2.032879073e-19,nan,nan,nan,nan
500,12.5,1.219683647e-19,2.032879073e-19,nan,nan,2.574980e-18,2.574980e-18
501,12.525,1.667111512e-19,2.168404345e-19,nan,nan,nan,nan
502,12.55,1.802636783e-19,2.574980160e-19,nan,nan,nan,nan
503,12.575,1.260535697e-19,2.710505431e-19,nan,nan,nan,nan
504,12.6,1.324542768e-19,2.846030703e-19,nan,nan,nan,nan
505,12.625,2.005924690e-19,2.710505431e-19,nan,nan,nan,nan
506,12.65,2.141449962e-19,2.439454888e-19,nan,nan,nan,nan
507,12.675,1.786398214e-19,2.710505431e-19,nan,nan,nan,nan
508,12.7,1.515347671e-19,3.117081246e-19,nan,nan,nan,nan
509,12.725,1.650872942e-19,3.252606517e-19,nan,nan,nan,nan
510,12.75,1.921923486e-19,3.388131789e-19,nan,nan,nan,nan
511,12.775,1.935018589e-19,3.659182332e-19,nan,nan,nan,nan
512,12.8,2.065138871e-19,3.794707604e-19,nan,nan,nan,nan
513,12.825,2.132901507e-19,3.659182332e-19,nan,nan,nan,nan
514,12.85,1.973302355e-19,3.523657061e-19,nan,nan,nan,nan
515,12.875,2.303150159e-19,3.523657061e-19,nan,nan,nan,nan
516,12.9,2.183887992e-19,3.523657061e-19,nan,nan,nan,nan
517,12.925,2.318302672e-19,3.794707604e-19,nan,nan,nan,nan
518,12.95,2.389127299e-19,4.201283418e-19,nan,nan,nan,nan
519,12.975,2.831209307e-19,4.336808690e-19,nan,nan,nan,nan
520,13,2.896006890e-19,4.878909776e-19,nan,nan,4.576162e-18,4.878910e-18
521,13.025,2.557193711e-19,4.336808690e-19,nan,nan,nan,nan
522,13.05,2.623110366e-19,4.336808690e-19,nan,nan,nan,nan
523,13.075,3.097448817e-19,4.607859233e-19,nan,nan,nan,nan
524,13.1,3.232974088e-19,4.878909776e-19,nan,nan,nan,nan
525,13.125,2.894160909e-19,4.878909776e-19,nan,nan,nan,nan
526,13.15,3.057674815e-19,4.607859233e-19,nan,nan,nan,nan
527,13.175,3.300736724e-19,4.878909776e-19,nan,nan,nan,nan
528,13.2,3.293081403e-19,5.963111949e-19,nan,nan,nan,nan
529,13.225,3.293081403e-19,5.963111949e-19,nan,nan,nan,nan
530,13.25,3.054395080e-19,6.234162492e-19,nan,nan,nan,nan
531,13.275,3.312830133e-19,6.776263578e-19,nan,nan,nan,nan
532,13.3,3.440575286e-19,5.963111949e-19,nan,nan,nan,nan
533,13.325,3.847151101e-19,5.963111949e-19,nan,nan,nan,nan
534,13.35,3.847151101e-19,6.776263578e-19,nan,nan,nan,nan
535,13.375,3.553750891e-19,6.776263578e-19,nan,nan,nan,nan
536,13.4,3.866810416e-19,7.589415207e-19,nan,nan,nan,nan
537,13.425,4.544436774e-19,8.131516294e-19,nan,nan,nan,nan
538,13.45,4.589858102e-19,7.860465751e-19,nan,nan,nan,nan
539,13.475,4.322300519e-19,8.673617380e-19,nan,nan,nan,nan
540,13.5,4.559729026e-19,8.673617380e-19,nan,nan,9.283481e-18,9.757820e-18
541,13.525,4.864250941e-19,9.215718466e-19,nan,nan,nan,nan
542,13.55,5.101830113e-19,8.673617380e-19,nan,nan,nan,nan
543,13.575,6.728133371e-19,9.757819552e-19,nan,nan,nan,nan
544,13.6,5.914981742e-19,9.757819552e-19,nan,nan,nan,nan
545,13.625,6.186032285e-19,1.029992064e-18,nan,nan,nan,nan
546,13.65,6.592608100e-19,1.084202172e-18,nan,nan,nan,nan
547,13.675,5.508405927e-19,1.084202172e-18,nan,nan,nan,nan
548,13.7,6.127442069e-19,1.029992064e-18,nan,nan,nan,nan
549,13.725,6.398492612e-19,1.084202172e-18,nan,nan,nan,nan
550,13.75,5.991916797e-19,1.138412281e-18,nan,nan,nan,nan
551,13.775,6.313173610e-19,1.192622390e-18,nan,nan,nan,nan
552,13.8,6.859345353e-19,1.246832498e-18,nan,nan,nan,nan
553,13.825,6.588294809e-19,1.301042607e-18,nan,nan,nan,nan
554,13.85,6.584224153e-19,1.192622390e-18,nan,nan,nan,nan
555,13.875,7.939476869e-19,1.192622390e-18,nan,nan,nan,nan
556,13.9,7.939476869e-19,1.192622390e-18,nan,nan,nan,nan
557,13.925,7.611651503e-19,1.517883041e-18,nan,nan,nan,nan
558,13.95,7.882702046e-19,1.517883041e-18,nan,nan,nan,nan
559,13.975,8.258466224e-19,1.355252716e-18,nan,nan,nan,nan
560,14,7.993299252e-19,1.355252716e-18,nan,nan,1.775381e-17,1.517883e-17
561,14.025,8.806450881e-19,1.517883041e-18,nan,nan,nan,nan
562,14.05,8.966904219e-19,1.626303259e-18,nan,nan,nan,nan
563,14.075,1.016170360e-18,1.734723476e-18,nan,nan,nan,nan
564,14.1,1.016170360e-18,1.626303259e-18,nan,nan,nan,nan
565,14.125,1.070380468e-18,1.517883041e-18,nan,nan,nan,nan
566,14.15,1.198212234e-18,1.626303259e-18,nan,nan,nan,nan
567,14.175,1.198212234e-18,1.843143693e-18,nan,nan,nan,nan
568,14.2,1.144002126e-18,2.059984128e-18,nan,nan,nan,nan
569,14.225,1.144002126e-18,2.059984128e-18,nan,nan,nan,nan
570,14.25,1.063333781e-18,2.168404345e-18,nan,nan,nan,nan
571,14.275,1.279181902e-18,2.276824562e-18,nan,nan,nan,nan
572,14.3,1.224971794e-18,2.276824562e-18,nan,nan,nan,nan
573,14.325,1.186608197e-18,2.385244779e-18,nan,nan,nan,nan
574,14.35,1.252076848e-18,2.276824562e-18,nan,nan,nan,nan
575,14.375,1.441812228e-18,2.276824562e-18,nan,nan,nan,nan
576,14.4,1.362769965e-18,2.493664997e-18,nan,nan,nan,nan
577,14.425,1.415476634e-18,2.602085214e-18,nan,nan,nan,nan
578,14.45,1.361266525e-18,2.818925648e-18,nan,nan,nan,nan
579,14.475,1.327802300e-18,2.710505431e-18,nan,nan,nan,nan
580,14.5,1.471190182e-18,2.710505431e-18,nan,nan,3.469447e-17,2.873136e-17
581,14.525,1.584220788e-18,2.385244779e-18,nan,nan,nan,nan
582,14.55,1.692641006e-18,2.493664997e-18,nan,nan,nan,nan
583,14.575,1.530010680e-18,2.602085214e-18,nan,nan,nan,nan
584,14.6,1.963691549e-18,3.035766083e-18,nan,nan,nan,nan
585,14.625,2.343162309e-18,3.469446952e-18,nan,nan,nan,nan
586,14.65,2.017901657e-18,3.252606517e-18,nan,nan,nan,nan
587,14.675,1.988325713e-18,3.035766083e-18,nan,nan,nan,nan
588,14.7,1.693700437e-18,3.252606517e-18,nan,nan,nan,nan
589,14.725,1.687344638e-18,3.035766083e-18,nan,nan,nan,nan
590,14.75,1.888300137e-18,3.903127821e-18,nan,nan,nan,nan
591,14.775,1.866698464e-18,3.903127821e-18,nan,nan,nan,nan
592,14.8,2.162752930e-18,3.903127821e-18,nan,nan,nan,nan
593,14.825,2.181504914e-18,3.686287386e-18,nan,nan,nan,nan
594,14.85,2.235715023e-18,3.469446952e-18,nan,nan,nan,nan
595,14.875,2.650643907e-18,3.252606517e-18,nan,nan,nan,nan
596,14.9,2.408799550e-18,3.686287386e-18,nan,nan,nan,nan
597,14.925,2.552197931e-18,4.119968255e-18,nan,nan,nan,nan
598,14.95,2.517435027e-18,4.336808690e-18,nan,nan,nan,nan
599,14.975,2.625855244e-18,4.336808690e-18,nan,nan,nan,nan
600,15,2.552197931e-18,4.553649124e-18,nan,nan,6.396793e-17,5.204170e-17
601,15.025,2.443777714e-18,4.553649124e-18,nan,nan,nan,nan
602,15.05,3.167956330e-18,4.987329993e-18,nan,nan,nan,nan
603,15.075,3.403109205e-18,4.770489559e-18,nan,nan,nan,nan
604,15.1,2.933569950e-18,4.770489559e-18,nan,nan,nan,nan
605,15.125,2.882983015e-18,5.637851297e-18,nan,nan,nan,nan
606,15.15,2.861008119e-18,5.854691731e-18,nan,nan,nan,nan
607,15.175,3.619949640e-18,5.854691731e-18,nan,nan,nan,nan
608,15.2,3.259890428e-18,6.071532166e-18,nan,nan,nan,nan
609,15.225,3.585151080e-18,6.505213035e-18,nan,nan,nan,nan
610,15.25,3.567163173e-18,6.071532166e-18,nan,nan,nan,nan
611,15.275,3.357800755e-18,5.854691731e-18,nan,nan,nan,nan
612,15.3,3.357800755e-18,6.505213035e-18,nan,nan,nan,nan
613,15.325,3.488505258e-18,6.505213035e-18,nan,nan,nan,nan
614,15.35,3.268374334e-18,6.071532166e-18,nan,nan,nan,nan
615,15.375,3.620565481e-18,6.938893904e-18,nan,nan,nan,nan
616,15.4,3.668510196e-18,7.372574773e-18,nan,nan,nan,nan
617,15.425,3.539405820e-18,7.806255642e-18,nan,nan,nan,nan
618,15.45,4.253037007e-18,7.806255642e-18,nan,nan,nan,nan
619,15.475,4.270718787e-18,6.938893904e-18,nan,nan,nan,nan
620,15.5,4.023686185e-18,6.938893904e-18,nan,nan,9.107298e-17,9.540979e-17
621,15.525,4.220068292e-18,8.239936511e-18,nan,nan,nan,nan
622,15.55,4.330301603e-18,8.673617380e-18,nan,nan,nan,nan
623,15.575,5.522923993e-18,9.974659987e-18,nan,nan,nan,nan
624,15.6,4.763982472e-18,9.107298249e-18,nan,nan,nan,nan
625,15.625,4.416025541e-18,8.239936511e-18,nan,nan,nan,nan
626,15.65,4.945391294e-18,7.372574773e-18,nan,nan,nan,nan
627,15.675,5.267344723e-18,8.239936511e-18,nan,nan,nan,nan
628,15.7,5.537393762e-18,9.107298249e-18,nan,nan,nan,nan
629,15.725,5.103712893e-18,1.127570259e-17,nan,nan,nan,nan
630,15.75,5.366638602e-18,1.040834086e-17,nan,nan,nan,nan
631,15.775,5.800319471e-18,1.084202172e-17,nan,nan,nan,nan
632,15.8,5.800319471e-18,1.040834086e-17,nan,nan,nan,nan
633,15.825,6.017159905e-18,1.040834086e-17,nan,nan,nan,nan
634,15.85,6.667681209e-18,1.084202172e-17,nan,nan,nan,nan
635,15.875,6.130065100e-18,1.084202172e-17,nan,nan,nan,nan
636,15.9,5.800319471e-18,1.127570259e-17,nan,nan,nan,nan
637,15.925,6.572887997e-18,1.040834086e-17,nan,nan,nan,nan
638,15.95,6.973675362e-18,1.214306433e-17,nan,nan,nan,nan
639,15.975,6.133137389e-18,1.301042607e-17,nan,nan,nan,nan
640,16,6.783658692e-18,1.387778781e-17,nan,nan,1.517883e-16,1.474515e-16
641,16.025,6.691291106e-18,1.127570259e-17,nan,nan,nan,nan
642,16.05,7.992333713e-18,1.214306433e-17,nan,nan,nan,nan
643,16.075,9.727057189e-18,1.301042607e-17,nan,nan,nan,nan
644,16.1,9.510216755e-18,1.301042607e-17,nan,nan,nan,nan
645,16.125,8.209174148e-18,1.387778781e-17,nan,nan,nan,nan
646,16.15,9.217073146e-18,1.474514955e-17,nan,nan,nan,nan
647,16.175,9.217073146e-18,1.561251128e-17,nan,nan,nan,nan
648,16.2,8.132870974e-18,1.561251128e-17,nan,nan,nan,nan
649,16.225,7.916030539e-18,1.647987302e-17,nan,nan,nan,nan
650,16.25,8.783392277e-18,1.647987302e-17,nan,nan,nan,nan
651,16.275,9.867594450e-18,1.561251128e-17,nan,nan,nan,nan
652,16.3,8.830040660e-18,1.647987302e-17,nan,nan,nan,nan
653,16.325,9.061667345e-18,1.821459650e-17,nan,nan,nan,nan
654,16.35,9.151506114e-18,1.821459650e-17,nan,nan,nan,nan
655,16.375,9.046881094e-18,1.821459650e-17,nan,nan,nan,nan
656,16.4,1.038569915e-17,1.647987302e-17,nan,nan,nan,nan
657,16.425,1.054635412e-17,1.647987302e-17,nan,nan,nan,nan
658,16.45,1.142055573e-17,1.908195824e-17,nan,nan,nan,nan
659,16.475,1.038569915e-17,2.081668171e-17,nan,nan,nan,nan
660,16.5,1.125306089e-17,2.081668171e-17,nan,nan,2.558717e-16,2.645453e-16
661,16.525,1.195698626e-17,2.081668171e-17,nan,nan,nan,nan
662,16.55,1.282434800e-17,1.994931997e-17,nan,nan,nan,nan
663,16.575,1.195698626e-17,2.081668171e-17,nan,nan,nan,nan
664,16.6,1.282434800e-17,2.255140519e-17,nan,nan,nan,nan
665,16.625,1.325802887e-17,2.081668171e-17,nan,nan,nan,nan
666,16.65,1.239495025e-17,2.255140519e-17,nan,nan,nan,nan
667,16.675,1.267713788e-17,2.428612866e-17,nan,nan,nan,nan
668,16.7,1.214833421e-17,2.428612866e-17,nan,nan,nan,nan
669,16.725,1.365739709e-17,2.602085214e-17,nan,nan,nan,nan
670,16.75,1.409107796e-17,2.255140519e-17,nan,nan,nan,nan
671,16.775,1.349641628e-17,2.428612866e-17,nan,nan,nan,nan
672,16.8,1.495843970e-17,2.602085214e-17,nan,nan,nan,nan
673,16.825,1.582580143e-17,2.949029909e-17,nan,nan,nan,nan
674,16.85,1.646575128e-17,3.122502257e-17,nan,nan,nan,nan
675,16.875,1.646575128e-17,2.602085214e-17,nan,nan,nan,nan
676,16.9,1.655870019e-17,2.255140519e-17,nan,nan,nan,nan
677,16.925,1.636502190e-17,2.428612866e-17,nan,nan,nan,nan
678,16.95,1.603207041e-17,2.775557562e-17,nan,nan,nan,nan
679,16.975,1.501254278e-17,2.775557562e-17,nan,nan,nan,nan
680,17,1.916078541e-17,3.295974604e-17,nan,nan,4.987330e-16,4.510281e-16
681,17.025,2.046182801e-17,3.295974604e-17,nan,nan,nan,nan
682,17.05,1.934935147e-17,3.122502257e-17,nan,nan,nan,nan
683,17.075,2.281879842e-17,3.469446952e-17,nan,nan,nan,nan
684,17.1,2.238511755e-17,3.295974604e-17,nan,nan,nan,nan
685,17.125,1.934935147e-17,3.295974604e-17,nan,nan,nan,nan
686,17.15,1.891567060e-17,3.469446952e-17,nan,nan,nan,nan
687,17.175,1.934935147e-17,3.469446952e-17,nan,nan,nan,nan
688,17.2,1.901893841e-17,3.642919300e-17,nan,nan,nan,nan
689,17.225,2.031998102e-17,3.816391647e-17,nan,nan,nan,nan
690,17.25,2.009517179e-17,3.642919300e-17,nan,nan,nan,nan
691,17.275,1.947682107e-17,4.336808690e-17,nan,nan,nan,nan
692,17.3,1.836044832e-17,3.989863995e-17,nan,nan,nan,nan
693,17.325,2.007138525e-17,4.163336342e-17,nan,nan,nan,nan
694,17.35,2.096253353e-17,4.510281038e-17,nan,nan,nan,nan
695,17.375,2.172762033e-17,4.510281038e-17,nan,nan,nan,nan
696,17.4,2.349453152e-17,3.989863995e-17,nan,nan,nan,nan
697,17.425,2.232632497e-17,4.336808690e-17,nan,nan,nan,nan
698,17.45,2.486466267e-17,4.336808690e-17,nan,nan,nan,nan
699,17.475,2.645498802e-17,4.683753385e-17,nan,nan,nan,nan
700,17.5,2.295308648e-17,4.510281038e-17,nan,nan,6.591949e-16,6.591949e-16
701,17.525,2.604822637e-17,4.163336342e-17,nan,nan,nan,nan
702,17.55,3.211975854e-17,3.989863995e-17,nan,nan,nan,nan
703,17.575,3.038503506e-17,4.163336342e-17,nan,nan,nan,nan
704,17.6,3.509615081e-17,4.857225733e-17,nan,nan,nan,nan
705,17.625,2.865031158e-17,5.898059818e-17,nan,nan,nan,nan
706,17.65,3.125239680e-17,5.551115123e-17,nan,nan,nan,nan
707,17.675,2.865031158e-17,4.857225733e-17,nan,nan,nan,nan
708,17.7,2.889061118e-17,4.857225733e-17,nan,nan,nan,nan
709,17.725,2.951943760e-17,4.857225733e-17,nan,nan,nan,nan
710,17.75,3.286525670e-17,5.898059818e-17,nan,nan,nan,nan
711,17.775,3.270716807e-17,6.245004514e-17,nan,nan,nan,nan
712,17.8,3.617661503e-17,6.245004514e-17,nan,nan,nan,nan
713,17.825,3.557312050e-17,5.551115123e-17,nan,nan,nan,nan
714,17.85,3.383839703e-17,5.204170428e-17,nan,nan,nan,nan
715,17.875,3.231120595e-17,5.551115123e-17,nan,nan,nan,nan
716,17.9,3.722998449e-17,6.245004514e-17,nan,nan,nan,nan
717,17.925,3.817520572e-17,6.245004514e-17,nan,nan,nan,nan
718,17.95,4.129206225e-17,6.245004514e-17,nan,nan,nan,nan
719,17.975,3.608789183e-17,5.551115123e-17,nan,nan,nan,nan
720,18,3.594611504e-17,6.245004514e-17,nan,nan,1.058181e-15,9.020562e-16
721,18.025,3.845962135e-17,6.245004514e-17,nan,nan,nan,nan
722,18.05,3.955733878e-17,6.938893904e-17,nan,nan,nan,nan
723,18.075,4.201764720e-17,7.285838599e-17,nan,nan,nan,nan
724,18.1,3.970774040e-17,7.632783294e-17,nan,nan,nan,nan
725,18.125,3.681347678e-17,7.285838599e-17,nan,nan,nan,nan
726,18.15,4.375237068e-17,7.285838599e-17,nan,nan,nan,nan
727,18.175,4.548709416e-17,7.632783294e-17,nan,nan,nan,nan
728,18.2,4.002535550e-17,7.632783294e-17,nan,nan,nan,nan
729,18.225,3.723729447e-17,8.326672685e-17,nan,nan,nan,nan
730,18.25,3.912623843e-17,7.979727989e-17,nan,nan,nan,nan
731,18.275,4.691866920e-17,7.285838599e-17,nan,nan,nan,nan
732,18.3,4.259568539e-17,7.632783294e-17,nan,nan,nan,nan
733,18.325,4.453546045e-17,8.326672685e-17,nan,nan,nan,nan
734,18.35,4.171417822e-17,7.285838599e-17,nan,nan,nan,nan
735,18.375,5.126930277e-17,7.979727989e-17,nan,nan,nan,nan
736,18.4,4.275399851e-17,8.326672685e-17,nan,nan,nan,nan
737,18.425,4.706953322e-17,7.979727989e-17,nan,nan,nan,nan
738,18.45,4.672610995e-17,8.673617380e-17,nan,nan,nan,nan
739,18.475,4.647215769e-17,9.020562075e-17,nan,nan,nan,nan
740,18.5,5.093752420e-17,9.020562075e-17,nan,nan,1.405126e-15,1.387779e-15
741,18.525,5.019555690e-17,9.714451465e-17,nan,nan,nan,nan
742,18.55,5.312109343e-17,9.020562075e-17,nan,nan,nan,nan
743,18.575,5.595687824e-17,1.110223025e-16,nan,nan,nan,nan
744,18.6,6.065636874e-17,1.179611964e-16,nan,nan,nan,nan
745,18.625,7.220305167e-17,1.110223025e-16,nan,nan,nan,nan
746,18.65,7.046832819e-17,1.040834086e-16,nan,nan,nan,nan
747,18.675,7.106470959e-17,1.040834086e-16,nan,nan,nan,nan
748,18.7,6.759526264e-17,1.040834086e-16,nan,nan,nan,nan
749,18.725,6.382284691e-17,1.110223025e-16,nan,nan,nan,nan
750,18.75,5.862637626e-17,1.110223025e-16,nan,nan,nan,nan
751,18.775,7.250416407e-17,9.714451465e-17,nan,nan,nan,nan
752,18.8,7.354393237e-17,1.110223025e-16,nan,nan,nan,nan
753,18.825,7.250416407e-17,1.318389842e-16,nan,nan,nan,nan
754,18.85,8.020836869e-17,1.387778781e-16,nan,nan,nan,nan
755,18.875,7.153475131e-17,1.318389842e-16,nan,nan,nan,nan
756,18.9,6.383054669e-17,1.318389842e-16,nan,nan,nan,nan
757,18.925,6.687811604e-17,1.249000903e-16,nan,nan,nan,nan
758,18.95,6.183763518e-17,1.249000903e-16,nan,nan,nan,nan
759,18.975,7.700300858e-17,1.318389842e-16,nan,nan,nan,nan
760,19,7.061663514e-17,1.318389842e-16,nan,nan,2.341877e-15,2.081668e-15
761,19.025,7.798605428e-17,1.457167720e-16,nan,nan,nan,nan
762,19.05,7.913071807e-17,1.457167720e-16,nan,nan,nan,nan
763,19.075,8.743199209e-17,1.318389842e-16,nan,nan,nan,nan
764,19.1,8.319022470e-17,1.318389842e-16,nan,nan,nan,nan
765,19.125,1.022721829e-16,1.318389842e-16,nan,nan,nan,nan
766,19.15,8.335063087e-17,1.249000903e-16,nan,nan,nan,nan
767,19.175,8.240300773e-17,1.387778781e-16,nan,nan,nan,nan
768,19.2,8.487676714e-17,1.387778781e-16,nan,nan,nan,nan
769,19.225,8.405751623e-17,1.526556659e-16,nan,nan,nan,nan
770,19.25,9.099641014e-17,1.804112415e-16,nan,nan,nan,nan
771,19.275,7.783225599e-17,1.595945598e-16,nan,nan,nan,nan
772,19.3,8.190225448e-17,1.457167720e-16,nan,nan,nan,nan
773,19.325,7.680142335e-17,1.526556659e-16,nan,nan,nan,nan
774,19.35,8.035307899e-17,1.595945598e-16,nan,nan,nan,nan
775,19.375,8.649076635e-17,1.526556659e-16,nan,nan,nan,nan
776,19.4,8.155882743e-17,1.526556659e-16,nan,nan,nan,nan
777,19.425,9.302404603e-17,1.734723476e-16,nan,nan,nan,nan
778,19.45,8.627534000e-17,1.595945598e-16,nan,nan,nan,nan
779,19.475,8.716685098e-17,1.804112415e-16,nan,nan,nan,nan
780,19.5,1.009255585e-16,1.665334537e-16,nan,nan,3.400058e-15,2.914335e-15
781,19.525,1.087135598e-16,1.665334537e-16,nan,nan,nan,nan
782,19.55,1.012036309e-16,1.804112415e-16,nan,nan,nan,nan
783,19.575,9.360168574e-17,1.942890293e-16,nan,nan,nan,nan
784,19.6,9.483577202e-17,1.873501354e-16,nan,nan,nan,nan
785,19.625,1.225913476e-16,1.873501354e-16,nan,nan,nan,nan
786,19.65,9.830521897e-17,1.942890293e-16,nan,nan,nan,nan
787,19.675,1.171704070e-16,2.151057110e-16,nan,nan,nan,nan
788,19.7,1.105635843e-16,2.081668171e-16,nan,nan,nan,nan
789,19.725,1.018783432e-16,2.151057110e-16,nan,nan,nan,nan
790,19.75,1.044610231e-16,2.081668171e-16,nan,nan,nan,nan
791,19.775,1.199172733e-16,2.359223927e-16,nan,nan,nan,nan
792,19.8,1.020070404e-16,2.359223927e-16,nan,nan,nan,nan
793,19.825,1.079304701e-16,2.359223927e-16,nan,nan,nan,nan
794,19.85,1.322165987e-16,2.220446049e-16,nan,nan,nan,nan
795,19.875,1.164478263e-16,2.220446049e-16,nan,nan,nan,nan
796,19.9,1.368509685e-16,2.359223927e-16,nan,nan,nan,nan
797,19.925,1.223893639e-16,2.359223927e-16,nan,nan,nan,nan
798,19.95,1.220108558e-16,2.220446049e-16,nan,nan,nan,nan
799,19.975,1.320397841e-16,2.359223927e-16,nan,nan,nan,nan
800,20,1.229731807e-16,2.498001805e-16,nan,nan,4.371503e-15,3.608225e-15
801,20.025,1.299120746e-16,2.498001805e-16,nan,nan,nan,nan
802,20.05,1.389786780e-16,2.498001805e-16,nan,nan,nan,nan
803,20.075,1.285725851e-16,2.636779683e-16,nan,nan,nan,nan
804,20.1,1.679206245e-16,2.498001805e-16,nan,nan,nan,nan
805,20.125,1.575122836e-16,2.498001805e-16,nan,nan,nan,nan
806,20.15,1.561425236e-16,2.359223927e-16,nan,nan,nan,nan
807,20.175,1.516575217e-16,2.220446049e-16,nan,nan,nan,nan
808,20.2,1.412491808e-16,2.775557562e-16,nan,nan,nan,nan
809,20.225,1.313076158e-16,2.498001805e-16,nan,nan,nan,nan
810,20.25,1.578463763e-16,2.636779683e-16,nan,nan,nan,nan
811,20.275,1.578463763e-16,2.498001805e-16,nan,nan,nan,nan
812,20.3,1.456431678e-16,2.359223927e-16,nan,nan,nan,nan
813,20.325,1.595209556e-16,2.359223927e-16,nan,nan,nan,nan
814,20.35,1.717241641e-16,2.775557562e-16,nan,nan,nan,nan
815,20.375,1.647852702e-16,2.775557562e-16,nan,nan,nan,nan
816,20.4,1.531254914e-16,3.053113318e-16,nan,nan,nan,nan
817,20.425,1.468026469e-16,3.053113318e-16,nan,nan,nan,nan
818,20.45,1.506473013e-16,2.775557562e-16,nan,nan,nan,nan
819,20.475,1.632968877e-16,2.775557562e-16,nan,nan,nan,nan
820,20.5,1.612991745e-16,3.053113318e-16,nan,nan,5.655199e-15,5.412337e-15
821,20.525,1.526779579e-16,3.330669074e-16,nan,nan,nan,nan
822,20.55,1.596168518e-16,4.024558464e-16,nan,nan,nan,nan
823,20.575,1.943113213e-16,3.608224830e-16,nan,nan,nan,nan
824,20.6,2.012502152e-16,3.053113318e-16,nan,nan,nan,nan
825,20.625,1.868797935e-16,2.914335440e-16,nan,nan,nan,nan
826,20.65,1.668426367e-16,2.914335440e-16,nan,nan,nan,nan
827,20.675,1.908418744e-16,3.191891196e-16,nan,nan,nan,nan
828,20.7,1.734946396e-16,3.330669074e-16,nan,nan,nan,nan
829,20.725,1.759275160e-16,3.330669074e-16,nan,nan,nan,nan
830,20.75,1.566167835e-16,3.608224830e-16,nan,nan,nan,nan
831,20.775,1.706991333e-16,3.885780586e-16,nan,nan,nan,nan
832,20.8,1.845769211e-16,4.163336342e-16,nan,nan,nan,nan
833,20.825,2.012858259e-16,4.440892099e-16,nan,nan,nan,nan
834,20.85,2.001089013e-16,4.302114220e-16,nan,nan,nan,nan
835,20.875,2.016731394e-16,4.163336342e-16,nan,nan,nan,nan
836,20.9,1.751660122e-16,3.608224830e-16,nan,nan,nan,nan
837,20.925,1.766586534e-16,3.885780586e-16,nan,nan,nan,nan
838,20.95,2.040308083e-16,4.024558464e-16,nan,nan,nan,nan
839,20.975,2.115182983e-16,4.302114220e-16,nan,nan,nan,nan
840,21,2.170855660e-16,4.024558464e-16,nan,nan,7.112366e-15,6.661338e-15
841,21.025,2.075390881e-16,3.747002708e-16,nan,nan,nan,nan
842,21.05,2.161269636e-16,4.163336342e-16,nan,nan,nan,nan
843,21.075,2.307543561e-16,4.302114220e-16,nan,nan,nan,nan
844,21.1,1.985121479e-16,4.302114220e-16,nan,nan,nan,nan
845,21.125,2.648922742e-16,4.163336342e-16,nan,nan,nan,nan
846,21.15,2.300047514e-16,3.469446952e-16,nan,nan,nan,nan
847,21.175,2.487810306e-16,3.469446952e-16,nan,nan,nan,nan
848,21.2,2.253584537e-16,4.163336342e-16,nan,nan,nan,nan
849,21.225,2.271980897e-16,4.440892099e-16,nan,nan,nan,nan
850,21.25,2.343739791e-16,4.440892099e-16,nan,nan,nan,nan
851,21.275,2.397252501e-16,4.440892099e-16,nan,nan,nan,nan
852,21.3,2.517542508e-16,3.885780586e-16,nan,nan,nan,nan
853,21.325,2.122332011e-16,4.163336342e-16,nan,nan,nan,nan
854,21.35,2.096046814e-16,4.440892099e-16,nan,nan,nan,nan
855,21.375,2.531566943e-16,4.440892099e-16,nan,nan,nan,nan
856,21.4,2.316255563e-16,4.440892099e-16,nan,nan,nan,nan
857,21.425,2.511647611e-16,3.885780586e-16,nan,nan,nan,nan
858,21.45,2.366851382e-16,4.440892099e-16,nan,nan,nan,nan
859,21.475,2.373845237e-16,4.440892099e-16,nan,nan,nan,nan
860,21.5,3.093587244e-16,5.273559367e-16,nan,nan,9.020562e-15,8.326673e-15
861,21.525,2.816031488e-16,4.718447855e-16,nan,nan,nan,nan
862,21.55,2.530594490e-16,4.440892099e-16,nan,nan,nan,nan
863,21.575,2.580815191e-16,3.885780586e-16,nan,nan,nan,nan
864,21.6,2.719593069e-16,3.885780586e-16,nan,nan,nan,nan
865,21.625,2.435715233e-16,4.440892099e-16,nan,nan,nan,nan
866,21.65,3.163611652e-16,4.163336342e-16,nan,nan,nan,nan
867,21.675,2.816031488e-16,4.440892099e-16,nan,nan,nan,nan
868,21.7,2.916455423e-16,4.440892099e-16,nan,nan,nan,nan
869,21.725,2.795105460e-16,4.996003611e-16,nan,nan,nan,nan
870,21.75,3.003272278e-16,5.273559367e-16,nan,nan,nan,nan
871,21.775,3.091364237e-16,5.828670879e-16,nan,nan,nan,nan
872,21.8,3.332789058e-16,5.828670879e-16,nan,nan,nan,nan
873,21.825,2.793539094e-16,5.551115123e-16,nan,nan,nan,nan
874,21.85,2.483551139e-16,5.273559367e-16,nan,nan,nan,nan
875,21.875,2.725716521e-16,5.273559367e-16,nan,nan,nan,nan
876,21.9,3.488994851e-16,5.828670879e-16,nan,nan,nan,nan
877,21.925,3.670375091e-16,6.106226635e-16,nan,nan,nan,nan
878,21.95,3.360392364e-16,5.828670879e-16,nan,nan,nan,nan
879,21.975,3.254614517e-16,5.828670879e-16,nan,nan,nan,nan
880,22,3.532170273e-16,5.828670879e-16,nan,nan,1.186551e-14,1.276756e-14
881,22.025,3.184652518e-16,6.106226635e-16,nan,nan,nan,nan
882,22.05,3.280472025e-16,6.383782392e-16,nan,nan,nan,nan
883,22.075,3.863195996e-16,6.383782392e-16,nan,nan,nan,nan
884,22.1,4.973419021e-16,6.106226635e-16,nan,nan,nan,nan
885,22.125,3.835583537e-16,5.828670879e-16,nan,nan,nan,nan
886,22.15,3.354629943e-16,5.828670879e-16,nan,nan,nan,nan
887,22.175,3.569410387e-16,5.273559367e-16,nan,nan,nan,nan
888,22.2,3.846966143e-16,5.426496412e-16,nan,nan,nan,nan
889,22.225,3.506481329e-16,5.273559367e-16,nan,nan,nan,nan
890,22.25,3.463971699e-16,6.106226635e-16,nan,nan,nan,nan
891,22.275,3.165735744e-16,6.383782392e-16,nan,nan,nan,nan
892,22.3,3.859625134e-16,6.938893904e-16,nan,nan,nan,nan
893,22.325,3.329309071e-16,5.551115123e-16,nan,nan,nan,nan
894,22.35,3.129517311e-16,6.106226635e-16,nan,nan,nan,nan
895,22.375,3.609263902e-16,6.106226635e-16,nan,nan,nan,nan
896,22.4,3.512680439e-16,5.828670879e-16,nan,nan,nan,nan
897,22.425,3.357056432e-16,6.938893904e-16,nan,nan,nan,nan
898,22.45,3.154158453e-16,6.383782392e-16,nan,nan,nan,nan
899,22.475,3.302898177e-16,5.551115123e-16,nan,nan,nan,nan
900,22.5,3.539874963e-16,5.273559367e-16,nan,nan,1.391248e-14,1.720846e-14
901,22.525,3.923637375e-16,5.273559367e-16,nan,nan,nan,nan
902,22.55,4.309519980e-16,6.383782392e-16,nan,nan,nan,nan
903,22.575,3.439329168e-16,5.828670879e-16,nan,nan,nan,nan
904,22.6,3.340012736e-16,5.273559367e-16,nan,nan,nan,nan
905,22.625,4.101353163e-16,5.828670879e-16,nan,nan,nan,nan
906,22.65,3.962575285e-16,6.938893904e-16,nan,nan,nan,nan
907,22.675,3.595974189e-16,7.216449660e-16,nan,nan,nan,nan
908,22.7,3.734752067e-16,7.494005416e-16,nan,nan,nan,nan
909,22.725,3.799331207e-16,6.938893904e-16,nan,nan,nan,nan
910,22.75,3.864369391e-16,6.938893904e-16,nan,nan,nan,nan
911,22.775,3.619928355e-16,6.383782392e-16,nan,nan,nan,nan
912,22.8,4.775586152e-16,8.326672685e-16,nan,nan,nan,nan
913,22.825,3.607714989e-16,8.604228441e-16,nan,nan,nan,nan
914,22.85,4.003147270e-16,8.604228441e-16,nan,nan,nan,nan
915,22.875,3.805188242e-16,7.494005416e-16,nan,nan,nan,nan
916,22.9,4.071365221e-16,7.771561172e-16,nan,nan,nan,nan
917,22.925,4.157280961e-16,7.494005416e-16,nan,nan,nan,nan
918,22.95,4.364837541e-16,8.326672685e-16,nan,nan,nan,nan
919,22.975,4.620089428e-16,8.049116929e-16,nan,nan,nan,nan
920,23,4.110394091e-16,7.494005416e-16,nan,nan,1.554312e-14,1.609823e-14
921,23.025,4.346631872e-16,6.661338148e-16,nan,nan,nan,nan
922,23.05,4.435147338e-16,6.661338148e-16,nan,nan,nan,nan
923,23.075,5.545370363e-16,7.216449660e-16,nan,nan,nan,nan
924,23.1,4.712703095e-16,8.604228441e-16,nan,nan,nan,nan
925,23.125,4.943061360e-16,8.881784197e-16,nan,nan,nan,nan
926,23.15,4.804283482e-16,8.604228441e-16,nan,nan,nan,nan
927,23.175,5.822926119e-16,8.881784197e-16,nan,nan,nan,nan
928,23.2,5.129036729e-16,8.049116929e-16,nan,nan,nan,nan
929,23.225,4.357363401e-16,8.049116929e-16,nan,nan,nan,nan
930,23.25,4.243592367e-16,8.049116929e-16,nan,nan,nan,nan
931,23.275,5.091923243e-16,7.771561172e-16,nan,nan,nan,nan
932,23.3,4.774399791e-16,8.326672685e-16,nan,nan,nan,nan
933,23.325,4.266355538e-16,7.771561172e-16,nan,nan,nan,nan
934,23.35,4.953145365e-16,7.771561172e-16,nan,nan,nan,nan
935,23.375,4.953145365e-16,8.049116929e-16,nan,nan,nan,nan
936,23.4,4.431295020e-16,8.326672685e-16,nan,nan,nan,nan
937,23.425,4.912740059e-16,8.604228441e-16,nan,nan,nan,nan
938,23.45,5.026669106e-16,9.436895709e-16,nan,nan,nan,nan
939,23.475,5.313373723e-16,8.881784197e-16,nan,nan,nan,nan
940,23.5,4.751967834e-16,7.771561172e-16,nan,nan,1.970646e-14,1.942890e-14
941,23.525,4.379927095e-16,7.771561172e-16,nan,nan,nan,nan
942,23.55,5.179105698e-16,8.326672685e-16,nan,nan,nan,nan
943,23.575,5.197000743e-16,8.049116929e-16,nan,nan,nan,nan
944,23.6,4.948417218e-16,8.881784197e-16,nan,nan,nan,nan
945,23.625,5.262886018e-16,7.216449660e-16,nan,nan,nan,nan
946,23.65,5.168301469e-16,7.494005416e-16,nan,nan,nan,nan
947,23.675,4.895345678e-16,8.049116929e-16,nan,nan,nan,nan
948,23.7,4.751733705e-16,8.881784197e-16,nan,nan,nan,nan
949,23.725,4.890511583e-16,8.881784197e-16,nan,nan,nan,nan
950,23.75,5.119914646e-16,9.436895709e-16,nan,nan,nan,nan
951,23.775,5.541308883e-16,8.326672685e-16,nan,nan,nan,nan
952,23.8,4.768336297e-16,8.881784197e-16,nan,nan,nan,nan
953,23.825,5.709983001e-16,8.881784197e-16,nan,nan,nan,nan
954,23.85,6.403872392e-16,9.992007222e-16,nan,nan,nan,nan
955,23.875,5.158272553e-16,9.436895709e-16,nan,nan,nan,nan
956,23.9,5.504711006e-16,9.992007222e-16,nan,nan,nan,nan
957,23.925,5.201635518e-16,1.054711873e-15,nan,nan,nan,nan
958,23.95,5.043433947e-16,9.436895709e-16,nan,nan,nan,nan
959,23.975,5.669443305e-16,8.881784197e-16,nan,nan,nan,nan
960,24,6.540699180e-16,1.110223025e-15,nan,nan,2.373102e-14,2.373102e-14
961,24.025,5.188091051e-16,1.165734176e-15,nan,nan,nan,nan
962,24.05,6.723898124e-16,1.165734176e-15,nan,nan,nan,nan
963,24.075,5.758263100e-16,1.054711873e-15,nan,nan,nan,nan
964,24.1,6.139241013e-16,9.992007222e-16,nan,nan,nan,nan
965,24.125,5.959288060e-16,1.110223025e-15,nan,nan,nan,nan
966,24.15,5.897040979e-16,8.881784197e-16,nan,nan,nan,nan
967,24.175,6.651735976e-16,8.881784197e-16,nan,nan,nan,nan
968,24.2,5.758263100e-16,9.992007222e-16,nan,nan,nan,nan
969,24.225,5.612047279e-16,9.436895709e-16,nan,nan,nan,nan
970,24.25,5.015544314e-16,9.436895709e-16,nan,nan,nan,nan
971,24.275,5.583222049e-16,1.054711873e-15,nan,nan,nan,nan
972,24.3,6.091005701e-16,9.992007222e-16,nan,nan,nan,nan
973,24.325,6.290855284e-16,9.159339953e-16,nan,nan,nan,nan
974,24.35,6.315892038e-16,8.881784197e-16,nan,nan,nan,nan
975,24.375,5.986989460e-16,9.992007222e-16,nan,nan,nan,nan
976,24.4,5.535894188e-16,1.165734176e-15,nan,nan,nan,nan
977,24.425,6.101234606e-16,1.054711873e-15,nan,nan,nan,nan
978,24.45,6.399121627e-16,8.881784197e-16,nan,nan,nan,nan
979,24.475,6.121565871e-16,8.881784197e-16,nan,nan,nan,nan
980,24.5,5.673446313e-16,9.436895709e-16,nan,nan,3.191891e-14,2.498002e-14
981,24.525,7.159821465e-16,8.881784197e-16,nan,nan,nan,nan
982,24.55,5.958997328e-16,8.881784197e-16,nan,nan,nan,nan
983,24.575,5.890946085e-16,8.881784197e-16,nan,nan,nan,nan
984,24.6,5.812224191e-16,8.881784197e-16,nan,nan,nan,nan
985,24.625,6.148118361e-16,8.326672685e-16,nan,nan,nan,nan
986,24.65,6.030599879e-16,9.436895709e-16,nan,nan,nan,nan
987,24.675,5.958315277e-16,1.054711873e-15,nan,nan,nan,nan
988,24.7,5.489622599e-16,1.332267630e-15,nan,nan,nan,nan
989,24.725,6.299597415e-16,1.110223025e-15,nan,nan,nan,nan
990,24.75,6.999242615e-16,9.992007222e-16,nan,nan,nan,nan
991,24.775,6.203584058e-16,1.054711873e-15,nan,nan,nan,nan
992,24.8,6.540541802e-16,1.110223025e-15,nan,nan,nan,nan
993,24.825,6.600869332e-16,1.054711873e-15,nan,nan,nan,nan
994,24.85,6.091909308e-16,1.110223025e-15,nan,nan,nan,nan
995,24.875,6.532668826e-16,1.054711873e-15,nan,nan,nan,nan
996,24.9,5.955882781e-16,1.221245327e-15,nan,nan,nan,nan
997,24.925,6.194482536e-16,1.276756478e-15,nan,nan,nan,nan
998,24.95,6.104572658e-16,1.221245327e-15,nan,nan,nan,nan
999,24.975,6.243350536e-16,1.054711873e-15,nan,nan,nan,nan
1000,25,6.160275959e-16,1.165734176e-15,nan,nan,3.275158e-14,2.775558e-14
1001,25.025,6.838128464e-16,1.276756478e-15,nan,nan,nan,nan
1002,25.05,6.692996845e-16,1.110223025e-15,nan,nan,nan,nan
1003,25.075,7.889586787e-16,1.276756478e-15,nan,nan,nan,nan
1004,25.1,6.918141640e-16,1.276756478e-15,nan,nan,nan,nan
1005,25.125,7.809573611e-16,1.221245327e-15,nan,nan,nan,nan
1006,25.15,7.803219870e-16,1.054711873e-15,nan,nan,nan,nan
1007,25.175,6.262233955e-16,1.276756478e-15,nan,nan,nan,nan
1008,25.2,6.429246740e-16,1.276756478e-15,nan,nan,nan,nan
1009,25.225,7.393239977e-16,1.276756478e-15,nan,nan,nan,nan
1010,25.25,7.234075281e-16,1.110223025e-15,nan,nan,nan,nan
1011,25.275,7.473012973e-16,1.221245327e-15,nan,nan,nan,nan
1012,25.3,6.634810439e-16,1.332267630e-15,nan,nan,nan,nan
1013,25.325,7.235990363e-16,1.387778781e-15,nan,nan,nan,nan
1014,25.35,7.235990363e-16,1.221245327e-15,nan,nan,nan,nan
1015,25.375,7.625819807e-16,1.165734176e-15,nan,nan,nan,nan
1016,25.4,7.093011018e-16,1.221245327e-15,nan,nan,nan,nan
1017,25.425,7.211271508e-16,1.165734176e-15,nan,nan,nan,nan
1018,25.45,6.488501180e-16,1.332267630e-15,nan,nan,nan,nan
1019,25.475,7.438611493e-16,1.221245327e-15,nan,nan,nan,nan
1020,25.5,6.785640284e-16,1.110223025e-15,nan,nan,3.566591e-14,3.275158e-14
1021,25.525,7.970566196e-16,1.054711873e-15,nan,nan,nan,nan
1022,25.55,6.626553391e-16,1.165734176e-15,nan,nan,nan,nan
1023,25.575,7.521468916e-16,1.221245327e-15,nan,nan,nan,nan
1024,25.6,8.019698179e-16,1.332267630e-15,nan,nan,nan,nan
1025,25.625,7.149690241e-16,1.221245327e-15,nan,nan,nan,nan
1026,25.65,7.671622051e-16,1.165734176e-15,nan,nan,nan,nan
1027,25.675,7.661284539e-16,1.165734176e-15,nan,nan,nan,nan
1028,25.7,7.500043780e-16,1.165734176e-15,nan,nan,nan,nan
1029,25.725,7.949177807e-16,1.221245327e-15,nan,nan,nan,nan
1030,25.75,8.365511442e-16,1.221245327e-15,nan,nan,nan,nan
1031,25.775,8.284507504e-16,1.165734176e-15,nan,nan,nan,nan
1032,25.8,8.209437713e-16,1.221245327e-15,nan,nan,nan,nan
1033,25.825,7.535964883e-16,1.165734176e-15,nan,nan,nan,nan
1034,25.85,7.826876066e-16,1.443289932e-15,nan,nan,nan,nan
1035,25.875,7.478177909e-16,1.221245327e-15,nan,nan,nan,nan
1036,25.9,7.776512163e-16,1.110223025e-15,nan,nan,nan,nan
1037,25.925,7.267865408e-16,1.165734176e-15,nan,nan,nan,nan
1038,25.95,7.531330313e-16,1.387778781e-15,nan,nan,nan,nan
1039,25.975,8.067554918e-16,1.443289932e-15,nan,nan,nan,nan
1040,26,7.558685262e-16,1.720845688e-15,nan,nan,3.773024e-14,3.552714e-14
1041,26.025,9.520385624e-16,1.443289932e-15,nan,nan,nan,nan
1042,26.05,7.605025838e-16,1.443289932e-15,nan,nan,nan,nan
1043,26.075,7.331988296e-16,1.276756478e-15,nan,nan,nan,nan
1044,26.1,8.888235194e-16,1.332267630e-15,nan,nan,nan,nan
1045,26.125,9.165790950e-16,1.276756478e-15,nan,nan,nan,nan
1046,26.15,8.359015058e-16,1.332267630e-15,nan,nan,nan,nan
1047,26.175,9.513085447e-16,1.443289932e-15,nan,nan,nan,nan
1048,26.2,7.907124595e-16,1.609823386e-15,nan,nan,nan,nan
1049,26.225,1.013723610e-15,1.720845688e-15,nan,nan,nan,nan
1050,26.25,8.333846569e-16,1.665334537e-15,nan,nan,nan,nan
1051,26.275,8.570200895e-16,1.609823386e-15,nan,nan,nan,nan
1052,26.3,9.080959529e-16,1.554312234e-15,nan,nan,nan,nan
1053,26.325,8.099604290e-16,1.554312234e-15,nan,nan,nan,nan
1054,26.35,8.840690316e-16,1.665334537e-15,nan,nan,nan,nan
1055,26.375,8.411527569e-16,1.554312234e-15,nan,nan,nan,nan
1056,26.4,8.555058230e-16,1.443289932e-15,nan,nan,nan,nan
1057,26.425,7.312631760e-16,1.387778781e-15,nan,nan,nan,nan
1058,26.45,9.504276649e-16,1.276756478e-15,nan,nan,nan,nan
1059,26.475,1.047572180e-15,1.443289932e-15,nan,nan,nan,nan
1060,26.5,9.786074820e-16,1.216474406e-15,nan,nan,4.293441e-14,4.107825e-14
1061,26.525,9.577992841e-16,1.221245327e-15,nan,nan,nan,nan
1062,26.55,8.806929418e-16,1.110223025e-15,nan,nan,nan,nan
1063,26.575,1.047572180e-15,1.387778781e-15,nan,nan,nan,nan
1064,26.6,9.396960992e-16,1.387778781e-15,nan,nan,nan,nan
1065,26.625,9.495199932e-16,1.221245327e-15,nan,nan,nan,nan
1066,26.65,8.236531722e-16,1.165734176e-15,nan,nan,nan,nan
1067,26.675,8.064581226e-16,1.276756478e-15,nan,nan,nan,nan
1068,26.7,8.696226939e-16,1.332267630e-15,nan,nan,nan,nan
1069,26.725,1.100414599e-15,1.498801083e-15,nan,nan,nan,nan
1070,26.75,8.221418799e-16,1.443289932e-15,nan,nan,nan,nan
1071,26.775,8.549209204e-16,1.332267630e-15,nan,nan,nan,nan
1072,26.8,7.983333805e-16,1.387778781e-15,nan,nan,nan,nan
1073,26.825,9.510864978e-16,1.387778781e-15,nan,nan,nan,nan
1074,26.85,8.375890132e-16,1.609823386e-15,nan,nan,nan,nan
1075,26.875,9.855381656e-16,1.443289932e-15,nan,nan,nan,nan
1076,26.9,8.286331959e-16,1.665334537e-15,nan,nan,nan,nan
1077,26.925,9.111044956e-16,1.665334537e-15,nan,nan,nan,nan
1078,26.95,8.299960295e-16,1.609823386e-15,nan,nan,nan,nan
1079,26.975,9.101006354e-16,1.498801083e-15,nan,nan,nan,nan
1080,27,9.241878011e-16,1.609823386e-15,nan,nan,5.070597e-14,4.718448e-14
1081,27.025,9.782290451e-16,1.387778781e-15,nan,nan,nan,nan
1082,27.05,9.276336335e-16,1.554312234e-15,nan,nan,nan,nan
1083,27.075,9.818481900e-16,1.609823386e-15,nan,nan,nan,nan
1084,27.1,9.859441103e-16,1.609823386e-15,nan,nan,nan,nan
1085,27.125,1.021189457e-15,1.443289932e-15,nan,nan,nan,nan
1086,27.15,8.984906574e-16,1.221245327e-15,nan,nan,nan,nan
1087,27.175,9.895021710e-16,1.498801083e-15,nan,nan,nan,nan
1088,27.2,9.418196638e-16,1.498801083e-15,nan,nan,nan,nan
1089,27.225,8.861189188e-16,1.498801083e-15,nan,nan,nan,nan
1090,27.25,8.279730876e-16,1.554312234e-15,nan,nan,nan,nan
1091,27.275,8.948626654e-16,1.554312234e-15,nan,nan,nan,nan
1092,27.3,9.527912074e-16,1.665334537e-15,nan,nan,nan,nan
1093,27.325,8.945029306e-16,1.720845688e-15,nan,nan,nan,nan
1094,27.35,9.414271700e-16,1.498801083e-15,nan,nan,nan,nan
1095,27.375,9.619067711e-16,1.387778781e-15,nan,nan,nan,nan
1096,27.4,8.443663078e-16,1.498801083e-15,nan,nan,nan,nan
1097,27.425,9.112702106e-16,1.332267630e-15,nan,nan,nan,nan
1098,27.45,9.251479984e-16,1.609823386e-15,nan,nan,nan,nan
1099,27.475,8.572136754e-16,1.387778781e-15,nan,nan,nan,nan
1100,27.5,9.112976311e-16,1.554312234e-15,nan,nan,5.292641e-14,4.996004e-14
1101,27.525,9.290165163e-16,1.443289932e-15,nan,nan,nan,nan
1102,27.55,1.005938816e-15,1.387778781e-15,nan,nan,nan,nan
1103,27.575,9.804897301e-16,1.250582685e-15,nan,nan,nan,nan
1104,27.6,9.002705318e-16,1.831867991e-15,nan,nan,nan,nan
1105,27.625,9.227779072e-16,1.665334537e-15,nan,nan,nan,nan
1106,27.65,1.016590050e-15,1.554312234e-15,nan,nan,nan,nan
1107,27.675,8.812312633e-16,1.221245327e-15,nan,nan,nan,nan
1108,27.7,1.008740611e-15,1.498801083e-15,nan,nan,nan,nan
1109,27.725,1.110048781e-15,1.720845688e-15,nan,nan,nan,nan
1110,27.75,1.134547873e-15,1.609823386e-15,nan,nan,nan,nan
1111,27.775,1.106595942e-15,1.609823386e-15,nan,nan,nan,nan
1112,27.8,1.091279669e-15,1.498801083e-15,nan,nan,nan,nan
1113,27.825,1.091852535e-15,1.387778781e-15,nan,nan,nan,nan
1114,27.85,1.048121039e-15,1.332267630e-15,nan,nan,nan,nan
1115,27.875,9.647856652e-16,1.387778781e-15,nan,nan,nan,nan
1116,27.9,1.027286425e-15,1.665334537e-15,nan,nan,nan,nan
1117,27.925,9.241036869e-16,1.665334537e-15,nan,nan,nan,nan
1118,27.95,1.019426524e-15,1.609823386e-15,nan,nan,nan,nan
1119,27.975,9.685247966e-16,1.498801083e-15,nan,nan,nan,nan
1120,28,1.076475119e-15,1.776356839e-15,nan,nan,5.585376e-14,5.662137e-14
1121,28.025,1.161211070e-15,1.720845688e-15,nan,nan,nan,nan
1122,28.05,1.078835588e-15,1.776356839e-15,nan,nan,nan,nan
1123,28.075,9.999864810e-16,1.609823386e-15,nan,nan,nan,nan
1124,28.1,9.852155309e-16,1.332267630e-15,nan,nan,nan,nan
1125,28.125,1.015220762e-15,1.332267630e-15,nan,nan,nan,nan
1126,28.15,1.158186047e-15,1.498801083e-15,nan,nan,nan,nan
1127,28.175,1.068833193e-15,1.609823386e-15,nan,nan,nan,nan
1128,28.2,1.091674848e-15,1.720845688e-15,nan,nan,nan,nan
1129,28.225,1.065037878e-15,1.831867991e-15,nan,nan,nan,nan
1130,28.25,1.072517752e-15,1.942890293e-15,nan,nan,nan,nan
1131,28.275,1.122095357e-15,1.720845688e-15,nan,nan,nan,nan
1132,28.3,1.116127438e-15,2.164934898e-15,nan,nan,nan,nan
1133,28.325,1.046403882e-15,1.831867991e-15,nan,nan,nan,nan
1134,28.35,1.189634727e-15,1.665334537e-15,nan,nan,nan,nan
1135,28.375,1.254100585e-15,1.498801083e-15,nan,nan,nan,nan
1136,28.4,1.160634769e-15,1.387778781e-15,nan,nan,nan,nan
1137,28.425,1.153334495e-15,1.498801083e-15,nan,nan,nan,nan
1138,28.45,1.226474971e-15,1.554312234e-15,nan,nan,nan,nan
1139,28.475,1.393384573e-15,1.665334537e-15,nan,nan,nan,nan
1140,28.5,1.534803497e-15,1.609823386e-15,nan,nan,5.356826e-14,6.106227e-14
1141,28.525,1.462089364e-15,1.776356839e-15,nan,nan,nan,nan
1142,28.55,1.413939307e-15,1.831867991e-15,nan,nan,nan,nan
1143,28.575,1.495815363e-15,1.887379142e-15,nan,nan,nan,nan
1144,28.6,1.631106290e-15,1.564369809e-15,nan,nan,nan,nan
1145,28.625,1.440574064e-15,1.720845688e-15,nan,nan,nan,nan
1146,28.65,1.565966304e-15,1.831867991e-15,nan,nan,nan,nan
1147,28.675,1.366598526e-15,1.942890293e-15,nan,nan,nan,nan
1148,28.7,1.373348095e-15,1.776356839e-15,nan,nan,nan,nan
1149,28.725,1.315846579e-15,1.665334537e-15,nan,nan,nan,nan
1150,28.75,1.474635164e-15,1.693090113e-15,nan,nan,nan,nan
1151,28.775,1.692446317e-15,1.804112415e-15,nan,nan,nan,nan
1152,28.8,1.677851877e-15,1.660856374e-15,nan,nan,nan,nan
1153,28.825,1.461722128e-15,2.042278679e-15,nan,nan,nan,nan
1154,28.85,1.601688459e-15,1.934392723e-15,nan,nan,nan,nan
1155,28.875,1.576273069e-15,1.882000674e-15,nan,nan,nan,nan
1156,28.9,1.650910293e-15,1.998401444e-15,nan,nan,nan,nan
1157,28.925,1.788252780e-15,1.998401444e-15,nan,nan,nan,nan
1158,28.95,1.866732366e-15,1.998401444e-15,nan,nan,nan,nan
1159,28.975,1.806006615e-15,1.776356839e-15,nan,nan,nan,nan
1160,29,1.878003006e-15,1.831867991e-15,nan,nan,6.153064e-14,6.439294e-14
1161,29.025,1.759784751e-15,1.719480119e-15,nan,nan,nan,nan
1162,29.05,1.781992323e-15,1.720845688e-15,nan,nan,nan,nan
1163,29.075,1.949304651e-15,1.859623566e-15,nan,nan,nan,nan
1164,29.1,1.999352145e-15,2.220446049e-15,nan,nan,nan,nan
1165,29.125,2.151702546e-15,2.275957200e-15,nan,nan,nan,nan
1166,29.15,2.317645982e-15,2.553512957e-15,nan,nan,nan,nan
1167,29.175,2.540488576e-15,2.609024108e-15,nan,nan,nan,nan
1168,29.2,2.606293233e-15,2.831068713e-15,nan,nan,nan,nan
1169,29.225,2.595767366e-15,2.498001805e-15,nan,nan,nan,nan
1170,29.25,2.488038265e-15,2.381665326e-15,nan,nan,nan,nan
1171,29.275,2.433183874e-15,2.158449408e-15,nan,nan,nan,nan
1172,29.3,2.538413682e-15,2.446530097e-15,nan,nan,nan,nan
1173,29.325,2.522433335e-15,2.261210185e-15,nan,nan,nan,nan
1174,29.35,2.486592389e-15,2.775557562e-15,nan,nan,nan,nan
1175,29.375,2.670539754e-15,3.053113318e-15,nan,nan,nan,nan
1176,29.4,3.159776157e-15,3.136380045e-15,nan,nan,nan,nan
1177,29.425,3.411822853e-15,3.441691376e-15,nan,nan,nan,nan
1178,29.45,3.368522434e-15,3.552713679e-15,nan,nan,nan,nan
1179,29.475,3.458628894e-15,3.497202528e-15,nan,nan,nan,nan
1180,29.5,3.631154411e-15,3.608224830e-15,nan,nan,6.231127e-14,6.217249e-14
1181,29.525,3.538078792e-15,3.608224830e-15,nan,nan,nan,nan
1182,29.55,3.805186559e-15,3.774758284e-15,nan,nan,nan,nan
1183,29.575,3.745751804e-15,3.885780586e-15,nan,nan,nan,nan
1184,29.6,3.848129744e-15,3.580469254e-15,nan,nan,nan,nan
1185,29.625,3.726914680e-15,3.719247132e-15,nan,nan,nan,nan
1186,29.65,3.703669973e-15,3.830269435e-15,nan,nan,nan,nan
1187,29.675,3.940030199e-15,4.107825191e-15,nan,nan,nan,nan
1188,29.7,4.552009178e-15,4.662936703e-15,nan,nan,nan,nan
1189,29.725,4.984765601e-15,5.218048216e-15,nan,nan,nan,nan
1190,29.75,5.469505635e-15,5.606626274e-15,nan,nan,nan,nan
1191,29.775,5.601031306e-15,5.495603972e-15,nan,nan,nan,nan
1192,29.8,5.556025833e-15,5.329070518e-15,nan,nan,nan,nan
1193,29.825,5.591654403e-15,5.384581669e-15,nan,nan,nan,nan
1194,29.85,5.479601459e-15,5.107025913e-15,nan,nan,nan,nan
1195,29.875,5.682781810e-15,5.884182031e-15,nan,nan,nan,nan
1196,29.9,6.107014664e-15,6.106226635e-15,nan,nan,nan,nan
1197,29.925,6.652940121e-15,6.494804694e-15,nan,nan,nan,nan
1198,29.95,6.991653447e-15,6.994405055e-15,nan,nan,nan,nan
1199,29.975,7.347267718e-15,7.160938509e-15,nan,nan,nan,nan
1200,30,7.679025458e-15,7.494005416e-15,nan,nan,6.404599e-14,7.105427e-14
1201,30.025,8.293814767e-15,8.104628080e-15,nan,nan,nan,nan
1202,30.05,8.879532757e-15,8.548717290e-15,nan,nan,nan,nan
1203,30.075,9.517875345e-15,8.937295348e-15,nan,nan,nan,nan
1204,30.1,9.765789705e-15,9.159339953e-15,nan,nan,nan,nan
1205,30.125,1.009239128e-14,9.547918012e-15,nan,nan,nan,nan
1206,30.15,1.053769098e-14,9.936496070e-15,nan,nan,nan,nan
1207,30.175,1.099476546e-14,1.004751837e-14,nan,nan,nan,nan
1208,30.2,1.112110689e-14,1.026956298e-14,nan,nan,nan,nan
1209,30.225,1.121259556e-14,1.038058528e-14,nan,nan,nan,nan
1210,30.25,1.156101611e-14,1.121325255e-14,nan,nan,nan,nan
1211,30.275,1.224370362e-14,1.187938636e-14,nan,nan,nan,nan
1212,30.3,1.330404749e-14,1.304512054e-14,nan,nan,nan,nan
1213,30.325,1.431350458e-14,1.348920975e-14,nan,nan,nan,nan
1214,30.35,1.505564968e-14,1.371125435e-14,nan,nan,nan,nan
1215,30.375,1.514717174e-14,1.371125435e-14,nan,nan,nan,nan
1216,30.4,1.559603099e-14,1.432187702e-14,nan,nan,nan,nan
1217,30.425,1.652152812e-14,1.570965580e-14,nan,nan,nan,nan
1218,30.45,1.775213873e-14,1.676436767e-14,nan,nan,nan,nan
1219,30.475,1.870992356e-14,1.720845688e-14,nan,nan,nan,nan
1220,30.5,1.926984929e-14,1.787459070e-14,nan,nan,7.244205e-14,7.438494e-14
1221,30.525,1.956528897e-14,1.842970221e-14,nan,nan,nan,nan
1222,30.55,2.021971276e-14,1.876276912e-14,nan,nan,nan,nan
1223,30.575,2.151055957e-14,2.015054790e-14,nan,nan,nan,nan
1224,30.6,2.318297668e-14,2.142730438e-14,nan,nan,nan,nan
1225,30.625,2.433932997e-14,2.220446049e-14,nan,nan,nan,nan
1226,30.65,2.536901679e-14,2.325917237e-14,nan,nan,nan,nan
1227,30.675,2.614816244e-14,2.392530618e-14,nan,nan,nan,nan
1228,30.7,2.770612091e-14,2.536859611e-14,nan,nan,nan,nan
1229,30.725,2.852392309e-14,2.625677453e-14,nan,nan,nan,nan
1230,30.75,2.993582456e-14,2.703393065e-14,nan,nan,nan,nan
1231,30.775,3.116426218e-14,2.819966483e-14,nan,nan,nan,nan
1232,30.8,3.247595425e-14,2.942091015e-14,nan,nan,nan,nan
1233,30.825,3.427345192e-14,3.125277814e-14,nan,nan,nan,nan
1234,30.85,3.611200262e-14,3.347322419e-14,nan,nan,nan,nan
1235,30.875,3.846239556e-14,3.508304758e-14,nan,nan,nan,nan
1236,30.9,4.024556944e-14,3.674838212e-14,nan,nan,nan,nan
1237,30.925,4.189667643e-14,3.796962744e-14,nan,nan,nan,nan
1238,30.95,4.363321952e-14,3.952393968e-14,nan,nan,nan,nan
1239,30.975,4.615135446e-14,4.174438573e-14,nan,nan,nan,nan
1240,31,4.854487601e-14,4.374278717e-14,nan,nan,7.244205e-14,7.993606e-14
1241,31.025,5.070663862e-14,4.579669977e-14,nan,nan,nan,nan
1242,31.05,5.251325083e-14,4.729550085e-14,nan,nan,nan,nan
1243,31.075,5.430624809e-14,4.907185769e-14,nan,nan,nan,nan
1244,31.1,5.644673231e-14,5.095923683e-14,nan,nan,nan,nan
1245,31.125,5.934253955e-14,5.390132785e-14,nan,nan,nan,nan
1246,31.15,6.277982600e-14,5.728750807e-14,nan,nan,nan,nan
1247,31.175,6.625698149e-14,6.011857678e-14,nan,nan,nan,nan
1248,31.2,6.947950357e-14,6.289413435e-14,nan,nan,nan,nan
1249,31.225,7.252229557e-14,6.583622536e-14,nan,nan,nan,nan
1250,31.25,7.550485833e-14,6.811218256e-14,nan,nan,nan,nan
1251,31.275,7.904876084e-14,7.099876242e-14,nan,nan,nan,nan
1252,31.3,8.232673016e-14,7.371880884e-14,nan,nan,nan,nan
1253,31.325,8.572025843e-14,7.704947791e-14,nan,nan,nan,nan
1254,31.35,8.967457447e-14,8.087974734e-14,nan,nan,nan,nan
1255,31.375,9.363406840e-14,8.454348333e-14,nan,nan,nan,nan
1256,31.4,9.813221308e-14,8.870681967e-14,nan,nan,nan,nan
1257,31.425,1.028776216e-13,9.314771177e-14,nan,nan,nan,nan
1258,31.45,1.080589779e-13,9.781064847e-14,nan,nan,nan,nan
1259,31.475,1.136593922e-13,1.027511409e-13,nan,nan,nan,nan
1260,31.5,1.188967267e-13,1.069699884e-13,nan,nan,7.494005e-14,8.271162e-14
1261,31.525,1.242003239e-13,1.112998582e-13,nan,nan,nan,nan
1262,31.55,1.294484248e-13,1.156852392e-13,nan,nan,nan,nan
1263,31.575,1.345164634e-13,1.202371536e-13,nan,nan,nan,nan
1264,31.6,1.398532852e-13,1.255107129e-13,nan,nan,nan,nan
1265,31.625,1.464006355e-13,1.312283615e-13,nan,nan,nan,nan
1266,31.65,1.534070796e-13,1.381117443e-13,nan,nan,nan,nan
1267,31.675,1.609756720e-13,1.449396159e-13,nan,nan,nan,nan
1268,31.7,1.688346336e-13,1.516564652e-13,nan,nan,nan,nan
1269,31.725,1.768447133e-13,1.583178033e-13,nan,nan,nan,nan
1270,31.75,1.842718195e-13,1.650901638e-13,nan,nan,nan,nan
1271,31.775,1.919995364e-13,1.716404796e-13,nan,nan,nan,nan
1272,31.8,2.004838129e-13,1.797451077e-13,nan,nan,nan,nan
1273,31.825,2.095317637e-13,1.872391131e-13,nan,nan,nan,nan
1274,31.85,2.191615257e-13,1.962319196e-13,nan,nan,nan,nan
1275,31.875,2.287101114e-13,2.043365477e-13,nan,nan,nan,nan
1276,31.9,2.389230154e-13,2.136069099e-13,nan,nan,nan,nan
1277,31.925,2.493575249e-13,2.224886941e-13,nan,nan,nan,nan
1278,31.95,2.601625092e-13,2.325917237e-13,nan,nan,nan,nan
1279,31.975,2.726095531e-13,2.435274205e-13,nan,nan,nan,nan
1280,32,2.852908496e-13,2.548516953e-13,nan,nan,7.688294e-14,9.103829e-14
1281,32.025,2.986011150e-13,2.672861932e-13,nan,nan,nan,nan
1282,32.05,3.123263253e-13,2.786104680e-13,nan,nan,nan,nan
1283,32.075,3.256734445e-13,2.904343432e-13,nan,nan,nan,nan
1284,32.1,3.389107828e-13,3.018696404e-13,nan,nan,nan,nan
1285,32.125,3.528724402e-13,3.143041383e-13,nan,nan,nan,nan
1286,32.15,3.679408255e-13,3.287370376e-13,nan,nan,nan,nan
1287,32.175,3.849768487e-13,3.445022045e-13,nan,nan,nan,nan
1288,32.2,4.031855779e-13,3.601563492e-13,nan,nan,nan,nan
1289,32.225,4.217601537e-13,3.767541834e-13,nan,nan,nan,nan
1290,32.25,4.401596131e-13,3.926858838e-13,nan,nan,nan,nan
1291,32.275,4.590857232e-13,4.090616734e-13,nan,nan,nan,nan
1292,32.3,4.789314203e-13,4.267697307e-13,nan,nan,nan,nan
1293,32.325,4.999071952e-13,4.456990332e-13,nan,nan,nan,nan
1294,32.35,5.219349597e-13,4.653499808e-13,nan,nan,nan,nan
1295,32.375,5.449220280e-13,4.853339952e-13,nan,nan,nan,nan
1296,32.4,5.680190392e-13,5.054845431e-13,nan,nan,nan,nan
1297,32.425,5.920960979e-13,5.264677583e-13,nan,nan,nan,nan
1298,32.45,6.169983172e-13,5.497269306e-13,nan,nan,nan,nan
1299,32.475,6.439687577e-13,5.735967257e-13,nan,nan,nan,nan
1300,32.5,6.728466404e-13,5.994649221e-13,nan,nan,7.896461e-14,9.492407e-14
1301,32.525,7.028469296e-13,6.257216967e-13,nan,nan,nan,nan
1302,32.55,7.338160884e-13,6.531442054e-13,nan,nan,nan,nan
1303,32.575,7.654445324e-13,6.803446695e-13,nan,nan,nan,nan
1304,32.6,7.974948482e-13,7.084888232e-13,nan,nan,nan,nan
1305,32.625,8.305467037e-13,7.375211553e-13,nan,nan,nan,nan
1306,32.65,8.655307569e-13,7.679412661e-13,nan,nan,nan,nan
1307,32.675,9.024675336e-13,8.014700015e-13,nan,nan,nan,nan
1308,32.7,9.415641810e-13,8.368861160e-13,nan,nan,nan,nan
1309,32.725,9.832560335e-13,8.731904089e-13,nan,nan,nan,nan
1310,32.75,1.025433294e-12,9.110490140e-13,nan,nan,nan,nan
1311,32.775,1.069410309e-12,9.487410857e-13,nan,nan,nan,nan
1312,32.8,1.114317574e-12,9.884315588e-13,nan,nan,nan,nan
1313,32.825,1.161552360e-12,1.030120433e-12,nan,nan,nan,nan
1314,32.85,1.210782049e-12,1.073918732e-12,nan,nan,nan,nan
1315,32.875,1.262334280e-12,1.119271342e-12,nan,nan,nan,nan
1316,32.9,1.315358235e-12,1.165567642e-12,nan,nan,nan,nan
1317,32.925,1.370064459e-12,1.214195411e-12,nan,nan,nan,nan
1318,32.95,1.427240080e-12,1.264766070e-12,nan,nan,nan,nan
1319,32.975,1.486917373e-12,1.317779219e-12,nan,nan,nan,nan
1320,33,1.550043488e-12,1.373623437e-12,nan,nan,8.382184e-14,9.270362e-14
1321,33.025,1.616166659e-12,1.432520769e-12,nan,nan,nan,nan
1322,33.05,1.684253906e-12,1.492306279e-12,nan,nan,nan,nan
1323,33.075,1.754886346e-12,1.553646101e-12,nan,nan,nan,nan
1324,33.1,1.827705093e-12,1.617594947e-12,nan,nan,nan,nan
1325,33.125,1.902655203e-12,1.683431172e-12,nan,nan,nan,nan
1326,33.15,1.981041150e-12,1.752542556e-12,nan,nan,nan,nan
1327,33.175,2.063129340e-12,1.825428697e-12,nan,nan,nan,nan
1328,33.2,2.148981114e-12,1.901423463e-12,nan,nan,nan,nan
1329,33.225,2.237996065e-12,1.979860720e-12,nan,nan,nan,nan
1330,33.25,2.330559024e-12,2.061961712e-12,nan,nan,nan,nan
1331,33.275,2.427294155e-12,2.146671729e-12,nan,nan,nan,nan
1332,33.3,2.527561404e-12,2.235323038e-12,nan,nan,nan,nan
1333,33.325,2.632016872e-12,2.326694393e-12,nan,nan,nan,nan
1334,33.35,2.740940556e-12,2.421729484e-12,nan,nan,nan,nan
1335,33.375,2.852760840e-12,2.519706666e-12,nan,nan,nan,nan
1336,33.4,2.967388012e-12,2.621292072e-12,nan,nan,nan,nan
1337,33.425,3.087191100e-12,2.726652237e-12,nan,nan,nan,nan
1338,33.45,3.212761089e-12,2.837730051e-12,nan,nan,nan,nan
1339,33.475,3.344439896e-12,2.953415290e-12,nan,nan,nan,nan
1340,33.5,3.481626203e-12,3.074485111e-12,nan,nan,8.895662e-14,9.880985e-14
1341,33.525,3.625029060e-12,3.199773779e-12,nan,nan,nan,nan
1342,33.55,3.772163562e-12,3.328726184e-12,nan,nan,nan,nan
1343,33.575,3.924430302e-12,3.462730103e-12,nan,nan,nan,nan
1344,33.6,4.081884423e-12,3.600064691e-12,nan,nan,nan,nan
1345,33.625,4.245831487e-12,3.744449195e-12,nan,nan,nan,nan
1346,33.65,4.416487572e-12,3.894218281e-12,nan,nan,nan,nan
1347,33.675,4.594372413e-12,4.050260127e-12,nan,nan,nan,nan
1348,33.7,4.778652198e-12,4.211631044e-12,nan,nan,nan,nan
1349,33.725,4.970442206e-12,4.379885343e-12,nan,nan,nan,nan
1350,33.75,5.168239616e-12,4.555189559e-12,nan,nan,nan,nan
1351,33.775,5.375838687e-12,4.736266934e-12,nan,nan,nan,nan
1352,33.8,5.590844426e-12,4.925004848e-12,nan,nan,nan,nan
1353,33.825,5.814037723e-12,5.120015523e-12,nan,nan,nan,nan
1354,33.85,6.045565252e-12,5.322242647e-12,nan,nan,nan,nan
1355,33.875,6.284835589e-12,5.531686220e-12,nan,nan,nan,nan
1356,33.9,6.532078009e-12,5.747402554e-12,nan,nan,nan,nan
1357,33.925,6.787605765e-12,5.973777029e-12,nan,nan,nan,nan
1358,33.95,7.055206673e-12,6.208589198e-12,nan,nan,nan,nan
1359,33.975,7.334407217e-12,6.453060308e-12,nan,nan,nan,nan
1360,34,7.625188956e-12,6.708078537e-12,nan,nan,9.603429e-14,1.010303e-13
1361,34.025,7.926271142e-12,6.971145883e-12,nan,nan,nan,nan
1362,34.05,8.237790517e-12,7.242317857e-12,nan,nan,nan,nan
1363,34.075,8.558993430e-12,7.522316103e-12,nan,nan,nan,nan
1364,34.1,8.890228559e-12,7.814526803e-12,nan,nan,nan,nan
1365,34.125,9.236672185e-12,8.118172801e-12,nan,nan,nan,nan
1366,34.15,9.597790627e-12,8.434086762e-12,nan,nan,nan,nan
1367,34.175,9.971761858e-12,8.760214776e-12,nan,nan,nan,nan
1368,34.2,1.035986161e-11,9.098499731e-12,nan,nan,nan,nan
1369,34.225,1.076071941e-11,9.448886118e-12,nan,nan,nan,nan
1370,34.25,1.117592212e-11,9.811151891e-12,nan,nan,nan,nan
1371,34.275,1.160625646e-11,1.019034856e-11,nan,nan,nan,nan
1372,34.3,1.205465814e-11,1.058342303e-11,nan,nan,nan,nan
1373,34.325,1.252109477e-11,1.098965363e-11,nan,nan,nan,nan
1374,34.35,1.300392285e-11,1.140909589e-11,nan,nan,nan,nan
1375,34.375,1.350193107e-11,1.184252696e-11,nan,nan,nan,nan
1376,34.4,1.401680867e-11,1.229050195e-11,nan,nan,nan,nan
1377,34.425,1.454956662e-11,1.275513029e-11,nan,nan,nan,nan
1378,34.45,1.510265509e-11,1.324204635e-11,nan,nan,nan,nan
1379,34.475,1.567815269e-11,1.374758640e-11,nan,nan,nan,nan
1380,34.5,1.627849122e-11,1.427097329e-11,nan,nan,1.074141e-13,9.547918e-14
1381,34.525,1.689999661e-11,1.481076373e-11,nan,nan,nan,nan
1382,34.55,1.754110764e-11,1.536765160e-11,nan,nan,nan,nan
1383,34.575,1.820325408e-11,1.594210874e-11,nan,nan,nan,nan
1384,34.6,1.888741139e-11,1.653646664e-11,nan,nan,nan,nan
1385,34.625,1.959559689e-11,1.715880216e-11,nan,nan,nan,nan
1386,34.65,2.033116600e-11,1.780375847e-11,nan,nan,nan,nan
1387,34.675,2.109831152e-11,1.847139108e-11,nan,nan,nan,nan
1388,34.7,2.189205930e-11,1.916114489e-11,nan,nan,nan,nan
1389,34.725,2.271317291e-11,1.987407461e-11,nan,nan,nan,nan
1390,34.75,2.356176259e-11,2.061070759e-11,nan,nan,nan,nan
1391,34.775,2.444040805e-11,2.137370836e-11,nan,nan,nan,nan
1392,34.8,2.534831326e-11,2.216721251e-11,nan,nan,nan,nan
1393,34.825,2.628684582e-11,2.299077595e-11,nan,nan,nan,nan
1394,34.85,2.726515844e-11,2.384062392e-11,nan,nan,nan,nan
1395,34.875,2.827703051e-11,2.471828298e-11,nan,nan,nan,nan
1396,34.9,2.932339189e-11,2.562622337e-11,nan,nan,nan,nan
1397,34.925,3.040519548e-11,2.656419529e-11,nan,nan,nan,nan
1398,34.95,3.152450054e-11,2.753547390e-11,nan,nan,nan,nan
1399,34.975,3.268290634e-11,2.854455561e-11,nan,nan,nan,nan
1400,35,3.387937292e-11,2.959280043e-11,nan,nan,1.018630e-13,1.010303e-13
1401,35.025,3.512117782e-11,3.067412990e-11,nan,nan,nan,nan
1402,35.05,3.641014806e-11,3.179009833e-11,nan,nan,nan,nan
1403,35.075,3.774160675e-11,3.294337025e-11,nan,nan,nan,nan
1404,35.1,3.911778605e-11,3.413483385e-11,nan,nan,nan,nan
1405,35.125,4.053987603e-11,3.536657078e-11,nan,nan,nan,nan
1406,35.15,4.201045882e-11,3.664152315e-11,nan,nan,nan,nan
1407,35.175,4.352790584e-11,3.796923886e-11,nan,nan,nan,nan
1408,35.2,4.509764248e-11,3.934000348e-11,nan,nan,nan,nan
1409,35.225,4.673344922e-11,4.075589866e-11,nan,nan,nan,nan
1410,35.25,4.842438584e-11,4.221945016e-11,nan,nan,nan,nan
1411,35.275,5.017096649e-11,4.372927020e-11,nan,nan,nan,nan
1412,35.3,5.197470238e-11,4.528752373e-11,nan,nan,nan,nan
1413,35.325,5.383558897e-11,4.689426625e-11,nan,nan,nan,nan
1414,35.35,5.575522369e-11,4.856845481e-11,nan,nan,nan,nan
1415,35.375,5.773678410e-11,5.029890393e-11,nan,nan,nan,nan
1416,35.4,5.979902586e-11,5.208741771e-11,nan,nan,nan,nan
1417,35.425,6.193621478e-11,5.393457903e-11,nan,nan,nan,nan
1418,35.45,6.414411705e-11,5.584152585e-11,nan,nan,nan,nan
1419,35.475,6.642274090e-11,5.780778634e-11,nan,nan,nan,nan
1420,35.5,6.877305935e-11,5.983491480e-11,nan,nan,1.065814e-13,1.132427e-13
1421,35.525,7.119657881e-11,6.193581759e-11,nan,nan,nan,nan
1422,35.55,7.369732273e-11,6.411643438e-11,nan,nan,nan,nan
1423,35.575,7.628423772e-11,6.636702299e-11,nan,nan,nan,nan
1424,35.6,7.897624888e-11,6.869008140e-11,nan,nan,nan,nan
1425,35.625,8.175480758e-11,7.108602595e-11,nan,nan,nan,nan
1426,35.65,8.462203972e-11,7.355777099e-11,nan,nan,nan,nan
1427,35.675,8.757909375e-11,7.610620467e-11,nan,nan,nan,nan
1428,35.7,9.063018983e-11,7.873629526e-11,nan,nan,nan,nan
1429,35.725,9.377706165e-11,8.147689468e-11,nan,nan,nan,nan
1430,35.75,9.702283799e-11,8.430284248e-11,nan,nan,nan,nan
1431,35.775,1.003947156e-10,8.721624811e-11,nan,nan,nan,nan
1432,35.8,1.038830972e-10,9.021966507e-11,nan,nan,nan,nan
1433,35.825,1.074789931e-10,9.331571627e-11,nan,nan,nan,nan
1434,35.85,1.111873225e-10,9.650723276e-11,nan,nan,nan,nan
1435,35.875,1.150116753e-10,9.979808646e-11,nan,nan,nan,nan
1436,35.9,1.189562657e-10,1.032127162e-10,nan,nan,nan,nan
1437,35.925,1.230242052e-10,1.067501226e-10,nan,nan,nan,nan
1438,35.95,1.272204749e-10,1.103951514e-10,nan,nan,nan,nan
1439,35.975,1.315875660e-10,1.141497868e-10,nan,nan,nan,nan
1440,36,1.360871833e-10,1.180174847e-10,nan,nan,1.074141e-13,1.187939e-13
1441,36.025,1.407256892e-10,1.220030188e-10,nan,nan,nan,nan
1442,36.05,1.455061608e-10,1.261113297e-10,nan,nan,nan,nan
1443,36.075,1.504340957e-10,1.303450264e-10,nan,nan,nan,nan
1444,36.1,1.555126769e-10,1.347535555e-10,nan,nan,nan,nan
1445,36.125,1.607450937e-10,1.392957347e-10,nan,nan,nan,nan
1446,36.15,1.661582293e-10,1.439745684e-10,nan,nan,nan,nan
1447,36.175,1.717723152e-10,1.487948653e-10,nan,nan,nan,nan
1448,36.2,1.775570556e-10,1.537600047e-10,nan,nan,nan,nan
1449,36.225,1.835174749e-10,1.588730189e-10,nan,nan,nan,nan
1450,36.25,1.896562751e-10,1.641369887e-10,nan,nan,nan,nan
1451,36.275,1.959780797e-10,1.695817306e-10,nan,nan,nan,nan
1452,36.3,2.024875211e-10,1.752235232e-10,nan,nan,nan,nan
1453,36.325,2.091911409e-10,1.810340350e-10,nan,nan,nan,nan
1454,36.35,2.161440902e-10,1.870185257e-10,nan,nan,nan,nan
1455,36.375,2.233335668e-10,1.931808394e-10,nan,nan,nan,nan
1456,36.4,2.307373264e-10,1.995252435e-10,nan,nan,nan,nan
1457,36.425,2.383603143e-10,2.060528206e-10,nan,nan,nan,nan
1458,36.45,2.462069152e-10,2.127696422e-10,nan,nan,nan,nan
1459,36.475,2.542831748e-10,2.197386335e-10,nan,nan,nan,nan
1460,36.5,2.625962030e-10,2.269326671e-10,nan,nan,1.107447e-13,1.276756e-13
1461,36.525,2.711530328e-10,2.343385347e-10,nan,nan,nan,nan
1462,36.55,2.800430718e-10,2.419602921e-10,nan,nan,nan,nan
1463,36.575,2.892090073e-10,2.498041704e-10,nan,nan,nan,nan
1464,36.6,2.986425629e-10,2.578725948e-10,nan,nan,nan,nan
1465,36.625,3.083509724e-10,2.661725597e-10,nan,nan,nan,nan
1466,36.65,3.183399316e-10,2.747104792e-10,nan,nan,nan,nan
1467,36.675,3.286177777e-10,2.835909550e-10,nan,nan,nan,nan
1468,36.7,3.391923172e-10,2.927281278e-10,nan,nan,nan,nan
1469,36.725,3.500694293e-10,3.021266544e-10,nan,nan,nan,nan
1470,36.75,3.613772791e-10,3.117913636e-10,nan,nan,nan,nan
1471,36.775,3.730133937e-10,3.217316426e-10,nan,nan,nan,nan
1472,36.8,3.849837741e-10,3.319535979e-10,nan,nan,nan,nan
1473,36.825,3.972980609e-10,3.424652185e-10,nan,nan,nan,nan
1474,36.85,4.099646255e-10,3.532965517e-10,nan,nan,nan,nan
1475,36.875,4.229911949e-10,3.645346733e-10,nan,nan,nan,nan
1476,36.9,4.363843619e-10,3.760879282e-10,nan,nan,nan,nan
1477,36.925,4.501528835e-10,3.879640081e-10,nan,nan,nan,nan
1478,36.95,4.644636645e-10,4.001725548e-10,nan,nan,nan,nan
1479,36.975,4.791799794e-10,4.127218983e-10,nan,nan,nan,nan
1480,37,4.943115747e-10,4.256217150e-10,nan,nan,1.143530e-13,1.321165e-13
1481,37.025,5.098685631e-10,4.388787216e-10,nan,nan,nan,nan
1482,37.05,5.258601051e-10,4.525464031e-10,nan,nan,nan,nan
1483,37.075,5.422961635e-10,4.667039810e-10,nan,nan,nan,nan
1484,37.1,5.591873150e-10,4.812523505e-10,nan,nan,nan,nan
1485,37.125,5.765441259e-10,4.962023084e-10,nan,nan,nan,nan
1486,37.15,5.945732428e-10,5.115623064e-10,nan,nan,nan,nan
1487,37.175,6.131094839e-10,5.273424475e-10,nan,nan,nan,nan
1488,37.2,6.321562455e-10,5.435522241e-10,nan,nan,nan,nan
1489,37.225,6.517265830e-10,5.601993522e-10,nan,nan,nan,nan
1490,37.25,6.718330343e-10,5.773616724e-10,nan,nan,nan,nan
1491,37.275,6.924882514e-10,5.951259208e-10,nan,nan,nan,nan
1492,37.3,7.137076050e-10,6.133739627e-10,nan,nan,nan,nan
1493,37.325,7.355016519e-10,6.321149298e-10,nan,nan,nan,nan
1494,37.35,7.580954055e-10,6.513591749e-10,nan,nan,nan,nan
1495,37.375,7.813428899e-10,6.711160933e-10,nan,nan,nan,nan
1496,37.4,8.052184485e-10,6.913998818e-10,nan,nan,nan,nan
1497,37.425,8.297370084e-10,7.122234191e-10,nan,nan,nan,nan
1498,37.45,8.549166475e-10,7.336685565e-10,nan,nan,nan,nan
1499,37.475,8.807721938e-10,7.558682569e-10,nan,nan,nan,nan
1500,37.5,9.073174387e-10,7.786579437e-10,nan,nan,1.160183e-13,1.298961e-13
1501,37.525,9.345667350e-10,8.020505926e-10,nan,nan,nan,nan
1502,37.55,9.627308639e-10,8.260597900e-10,nan,nan,nan,nan
1503,37.575,9.917684192e-10,8.506989974e-10,nan,nan,nan,nan
1504,37.6,1.021578801e-09,8.759840076e-10,nan,nan,nan,nan
1505,37.625,1.052177388e-09,9.019274355e-10,nan,nan,nan,nan
1506,37.65,1.083581733e-09,9.285854030e-10,nan,nan,nan,nan
1507,37.675,1.115808957e-09,9.562087511e-10,nan,nan,nan,nan
1508,37.7,1.148876845e-09,9.845520788e-10,nan,nan,nan,nan
1509,37.725,1.182806354e-09,1.013633746e-09,nan,nan,nan,nan
1510,37.75,1.217738193e-09,1.043469186e-09,nan,nan,nan,nan
1511,37.775,1.253862716e-09,1.074073108e-09,nan,nan,nan,nan
1512,37.8,1.290927884e-09,1.105460570e-09,nan,nan,nan,nan
1513,37.825,1.328952265e-09,1.137645034e-09,nan,nan,nan,nan
1514,37.85,1.367956361e-09,1.170648092e-09,nan,nan,nan,nan
1515,37.875,1.407963077e-09,1.204846362e-09,nan,nan,nan,nan
1516,37.9,1.448995586e-09,1.239957664e-09,nan,nan,nan,nan
1517,37.925,1.491076175e-09,1.275965333e-09,nan,nan,nan,nan
1518,37.95,1.534226633e-09,1.312884801e-09,nan,nan,nan,nan
1519,37.975,1.578920259e-09,1.350735523e-09,nan,nan,nan,nan
1520,38,1.624811980e-09,1.389534487e-09,nan,nan,1.162959e-13,1.376677e-13
1521,38.025,1.671869735e-09,1.429303537e-09,nan,nan,nan,nan
1522,38.05,1.720118841e-09,1.470062100e-09,nan,nan,nan,nan
1523,38.075,1.769584326e-09,1.512117848e-09,nan,nan,nan,nan
1524,38.1,1.820290980e-09,1.555434170e-09,nan,nan,nan,nan
1525,38.125,1.872264719e-09,1.599829547e-09,nan,nan,nan,nan
1526,38.15,1.925530946e-09,1.645326431e-09,nan,nan,nan,nan
1527,38.175,1.980345362e-09,1.691948415e-09,nan,nan,nan,nan
1528,38.2,2.036935801e-09,1.739718175e-09,nan,nan,nan,nan
1529,38.225,2.094937680e-09,1.788658832e-09,nan,nan,nan,nan
1530,38.25,2.154378895e-09,1.838792174e-09,nan,nan,nan,nan
1531,38.275,2.215286435e-09,1.890229667e-09,nan,nan,nan,nan
1532,38.3,2.277689139e-09,1.943445599e-09,nan,nan,nan,nan
1533,38.325,2.341618092e-09,1.997959992e-09,nan,nan,nan,nan
1534,38.35,2.407105749e-09,2.053802628e-09,nan,nan,nan,nan
1535,38.375,2.474185468e-09,2.110997765e-09,nan,nan,nan,nan
1536,38.4,2.543468449e-09,2.169570440e-09,nan,nan,nan,nan
1537,38.425,2.614662667e-09,2.229548018e-09,nan,nan,nan,nan
1538,38.45,2.687585856e-09,2.290954787e-09,nan,nan,nan,nan
1539,38.475,2.762270814e-09,2.353819556e-09,nan,nan,nan,nan
1540,38.5,2.838754967e-09,2.418639983e-09,nan,nan,1.212919e-13,1.310063e-13
1541,38.525,2.917073900e-09,2.485312622e-09,nan,nan,nan,nan
1542,38.55,2.997262635e-09,2.553571660e-09,nan,nan,nan,nan
1543,38.575,3.079357688e-09,2.623446155e-09,nan,nan,nan,nan
1544,38.6,3.163394172e-09,2.694968165e-09,nan,nan,nan,nan
1545,38.625,3.250387429e-09,2.768169166e-09,nan,nan,nan,nan
1546,38.65,3.339483617e-09,2.843082075e-09,nan,nan,nan,nan
1547,38.675,3.430693013e-09,2.919738201e-09,nan,nan,nan,nan
1548,38.7,3.524053699e-09,2.998168741e-09,nan,nan,nan,nan
1549,38.725,3.619606284e-09,3.079327932e-09,nan,nan,nan,nan
1550,38.75,3.717390083e-09,3.162420215e-09,nan,nan,nan,nan
1551,38.775,3.817448105e-09,3.247436681e-09,nan,nan,nan,nan
1552,38.8,3.919824012e-09,3.334416354e-09,nan,nan,nan,nan
1553,38.825,4.024665833e-09,3.423396400e-09,nan,nan,nan,nan
1554,38.85,4.133078957e-09,3.514411789e-09,nan,nan,nan,nan
1555,38.875,4.244007272e-09,3.607499910e-09,nan,nan,nan,nan
1556,38.9,4.357496009e-09,3.702693263e-09,nan,nan,nan,nan
1557,38.925,4.473592603e-09,3.800240012e-09,nan,nan,nan,nan
1558,38.95,4.592345038e-09,3.900976986e-09,nan,nan,nan,nan
1559,38.975,4.713801700e-09,4.003997495e-09,nan,nan,nan,nan
1560,39,4.838013446e-09,4.109345836e-09,nan,nan,1.182388e-13,1.348921e-13
1561,39.025,4.965028990e-09,4.217060423e-09,nan,nan,nan,nan
1562,39.05,5.094994475e-09,4.327185110e-09,nan,nan,nan,nan
1563,39.075,5.229346992e-09,4.439760670e-09,nan,nan,nan,nan
1564,39.1,5.366735638e-09,4.554831262e-09,nan,nan,nan,nan
1565,39.125,5.507216912e-09,4.672440379e-09,nan,nan,nan,nan
1566,39.15,5.650844096e-09,4.793024061e-09,nan,nan,nan,nan
1567,39.175,5.797671721e-09,4.917348084e-09,nan,nan,nan,nan
1568,39.2,5.947754373e-09,5.044414469e-09,nan,nan,nan,nan
1569,39.225,6.101150668e-09,5.174273676e-09,nan,nan,nan,nan
1570,39.25,6.257919947e-09,5.306974943e-09,nan,nan,nan,nan
1571,39.275,6.418123439e-09,5.442567369e-09,nan,nan,nan,nan
1572,39.3,6.583564856e-09,5.581099138e-09,nan,nan,nan,nan
1573,39.325,6.752851896e-09,5.722616686e-09,nan,nan,nan,nan
1574,39.35,6.925845286e-09,5.867168945e-09,nan,nan,nan,nan
1575,39.375,7.102607837e-09,6.015208498e-09,nan,nan,nan,nan
1576,39.4,7.283205599e-09,6.167845901e-09,nan,nan,nan,nan
1577,39.425,7.467706269e-09,6.323764068e-09,nan,nan,nan,nan
1578,39.45,7.656175611e-09,6.483018233e-09,nan,nan,nan,nan
1579,39.475,7.848680468e-09,6.645661077e-09,nan,nan,nan,nan
1580,39.5,8.045286157e-09,6.811747610e-09,nan,nan,1.221245e-13,1.387779e-13
1581,39.525,8.247432628e-09,6.981334510e-09,nan,nan,nan,nan
1582,39.55,8.454936225e-09,7.154478399e-09,nan,nan,nan,nan
1583,39.575,8.666865070e-09,7.331236396e-09,nan,nan,nan,nan
1584,39.6,8.883291631e-09,7.511729294e-09,nan,nan,nan,nan
1585,39.625,9.104289122e-09,7.698163329e-09,nan,nan,nan,nan
1586,39.65,9.329931187e-09,7.888491471e-09,nan,nan,nan,nan
1587,39.675,9.560294654e-09,8.082778113e-09,nan,nan,nan,nan
1588,39.7,9.795456050e-09,8.281087149e-09,nan,nan,nan,nan
1589,39.725,1.003549382e-08,8.483481750e-09,nan,nan,nan,nan
1590,39.75,1.028072411e-08,8.690024089e-09,nan,nan,nan,nan
1591,39.775,1.053376234e-08,8.900778392e-09,nan,nan,nan,nan
1592,39.8,1.079204807e-08,9.115806832e-09,nan,nan,nan,nan
1593,39.825,1.105566411e-08,9.335175410e-09,nan,nan,nan,nan
1594,39.85,1.132469613e-08,9.560823133e-09,nan,nan,nan,nan
1595,39.875,1.159923088e-08,9.791958688e-09,nan,nan,nan,nan
1596,39.9,1.187935571e-08,1.002776762e-08,nan,nan,nan,nan
1597,39.925,1.216515469e-08,1.026831986e-08,nan,nan,nan,nan
1598,39.95,1.245671431e-08,1.051368564e-08,nan,nan,nan,nan
1599,39.975,1.275412098e-08,1.076393719e-08,nan,nan,nan,nan
1600,40,1.305896694e-08,1.101914909e-08,nan,nan,1.237899e-13,1.332268e-13
1601,40.025,1.337212076e-08,1.127939331e-08,nan,nan,nan,nan
1602,40.05,1.369156163e-08,1.154474333e-08,nan,nan,nan,nan
1603,40.075,1.401738359e-08,1.181577169e-08,nan,nan,nan,nan
1604,40.1,1.434968099e-08,1.209500983e-08,nan,nan,nan,nan
1605,40.125,1.468855207e-08,1.237973013e-08,nan,nan,nan,nan
1606,40.15,1.503409647e-08,1.267001604e-08,nan,nan,nan,nan
1607,40.175,1.538641395e-08,1.296594965e-08,nan,nan,nan,nan
1608,40.2,1.574560230e-08,1.326760640e-08,nan,nan,nan,nan
1609,40.225,1.611175804e-08,1.357506763e-08,nan,nan,nan,nan
1610,40.25,1.648744218e-08,1.388841225e-08,nan,nan,nan,nan
1611,40.275,1.687251684e-08,1.420772633e-08,nan,nan,nan,nan
1612,40.3,1.726506565e-08,1.453309284e-08,nan,nan,nan,nan
1613,40.325,1.766520070e-08,1.486641882e-08,nan,nan,nan,nan
1614,40.35,1.807303021e-08,1.520843029e-08,nan,nan,nan,nan
1615,40.375,1.848866250e-08,1.555692947e-08,nan,nan,nan,nan
1616,40.4,1.891220352e-08,1.591200482e-08,nan,nan,nan,nan
1617,40.425,1.934376433e-08,1.627374518e-08,nan,nan,nan,nan
1618,40.45,1.978345629e-08,1.664224308e-08,nan,nan,nan,nan
1619,40.475,2.023139147e-08,1.701758939e-08,nan,nan,nan,nan
1620,40.5,2.069027224e-08,1.739987621e-08,nan,nan,1.228184e-13,1.404432e-13
1621,40.525,2.116077238e-08,1.778919456e-08,nan,nan,nan,nan
1622,40.55,2.164009719e-08,1.818563533e-08,nan,nan,nan,nan
1623,40.575,2.212836845e-08,1.859198029e-08,nan,nan,nan,nan
1624,40.6,2.262570882e-08,1.900819735e-08,nan,nan,nan,nan
1625,40.625,2.313224127e-08,1.943203870e-08,nan,nan,nan,nan
1626,40.65,2.364808705e-08,1.986360093e-08,nan,nan,nan,nan
1627,40.675,2.417336680e-08,2.030297963e-08,nan,nan,nan,nan
1628,40.7,2.470820249e-08,2.075027600e-08,nan,nan,nan,nan
1629,40.725,2.525271792e-08,2.120559289e-08,nan,nan,nan,nan
1630,40.75,2.580810563e-08,2.166903096e-08,nan,nan,nan,nan
1631,40.775,2.637930990e-08,2.214069544e-08,nan,nan,nan,nan
1632,40.8,2.696086269e-08,2.262068505e-08,nan,nan,nan,nan
1633,40.825,2.755289621e-08,2.311158404e-08,nan,nan,nan,nan
1634,40.85,2.815554161e-08,2.361488505e-08,nan,nan,nan,nan
1635,40.875,2.876893269e-08,2.412707190e-08,nan,nan,nan,nan
1636,40.9,2.939320501e-08,2.464825516e-08,nan,nan,nan,nan
1637,40.925,3.002849671e-08,2.517854553e-08,nan,nan,nan,nan
1638,40.95,3.067494366e-08,2.571805247e-08,nan,nan,nan,nan
1639,40.975,3.133268269e-08,2.626688433e-08,nan,nan,nan,nan
1640,41,3.200184798e-08,2.682515032e-08,nan,nan,1.221245e-13,1.387779e-13
1641,41.025,3.268757870e-08,2.739296101e-08,nan,nan,nan,nan
1642,41.05,3.338865817e-08,2.797042953e-08,nan,nan,nan,nan
1643,41.075,3.410192370e-08,2.855795411e-08,nan,nan,nan,nan
1644,41.1,3.482752123e-08,2.916268527e-08,nan,nan,nan,nan
1645,41.125,3.556559628e-08,2.977770280e-08,nan,nan,nan,nan
1646,41.15,3.631629473e-08,3.040312485e-08,nan,nan,nan,nan
1647,41.175,3.707976578e-08,3.103907298e-08,nan,nan,nan,nan
1648,41.2,3.785616031e-08,3.168566709e-08,nan,nan,nan,nan
1649,41.225,3.864562860e-08,3.234302703e-08,nan,nan,nan,nan
1650,41.25,3.944831869e-08,3.301126933e-08,nan,nan,nan,nan
1651,41.275,4.026437825e-08,3.369051077e-08,nan,nan,nan,nan
1652,41.3,4.110174768e-08,3.438086715e-08,nan,nan,nan,nan
1653,41.325,4.195558836e-08,3.508246038e-08,nan,nan,nan,nan
1654,41.35,4.282365018e-08,3.579920949e-08,nan,nan,nan,nan
1655,41.375,4.370609510e-08,3.653300196e-08,nan,nan,nan,nan
1656,41.4,4.460308268e-08,3.727874592e-08,nan,nan,nan,nan
1657,41.425,4.551477071e-08,3.803656612e-08,nan,nan,nan,nan
1658,41.45,4.644132012e-08,3.880658977e-08,nan,nan,nan,nan
1659,41.475,4.738288746e-08,3.958894140e-08,nan,nan,nan,nan
1660,41.5,4.833963612e-08,4.038375129e-08,nan,nan,1.287859e-13,1.443290e-13
1661,41.525,4.931172446e-08,4.119114377e-08,nan,nan,nan,nan
1662,41.55,5.029931285e-08,4.201124570e-08,nan,nan,nan,nan
1663,41.575,5.131024487e-08,4.284418031e-08,nan,nan,nan,nan
1664,41.6,5.234211672e-08,4.369007572e-08,nan,nan,nan,nan
1665,41.625,5.339043972e-08,4.455468533e-08,nan,nan,nan,nan
1666,41.65,5.445538495e-08,4.543823051e-08,nan,nan,nan,nan
1667,41.675,5.553712354e-08,4.633553025e-08,nan,nan,nan,nan
1668,41.7,5.663582449e-08,4.724671510e-08,nan,nan,nan,nan
1669,41.725,5.775165475e-08,4.817191807e-08,nan,nan,nan,nan
1670,41.75,5.888478230e-08,4.911126966e-08,nan,nan,nan,nan
1671,41.775,6.003537684e-08,5.006490694e-08,nan,nan,nan,nan
1672,41.8,6.120360869e-08,5.103296097e-08,nan,nan,nan,nan
1673,41.825,6.238964858e-08,5.201556885e-08,nan,nan,nan,nan
1674,41.85,6.359570678e-08,5.301285944e-08,nan,nan,nan,nan
1675,41.875,6.483311883e-08,5.402496334e-08,nan,nan,nan,nan
1676,41.9,6.608938458e-08,5.505581474e-08,nan,nan,nan,nan
1677,41.925,6.736468142e-08,5.611148257e-08,nan,nan,nan,nan
1678,41.95,6.865918956e-08,5.718283169e-08,nan,nan,nan,nan
1679,41.975,6.997308616e-08,5.826999916e-08,nan,nan,nan,nan
1680,42,7.130654836e-08,5.937312292e-08,nan,nan,1.292022e-13,1.515454e-13
1681,42.025,7.265975081e-08,6.049233880e-08,nan,nan,nan,nan
1682,42.05,7.403286946e-08,6.162778443e-08,nan,nan,nan,nan
1683,42.075,7.542608243e-08,6.277959969e-08,nan,nan,nan,nan
1684,42.1,7.683956605e-08,6.394791979e-08,nan,nan,nan,nan
1685,42.125,7.827349389e-08,6.513287876e-08,nan,nan,nan,nan
1686,42.15,7.973301412e-08,6.633460764e-08,nan,nan,nan,nan
1687,42.175,8.122684952e-08,6.755323895e-08,nan,nan,nan,nan
1688,42.2,8.274227109e-08,6.880034042e-08,nan,nan,nan,nan
1689,42.225,8.427946543e-08,7.006966124e-08,nan,nan,nan,nan
1690,42.25,8.583861687e-08,7.135683583e-08,nan,nan,nan,nan
1691,42.275,8.741990820e-08,7.266200241e-08,nan,nan,nan,nan
1692,42.3,8.902351807e-08,7.398529717e-08,nan,nan,nan,nan
1693,42.325,9.064962220e-08,7.532685775e-08,nan,nan,nan,nan
1694,42.35,9.229840048e-08,7.668682239e-08,nan,nan,nan,nan
1695,42.375,9.397003033e-08,7.806532593e-08,nan,nan,nan,nan
1696,42.4,9.566468996e-08,7.946250513e-08,nan,nan,nan,nan
1697,42.425,9.738255448e-08,8.087849374e-08,nan,nan,nan,nan
1698,42.45,9.912379648e-08,8.231342380e-08,nan,nan,nan,nan
1699,42.475,1.009102988e-07,8.376742600e-08,nan,nan,nan,nan
1700,42.5,1.027215838e-07,8.525493705e-08,nan,nan,1.321165e-13,1.554312e-13
1701,42.525,1.045574952e-07,8.676718571e-08,nan,nan,nan,nan
1702,42.55,1.064182135e-07,8.829952330e-08,nan,nan,nan,nan
1703,42.575,1.083039171e-07,8.985208338e-08,nan,nan,nan,nan
1704,42.6,1.102147824e-07,9.142500018e-08,nan,nan,nan,nan
1705,42.625,1.121509860e-07,9.301840947e-08,nan,nan,nan,nan
1706,42.65,1.141127051e-07,9.463244621e-08,nan,nan,nan,nan
1707,42.675,1.161001185e-07,9.626724395e-08,nan,nan,nan,nan
1708,42.7,1.181133996e-07,9.792293393e-08,nan,nan,nan,nan
1709,42.725,1.201527190e-07,9.959964020e-08,nan,nan,nan,nan
1710,42.75,1.222182432e-07,1.012974896e-07,nan,nan,nan,nan
1711,42.775,1.243154945e-07,1.030166017e-07,nan,nan,nan,nan
1712,42.8,1.264605304e-07,1.047646570e-07,nan,nan,nan,nan
1713,42.825,1.286330857e-07,1.065498240e-07,nan,nan,nan,nan
1714,42.85,1.308333377e-07,1.083573305e-07,nan,nan,nan,nan
1715,42.875,1.330614610e-07,1.101873049e-07,nan,nan,nan,nan
1716,42.9,1.353176237e-07,1.120398719e-07,nan,nan,nan,nan
1717,42.925,1.376019948e-07,1.139151589e-07,nan,nan,nan,nan
1718,42.95,1.399147421e-07,1.158132878e-07,nan,nan,nan,nan
1719,42.975,1.422560318e-07,1.177343835e-07,nan,nan,nan,nan
1720,43,1.446260264e-07,1.196785643e-07,nan,nan,1.304512e-13,1.565414e-13
1721,43.025,1.470248852e-07,1.216459456e-07,nan,nan,nan,nan
1722,43.05,1.494527645e-07,1.236366434e-07,nan,nan,nan,nan
1723,43.075,1.519098206e-07,1.256507723e-07,nan,nan,nan,nan
1724,43.1,1.543962092e-07,1.276884444e-07,nan,nan,nan,nan
1725,43.125,1.569392705e-07,1.297608124e-07,nan,nan,nan,nan
1726,43.15,1.595171080e-07,1.318733829e-07,nan,nan,nan,nan
1727,43.175,1.621256528e-07,1.340106044e-07,nan,nan,nan,nan
1728,43.2,1.647650580e-07,1.361725872e-07,nan,nan,nan,nan
1729,43.225,1.674354764e-07,1.383594447e-07,nan,nan,nan,nan
1730,43.25,1.701370614e-07,1.405712887e-07,nan,nan,nan,nan
1731,43.275,1.728699661e-07,1.428082274e-07,nan,nan,nan,nan
1732,43.3,1.756343368e-07,1.450703651e-07,nan,nan,nan,nan
1733,43.325,1.784303155e-07,1.473578000e-07,nan,nan,nan,nan
1734,43.35,1.812580405e-07,1.496706304e-07,nan,nan,nan,nan
1735,43.375,1.841176461e-07,1.520089514e-07,nan,nan,nan,nan
1736,43.4,1.870092695e-07,1.543728599e-07,nan,nan,nan,nan
1737,43.425,1.899330422e-07,1.567624461e-07,nan,nan,nan,nan
1738,43.45,1.928890923e-07,1.591777976e-07,nan,nan,nan,nan
1739,43.475,1.959098886e-07,1.616477153e-07,nan,nan,nan,nan
1740,43.5,1.989691460e-07,1.641476477e-07,nan,nan,1.326717e-13,1.587619e-13
1741,43.525,2.020620726e-07,1.666744717e-07,nan,nan,nan,nan
1742,43.55,2.051887996e-07,1.692282782e-07,nan,nan,nan,nan
1743,43.575,2.083494532e-07,1.718091490e-07,nan,nan,nan,nan
1744,43.6,2.115441528e-07,1.744171649e-07,nan,nan,nan,nan
1745,43.625,2.147730121e-07,1.770524016e-07,nan,nan,nan,nan
1746,43.65,2.180361436e-07,1.797149347e-07,nan,nan,nan,nan
1747,43.675,2.213336572e-07,1.824048403e-07,nan,nan,nan,nan
1748,43.7,2.246656650e-07,1.851221921e-07,nan,nan,nan,nan
1749,43.725,2.280322722e-07,1.878670558e-07,nan,nan,nan,nan
1750,43.75,2.314335773e-07,1.906394926e-07,nan,nan,nan,nan
1751,43.775,2.348696738e-07,1.934395610e-07,nan,nan,nan,nan
1752,43.8,2.383406514e-07,1.962673155e-07,nan,nan,nan,nan
1753,43.825,2.418505686e-07,1.991488254e-07,nan,nan,nan,nan
1754,43.85,2.454357550e-07,2.020702976e-07,nan,nan,nan,nan
1755,43.875,2.490571914e-07,2.050205632e-07,nan,nan,nan,nan
1756,43.9,2.527149649e-07,2.079996765e-07,nan,nan,nan,nan
1757,43.925,2.564091578e-07,2.110076849e-07,nan,nan,nan,nan
1758,43.95,2.601398514e-07,2.140446373e-07,nan,nan,nan,nan
1759,43.975,2.639071223e-07,2.171105788e-07,nan,nan,nan,nan
1760,44,2.677110428e-07,2.202055469e-07,nan,nan,1.335043e-13,1.704192e-13
1761,44.025,2.715516799e-07,2.233295773e-07,nan,nan,nan,nan
1762,44.05,2.754290940e-07,2.264826987e-07,nan,nan,nan,nan
1763,44.075,2.793433395e-07,2.296649375e-07,nan,nan,nan,nan
1764,44.1,2.832944712e-07,2.328763234e-07,nan,nan,nan,nan
1765,44.125,2.872825418e-07,2.361168801e-07,nan,nan,nan,nan
1766,44.15,2.913075985e-07,2.393866260e-07,nan,nan,nan,nan
1767,44.175,2.953696834e-07,2.426855737e-07,nan,nan,nan,nan
1768,44.2,2.994688298e-07,2.460429153e-07,nan,nan,nan,nan
1769,44.225,3.036243115e-07,2.494446186e-07,nan,nan,nan,nan
1770,44.25,3.078496617e-07,2.528765532e-07,nan,nan,nan,nan
1771,44.275,3.121133460e-07,2.563387325e-07,nan,nan,nan,nan
1772,44.3,3.164153940e-07,2.598311604e-07,nan,nan,nan,nan
1773,44.325,3.207558309e-07,2.633538355e-07,nan,nan,nan,nan
1774,44.35,3.251346734e-07,2.669067505e-07,nan,nan,nan,nan
1775,44.375,3.295519324e-07,2.704898951e-07,nan,nan,nan,nan
1776,44.4,3.340076154e-07,2.741032569e-07,nan,nan,nan,nan
1777,44.425,3.385017268e-07,2.777468203e-07,nan,nan,nan,nan
1778,44.45,3.430342646e-07,2.814205626e-07,nan,nan,nan,nan
1779,44.475,3.476052197e-07,2.851244553e-07,nan,nan,nan,nan
1780,44.5,3.522145789e-07,2.888584669e-07,nan,nan,1.340594e-13,1.743050e-13
1781,44.525,3.568623238e-07,2.926225672e-07,nan,nan,nan,nan
1782,44.55,3.615484335e-07,2.964167188e-07,nan,nan,nan,nan
1783,44.575,3.662728830e-07,3.002408822e-07,nan,nan,nan,nan
1784,44.6,3.710356411e-07,3.041273678e-07,nan,nan,nan,nan
1785,44.625,3.758366665e-07,3.080624306e-07,nan,nan,nan,nan
1786,44.65,3.807053927e-07,3.120284116e-07,nan,nan,nan,nan
1787,44.675,3.856431202e-07,3.160252566e-07,nan,nan,nan,nan
1788,44.7,3.906202163e-07,3.200529140e-07,nan,nan,nan,nan
1789,44.725,3.956366305e-07,3.241113226e-07,nan,nan,nan,nan
1790,44.75,4.006923104e-07,3.282004195e-07,nan,nan,nan,nan
1791,44.775,4.057871901e-07,3.323201295e-07,nan,nan,nan,nan
1792,44.8,4.109212011e-07,3.364703770e-07,nan,nan,nan,nan
1793,44.825,4.160942673e-07,3.406510796e-07,nan,nan,nan,nan
1794,44.85,4.213063116e-07,3.448621588e-07,nan,nan,nan,nan
1795,44.875,4.265572491e-07,3.491035242e-07,nan,nan,nan,nan
1796,44.9,4.318469911e-07,3.533750828e-07,nan,nan,nan,nan
1797,44.925,4.371754397e-07,3.576767370e-07,nan,nan,nan,nan
1798,44.95,4.425424927e-07,3.620083851e-07,nan,nan,nan,nan
1799,44.975,4.479480453e-07,3.663699222e-07,nan,nan,nan,nan
1800,45,4.533919853e-07,3.707612378e-07,nan,nan,1.354472e-13,1.709743e-13
1801,45.025,4.588741961e-07,3.752032199e-07,nan,nan,nan,nan
1802,45.05,4.643945535e-07,3.797115469e-07,nan,nan,nan,nan
1803,45.075,4.699529254e-07,3.842503713e-07,nan,nan,nan,nan
1804,45.1,4.755577543e-07,3.888195670e-07,nan,nan,nan,nan
1805,45.125,4.812601256e-07,3.934190077e-07,nan,nan,nan,nan
1806,45.15,4.870013447e-07,3.980485629e-07,nan,nan,nan,nan
1807,45.175,4.927812658e-07,4.027080955e-07,nan,nan,nan,nan
1808,45.2,4.985997356e-07,4.073974607e-07,nan,nan,nan,nan
1809,45.225,5.044565922e-07,4.121165073e-07,nan,nan,nan,nan
1810,45.25,5.103516687e-07,4.168650820e-07,nan,nan,nan,nan
1811,45.275,5.162847956e-07,4.216430317e-07,nan,nan,nan,nan
1812,45.3,5.222557966e-07,4.264501937e-07,nan,nan,nan,nan
1813,45.325,5.282644896e-07,4.312864047e-07,nan,nan,nan,nan
1814,45.35,5.343106880e-07,4.361514934e-07,nan,nan,nan,nan
1815,45.375,5.403941938e-07,4.410452822e-07,nan,nan,nan,nan
1816,45.4,5.465148099e-07,4.459675940e-07,nan,nan,nan,nan
1817,45.425,5.526723305e-07,4.509182478e-07,nan,nan,nan,nan
1818,45.45,5.588665474e-07,4.558970522e-07,nan,nan,nan,nan
1819,45.475,5.650972411e-07,4.609038157e-07,nan,nan,nan,nan
1820,45.5,5.713641873e-07,4.659685984e-07,nan,nan,1.382228e-13,1.765255e-13
1821,45.525,5.776671561e-07,4.710956536e-07,nan,nan,nan,nan
1822,45.55,5.840059155e-07,4.762511100e-07,nan,nan,nan,nan
1823,45.575,5.903802290e-07,4.814347613e-07,nan,nan,nan,nan
1824,45.6,5.967898521e-07,4.866463950e-07,nan,nan,nan,nan
1825,45.625,6.032929555e-07,4.918857899e-07,nan,nan,nan,nan
1826,45.65,6.098499073e-07,4.971527182e-07,nan,nan,nan,nan
1827,45.675,6.164425856e-07,5.024469518e-07,nan,nan,nan,nan
1828,45.7,6.230707235e-07,5.077682631e-07,nan,nan,nan,nan
1829,45.725,6.297340491e-07,5.131164140e-07,nan,nan,nan,nan
1830,45.75,6.364322852e-07,5.184911688e-07,nan,nan,nan,nan
1831,45.775,6.431651477e-07,5.238922794e-07,nan,nan,nan,nan
1832,45.8,6.499323432e-07,5.293194960e-07,nan,nan,nan,nan
1833,45.825,6.567335769e-07,5.347725638e-07,nan,nan,nan,nan
1834,45.85,6.635685470e-07,5.402512270e-07,nan,nan,nan,nan
1835,45.875,6.704369463e-07,5.457552241e-07,nan,nan,nan,nan
1836,45.9,6.773384638e-07,5.512842883e-07,nan,nan,nan,nan
1837,45.925,6.842727798e-07,5.568381475e-07,nan,nan,nan,nan
1838,45.95,6.912395711e-07,5.624165297e-07,nan,nan,nan,nan
1839,45.975,6.982385085e-07,5.680191578e-07,nan,nan,nan,nan
1840,46,7.052692628e-07,5.736457515e-07,nan,nan,1.368350e-13,1.815215e-13
1841,46.025,7.123314965e-07,5.793224293e-07,nan,nan,nan,nan
1842,46.05,7.194248644e-07,5.850673280e-07,nan,nan,nan,nan
1843,46.075,7.265490139e-07,5.908362654e-07,nan,nan,nan,nan
1844,46.1,7.337035892e-07,5.966289405e-07,nan,nan,nan,nan
1845,46.125,7.408882321e-07,6.024450480e-07,nan,nan,nan,nan
1846,46.15,7.481025812e-07,6.082842836e-07,nan,nan,nan,nan
1847,46.175,7.553462697e-07,6.141463351e-07,nan,nan,nan,nan
1848,46.2,7.626656898e-07,6.200308871e-07,nan,nan,nan,nan
1849,46.225,7.700510155e-07,6.259376159e-07,nan,nan,nan,nan
1850,46.25,7.774655614e-07,6.318661969e-07,nan,nan,nan,nan
1851,46.275,7.849089323e-07,6.378163017e-07,nan,nan,nan,nan
1852,46.3,7.923807306e-07,6.437876025e-07,nan,nan,nan,nan
1853,46.325,7.998805532e-07,6.497797663e-07,nan,nan,nan,nan
1854,46.35,8.074079924e-07,6.557924531e-07,nan,nan,nan,nan
1855,46.375,8.149626335e-07,6.618253218e-07,nan,nan,nan,nan
1856,46.4,8.225440590e-07,6.678780290e-07,nan,nan,nan,nan
1857,46.425,8.301518476e-07,6.739502265e-07,nan,nan,nan,nan
1858,46.45,8.377855736e-07,6.800415637e-07,nan,nan,nan,nan
1859,46.475,8.454448062e-07,6.861516870e-07,nan,nan,nan,nan
1860,46.5,8.531291067e-07,6.922802364e-07,nan,nan,1.473821e-13,1.859624e-13
1861,46.525,8.608380334e-07,6.984268492e-07,nan,nan,nan,nan
1862,46.55,8.685711422e-07,7.045911655e-07,nan,nan,nan,nan
1863,46.575,8.763279890e-07,7.107728231e-07,nan,nan,nan,nan
1864,46.6,8.841081256e-07,7.169714519e-07,nan,nan,nan,nan
1865,46.625,8.919110965e-07,7.231915147e-07,nan,nan,nan,nan
1866,46.65,8.997364381e-07,7.294983120e-07,nan,nan,nan,nan
1867,46.675,9.075836835e-07,7.358217006e-07,nan,nan,nan,nan
1868,46.7,9.154523639e-07,7.421612921e-07,nan,nan,nan,nan
1869,46.725,9.233420131e-07,7.485167020e-07,nan,nan,nan,nan
1870,46.75,9.312521570e-07,7.548875375e-07,nan,nan,nan,nan
1871,46.775,9.391823213e-07,7.612734013e-07,nan,nan,nan,nan
1872,46.8,9.471320222e-07,7.676738942e-07,nan,nan,nan,nan
1873,46.825,9.551007736e-07,7.740886144e-07,nan,nan,nan,nan
1874,46.85,9.630880870e-07,7.805171628e-07,nan,nan,nan,nan
1875,46.875,9.710934744e-07,7.869591311e-07,nan,nan,nan,nan
1876,46.9,9.791922549e-07,7.934141152e-07,nan,nan,nan,nan
1877,46.925,9.873195525e-07,7.998817019e-07,nan,nan,nan,nan
1878,46.95,9.954641229e-07,8.063614791e-07,nan,nan,nan,nan
1879,46.975,1.003625451e-06,8.128530368e-07,nan,nan,nan,nan
1880,47,1.011803024e-06,8.193559627e-07,nan,nan,1.459943e-13,1.965095e-13
1881,47.025,1.019996325e-06,8.258698376e-07,nan,nan,nan,nan
1882,47.05,1.028204829e-06,8.323942439e-07,nan,nan,nan,nan
1883,47.075,1.036428007e-06,8.389287545e-07,nan,nan,nan,nan
1884,47.1,1.044665328e-06,8.454729472e-07,nan,nan,nan,nan
1885,47.125,1.052916260e-06,8.520264012e-07,nan,nan,nan,nan
1886,47.15,1.061180276e-06,8.585886976e-07,nan,nan,nan,nan
1887,47.175,1.069456844e-06,8.651594093e-07,nan,nan,nan,nan
1888,47.2,1.077745428e-06,8.717381081e-07,nan,nan,nan,nan
1889,47.225,1.086045486e-06,8.783243596e-07,nan,nan,nan,nan
1890,47.25,1.094356472e-06,8.849177336e-07,nan,nan,nan,nan
1891,47.275,1.102677843e-06,8.915178009e-07,nan,nan,nan,nan
1892,47.3,1.111009058e-06,8.981241323e-07,nan,nan,nan,nan
1893,47.325,1.119349571e-06,9.047362965e-07,nan,nan,nan,nan
1894,47.35,1.127698836e-06,9.113538562e-07,nan,nan,nan,nan
1895,47.375,1.136056299e-06,9.180122598e-07,nan,nan,nan,nan
1896,47.4,1.144421409e-06,9.247145918e-07,nan,nan,nan,nan
1897,47.425,1.152793618e-06,9.314214304e-07,nan,nan,nan,nan
1898,47.45,1.161172374e-06,9.381323257e-07,nan,nan,nan,nan
1899,47.475,1.169557122e-06,9.448468301e-07,nan,nan,nan,nan
1900,47.5,1.177947306e-06,9.515644891e-07,nan,nan,1.504352e-13,1.976197e-13
1901,47.525,1.186342366e-06,9.582848528e-07,nan,nan,nan,nan
1902,47.55,1.194741743e-06,9.650074770e-07,nan,nan,nan,nan
1903,47.575,1.203144885e-06,9.717319124e-07,nan,nan,nan,nan
1904,47.6,1.211551238e-06,9.784577125e-07,nan,nan,nan,nan
1905,47.625,1.219960244e-06,9.851844265e-07,nan,nan,nan,nan
1906,47.65,1.228371343e-06,9.919115983e-07,nan,nan,nan,nan
1907,47.675,1.236783970e-06,9.986387782e-07,nan,nan,nan,nan
1908,47.7,1.245197564e-06,1.005365516e-06,nan,nan,nan,nan
1909,47.725,1.253611570e-06,1.012091366e-06,nan,nan,nan,nan
1910,47.75,1.262025429e-06,1.018815882e-06,nan,nan,nan,nan
1911,47.775,1.270438584e-06,1.025538615e-06,nan,nan,nan,nan
1912,47.8,1.278900225e-06,1.032259116e-06,nan,nan,nan,nan
1913,47.825,1.287390479e-06,1.038976937e-06,nan,nan,nan,nan
1914,47.85,1.295878512e-06,1.045691633e-06,nan,nan,nan,nan
1915,47.875,1.304363749e-06,1.052402756e-06,nan,nan,nan,nan
1916,47.9,1.312845620e-06,1.059109864e-06,nan,nan,nan,nan
1917,47.925,1.321323550e-06,1.065812508e-06,nan,nan,nan,nan
1918,47.95,1.329796968e-06,1.072510247e-06,nan,nan,nan,nan
1919,47.975,1.338265301e-06,1.079202640e-06,nan,nan,nan,nan
1920,48,1.346727985e-06,1.085889250e-06,nan,nan,1.576517e-13,1.987299e-13
1921,48.025,1.355184454e-06,1.092569640e-06,nan,nan,nan,nan
1922,48.05,1.363634144e-06,1.099243368e-06,nan,nan,nan,nan
1923,48.075,1.372076487e-06,1.105909996e-06,nan,nan,nan,nan
1924,48.1,1.380510913e-06,1.112569082e-06,nan,nan,nan,nan
1925,48.125,1.388936858e-06,1.119220197e-06,nan,nan,nan,nan
1926,48.15,1.397353762e-06,1.125862912e-06,nan,nan,nan,nan
1927,48.175,1.405761072e-06,1.132496801e-06,nan,nan,nan,nan
1928,48.2,1.414158232e-06,1.139121434e-06,nan,nan,nan,nan
1929,48.225,1.422544685e-06,1.145736380e-06,nan,nan,nan,nan
1930,48.25,1.430919875e-06,1.152341215e-06,nan,nan,nan,nan
1931,48.275,1.439283249e-06,1.158935511e-06,nan,nan,nan,nan
1932,48.3,1.447634259e-06,1.165518853e-06,nan,nan,nan,nan
1933,48.325,1.455972356e-06,1.172090823e-06,nan,nan,nan,nan
1934,48.35,1.464297000e-06,1.178651005e-06,nan,nan,nan,nan
1935,48.375,1.472607645e-06,1.185198981e-06,nan,nan,nan,nan
1936,48.4,1.480903752e-06,1.191791549e-06,nan,nan,nan,nan
1937,48.425,1.489184786e-06,1.198377539e-06,nan,nan,nan,nan
1938,48.45,1.497450214e-06,1.204950012e-06,nan,nan,nan,nan
1939,48.475,1.505699504e-06,1.211508543e-06,nan,nan,nan,nan
1940,48.5,1.513932128e-06,1.218052717e-06,nan,nan,1.557088e-13,2.070566e-13
1941,48.525,1.522147553e-06,1.224582120e-06,nan,nan,nan,nan
1942,48.55,1.530345259e-06,1.231096346e-06,nan,nan,nan,nan
1943,48.575,1.538524727e-06,1.237594997e-06,nan,nan,nan,nan
1944,48.6,1.546685448e-06,1.244077672e-06,nan,nan,nan,nan
1945,48.625,1.554826911e-06,1.250543968e-06,nan,nan,nan,nan
1946,48.65,1.562948602e-06,1.256993485e-06,nan,nan,nan,nan
1947,48.675,1.571050014e-06,1.263425822e-06,nan,nan,nan,nan
1948,48.7,1.579130639e-06,1.269840595e-06,nan,nan,nan,nan
1949,48.725,1.587189985e-06,1.276237419e-06,nan,nan,nan,nan
1950,48.75,1.595227558e-06,1.282615914e-06,nan,nan,nan,nan
1951,48.775,1.603242871e-06,1.288975697e-06,nan,nan,nan,nan
1952,48.8,1.611235434e-06,1.295316390e-06,nan,nan,nan,nan
1953,48.825,1.619204762e-06,1.301637614e-06,nan,nan,nan,nan
1954,48.85,1.627150378e-06,1.307939006e-06,nan,nan,nan,nan
1955,48.875,1.635071807e-06,1.314220197e-06,nan,nan,nan,nan
1956,48.9,1.642968582e-06,1.320480827e-06,nan,nan,nan,nan
1957,48.925,1.650840233e-06,1.326720531e-06,nan,nan,nan,nan
1958,48.95,1.658686298e-06,1.332938953e-06,nan,nan,nan,nan
1959,48.975,1.666506318e-06,1.339135743e-06,nan,nan,nan,nan
1960,49,1.674299844e-06,1.345310559e-06,nan,nan,1.582068e-13,2.148282e-13
1961,49.025,1.682066432e-06,1.351463059e-06,nan,nan,nan,nan
1962,49.05,1.689805638e-06,1.357592898e-06,nan,nan,nan,nan
1963,49.075,1.697517021e-06,1.363699738e-06,nan,nan,nan,nan
1964,49.1,1.705200142e-06,1.369783243e-06,nan,nan,nan,nan
1965,49.125,1.712854574e-06,1.375843087e-06,nan,nan,nan,nan
1966,49.15,1.720479893e-06,1.381878952e-06,nan,nan,nan,nan
1967,49.175,1.728075683e-06,1.387890519e-06,nan,nan,nan,nan
1968,49.2,1.735641532e-06,1.393877473e-06,nan,nan,nan,nan
1969,49.225,1.743177030e-06,1.399839499e-06,nan,nan,nan,nan
1970,49.25,1.750681769e-06,1.405776289e-06,nan,nan,nan,nan
1971,49.275,1.758155352e-06,1.411687541e-06,nan,nan,nan,nan
1972,49.3,1.765597385e-06,1.417572958e-06,nan,nan,nan,nan
1973,49.325,1.773007483e-06,1.423432249e-06,nan,nan,nan,nan
1974,49.35,1.780385260e-06,1.429265119e-06,nan,nan,nan,nan
1975,49.375,1.787730341e-06,1.435071288e-06,nan,nan,nan,nan
1976,49.4,1.795042353e-06,1.440850473e-06,nan,nan,nan,nan
1977,49.425,1.802320931e-06,1.446602400e-06,nan,nan,nan,nan
1978,49.45,1.809598880e-06,1.452326803e-06,nan,nan,nan,nan
1979,49.475,1.816849137e-06,1.458023408e-06,nan,nan,nan,nan
1980,49.5,1.824064271e-06,1.463691952e-06,nan,nan,1.675049e-13,2.187139e-13
1981,49.525,1.831243929e-06,1.469332178e-06,nan,nan,nan,nan
1982,49.55,1.838387767e-06,1.474943835e-06,nan,nan,nan,nan
1983,49.575,1.845495450e-06,1.480526677e-06,nan,nan,nan,nan
1984,49.6,1.852566645e-06,1.486080464e-06,nan,nan,nan,nan
1985,49.625,1.859601028e-06,1.491604956e-06,nan,nan,nan,nan
1986,49.65,1.866598277e-06,1.497099917e-06,nan,nan,nan,nan
1987,49.675,1.873558074e-06,1.502565113e-06,nan,nan,nan,nan
1988,49.7,1.880480112e-06,1.508000325e-06,nan,nan,nan,nan
1989,49.725,1.887364091e-06,1.513405334e-06,nan,nan,nan,nan
1990,49.75,1.894209716e-06,1.518779928e-06,nan,nan,nan,nan
1991,49.775,1.901016698e-06,1.524123897e-06,nan,nan,nan,nan
1992,49.8,1.907784755e-06,1.529437037e-06,nan,nan,nan,nan
1993,49.825,1.914513608e-06,1.534719144e-06,nan,nan,nan,nan
1994,49.85,1.921202990e-06,1.539970027e-06,nan,nan,nan,nan
1995,49.875,1.927852636e-06,1.545189496e-06,nan,nan,nan,nan
1996,49.9,1.934462289e-06,1.550377367e-06,nan,nan,nan,nan
1997,49.925,1.941031697e-06,1.555533458e-06,nan,nan,nan,nan
1998,49.95,1.947560616e-06,1.560657594e-06,nan,nan,nan,nan
1999,49.975,1.954048807e-06,1.565749605e-06,nan,nan,nan,nan
2000,50,1.960496042e-06,1.570809332e-06,nan,nan,1.690315e-13,2.164935e-13
2001,50.025,1.966902098e-06,1.575836613e-06,nan,nan,nan,nan
2002,50.05,1.973266755e-06,1.580831293e-06,nan,nan,nan,nan
2003,50.075,1.979589799e-06,1.585793218e-06,nan,nan,nan,nan
2004,50.1,1.985871024e-06,1.590722243e-06,nan,nan,nan,nan
2005,50.125,1.992110232e-06,1.595618230e-06,nan,nan,nan,nan
2006,50.15,1.998307233e-06,1.600481044e-06,nan,nan,nan,nan
2007,50.175,2.004461845e-06,1.605310563e-06,nan,nan,nan,nan
2008,50.2,2.010573887e-06,1.610106658e-06,nan,nan,nan,nan
2009,50.225,2.016643186e-06,1.614869205e-06,nan,nan,nan,nan
2010,50.25,2.022669575e-06,1.619598089e-06,nan,nan,nan,nan
2011,50.275,2.028652894e-06,1.624293202e-06,nan,nan,nan,nan
2012,50.3,2.034592993e-06,1.628954440e-06,nan,nan,nan,nan
2013,50.325,2.040489728e-06,1.633581704e-06,nan,nan,nan,nan
2014,50.35,2.046342957e-06,1.638174898e-06,nan,nan,nan,nan
2015,50.375,2.052152549e-06,1.642733932e-06,nan,nan,nan,nan
2016,50.4,2.057918376e-06,1.647258720e-06,nan,nan,nan,nan
2017,50.425,2.063640322e-06,1.651749185e-06,nan,nan,nan,nan
2018,50.45,2.069318274e-06,1.656205254e-06,nan,nan,nan,nan
2019,50.475,2.074952124e-06,1.660626852e-06,nan,nan,nan,nan
2020,50.5,2.080541771e-06,1.665013912e-06,nan,nan,1.659783e-13,2.087219e-13
2021,50.525,2.086087119e-06,1.669366375e-06,nan,nan,nan,nan
2022,50.55,2.091588086e-06,1.673684187e-06,nan,nan,nan,nan
2023,50.575,2.097044592e-06,1.677967299e-06,nan,nan,nan,nan
2024,50.6,2.102456566e-06,1.682215667e-06,nan,nan,nan,nan
2025,50.625,2.107823937e-06,1.686429247e-06,nan,nan,nan,nan
2026,50.65,2.113146642e-06,1.690608002e-06,nan,nan,nan,nan
2027,50.675,2.118424627e-06,1.694751896e-06,nan,nan,nan,nan
2028,50.7,2.123657844e-06,1.698860910e-06,nan,nan,nan,nan
2029,50.725,2.128846254e-06,1.702935018e-06,nan,nan,nan,nan
2030,50.75,2.133989821e-06,1.706974207e-06,nan,nan,nan,nan
2031,50.775,2.139088516e-06,1.710978461e-06,nan,nan,nan,nan
2032,50.8,2.144142314e-06,1.714947775e-06,nan,nan,nan,nan
2033,50.825,2.149151200e-06,1.718882141e-06,nan,nan,nan,nan
2034,50.85,2.154115165e-06,1.722781565e-06,nan,nan,nan,nan
2035,50.875,2.159034202e-06,1.726646049e-06,nan,nan,nan,nan
2036,50.9,2.163908314e-06,1.730475606e-06,nan,nan,nan,nan
2037,50.925,2.168737506e-06,1.734270248e-06,nan,nan,nan,nan
2038,50.95,2.173521794e-06,1.738029995e-06,nan,nan,nan,nan
2039,50.975,2.178261201e-06,1.741754875e-06,nan,nan,nan,nan
2040,51,2.182955754e-06,1.745444918e-06,nan,nan,1.663947e-13,2.103873e-13
2041,51.025,2.187605485e-06,1.749100153e-06,nan,nan,nan,nan
2042,51.05,2.192210429e-06,1.752720615e-06,nan,nan,nan,nan
2043,51.075,2.196770626e-06,1.756306344e-06,nan,nan,nan,nan
2044,51.1,2.201286128e-06,1.759857387e-06,nan,nan,nan,nan
2045,51.125,2.205756992e-06,1.763373796e-06,nan,nan,nan,nan
2046,51.15,2.210183282e-06,1.766855628e-06,nan,nan,nan,nan
2047,51.175,2.214565066e-06,1.770302940e-06,nan,nan,nan,nan
2048,51.2,2.218902413e-06,1.773715792e-06,nan,nan,nan,nan
2049,51.225,2.223195399e-06,1.777094249e-06,nan,nan,nan,nan
2050,51.25,2.227444108e-06,1.780438382e-06,nan,nan,nan,nan
2051,51.275,2.231648629e-06,1.783748266e-06,nan,nan,nan,nan
2052,51.3,2.235809059e-06,1.787023981e-06,nan,nan,nan,nan
2053,51.325,2.239925498e-06,1.790265611e-06,nan,nan,nan,nan
2054,51.35,2.243998049e-06,1.793473238e-06,nan,nan,nan,nan
2055,51.375,2.248026824e-06,1.796646957e-06,nan,nan,nan,nan
2056,51.4,2.252011939e-06,1.799786859e-06,nan,nan,nan,nan
2057,51.425,2.255953516e-06,1.802893042e-06,nan,nan,nan,nan
2058,51.45,2.259851680e-06,1.805965608e-06,nan,nan,nan,nan
2059,51.475,2.263706559e-06,1.809004659e-06,nan,nan,nan,nan
2060,51.5,2.267518285e-06,1.812010304e-06,nan,nan,1.701417e-13,2.176037e-13
2061,51.525,2.271287003e-06,1.814982656e-06,nan,nan,nan,nan
2062,51.55,2.275012861e-06,1.817921837e-06,nan,nan,nan,nan
2063,51.575,2.278696015e-06,1.820827965e-06,nan,nan,nan,nan
2064,51.6,2.282336616e-06,1.823701159e-06,nan,nan,nan,nan
2065,51.625,2.285934819e-06,1.826541542e-06,nan,nan,nan,nan
2066,51.65,2.289490786e-06,1.829349244e-06,nan,nan,nan,nan
2067,51.675,2.293004686e-06,1.832124395e-06,nan,nan,nan,nan
2068,51.7,2.296476697e-06,1.834867142e-06,nan,nan,nan,nan
2069,51.725,2.299906998e-06,1.837577619e-06,nan,nan,nan,nan
2070,51.75,2.303295773e-06,1.840255969e-06,nan,nan,nan,nan
2071,51.775,2.306643203e-06,1.842902333e-06,nan,nan,nan,nan
2072,51.8,2.309949479e-06,1.845516862e-06,nan,nan,nan,nan
2073,51.825,2.313214795e-06,1.848099705e-06,nan,nan,nan,nan
2074,51.85,2.316439351e-06,1.850651018e-06,nan,nan,nan,nan
2075,51.875,2.319623349e-06,1.853170957e-06,nan,nan,nan,nan
2076,51.9,2.322766991e-06,1.855659682e-06,nan,nan,nan,nan
2077,51.925,2.325870490e-06,1.858117356e-06,nan,nan,nan,nan
2078,51.95,2.328934061e-06,1.860544145e-06,nan,nan,nan,nan
2079,51.975,2.331957926e-06,1.862940218e-06,nan,nan,nan,nan
2080,52,2.334942305e-06,1.865305746e-06,nan,nan,1.747213e-13,2.203793e-13
2081,52.025,2.337887419e-06,1.867640898e-06,nan,nan,nan,nan
2082,52.05,2.340793492e-06,1.869945845e-06,nan,nan,nan,nan
2083,52.075,2.343660755e-06,1.872220770e-06,nan,nan,nan,nan
2084,52.1,2.346489446e-06,1.874465856e-06,nan,nan,nan,nan
2085,52.125,2.349279808e-06,1.876681289e-06,nan,nan,nan,nan
2086,52.15,2.352032082e-06,1.878867249e-06,nan,nan,nan,nan
2087,52.175,2.354746511e-06,1.881023923e-06,nan,nan,nan,nan
2088,52.2,2.357423338e-06,1.883151495e-06,nan,nan,nan,nan
2089,52.225,2.360062810e-06,1.885250160e-06,nan,nan,nan,nan
2090,52.25,2.362665182e-06,1.887320111e-06,nan,nan,nan,nan
2091,52.275,2.365230713e-06,1.889361548e-06,nan,nan,nan,nan
2092,52.3,2.367759663e-06,1.891374664e-06,nan,nan,nan,nan
2093,52.325,2.370252290e-06,1.893359660e-06,nan,nan,nan,nan
2094,52.35,2.372708855e-06,1.895316733e-06,nan,nan,nan,nan
2095,52.375,2.375129626e-06,1.897246091e-06,nan,nan,nan,nan
2096,52.4,2.377514875e-06,1.899147936e-06,nan,nan,nan,nan
2097,52.425,2.379864870e-06,1.901022472e-06,nan,nan,nan,nan
2098,52.45,2.382179880e-06,1.902869905e-06,nan,nan,nan,nan
2099,52.475,2.384460178e-06,1.904690445e-06,nan,nan,nan,nan
2100,52.5,2.386706039e-06,1.906484303e-06,nan,nan,1.684763e-13,2.209344e-13
2101,52.525,2.388917751e-06,1.908251697e-06,nan,nan,nan,nan
2102,52.55,2.391095597e-06,1.909992841e-06,nan,nan,nan,nan
2103,52.575,2.393239859e-06,1.911707943e-06,nan,nan,nan,nan
2104,52.6,2.395350814e-06,1.913397214e-06,nan,nan,nan,nan
2105,52.625,2.397456275e-06,1.915060873e-06,nan,nan,nan,nan
2106,52.65,2.399529326e-06,1.916699141e-06,nan,nan,nan,nan
2107,52.675,2.401570023e-06,1.918312240e-06,nan,nan,nan,nan
2108,52.7,2.403578652e-06,1.919900395e-06,nan,nan,nan,nan
2109,52.725,2.405555496e-06,1.921463819e-06,nan,nan,nan,nan
2110,52.75,2.407500837e-06,1.923002733e-06,nan,nan,nan,nan
2111,52.775,2.409414958e-06,1.924517359e-06,nan,nan,nan,nan
2112,52.8,2.411298147e-06,1.926007924e-06,nan,nan,nan,nan
2113,52.825,2.413150695e-06,1.927474654e-06,nan,nan,nan,nan
2114,52.85,2.414972893e-06,1.928917772e-06,nan,nan,nan,nan
2115,52.875,2.416765031e-06,1.930337502e-06,nan,nan,nan,nan
2116,52.9,2.418527395e-06,1.931734073e-06,nan,nan,nan,nan
2117,52.925,2.420260282e-06,1.933107711e-06,nan,nan,nan,nan
2118,52.95,2.421963988e-06,1.934458647e-06,nan,nan,nan,nan
2119,52.975,2.423638810e-06,1.935787107e-06,nan,nan,nan,nan
2120,53,2.425285037e-06,1.937093318e-06,nan,nan,1.693090e-13,2.264855e-13
2121,53.025,2.426902963e-06,1.938377501e-06,nan,nan,nan,nan
2122,53.05,2.428492877e-06,1.939639888e-06,nan,nan,nan,nan
2123,53.075,2.430055080e-06,1.940880714e-06,nan,nan,nan,nan
2124,53.1,2.431589873e-06,1.942100212e-06,nan,nan,nan,nan
2125,53.125,2.433097556e-06,1.943298610e-06,nan,nan,nan,nan
2126,53.15,2.434578424e-06,1.944476128e-06,nan,nan,nan,nan
2127,53.175,2.436032769e-06,1.945632998e-06,nan,nan,nan,nan
2128,53.2,2.437460885e-06,1.946769446e-06,nan,nan,nan,nan
2129,53.225,2.438863069e-06,1.947885707e-06,nan,nan,nan,nan
2130,53.25,2.440239623e-06,1.948982010e-06,nan,nan,nan,nan
2131,53.275,2.441590844e-06,1.950058587e-06,nan,nan,nan,nan
2132,53.3,2.442917031e-06,1.951115662e-06,nan,nan,nan,nan
2133,53.325,2.444218476e-06,1.952153464e-06,nan,nan,nan,nan
2134,53.35,2.445495476e-06,1.953172221e-06,nan,nan,nan,nan
2135,53.375,2.446748327e-06,1.954172162e-06,nan,nan,nan,nan
2136,53.4,2.447977326e-06,1.955153515e-06,nan,nan,nan,nan
2137,53.425,2.449182767e-06,1.956116502e-06,nan,nan,nan,nan
2138,53.45,2.450364940e-06,1.957061350e-06,nan,nan,nan,nan
2139,53.475,2.451524136e-06,1.957988287e-06,nan,nan,nan,nan
2140,53.5,2.452660654e-06,1.958897542e-06,nan,nan,1.712519e-13,2.287059e-13
2141,53.525,2.453774791e-06,1.959789342e-06,nan,nan,nan,nan
2142,53.55,2.454866838e-06,1.960663909e-06,nan,nan,nan,nan
2143,53.575,2.455937084e-06,1.961521459e-06,nan,nan,nan,nan
2144,53.6,2.456985811e-06,1.962362210e-06,nan,nan,nan,nan
2145,53.625,2.458013305e-06,1.963186391e-06,nan,nan,nan,nan
2146,53.65,2.459019859e-06,1.963994228e-06,nan,nan,nan,nan
2147,53.675,2.460005765e-06,1.964785943e-06,nan,nan,nan,nan
2148,53.7,2.460971311e-06,1.965561753e-06,nan,nan,nan,nan
2149,53.725,2.461916778e-06,1.966321872e-06,nan,nan,nan,nan
2150,53.75,2.462842446e-06,1.967066515e-06,nan,nan,nan,nan
2151,53.775,2.463748593e-06,1.967795899e-06,nan,nan,nan,nan
2152,53.8,2.464635502e-06,1.968510244e-06,nan,nan,nan,nan
2153,53.825,2.465503457e-06,1.969209764e-06,nan,nan,nan,nan
2154,53.85,2.466352735e-06,1.969894671e-06,nan,nan,nan,nan
2155,53.875,2.467183609e-06,1.970565173e-06,nan,nan,nan,nan
2156,53.9,2.467996353e-06,1.971221487e-06,nan,nan,nan,nan
2157,53.925,2.468791245e-06,1.971863822e-06,nan,nan,nan,nan
2158,53.95,2.469568557e-06,1.972492391e-06,nan,nan,nan,nan
2159,53.975,2.470328561e-06,1.973107392e-06,nan,nan,nan,nan
2160,54,2.471071520e-06,1.973709030e-06,nan,nan,1.708356e-13,2.220446e-13
2161,54.025,2.471797696e-06,1.974297507e-06,nan,nan,nan,nan
2162,54.05,2.472507356e-06,1.974873035e-06,nan,nan,nan,nan
2163,54.075,2.473200769e-06,1.975435819e-06,nan,nan,nan,nan
2164,54.1,2.473878200e-06,1.975986062e-06,nan,nan,nan,nan
2165,54.125,2.474539909e-06,1.976523955e-06,nan,nan,nan,nan
2166,54.15,2.475186149e-06,1.977049691e-06,nan,nan,nan,nan
2167,54.175,2.475817169e-06,1.977563466e-06,nan,nan,nan,nan
2168,54.2,2.476433225e-06,1.978065478e-06,nan,nan,nan,nan
2169,54.225,2.477034571e-06,1.978555928e-06,nan,nan,nan,nan
2170,54.25,2.477621463e-06,1.979035004e-06,nan,nan,nan,nan
2171,54.275,2.478194148e-06,1.979502894e-06,nan,nan,nan,nan
2172,54.3,2.478752867e-06,1.979959786e-06,nan,nan,nan,nan
2173,54.325,2.479297863e-06,1.980405866e-06,nan,nan,nan,nan
2174,54.35,2.479829379e-06,1.980841323e-06,nan,nan,nan,nan
2175,54.375,2.480347658e-06,1.981266340e-06,nan,nan,nan,nan
2176,54.4,2.480852935e-06,1.981681096e-06,nan,nan,nan,nan
2177,54.425,2.481345442e-06,1.982085768e-06,nan,nan,nan,nan
2178,54.45,2.481825409e-06,1.982480539e-06,nan,nan,nan,nan
2179,54.475,2.482293070e-06,1.982865591e-06,nan,nan,nan,nan
2180,54.5,2.482748660e-06,1.983241100e-06,nan,nan,1.730560e-13,2.214895e-13
2181,54.525,2.483192405e-06,1.983607237e-06,nan,nan,nan,nan
2182,54.55,2.483624524e-06,1.983964169e-06,nan,nan,nan,nan
2183,54.575,2.484045235e-06,1.984312062e-06,nan,nan,nan,nan
2184,54.6,2.484454755e-06,1.984651086e-06,nan,nan,nan,nan
2185,54.625,2.484853302e-06,1.984981416e-06,nan,nan,nan,nan
2186,54.65,2.485241097e-06,1.985303219e-06,nan,nan,nan,nan
2187,54.675,2.485618354e-06,1.985616654e-06,nan,nan,nan,nan
2188,54.7,2.485985281e-06,1.985921882e-06,nan,nan,nan,nan
2189,54.725,2.486342080e-06,1.986219057e-06,nan,nan,nan,nan
2190,54.75,2.486688955e-06,1.986508338e-06,nan,nan,nan,nan
2191,54.775,2.487026110e-06,1.986789883e-06,nan,nan,nan,nan
2192,54.8,2.487353747e-06,1.987063848e-06,nan,nan,nan,nan
2193,54.825,2.487672064e-06,1.987330384e-06,nan,nan,nan,nan
2194,54.85,2.487981253e-06,1.987589639e-06,nan,nan,nan,nan
2195,54.875,2.488281509e-06,1.987841763e-06,nan,nan,nan,nan
2196,54.9,2.488573022e-06,1.988086906e-06,nan,nan,nan,nan
2197,54.925,2.488855981e-06,1.988325211e-06,nan,nan,nan,nan
2198,54.95,2.489130572e-06,1.988556818e-06,nan,nan,nan,nan
2199,54.975,2.489396973e-06,1.988781865e-06,nan,nan,nan,nan
2200,55,2.489655365e-06,1.989000492e-06,nan,nan,1.783296e-13,2.231548e-13
2201,55.025,2.489905924e-06,1.989212840e-06,nan,nan,nan,nan
2202,55.05,2.490148830e-06,1.989419048e-06,nan,nan,nan,nan
2203,55.075,2.490384259e-06,1.989619253e-06,nan,nan,nan,nan
2204,55.1,2.490612381e-06,1.989813580e-06,nan,nan,nan,nan
2205,55.125,2.490833361e-06,1.990002155e-06,nan,nan,nan,nan
2206,55.15,2.491047361e-06,1.990185104e-06,nan,nan,nan,nan
2207,55.175,2.491254544e-06,1.990362558e-06,nan,nan,nan,nan
2208,55.2,2.491455073e-06,1.990534644e-06,nan,nan,nan,nan
2209,55.225,2.491649109e-06,1.990701487e-06,nan,nan,nan,nan
2210,55.25,2.491836808e-06,1.990863206e-06,nan,nan,nan,nan
2211,55.275,2.492018323e-06,1.991019915e-06,nan,nan,nan,nan
2212,55.3,2.492193802e-06,1.991171734e-06,nan,nan,nan,nan
2213,55.325,2.492363394e-06,1.991318778e-06,nan,nan,nan,nan
2214,55.35,2.492527247e-06,1.991461161e-06,nan,nan,nan,nan
2215,55.375,2.492685503e-06,1.991598993e-06,nan,nan,nan,nan
2216,55.4,2.492838304e-06,1.991732384e-06,nan,nan,nan,nan
2217,55.425,2.492985787e-06,1.991861441e-06,nan,nan,nan,nan
2218,55.45,2.493128090e-06,1.991986276e-06,nan,nan,nan,nan
2219,55.475,2.493265352e-06,1.992106995e-06,nan,nan,nan,nan
2220,55.5,2.493397703e-06,1.992223698e-06,nan,nan,1.823541e-13,2.253753e-13
2221,55.525,2.493525272e-06,1.992336480e-06,nan,nan,nan,nan
2222,55.55,2.493648181e-06,1.992445441e-06,nan,nan,nan,nan
2223,55.575,2.493766556e-06,1.992550680e-06,nan,nan,nan,nan
2224,55.6,2.493880522e-06,1.992652296e-06,nan,nan,nan,nan
2225,55.625,2.493990202e-06,1.992750387e-06,nan,nan,nan,nan
2226,55.65,2.494095716e-06,1.992845045e-06,nan,nan,nan,nan
2227,55.675,2.494197178e-06,1.992936354e-06,nan,nan,nan,nan
2228,55.7,2.494294698e-06,1.993024403e-06,nan,nan,nan,nan
2229,55.725,2.494388389e-06,1.993109281e-06,nan,nan,nan,nan
2230,55.75,2.494478359e-06,1.993191075e-06,nan,nan,nan,nan
2231,55.775,2.494564720e-06,1.993269872e-06,nan,nan,nan,nan
2232,55.8,2.494647577e-06,1.993345754e-06,nan,nan,nan,nan
2233,55.825,2.494727030e-06,1.993418799e-06,nan,nan,nan,nan
2234,55.85,2.494803180e-06,1.993489087e-06,nan,nan,nan,nan
2235,55.875,2.494876125e-06,1.993556697e-06,nan,nan,nan,nan
2236,55.9,2.494945966e-06,1.993621708e-06,nan,nan,nan,nan
2237,55.925,2.495012796e-06,1.993684191e-06,nan,nan,nan,nan
2238,55.95,2.495076708e-06,1.993744219e-06,nan,nan,nan,nan
2239,55.975,2.495137788e-06,1.993801861e-06,nan,nan,nan,nan
2240,56,2.495196128e-06,1.993857191e-06,nan,nan,1.780520e-13,2.264855e-13
2241,56.025,2.495251815e-06,1.993910282e-06,nan,nan,nan,nan
2242,56.05,2.495304939e-06,1.993961203e-06,nan,nan,nan,nan
2243,56.075,2.495355580e-06,1.994010013e-06,nan,nan,nan,nan
2244,56.1,2.495403816e-06,1.994056776e-06,nan,nan,nan,nan
2245,56.125,2.495449725e-06,1.994101551e-06,nan,nan,nan,nan
2246,56.15,2.495493385e-06,1.994144404e-06,nan,nan,nan,nan
2247,56.175,2.495534874e-06,1.994185402e-06,nan,nan,nan,nan
2248,56.2,2.495574268e-06,1.994224603e-06,nan,nan,nan,nan
2249,56.225,2.495611640e-06,1.994262059e-06,nan,nan,nan,nan
2250,56.25,2.495647055e-06,1.994297827e-06,nan,nan,nan,nan
2251,56.275,2.495680583e-06,1.994331961e-06,nan,nan,nan,nan
2252,56.3,2.495712289e-06,1.994364516e-06,nan,nan,nan,nan
2253,56.325,2.495742243e-06,1.994395548e-06,nan,nan,nan,nan
2254,56.35,2.495770507e-06,1.994425104e-06,nan,nan,nan,nan
2255,56.375,2.495797141e-06,1.994453233e-06,nan,nan,nan,nan
2256,56.4,2.495822205e-06,1.994479985e-06,nan,nan,nan,nan
2257,56.425,2.495845760e-06,1.994505411e-06,nan,nan,nan,nan
2258,56.45,2.495867865e-06,1.994529556e-06,nan,nan,nan,nan
2259,56.475,2.495888576e-06,1.994552466e-06,nan,nan,nan,nan
2260,56.5,2.495907941e-06,1.994574178e-06,nan,nan,1.762479e-13,2.264855e-13
2261,56.525,2.495926016e-06,1.994594736e-06,nan,nan,nan,nan
2262,56.55,2.495942848e-06,1.994614185e-06,nan,nan,nan,nan
2263,56.575,2.495958494e-06,1.994632568e-06,nan,nan,nan,nan
2264,56.6,2.495973003e-06,1.994649927e-06,nan,nan,nan,nan
2265,56.625,2.495986421e-06,1.994666298e-06,nan,nan,nan,nan
2266,56.65,2.495998793e-06,1.994681715e-06,nan,nan,nan,nan
2267,56.675,2.496010158e-06,1.994696210e-06,nan,nan,nan,nan
2268,56.7,2.496020561e-06,1.994709824e-06,nan,nan,nan,nan
2269,56.725,2.496030046e-06,1.994722593e-06,nan,nan,nan,nan
2270,56.75,2.496038656e-06,1.994734552e-06,nan,nan,nan,nan
2271,56.775,2.496046430e-06,1.994745732e-06,nan,nan,nan,nan
2272,56.8,2.496053403e-06,1.994756163e-06,nan,nan,nan,nan
2273,56.825,2.496059613e-06,1.994765876e-06,nan,nan,nan,nan
2274,56.85,2.496065098e-06,1.994774902e-06,nan,nan,nan,nan
2275,56.875,2.496069891e-06,1.994783269e-06,nan,nan,nan,nan
2276,56.9,2.496074025e-06,1.994791004e-06,nan,nan,nan,nan
2277,56.925,2.496077529e-06,1.994798133e-06,nan,nan,nan,nan
2278,56.95,2.496080437e-06,1.994804684e-06,nan,nan,nan,nan
2279,56.975,2.496082782e-06,1.994810684e-06,nan,nan,nan,nan
2280,57,2.496084595e-06,1.994816163e-06,nan,nan,1.799949e-13,2.287059e-13
2281,57.025,2.496085905e-06,1.994821139e-06,nan,nan,nan,nan
2282,57.05,2.496086733e-06,1.994825632e-06,nan,nan,nan,nan
2283,57.075,2.496087104e-06,1.994829664e-06,nan,nan,nan,nan
2284,57.1,2.496087045e-06,1.994833260e-06,nan,nan,nan,nan
2285,57.125,2.496091403e-06,1.994836443e-06,nan,nan,nan,nan
2286,57.15,2.496096250e-06,1.994839235e-06,nan,nan,nan,nan
2287,57.175,2.496100404e-06,1.994841654e-06,nan,nan,nan,nan
2288,57.2,2.496103895e-06,1.994843716e-06,nan,nan,nan,nan
2289,57.225,2.496106751e-06,1.994845438e-06,nan,nan,nan,nan
2290,57.25,2.496109007e-06,1.994846840e-06,nan,nan,nan,nan
2291,57.275,2.496110699e-06,1.994847940e-06,nan,nan,nan,nan
2292,57.3,2.496116450e-06,1.994848757e-06,nan,nan,nan,nan
2293,57.325,2.496124703e-06,1.994853301e-06,nan,nan,nan,nan
2294,57.35,2.496132064e-06,1.994857396e-06,nan,nan,nan,nan
2295,57.375,2.496138570e-06,1.994861027e-06,nan,nan,nan,nan
2296,57.4,2.496144258e-06,1.994864222e-06,nan,nan,nan,nan
2297,57.425,2.496149171e-06,1.994867004e-06,nan,nan,nan,nan
2298,57.45,2.496153354e-06,1.994869394e-06,nan,nan,nan,nan
2299,57.475,2.496156844e-06,1.994871409e-06,nan,nan,nan,nan
2300,57.5,2.496159672e-06,1.994873067e-06,nan,nan,1.811051e-13,2.342571e-13
2301,57.525,2.496161863e-06,1.994874387e-06,nan,nan,nan,nan
2302,57.55,2.496163449e-06,1.994875390e-06,nan,nan,nan,nan
2303,57.575,2.496164465e-06,1.994876093e-06,nan,nan,nan,nan
2304,57.6,2.496164948e-06,1.994876510e-06,nan,nan,nan,nan
2305,57.625,2.496168275e-06,1.994876655e-06,nan,nan,nan,nan
2306,57.65,2.496174976e-06,1.994876545e-06,nan,nan,nan,nan
2307,57.675,2.496180815e-06,1.994876202e-06,nan,nan,nan,nan
2308,57.7,2.496185831e-06,1.994876160e-06,nan,nan,nan,nan
2309,57.725,2.496190065e-06,1.994878522e-06,nan,nan,nan,nan
2310,57.75,2.496193560e-06,1.994880491e-06,nan,nan,nan,nan
2311,57.775,2.496196355e-06,1.994882081e-06,nan,nan,nan,nan
2312,57.8,2.496198486e-06,1.994883314e-06,nan,nan,nan,nan
2313,57.825,2.496199981e-06,1.994884213e-06,nan,nan,nan,nan
2314,57.85,2.496200873e-06,1.994884799e-06,nan,nan,nan,nan
2315,57.875,2.496201195e-06,1.994885088e-06,nan,nan,nan,nan
2316,57.9,2.496200980e-06,1.994885090e-06,nan,nan,nan,nan
2317,57.925,2.496200259e-06,1.994888145e-06,nan,nan,nan,nan
2318,57.95,2.496199062e-06,1.994891390e-06,nan,nan,nan,nan
2319,57.975,2.496197413e-06,1.994894172e-06,nan,nan,nan,nan
2320,58,2.496195343e-06,1.994896516e-06,nan,nan,1.844358e-13,2.331468e-13
2321,58.025,2.496192878e-06,1.994898444e-06,nan,nan,nan,nan
2322,58.05,2.496190042e-06,1.994899976e-06,nan,nan,nan,nan
2323,58.075,2.496186859e-06,1.994901129e-06,nan,nan,nan,nan
2324,58.1,2.496183349e-06,1.994901921e-06,nan,nan,nan,nan
2325,58.125,2.496179533e-06,1.994902377e-06,nan,nan,nan,nan
2326,58.15,2.496175437e-06,1.994902521e-06,nan,nan,nan,nan
2327,58.175,2.496171087e-06,1.994902371e-06,nan,nan,nan,nan
2328,58.2,2.496166501e-06,1.994901941e-06,nan,nan,nan,nan
2329,58.225,2.496161695e-06,1.994901243e-06,nan,nan,nan,nan
2330,58.25,2.496156684e-06,1.994900289e-06,nan,nan,nan,nan
2331,58.275,2.496151484e-06,1.994899101e-06,nan,nan,nan,nan
2332,58.3,2.496146115e-06,1.994897695e-06,nan,nan,nan,nan
2333,58.325,2.496140596e-06,1.994896091e-06,nan,nan,nan,nan
2334,58.35,2.496134944e-06,1.994894299e-06,nan,nan,nan,nan
2335,58.375,2.496129172e-06,1.994892328e-06,nan,nan,nan,nan
2336,58.4,2.496123291e-06,1.994890191e-06,nan,nan,nan,nan
2337,58.425,2.496117315e-06,1.994887902e-06,nan,nan,nan,nan
2338,58.45,2.496111258e-06,1.994885475e-06,nan,nan,nan,nan
2339,58.475,2.496105132e-06,1.994882918e-06,nan,nan,nan,nan
2340,58.5,2.496098949e-06,1.994880241e-06,nan,nan,1.898481e-13,2.309264e-13
2341,58.525,2.496092715e-06,1.994877454e-06,nan,nan,nan,nan
2342,58.55,2.496086446e-06,1.994874572e-06,nan,nan,nan,nan
2343,58.575,2.496080152e-06,1.994871606e-06,nan,nan,nan,nan
2344,58.6,2.496073845e-06,1.994868562e-06,nan,nan,nan,nan
2345,58.625,2.496067530e-06,1.994865444e-06,nan,nan,nan,nan
2346,58.65,2.496061213e-06,1.994862257e-06,nan,nan,nan,nan
2347,58.675,2.496054900e-06,1.994859013e-06,nan,nan,nan,nan
2348,58.7,2.496048603e-06,1.994855724e-06,nan,nan,nan,nan
2349,58.725,2.496042330e-06,1.994852401e-06,nan,nan,nan,nan
2350,58.75,2.496036093e-06,1.994849048e-06,nan,nan,nan,nan
2351,58.775,2.496029892e-06,1.994845665e-06,nan,nan,nan,nan
2352,58.8,2.496023731e-06,1.994842257e-06,nan,nan,nan,nan
2353,58.825,2.496017616e-06,1.994838829e-06,nan,nan,nan,nan
2354,58.85,2.496011549e-06,1.994835393e-06,nan,nan,nan,nan
2355,58.875,2.496005541e-06,1.994831955e-06,nan,nan,nan,nan
2356,58.9,2.495999595e-06,1.994828516e-06,nan,nan,nan,nan
2357,58.925,2.495993716e-06,1.994825081e-06,nan,nan,nan,nan
2358,58.95,2.495987905e-06,1.994821654e-06,nan,nan,nan,nan
2359,58.975,2.495982166e-06,1.994818241e-06,nan,nan,nan,nan
2360,59,2.495976504e-06,1.994814846e-06,nan,nan,1.956768e-13,2.331468e-13
2361,59.025,2.495970922e-06,1.994811470e-06,nan,nan,nan,nan
2362,59.05,2.495965422e-06,1.994808115e-06,nan,nan,nan,nan
2363,59.075,2.495960000e-06,1.994804782e-06,nan,nan,nan,nan
2364,59.1,2.495954663e-06,1.994801479e-06,nan,nan,nan,nan
2365,59.125,2.495949417e-06,1.994798214e-06,nan,nan,nan,nan
2366,59.15,2.495944262e-06,1.994794987e-06,nan,nan,nan,nan
2367,59.175,2.495939201e-06,1.994791796e-06,nan,nan,nan,nan
2368,59.2,2.495934231e-06,1.994788638e-06,nan,nan,nan,nan
2369,59.225,2.495929349e-06,1.994785516e-06,nan,nan,nan,nan
2370,59.25,2.495924559e-06,1.994782437e-06,nan,nan,nan,nan
2371,59.275,2.495919865e-06,1.994779406e-06,nan,nan,nan,nan
2372,59.3,2.495915269e-06,1.994776424e-06,nan,nan,nan,nan
2373,59.325,2.495910770e-06,1.994773488e-06,nan,nan,nan,nan
2374,59.35,2.495906367e-06,1.994770597e-06,nan,nan,nan,nan
2375,59.375,2.495902057e-06,1.994767754e-06,nan,nan,nan,nan
2376,59.4,2.495897842e-06,1.994764961e-06,nan,nan,nan,nan
2377,59.425,2.495893724e-06,1.994762219e-06,nan,nan,nan,nan
2378,59.45,2.495889702e-06,1.994759528e-06,nan,nan,nan,nan
2379,59.475,2.495885774e-06,1.994756887e-06,nan,nan,nan,nan
2380,59.5,2.495881939e-06,1.994754298e-06,nan,nan,1.941503e-13,2.353673e-13
2381,59.525,2.495878199e-06,1.994751764e-06,nan,nan,nan,nan
2382,59.55,2.495874554e-06,1.994749287e-06,nan,nan,nan,nan
2383,59.575,2.495871004e-06,1.994746862e-06,nan,nan,nan,nan
2384,59.6,2.495867543e-06,1.994744485e-06,nan,nan,nan,nan
2385,59.625,2.495864169e-06,1.994742157e-06,nan,nan,nan,nan
2386,59.65,2.495860882e-06,1.994739881e-06,nan,nan,nan,nan
2387,59.675,2.495857684e-06,1.994737662e-06,nan,nan,nan,nan
2388,59.7,2.495854578e-06,1.994735502e-06,nan,nan,nan,nan
2389,59.725,2.495851561e-06,1.994733394e-06,nan,nan,nan,nan
2390,59.75,2.495848628e-06,1.994731336e-06,nan,nan,nan,nan
2391,59.775,2.495845776e-06,1.994729324e-06,nan,nan,nan,nan
2392,59.8,2.495843005e-06,1.994727362e-06,nan,nan,nan,nan
2393,59.825,2.495840313e-06,1.994725453e-06,nan,nan,nan,nan
2394,59.85,2.495837704e-06,1.994723598e-06,nan,nan,nan,nan
2395,59.875,2.495835174e-06,1.994721791e-06,nan,nan,nan,nan
2396,59.9,2.495832719e-06,1.994720034e-06,nan,nan,nan,nan
2397,59.925,2.495830340e-06,1.994718323e-06,nan,nan,nan,nan
2398,59.95,2.495828035e-06,1.994716662e-06,nan,nan,nan,nan
2399,59.975,2.495825802e-06,1.994715047e-06,nan,nan,nan,nan
2400,60,2.495823640e-06,1.994713478e-06,nan,nan,2.052525e-13,2.275957e-13
2401,60.025,2.495821546e-06,1.994711952e-06,nan,nan,nan,nan
2402,60.05,2.495819519e-06,1.994710470e-06,nan,nan,nan,nan
2403,60.075,2.495817558e-06,1.994709035e-06,nan,nan,nan,nan
2404,60.1,2.495815665e-06,1.994707647e-06,nan,nan,nan,nan
2405,60.125,2.495813837e-06,1.994706303e-06,nan,nan,nan,nan
2406,60.15,2.495812070e-06,1.994704998e-06,nan,nan,nan,nan
2407,60.175,2.495810360e-06,1.994703728e-06,nan,nan,nan,nan
2408,60.2,2.495808708e-06,1.994702496e-06,nan,nan,nan,nan
2409,60.225,2.495807111e-06,1.994701305e-06,nan,nan,nan,nan
2410,60.25,2.495805572e-06,1.994700158e-06,nan,nan,nan,nan
2411,60.275,2.495804091e-06,1.994699051e-06,nan,nan,nan,nan
2412,60.3,2.495802664e-06,1.994697980e-06,nan,nan,nan,nan
2413,60.325,2.495801285e-06,1.994696941e-06,nan,nan,nan,nan
2414,60.35,2.495799955e-06,1.994695933e-06,nan,nan,nan,nan
2415,60.375,2.495798672e-06,1.994694961e-06,nan,nan,nan,nan
2416,60.4,2.495797438e-06,1.994694489e-06,nan,nan,nan,nan
2417,60.425,2.495796250e-06,1.994694156e-06,nan,nan,nan,nan
2418,60.45,2.495795107e-06,1.994693838e-06,nan,nan,nan,nan
2419,60.475,2.495794005e-06,1.994693535e-06,nan,nan,nan,nan
2420,60.5,2.495792948e-06,1.994693248e-06,nan,nan,1.990075e-13,2.262079e-13
2421,60.525,2.495791931e-06,1.994692970e-06,nan,nan,nan,nan
2422,60.55,2.495790954e-06,1.994692703e-06,nan,nan,nan,nan
2423,60.575,2.495790012e-06,1.994692449e-06,nan,nan,nan,nan
2424,60.6,2.495789105e-06,1.994692209e-06,nan,nan,nan,nan
2425,60.625,2.495788235e-06,1.994691979e-06,nan,nan,nan,nan
2426,60.65,2.495787401e-06,1.994691754e-06,nan,nan,nan,nan
2427,60.675,2.495786601e-06,1.994691533e-06,nan,nan,nan,nan
2428,60.7,2.495785836e-06,1.994691320e-06,nan,nan,nan,nan
2429,60.725,2.495785099e-06,1.994691124e-06,nan,nan,nan,nan
2430,60.75,2.495784390e-06,1.994690944e-06,nan,nan,nan,nan
2431,60.775,2.495783709e-06,1.994690773e-06,nan,nan,nan,nan
2432,60.8,2.495783057e-06,1.994690603e-06,nan,nan,nan,nan
2433,60.825,2.495782435e-06,1.994690432e-06,nan,nan,nan,nan
2434,60.85,2.495781839e-06,1.994690267e-06,nan,nan,nan,nan
2435,60.875,2.495781268e-06,1.994690115e-06,nan,nan,nan,nan
2436,60.9,2.495780719e-06,1.994689974e-06,nan,nan,nan,nan
2437,60.925,2.495780193e-06,1.994689844e-06,nan,nan,nan,nan
2438,60.95,2.495779690e-06,1.994689716e-06,nan,nan,nan,nan
2439,60.975,2.495779209e-06,1.994689590e-06,nan,nan,nan,nan
2440,61,2.495778749e-06,1.994689468e-06,nan,nan,2.059464e-13,2.292611e-13
2441,61.025,2.495778308e-06,1.994689355e-06,nan,nan,nan,nan
2442,61.05,2.495777887e-06,1.994689247e-06,nan,nan,nan,nan
2443,61.075,2.495777485e-06,1.994689141e-06,nan,nan,nan,nan
2444,61.1,2.495777102e-06,1.994689039e-06,nan,nan,nan,nan
2445,61.125,2.495776736e-06,1.994688944e-06,nan,nan,nan,nan
2446,61.15,2.495776382e-06,1.994688860e-06,nan,nan,nan,nan
2447,61.175,2.495776044e-06,1.994688780e-06,nan,nan,nan,nan
2448,61.2,2.495775721e-06,1.994688701e-06,nan,nan,nan,nan
2449,61.225,2.495775418e-06,1.994688617e-06,nan,nan,nan,nan
2450,61.25,2.495775129e-06,1.994688534e-06,nan,nan,nan,nan
2451,61.275,2.495774852e-06,1.994688461e-06,nan,nan,nan,nan
2452,61.3,2.495774584e-06,1.994688399e-06,nan,nan,nan,nan
2453,61.325,2.495774328e-06,1.994688343e-06,nan,nan,nan,nan
2454,61.35,2.495774085e-06,1.994688288e-06,nan,nan,nan,nan
2455,61.375,2.495773855e-06,1.994688227e-06,nan,nan,nan,nan
2456,61.4,2.495773637e-06,1.994688166e-06,nan,nan,nan,nan
2457,61.425,2.495773427e-06,1.994688110e-06,nan,nan,nan,nan
2458,61.45,2.495773226e-06,1.994688061e-06,nan,nan,nan,nan
2459,61.475,2.495773035e-06,1.994688017e-06,nan,nan,nan,nan
2460,61.5,2.495772854e-06,1.994687974e-06,nan,nan,2.058076e-13,2.386980e-13
2461,61.525,2.495772682e-06,1.994687932e-06,nan,nan,nan,nan
2462,61.55,2.495772517e-06,1.994687892e-06,nan,nan,nan,nan
2463,61.575,2.495772359e-06,1.994687856e-06,nan,nan,nan,nan
2464,61.6,2.495772208e-06,1.994687820e-06,nan,nan,nan,nan
2465,61.625,2.495772069e-06,1.994687783e-06,nan,nan,nan,nan
2466,61.65,2.495771937e-06,1.994687745e-06,nan,nan,nan,nan
2467,61.675,2.495771810e-06,1.994687713e-06,nan,nan,nan,nan
2468,61.7,2.495771706e-06,1.994687687e-06,nan,nan,nan,nan
2469,61.725,2.495771645e-06,1.994687667e-06,nan,nan,nan,nan
2470,61.75,2.495771586e-06,1.994687645e-06,nan,nan,nan,nan
2471,61.775,2.495771532e-06,1.994687616e-06,nan,nan,nan,nan
2472,61.8,2.495771478e-06,1.994687585e-06,nan,nan,nan,nan
2473,61.825,2.495771426e-06,1.994687558e-06,nan,nan,nan,nan
2474,61.85,2.495771378e-06,1.994687539e-06,nan,nan,nan,nan
2475,61.875,2.495771336e-06,1.994687525e-06,nan,nan,nan,nan
2476,61.9,2.495771298e-06,1.994687512e-06,nan,nan,nan,nan
2477,61.925,2.495771261e-06,1.994687494e-06,nan,nan,nan,nan
2478,61.95,2.495771223e-06,1.994687474e-06,nan,nan,nan,nan
2479,61.975,2.495771182e-06,1.994687455e-06,nan,nan,nan,nan
2480,62,2.495771145e-06,1.994687440e-06,nan,nan,2.048361e-13,2.417511e-13
2481,62.025,2.495771114e-06,1.994687426e-06,nan,nan,nan,nan
2482,62.05,2.495771090e-06,1.994687413e-06,nan,nan,nan,nan
2483,62.075,2.495771065e-06,1.994687400e-06,nan,nan,nan,nan
2484,62.1,2.495771038e-06,1.994687390e-06,nan,nan,nan,nan
2485,62.125,2.495771011e-06,1.994687384e-06,nan,nan,nan,nan
2486,62.15,2.495770985e-06,1.994687375e-06,nan,nan,nan,nan
2487,62.175,2.495770963e-06,1.994687362e-06,nan,nan,nan,nan
2488,62.2,2.495770943e-06,1.994687347e-06,nan,nan,nan,nan
2489,62.225,2.495770926e-06,1.994687334e-06,nan,nan,nan,nan
2490,62.25,2.495770907e-06,1.994687329e-06,nan,nan,nan,nan
2491,62.275,2.495770891e-06,1.994687328e-06,nan,nan,nan,nan
2492,62.3,2.495770876e-06,1.994687327e-06,nan,nan,nan,nan
2493,62.325,2.495770863e-06,1.994687320e-06,nan,nan,nan,nan
2494,62.35,2.495770847e-06,1.994687307e-06,nan,nan,nan,nan
2495,62.375,2.495770833e-06,1.994687295e-06,nan,nan,nan,nan
2496,62.4,2.495770819e-06,1.994687290e-06,nan,nan,nan,nan
2497,62.425,2.495770809e-06,1.994687289e-06,nan,nan,nan,nan
2498,62.45,2.495770802e-06,1.994687288e-06,nan,nan,nan,nan
2499,62.475,2.495770794e-06,1.994687284e-06,nan,nan,nan,nan
2500,62.5,2.495770784e-06,1.994687279e-06,nan,nan,2.094158e-13,2.436940e-13
2501,62.525,2.495770773e-06,1.994687275e-06,nan,nan,nan,nan
2502,62.55,2.495770762e-06,1.994687273e-06,nan,nan,nan,nan
2503,62.575,2.495770756e-06,1.994687269e-06,nan,nan,nan,nan
2504,62.6,2.495770752e-06,1.994687263e-06,nan,nan,nan,nan
2505,62.625,2.495770748e-06,1.994687260e-06,nan,nan,nan,nan
2506,62.65,2.495770743e-06,1.994687259e-06,nan,nan,nan,nan
2507,62.675,2.495770736e-06,1.994687262e-06,nan,nan,nan,nan
2508,62.7,2.495770730e-06,1.994687264e-06,nan,nan,nan,nan
2509,62.725,2.495770727e-06,1.994687260e-06,nan,nan,nan,nan
2510,62.75,2.495770724e-06,1.994687252e-06,nan,nan,nan,nan
2511,62.775,2.495770720e-06,1.994687246e-06,nan,nan,nan,nan
2512,62.8,2.495770717e-06,1.994687245e-06,nan,nan,nan,nan
2513,62.825,2.495770715e-06,1.994687251e-06,nan,nan,nan,nan
2514,62.85,2.495770713e-06,1.994687255e-06,nan,nan,nan,nan
2515,62.875,2.495770713e-06,1.994687253e-06,nan,nan,nan,nan
2516,62.9,2.495770711e-06,1.994687248e-06,nan,nan,nan,nan
2517,62.925,2.495770707e-06,1.994687243e-06,nan,nan,nan,nan
2518,62.95,2.495770705e-06,1.994687242e-06,nan,nan,nan,nan
2519,62.975,2.495770704e-06,1.994687244e-06,nan,nan,nan,nan
2520,63,2.495770706e-06,1.994687245e-06,nan,nan,2.091383e-13,2.503553e-13
2521,63.025,2.495770706e-06,1.994687243e-06,nan,nan,nan,nan
2522,63.05,2.495770706e-06,1.994687243e-06,nan,nan,nan,nan
2523,63.075,2.495770703e-06,1.994687245e-06,nan,nan,nan,nan
2524,63.1,2.495770700e-06,1.994687247e-06,nan,nan,nan,nan
2525,63.125,2.495770700e-06,1.994687245e-06,nan,nan,nan,nan
2526,63.15,2.495770701e-06,1.994687240e-06,nan,nan,nan,nan
2527,63.175,2.495770702e-06,1.994687235e-06,nan,nan,nan,nan
2528,63.2,2.495770702e-06,1.994687237e-06,nan,nan,nan,nan
2529,63.225,2.495770702e-06,1.994687242e-06,nan,nan,nan,nan
2530,63.25,2.495770702e-06,1.994687248e-06,nan,nan,nan,nan
2531,63.275,2.495770702e-06,1.994687248e-06,nan,nan,nan,nan
2532,63.3,2.495770702e-06,1.994687241e-06,nan,nan,nan,nan
2533,63.325,2.495770701e-06,1.994687235e-06,nan,nan,nan,nan
2534,63.35,2.495770700e-06,1.994687235e-06,nan,nan,nan,nan
2535,63.375,2.495770702e-06,1.994687239e-06,nan,nan,nan,nan
2536,63.4,2.495770704e-06,1.994687244e-06,nan,nan,nan,nan
2537,63.425,2.495770706e-06,1.994687245e-06,nan,nan,nan,nan
2538,63.45,2.495770706e-06,1.994687243e-06,nan,nan,nan,nan
2539,63.475,2.495770703e-06,1.994687241e-06,nan,nan,nan,nan
2540,63.5,2.495770701e-06,1.994687240e-06,nan,nan,2.042810e-13,2.547962e-13
2541,63.525,2.495770703e-06,1.994687240e-06,nan,nan,nan,nan
2542,63.55,2.495770706e-06,1.994687239e-06,nan,nan,nan,nan
2543,63.575,2.495770708e-06,1.994687237e-06,nan,nan,nan,nan
2544,63.6,2.495770708e-06,1.994687238e-06,nan,nan,nan,nan
2545,63.625,2.495770706e-06,1.994687241e-06,nan,nan,nan,nan
2546,63.65,2.495770705e-06,1.994687245e-06,nan,nan,nan,nan
2547,63.675,2.495770705e-06,1.994687245e-06,nan,nan,nan,nan
2548,63.7,2.495770707e-06,1.994687240e-06,nan,nan,nan,nan
2549,63.725,2.495770708e-06,1.994687235e-06,nan,nan,nan,nan
2550,63.75,2.495770707e-06,1.994687234e-06,nan,nan,nan,nan
2551,63.775,2.495770708e-06,1.994687239e-06,nan,nan,nan,nan
2552,63.8,2.495770709e-06,1.994687244e-06,nan,nan,nan,nan
2553,63.825,2.495770709e-06,1.994687246e-06,nan,nan,nan,nan
2554,63.85,2.495770707e-06,1.994687243e-06,nan,nan,nan,nan
2555,63.875,2.495770706e-06,1.994687238e-06,nan,nan,nan,nan
2556,63.9,2.495770705e-06,1.994687236e-06,nan,nan,nan,nan
2557,63.925,2.495770705e-06,1.994687238e-06,nan,nan,nan,nan
2558,63.95,2.495770708e-06,1.994687239e-06,nan,nan,nan,nan
2559,63.975,2.495770710e-06,1.994687240e-06,nan,nan,nan,nan
2560,64,2.495770709e-06,1.994687240e-06,nan,nan,2.059464e-13,2.531308e-13
2561,64.025,2.495770707e-06,1.994687240e-06,nan,nan,nan,nan
2562,64.05,2.495770703e-06,1.994687241e-06,nan,nan,nan,nan
2563,64.075,2.495770703e-06,1.994687240e-06,nan,nan,nan,nan
2564,64.1,2.495770705e-06,1.994687238e-06,nan,nan,nan,nan
2565,64.125,2.495770707e-06,1.994687235e-06,nan,nan,nan,nan
2566,64.15,2.495770707e-06,1.994687235e-06,nan,nan,nan,nan
2567,64.175,2.495770706e-06,1.994687239e-06,nan,nan,nan,nan
2568,64.2,2.495770705e-06,1.994687242e-06,nan,nan,nan,nan
2569,64.225,2.495770703e-06,1.994687243e-06,nan,nan,nan,nan
2570,64.25,2.495770703e-06,1.994687238e-06,nan,nan,nan,nan
2571,64.275,2.495770702e-06,1.994687234e-06,nan,nan,nan,nan
2572,64.3,2.495770701e-06,1.994687232e-06,nan,nan,nan,nan
2573,64.325,2.495770702e-06,1.994687234e-06,nan,nan,nan,nan
2574,64.35,2.495770703e-06,1.994687237e-06,nan,nan,nan,nan
2575,64.375,2.495770704e-06,1.994687239e-06,nan,nan,nan,nan
2576,64.4,2.495770703e-06,1.994687237e-06,nan,nan,nan,nan
2577,64.425,2.495770699e-06,1.994687234e-06,nan,nan,nan,nan
2578,64.45,2.495770697e-06,1.994687234e-06,nan,nan,nan,nan
2579,64.475,2.495770697e-06,1.994687233e-06,nan,nan,nan,nan
2580,64.5,2.495770700e-06,1.994687233e-06,nan,nan,2.087219e-13,2.639555e-13
2581,64.525,2.495770702e-06,1.994687233e-06,nan,nan,nan,nan
2582,64.55,2.495770700e-06,1.994687234e-06,nan,nan,nan,nan
2583,64.575,2.495770698e-06,1.994687235e-06,nan,nan,nan,nan
2584,64.6,2.495770696e-06,1.994687237e-06,nan,nan,nan,nan
2585,64.625,2.495770695e-06,1.994687236e-06,nan,nan,nan,nan
2586,64.65,2.495770695e-06,1.994687233e-06,nan,nan,nan,nan
2587,64.675,2.495770696e-06,1.994687230e-06,nan,nan,nan,nan
2588,64.7,2.495770696e-06,1.994687229e-06,nan,nan,nan,nan
2589,64.725,2.495770695e-06,1.994687233e-06,nan,nan,nan,nan
2590,64.75,2.495770695e-06,1.994687238e-06,nan,nan,nan,nan
2591,64.775,2.495770694e-06,1.994687239e-06,nan,nan,nan,nan
2592,64.8,2.495770693e-06,1.994687235e-06,nan,nan,nan,nan
2593,64.825,2.495770691e-06,1.994687230e-06,nan,nan,nan,nan
2594,64.85,2.495770690e-06,1.994687228e-06,nan,nan,nan,nan
2595,64.875,2.495770692e-06,1.994687230e-06,nan,nan,nan,nan
2596,64.9,2.495770695e-06,1.994687234e-06,nan,nan,nan,nan
2597,64.925,2.495770695e-06,1.994687236e-06,nan,nan,nan,nan
2598,64.95,2.495770693e-06,1.994687235e-06,nan,nan,nan,nan
2599,64.975,2.495770690e-06,1.994687235e-06,nan,nan,nan,nan
2600,65,2.495770688e-06,1.994687233e-06,nan,nan,2.189915e-13,2.631229e-13
2601,65.025,2.495770690e-06,1.994687234e-06,nan,nan,nan,nan
2602,65.05,2.495770692e-06,1.994687234e-06,nan,nan,nan,nan
2603,65.075,2.495770693e-06,1.994687232e-06,nan,nan,nan,nan
2604,65.1,2.495770692e-06,1.994687232e-06,nan,nan,nan,nan
2605,65.125,2.495770689e-06,1.994687234e-06,nan,nan,nan,nan
2606,65.15,2.495770689e-06,1.994687235e-06,nan,nan,nan,nan
2607,65.175,2.495770691e-06,1.994687236e-06,nan,nan,nan,nan
2608,65.2,2.495770690e-06,1.994687233e-06,nan,nan,nan,nan
2609,65.225,2.495770691e-06,1.994687231e-06,nan,nan,nan,nan
2610,65.25,2.495770690e-06,1.994687230e-06,nan,nan,nan,nan
2611,65.275,2.495770691e-06,1.994687233e-06,nan,nan,nan,nan
2612,65.3,2.495770692e-06,1.994687236e-06,nan,nan,nan,nan
2613,65.325,2.495770693e-06,1.994687238e-06,nan,nan,nan,nan
2614,65.35,2.495770691e-06,1.994687235e-06,nan,nan,nan,nan
2615,65.375,2.495770689e-06,1.994687232e-06,nan,nan,nan,nan
2616,65.4,2.495770689e-06,1.994687231e-06,nan,nan,nan,nan
2617,65.425,2.495770690e-06,1.994687232e-06,nan,nan,nan,nan
2618,65.45,2.495770694e-06,1.994687234e-06,nan,nan,nan,nan
2619,65.475,2.495770695e-06,1.994687235e-06,nan,nan,nan,nan
2620,65.5,2.495770692e-06,1.994687236e-06,nan,nan,2.216283e-13,2.628453e-13
2621,65.525,2.495770689e-06,1.994687235e-06,nan,nan,nan,nan
2622,65.55,2.495770690e-06,1.994687235e-06,nan,nan,nan,nan
2623,65.575,2.495770691e-06,1.994687235e-06,nan,nan,nan,nan
2624,65.6,2.495770695e-06,1.994687234e-06,nan,nan,nan,nan
2625,65.625,2.495770697e-06,1.994687233e-06,nan,nan,nan,nan
2626,65.65,2.495770695e-06,1.994687233e-06,nan,nan,nan,nan
2627,65.675,2.495770694e-06,1.994687236e-06,nan,nan,nan,nan
2628,65.7,2.495770693e-06,1.994687239e-06,nan,nan,nan,nan
2629,65.725,2.495770694e-06,1.994687239e-06,nan,nan,nan,nan
2630,65.75,2.495770694e-06,1.994687236e-06,nan,nan,nan,nan
2631,65.775,2.495770694e-06,1.994687234e-06,nan,nan,nan,nan
2632,65.8,2.495770695e-06,1.994687233e-06,nan,nan,nan,nan
2633,65.825,2.495770697e-06,1.994687236e-06,nan,nan,nan,nan
2634,65.85,2.495770700e-06,1.994687237e-06,nan,nan,nan,nan
2635,65.875,2.495770699e-06,1.994687239e-06,nan,nan,nan,nan
2636,65.9,2.495770696e-06,1.994687237e-06,nan,nan,nan,nan
2637,65.925,2.495770694e-06,1.994687236e-06,nan,nan,nan,nan
2638,65.95,2.495770694e-06,1.994687236e-06,nan,nan,nan,nan
2639,65.975,2.495770697e-06,1.994687237e-06,nan,nan,nan,nan
2640,66,2.495770701e-06,1.994687237e-06,nan,nan,2.138567e-13,2.631229e-13
2641,66.025,2.495770702e-06,1.994687237e-06,nan,nan,nan,nan
2642,66.05,2.495770700e-06,1.994687237e-06,nan,nan,nan,nan
2643,66.075,2.495770697e-06,1.994687239e-06,nan,nan,nan,nan
2644,66.1,2.495770695e-06,1.994687239e-06,nan,nan,nan,nan
2645,66.125,2.495770698e-06,1.994687238e-06,nan,nan,nan,nan
2646,66.15,2.495770700e-06,1.994687237e-06,nan,nan,nan,nan
2647,66.175,2.495770701e-06,1.994687236e-06,nan,nan,nan,nan
2648,66.2,2.495770700e-06,1.994687237e-06,nan,nan,nan,nan
2649,66.225,2.495770700e-06,1.994687239e-06,nan,nan,nan,nan
2650,66.25,2.495770702e-06,1.994687240e-06,nan,nan,nan,nan
2651,66.275,2.495770701e-06,1.994687238e-06,nan,nan,nan,nan
2652,66.3,2.495770700e-06,1.994687236e-06,nan,nan,nan,nan
2653,66.325,2.495770699e-06,1.994687235e-06,nan,nan,nan,nan
2654,66.35,2.495770699e-06,1.994687236e-06,nan,nan,nan,nan
2655,66.375,2.495770702e-06,1.994687238e-06,nan,nan,nan,nan
2656,66.4,2.495770704e-06,1.994687238e-06,nan,nan,nan,nan
2657,66.425,2.495770705e-06,1.994687237e-06,nan,nan,nan,nan
2658,66.45,2.495770701e-06,1.994687236e-06,nan,nan,nan,nan
2659,66.475,2.495770699e-06,1.994687236e-06,nan,nan,nan,nan
2660,66.5,2.495770698e-06,1.994687238e-06,nan,nan,2.155220e-13,2.717271e-13
2661,66.525,2.495770700e-06,1.994687237e-06,nan,nan,nan,nan
2662,66.55,2.495770704e-06,1.994687237e-06,nan,nan,nan,nan
2663,66.575,2.495770703e-06,1.994687237e-06,nan,nan,nan,nan
2664,66.6,2.495770702e-06,1.994687237e-06,nan,nan,nan,nan
2665,66.625,2.495770700e-06,1.994687239e-06,nan,nan,nan,nan
2666,66.65,2.495770700e-06,1.994687238e-06,nan,nan,nan,nan
2667,66.675,2.495770701e-06,1.994687237e-06,nan,nan,nan,nan
2668,66.7,2.495770701e-06,1.994687236e-06,nan,nan,nan,nan
2669,66.725,2.495770701e-06,1.994687235e-06,nan,nan,nan,nan
2670,66.75,2.495770701e-06,1.994687238e-06,nan,nan,nan,nan
2671,66.775,2.495770703e-06,1.994687239e-06,nan,nan,nan,nan
2672,66.8,2.495770704e-06,1.994687239e-06,nan,nan,nan,nan
2673,66.825,2.495770703e-06,1.994687236e-06,nan,nan,nan,nan
2674,66.85,2.495770700e-06,1.994687235e-06,nan,nan,nan,nan
2675,66.875,2.495770698e-06,1.994687236e-06,nan,nan,nan,nan
2676,66.9,2.495770698e-06,1.994687238e-06,nan,nan,nan,nan
2677,66.925,2.495770702e-06,1.994687239e-06,nan,nan,nan,nan
2678,66.95,2.495770704e-06,1.994687238e-06,nan,nan,nan,nan
2679,66.975,2.495770703e-06,1.994687237e-06,nan,nan,nan,nan
2680,67,2.495770700e-06,1.994687236e-06,nan,nan,2.202405e-13,2.770006e-13
2681,67.025,2.495770697e-06,1.994687237e-06,nan,nan,nan,nan
2682,67.05,2.495770698e-06,1.994687237e-06,nan,nan,nan,nan
2683,67.075,2.495770699e-06,1.994687237e-06,nan,nan,nan,nan
2684,67.1,2.495770701e-06,1.994687236e-06,nan,nan,nan,nan
2685,67.125,2.495770701e-06,1.994687236e-06,nan,nan,nan,nan
2686,67.15,2.495770700e-06,1.994687237e-06,nan,nan,nan,nan
2687,67.175,2.495770698e-06,1.994687238e-06,nan,nan,nan,nan
2688,67.2,2.495770699e-06,1.994687237e-06,nan,nan,nan,nan
2689,67.225,2.495770700e-06,1.994687235e-06,nan,nan,nan,nan
2690,67.25,2.495770698e-06,1.994687233e-06,nan,nan,nan,nan
2691,67.275,2.495770696e-06,1.994687233e-06,nan,nan,nan,nan
2692,67.3,2.495770697e-06,1.994687235e-06,nan,nan,nan,nan
2693,67.325,2.495770700e-06,1.994687237e-06,nan,nan,nan,nan
2694,67.35,2.495770702e-06,1.994687236e-06,nan,nan,nan,nan
2695,67.375,2.495770701e-06,1.994687235e-06,nan,nan,nan,nan
2696,67.4,2.495770697e-06,1.994687234e-06,nan,nan,nan,nan
2697,67.425,2.495770692e-06,1.994687235e-06,nan,nan,nan,nan
2698,67.45,2.495770693e-06,1.994687235e-06,nan,nan,nan,nan
2699,67.475,2.495770698e-06,1.994687235e-06,nan,nan,nan,nan
2700,67.5,2.495770701e-06,1.994687235e-06,nan,nan,2.210732e-13,2.822742e-13
2701,67.525,2.495770700e-06,1.994687235e-06,nan,nan,nan,nan
2702,67.55,2.495770695e-06,1.994687236e-06,nan,nan,nan,nan
2703,67.575,2.495770692e-06,1.994687237e-06,nan,nan,nan,nan
2704,67.6,2.495770691e-06,1.994687236e-06,nan,nan,nan,nan
2705,67.625,2.495770694e-06,1.994687234e-06,nan,nan,nan,nan
2706,67.65,2.495770698e-06,1.994687232e-06,nan,nan,nan,nan
2707,67.675,2.495770699e-06,1.994687233e-06,nan,nan,nan,nan
2708,67.7,2.495770698e-06,1.994687235e-06,nan,nan,nan,nan
2709,67.725,2.495770697e-06,1.994687238e-06,nan,nan,nan,nan
2710,67.75,2.495770696e-06,1.994687238e-06,nan,nan,nan,nan
2711,67.775,2.495770696e-06,1.994687235e-06,nan,nan,nan,nan
2712,67.8,2.495770694e-06,1.994687233e-06,nan,nan,nan,nan
2713,67.825,2.495770693e-06,1.994687235e-06,nan,nan,nan,nan
2714,67.85,2.495770694e-06,1.994687236e-06,nan,nan,nan,nan
2715,67.875,2.495770698e-06,1.994687238e-06,nan,nan,nan,nan
2716,67.9,2.495770700e-06,1.994687237e-06,nan,nan,nan,nan
2717,67.925,2.495770699e-06,1.994687236e-06,nan,nan,nan,nan
2718,67.95,2.495770694e-06,1.994687235e-06,nan,nan,nan,nan
2719,67.975,2.495770689e-06,1.994687235e-06,nan,nan,nan,nan
2720,68,2.495770692e-06,1.994687236e-06,nan,nan,2.173262e-13,2.836620e-13
2721,68.025,2.495770696e-06,1.994687236e-06,nan,nan,nan,nan
2722,68.05,2.495770701e-06,1.994687236e-06,nan,nan,nan,nan
2723,68.075,2.495770700e-06,1.994687236e-06,nan,nan,nan,nan
2724,68.1,2.495770697e-06,1.994687237e-06,nan,nan,nan,nan
2725,68.125,2.495770694e-06,1.994687239e-06,nan,nan,nan,nan
2726,68.15,2.495770693e-06,1.994687237e-06,nan,nan,nan,nan
2727,68.175,2.495770695e-06,1.994687234e-06,nan,nan,nan,nan
2728,68.2,2.495770696e-06,1.994687233e-06,nan,nan,nan,nan
2729,68.225,2.495770696e-06,1.994687233e-06,nan,nan,nan,nan
2730,68.25,2.495770696e-06,1.994687237e-06,nan,nan,nan,nan
2731,68.275,2.495770697e-06,1.994687239e-06,nan,nan,nan,nan
2732,68.3,2.495770699e-06,1.994687238e-06,nan,nan,nan,nan
2733,68.325,2.495770699e-06,1.994687234e-06,nan,nan,nan,nan
2734,68.35,2.495770695e-06,1.994687231e-06,nan,nan,nan,nan
2735,68.375,2.495770691e-06,1.994687232e-06,nan,nan,nan,nan
2736,68.4,2.495770692e-06,1.994687235e-06,nan,nan,nan,nan
2737,68.425,2.495770698e-06,1.994687238e-06,nan,nan,nan,nan
2738,68.45,2.495770702e-06,1.994687238e-06,nan,nan,nan,nan
2739,68.475,2.495770701e-06,1.994687237e-06,nan,nan,nan,nan
2740,68.5,2.495770696e-06,1.994687235e-06,nan,nan,2.262079e-13,2.878253e-13
2741,68.525,2.495770691e-06,1.994687235e-06,nan,nan,nan,nan
2742,68.55,2.495770692e-06,1.994687234e-06,nan,nan,nan,nan
2743,68.575,2.495770697e-06,1.994687234e-06,nan,nan,nan,nan
2744,68.6,2.495770701e-06,1.994687235e-06,nan,nan,nan,nan
2745,68.625,2.495770700e-06,1.994687236e-06,nan,nan,nan,nan
2746,68.65,2.495770697e-06,1.994687238e-06,nan,nan,nan,nan
2747,68.675,2.495770695e-06,1.994687239e-06,nan,nan,nan,nan
2748,68.7,2.495770696e-06,1.994687237e-06,nan,nan,nan,nan
2749,68.725,2.495770698e-06,1.994687234e-06,nan,nan,nan,nan
2750,68.75,2.495770698e-06,1.994687233e-06,nan,nan,nan,nan
2751,68.775,2.495770697e-06,1.994687235e-06,nan,nan,nan,nan
2752,68.8,2.495770697e-06,1.994687240e-06,nan,nan,nan,nan
2753,68.825,2.495770700e-06,1.994687243e-06,nan,nan,nan,nan
2754,68.85,2.495770702e-06,1.994687241e-06,nan,nan,nan,nan
2755,68.875,2.495770701e-06,1.994687237e-06,nan,nan,nan,nan
2756,68.9,2.495770695e-06,1.994687234e-06,nan,nan,nan,nan
2757,68.925,2.495770691e-06,1.994687233e-06,nan,nan,nan,nan
2758,68.95,2.495770693e-06,1.994687236e-06,nan,nan,nan,nan
2759,68.975,2.495770700e-06,1.994687237e-06,nan,nan,nan,nan
2760,69,2.495770706e-06,1.994687239e-06,nan,nan,2.250977e-13,2.856049e-13
2761,69.025,2.495770706e-06,1.994687238e-06,nan,nan,nan,nan
2762,69.05,2.495770700e-06,1.994687239e-06,nan,nan,nan,nan
2763,69.075,2.495770694e-06,1.994687238e-06,nan,nan,nan,nan
2764,69.1,2.495770694e-06,1.994687237e-06,nan,nan,nan,nan
2765,69.125,2.495770698e-06,1.994687234e-06,nan,nan,nan,nan
2766,69.15,2.495770701e-06,1.994687234e-06,nan,nan,nan,nan
2767,69.175,2.495770702e-06,1.994687238e-06,nan,nan,nan,nan
2768,69.2,2.495770700e-06,1.994687241e-06,nan,nan,nan,nan
2769,69.225,2.495770699e-06,1.994687241e-06,nan,nan,nan,nan
2770,69.25,2.495770699e-06,1.994687238e-06,nan,nan,nan,nan
2771,69.275,2.495770699e-06,1.994687232e-06,nan,nan,nan,nan
2772,69.3,2.495770697e-06,1.994687230e-06,nan,nan,nan,nan
2773,69.325,2.495770696e-06,1.994687233e-06,nan,nan,nan,nan
2774,69.35,2.495770699e-06,1.994687239e-06,nan,nan,nan,nan
2775,69.375,2.495770704e-06,1.994687241e-06,nan,nan,nan,nan
2776,69.4,2.495770707e-06,1.994687238e-06,nan,nan,nan,nan
2777,69.425,2.495770704e-06,1.994687234e-06,nan,nan,nan,nan
2778,69.45,2.495770697e-06,1.994687233e-06,nan,nan,nan,nan
2779,69.475,2.495770692e-06,1.994687234e-06,nan,nan,nan,nan
2780,69.5,2.495770693e-06,1.994687236e-06,nan,nan,2.277345e-13,2.831069e-13
2781,69.525,2.495770700e-06,1.994687237e-06,nan,nan,nan,nan
2782,69.55,2.495770704e-06,1.994687237e-06,nan,nan,nan,nan
2783,69.575,2.495770704e-06,1.994687239e-06,nan,nan,nan,nan
2784,69.6,2.495770699e-06,1.994687240e-06,nan,nan,nan,nan
2785,69.625,2.495770695e-06,1.994687239e-06,nan,nan,nan,nan
2786,69.65,2.495770695e-06,1.994687235e-06,nan,nan,nan,nan
2787,69.675,2.495770697e-06,1.994687231e-06,nan,nan,nan,nan
2788,69.7,2.495770699e-06,1.994687232e-06,nan,nan,nan,nan
2789,69.725,2.495770699e-06,1.994687237e-06,nan,nan,nan,nan
2790,69.75,2.495770700e-06,1.994687243e-06,nan,nan,nan,nan
2791,69.775,2.495770702e-06,1.994687243e-06,nan,nan,nan,nan
2792,69.8,2.495770702e-06,1.994687238e-06,nan,nan,nan,nan
2793,69.825,2.495770700e-06,1.994687231e-06,nan,nan,nan,nan
2794,69.85,2.495770695e-06,1.994687229e-06,nan,nan,nan,nan
2795,69.875,2.495770694e-06,1.994687234e-06,nan,nan,nan,nan
2796,69.9,2.495770697e-06,1.994687240e-06,nan,nan,nan,nan
2797,69.925,2.495770704e-06,1.994687241e-06,nan,nan,nan,nan
2798,69.95,2.495770707e-06,1.994687238e-06,nan,nan,nan,nan
2799,69.975,2.495770703e-06,1.994687235e-06,nan,nan,nan,nan
2800,70,2.495770696e-06,1.994687235e-06,nan,nan,2.270406e-13,2.989275e-13
2801,70.025,2.495770691e-06,1.994687236e-06,nan,nan,nan,nan
2802,70.05,2.495770694e-06,1.994687236e-06,nan,nan,nan,nan
2803,70.075,2.495770700e-06,1.994687234e-06,nan,nan,nan,nan
2804,70.1,2.495770704e-06,1.994687234e-06,nan,nan,nan,nan
2805,70.125,2.495770703e-06,1.994687237e-06,nan,nan,nan,nan
2806,70.15,2.495770698e-06,1.994687241e-06,nan,nan,nan,nan
2807,70.175,2.495770695e-06,1.994687241e-06,nan,nan,nan,nan
2808,70.2,2.495770694e-06,1.994687236e-06,nan,nan,nan,nan
2809,70.225,2.495770695e-06,1.994687231e-06,nan,nan,nan,nan
2810,70.25,2.495770694e-06,1.994687229e-06,nan,nan,nan,nan
2811,70.275,2.495770695e-06,1.994687236e-06,nan,nan,nan,nan
2812,70.3,2.495770699e-06,1.994687242e-06,nan,nan,nan,nan
2813,70.325,2.495770703e-06,1.994687241e-06,nan,nan,nan,nan
2814,70.35,2.495770703e-06,1.994687235e-06,nan,nan,nan,nan
2815,70.375,2.495770699e-06,1.994687230e-06,nan,nan,nan,nan
2816,70.4,2.495770691e-06,1.994687230e-06,nan,nan,nan,nan
2817,70.425,2.495770688e-06,1.994687234e-06,nan,nan,nan,nan
2818,70.45,2.495770693e-06,1.994687238e-06,nan,nan,nan,nan
2819,70.475,2.495770702e-06,1.994687239e-06,nan,nan,nan,nan
2820,70.5,2.495770707e-06,1.994687236e-06,nan,nan,2.248202e-13,3.066991e-13
2821,70.525,2.495770703e-06,1.994687235e-06,nan,nan,nan,nan
2822,70.55,2.495770694e-06,1.994687236e-06,nan,nan,nan,nan
2823,70.575,2.495770690e-06,1.994687236e-06,nan,nan,nan,nan
2824,70.6,2.495770692e-06,1.994687233e-06,nan,nan,nan,nan
2825,70.625,2.495770698e-06,1.994687231e-06,nan,nan,nan,nan
2826,70.65,2.495770700e-06,1.994687231e-06,nan,nan,nan,nan
2827,70.675,2.495770699e-06,1.994687237e-06,nan,nan,nan,nan
2828,70.7,2.495770697e-06,1.994687242e-06,nan,nan,nan,nan
2829,70.725,2.495770698e-06,1.994687242e-06,nan,nan,nan,nan
2830,70.75,2.495770697e-06,1.994687235e-06,nan,nan,nan,nan
2831,70.775,2.495770695e-06,1.994687230e-06,nan,nan,nan,nan
2832,70.8,2.495770693e-06,1.994687230e-06,nan,nan,nan,nan
2833,70.825,2.495770692e-06,1.994687237e-06,nan,nan,nan,nan
2834,70.85,2.495770697e-06,1.994687242e-06,nan,nan,nan,nan
2835,70.875,2.495770703e-06,1.994687243e-06,nan,nan,nan,nan
2836,70.9,2.495770704e-06,1.994687238e-06,nan,nan,nan,nan
2837,70.925,2.495770698e-06,1.994687234e-06,nan,nan,nan,nan
2838,70.95,2.495770690e-06,1.994687234e-06,nan,nan,nan,nan
2839,70.975,2.495770688e-06,1.994687236e-06,nan,nan,nan,nan
2840,71,2.495770694e-06,1.994687238e-06,nan,nan,2.242651e-13,3.050338e-13
2841,71.025,2.495770702e-06,1.994687236e-06,nan,nan,nan,nan
2842,71.05,2.495770706e-06,1.994687235e-06,nan,nan,nan,nan
2843,71.075,2.495770702e-06,1.994687237e-06,nan,nan,nan,nan
2844,71.1,2.495770695e-06,1.994687239e-06,nan,nan,nan,nan
2845,71.125,2.495770691e-06,1.994687239e-06,nan,nan,nan,nan
2846,71.15,2.495770693e-06,1.994687234e-06,nan,nan,nan,nan
2847,71.175,2.495770697e-06,1.994687229e-06,nan,nan,nan,nan
2848,71.2,2.495770700e-06,1.994687232e-06,nan,nan,nan,nan
2849,71.225,2.495770700e-06,1.994687238e-06,nan,nan,nan,nan
2850,71.25,2.495770699e-06,1.994687244e-06,nan,nan,nan,nan
2851,71.275,2.495770699e-06,1.994687241e-06,nan,nan,nan,nan
2852,71.3,2.495770698e-06,1.994687234e-06,nan,nan,nan,nan
2853,71.325,2.495770695e-06,1.994687229e-06,nan,nan,nan,nan
2854,71.35,2.495770690e-06,1.994687230e-06,nan,nan,nan,nan
2855,71.375,2.495770690e-06,1.994687236e-06,nan,nan,nan,nan
2856,71.4,2.495770696e-06,1.994687240e-06,nan,nan,nan,nan
2857,71.425,2.495770704e-06,1.994687240e-06,nan,nan,nan,nan
2858,71.45,2.495770706e-06,1.994687237e-06,nan,nan,nan,nan
2859,71.475,2.495770700e-06,1.994687233e-06,nan,nan,nan,nan
2860,71.5,2.495770691e-06,1.994687234e-06,nan,nan,2.273182e-13,3.050338e-13
2861,71.525,2.495770689e-06,1.994687234e-06,nan,nan,nan,nan
2862,71.55,2.495770695e-06,1.994687234e-06,nan,nan,nan,nan
2863,71.575,2.495770702e-06,1.994687233e-06,nan,nan,nan,nan
2864,71.6,2.495770704e-06,1.994687236e-06,nan,nan,nan,nan
2865,71.625,2.495770700e-06,1.994687240e-06,nan,nan,nan,nan
2866,71.65,2.495770696e-06,1.994687241e-06,nan,nan,nan,nan
2867,71.675,2.495770694e-06,1.994687238e-06,nan,nan,nan,nan
2868,71.7,2.495770697e-06,1.994687231e-06,nan,nan,nan,nan
2869,71.725,2.495770697e-06,1.994687228e-06,nan,nan,nan,nan
2870,71.75,2.495770696e-06,1.994687232e-06,nan,nan,nan,nan
2871,71.775,2.495770696e-06,1.994687240e-06,nan,nan,nan,nan
2872,71.8,2.495770698e-06,1.994687245e-06,nan,nan,nan,nan
2873,71.825,2.495770702e-06,1.994687243e-06,nan,nan,nan,nan
2874,71.85,2.495770703e-06,1.994687236e-06,nan,nan,nan,nan
2875,71.875,2.495770697e-06,1.994687230e-06,nan,nan,nan,nan
2876,71.9,2.495770691e-06,1.994687231e-06,nan,nan,nan,nan
2877,71.925,2.495770691e-06,1.994687235e-06,nan,nan,nan,nan
2878,71.95,2.495770699e-06,1.994687239e-06,nan,nan,nan,nan
2879,71.975,2.495770706e-06,1.994687240e-06,nan,nan,nan,nan
2880,72,2.495770706e-06,1.994687239e-06,nan,nan,2.282896e-13,3.069767e-13
2881,72.025,2.495770699e-06,1.994687239e-06,nan,nan,nan,nan
2882,72.05,2.495770692e-06,1.994687238e-06,nan,nan,nan,nan
2883,72.075,2.495770691e-06,1.994687235e-06,nan,nan,nan,nan
2884,72.1,2.495770696e-06,1.994687233e-06,nan,nan,nan,nan
2885,72.125,2.495770702e-06,1.994687232e-06,nan,nan,nan,nan
2886,72.15,2.495770703e-06,1.994687237e-06,nan,nan,nan,nan
2887,72.175,2.495770699e-06,1.994687243e-06,nan,nan,nan,nan
2888,72.2,2.495770696e-06,1.994687245e-06,nan,nan,nan,nan
2889,72.225,2.495770697e-06,1.994687239e-06,nan,nan,nan,nan
2890,72.25,2.495770699e-06,1.994687230e-06,nan,nan,nan,nan
2891,72.275,2.495770697e-06,1.994687228e-06,nan,nan,nan,nan
2892,72.3,2.495770695e-06,1.994687232e-06,nan,nan,nan,nan
2893,72.325,2.495770697e-06,1.994687240e-06,nan,nan,nan,nan
2894,72.35,2.495770701e-06,1.994687243e-06,nan,nan,nan,nan
2895,72.375,2.495770705e-06,1.994687240e-06,nan,nan,nan,nan
2896,72.4,2.495770705e-06,1.994687235e-06,nan,nan,nan,nan
2897,72.425,2.495770698e-06,1.994687231e-06,nan,nan,nan,nan
2898,72.45,2.495770691e-06,1.994687233e-06,nan,nan,nan,nan
2899,72.475,2.495770693e-06,1.994687235e-06,nan,nan,nan,nan
2900,72.5,2.495770699e-06,1.994687236e-06,nan,nan,2.267631e-13,3.105849e-13
2901,72.525,2.495770706e-06,1.994687237e-06,nan,nan,nan,nan
2902,72.55,2.495770706e-06,1.994687238e-06,nan,nan,nan,nan
2903,72.575,2.495770699e-06,1.994687239e-06,nan,nan,nan,nan
2904,72.6,2.495770693e-06,1.994687239e-06,nan,nan,nan,nan
2905,72.625,2.495770692e-06,1.994687234e-06,nan,nan,nan,nan
2906,72.65,2.495770695e-06,1.994687229e-06,nan,nan,nan,nan
2907,72.675,2.495770699e-06,1.994687229e-06,nan,nan,nan,nan
2908,72.7,2.495770700e-06,1.994687235e-06,nan,nan,nan,nan
2909,72.725,2.495770700e-06,1.994687243e-06,nan,nan,nan,nan
2910,72.75,2.495770701e-06,1.994687244e-06,nan,nan,nan,nan
2911,72.775,2.495770701e-06,1.994687238e-06,nan,nan,nan,nan
2912,72.8,2.495770700e-06,1.994687230e-06,nan,nan,nan,nan
2913,72.825,2.495770694e-06,1.994687227e-06,nan,nan,nan,nan
2914,72.85,2.495770691e-06,1.994687233e-06,nan,nan,nan,nan
2915,72.875,2.495770693e-06,1.994687241e-06,nan,nan,nan,nan
2916,72.9,2.495770702e-06,1.994687244e-06,nan,nan,nan,nan
2917,72.925,2.495770707e-06,1.994687241e-06,nan,nan,nan,nan
2918,72.95,2.495770706e-06,1.994687237e-06,nan,nan,nan,nan
2919,72.975,2.495770696e-06,1.994687235e-06,nan,nan,nan,nan
2920,73,2.495770688e-06,1.994687234e-06,nan,nan,2.274569e-13,3.086420e-13
2921,73.025,2.495770690e-06,1.994687234e-06,nan,nan,nan,nan
2922,73.05,2.495770697e-06,1.994687233e-06,nan,nan,nan,nan
2923,73.075,2.495770703e-06,1.994687234e-06,nan,nan,nan,nan
2924,73.1,2.495770703e-06,1.994687239e-06,nan,nan,nan,nan
2925,73.125,2.495770699e-06,1.994687242e-06,nan,nan,nan,nan
2926,73.15,2.495770695e-06,1.994687240e-06,nan,nan,nan,nan
2927,73.175,2.495770695e-06,1.994687233e-06,nan,nan,nan,nan
2928,73.2,2.495770698e-06,1.994687226e-06,nan,nan,nan,nan
2929,73.225,2.495770698e-06,1.994687227e-06,nan,nan,nan,nan
2930,73.25,2.495770696e-06,1.994687236e-06,nan,nan,nan,nan
2931,73.275,2.495770697e-06,1.994687246e-06,nan,nan,nan,nan
2932,73.3,2.495770700e-06,1.994687244e-06,nan,nan,nan,nan
2933,73.325,2.495770701e-06,1.994687237e-06,nan,nan,nan,nan
2934,73.35,2.495770698e-06,1.994687228e-06,nan,nan,nan,nan
2935,73.375,2.495770692e-06,1.994687228e-06,nan,nan,nan,nan
2936,73.4,2.495770690e-06,1.994687234e-06,nan,nan,nan,nan
2937,73.425,2.495770694e-06,1.994687239e-06,nan,nan,nan,nan
2938,73.45,2.495770702e-06,1.994687240e-06,nan,nan,nan,nan
2939,73.475,2.495770705e-06,1.994687236e-06,nan,nan,nan,nan
2940,73.5,2.495770701e-06,1.994687234e-06,nan,nan,2.270406e-13,3.158585e-13
2941,73.525,2.495770693e-06,1.994687235e-06,nan,nan,nan,nan
2942,73.55,2.495770689e-06,1.994687235e-06,nan,nan,nan,nan
2943,73.575,2.495770692e-06,1.994687233e-06,nan,nan,nan,nan
2944,73.6,2.495770698e-06,1.994687230e-06,nan,nan,nan,nan
2945,73.625,2.495770701e-06,1.994687231e-06,nan,nan,nan,nan
2946,73.65,2.495770700e-06,1.994687237e-06,nan,nan,nan,nan
2947,73.675,2.495770698e-06,1.994687243e-06,nan,nan,nan,nan
2948,73.7,2.495770697e-06,1.994687242e-06,nan,nan,nan,nan
2949,73.725,2.495770697e-06,1.994687234e-06,nan,nan,nan,nan
2950,73.75,2.495770695e-06,1.994687227e-06,nan,nan,nan,nan
2951,73.775,2.495770692e-06,1.994687228e-06,nan,nan,nan,nan
2952,73.8,2.495770692e-06,1.994687236e-06,nan,nan,nan,nan
2953,73.825,2.495770698e-06,1.994687244e-06,nan,nan,nan,nan
2954,73.85,2.495770704e-06,1.994687244e-06,nan,nan,nan,nan
2955,73.875,2.495770704e-06,1.994687237e-06,nan,nan,nan,nan
2956,73.9,2.495770698e-06,1.994687232e-06,nan,nan,nan,nan
2957,73.925,2.495770689e-06,1.994687231e-06,nan,nan,nan,nan
2958,73.95,2.495770688e-06,1.994687235e-06,nan,nan,nan,nan
2959,73.975,2.495770695e-06,1.994687238e-06,nan,nan,nan,nan
2960,74,2.495770704e-06,1.994687239e-06,nan,nan,2.307876e-13,3.178013e-13
2961,74.025,2.495770707e-06,1.994687238e-06,nan,nan,nan,nan
2962,74.05,2.495770700e-06,1.994687239e-06,nan,nan,nan,nan
2963,74.075,2.495770692e-06,1.994687239e-06,nan,nan,nan,nan
2964,74.1,2.495770689e-06,1.994687237e-06,nan,nan,nan,nan
2965,74.125,2.495770694e-06,1.994687233e-06,nan,nan,nan,nan
2966,74.15,2.495770700e-06,1.994687229e-06,nan,nan,nan,nan
2967,74.175,2.495770701e-06,1.994687232e-06,nan,nan,nan,nan
2968,74.2,2.495770701e-06,1.994687239e-06,nan,nan,nan,nan
2969,74.225,2.495770698e-06,1.994687243e-06,nan,nan,nan,nan
2970,74.25,2.495770699e-06,1.994687241e-06,nan,nan,nan,nan
2971,74.275,2.495770699e-06,1.994687233e-06,nan,nan,nan,nan
2972,74.3,2.495770696e-06,1.994687229e-06,nan,nan,nan,nan
2973,74.325,2.495770692e-06,1.994687231e-06,nan,nan,nan,nan
2974,74.35,2.495770692e-06,1.994687237e-06,nan,nan,nan,nan
2975,74.375,2.495770698e-06,1.994687242e-06,nan,nan,nan,nan
2976,74.4,2.495770706e-06,1.994687241e-06,nan,nan,nan,nan
2977,74.425,2.495770706e-06,1.994687236e-06,nan,nan,nan,nan
2978,74.45,2.495770697e-06,1.994687232e-06,nan,nan,nan,nan
2979,74.475,2.495770688e-06,1.994687232e-06,nan,nan,nan,nan
2980,74.5,2.495770687e-06,1.994687234e-06,nan,nan,2.298162e-13,3.144707e-13
2981,74.525,2.495770695e-06,1.994687234e-06,nan,nan,nan,nan
2982,74.55,2.495770704e-06,1.994687234e-06,nan,nan,nan,nan
2983,74.575,2.495770707e-06,1.994687237e-06,nan,nan,nan,nan
2984,74.6,2.495770702e-06,1.994687240e-06,nan,nan,nan,nan
2985,74.625,2.495770695e-06,1.994687242e-06,nan,nan,nan,nan
2986,74.65,2.495770692e-06,1.994687237e-06,nan,nan,nan,nan
2987,74.675,2.495770694e-06,1.994687230e-06,nan,nan,nan,nan
2988,74.7,2.495770698e-06,1.994687228e-06,nan,nan,nan,nan
2989,74.725,2.495770698e-06,1.994687233e-06,nan,nan,nan,nan
2990,74.75,2.495770699e-06,1.994687241e-06,nan,nan,nan,nan
2991,74.775,2.495770700e-06,1.994687245e-06,nan,nan,nan,nan
2992,74.8,2.495770702e-06,1.994687241e-06,nan,nan,nan,nan
2993,74.825,2.495770699e-06,1.994687233e-06,nan,nan,nan,nan
2994,74.85,2.495770693e-06,1.994687229e-06,nan,nan,nan,nan
2995,74.875,2.495770690e-06,1.994687232e-06,nan,nan,nan,nan
2996,74.9,2.495770692e-06,1.994687237e-06,nan,nan,nan,nan
2997,74.925,2.495770701e-06,1.994687240e-06,nan,nan,nan,nan
2998,74.95,2.495770708e-06,1.994687240e-06,nan,nan,nan,nan
2999,74.975,2.495770707e-06,1.994687238e-06,nan,nan,nan,nan
3000,75,2.495770697e-06,1.994687237e-06,nan,nan,2.278733e-13,3.227973e-13
3001,75.025,2.495770689e-06,1.994687237e-06,nan,nan,nan,nan
3002,75.05,2.495770689e-06,1.994687234e-06,nan,nan,nan,nan
3003,75.075,2.495770696e-06,1.994687232e-06,nan,nan,nan,nan
3004,75.1,2.495770704e-06,1.994687233e-06,nan,nan,nan,nan
3005,75.125,2.495770705e-06,1.994687239e-06,nan,nan,nan,nan
3006,75.15,2.495770701e-06,1.994687244e-06,nan,nan,nan,nan
3007,75.175,2.495770697e-06,1.994687243e-06,nan,nan,nan,nan
3008,75.2,2.495770695e-06,1.994687236e-06,nan,nan,nan,nan
3009,75.225,2.495770696e-06,1.994687228e-06,nan,nan,nan,nan
3010,75.25,2.495770696e-06,1.994687228e-06,nan,nan,nan,nan
3011,75.275,2.495770695e-06,1.994687235e-06,nan,nan,nan,nan
3012,75.3,2.495770699e-06,1.994687244e-06,nan,nan,nan,nan
3013,75.325,2.495770703e-06,1.994687245e-06,nan,nan,nan,nan
3014,75.35,2.495770704e-06,1.994687240e-06,nan,nan,nan,nan
3015,75.375,2.495770700e-06,1.994687232e-06,nan,nan,nan,nan
3016,75.4,2.495770692e-06,1.994687229e-06,nan,nan,nan,nan
3017,75.425,2.495770688e-06,1.994687232e-06,nan,nan,nan,nan
3018,75.45,2.495770692e-06,1.994687236e-06,nan,nan,nan,nan
3019,75.475,2.495770702e-06,1.994687238e-06,nan,nan,nan,nan
3020,75.5,2.495770708e-06,1.994687238e-06,nan,nan,2.295386e-13,3.128053e-13
3021,75.525,2.495770705e-06,1.994687239e-06,nan,nan,nan,nan
3022,75.55,2.495770698e-06,1.994687239e-06,nan,nan,nan,nan
3023,75.575,2.495770691e-06,1.994687238e-06,nan,nan,nan,nan
3024,75.6,2.495770692e-06,1.994687232e-06,nan,nan,nan,nan
3025,75.625,2.495770698e-06,1.994687229e-06,nan,nan,nan,nan
3026,75.65,2.495770701e-06,1.994687231e-06,nan,nan,nan,nan
3027,75.675,2.495770702e-06,1.994687238e-06,nan,nan,nan,nan
3028,75.7,2.495770699e-06,1.994687246e-06,nan,nan,nan,nan
3029,75.725,2.495770699e-06,1.994687244e-06,nan,nan,nan,nan
3030,75.75,2.495770698e-06,1.994687235e-06,nan,nan,nan,nan
3031,75.775,2.495770696e-06,1.994687226e-06,nan,nan,nan,nan
3032,75.8,2.495770694e-06,1.994687227e-06,nan,nan,nan,nan
3033,75.825,2.495770693e-06,1.994687235e-06,nan,nan,nan,nan
3034,75.85,2.495770698e-06,1.994687243e-06,nan,nan,nan,nan
3035,75.875,2.495770704e-06,1.994687243e-06,nan,nan,nan,nan
3036,75.9,2.495770706e-06,1.994687239e-06,nan,nan,nan,nan
3037,75.925,2.495770699e-06,1.994687233e-06,nan,nan,nan,nan
3038,75.95,2.495770691e-06,1.994687232e-06,nan,nan,nan,nan
3039,75.975,2.495770688e-06,1.994687234e-06,nan,nan,nan,nan
3040,76,2.495770694e-06,1.994687236e-06,nan,nan,2.244038e-13,3.147482e-13
3041,76.025,2.495770703e-06,1.994687237e-06,nan,nan,nan,nan
3042,76.05,2.495770708e-06,1.994687237e-06,nan,nan,nan,nan
3043,76.075,2.495770703e-06,1.994687240e-06,nan,nan,nan,nan
3044,76.1,2.495770696e-06,1.994687241e-06,nan,nan,nan,nan
3045,76.125,2.495770693e-06,1.994687238e-06,nan,nan,nan,nan
3046,76.15,2.495770693e-06,1.994687231e-06,nan,nan,nan,nan
3047,76.175,2.495770697e-06,1.994687226e-06,nan,nan,nan,nan
3048,76.2,2.495770699e-06,1.994687231e-06,nan,nan,nan,nan
3049,76.225,2.495770699e-06,1.994687241e-06,nan,nan,nan,nan
3050,76.25,2.495770699e-06,1.994687247e-06,nan,nan,nan,nan
3051,76.275,2.495770701e-06,1.994687243e-06,nan,nan,nan,nan
3052,76.3,2.495770700e-06,1.994687233e-06,nan,nan,nan,nan
3053,76.325,2.495770694e-06,1.994687226e-06,nan,nan,nan,nan
3054,76.35,2.495770690e-06,1.994687228e-06,nan,nan,nan,nan
3055,76.375,2.495770690e-06,1.994687237e-06,nan,nan,nan,nan
3056,76.4,2.495770698e-06,1.994687242e-06,nan,nan,nan,nan
3057,76.425,2.495770705e-06,1.994687241e-06,nan,nan,nan,nan
3058,76.45,2.495770705e-06,1.994687237e-06,nan,nan,nan,nan
3059,76.475,2.495770698e-06,1.994687233e-06,nan,nan,nan,nan
3060,76.5,2.495770689e-06,1.994687234e-06,nan,nan,2.367551e-13,3.169687e-13
3061,76.525,2.495770688e-06,1.994687233e-06,nan,nan,nan,nan
3062,76.55,2.495770695e-06,1.994687234e-06,nan,nan,nan,nan
3063,76.575,2.495770703e-06,1.994687234e-06,nan,nan,nan,nan
3064,76.6,2.495770705e-06,1.994687237e-06,nan,nan,nan,nan
3065,76.625,2.495770701e-06,1.994687242e-06,nan,nan,nan,nan
3066,76.65,2.495770696e-06,1.994687242e-06,nan,nan,nan,nan
3067,76.675,2.495770694e-06,1.994687236e-06,nan,nan,nan,nan
3068,76.7,2.495770695e-06,1.994687228e-06,nan,nan,nan,nan
3069,76.725,2.495770696e-06,1.994687225e-06,nan,nan,nan,nan
3070,76.75,2.495770697e-06,1.994687233e-06,nan,nan,nan,nan
3071,76.775,2.495770698e-06,1.994687243e-06,nan,nan,nan,nan
3072,76.8,2.495770700e-06,1.994687247e-06,nan,nan,nan,nan
3073,76.825,2.495770703e-06,1.994687241e-06,nan,nan,nan,nan
3074,76.85,2.495770700e-06,1.994687231e-06,nan,nan,nan,nan
3075,76.875,2.495770694e-06,1.994687227e-06,nan,nan,nan,nan
3076,76.9,2.495770689e-06,1.994687233e-06,nan,nan,nan,nan
3077,76.925,2.495770691e-06,1.994687240e-06,nan,nan,nan,nan
3078,76.95,2.495770700e-06,1.994687243e-06,nan,nan,nan,nan
3079,76.975,2.495770707e-06,1.994687241e-06,nan,nan,nan,nan
3080,77,2.495770705e-06,1.994687237e-06,nan,nan,2.378653e-13,3.133604e-13
3081,77.025,2.495770696e-06,1.994687237e-06,nan,nan,nan,nan
3082,77.05,2.495770689e-06,1.994687237e-06,nan,nan,nan,nan
3083,77.075,2.495770690e-06,1.994687236e-06,nan,nan,nan,nan
3084,77.1,2.495770697e-06,1.994687233e-06,nan,nan,nan,nan
3085,77.125,2.495770702e-06,1.994687232e-06,nan,nan,nan,nan
3086,77.15,2.495770703e-06,1.994687237e-06,nan,nan,nan,nan
3087,77.175,2.495770701e-06,1.994687242e-06,nan,nan,nan,nan
3088,77.2,2.495770699e-06,1.994687244e-06,nan,nan,nan,nan
3089,77.225,2.495770698e-06,1.994687237e-06,nan,nan,nan,nan
3090,77.25,2.495770696e-06,1.994687228e-06,nan,nan,nan,nan
3091,77.275,2.495770693e-06,1.994687227e-06,nan,nan,nan,nan
3092,77.3,2.495770693e-06,1.994687235e-06,nan,nan,nan,nan
3093,77.325,2.495770698e-06,1.994687243e-06,nan,nan,nan,nan
3094,77.35,2.495770705e-06,1.994687245e-06,nan,nan,nan,nan
3095,77.375,2.495770708e-06,1.994687240e-06,nan,nan,nan,nan
3096,77.4,2.495770702e-06,1.994687232e-06,nan,nan,nan,nan
3097,77.425,2.495770692e-06,1.994687229e-06,nan,nan,nan,nan
3098,77.45,2.495770686e-06,1.994687233e-06,nan,nan,nan,nan
3099,77.475,2.495770692e-06,1.994687236e-06,nan,nan,nan,nan
3100,77.5,2.495770703e-06,1.994687237e-06,nan,nan,2.377265e-13,3.164136e-13
3101,77.525,2.495770709e-06,1.994687236e-06,nan,nan,nan,nan
3102,77.55,2.495770706e-06,1.994687236e-06,nan,nan,nan,nan
3103,77.575,2.495770696e-06,1.994687238e-06,nan,nan,nan,nan
3104,77.6,2.495770690e-06,1.994687237e-06,nan,nan,nan,nan
3105,77.625,2.495770693e-06,1.994687233e-06,nan,nan,nan,nan
3106,77.65,2.495770698e-06,1.994687229e-06,nan,nan,nan,nan
3107,77.675,2.495770701e-06,1.994687233e-06,nan,nan,nan,nan
3108,77.7,2.495770700e-06,1.994687240e-06,nan,nan,nan,nan
3109,77.725,2.495770697e-06,1.994687245e-06,nan,nan,nan,nan
3110,77.75,2.495770698e-06,1.994687242e-06,nan,nan,nan,nan
3111,77.775,2.495770699e-06,1.994687233e-06,nan,nan,nan,nan
3112,77.8,2.495770697e-06,1.994687226e-06,nan,nan,nan,nan
3113,77.825,2.495770693e-06,1.994687229e-06,nan,nan,nan,nan
3114,77.85,2.495770691e-06,1.994687237e-06,nan,nan,nan,nan
3115,77.875,2.495770697e-06,1.994687244e-06,nan,nan,nan,nan
3116,77.9,2.495770706e-06,1.994687243e-06,nan,nan,nan,nan
3117,77.925,2.495770707e-06,1.994687237e-06,nan,nan,nan,nan
3118,77.95,2.495770701e-06,1.994687233e-06,nan,nan,nan,nan
3119,77.975,2.495770691e-06,1.994687233e-06,nan,nan,nan,nan
3120,78,2.495770688e-06,1.994687236e-06,nan,nan,2.473022e-13,3.169687e-13
3121,78.025,2.495770694e-06,1.994687238e-06,nan,nan,nan,nan
3122,78.05,2.495770703e-06,1.994687237e-06,nan,nan,nan,nan
3123,78.075,2.495770706e-06,1.994687237e-06,nan,nan,nan,nan
3124,78.1,2.495770700e-06,1.994687239e-06,nan,nan,nan,nan
3125,78.125,2.495770694e-06,1.994687241e-06,nan,nan,nan,nan
3126,78.15,2.495770693e-06,1.994687238e-06,nan,nan,nan,nan
3127,78.175,2.495770696e-06,1.994687232e-06,nan,nan,nan,nan
3128,78.2,2.495770699e-06,1.994687230e-06,nan,nan,nan,nan
3129,78.225,2.495770699e-06,1.994687233e-06,nan,nan,nan,nan
3130,78.25,2.495770698e-06,1.994687241e-06,nan,nan,nan,nan
3131,78.275,2.495770700e-06,1.994687246e-06,nan,nan,nan,nan
3132,78.3,2.495770702e-06,1.994687241e-06,nan,nan,nan,nan
3133,78.325,2.495770702e-06,1.994687233e-06,nan,nan,nan,nan
3134,78.35,2.495770696e-06,1.994687227e-06,nan,nan,nan,nan
3135,78.375,2.495770690e-06,1.994687229e-06,nan,nan,nan,nan
3136,78.4,2.495770691e-06,1.994687236e-06,nan,nan,nan,nan
3137,78.425,2.495770699e-06,1.994687241e-06,nan,nan,nan,nan
3138,78.45,2.495770707e-06,1.994687241e-06,nan,nan,nan,nan
3139,78.475,2.495770707e-06,1.994687238e-06,nan,nan,nan,nan
3140,78.5,2.495770698e-06,1.994687235e-06,nan,nan,2.518818e-13,3.169687e-13
3141,78.525,2.495770691e-06,1.994687234e-06,nan,nan,nan,nan
3142,78.55,2.495770690e-06,1.994687234e-06,nan,nan,nan,nan
3143,78.575,2.495770697e-06,1.994687233e-06,nan,nan,nan,nan
3144,78.6,2.495770704e-06,1.994687233e-06,nan,nan,nan,nan
3145,78.625,2.495770705e-06,1.994687236e-06,nan,nan,nan,nan
3146,78.65,2.495770700e-06,1.994687240e-06,nan,nan,nan,nan
3147,78.675,2.495770695e-06,1.994687240e-06,nan,nan,nan,nan
3148,78.7,2.495770695e-06,1.994687236e-06,nan,nan,nan,nan
3149,78.725,2.495770698e-06,1.994687230e-06,nan,nan,nan,nan
3150,78.75,2.495770699e-06,1.994687229e-06,nan,nan,nan,nan
3151,78.775,2.495770699e-06,1.994687234e-06,nan,nan,nan,nan
3152,78.8,2.495770698e-06,1.994687241e-06,nan,nan,nan,nan
3153,78.825,2.495770701e-06,1.994687243e-06,nan,nan,nan,nan
3154,78.85,2.495770702e-06,1.994687240e-06,nan,nan,nan,nan
3155,78.875,2.495770701e-06,1.994687235e-06,nan,nan,nan,nan
3156,78.9,2.495770693e-06,1.994687232e-06,nan,nan,nan,nan
3157,78.925,2.495770688e-06,1.994687233e-06,nan,nan,nan,nan
3158,78.95,2.495770691e-06,1.994687236e-06,nan,nan,nan,nan
3159,78.975,2.495770700e-06,1.994687239e-06,nan,nan,nan,nan
3160,79,2.495770706e-06,1.994687240e-06,nan,nan,2.499390e-13,3.236300e-13
3161,79.025,2.495770705e-06,1.994687240e-06,nan,nan,nan,nan
3162,79.05,2.495770697e-06,1.994687239e-06,nan,nan,nan,nan
3163,79.075,2.495770690e-06,1.994687235e-06,nan,nan,nan,nan
3164,79.1,2.495770691e-06,1.994687233e-06,nan,nan,nan,nan
3165,79.125,2.495770696e-06,1.994687232e-06,nan,nan,nan,nan
3166,79.15,2.495770702e-06,1.994687234e-06,nan,nan,nan,nan
3167,79.175,2.495770703e-06,1.994687239e-06,nan,nan,nan,nan
3168,79.2,2.495770702e-06,1.994687242e-06,nan,nan,nan,nan
3169,79.225,2.495770699e-06,1.994687239e-06,nan,nan,nan,nan
3170,79.25,2.495770698e-06,1.994687233e-06,nan,nan,nan,nan
3171,79.275,2.495770696e-06,1.994687231e-06,nan,nan,nan,nan
3172,79.3,2.495770695e-06,1.994687232e-06,nan,nan,nan,nan
3173,79.325,2.495770694e-06,1.994687236e-06,nan,nan,nan,nan
3174,79.35,2.495770700e-06,1.994687239e-06,nan,nan,nan,nan
3175,79.375,2.495770704e-06,1.994687238e-06,nan,nan,nan,nan
3176,79.4,2.495770704e-06,1.994687237e-06,nan,nan,nan,nan
3177,79.425,2.495770699e-06,1.994687234e-06,nan,nan,nan,nan
3178,79.45,2.495770692e-06,1.994687233e-06,nan,nan,nan,nan
3179,79.475,2.495770689e-06,1.994687232e-06,nan,nan,nan,nan
3180,79.5,2.495770693e-06,1.994687232e-06,nan,nan,2.516043e-13,3.236300e-13
3181,79.525,2.495770700e-06,1.994687235e-06,nan,nan,nan,nan
3182,79.55,2.495770704e-06,1.994687239e-06,nan,nan,nan,nan
3183,79.575,2.495770702e-06,1.994687242e-06,nan,nan,nan,nan
3184,79.6,2.495770697e-06,1.994687239e-06,nan,nan,nan,nan
3185,79.625,2.495770694e-06,1.994687233e-06,nan,nan,nan,nan
3186,79.65,2.495770694e-06,1.994687228e-06,nan,nan,nan,nan
3187,79.675,2.495770696e-06,1.994687230e-06,nan,nan,nan,nan
3188,79.7,2.495770697e-06,1.994687237e-06,nan,nan,nan,nan
3189,79.725,2.495770700e-06,1.994687243e-06,nan,nan,nan,nan
3190,79.75,2.495770701e-06,1.994687242e-06,nan,nan,nan,nan
3191,79.775,2.495770701e-06,1.994687236e-06,nan,nan,nan,nan
3192,79.8,2.495770700e-06,1.994687231e-06,nan,nan,nan,nan
3193,79.825,2.495770695e-06,1.994687231e-06,nan,nan,nan,nan
3194,79.85,2.495770693e-06,1.994687235e-06,nan,nan,nan,nan
3195,79.875,2.495770695e-06,1.994687239e-06,nan,nan,nan,nan
3196,79.9,2.495770700e-06,1.994687238e-06,nan,nan,nan,nan
3197,79.925,2.495770703e-06,1.994687237e-06,nan,nan,nan,nan
3198,79.95,2.495770702e-06,1.994687237e-06,nan,nan,nan,nan
3199,79.975,2.495770696e-06,1.994687238e-06,nan,nan,nan,nan
3200,80,2.495770693e-06,1.994687237e-06,nan,nan,2.522982e-13,3.264056e-13
3201,80.025,2.495770693e-06,1.994687234e-06,nan,nan,nan,nan
3202,80.05,2.495770697e-06,1.994687231e-06,nan,nan,nan,nan
3203,80.075,2.495770701e-06,1.994687233e-06,nan,nan,nan,nan
3204,80.1,2.495770701e-06,1.994687240e-06,nan,nan,nan,nan
3205,80.125,2.495770701e-06,1.994687245e-06,nan,nan,nan,nan
3206,80.15,2.495770699e-06,1.994687243e-06,nan,nan,nan,nan
3207,80.175,2.495770697e-06,1.994687235e-06,nan,nan,nan,nan
3208,80.2,2.495770694e-06,1.994687228e-06,nan,nan,nan,nan
3209,80.225,2.495770692e-06,1.994687230e-06,nan,nan,nan,nan
3210,80.25,2.495770694e-06,1.994687236e-06,nan,nan,nan,nan
3211,80.275,2.495770699e-06,1.994687241e-06,nan,nan,nan,nan
3212,80.3,2.495770706e-06,1.994687240e-06,nan,nan,nan,nan
3213,80.325,2.495770705e-06,1.994687235e-06,nan,nan,nan,nan
3214,80.35,2.495770698e-06,1.994687232e-06,nan,nan,nan,nan
3215,80.375,2.495770690e-06,1.994687234e-06,nan,nan,nan,nan
3216,80.4,2.495770690e-06,1.994687237e-06,nan,nan,nan,nan
3217,80.425,2.495770697e-06,1.994687238e-06,nan,nan,nan,nan
3218,80.45,2.495770706e-06,1.994687236e-06,nan,nan,nan,nan
3219,80.475,2.495770706e-06,1.994687235e-06,nan,nan,nan,nan
3220,80.5,2.495770700e-06,1.994687237e-06,nan,nan,2.477185e-13,3.275158e-13
3221,80.525,2.495770693e-06,1.994687239e-06,nan,nan,nan,nan
3222,80.55,2.495770691e-06,1.994687237e-06,nan,nan,nan,nan
3223,80.575,2.495770694e-06,1.994687232e-06,nan,nan,nan,nan
3224,80.6,2.495770698e-06,1.994687230e-06,nan,nan,nan,nan
3225,80.625,2.495770701e-06,1.994687234e-06,nan,nan,nan,nan
3226,80.65,2.495770700e-06,1.994687240e-06,nan,nan,nan,nan
3227,80.675,2.495770700e-06,1.994687244e-06,nan,nan,nan,nan
3228,80.7,2.495770702e-06,1.994687241e-06,nan,nan,nan,nan
3229,80.725,2.495770701e-06,1.994687233e-06,nan,nan,nan,nan
3230,80.75,2.495770697e-06,1.994687229e-06,nan,nan,nan,nan
3231,80.775,2.495770692e-06,1.994687233e-06,nan,nan,nan,nan
3232,80.8,2.495770693e-06,1.994687240e-06,nan,nan,nan,nan
3233,80.825,2.495770701e-06,1.994687243e-06,nan,nan,nan,nan
3234,80.85,2.495770706e-06,1.994687239e-06,nan,nan,nan,nan
3235,80.875,2.495770705e-06,1.994687234e-06,nan,nan,nan,nan
3236,80.9,2.495770697e-06,1.994687233e-06,nan,nan,nan,nan
3237,80.925,2.495770690e-06,1.994687236e-06,nan,nan,nan,nan
3238,80.95,2.495770689e-06,1.994687238e-06,nan,nan,nan,nan
3239,80.975,2.495770698e-06,1.994687237e-06,nan,nan,nan,nan
3240,81,2.495770705e-06,1.994687234e-06,nan,nan,2.507716e-13,3.305689e-13
3241,81.025,2.495770705e-06,1.994687234e-06,nan,nan,nan,nan
3242,81.05,2.495770699e-06,1.994687238e-06,nan,nan,nan,nan
3243,81.075,2.495770695e-06,1.994687241e-06,nan,nan,nan,nan
3244,81.1,2.495770695e-06,1.994687239e-06,nan,nan,nan,nan
3245,81.125,2.495770697e-06,1.994687232e-06,nan,nan,nan,nan
3246,81.15,2.495770698e-06,1.994687229e-06,nan,nan,nan,nan
3247,81.175,2.495770697e-06,1.994687233e-06,nan,nan,nan,nan
3248,81.2,2.495770696e-06,1.994687241e-06,nan,nan,nan,nan
3249,81.225,2.495770700e-06,1.994687244e-06,nan,nan,nan,nan
3250,81.25,2.495770703e-06,1.994687238e-06,nan,nan,nan,nan
3251,81.275,2.495770701e-06,1.994687230e-06,nan,nan,nan,nan
3252,81.3,2.495770695e-06,1.994687227e-06,nan,nan,nan,nan
3253,81.325,2.495770691e-06,1.994687232e-06,nan,nan,nan,nan
3254,81.35,2.495770693e-06,1.994687240e-06,nan,nan,nan,nan
3255,81.375,2.495770701e-06,1.994687241e-06,nan,nan,nan,nan
3256,81.4,2.495770706e-06,1.994687238e-06,nan,nan,nan,nan
3257,81.425,2.495770702e-06,1.994687233e-06,nan,nan,nan,nan
3258,81.45,2.495770693e-06,1.994687232e-06,nan,nan,nan,nan
3259,81.475,2.495770688e-06,1.994687236e-06,nan,nan,nan,nan
3260,81.5,2.495770692e-06,1.994687238e-06,nan,nan,2.489155e-13,3.341771e-13
3261,81.525,2.495770700e-06,1.994687235e-06,nan,nan,nan,nan
3262,81.55,2.495770704e-06,1.994687233e-06,nan,nan,nan,nan
3263,81.575,2.495770701e-06,1.994687234e-06,nan,nan,nan,nan
3264,81.6,2.495770694e-06,1.994687238e-06,nan,nan,nan,nan
3265,81.625,2.495770692e-06,1.994687241e-06,nan,nan,nan,nan
3266,81.65,2.495770696e-06,1.994687238e-06,nan,nan,nan,nan
3267,81.675,2.495770700e-06,1.994687232e-06,nan,nan,nan,nan
3268,81.7,2.495770700e-06,1.994687230e-06,nan,nan,nan,nan
3269,81.725,2.495770698e-06,1.994687233e-06,nan,nan,nan,nan
3270,81.75,2.495770696e-06,1.994687241e-06,nan,nan,nan,nan
3271,81.775,2.495770700e-06,1.994687243e-06,nan,nan,nan,nan
3272,81.8,2.495770702e-06,1.994687238e-06,nan,nan,nan,nan
3273,81.825,2.495770701e-06,1.994687231e-06,nan,nan,nan,nan
3274,81.85,2.495770694e-06,1.994687231e-06,nan,nan,nan,nan
3275,81.875,2.495770690e-06,1.994687234e-06,nan,nan,nan,nan
3276,81.9,2.495770694e-06,1.994687240e-06,nan,nan,nan,nan
3277,81.925,2.495770704e-06,1.994687240e-06,nan,nan,nan,nan
3278,81.95,2.495770708e-06,1.994687236e-06,nan,nan,nan,nan
3279,81.975,2.495770702e-06,1.994687234e-06,nan,nan,nan,nan
3280,82,2.495770693e-06,1.994687236e-06,nan,nan,2.482736e-13,3.386180e-13
3281,82.025,2.495770688e-06,1.994687239e-06,nan,nan,nan,nan
3282,82.05,2.495770692e-06,1.994687240e-06,nan,nan,nan,nan
3283,82.075,2.495770701e-06,1.994687236e-06,nan,nan,nan,nan
3284,82.1,2.495770704e-06,1.994687233e-06,nan,nan,nan,nan
3285,82.125,2.495770701e-06,1.994687234e-06,nan,nan,nan,nan
3286,82.15,2.495770696e-06,1.994687238e-06,nan,nan,nan,nan
3287,82.175,2.495770694e-06,1.994687239e-06,nan,nan,nan,nan
3288,82.2,2.495770696e-06,1.994687236e-06,nan,nan,nan,nan
3289,82.225,2.495770699e-06,1.994687232e-06,nan,nan,nan,nan
3290,82.25,2.495770698e-06,1.994687231e-06,nan,nan,nan,nan
3291,82.275,2.495770695e-06,1.994687237e-06,nan,nan,nan,nan
3292,82.3,2.495770697e-06,1.994687242e-06,nan,nan,nan,nan
3293,82.325,2.495770701e-06,1.994687243e-06,nan,nan,nan,nan
3294,82.35,2.495770704e-06,1.994687236e-06,nan,nan,nan,nan
3295,82.375,2.495770700e-06,1.994687229e-06,nan,nan,nan,nan
3296,82.4,2.495770693e-06,1.994687229e-06,nan,nan,nan,nan
3297,82.425,2.495770690e-06,1.994687236e-06,nan,nan,nan,nan
3298,82.45,2.495770694e-06,1.994687241e-06,nan,nan,nan,nan
3299,82.475,2.495770702e-06,1.994687241e-06,nan,nan,nan,nan
3300,82.5,2.495770706e-06,1.994687236e-06,nan,nan,2.544666e-13,3.427814e-13
3301,82.525,2.495770701e-06,1.994687232e-06,nan,nan,nan,nan
3302,82.55,2.495770694e-06,1.994687234e-06,nan,nan,nan,nan
3303,82.575,2.495770691e-06,1.994687237e-06,nan,nan,nan,nan
3304,82.6,2.495770696e-06,1.994687238e-06,nan,nan,nan,nan
3305,82.625,2.495770702e-06,1.994687236e-06,nan,nan,nan,nan
3306,82.65,2.495770702e-06,1.994687234e-06,nan,nan,nan,nan
3307,82.675,2.495770698e-06,1.994687235e-06,nan,nan,nan,nan
3308,82.7,2.495770694e-06,1.994687238e-06,nan,nan,nan,nan
3309,82.725,2.495770696e-06,1.994687240e-06,nan,nan,nan,nan
3310,82.75,2.495770699e-06,1.994687236e-06,nan,nan,nan,nan
3311,82.775,2.495770699e-06,1.994687231e-06,nan,nan,nan,nan
3312,82.8,2.495770698e-06,1.994687231e-06,nan,nan,nan,nan
3313,82.825,2.495770695e-06,1.994687236e-06,nan,nan,nan,nan
3314,82.85,2.495770697e-06,1.994687241e-06,nan,nan,nan,nan
3315,82.875,2.495770703e-06,1.994687242e-06,nan,nan,nan,nan
3316,82.9,2.495770704e-06,1.994687237e-06,nan,nan,nan,nan
3317,82.925,2.495770699e-06,1.994687232e-06,nan,nan,nan,nan
3318,82.95,2.495770692e-06,1.994687231e-06,nan,nan,nan,nan
3319,82.975,2.495770690e-06,1.994687235e-06,nan,nan,nan,nan
3320,83,2.495770696e-06,1.994687240e-06,nan,nan,2.529921e-13,3.491651e-13
3321,83.025,2.495770703e-06,1.994687241e-06,nan,nan,nan,nan
3322,83.05,2.495770705e-06,1.994687237e-06,nan,nan,nan,nan
3323,83.075,2.495770699e-06,1.994687235e-06,nan,nan,nan,nan
3324,83.1,2.495770691e-06,1.994687234e-06,nan,nan,nan,nan
3325,83.125,2.495770690e-06,1.994687237e-06,nan,nan,nan,nan
3326,83.15,2.495770695e-06,1.994687239e-06,nan,nan,nan,nan
3327,83.175,2.495770702e-06,1.994687238e-06,nan,nan,nan,nan
3328,83.2,2.495770702e-06,1.994687236e-06,nan,nan,nan,nan
3329,83.225,2.495770699e-06,1.994687235e-06,nan,nan,nan,nan
3330,83.25,2.495770695e-06,1.994687236e-06,nan,nan,nan,nan
3331,83.275,2.495770696e-06,1.994687236e-06,nan,nan,nan,nan
3332,83.3,2.495770698e-06,1.994687234e-06,nan,nan,nan,nan
3333,83.325,2.495770698e-06,1.994687232e-06,nan,nan,nan,nan
3334,83.35,2.495770697e-06,1.994687232e-06,nan,nan,nan,nan
3335,83.375,2.495770697e-06,1.994687236e-06,nan,nan,nan,nan
3336,83.4,2.495770698e-06,1.994687241e-06,nan,nan,nan,nan
3337,83.425,2.495770701e-06,1.994687242e-06,nan,nan,nan,nan
3338,83.45,2.495770702e-06,1.994687238e-06,nan,nan,nan,nan
3339,83.475,2.495770698e-06,1.994687232e-06,nan,nan,nan,nan
3340,83.5,2.495770693e-06,1.994687228e-06,nan,nan,2.499390e-13,3.541611e-13
3341,83.525,2.495770693e-06,1.994687232e-06,nan,nan,nan,nan
3342,83.55,2.495770696e-06,1.994687238e-06,nan,nan,nan,nan
3343,83.575,2.495770701e-06,1.994687241e-06,nan,nan,nan,nan
3344,83.6,2.495770702e-06,1.994687240e-06,nan,nan,nan,nan
3345,83.625,2.495770698e-06,1.994687235e-06,nan,nan,nan,nan
3346,83.65,2.495770694e-06,1.994687231e-06,nan,nan,nan,nan
3347,83.675,2.495770693e-06,1.994687233e-06,nan,nan,nan,nan
3348,83.7,2.495770697e-06,1.994687236e-06,nan,nan,nan,nan
3349,83.725,2.495770701e-06,1.994687238e-06,nan,nan,nan,nan
3350,83.75,2.495770702e-06,1.994687238e-06,nan,nan,nan,nan
3351,83.775,2.495770700e-06,1.994687235e-06,nan,nan,nan,nan
3352,83.8,2.495770697e-06,1.994687235e-06,nan,nan,nan,nan
3353,83.825,2.495770695e-06,1.994687237e-06,nan,nan,nan,nan
3354,83.85,2.495770696e-06,1.994687239e-06,nan,nan,nan,nan
3355,83.875,2.495770696e-06,1.994687237e-06,nan,nan,nan,nan
3356,83.9,2.495770697e-06,1.994687234e-06,nan,nan,nan,nan
3357,83.925,2.495770698e-06,1.994687233e-06,nan,nan,nan,nan
3358,83.95,2.495770700e-06,1.994687237e-06,nan,nan,nan,nan
3359,83.975,2.495770700e-06,1.994687240e-06,nan,nan,nan,nan
3360,84,2.495770699e-06,1.994687240e-06,nan,nan,2.476665e-13,3.536060e-13
3361,84.025,2.495770697e-06,1.994687236e-06,nan,nan,nan,nan
3362,84.05,2.495770694e-06,1.994687231e-06,nan,nan,nan,nan
3363,84.075,2.495770695e-06,1.994687232e-06,nan,nan,nan,nan
3364,84.1,2.495770697e-06,1.994687237e-06,nan,nan,nan,nan
3365,84.125,2.495770701e-06,1.994687242e-06,nan,nan,nan,nan
3366,84.15,2.495770702e-06,1.994687240e-06,nan,nan,nan,nan
3367,84.175,2.495770701e-06,1.994687235e-06,nan,nan,nan,nan
3368,84.2,2.495770696e-06,1.994687231e-06,nan,nan,nan,nan
3369,84.225,2.495770692e-06,1.994687233e-06,nan,nan,nan,nan
3370,84.25,2.495770693e-06,1.994687238e-06,nan,nan,nan,nan
3371,84.275,2.495770697e-06,1.994687241e-06,nan,nan,nan,nan
3372,84.3,2.495770702e-06,1.994687238e-06,nan,nan,nan,nan
3373,84.325,2.495770703e-06,1.994687234e-06,nan,nan,nan,nan
3374,84.35,2.495770702e-06,1.994687234e-06,nan,nan,nan,nan
3375,84.375,2.495770697e-06,1.994687237e-06,nan,nan,nan,nan
3376,84.4,2.495770694e-06,1.994687240e-06,nan,nan,nan,nan
3377,84.425,2.495770694e-06,1.994687237e-06,nan,nan,nan,nan
3378,84.45,2.495770699e-06,1.994687232e-06,nan,nan,nan,nan
3379,84.475,2.495770701e-06,1.994687231e-06,nan,nan,nan,nan
3380,84.5,2.495770700e-06,1.994687236e-06,nan,nan,2.518298e-13,3.647083e-13
3381,84.525,2.495770699e-06,1.994687240e-06,nan,nan,nan,nan
3382,84.55,2.495770698e-06,1.994687240e-06,nan,nan,nan,nan
3383,84.575,2.495770698e-06,1.994687234e-06,nan,nan,nan,nan
3384,84.6,2.495770697e-06,1.994687229e-06,nan,nan,nan,nan
3385,84.625,2.495770697e-06,1.994687232e-06,nan,nan,nan,nan
3386,84.65,2.495770698e-06,1.994687239e-06,nan,nan,nan,nan
3387,84.675,2.495770698e-06,1.994687243e-06,nan,nan,nan,nan
3388,84.7,2.495770700e-06,1.994687238e-06,nan,nan,nan,nan
3389,84.725,2.495770701e-06,1.994687231e-06,nan,nan,nan,nan
3390,84.75,2.495770698e-06,1.994687229e-06,nan,nan,nan,nan
3391,84.775,2.495770694e-06,1.994687235e-06,nan,nan,nan,nan
3392,84.8,2.495770692e-06,1.994687243e-06,nan,nan,nan,nan
3393,84.825,2.495770695e-06,1.994687244e-06,nan,nan,nan,nan
3394,84.85,2.495770701e-06,1.994687237e-06,nan,nan,nan,nan
3395,84.875,2.495770703e-06,1.994687231e-06,nan,nan,nan,nan
3396,84.9,2.495770701e-06,1.994687232e-06,nan,nan,nan,nan
3397,84.925,2.495770696e-06,1.994687239e-06,nan,nan,nan,nan
3398,84.95,2.495770693e-06,1.994687243e-06,nan,nan,nan,nan
3399,84.975,2.495770696e-06,1.994687240e-06,nan,nan,nan,nan
3400,85,2.495770699e-06,1.994687234e-06,nan,nan,2.509971e-13,3.708145e-13
3401,85.025,2.495770701e-06,1.994687230e-06,nan,nan,nan,nan
3402,85.05,2.495770700e-06,1.994687234e-06,nan,nan,nan,nan
3403,85.075,2.495770698e-06,1.994687240e-06,nan,nan,nan,nan
3404,85.1,2.495770698e-06,1.994687240e-06,nan,nan,nan,nan
3405,85.125,2.495770699e-06,1.994687235e-06,nan,nan,nan,nan
3406,85.15,2.495770698e-06,1.994687229e-06,nan,nan,nan,nan
3407,85.175,2.495770696e-06,1.994687232e-06,nan,nan,nan,nan
3408,85.2,2.495770696e-06,1.994687240e-06,nan,nan,nan,nan
3409,85.225,2.495770697e-06,1.994687243e-06,nan,nan,nan,nan
3410,85.25,2.495770701e-06,1.994687239e-06,nan,nan,nan,nan
3411,85.275,2.495770702e-06,1.994687231e-06,nan,nan,nan,nan
3412,85.3,2.495770697e-06,1.994687229e-06,nan,nan,nan,nan
3413,85.325,2.495770691e-06,1.994687235e-06,nan,nan,nan,nan
3414,85.35,2.495770690e-06,1.994687241e-06,nan,nan,nan,nan
3415,85.375,2.495770697e-06,1.994687241e-06,nan,nan,nan,nan
3416,85.4,2.495770705e-06,1.994687234e-06,nan,nan,nan,nan
3417,85.425,2.495770705e-06,1.994687229e-06,nan,nan,nan,nan
3418,85.45,2.495770698e-06,1.994687231e-06,nan,nan,nan,nan
3419,85.475,2.495770690e-06,1.994687239e-06,nan,nan,nan,nan
3420,85.5,2.495770690e-06,1.994687242e-06,nan,nan,2.482736e-13,3.669287e-13
3421,85.525,2.495770698e-06,1.994687238e-06,nan,nan,nan,nan
3422,85.55,2.495770704e-06,1.994687231e-06,nan,nan,nan,nan
3423,85.575,2.495770703e-06,1.994687229e-06,nan,nan,nan,nan
3424,85.6,2.495770696e-06,1.994687236e-06,nan,nan,nan,nan
3425,85.625,2.495770693e-06,1.994687242e-06,nan,nan,nan,nan
3426,85.65,2.495770695e-06,1.994687243e-06,nan,nan,nan,nan
3427,85.675,2.495770699e-06,1.994687236e-06,nan,nan,nan,nan
3428,85.7,2.495770699e-06,1.994687231e-06,nan,nan,nan,nan
3429,85.725,2.495770696e-06,1.994687233e-06,nan,nan,nan,nan
3430,85.75,2.495770694e-06,1.994687239e-06,nan,nan,nan,nan
3431,85.775,2.495770697e-06,1.994687242e-06,nan,nan,nan,nan
3432,85.8,2.495770703e-06,1.994687237e-06,nan,nan,nan,nan
3433,85.825,2.495770702e-06,1.994687231e-06,nan,nan,nan,nan
3434,85.85,2.495770696e-06,1.994687230e-06,nan,nan,nan,nan
3435,85.875,2.495770689e-06,1.994687238e-06,nan,nan,nan,nan
3436,85.9,2.495770691e-06,1.994687244e-06,nan,nan,nan,nan
3437,85.925,2.495770700e-06,1.994687243e-06,nan,nan,nan,nan
3438,85.95,2.495770708e-06,1.994687235e-06,nan,nan,nan,nan
3439,85.975,2.495770706e-06,1.994687229e-06,nan,nan,nan,nan
3440,86,2.495770697e-06,1.994687231e-06,nan,nan,2.475277e-13,3.674838e-13
3441,86.025,2.495770689e-06,1.994687238e-06,nan,nan,nan,nan
3442,86.05,2.495770692e-06,1.994687242e-06,nan,nan,nan,nan
3443,86.075,2.495770699e-06,1.994687239e-06,nan,nan,nan,nan
3444,86.1,2.495770704e-06,1.994687233e-06,nan,nan,nan,nan
3445,86.125,2.495770702e-06,1.994687230e-06,nan,nan,nan,nan
3446,86.15,2.495770695e-06,1.994687235e-06,nan,nan,nan,nan
3447,86.175,2.495770693e-06,1.994687240e-06,nan,nan,nan,nan
3448,86.2,2.495770698e-06,1.994687241e-06,nan,nan,nan,nan
3449,86.225,2.495770701e-06,1.994687236e-06,nan,nan,nan,nan
3450,86.25,2.495770699e-06,1.994687231e-06,nan,nan,nan,nan
3451,86.275,2.495770695e-06,1.994687232e-06,nan,nan,nan,nan
3452,86.3,2.495770693e-06,1.994687237e-06,nan,nan,nan,nan
3453,86.325,2.495770698e-06,1.994687241e-06,nan,nan,nan,nan
3454,86.35,2.495770703e-06,1.994687237e-06,nan,nan,nan,nan
3455,86.375,2.495770701e-06,1.994687232e-06,nan,nan,nan,nan
3456,86.4,2.495770694e-06,1.994687231e-06,nan,nan,nan,nan
3457,86.425,2.495770689e-06,1.994687236e-06,nan,nan,nan,nan
3458,86.45,2.495770691e-06,1.994687241e-06,nan,nan,nan,nan
3459,86.475,2.495770701e-06,1.994687241e-06,nan,nan,nan,nan
3460,86.5,2.495770708e-06,1.994687236e-06,nan,nan,2.556289e-13,3.669287e-13
3461,86.525,2.495770703e-06,1.994687230e-06,nan,nan,nan,nan
3462,86.55,2.495770693e-06,1.994687231e-06,nan,nan,nan,nan
3463,86.575,2.495770688e-06,1.994687237e-06,nan,nan,nan,nan
3464,86.6,2.495770693e-06,1.994687242e-06,nan,nan,nan,nan
3465,86.625,2.495770702e-06,1.994687239e-06,nan,nan,nan,nan
3466,86.65,2.495770706e-06,1.994687234e-06,nan,nan,nan,nan
3467,86.675,2.495770701e-06,1.994687230e-06,nan,nan,nan,nan
3468,86.7,2.495770695e-06,1.994687233e-06,nan,nan,nan,nan
3469,86.725,2.495770694e-06,1.994687239e-06,nan,nan,nan,nan
3470,86.75,2.495770699e-06,1.994687241e-06,nan,nan,nan,nan
3471,86.775,2.495770702e-06,1.994687238e-06,nan,nan,nan,nan
3472,86.8,2.495770699e-06,1.994687234e-06,nan,nan,nan,nan
3473,86.825,2.495770694e-06,1.994687235e-06,nan,nan,nan,nan
3474,86.85,2.495770694e-06,1.994687238e-06,nan,nan,nan,nan
3475,86.875,2.495770700e-06,1.994687241e-06,nan,nan,nan,nan
3476,86.9,2.495770703e-06,1.994687238e-06,nan,nan,nan,nan
3477,86.925,2.495770701e-06,1.994687234e-06,nan,nan,nan,nan
3478,86.95,2.495770694e-06,1.994687231e-06,nan,nan,nan,nan
3479,86.975,2.495770690e-06,1.994687234e-06,nan,nan,nan,nan
3480,87,2.495770694e-06,1.994687240e-06,nan,nan,2.625677e-13,3.752554e-13
3481,87.025,2.495770701e-06,1.994687242e-06,nan,nan,nan,nan
3482,87.05,2.495770706e-06,1.994687237e-06,nan,nan,nan,nan
3483,87.075,2.495770702e-06,1.994687231e-06,nan,nan,nan,nan
3484,87.1,2.495770695e-06,1.994687231e-06,nan,nan,nan,nan
3485,87.125,2.495770693e-06,1.994687237e-06,nan,nan,nan,nan
3486,87.15,2.495770696e-06,1.994687240e-06,nan,nan,nan,nan
3487,87.175,2.495770703e-06,1.994687240e-06,nan,nan,nan,nan
3488,87.2,2.495770704e-06,1.994687234e-06,nan,nan,nan,nan
3489,87.225,2.495770699e-06,1.994687231e-06,nan,nan,nan,nan
3490,87.25,2.495770695e-06,1.994687233e-06,nan,nan,nan,nan
3491,87.275,2.495770693e-06,1.994687239e-06,nan,nan,nan,nan
3492,87.3,2.495770696e-06,1.994687240e-06,nan,nan,nan,nan
3493,87.325,2.495770699e-06,1.994687236e-06,nan,nan,nan,nan
3494,87.35,2.495770698e-06,1.994687233e-06,nan,nan,nan,nan
3495,87.375,2.495770697e-06,1.994687233e-06,nan,nan,nan,nan
3496,87.4,2.495770697e-06,1.994687238e-06,nan,nan,nan,nan
3497,87.425,2.495770699e-06,1.994687242e-06,nan,nan,nan,nan
3498,87.45,2.495770699e-06,1.994687238e-06,nan,nan,nan,nan
3499,87.475,2.495770697e-06,1.994687231e-06,nan,nan,nan,nan
3500,87.5,2.495770695e-06,1.994687228e-06,nan,nan,2.600697e-13,3.808065e-13
3501,87.525,2.495770694e-06,1.994687233e-06,nan,nan,nan,nan
3502,87.55,2.495770698e-06,1.994687241e-06,nan,nan,nan,nan
3503,87.575,2.495770702e-06,1.994687242e-06,nan,nan,nan,nan
3504,87.6,2.495770703e-06,1.994687236e-06,nan,nan,nan,nan
3505,87.625,2.495770700e-06,1.994687228e-06,nan,nan,nan,nan
3506,87.65,2.495770697e-06,1.994687229e-06,nan,nan,nan,nan
3507,87.675,2.495770695e-06,1.994687236e-06,nan,nan,nan,nan
3508,87.7,2.495770698e-06,1.994687242e-06,nan,nan,nan,nan
3509,87.725,2.495770700e-06,1.994687242e-06,nan,nan,nan,nan
3510,87.75,2.495770699e-06,1.994687236e-06,nan,nan,nan,nan
3511,87.775,2.495770697e-06,1.994687232e-06,nan,nan,nan,nan
3512,87.8,2.495770696e-06,1.994687234e-06,nan,nan,nan,nan
3513,87.825,2.495770696e-06,1.994687239e-06,nan,nan,nan,nan
3514,87.85,2.495770698e-06,1.994687242e-06,nan,nan,nan,nan
3515,87.875,2.495770698e-06,1.994687237e-06,nan,nan,nan,nan
3516,87.9,2.495770697e-06,1.994687233e-06,nan,nan,nan,nan
3517,87.925,2.495770696e-06,1.994687233e-06,nan,nan,nan,nan
3518,87.95,2.495770697e-06,1.994687238e-06,nan,nan,nan,nan
3519,87.975,2.495770699e-06,1.994687243e-06,nan,nan,nan,nan
3520,88,2.495770701e-06,1.994687241e-06,nan,nan,2.552125e-13,3.896883e-13
3521,88.025,2.495770700e-06,1.994687234e-06,nan,nan,nan,nan
3522,88.05,2.495770697e-06,1.994687230e-06,nan,nan,nan,nan
3523,88.075,2.495770696e-06,1.994687233e-06,nan,nan,nan,nan
3524,88.1,2.495770697e-06,1.994687241e-06,nan,nan,nan,nan
3525,88.125,2.495770700e-06,1.994687243e-06,nan,nan,nan,nan
3526,88.15,2.495770701e-06,1.994687239e-06,nan,nan,nan,nan
3527,88.175,2.495770698e-06,1.994687232e-06,nan,nan,nan,nan
3528,88.2,2.495770695e-06,1.994687231e-06,nan,nan,nan,nan
3529,88.225,2.495770694e-06,1.994687236e-06,nan,nan,nan,nan
3530,88.25,2.495770696e-06,1.994687242e-06,nan,nan,nan,nan
3531,88.275,2.495770700e-06,1.994687241e-06,nan,nan,nan,nan
3532,88.3,2.495770701e-06,1.994687233e-06,nan,nan,nan,nan
3533,88.325,2.495770700e-06,1.994687229e-06,nan,nan,nan,nan
3534,88.35,2.495770697e-06,1.994687231e-06,nan,nan,nan,nan
3535,88.375,2.495770694e-06,1.994687238e-06,nan,nan,nan,nan
3536,88.4,2.495770696e-06,1.994687243e-06,nan,nan,nan,nan
3537,88.425,2.495770698e-06,1.994687239e-06,nan,nan,nan,nan
3538,88.45,2.495770700e-06,1.994687233e-06,nan,nan,nan,nan
3539,88.475,2.495770699e-06,1.994687231e-06,nan,nan,nan,nan
3540,88.5,2.495770698e-06,1.994687235e-06,nan,nan,2.589595e-13,3.863576e-13
3541,88.525,2.495770697e-06,1.994687239e-06,nan,nan,nan,nan
3542,88.55,2.495770698e-06,1.994687237e-06,nan,nan,nan,nan
3543,88.575,2.495770699e-06,1.994687232e-06,nan,nan,nan,nan
3544,88.6,2.495770697e-06,1.994687230e-06,nan,nan,nan,nan
3545,88.625,2.495770696e-06,1.994687235e-06,nan,nan,nan,nan
3546,88.65,2.495770696e-06,1.994687243e-06,nan,nan,nan,nan
3547,88.675,2.495770698e-06,1.994687244e-06,nan,nan,nan,nan
3548,88.7,2.495770701e-06,1.994687237e-06,nan,nan,nan,nan
3549,88.725,2.495770702e-06,1.994687228e-06,nan,nan,nan,nan
3550,88.75,2.495770700e-06,1.994687228e-06,nan,nan,nan,nan
3551,88.775,2.495770696e-06,1.994687236e-06,nan,nan,nan,nan
3552,88.8,2.495770694e-06,1.994687244e-06,nan,nan,nan,nan
3553,88.825,2.495770696e-06,1.994687244e-06,nan,nan,nan,nan
3554,88.85,2.495770698e-06,1.994687236e-06,nan,nan,nan,nan
3555,88.875,2.495770698e-06,1.994687228e-06,nan,nan,nan,nan
3556,88.9,2.495770697e-06,1.994687231e-06,nan,nan,nan,nan
3557,88.925,2.495770695e-06,1.994687240e-06,nan,nan,nan,nan
3558,88.95,2.495770697e-06,1.994687244e-06,nan,nan,nan,nan
3559,88.975,2.495770700e-06,1.994687240e-06,nan,nan,nan,nan
3560,89,2.495770701e-06,1.994687234e-06,nan,nan,2.599310e-13,3.896883e-13
3561,89.025,2.495770698e-06,1.994687232e-06,nan,nan,nan,nan
3562,89.05,2.495770696e-06,1.994687237e-06,nan,nan,nan,nan
3563,89.075,2.495770696e-06,1.994687242e-06,nan,nan,nan,nan
3564,89.1,2.495770697e-06,1.994687241e-06,nan,nan,nan,nan
3565,89.125,2.495770700e-06,1.994687235e-06,nan,nan,nan,nan
3566,89.15,2.495770699e-06,1.994687232e-06,nan,nan,nan,nan
3567,89.175,2.495770697e-06,1.994687236e-06,nan,nan,nan,nan
3568,89.2,2.495770696e-06,1.994687243e-06,nan,nan,nan,nan
3569,89.225,2.495770698e-06,1.994687244e-06,nan,nan,nan,nan
3570,89.25,2.495770702e-06,1.994687237e-06,nan,nan,nan,nan
3571,89.275,2.495770702e-06,1.994687229e-06,nan,nan,nan,nan
3572,89.3,2.495770698e-06,1.994687228e-06,nan,nan,nan,nan
3573,89.325,2.495770694e-06,1.994687237e-06,nan,nan,nan,nan
3574,89.35,2.495770695e-06,1.994687244e-06,nan,nan,nan,nan
3575,89.375,2.495770700e-06,1.994687242e-06,nan,nan,nan,nan
3576,89.4,2.495770703e-06,1.994687234e-06,nan,nan,nan,nan
3577,89.425,2.495770704e-06,1.994687227e-06,nan,nan,nan,nan
3578,89.45,2.495770697e-06,1.994687230e-06,nan,nan,nan,nan
3579,89.475,2.495770694e-06,1.994687237e-06,nan,nan,nan,nan
3580,89.5,2.495770695e-06,1.994687241e-06,nan,nan,2.625677e-13,3.885781e-13
3581,89.525,2.495770699e-06,1.994687238e-06,nan,nan,nan,nan
3582,89.55,2.495770702e-06,1.994687233e-06,nan,nan,nan,nan
3583,89.575,2.495770699e-06,1.994687232e-06,nan,nan,nan,nan
3584,89.6,2.495770695e-06,1.994687236e-06,nan,nan,nan,nan
3585,89.625,2.495770694e-06,1.994687239e-06,nan,nan,nan,nan
3586,89.65,2.495770697e-06,1.994687238e-06,nan,nan,nan,nan
3587,89.675,2.495770701e-06,1.994687233e-06,nan,nan,nan,nan
3588,89.7,2.495770701e-06,1.994687232e-06,nan,nan,nan,nan
3589,89.725,2.495770697e-06,1.994687238e-06,nan,nan,nan,nan
3590,89.75,2.495770694e-06,1.994687244e-06,nan,nan,nan,nan
3591,89.775,2.495770696e-06,1.994687243e-06,nan,nan,nan,nan
3592,89.8,2.495770701e-06,1.994687236e-06,nan,nan,nan,nan
3593,89.825,2.495770703e-06,1.994687230e-06,nan,nan,nan,nan
3594,89.85,2.495770699e-06,1.994687231e-06,nan,nan,nan,nan
3595,89.875,2.495770695e-06,1.994687239e-06,nan,nan,nan,nan
3596,89.9,2.495770695e-06,1.994687245e-06,nan,nan,nan,nan
3597,89.925,2.495770698e-06,1.994687243e-06,nan,nan,nan,nan
3598,89.95,2.495770703e-06,1.994687235e-06,nan,nan,nan,nan
3599,89.975,2.495770702e-06,1.994687230e-06,nan,nan,nan,nan
3600,90,2.495770697e-06,1.994687232e-06,nan,nan,2.592371e-13,3.980150e-13
3601,90.025,2.495770694e-06,1.994687239e-06,nan,nan,nan,nan
3602,90.05,2.495770695e-06,1.994687242e-06,nan,nan,nan,nan
3603,90.075,2.495770700e-06,1.994687240e-06,nan,nan,nan,nan
3604,90.1,2.495770701e-06,1.994687235e-06,nan,nan,nan,nan
3605,90.125,2.495770700e-06,1.994687233e-06,nan,nan,nan,nan
3606,90.15,2.495770697e-06,1.994687234e-06,nan,nan,nan,nan
3607,90.175,2.495770696e-06,1.994687237e-06,nan,nan,nan,nan
3608,90.2,2.495770698e-06,1.994687238e-06,nan,nan,nan,nan
3609,90.225,2.495770701e-06,1.994687236e-06,nan,nan,nan,nan
3610,90.25,2.495770701e-06,1.994687236e-06,nan,nan,nan,nan
3611,90.275,2.495770697e-06,1.994687238e-06,nan,nan,nan,nan
3612,90.3,2.495770696e-06,1.994687239e-06,nan,nan,nan,nan
3613,90.325,2.495770698e-06,1.994687237e-06,nan,nan,nan,nan
3614,90.35,2.495770700e-06,1.994687233e-06,nan,nan,nan,nan
3615,90.375,2.495770701e-06,1.994687231e-06,nan,nan,nan,nan
3616,90.4,2.495770698e-06,1.994687232e-06,nan,nan,nan,nan
3617,90.425,2.495770694e-06,1.994687239e-06,nan,nan,nan,nan
3618,90.45,2.495770695e-06,1.994687242e-06,nan,nan,nan,nan
3619,90.475,2.495770699e-06,1.994687240e-06,nan,nan,nan,nan
3620,90.5,2.495770701e-06,1.994687233e-06,nan,nan,2.657596e-13,3.946843e-13
3621,90.525,2.495770700e-06,1.994687229e-06,nan,nan,nan,nan
3622,90.55,2.495770697e-06,1.994687230e-06,nan,nan,nan,nan
3623,90.575,2.495770695e-06,1.994687236e-06,nan,nan,nan,nan
3624,90.6,2.495770696e-06,1.994687240e-06,nan,nan,nan,nan
3625,90.625,2.495770699e-06,1.994687241e-06,nan,nan,nan,nan
3626,90.65,2.495770700e-06,1.994687237e-06,nan,nan,nan,nan
3627,90.675,2.495770699e-06,1.994687233e-06,nan,nan,nan,nan
3628,90.7,2.495770696e-06,1.994687232e-06,nan,nan,nan,nan
3629,90.725,2.495770696e-06,1.994687233e-06,nan,nan,nan,nan
3630,90.75,2.495770697e-06,1.994687237e-06,nan,nan,nan,nan
3631,90.775,2.495770699e-06,1.994687239e-06,nan,nan,nan,nan
3632,90.8,2.495770699e-06,1.994687240e-06,nan,nan,nan,nan
3633,90.825,2.495770697e-06,1.994687238e-06,nan,nan,nan,nan
3634,90.85,2.495770696e-06,1.994687236e-06,nan,nan,nan,nan
3635,90.875,2.495770697e-06,1.994687235e-06,nan,nan,nan,nan
3636,90.9,2.495770699e-06,1.994687233e-06,nan,nan,nan,nan
3637,90.925,2.495770698e-06,1.994687233e-06,nan,nan,nan,nan
3638,90.95,2.495770697e-06,1.994687235e-06,nan,nan,nan,nan
3639,90.975,2.495770696e-06,1.994687239e-06,nan,nan,nan,nan
3640,91,2.495770697e-06,1.994687242e-06,nan,nan,2.629841e-13,3.996803e-13
3641,91.025,2.495770700e-06,1.994687241e-06,nan,nan,nan,nan
3642,91.05,2.495770700e-06,1.994687237e-06,nan,nan,nan,nan
3643,91.075,2.495770699e-06,1.994687231e-06,nan,nan,nan,nan
3644,91.1,2.495770697e-06,1.994687230e-06,nan,nan,nan,nan
3645,91.125,2.495770694e-06,1.994687237e-06,nan,nan,nan,nan
3646,91.15,2.495770695e-06,1.994687244e-06,nan,nan,nan,nan
3647,91.175,2.495770698e-06,1.994687246e-06,nan,nan,nan,nan
3648,91.2,2.495770700e-06,1.994687239e-06,nan,nan,nan,nan
3649,91.225,2.495770699e-06,1.994687231e-06,nan,nan,nan,nan
3650,91.25,2.495770698e-06,1.994687228e-06,nan,nan,nan,nan
3651,91.275,2.495770697e-06,1.994687233e-06,nan,nan,nan,nan
3652,91.3,2.495770697e-06,1.994687239e-06,nan,nan,nan,nan
3653,91.325,2.495770698e-06,1.994687242e-06,nan,nan,nan,nan
3654,91.35,2.495770699e-06,1.994687238e-06,nan,nan,nan,nan
3655,91.375,2.495770699e-06,1.994687234e-06,nan,nan,nan,nan
3656,91.4,2.495770699e-06,1.994687233e-06,nan,nan,nan,nan
3657,91.425,2.495770697e-06,1.994687236e-06,nan,nan,nan,nan
3658,91.45,2.495770697e-06,1.994687237e-06,nan,nan,nan,nan
3659,91.475,2.495770697e-06,1.994687235e-06,nan,nan,nan,nan
3660,91.5,2.495770697e-06,1.994687231e-06,nan,nan,2.627065e-13,3.985701e-13
3661,91.525,2.495770697e-06,1.994687234e-06,nan,nan,nan,nan
3662,91.55,2.495770698e-06,1.994687240e-06,nan,nan,nan,nan
3663,91.575,2.495770699e-06,1.994687244e-06,nan,nan,nan,nan
3664,91.6,2.495770699e-06,1.994687237e-06,nan,nan,nan,nan
3665,91.625,2.495770699e-06,1.994687228e-06,nan,nan,nan,nan
3666,91.65,2.495770698e-06,1.994687226e-06,nan,nan,nan,nan
3667,91.675,2.495770696e-06,1.994687235e-06,nan,nan,nan,nan
3668,91.7,2.495770698e-06,1.994687246e-06,nan,nan,nan,nan
3669,91.725,2.495770700e-06,1.994687248e-06,nan,nan,nan,nan
3670,91.75,2.495770702e-06,1.994687237e-06,nan,nan,nan,nan
3671,91.775,2.495770701e-06,1.994687226e-06,nan,nan,nan,nan
3672,91.8,2.495770698e-06,1.994687227e-06,nan,nan,nan,nan
3673,91.825,2.495770695e-06,1.994687236e-06,nan,nan,nan,nan
3674,91.85,2.495770695e-06,1.994687245e-06,nan,nan,nan,nan
3675,91.875,2.495770699e-06,1.994687244e-06,nan,nan,nan,nan
3676,91.9,2.495770701e-06,1.994687236e-06,nan,nan,nan,nan
3677,91.925,2.495770699e-06,1.994687230e-06,nan,nan,nan,nan
3678,91.95,2.495770697e-06,1.994687234e-06,nan,nan,nan,nan
3679,91.975,2.495770696e-06,1.994687240e-06,nan,nan,nan,nan
3680,92,2.495770697e-06,1.994687242e-06,nan,nan,2.599310e-13,4.002354e-13
3681,92.025,2.495770700e-06,1.994687236e-06,nan,nan,nan,nan
3682,92.05,2.495770699e-06,1.994687231e-06,nan,nan,nan,nan
3683,92.075,2.495770696e-06,1.994687236e-06,nan,nan,nan,nan
3684,92.1,2.495770696e-06,1.994687244e-06,nan,nan,nan,nan
3685,92.125,2.495770696e-06,1.994687244e-06,nan,nan,nan,nan
3686,92.15,2.495770698e-06,1.994687236e-06,nan,nan,nan,nan
3687,92.175,2.495770700e-06,1.994687226e-06,nan,nan,nan,nan
3688,92.2,2.495770699e-06,1.994687225e-06,nan,nan,nan,nan
3689,92.225,2.495770695e-06,1.994687237e-06,nan,nan,nan,nan
3690,92.25,2.495770695e-06,1.994687246e-06,nan,nan,nan,nan
3691,92.275,2.495770699e-06,1.994687246e-06,nan,nan,nan,nan
3692,92.3,2.495770703e-06,1.994687234e-06,nan,nan,nan,nan
3693,92.325,2.495770702e-06,1.994687225e-06,nan,nan,nan,nan
3694,92.35,2.495770696e-06,1.994687228e-06,nan,nan,nan,nan
3695,92.375,2.495770693e-06,1.994687239e-06,nan,nan,nan,nan
3696,92.4,2.495770695e-06,1.994687245e-06,nan,nan,nan,nan
3697,92.425,2.495770701e-06,1.994687239e-06,nan,nan,nan,nan
3698,92.45,2.495770705e-06,1.994687230e-06,nan,nan,nan,nan
3699,92.475,2.495770701e-06,1.994687227e-06,nan,nan,nan,nan
3700,92.5,2.495770695e-06,1.994687234e-06,nan,nan,2.511880e-13,3.963496e-13
3701,92.525,2.495770691e-06,1.994687240e-06,nan,nan,nan,nan
3702,92.55,2.495770695e-06,1.994687238e-06,nan,nan,nan,nan
3703,92.575,2.495770700e-06,1.994687231e-06,nan,nan,nan,nan
3704,92.6,2.495770702e-06,1.994687229e-06,nan,nan,nan,nan
3705,92.625,2.495770700e-06,1.994687236e-06,nan,nan,nan,nan
3706,92.65,2.495770696e-06,1.994687243e-06,nan,nan,nan,nan
3707,92.675,2.495770695e-06,1.994687242e-06,nan,nan,nan,nan
3708,92.7,2.495770698e-06,1.994687232e-06,nan,nan,nan,nan
3709,92.725,2.495770699e-06,1.994687223e-06,nan,nan,nan,nan
3710,92.75,2.495770696e-06,1.994687228e-06,nan,nan,nan,nan
3711,92.775,2.495770694e-06,1.994687241e-06,nan,nan,nan,nan
3712,92.8,2.495770695e-06,1.994687250e-06,nan,nan,nan,nan
3713,92.825,2.495770699e-06,1.994687244e-06,nan,nan,nan,nan
3714,92.85,2.495770702e-06,1.994687230e-06,nan,nan,nan,nan
3715,92.875,2.495770701e-06,1.994687223e-06,nan,nan,nan,nan
3716,92.9,2.495770695e-06,1.994687230e-06,nan,nan,nan,nan
3717,92.925,2.495770692e-06,1.994687242e-06,nan,nan,nan,nan
3718,92.95,2.495770696e-06,1.994687246e-06,nan,nan,nan,nan
3719,92.975,2.495770700e-06,1.994687240e-06,nan,nan,nan,nan
3720,93,2.495770702e-06,1.994687231e-06,nan,nan,2.581269e-13,3.952394e-13
3721,93.025,2.495770698e-06,1.994687230e-06,nan,nan,nan,nan
3722,93.05,2.495770694e-06,1.994687236e-06,nan,nan,nan,nan
3723,93.075,2.495770693e-06,1.994687241e-06,nan,nan,nan,nan
3724,93.1,2.495770697e-06,1.994687238e-06,nan,nan,nan,nan
3725,93.125,2.495770700e-06,1.994687233e-06,nan,nan,nan,nan
3726,93.15,2.495770699e-06,1.994687233e-06,nan,nan,nan,nan
3727,93.175,2.495770695e-06,1.994687239e-06,nan,nan,nan,nan
3728,93.2,2.495770693e-06,1.994687245e-06,nan,nan,nan,nan
3729,93.225,2.495770695e-06,1.994687241e-06,nan,nan,nan,nan
3730,93.25,2.495770700e-06,1.994687231e-06,nan,nan,nan,nan
3731,93.275,2.495770700e-06,1.994687226e-06,nan,nan,nan,nan
3732,93.3,2.495770697e-06,1.994687231e-06,nan,nan,nan,nan
3733,93.325,2.495770695e-06,1.994687241e-06,nan,nan,nan,nan
3734,93.35,2.495770695e-06,1.994687246e-06,nan,nan,nan,nan
3735,93.375,2.495770700e-06,1.994687240e-06,nan,nan,nan,nan
3736,93.4,2.495770703e-06,1.994687231e-06,nan,nan,nan,nan
3737,93.425,2.495770699e-06,1.994687228e-06,nan,nan,nan,nan
3738,93.45,2.495770695e-06,1.994687233e-06,nan,nan,nan,nan
3739,93.475,2.495770694e-06,1.994687241e-06,nan,nan,nan,nan
3740,93.5,2.495770697e-06,1.994687243e-06,nan,nan,2.567391e-13,4.024558e-13
3741,93.525,2.495770702e-06,1.994687238e-06,nan,nan,nan,nan
3742,93.55,2.495770702e-06,1.994687231e-06,nan,nan,nan,nan
3743,93.575,2.495770697e-06,1.994687231e-06,nan,nan,nan,nan
3744,93.6,2.495770693e-06,1.994687235e-06,nan,nan,nan,nan
3745,93.625,2.495770694e-06,1.994687238e-06,nan,nan,nan,nan
3746,93.65,2.495770699e-06,1.994687237e-06,nan,nan,nan,nan
3747,93.675,2.495770704e-06,1.994687234e-06,nan,nan,nan,nan
3748,93.7,2.495770702e-06,1.994687236e-06,nan,nan,nan,nan
3749,93.725,2.495770698e-06,1.994687239e-06,nan,nan,nan,nan
3750,93.75,2.495770696e-06,1.994687241e-06,nan,nan,nan,nan
3751,93.775,2.495770697e-06,1.994687236e-06,nan,nan,nan,nan
3752,93.8,2.495770699e-06,1.994687230e-06,nan,nan,nan,nan
3753,93.825,2.495770700e-06,1.994687230e-06,nan,nan,nan,nan
3754,93.85,2.495770696e-06,1.994687236e-06,nan,nan,nan,nan
3755,93.875,2.495770695e-06,1.994687242e-06,nan,nan,nan,nan
3756,93.9,2.495770698e-06,1.994687247e-06,nan,nan,nan,nan
3757,93.925,2.495770699e-06,1.994687240e-06,nan,nan,nan,nan
3758,93.95,2.495770700e-06,1.994687233e-06,nan,nan,nan,nan
3759,93.975,2.495770698e-06,1.994687230e-06,nan,nan,nan,nan
3760,94,2.495770695e-06,1.994687234e-06,nan,nan,2.561840e-13,4.074519e-13
3761,94.025,2.495770695e-06,1.994687239e-06,nan,nan,nan,nan
3762,94.05,2.495770699e-06,1.994687242e-06,nan,nan,nan,nan
3763,94.075,2.495770701e-06,1.994687241e-06,nan,nan,nan,nan
3764,94.1,2.495770699e-06,1.994687235e-06,nan,nan,nan,nan
3765,94.125,2.495770695e-06,1.994687234e-06,nan,nan,nan,nan
3766,94.15,2.495770693e-06,1.994687235e-06,nan,nan,nan,nan
3767,94.175,2.495770696e-06,1.994687237e-06,nan,nan,nan,nan
3768,94.2,2.495770700e-06,1.994687238e-06,nan,nan,nan,nan
3769,94.225,2.495770704e-06,1.994687237e-06,nan,nan,nan,nan
3770,94.25,2.495770701e-06,1.994687235e-06,nan,nan,nan,nan
3771,94.275,2.495770697e-06,1.994687235e-06,nan,nan,nan,nan
3772,94.3,2.495770694e-06,1.994687236e-06,nan,nan,nan,nan
3773,94.325,2.495770696e-06,1.994687236e-06,nan,nan,nan,nan
3774,94.35,2.495770698e-06,1.994687235e-06,nan,nan,nan,nan
3775,94.375,2.495770699e-06,1.994687234e-06,nan,nan,nan,nan
3776,94.4,2.495770699e-06,1.994687235e-06,nan,nan,nan,nan
3777,94.425,2.495770696e-06,1.994687237e-06,nan,nan,nan,nan
3778,94.45,2.495770697e-06,1.994687240e-06,nan,nan,nan,nan
3779,94.475,2.495770700e-06,1.994687239e-06,nan,nan,nan,nan
3780,94.5,2.495770700e-06,1.994687234e-06,nan,nan,2.478573e-13,4.068967e-13
3781,94.525,2.495770697e-06,1.994687230e-06,nan,nan,nan,nan
3782,94.55,2.495770694e-06,1.994687231e-06,nan,nan,nan,nan
3783,94.575,2.495770696e-06,1.994687238e-06,nan,nan,nan,nan
3784,94.6,2.495770699e-06,1.994687244e-06,nan,nan,nan,nan
3785,94.625,2.495770702e-06,1.994687243e-06,nan,nan,nan,nan
3786,94.65,2.495770702e-06,1.994687235e-06,nan,nan,nan,nan
3787,94.675,2.495770697e-06,1.994687227e-06,nan,nan,nan,nan
3788,94.7,2.495770694e-06,1.994687226e-06,nan,nan,nan,nan
3789,94.725,2.495770695e-06,1.994687234e-06,nan,nan,nan,nan
3790,94.75,2.495770699e-06,1.994687242e-06,nan,nan,nan,nan
3791,94.775,2.495770703e-06,1.994687244e-06,nan,nan,nan,nan
3792,94.8,2.495770702e-06,1.994687239e-06,nan,nan,nan,nan
3793,94.825,2.495770697e-06,1.994687234e-06,nan,nan,nan,nan
3794,94.85,2.495770695e-06,1.994687232e-06,nan,nan,nan,nan
3795,94.875,2.495770696e-06,1.994687235e-06,nan,nan,nan,nan
3796,94.9,2.495770700e-06,1.994687238e-06,nan,nan,nan,nan
3797,94.925,2.495770701e-06,1.994687238e-06,nan,nan,nan,nan
3798,94.95,2.495770698e-06,1.994687236e-06,nan,nan,nan,nan
3799,94.975,2.495770695e-06,1.994687238e-06,nan,nan,nan,nan
3800,95,2.495770693e-06,1.994687241e-06,nan,nan,2.417511e-13,4.124479e-13
3801,95.025,2.495770696e-06,1.994687242e-06,nan,nan,nan,nan
3802,95.05,2.495770699e-06,1.994687236e-06,nan,nan,nan,nan
3803,95.075,2.495770701e-06,1.994687230e-06,nan,nan,nan,nan
3804,95.1,2.495770699e-06,1.994687229e-06,nan,nan,nan,nan
3805,95.125,2.495770695e-06,1.994687237e-06,nan,nan,nan,nan
3806,95.15,2.495770697e-06,1.994687247e-06,nan,nan,nan,nan
3807,95.175,2.495770699e-06,1.994687248e-06,nan,nan,nan,nan
3808,95.2,2.495770701e-06,1.994687237e-06,nan,nan,nan,nan
3809,95.225,2.495770698e-06,1.994687226e-06,nan,nan,nan,nan
3810,95.25,2.495770694e-06,1.994687226e-06,nan,nan,nan,nan
3811,95.275,2.495770695e-06,1.994687237e-06,nan,nan,nan,nan
3812,95.3,2.495770697e-06,1.994687246e-06,nan,nan,nan,nan
3813,95.325,2.495770703e-06,1.994687246e-06,nan,nan,nan,nan
3814,95.35,2.495770704e-06,1.994687236e-06,nan,nan,nan,nan
3815,95.375,2.495770698e-06,1.994687229e-06,nan,nan,nan,nan
3816,95.4,2.495770692e-06,1.994687230e-06,nan,nan,nan,nan
3817,95.425,2.495770694e-06,1.994687237e-06,nan,nan,nan,nan
3818,95.45,2.495770698e-06,1.994687238e-06,nan,nan,nan,nan
3819,95.475,2.495770705e-06,1.994687235e-06,nan,nan,nan,nan
3820,95.5,2.495770704e-06,1.994687231e-06,nan,nan,2.464695e-13,4.052314e-13
3821,95.525,2.495770699e-06,1.994687234e-06,nan,nan,nan,nan
3822,95.55,2.495770695e-06,1.994687242e-06,nan,nan,nan,nan
3823,95.575,2.495770695e-06,1.994687243e-06,nan,nan,nan,nan
3824,95.6,2.495770698e-06,1.994687235e-06,nan,nan,nan,nan
3825,95.625,2.495770702e-06,1.994687226e-06,nan,nan,nan,nan
3826,95.65,2.495770698e-06,1.994687226e-06,nan,nan,nan,nan
3827,95.675,2.495770696e-06,1.994687238e-06,nan,nan,nan,nan
3828,95.7,2.495770697e-06,1.994687250e-06,nan,nan,nan,nan
3829,95.725,2.495770699e-06,1.994687249e-06,nan,nan,nan,nan
3830,95.75,2.495770701e-06,1.994687235e-06,nan,nan,nan,nan
3831,95.775,2.495770698e-06,1.994687223e-06,nan,nan,nan,nan
3832,95.8,2.495770695e-06,1.994687226e-06,nan,nan,nan,nan
3833,95.825,2.495770693e-06,1.994687239e-06,nan,nan,nan,nan
3834,95.85,2.495770699e-06,1.994687248e-06,nan,nan,nan,nan
3835,95.875,2.495770704e-06,1.994687246e-06,nan,nan,nan,nan
3836,95.9,2.495770704e-06,1.994687234e-06,nan,nan,nan,nan
3837,95.925,2.495770698e-06,1.994687229e-06,nan,nan,nan,nan
3838,95.95,2.495770691e-06,1.994687233e-06,nan,nan,nan,nan
3839,95.975,2.495770692e-06,1.994687240e-06,nan,nan,nan,nan
3840,96,2.495770699e-06,1.994687242e-06,nan,nan,2.434164e-13,4.096723e-13
3841,96.025,2.495770706e-06,1.994687236e-06,nan,nan,nan,nan
3842,96.05,2.495770705e-06,1.994687232e-06,nan,nan,nan,nan
3843,96.075,2.495770699e-06,1.994687236e-06,nan,nan,nan,nan
3844,96.1,2.495770693e-06,1.994687242e-06,nan,nan,nan,nan
3845,96.125,2.495770694e-06,1.994687242e-06,nan,nan,nan,nan
3846,96.15,2.495770699e-06,1.994687233e-06,nan,nan,nan,nan
3847,96.175,2.495770701e-06,1.994687227e-06,nan,nan,nan,nan
3848,96.2,2.495770699e-06,1.994687229e-06,nan,nan,nan,nan
3849,96.225,2.495770695e-06,1.994687240e-06,nan,nan,nan,nan
3850,96.25,2.495770696e-06,1.994687247e-06,nan,nan,nan,nan
3851,96.275,2.495770700e-06,1.994687243e-06,nan,nan,nan,nan
3852,96.3,2.495770702e-06,1.994687230e-06,nan,nan,nan,nan
3853,96.325,2.495770699e-06,1.994687223e-06,nan,nan,nan,nan
3854,96.35,2.495770693e-06,1.994687228e-06,nan,nan,nan,nan
3855,96.375,2.495770691e-06,1.994687240e-06,nan,nan,nan,nan
3856,96.4,2.495770696e-06,1.994687246e-06,nan,nan,nan,nan
3857,96.425,2.495770703e-06,1.994687241e-06,nan,nan,nan,nan
3858,96.45,2.495770704e-06,1.994687232e-06,nan,nan,nan,nan
3859,96.475,2.495770699e-06,1.994687229e-06,nan,nan,nan,nan
3860,96.5,2.495770693e-06,1.994687233e-06,nan,nan,2.417511e-13,4.157785e-13
3861,96.525,2.495770691e-06,1.994687238e-06,nan,nan,nan,nan
3862,96.55,2.495770698e-06,1.994687237e-06,nan,nan,nan,nan
3863,96.575,2.495770704e-06,1.994687233e-06,nan,nan,nan,nan
3864,96.6,2.495770703e-06,1.994687234e-06,nan,nan,nan,nan
3865,96.625,2.495770697e-06,1.994687239e-06,nan,nan,nan,nan
3866,96.65,2.495770692e-06,1.994687243e-06,nan,nan,nan,nan
3867,96.675,2.495770694e-06,1.994687239e-06,nan,nan,nan,nan
3868,96.7,2.495770699e-06,1.994687231e-06,nan,nan,nan,nan
3869,96.725,2.495770701e-06,1.994687229e-06,nan,nan,nan,nan
3870,96.75,2.495770700e-06,1.994687235e-06,nan,nan,nan,nan
3871,96.775,2.495770696e-06,1.994687243e-06,nan,nan,nan,nan
3872,96.8,2.495770696e-06,1.994687245e-06,nan,nan,nan,nan
3873,96.825,2.495770698e-06,1.994687238e-06,nan,nan,nan,nan
3874,96.85,2.495770700e-06,1.994687228e-06,nan,nan,nan,nan
3875,96.875,2.495770699e-06,1.994687227e-06,nan,nan,nan,nan
3876,96.9,2.495770695e-06,1.994687235e-06,nan,nan,nan,nan
3877,96.925,2.495770695e-06,1.994687244e-06,nan,nan,nan,nan
3878,96.95,2.495770699e-06,1.994687246e-06,nan,nan,nan,nan
3879,96.975,2.495770704e-06,1.994687240e-06,nan,nan,nan,nan
3880,97,2.495770703e-06,1.994687233e-06,nan,nan,2.473022e-13,4.130030e-13
3881,97.025,2.495770697e-06,1.994687230e-06,nan,nan,nan,nan
3882,97.05,2.495770692e-06,1.994687233e-06,nan,nan,nan,nan
3883,97.075,2.495770692e-06,1.994687236e-06,nan,nan,nan,nan
3884,97.1,2.495770697e-06,1.994687237e-06,nan,nan,nan,nan
3885,97.125,2.495770701e-06,1.994687238e-06,nan,nan,nan,nan
3886,97.15,2.495770701e-06,1.994687239e-06,nan,nan,nan,nan
3887,97.175,2.495770698e-06,1.994687239e-06,nan,nan,nan,nan
3888,97.2,2.495770695e-06,1.994687236e-06,nan,nan,nan,nan
3889,97.225,2.495770697e-06,1.994687231e-06,nan,nan,nan,nan
3890,97.25,2.495770700e-06,1.994687230e-06,nan,nan,nan,nan
3891,97.275,2.495770701e-06,1.994687233e-06,nan,nan,nan,nan
3892,97.3,2.495770699e-06,1.994687240e-06,nan,nan,nan,nan
3893,97.325,2.495770696e-06,1.994687244e-06,nan,nan,nan,nan
3894,97.35,2.495770696e-06,1.994687241e-06,nan,nan,nan,nan
3895,97.375,2.495770698e-06,1.994687232e-06,nan,nan,nan,nan
3896,97.4,2.495770699e-06,1.994687227e-06,nan,nan,nan,nan
3897,97.425,2.495770698e-06,1.994687228e-06,nan,nan,nan,nan
3898,97.45,2.495770696e-06,1.994687234e-06,nan,nan,nan,nan
3899,97.475,2.495770696e-06,1.994687239e-06,nan,nan,nan,nan
3900,97.5,2.495770699e-06,1.994687243e-06,nan,nan,2.503553e-13,4.229950e-13
3901,97.525,2.495770701e-06,1.994687241e-06,nan,nan,nan,nan
3902,97.55,2.495770699e-06,1.994687236e-06,nan,nan,nan,nan
3903,97.575,2.495770697e-06,1.994687232e-06,nan,nan,nan,nan
3904,97.6,2.495770694e-06,1.994687231e-06,nan,nan,nan,nan
3905,97.625,2.495770696e-06,1.994687234e-06,nan,nan,nan,nan
3906,97.65,2.495770699e-06,1.994687237e-06,nan,nan,nan,nan
3907,97.675,2.495770700e-06,1.994687242e-06,nan,nan,nan,nan
3908,97.7,2.495770700e-06,1.994687242e-06,nan,nan,nan,nan
3909,97.725,2.495770698e-06,1.994687238e-06,nan,nan,nan,nan
3910,97.75,2.495770695e-06,1.994687233e-06,nan,nan,nan,nan
3911,97.775,2.495770695e-06,1.994687231e-06,nan,nan,nan,nan
3912,97.8,2.495770697e-06,1.994687235e-06,nan,nan,nan,nan
3913,97.825,2.495770700e-06,1.994687240e-06,nan,nan,nan,nan
3914,97.85,2.495770703e-06,1.994687243e-06,nan,nan,nan,nan
3915,97.875,2.495770702e-06,1.994687241e-06,nan,nan,nan,nan
3916,97.9,2.495770700e-06,1.994687238e-06,nan,nan,nan,nan
3917,97.925,2.495770696e-06,1.994687235e-06,nan,nan,nan,nan
3918,97.95,2.495770694e-06,1.994687234e-06,nan,nan,nan,nan
3919,97.975,2.495770695e-06,1.994687233e-06,nan,nan,nan,nan
3920,98,2.495770698e-06,1.994687236e-06,nan,nan,2.636780e-13,4.285461e-13
3921,98.025,2.495770700e-06,1.994687239e-06,nan,nan,nan,nan
3922,98.05,2.495770701e-06,1.994687244e-06,nan,nan,nan,nan
3923,98.075,2.495770701e-06,1.994687244e-06,nan,nan,nan,nan
3924,98.1,2.495770699e-06,1.994687238e-06,nan,nan,nan,nan
3925,98.125,2.495770697e-06,1.994687230e-06,nan,nan,nan,nan
3926,98.15,2.495770696e-06,1.994687226e-06,nan,nan,nan,nan
3927,98.175,2.495770695e-06,1.994687232e-06,nan,nan,nan,nan
3928,98.2,2.495770696e-06,1.994687242e-06,nan,nan,nan,nan
3929,98.225,2.495770699e-06,1.994687246e-06,nan,nan,nan,nan
3930,98.25,2.495770703e-06,1.994687241e-06,nan,nan,nan,nan
3931,98.275,2.495770702e-06,1.994687231e-06,nan,nan,nan,nan
3932,98.3,2.495770698e-06,1.994687227e-06,nan,nan,nan,nan
3933,98.325,2.495770693e-06,1.994687232e-06,nan,nan,nan,nan
3934,98.35,2.495770695e-06,1.994687240e-06,nan,nan,nan,nan
3935,98.375,2.495770700e-06,1.994687242e-06,nan,nan,nan,nan
3936,98.4,2.495770704e-06,1.994687238e-06,nan,nan,nan,nan
3937,98.425,2.495770703e-06,1.994687234e-06,nan,nan,nan,nan
3938,98.45,2.495770696e-06,1.994687235e-06,nan,nan,nan,nan
3939,98.475,2.495770691e-06,1.994687237e-06,nan,nan,nan,nan
3940,98.5,2.495770693e-06,1.994687236e-06,nan,nan,2.636780e-13,4.285461e-13
3941,98.525,2.495770698e-06,1.994687232e-06,nan,nan,nan,nan
3942,98.55,2.495770704e-06,1.994687231e-06,nan,nan,nan,nan
3943,98.575,2.495770701e-06,1.994687236e-06,nan,nan,nan,nan
3944,98.6,2.495770698e-06,1.994687244e-06,nan,nan,nan,nan
3945,98.625,2.495770697e-06,1.994687245e-06,nan,nan,nan,nan
3946,98.65,2.495770698e-06,1.994687236e-06,nan,nan,nan,nan
3947,98.675,2.495770699e-06,1.994687226e-06,nan,nan,nan,nan
3948,98.7,2.495770697e-06,1.994687226e-06,nan,nan,nan,nan
3949,98.725,2.495770693e-06,1.994687237e-06,nan,nan,nan,nan
3950,98.75,2.495770694e-06,1.994687248e-06,nan,nan,nan,nan
3951,98.775,2.495770699e-06,1.994687248e-06,nan,nan,nan,nan
3952,98.8,2.495770705e-06,1.994687236e-06,nan,nan,nan,nan
3953,98.825,2.495770703e-06,1.994687226e-06,nan,nan,nan,nan
3954,98.85,2.495770696e-06,1.994687228e-06,nan,nan,nan,nan
3955,98.875,2.495770689e-06,1.994687238e-06,nan,nan,nan,nan
3956,98.9,2.495770693e-06,1.994687246e-06,nan,nan,nan,nan
3957,98.925,2.495770702e-06,1.994687243e-06,nan,nan,nan,nan
3958,98.95,2.495770707e-06,1.994687235e-06,nan,nan,nan,nan
3959,98.975,2.495770703e-06,1.994687231e-06,nan,nan,nan,nan
3960,99,2.495770695e-06,1.994687236e-06,nan,nan,2.584044e-13,4.313216e-13
3961,99.025,2.495770691e-06,1.994687238e-06,nan,nan,nan,nan
3962,99.05,2.495770695e-06,1.994687236e-06,nan,nan,nan,nan
3963,99.075,2.495770703e-06,1.994687231e-06,nan,nan,nan,nan
3964,99.1,2.495770705e-06,1.994687231e-06,nan,nan,nan,nan
3965,99.125,2.495770700e-06,1.994687240e-06,nan,nan,nan,nan
3966,99.15,2.495770695e-06,1.994687248e-06,nan,nan,nan,nan
3967,99.175,2.495770695e-06,1.994687245e-06,nan,nan,nan,nan
3968,99.2,2.495770700e-06,1.994687232e-06,nan,nan,nan,nan
3969,99.225,2.495770701e-06,1.994687222e-06,nan,nan,nan,nan
3970,99.25,2.495770697e-06,1.994687226e-06,nan,nan,nan,nan
3971,99.275,2.495770693e-06,1.994687240e-06,nan,nan,nan,nan
3972,99.3,2.495770694e-06,1.994687248e-06,nan,nan,nan,nan
3973,99.325,2.495770701e-06,1.994687244e-06,nan,nan,nan,nan
3974,99.35,2.495770705e-06,1.994687233e-06,nan,nan,nan,nan
3975,99.375,2.495770700e-06,1.994687226e-06,nan,nan,nan,nan
3976,99.4,2.495770692e-06,1.994687231e-06,nan,nan,nan,nan
3977,99.425,2.495770688e-06,1.994687239e-06,nan,nan,nan,nan
3978,99.45,2.495770697e-06,1.994687242e-06,nan,nan,nan,nan
3979,99.475,2.495770707e-06,1.994687237e-06,nan,nan,nan,nan
3980,99.5,2.495770709e-06,1.994687232e-06,nan,nan,2.603473e-13,4.207745e-13
3981,99.525,2.495770700e-06,1.994687233e-06,nan,nan,nan,nan
3982,99.55,2.495770691e-06,1.994687238e-06,nan,nan,nan,nan
3983,99.575,2.495770689e-06,1.994687239e-06,nan,nan,nan,nan
3984,99.6,2.495770696e-06,1.994687234e-06,nan,nan,nan,nan
3985,99.625,2.495770702e-06,1.994687229e-06,nan,nan,nan,nan
3986,99.65,2.495770704e-06,1.994687232e-06,nan,nan,nan,nan
3987,99.675,2.495770699e-06,1.994687241e-06,nan,nan,nan,nan
3988,99.7,2.495770696e-06,1.994687245e-06,nan,nan,nan,nan
3989,99.725,2.495770698e-06,1.994687240e-06,nan,nan,nan,nan
3990,99.75,2.495770700e-06,1.994687229e-06,nan,nan,nan,nan
3991,99.775,2.495770700e-06,1.994687227e-06,nan,nan,nan,nan
3992,99.8,2.495770696e-06,1.994687235e-06,nan,nan,nan,nan
3993,99.825,2.495770694e-06,1.994687246e-06,nan,nan,nan,nan
3994,99.85,2.495770698e-06,1.994687249e-06,nan,nan,nan,nan
3995,99.875,2.495770703e-06,1.994687241e-06,nan,nan,nan,nan
3996,99.9,2.495770704e-06,1.994687231e-06,nan,nan,nan,nan
3997,99.925,2.495770697e-06,1.994687228e-06,nan,nan,nan,nan
3998,99.95,2.495770691e-06,1.994687233e-06,nan,nan,nan,nan
3999,99.975,2.495770693e-06,1.994687240e-06,nan,nan,nan,nan
4000,100,2.495770701e-06,1.994687242e-06,nan,nan,2.581269e-13,4.207745e-13
4001,100.025,2.495770705e-06,1.994687240e-06,nan,nan,nan,nan
4002,100.05,2.495770704e-06,1.994687238e-06,nan,nan,nan,nan
4003,100.075,2.495770697e-06,1.994687238e-06,nan,nan,nan,nan
4004,100.1,2.495770693e-06,1.994687238e-06,nan,nan,nan,nan
4005,100.125,2.495770695e-06,1.994687235e-06,nan,nan,nan,nan
4006,100.15,2.495770700e-06,1.994687232e-06,nan,nan,nan,nan
4007,100.175,2.495770702e-06,1.994687234e-06,nan,nan,nan,nan
4008,100.2,2.495770699e-06,1.994687240e-06,nan,nan,nan,nan
4009,100.225,2.495770696e-06,1.994687244e-06,nan,nan,nan,nan
4010,100.25,2.495770696e-06,1.994687241e-06,nan,nan,nan,nan
4011,100.275,2.495770698e-06,1.994687233e-06,nan,nan,nan,nan
4012,100.3,2.495770699e-06,1.994687228e-06,nan,nan,nan,nan
4013,100.325,2.495770699e-06,1.994687230e-06,nan,nan,nan,nan
4014,100.35,2.495770698e-06,1.994687237e-06,nan,nan,nan,nan
4015,100.375,2.495770700e-06,1.994687241e-06,nan,nan,nan,nan
4016,100.4,2.495770701e-06,1.994687240e-06,nan,nan,nan,nan
4017,100.425,2.495770701e-06,1.994687235e-06,nan,nan,nan,nan
4018,100.45,2.495770697e-06,1.994687232e-06,nan,nan,nan,nan
4019,100.475,2.495770693e-06,1.994687234e-06,nan,nan,nan,nan
4020,100.5,2.495770694e-06,1.994687236e-06,nan,nan,2.614575e-13,4.313216e-13
4021,100.525,2.495770698e-06,1.994687237e-06,nan,nan,nan,nan
4022,100.55,2.495770702e-06,1.994687236e-06,nan,nan,nan,nan
4023,100.575,2.495770702e-06,1.994687237e-06,nan,nan,nan,nan
4024,100.6,2.495770699e-06,1.994687238e-06,nan,nan,nan,nan
4025,100.625,2.495770694e-06,1.994687238e-06,nan,nan,nan,nan
4026,100.65,2.495770694e-06,1.994687233e-06,nan,nan,nan,nan
4027,100.675,2.495770695e-06,1.994687231e-06,nan,nan,nan,nan
4028,100.7,2.495770698e-06,1.994687233e-06,nan,nan,nan,nan
4029,100.725,2.495770699e-06,1.994687239e-06,nan,nan,nan,nan
4030,100.75,2.495770701e-06,1.994687245e-06,nan,nan,nan,nan
4031,100.775,2.495770703e-06,1.994687242e-06,nan,nan,nan,nan
4032,100.8,2.495770700e-06,1.994687235e-06,nan,nan,nan,nan
4033,100.825,2.495770696e-06,1.994687229e-06,nan,nan,nan,nan
4034,100.85,2.495770692e-06,1.994687231e-06,nan,nan,nan,nan
4035,100.875,2.495770693e-06,1.994687238e-06,nan,nan,nan,nan
4036,100.9,2.495770700e-06,1.994687243e-06,nan,nan,nan,nan
4037,100.925,2.495770705e-06,1.994687242e-06,nan,nan,nan,nan
4038,100.95,2.495770703e-06,1.994687238e-06,nan,nan,nan,nan
4039,100.975,2.495770697e-06,1.994687236e-06,nan,nan,nan,nan
4040,101,2.495770692e-06,1.994687236e-06,nan,nan,2.625677e-13,4.346523e-13
4041,101.025,2.495770694e-06,1.994687235e-06,nan,nan,nan,nan
4042,101.05,2.495770698e-06,1.994687234e-06,nan,nan,nan,nan
4043,101.075,2.495770702e-06,1.994687234e-06,nan,nan,nan,nan
4044,101.1,2.495770701e-06,1.994687239e-06,nan,nan,nan,nan
4045,101.125,2.495770699e-06,1.994687244e-06,nan,nan,nan,nan
4046,101.15,2.495770696e-06,1.994687243e-06,nan,nan,nan,nan
4047,101.175,2.495770698e-06,1.994687236e-06,nan,nan,nan,nan
4048,101.2,2.495770698e-06,1.994687228e-06,nan,nan,nan,nan
4049,101.225,2.495770697e-06,1.994687228e-06,nan,nan,nan,nan
4050,101.25,2.495770696e-06,1.994687236e-06,nan,nan,nan,nan
4051,101.275,2.495770698e-06,1.994687245e-06,nan,nan,nan,nan
4052,101.3,2.495770701e-06,1.994687246e-06,nan,nan,nan,nan
4053,101.325,2.495770703e-06,1.994687237e-06,nan,nan,nan,nan
4054,101.35,2.495770699e-06,1.994687229e-06,nan,nan,nan,nan
4055,101.375,2.495770693e-06,1.994687228e-06,nan,nan,nan,nan
4056,101.4,2.495770692e-06,1.994687234e-06,nan,nan,nan,nan
4057,101.425,2.495770697e-06,1.994687240e-06,nan,nan,nan,nan
4058,101.45,2.495770705e-06,1.994687242e-06,nan,nan,nan,nan
4059,101.475,2.495770707e-06,1.994687238e-06,nan,nan,nan,nan
4060,101.5,2.495770700e-06,1.994687236e-06,nan,nan,2.636780e-13,4.324319e-13
4061,101.525,2.495770692e-06,1.994687236e-06,nan,nan,nan,nan
4062,101.55,2.495770691e-06,1.994687236e-06,nan,nan,nan,nan
4063,101.575,2.495770696e-06,1.994687232e-06,nan,nan,nan,nan
4064,101.6,2.495770704e-06,1.994687231e-06,nan,nan,nan,nan
4065,101.625,2.495770704e-06,1.994687233e-06,nan,nan,nan,nan
4066,101.65,2.495770699e-06,1.994687242e-06,nan,nan,nan,nan
4067,101.675,2.495770696e-06,1.994687246e-06,nan,nan,nan,nan
4068,101.7,2.495770697e-06,1.994687243e-06,nan,nan,nan,nan
4069,101.725,2.495770699e-06,1.994687231e-06,nan,nan,nan,nan
4070,101.75,2.495770698e-06,1.994687225e-06,nan,nan,nan,nan
4071,101.775,2.495770695e-06,1.994687230e-06,nan,nan,nan,nan
4072,101.8,2.495770694e-06,1.994687241e-06,nan,nan,nan,nan
4073,101.825,2.495770698e-06,1.994687247e-06,nan,nan,nan,nan
4074,101.85,2.495770705e-06,1.994687244e-06,nan,nan,nan,nan
4075,101.875,2.495770704e-06,1.994687235e-06,nan,nan,nan,nan
4076,101.9,2.495770698e-06,1.994687230e-06,nan,nan,nan,nan
4077,101.925,2.495770690e-06,1.994687232e-06,nan,nan,nan,nan
4078,101.95,2.495770692e-06,1.994687237e-06,nan,nan,nan,nan
4079,101.975,2.495770700e-06,1.994687240e-06,nan,nan,nan,nan
4080,102,2.495770707e-06,1.994687238e-06,nan,nan,2.620126e-13,4.363176e-13
4081,102.025,2.495770706e-06,1.994687238e-06,nan,nan,nan,nan
4082,102.05,2.495770697e-06,1.994687240e-06,nan,nan,nan,nan
4083,102.075,2.495770691e-06,1.994687239e-06,nan,nan,nan,nan
4084,102.1,2.495770693e-06,1.994687236e-06,nan,nan,nan,nan
4085,102.125,2.495770701e-06,1.994687231e-06,nan,nan,nan,nan
4086,102.15,2.495770703e-06,1.994687230e-06,nan,nan,nan,nan
4087,102.175,2.495770701e-06,1.994687237e-06,nan,nan,nan,nan
4088,102.2,2.495770697e-06,1.994687244e-06,nan,nan,nan,nan
4089,102.225,2.495770695e-06,1.994687244e-06,nan,nan,nan,nan
4090,102.25,2.495770697e-06,1.994687236e-06,nan,nan,nan,nan
4091,102.275,2.495770700e-06,1.994687227e-06,nan,nan,nan,nan
4092,102.3,2.495770698e-06,1.994687226e-06,nan,nan,nan,nan
4093,102.325,2.495770694e-06,1.994687235e-06,nan,nan,nan,nan
4094,102.35,2.495770695e-06,1.994687243e-06,nan,nan,nan,nan
4095,102.375,2.495770702e-06,1.994687244e-06,nan,nan,nan,nan
4096,102.4,2.495770706e-06,1.994687236e-06,nan,nan,nan,nan
4097,102.425,2.495770703e-06,1.994687229e-06,nan,nan,nan,nan
4098,102.45,2.495770695e-06,1.994687228e-06,nan,nan,nan,nan
4099,102.475,2.495770690e-06,1.994687233e-06,nan,nan,nan,nan
4100,102.5,2.495770694e-06,1.994687239e-06,nan,nan,2.646494e-13,4.418688e-13
4101,102.525,2.495770701e-06,1.994687239e-06,nan,nan,nan,nan
4102,102.55,2.495770705e-06,1.994687238e-06,nan,nan,nan,nan
4103,102.575,2.495770700e-06,1.994687237e-06,nan,nan,nan,nan
4104,102.6,2.495770696e-06,1.994687237e-06,nan,nan,nan,nan
4105,102.625,2.495770692e-06,1.994687235e-06,nan,nan,nan,nan
4106,102.65,2.495770695e-06,1.994687230e-06,nan,nan,nan,nan
4107,102.675,2.495770700e-06,1.994687230e-06,nan,nan,nan,nan
4108,102.7,2.495770702e-06,1.994687236e-06,nan,nan,nan,nan
4109,102.725,2.495770699e-06,1.994687244e-06,nan,nan,nan,nan
4110,102.75,2.495770696e-06,1.994687246e-06,nan,nan,nan,nan
4111,102.775,2.495770697e-06,1.994687241e-06,nan,nan,nan,nan
4112,102.8,2.495770699e-06,1.994687231e-06,nan,nan,nan,nan
4113,102.825,2.495770699e-06,1.994687226e-06,nan,nan,nan,nan
4114,102.85,2.495770697e-06,1.994687230e-06,nan,nan,nan,nan
4115,102.875,2.495770696e-06,1.994687238e-06,nan,nan,nan,nan
4116,102.9,2.495770699e-06,1.994687246e-06,nan,nan,nan,nan
4117,102.925,2.495770701e-06,1.994687244e-06,nan,nan,nan,nan
4118,102.95,2.495770701e-06,1.994687239e-06,nan,nan,nan,nan
4119,102.975,2.495770697e-06,1.994687234e-06,nan,nan,nan,nan
4120,103,2.495770694e-06,1.994687231e-06,nan,nan,2.656209e-13,4.374279e-13
4121,103.025,2.495770692e-06,1.994687233e-06,nan,nan,nan,nan
4122,103.05,2.495770697e-06,1.994687235e-06,nan,nan,nan,nan
4123,103.075,2.495770703e-06,1.994687241e-06,nan,nan,nan,nan
4124,103.1,2.495770704e-06,1.994687243e-06,nan,nan,nan,nan
4125,103.125,2.495770700e-06,1.994687242e-06,nan,nan,nan,nan
4126,103.15,2.495770693e-06,1.994687239e-06,nan,nan,nan,nan
4127,103.175,2.495770692e-06,1.994687230e-06,nan,nan,nan,nan
4128,103.2,2.495770694e-06,1.994687228e-06,nan,nan,nan,nan
4129,103.225,2.495770699e-06,1.994687233e-06,nan,nan,nan,nan
4130,103.25,2.495770702e-06,1.994687240e-06,nan,nan,nan,nan
4131,103.275,2.495770702e-06,1.994687244e-06,nan,nan,nan,nan
4132,103.3,2.495770699e-06,1.994687240e-06,nan,nan,nan,nan
4133,103.325,2.495770698e-06,1.994687232e-06,nan,nan,nan,nan
4134,103.35,2.495770695e-06,1.994687229e-06,nan,nan,nan,nan
4135,103.375,2.495770695e-06,1.994687230e-06,nan,nan,nan,nan
4136,103.4,2.495770696e-06,1.994687235e-06,nan,nan,nan,nan
4137,103.425,2.495770698e-06,1.994687238e-06,nan,nan,nan,nan
4138,103.45,2.495770701e-06,1.994687237e-06,nan,nan,nan,nan
4139,103.475,2.495770700e-06,1.994687236e-06,nan,nan,nan,nan
4140,103.5,2.495770698e-06,1.994687236e-06,nan,nan,2.675637e-13,4.446443e-13
4141,103.525,2.495770696e-06,1.994687235e-06,nan,nan,nan,nan
4142,103.55,2.495770694e-06,1.994687233e-06,nan,nan,nan,nan
4143,103.575,2.495770695e-06,1.994687233e-06,nan,nan,nan,nan
4144,103.6,2.495770695e-06,1.994687234e-06,nan,nan,nan,nan
4145,103.625,2.495770698e-06,1.994687241e-06,nan,nan,nan,nan
4146,103.65,2.495770701e-06,1.994687244e-06,nan,nan,nan,nan
4147,103.675,2.495770702e-06,1.994687241e-06,nan,nan,nan,nan
4148,103.7,2.495770699e-06,1.994687232e-06,nan,nan,nan,nan
4149,103.725,2.495770694e-06,1.994687229e-06,nan,nan,nan,nan
4150,103.75,2.495770690e-06,1.994687231e-06,nan,nan,nan,nan
4151,103.775,2.495770694e-06,1.994687239e-06,nan,nan,nan,nan
4152,103.8,2.495770701e-06,1.994687243e-06,nan,nan,nan,nan
4153,103.825,2.495770705e-06,1.994687242e-06,nan,nan,nan,nan
4154,103.85,2.495770704e-06,1.994687237e-06,nan,nan,nan,nan
4155,103.875,2.495770697e-06,1.994687233e-06,nan,nan,nan,nan
4156,103.9,2.495770691e-06,1.994687234e-06,nan,nan,nan,nan
4157,103.925,2.495770692e-06,1.994687236e-06,nan,nan,nan,nan
4158,103.95,2.495770697e-06,1.994687236e-06,nan,nan,nan,nan
4159,103.975,2.495770703e-06,1.994687235e-06,nan,nan,nan,nan
4160,104,2.495770703e-06,1.994687237e-06,nan,nan,2.653433e-13,4.402034e-13
4161,104.025,2.495770698e-06,1.994687240e-06,nan,nan,nan,nan
4162,104.05,2.495770695e-06,1.994687242e-06,nan,nan,nan,nan
4163,104.075,2.495770696e-06,1.994687236e-06,nan,nan,nan,nan
4164,104.1,2.495770697e-06,1.994687229e-06,nan,nan,nan,nan
4165,104.125,2.495770697e-06,1.994687229e-06,nan,nan,nan,nan
4166,104.15,2.495770696e-06,1.994687238e-06,nan,nan,nan,nan
4167,104.175,2.495770698e-06,1.994687246e-06,nan,nan,nan,nan
4168,104.2,2.495770700e-06,1.994687245e-06,nan,nan,nan,nan
4169,104.225,2.495770701e-06,1.994687234e-06,nan,nan,nan,nan
4170,104.25,2.495770699e-06,1.994687223e-06,nan,nan,nan,nan
4171,104.275,2.495770693e-06,1.994687224e-06,nan,nan,nan,nan
4172,104.3,2.495770691e-06,1.994687237e-06,nan,nan,nan,nan
4173,104.325,2.495770694e-06,1.994687247e-06,nan,nan,nan,nan
4174,104.35,2.495770703e-06,1.994687246e-06,nan,nan,nan,nan
4175,104.375,2.495770705e-06,1.994687236e-06,nan,nan,nan,nan
4176,104.4,2.495770701e-06,1.994687228e-06,nan,nan,nan,nan
4177,104.425,2.495770693e-06,1.994687230e-06,nan,nan,nan,nan
4178,104.45,2.495770690e-06,1.994687236e-06,nan,nan,nan,nan
4179,104.475,2.495770695e-06,1.994687240e-06,nan,nan,nan,nan
4180,104.5,2.495770701e-06,1.994687235e-06,nan,nan,2.700618e-13,4.268808e-13
4181,104.525,2.495770703e-06,1.994687233e-06,nan,nan,nan,nan
4182,104.55,2.495770697e-06,1.994687235e-06,nan,nan,nan,nan
4183,104.575,2.495770693e-06,1.994687241e-06,nan,nan,nan,nan
4184,104.6,2.495770696e-06,1.994687241e-06,nan,nan,nan,nan
4185,104.625,2.495770701e-06,1.994687233e-06,nan,nan,nan,nan
4186,104.65,2.495770702e-06,1.994687227e-06,nan,nan,nan,nan
4187,104.675,2.495770699e-06,1.994687231e-06,nan,nan,nan,nan
4188,104.7,2.495770694e-06,1.994687243e-06,nan,nan,nan,nan
4189,104.725,2.495770695e-06,1.994687250e-06,nan,nan,nan,nan
4190,104.75,2.495770701e-06,1.994687245e-06,nan,nan,nan,nan
4191,104.775,2.495770703e-06,1.994687229e-06,nan,nan,nan,nan
4192,104.8,2.495770698e-06,1.994687223e-06,nan,nan,nan,nan
4193,104.825,2.495770690e-06,1.994687232e-06,nan,nan,nan,nan
4194,104.85,2.495770689e-06,1.994687246e-06,nan,nan,nan,nan
4195,104.875,2.495770697e-06,1.994687251e-06,nan,nan,nan,nan
4196,104.9,2.495770707e-06,1.994687243e-06,nan,nan,nan,nan
4197,104.925,2.495770708e-06,1.994687231e-06,nan,nan,nan,nan
4198,104.95,2.495770699e-06,1.994687228e-06,nan,nan,nan,nan
4199,104.975,2.495770689e-06,1.994687235e-06,nan,nan,nan,nan
4200,105,2.495770691e-06,1.994687241e-06,nan,nan,2.735312e-13,4.218847e-13
4201,105.025,2.495770700e-06,1.994687239e-06,nan,nan,nan,nan
4202,105.05,2.495770708e-06,1.994687236e-06,nan,nan,nan,nan
4203,105.075,2.495770706e-06,1.994687235e-06,nan,nan,nan,nan
4204,105.1,2.495770696e-06,1.994687239e-06,nan,nan,nan,nan
4205,105.125,2.495770691e-06,1.994687244e-06,nan,nan,nan,nan
4206,105.15,2.495770694e-06,1.994687238e-06,nan,nan,nan,nan
4207,105.175,2.495770701e-06,1.994687228e-06,nan,nan,nan,nan
4208,105.2,2.495770702e-06,1.994687225e-06,nan,nan,nan,nan
4209,105.225,2.495770698e-06,1.994687234e-06,nan,nan,nan,nan
4210,105.25,2.495770696e-06,1.994687247e-06,nan,nan,nan,nan
4211,105.275,2.495770698e-06,1.994687250e-06,nan,nan,nan,nan
4212,105.3,2.495770703e-06,1.994687238e-06,nan,nan,nan,nan
4213,105.325,2.495770702e-06,1.994687224e-06,nan,nan,nan,nan
4214,105.35,2.495770694e-06,1.994687221e-06,nan,nan,nan,nan
4215,105.375,2.495770688e-06,1.994687233e-06,nan,nan,nan,nan
4216,105.4,2.495770693e-06,1.994687246e-06,nan,nan,nan,nan
4217,105.425,2.495770703e-06,1.994687247e-06,nan,nan,nan,nan
4218,105.45,2.495770709e-06,1.994687239e-06,nan,nan,nan,nan
4219,105.475,2.495770704e-06,1.994687230e-06,nan,nan,nan,nan
4220,105.5,2.495770691e-06,1.994687230e-06,nan,nan,2.745026e-13,4.210521e-13
4221,105.525,2.495770685e-06,1.994687235e-06,nan,nan,nan,nan
4222,105.55,2.495770692e-06,1.994687239e-06,nan,nan,nan,nan
4223,105.575,2.495770704e-06,1.994687237e-06,nan,nan,nan,nan
4224,105.6,2.495770709e-06,1.994687234e-06,nan,nan,nan,nan
4225,105.625,2.495770704e-06,1.994687236e-06,nan,nan,nan,nan
4226,105.65,2.495770694e-06,1.994687241e-06,nan,nan,nan,nan
4227,105.675,2.495770692e-06,1.994687240e-06,nan,nan,nan,nan
4228,105.7,2.495770698e-06,1.994687234e-06,nan,nan,nan,nan
4229,105.725,2.495770702e-06,1.994687227e-06,nan,nan,nan,nan
4230,105.75,2.495770700e-06,1.994687228e-06,nan,nan,nan,nan
4231,105.775,2.495770698e-06,1.994687238e-06,nan,nan,nan,nan
4232,105.8,2.495770698e-06,1.994687245e-06,nan,nan,nan,nan
4233,105.825,2.495770702e-06,1.994687244e-06,nan,nan,nan,nan
4234,105.85,2.495770704e-06,1.994687236e-06,nan,nan,nan,nan
4235,105.875,2.495770698e-06,1.994687230e-06,nan,nan,nan,nan
4236,105.9,2.495770690e-06,1.994687231e-06,nan,nan,nan,nan
4237,105.925,2.495770689e-06,1.994687240e-06,nan,nan,nan,nan
4238,105.95,2.495770697e-06,1.994687244e-06,nan,nan,nan,nan
4239,105.975,2.495770707e-06,1.994687243e-06,nan,nan,nan,nan
4240,106,2.495770710e-06,1.994687237e-06,nan,nan,2.822742e-13,4.277134e-13
4241,106.025,2.495770699e-06,1.994687232e-06,nan,nan,nan,nan
4242,106.05,2.495770688e-06,1.994687232e-06,nan,nan,nan,nan
4243,106.075,2.495770686e-06,1.994687235e-06,nan,nan,nan,nan
4244,106.1,2.495770695e-06,1.994687237e-06,nan,nan,nan,nan
4245,106.125,2.495770706e-06,1.994687238e-06,nan,nan,nan,nan
4246,106.15,2.495770708e-06,1.994687238e-06,nan,nan,nan,nan
4247,106.175,2.495770702e-06,1.994687239e-06,nan,nan,nan,nan
4248,106.2,2.495770696e-06,1.994687238e-06,nan,nan,nan,nan
4249,106.225,2.495770694e-06,1.994687235e-06,nan,nan,nan,nan
4250,106.25,2.495770696e-06,1.994687231e-06,nan,nan,nan,nan
4251,106.275,2.495770697e-06,1.994687231e-06,nan,nan,nan,nan
4252,106.3,2.495770697e-06,1.994687235e-06,nan,nan,nan,nan
4253,106.325,2.495770698e-06,1.994687240e-06,nan,nan,nan,nan
4254,106.35,2.495770700e-06,1.994687241e-06,nan,nan,nan,nan
4255,106.375,2.495770702e-06,1.994687238e-06,nan,nan,nan,nan
4256,106.4,2.495770700e-06,1.994687234e-06,nan,nan,nan,nan
4257,106.425,2.495770695e-06,1.994687232e-06,nan,nan,nan,nan
4258,106.45,2.495770691e-06,1.994687233e-06,nan,nan,nan,nan
4259,106.475,2.495770694e-06,1.994687237e-06,nan,nan,nan,nan
4260,106.5,2.495770700e-06,1.994687239e-06,nan,nan,2.814415e-13,4.291012e-13
4261,106.525,2.495770705e-06,1.994687239e-06,nan,nan,nan,nan
4262,106.55,2.495770704e-06,1.994687236e-06,nan,nan,nan,nan
4263,106.575,2.495770695e-06,1.994687234e-06,nan,nan,nan,nan
4264,106.6,2.495770691e-06,1.994687230e-06,nan,nan,nan,nan
4265,106.625,2.495770693e-06,1.994687233e-06,nan,nan,nan,nan
4266,106.65,2.495770699e-06,1.994687238e-06,nan,nan,nan,nan
4267,106.675,2.495770705e-06,1.994687242e-06,nan,nan,nan,nan
4268,106.7,2.495770705e-06,1.994687241e-06,nan,nan,nan,nan
4269,106.725,2.495770702e-06,1.994687236e-06,nan,nan,nan,nan
4270,106.75,2.495770697e-06,1.994687231e-06,nan,nan,nan,nan
4271,106.775,2.495770693e-06,1.994687231e-06,nan,nan,nan,nan
4272,106.8,2.495770692e-06,1.994687236e-06,nan,nan,nan,nan
4273,106.825,2.495770694e-06,1.994687240e-06,nan,nan,nan,nan
4274,106.85,2.495770698e-06,1.994687241e-06,nan,nan,nan,nan
4275,106.875,2.495770702e-06,1.994687239e-06,nan,nan,nan,nan
4276,106.9,2.495770704e-06,1.994687236e-06,nan,nan,nan,nan
4277,106.925,2.495770700e-06,1.994687236e-06,nan,nan,nan,nan
4278,106.95,2.495770695e-06,1.994687237e-06,nan,nan,nan,nan
4279,106.975,2.495770693e-06,1.994687235e-06,nan,nan,nan,nan
4280,107,2.495770695e-06,1.994687233e-06,nan,nan,2.825518e-13,4.374279e-13
4281,107.025,2.495770699e-06,1.994687234e-06,nan,nan,nan,nan
4282,107.05,2.495770702e-06,1.994687240e-06,nan,nan,nan,nan
4283,107.075,2.495770701e-06,1.994687245e-06,nan,nan,nan,nan
4284,107.1,2.495770699e-06,1.994687242e-06,nan,nan,nan,nan
4285,107.125,2.495770696e-06,1.994687233e-06,nan,nan,nan,nan
4286,107.15,2.495770694e-06,1.994687226e-06,nan,nan,nan,nan
4287,107.175,2.495770696e-06,1.994687230e-06,nan,nan,nan,nan
4288,107.2,2.495770698e-06,1.994687240e-06,nan,nan,nan,nan
4289,107.225,2.495770702e-06,1.994687248e-06,nan,nan,nan,nan
4290,107.25,2.495770703e-06,1.994687243e-06,nan,nan,nan,nan
4291,107.275,2.495770701e-06,1.994687233e-06,nan,nan,nan,nan
4292,107.3,2.495770696e-06,1.994687227e-06,nan,nan,nan,nan
4293,107.325,2.495770693e-06,1.994687229e-06,nan,nan,nan,nan
4294,107.35,2.495770694e-06,1.994687238e-06,nan,nan,nan,nan
4295,107.375,2.495770700e-06,1.994687241e-06,nan,nan,nan,nan
4296,107.4,2.495770707e-06,1.994687238e-06,nan,nan,nan,nan
4297,107.425,2.495770706e-06,1.994687234e-06,nan,nan,nan,nan
4298,107.45,2.495770697e-06,1.994687235e-06,nan,nan,nan,nan
4299,107.475,2.495770690e-06,1.994687238e-06,nan,nan,nan,nan
4300,107.5,2.495770691e-06,1.994687238e-06,nan,nan,2.857437e-13,4.363176e-13
4301,107.525,2.495770698e-06,1.994687233e-06,nan,nan,nan,nan
4302,107.55,2.495770704e-06,1.994687229e-06,nan,nan,nan,nan
4303,107.575,2.495770705e-06,1.994687233e-06,nan,nan,nan,nan
4304,107.6,2.495770699e-06,1.994687243e-06,nan,nan,nan,nan
4305,107.625,2.495770694e-06,1.994687247e-06,nan,nan,nan,nan
4306,107.65,2.495770694e-06,1.994687240e-06,nan,nan,nan,nan
4307,107.675,2.495770695e-06,1.994687229e-06,nan,nan,nan,nan
4308,107.7,2.495770697e-06,1.994687224e-06,nan,nan,nan,nan
4309,107.725,2.495770696e-06,1.994687234e-06,nan,nan,nan,nan
4310,107.75,2.495770698e-06,1.994687247e-06,nan,nan,nan,nan
4311,107.775,2.495770703e-06,1.994687250e-06,nan,nan,nan,nan
4312,107.8,2.495770705e-06,1.994687241e-06,nan,nan,nan,nan
4313,107.825,2.495770701e-06,1.994687229e-06,nan,nan,nan,nan
4314,107.85,2.495770693e-06,1.994687227e-06,nan,nan,nan,nan
4315,107.875,2.495770687e-06,1.994687235e-06,nan,nan,nan,nan
4316,107.9,2.495770692e-06,1.994687243e-06,nan,nan,nan,nan
4317,107.925,2.495770705e-06,1.994687243e-06,nan,nan,nan,nan
4318,107.95,2.495770711e-06,1.994687236e-06,nan,nan,nan,nan
4319,107.975,2.495770705e-06,1.994687233e-06,nan,nan,nan,nan
4320,108,2.495770694e-06,1.994687237e-06,nan,nan,2.906009e-13,4.429790e-13
4321,108.025,2.495770688e-06,1.994687242e-06,nan,nan,nan,nan
4322,108.05,2.495770693e-06,1.994687238e-06,nan,nan,nan,nan
4323,108.075,2.495770702e-06,1.994687230e-06,nan,nan,nan,nan
4324,108.1,2.495770705e-06,1.994687227e-06,nan,nan,nan,nan
4325,108.125,2.495770701e-06,1.994687235e-06,nan,nan,nan,nan
4326,108.15,2.495770696e-06,1.994687246e-06,nan,nan,nan,nan
4327,108.175,2.495770696e-06,1.994687249e-06,nan,nan,nan,nan
4328,108.2,2.495770698e-06,1.994687238e-06,nan,nan,nan,nan
4329,108.225,2.495770699e-06,1.994687227e-06,nan,nan,nan,nan
4330,108.25,2.495770694e-06,1.994687226e-06,nan,nan,nan,nan
4331,108.275,2.495770692e-06,1.994687238e-06,nan,nan,nan,nan
4332,108.3,2.495770699e-06,1.994687248e-06,nan,nan,nan,nan
4333,108.325,2.495770707e-06,1.994687244e-06,nan,nan,nan,nan
4334,108.35,2.495770707e-06,1.994687233e-06,nan,nan,nan,nan
4335,108.375,2.495770698e-06,1.994687224e-06,nan,nan,nan,nan
4336,108.4,2.495770687e-06,1.994687228e-06,nan,nan,nan,nan
4337,108.425,2.495770686e-06,1.994687238e-06,nan,nan,nan,nan
4338,108.45,2.495770698e-06,1.994687244e-06,nan,nan,nan,nan
4339,108.475,2.495770709e-06,1.994687240e-06,nan,nan,nan,nan
4340,108.5,2.495770711e-06,1.994687233e-06,nan,nan,2.951805e-13,4.379830e-13
4341,108.525,2.495770701e-06,1.994687232e-06,nan,nan,nan,nan
4342,108.55,2.495770690e-06,1.994687235e-06,nan,nan,nan,nan
4343,108.575,2.495770689e-06,1.994687238e-06,nan,nan,nan,nan
4344,108.6,2.495770697e-06,1.994687235e-06,nan,nan,nan,nan
4345,108.625,2.495770704e-06,1.994687231e-06,nan,nan,nan,nan
4346,108.65,2.495770702e-06,1.994687232e-06,nan,nan,nan,nan
4347,108.675,2.495770695e-06,1.994687240e-06,nan,nan,nan,nan
4348,108.7,2.495770694e-06,1.994687245e-06,nan,nan,nan,nan
4349,108.725,2.495770698e-06,1.994687242e-06,nan,nan,nan,nan
4350,108.75,2.495770702e-06,1.994687231e-06,nan,nan,nan,nan
4351,108.775,2.495770699e-06,1.994687225e-06,nan,nan,nan,nan
4352,108.8,2.495770692e-06,1.994687231e-06,nan,nan,nan,nan
4353,108.825,2.495770694e-06,1.994687241e-06,nan,nan,nan,nan
4354,108.85,2.495770699e-06,1.994687247e-06,nan,nan,nan,nan
4355,108.875,2.495770705e-06,1.994687243e-06,nan,nan,nan,nan
4356,108.9,2.495770703e-06,1.994687234e-06,nan,nan,nan,nan
4357,108.925,2.495770694e-06,1.994687229e-06,nan,nan,nan,nan
4358,108.95,2.495770687e-06,1.994687232e-06,nan,nan,nan,nan
4359,108.975,2.495770692e-06,1.994687239e-06,nan,nan,nan,nan
4360,109,2.495770704e-06,1.994687242e-06,nan,nan,2.936540e-13,4.360401e-13
4361,109.025,2.495770709e-06,1.994687239e-06,nan,nan,nan,nan
4362,109.05,2.495770705e-06,1.994687237e-06,nan,nan,nan,nan
4363,109.075,2.495770694e-06,1.994687236e-06,nan,nan,nan,nan
4364,109.1,2.495770689e-06,1.994687236e-06,nan,nan,nan,nan
4365,109.125,2.495770694e-06,1.994687236e-06,nan,nan,nan,nan
4366,109.15,2.495770701e-06,1.994687233e-06,nan,nan,nan,nan
4367,109.175,2.495770703e-06,1.994687234e-06,nan,nan,nan,nan
4368,109.2,2.495770700e-06,1.994687237e-06,nan,nan,nan,nan
4369,109.225,2.495770697e-06,1.994687240e-06,nan,nan,nan,nan
4370,109.25,2.495770697e-06,1.994687240e-06,nan,nan,nan,nan
4371,109.275,2.495770699e-06,1.994687235e-06,nan,nan,nan,nan
4372,109.3,2.495770697e-06,1.994687230e-06,nan,nan,nan,nan
4373,109.325,2.495770694e-06,1.994687232e-06,nan,nan,nan,nan
4374,109.35,2.495770693e-06,1.994687237e-06,nan,nan,nan,nan
4375,109.375,2.495770699e-06,1.994687243e-06,nan,nan,nan,nan
4376,109.4,2.495770705e-06,1.994687243e-06,nan,nan,nan,nan
4377,109.425,2.495770704e-06,1.994687239e-06,nan,nan,nan,nan
4378,109.45,2.495770696e-06,1.994687233e-06,nan,nan,nan,nan
4379,109.475,2.495770690e-06,1.994687230e-06,nan,nan,nan,nan
4380,109.5,2.495770691e-06,1.994687231e-06,nan,nan,2.958744e-13,4.357625e-13
4381,109.525,2.495770699e-06,1.994687235e-06,nan,nan,nan,nan
4382,109.55,2.495770705e-06,1.994687240e-06,nan,nan,nan,nan
4383,109.575,2.495770703e-06,1.994687243e-06,nan,nan,nan,nan
4384,109.6,2.495770698e-06,1.994687241e-06,nan,nan,nan,nan
4385,109.625,2.495770693e-06,1.994687235e-06,nan,nan,nan,nan
4386,109.65,2.495770695e-06,1.994687230e-06,nan,nan,nan,nan
4387,109.675,2.495770700e-06,1.994687230e-06,nan,nan,nan,nan
4388,109.7,2.495770704e-06,1.994687236e-06,nan,nan,nan,nan
4389,109.725,2.495770702e-06,1.994687242e-06,nan,nan,nan,nan
4390,109.75,2.495770700e-06,1.994687243e-06,nan,nan,nan,nan
4391,109.775,2.495770699e-06,1.994687239e-06,nan,nan,nan,nan
4392,109.8,2.495770699e-06,1.994687234e-06,nan,nan,nan,nan
4393,109.825,2.495770695e-06,1.994687233e-06,nan,nan,nan,nan
4394,109.85,2.495770693e-06,1.994687235e-06,nan,nan,nan,nan
4395,109.875,2.495770695e-06,1.994687238e-06,nan,nan,nan,nan
4396,109.9,2.495770702e-06,1.994687239e-06,nan,nan,nan,nan
4397,109.925,2.495770706e-06,1.994687239e-06,nan,nan,nan,nan
4398,109.95,2.495770704e-06,1.994687239e-06,nan,nan,nan,nan
4399,109.975,2.495770696e-06,1.994687241e-06,nan,nan,nan,nan
4400,110,2.495770690e-06,1.994687240e-06,nan,nan,2.939315e-13,4.421463e-13
