n,t,maxE_SF,maxH_SF,W_total,W_phys,divE_TF,divH_TF
1,0.025,0.000000000e+00,0.000000000e+00,nan,nan,nan,nan
2,0.05,0.000000000e+00,0.000000000e+00,nan,nan,nan,nan
3,0.075,0.000000000e+00,0.000000000e+00,nan,nan,nan,nan
4,0.1,0.000000000e+00,0.000000000e+00,nan,nan,nan,nan
5,0.125,0.000000000e+00,0.000000000e+00,nan,nan,nan,nan
6,0.15,0.000000000e+00,0.000000000e+00,nan,nan,nan,nan
7,0.175,0.000000000e+00,0.000000000e+00,nan,nan,nan,nan
8,0.2,0.000000000e+00,0.000000000e+00,nan,nan,nan,nan
9,0.225,0.000000000e+00,0.000000000e+00,nan,nan,nan,nan
10,0.25,0.000000000e+00,0.000000000e+00,nan,nan,nan,nan
11,0.275,0.000000000e+00,0.000000000e+00,nan,nan,nan,nan
12,0.3,0.000000000e+00,0.000000000e+00,nan,nan,nan,nan
13,0.325,0.000000000e+00,0.000000000e+00,nan,nan,nan,nan
14,0.35,0.000000000e+00,0.000000000e+00,nan,nan,nan,nan
15,0.375,0.000000000e+00,0.000000000e+00,nan,nan,nan,nan
16,0.4,0.000000000e+00,0.000000000e+00,nan,nan,nan,nan
17,0.425,0.000000000e+00,0.000000000e+00,nan,nan,nan,nan
18,0.45,0.000000000e+00,0.000000000e+00,nan,nan,nan,nan
19,0.475,0.000000000e+00,0.000000000e+00,nan,nan,nan,nan
20,0.5,0.000000000e+00,0.000000000e+00,nan,nan,nan,nan
21,0.525,0.000000000e+00,0.000000000e+00,nan,nan,nan,nan
22,0.55,0.000000000e+00,0.000000000e+00,nan,nan,nan,nan
23,0.575,0.000000000e+00,0.000000000e+00,nan,nan,nan,nan
24,0.6,0.000000000e+00,0.000000000e+00,nan,nan,nan,nan
25,0.625,0.000000000e+00,0.000000000e+00,nan,nan,nan,nan
26,0.65,0.000000000e+00,0.000000000e+00,nan,nan,nan,nan
27,0.675,0.000000000e+00,0.000000000e+00,nan,nan,nan,nan
28,0.7,0.000000000e+00,0.000000000e+00,nan,nan,nan,nan
29,0.725,0.000000000e+00,0.000000000e+00,nan,nan,nan,nan
30,0.75,0.000000000e+00,0.000000000e+00,nan,nan,nan,nan
31,0.775,0.000000000e+00,0.000000000e+00,nan,nan,nan,nan
32,0.8,0.000000000e+00,0.000000000e+00,nan,nan,nan,nan
33,0.825,0.000000000e+00,0.000000000e+00,nan,nan,nan,nan
34,0.85,0.000000000e+00,0.000000000e+00,nan,nan,nan,nan
35,0.875,0.000000000e+00,0.000000000e+00,nan,nan,nan,nan
36,0.9,0.000000000e+00,0.000000000e+00,nan,nan,nan,nan
37,0.925,0.000000000e+00,0.000000000e+00,nan,nan,nan,nan
38,0.95,0.000000000e+00,0.000000000e+00,nan,nan,nan,nan
39,0.975,0.000000000e+00,0.000000000e+00,nan,nan,nan,nan
40,1,0.000000000e+00,0.000000000e+00,nan,nan,nan,nan
41,1.025,0.000000000e+00,0.000000000e+00,nan,nan,nan,nan
42,1.05,0.000000000e+00,0.000000000e+00,nan,nan,nan,nan
43,1.075,2.672764710e-51,2.672764710e-51,nan,nan,nan,nan
44,1.1,8.552847072e-50,8.552847072e-50,nan,nan,nan,nan
45,1.125,1.689187297e-48,2.736911063e-48,nan,nan,nan,nan
46,1.15,3.282088245e-47,3.284293276e-47,nan,nan,nan,nan
47,1.175,3.058498113e-46,3.503246161e-46,nan,nan,nan,nan
48,1.2,4.291817993e-45,5.605193857e-45,nan,nan,nan,nan
49,1.225,3.573379574e-44,4.484155086e-44,nan,nan,nan,nan
50,1.25,3.197088768e-43,3.587324069e-43,nan,nan,nan,nan
51,1.275,1.546442331e-42,1.434929627e-42,nan,nan,nan,nan
52,1.3,1.139421404e-41,1.721915553e-41,nan,nan,nan,nan
53,1.325,7.754434866e-41,9.183549616e-41,nan,nan,nan,nan
54,1.35,3.483163747e-40,4.591774808e-40,nan,nan,nan,nan
55,1.375,1.756700248e-39,2.204051908e-39,nan,nan,nan,nan
56,1.4,7.737452166e-39,1.175494351e-38,nan,nan,nan,nan
57,1.425,4.054818948e-38,5.877471754e-38,nan,nan,nan,nan
58,1.45,1.289717699e-37,1.880790961e-37,nan,nan,nan,nan
59,1.475,4.687779111e-37,9.403954807e-37,nan,nan,nan,nan
60,1.5,1.722464049e-36,2.633107346e-36,nan,nan,nan,nan
61,1.525,5.687640670e-36,1.128474577e-35,nan,nan,nan,nan
62,1.55,1.846076007e-35,3.761581923e-35,nan,nan,nan,nan
63,1.575,4.920412722e-35,1.083335594e-34,nan,nan,nan,nan
64,1.6,1.503692723e-34,3.611118646e-34,nan,nan,nan,nan
65,1.625,4.694011157e-34,9.629649722e-34,nan,nan,nan,nan
66,1.65,1.393542124e-33,2.696301922e-33,nan,nan,nan,nan
67,1.675,3.364941903e-33,7.703719778e-33,nan,nan,nan,nan
68,1.7,8.211163113e-33,1.848892747e-32,nan,nan,nan,nan
69,1.725,1.938787535e-32,4.468157471e-32,nan,nan,nan,nan
70,1.75,4.093293047e-32,9.860761315e-32,nan,nan,nan,nan
71,1.775,9.089605422e-32,2.341930812e-31,nan,nan,nan,nan
72,1.8,2.091656909e-31,5.423418723e-31,nan,nan,nan,nan
73,1.825,3.684062184e-31,9.860761315e-31,nan,nan,nan,nan
74,1.85,6.776771060e-31,2.070759876e-30,nan,nan,nan,nan
75,1.875,1.334212733e-30,3.944304526e-30,nan,nan,nan,nan
76,1.9,2.376268288e-30,7.494178600e-30,nan,nan,nan,nan
77,1.925,4.367899997e-30,1.222734403e-29,nan,nan,nan,nan
78,1.95,7.621951231e-30,2.287696625e-29,nan,nan,nan,nan
79,1.975,1.334119279e-29,3.628760164e-29,nan,nan,nan,nan
80,2,2.221587798e-29,5.995342880e-29,nan,nan,nan,nan
81,2.025,3.513347530e-29,8.993014320e-29,nan,nan,nan,nan
82,2.05,5.544664361e-29,1.262177448e-28,nan,nan,nan,nan
83,2.075,8.256373723e-29,1.711828164e-28,nan,nan,nan,nan
84,2.1,1.153014648e-28,2.429691588e-28,nan,nan,nan,nan
85,2.125,1.594776755e-28,3.218552493e-28,nan,nan,nan,nan
86,2.15,2.083870516e-28,3.849641217e-28,nan,nan,nan,nan
87,2.175,2.494078187e-28,4.417621069e-28,nan,nan,nan,nan
88,2.2,2.809622549e-28,4.543838814e-28,nan,nan,nan,nan
89,2.225,3.440711273e-28,4.291403324e-28,nan,nan,nan,nan
90,2.25,3.377602401e-28,4.543838814e-28,nan,nan,nan,nan
91,2.275,3.814261634e-28,4.796274304e-28,nan,nan,nan,nan
92,2.3,4.192914868e-28,6.058451752e-28,nan,nan,nan,nan
93,2.325,3.440994038e-28,8.582806649e-28,nan,nan,nan,nan
94,2.35,4.198300507e-28,1.060229057e-27,nan,nan,nan,nan
95,2.375,4.327956631e-28,1.060229057e-27,nan,nan,nan,nan
96,2.4,4.616526306e-28,1.236933899e-27,nan,nan,nan,nan
97,2.425,5.889541083e-28,1.363151644e-27,nan,nan,nan,nan
98,2.45,7.404154021e-28,1.363151644e-27,nan,nan,nan,nan
99,2.475,7.909025001e-28,1.363151644e-27,nan,nan,nan,nan
100,2.5,8.666331470e-28,1.514612938e-27,nan,nan,nan,nan
101,2.525,9.928508918e-28,1.666074232e-27,nan,nan,nan,nan
102,2.55,1.018094441e-27,1.716561330e-27,nan,nan,nan,nan
103,2.575,1.119068637e-27,1.716561330e-27,nan,nan,nan,nan
104,2.6,1.119068637e-27,1.868022624e-27,nan,nan,nan,nan
105,2.625,1.197873369e-27,2.069971015e-27,nan,nan,nan,nan
106,2.65,1.399821761e-27,2.221432309e-27,nan,nan,nan,nan
107,2.675,1.425065310e-27,2.271919407e-27,nan,nan,nan,nan
108,2.7,1.349334663e-27,2.423380701e-27,nan,nan,nan,nan
109,2.725,1.510118154e-27,2.827277484e-27,nan,nan,nan,nan
110,2.75,1.762553644e-27,3.231174268e-27,nan,nan,nan,nan
111,2.775,1.838284290e-27,3.534096855e-27,nan,nan,nan,nan
112,2.8,1.787797193e-27,3.635071051e-27,nan,nan,nan,nan
113,2.825,1.661579448e-27,3.736045247e-27,nan,nan,nan,nan
114,2.85,1.510118154e-27,3.837019443e-27,nan,nan,nan,nan
115,2.875,1.721005766e-27,4.341890422e-27,nan,nan,nan,nan
116,2.9,1.973441255e-27,4.846761402e-27,nan,nan,nan,nan
117,2.925,2.211896536e-27,5.048709793e-27,nan,nan,nan,nan
118,2.95,2.767254613e-27,5.654554969e-27,nan,nan,nan,nan
119,2.975,3.272125592e-27,6.058451752e-27,nan,nan,nan,nan
120,3,3.474073984e-27,6.260400144e-27,nan,nan,nan,nan
121,3.025,3.827483670e-27,7.068193711e-27,nan,nan,nan,nan
122,3.05,3.877970767e-27,7.068193711e-27,nan,nan,nan,nan
123,3.075,3.887912887e-27,6.260400144e-27,nan,nan,nan,nan
124,3.1,4.190835475e-27,6.866245319e-27,nan,nan,nan,nan
125,3.125,4.897654846e-27,7.270142103e-27,nan,nan,nan,nan
126,3.15,4.695706454e-27,7.875987278e-27,nan,nan,nan,nan
127,3.175,4.824434915e-27,9.289626020e-27,nan,nan,nan,nan
128,3.2,5.402525825e-27,1.050131637e-26,nan,nan,nan,nan
129,3.225,5.733202678e-27,1.130910994e-26,nan,nan,nan,nan
130,3.25,6.137099461e-27,1.332859385e-26,nan,nan,nan,nan
131,3.275,6.137099461e-27,1.454028421e-26,nan,nan,nan,nan
132,3.3,6.137099461e-27,1.494418099e-26,nan,nan,nan,nan
133,3.325,5.868836161e-27,1.454028421e-26,nan,nan,nan,nan
134,3.35,6.089386328e-27,1.454028421e-26,nan,nan,nan,nan
135,3.375,5.685489545e-27,1.575197456e-26,nan,nan,nan,nan
136,3.4,6.938889965e-27,1.615587134e-26,nan,nan,nan,nan
137,3.425,8.352528707e-27,1.655976812e-26,nan,nan,nan,nan
138,3.45,9.564219057e-27,1.696366491e-26,nan,nan,nan,nan
139,3.475,9.968115841e-27,2.059873596e-26,nan,nan,nan,nan
140,3.5,1.138175458e-26,2.019483917e-26,nan,nan,nan,nan
141,3.525,1.400708368e-26,2.100263274e-26,nan,nan,nan,nan
142,3.55,1.380513528e-26,2.423380701e-26,nan,nan,nan,nan
143,3.575,1.318934799e-26,2.261821987e-26,nan,nan,nan,nan
144,3.6,1.480493512e-26,2.665718771e-26,nan,nan,nan,nan
145,3.625,1.561272869e-26,2.746498128e-26,nan,nan,nan,nan
146,3.65,1.728891398e-26,2.827277484e-26,nan,nan,nan,nan
147,3.675,1.728891398e-26,3.069615554e-26,nan,nan,nan,nan
148,3.7,1.809670755e-26,3.554291695e-26,nan,nan,nan,nan
149,3.725,2.052008825e-26,4.038967835e-26,nan,nan,nan,nan
150,3.75,2.173177860e-26,4.281305905e-26,nan,nan,nan,nan
151,3.775,2.011619146e-26,4.523643975e-26,nan,nan,nan,nan
152,3.8,2.253957217e-26,4.846761402e-26,nan,nan,nan,nan
153,3.825,2.213567538e-26,4.523643975e-26,nan,nan,nan,nan
154,3.85,1.943872820e-26,4.685202688e-26,nan,nan,nan,nan
155,3.875,2.166000150e-26,5.492996255e-26,nan,nan,nan,nan
156,3.9,2.489322528e-26,5.654554969e-26,nan,nan,nan,nan
157,3.925,2.691270920e-26,5.816113682e-26,nan,nan,nan,nan
158,3.95,3.256726417e-26,6.139231109e-26,nan,nan,nan,nan
159,3.975,3.902961270e-26,6.623907249e-26,nan,nan,nan,nan
160,4,4.226078697e-26,7.593259529e-26,nan,nan,nan,nan
161,4.025,4.226078697e-26,7.431700816e-26,nan,nan,nan,nan
162,4.05,4.226078697e-26,7.431700816e-26,nan,nan,nan,nan
163,4.075,4.387637411e-26,7.431700816e-26,nan,nan,nan,nan
164,4.1,4.736992598e-26,7.754818243e-26,nan,nan,nan,nan
165,4.125,5.140889382e-26,8.077935669e-26,nan,nan,nan,nan
166,4.15,5.464006809e-26,9.208846663e-26,nan,nan,nan,nan
167,4.175,4.898551312e-26,1.050131637e-25,nan,nan,nan,nan
168,4.2,5.566494253e-26,1.163222736e-25,nan,nan,nan,nan
169,4.225,5.889611680e-26,1.260157964e-25,nan,nan,nan,nan
170,4.25,6.374287820e-26,1.357093192e-25,nan,nan,nan,nan
171,4.275,6.697405247e-26,1.486340163e-25,nan,nan,nan,nan
172,4.3,6.051170394e-26,1.647898877e-25,nan,nan,nan,nan
173,4.325,6.174578708e-26,1.583275391e-25,nan,nan,nan,nan
174,4.35,5.851461281e-26,1.550963649e-25,nan,nan,nan,nan
175,4.375,6.498944906e-26,1.615587134e-25,nan,nan,nan,nan
176,4.4,7.582853510e-26,1.809457590e-25,nan,nan,nan,nan
177,4.425,9.359999357e-26,1.971016303e-25,nan,nan,nan,nan
178,4.45,1.016779292e-25,2.067951531e-25,nan,nan,nan,nan
179,4.475,1.113714520e-25,2.197198502e-25,nan,nan,nan,nan
180,4.5,1.259117362e-25,2.261821987e-25,nan,nan,nan,nan
181,4.525,1.356052591e-25,2.132575017e-25,nan,nan,nan,nan
182,4.55,1.323740848e-25,2.326445473e-25,nan,nan,nan,nan
183,4.575,1.383216202e-25,2.584939414e-25,nan,nan,nan,nan
184,4.6,1.447839688e-25,2.649562900e-25,nan,nan,nan,nan
185,4.625,1.641710144e-25,2.584939414e-25,nan,nan,nan,nan
186,4.65,1.680938755e-25,2.649562900e-25,nan,nan,nan,nan
187,4.675,1.842497468e-25,3.166550782e-25,nan,nan,nan,nan
188,4.7,1.842497468e-25,3.683538665e-25,nan,nan,nan,nan
189,4.725,1.971744439e-25,4.006656092e-25,nan,nan,nan,nan
190,4.75,2.100991410e-25,4.652890946e-25,nan,nan,nan,nan
191,4.775,2.359485351e-25,4.782137916e-25,nan,nan,nan,nan
192,4.8,2.165614895e-25,4.523643975e-25,nan,nan,nan,nan
193,4.825,1.939432697e-25,4.523643975e-25,nan,nan,nan,nan
194,4.85,1.947621579e-25,4.782137916e-25,nan,nan,nan,nan
195,4.875,1.951590726e-25,5.169878828e-25,nan,nan,nan,nan
196,4.9,2.116071352e-25,5.686866711e-25,nan,nan,nan,nan
197,4.925,2.245318323e-25,5.816113682e-25,nan,nan,nan,nan
198,4.95,3.085423633e-25,5.945360653e-25,nan,nan,nan,nan
199,4.975,3.667035001e-25,6.720842477e-25,nan,nan,nan,nan
200,5,3.731658486e-25,7.237830360e-25,nan,nan,nan,nan
201,5.025,3.860905457e-25,6.979336418e-25,nan,nan,nan,nan
202,5.05,4.442516825e-25,7.496324301e-25,nan,nan,nan,nan
203,5.075,4.505220248e-25,7.754818243e-25,nan,nan,nan,nan
204,5.1,4.505220248e-25,7.754818243e-25,nan,nan,nan,nan
205,5.125,4.699090704e-25,7.884065213e-25,nan,nan,nan,nan
206,5.15,5.086831616e-25,9.305781891e-25,nan,nan,nan,nan
207,5.175,5.345325557e-25,1.008126372e-24,nan,nan,nan,nan
208,5.2,5.216078587e-25,1.085674554e-24,nan,nan,nan,nan
209,5.225,5.682604479e-25,1.240770919e-24,nan,nan,nan,nan
210,5.25,6.328839332e-25,1.421716678e-24,nan,nan,nan,nan
211,5.275,6.458086303e-25,1.550963649e-24,nan,nan,nan,nan
212,5.3,5.553357508e-25,1.447566072e-24,nan,nan,nan,nan
213,5.325,5.155826030e-25,1.395867284e-24,nan,nan,nan,nan
214,5.35,5.567768743e-25,1.499264860e-24,nan,nan,nan,nan
215,5.375,5.557967534e-25,1.602662437e-24,nan,nan,nan,nan
216,5.4,6.850437241e-25,1.706060013e-24,nan,nan,nan,nan
217,5.425,8.659894831e-25,1.706060013e-24,nan,nan,nan,nan
218,5.45,9.952364538e-25,1.757758802e-24,nan,nan,nan,nan
219,5.475,1.098634030e-24,2.067951531e-24,nan,nan,nan,nan
220,5.5,1.202031607e-24,2.119650320e-24,nan,nan,nan,nan
221,5.525,1.227881001e-24,2.171349108e-24,nan,nan,nan,nan
222,5.55,1.202031607e-24,2.274746685e-24,nan,nan,nan,nan
223,5.575,1.187481381e-24,2.326445473e-24,nan,nan,nan,nan
224,5.6,1.265029563e-24,2.481541838e-24,nan,nan,nan,nan
225,5.625,1.368427140e-24,2.481541838e-24,nan,nan,nan,nan
226,5.65,1.502013490e-24,2.584939414e-24,nan,nan,nan,nan
227,5.675,1.657109855e-24,2.843433356e-24,nan,nan,nan,nan
228,5.7,1.424465308e-24,3.412120027e-24,nan,nan,nan,nan
229,5.725,1.605411067e-24,3.825710333e-24,nan,nan,nan,nan
230,5.75,1.993151979e-24,3.825710333e-24,nan,nan,nan,nan
231,5.775,1.967302585e-24,4.135903063e-24,nan,nan,nan,nan
232,5.8,1.682959249e-24,4.135903063e-24,nan,nan,nan,nan
233,5.825,1.659398509e-24,4.239300639e-24,nan,nan,nan,nan
234,5.85,1.701230575e-24,4.239300639e-24,nan,nan,nan,nan
235,5.875,1.682599221e-24,4.446095792e-24,nan,nan,nan,nan
236,5.9,1.968597367e-24,4.756288522e-24,nan,nan,nan,nan
237,5.925,2.509779833e-24,5.169878828e-24,nan,nan,nan,nan
238,5.95,2.871671351e-24,5.583469135e-24,nan,nan,nan,nan
239,5.975,3.181864081e-24,5.376673982e-24,nan,nan,nan,nan
240,6,3.440358022e-24,5.376673982e-24,nan,nan,nan,nan
241,6.025,3.543755599e-24,6.203854594e-24,nan,nan,nan,nan
242,6.05,3.336960446e-24,6.410649747e-24,nan,nan,nan,nan
243,6.075,3.647153175e-24,5.997059441e-24,nan,nan,nan,nan
244,6.1,3.973511719e-24,6.410649747e-24,nan,nan,nan,nan
245,6.125,4.180306872e-24,7.031035207e-24,nan,nan,nan,nan
246,6.15,4.180306872e-24,7.444625513e-24,nan,nan,nan,nan
247,6.175,4.180306872e-24,8.478601279e-24,nan,nan,nan,nan
248,6.2,4.737384021e-24,9.719372197e-24,nan,nan,nan,nan
249,6.225,4.737384021e-24,1.116693827e-23,nan,nan,nan,nan
250,6.25,5.564564634e-24,1.137373342e-23,nan,nan,nan,nan
251,6.275,5.461167057e-24,1.158052858e-23,nan,nan,nan,nan
252,6.3,4.575258855e-24,1.282129949e-23,nan,nan,nan,nan
253,6.325,4.228794879e-24,1.282129949e-23,nan,nan,nan,nan
254,6.35,4.934210214e-24,1.323488980e-23,nan,nan,nan,nan
255,6.375,4.876118613e-24,1.406207041e-23,nan,nan,nan,nan
256,6.4,5.518880429e-24,1.447566072e-23,nan,nan,nan,nan
257,6.425,6.759651348e-24,1.447566072e-23,nan,nan,nan,nan
258,6.45,8.207217419e-24,1.447566072e-23,nan,nan,nan,nan
259,6.475,8.620807726e-24,1.737079286e-23,nan,nan,nan,nan
260,6.5,8.620807726e-24,1.861156378e-23,nan,nan,nan,nan
261,6.525,9.241193185e-24,1.861156378e-23,nan,nan,nan,nan
262,6.55,9.861578645e-24,1.819797348e-23,nan,nan,nan,nan
263,6.575,9.659216414e-24,1.902515409e-23,nan,nan,nan,nan
264,6.6,1.152037279e-23,1.902515409e-23,nan,nan,nan,nan
265,6.625,1.214075825e-23,1.985233470e-23,nan,nan,nan,nan
266,6.65,1.246457999e-23,2.233387654e-23,nan,nan,nan,nan
267,6.675,1.308496545e-23,2.398823776e-23,nan,nan,nan,nan
268,6.7,1.391214606e-23,2.812414083e-23,nan,nan,nan,nan
269,6.725,1.411894121e-23,3.143286328e-23,nan,nan,nan,nan
270,6.75,1.453253152e-23,3.474158573e-23,nan,nan,nan,nan
271,6.775,1.453253152e-23,3.556876634e-23,nan,nan,nan,nan
272,6.8,1.473932667e-23,3.308722450e-23,nan,nan,nan,nan
273,6.825,1.308496545e-23,3.226004389e-23,nan,nan,nan,nan
274,6.85,1.248828144e-23,3.474158573e-23,nan,nan,nan,nan
275,6.875,1.423651904e-23,3.639594695e-23,nan,nan,nan,nan
276,6.9,1.899280757e-23,3.887748879e-23,nan,nan,nan,nan
277,6.925,2.064716879e-23,3.970466940e-23,nan,nan,nan,nan
278,6.95,2.230153002e-23,4.301339185e-23,nan,nan,nan,nan
279,6.975,2.561025247e-23,4.135903063e-23,nan,nan,nan,nan
280,7,2.726461369e-23,4.301339185e-23,nan,nan,nan,nan
281,7.025,2.809179430e-23,4.797647553e-23,nan,nan,nan,nan
282,7.05,2.643743308e-23,4.797647553e-23,nan,nan,nan,nan
283,7.075,2.782886744e-23,4.466775308e-23,nan,nan,nan,nan
284,7.1,3.031040928e-23,4.797647553e-23,nan,nan,nan,nan
285,7.125,3.237836081e-23,5.293955920e-23,nan,nan,nan,nan
286,7.15,3.072399958e-23,5.624828165e-23,nan,nan,nan,nan
287,7.175,3.043248959e-23,6.121136533e-23,nan,nan,nan,nan
288,7.2,3.704993449e-23,7.113753268e-23,nan,nan,nan,nan
289,7.225,4.118583756e-23,7.940933881e-23,nan,nan,nan,nan
290,7.25,3.787711511e-23,8.271806126e-23,nan,nan,nan,nan
291,7.275,3.539557327e-23,8.271806126e-23,nan,nan,nan,nan
292,7.3,3.622275388e-23,8.602678371e-23,nan,nan,nan,nan
293,7.325,3.374121204e-23,8.602678371e-23,nan,nan,nan,nan
294,7.35,3.587600454e-23,8.933550616e-23,nan,nan,nan,nan
295,7.375,3.630391976e-23,9.926167351e-23,nan,nan,nan,nan
296,7.4,4.407971414e-23,1.025703960e-22,nan,nan,nan,nan
297,7.425,5.317870088e-23,1.091878409e-22,nan,nan,nan,nan
298,7.45,6.062332639e-23,1.158052858e-22,nan,nan,nan,nan
299,7.475,6.558641007e-23,1.257314531e-22,nan,nan,nan,nan
300,7.5,6.558641007e-23,1.257314531e-22,nan,nan,nan,nan
301,7.525,7.054949374e-23,1.257314531e-22,nan,nan,nan,nan
302,7.55,7.716693864e-23,1.323488980e-22,nan,nan,nan,nan
303,7.575,7.872233521e-23,1.488925103e-22,nan,nan,nan,nan
304,7.6,8.037669644e-23,1.555099552e-22,nan,nan,nan,nan
305,7.625,8.368541889e-23,1.455837878e-22,nan,nan,nan,nan
306,7.65,8.533978011e-23,1.588186776e-22,nan,nan,nan,nan
307,7.675,8.699414134e-23,1.753622899e-22,nan,nan,nan,nan
308,7.7,9.214533743e-23,1.985233470e-22,nan,nan,nan,nan
309,7.725,9.710842111e-23,2.183756817e-22,nan,nan,nan,nan
310,7.75,1.070345885e-22,2.316105715e-22,nan,nan,nan,nan
311,7.775,1.037258660e-22,2.382280164e-22,nan,nan,nan,nan
312,7.8,1.004171436e-22,2.514629062e-22,nan,nan,nan,nan
313,7.825,9.049097621e-23,2.514629062e-22,nan,nan,nan,nan
314,7.85,8.695541582e-23,2.514629062e-22,nan,nan,nan,nan
315,7.875,9.340436680e-23,2.713152409e-22,nan,nan,nan,nan
316,7.9,1.280772508e-22,2.646977960e-22,nan,nan,nan,nan
317,7.925,1.380034182e-22,2.779326858e-22,nan,nan,nan,nan
318,7.95,1.479295855e-22,2.977850205e-22,nan,nan,nan,nan
319,7.975,1.611644753e-22,3.110199103e-22,nan,nan,nan,nan
320,8,1.876342550e-22,3.308722450e-22,nan,nan,nan,nan
321,8.025,1.942516999e-22,3.044024654e-22,nan,nan,nan,nan
322,8.05,1.733609565e-22,3.044024654e-22,nan,nan,nan,nan
323,8.075,1.899045687e-22,3.441071348e-22,nan,nan,nan,nan
324,8.1,2.097569034e-22,3.308722450e-22,nan,nan,nan,nan
325,8.125,2.031394585e-22,3.771943593e-22,nan,nan,nan,nan
326,8.15,1.919912030e-22,3.970466940e-22,nan,nan,nan,nan
327,8.175,2.151522601e-22,4.499862532e-22,nan,nan,nan,nan
328,8.2,2.482394846e-22,5.029258124e-22,nan,nan,nan,nan
329,8.225,2.515482071e-22,5.426304818e-22,nan,nan,nan,nan
330,8.25,2.416220397e-22,5.426304818e-22,nan,nan,nan,nan
331,8.275,2.350045948e-22,5.558653716e-22,nan,nan,nan,nan
332,8.3,2.416220397e-22,5.691002614e-22,nan,nan,nan,nan
333,8.325,2.383133173e-22,5.823351512e-22,nan,nan,nan,nan
334,8.35,2.245650573e-22,6.088049308e-22,nan,nan,nan,nan
335,8.375,2.462219763e-22,6.485096002e-22,nan,nan,nan,nan
336,8.4,2.925440906e-22,6.882142696e-22,nan,nan,nan,nan
337,8.425,3.719534294e-22,6.749793798e-22,nan,nan,nan,nan
338,8.45,4.248929886e-22,7.411538288e-22,nan,nan,nan,nan
339,8.475,4.248929886e-22,7.676236084e-22,nan,nan,nan,nan
340,8.5,4.248929886e-22,8.470329473e-22,nan,nan,nan,nan
341,8.525,4.248929886e-22,8.470329473e-22,nan,nan,nan,nan
342,8.55,5.043023274e-22,8.205631677e-22,nan,nan,nan,nan
343,8.575,5.241546622e-22,8.205631677e-22,nan,nan,nan,nan
344,8.6,5.727559561e-22,8.735027269e-22,nan,nan,nan,nan
345,8.625,5.727559561e-22,8.735027269e-22,nan,nan,nan,nan
346,8.65,4.999453794e-22,9.793818453e-22,nan,nan,nan,nan
347,8.675,5.661198284e-22,1.085260964e-21,nan,nan,nan,nan
348,8.7,6.322942774e-22,1.191140082e-21,nan,nan,nan,nan
349,8.725,6.587640570e-22,1.297019200e-21,nan,nan,nan,nan
350,8.75,6.322942774e-22,1.429368098e-21,nan,nan,nan,nan
351,8.775,6.058244978e-22,1.482307658e-21,nan,nan,nan,nan
352,8.8,6.058244978e-22,1.429368098e-21,nan,nan,nan,nan
353,8.825,5.859721631e-22,1.429368098e-21,nan,nan,nan,nan
354,8.85,5.408050589e-22,1.429368098e-21,nan,nan,nan,nan
355,8.875,6.028960856e-22,1.641126335e-21,nan,nan,nan,nan
356,8.9,6.516144821e-22,1.747005454e-21,nan,nan,nan,nan
357,8.925,7.910625118e-22,1.747005454e-21,nan,nan,nan,nan
358,8.95,9.631160792e-22,1.799945013e-21,nan,nan,nan,nan
359,8.975,1.016055638e-21,1.905824131e-21,nan,nan,nan,nan
360,9,1.016055638e-21,1.958763691e-21,nan,nan,nan,nan
361,9.025,1.016055638e-21,2.011703250e-21,nan,nan,nan,nan
362,9.05,1.058444212e-21,2.064642809e-21,nan,nan,nan,nan
363,9.075,1.217262890e-21,2.064642809e-21,nan,nan,nan,nan
364,9.1,1.296672228e-21,2.170521927e-21,nan,nan,nan,nan
365,9.125,1.270202449e-21,2.223461487e-21,nan,nan,nan,nan
366,9.15,1.323142008e-21,2.382280164e-21,nan,nan,nan,nan
367,9.175,1.323142008e-21,2.699917519e-21,nan,nan,nan,nan
368,9.2,1.292555008e-21,2.964615315e-21,nan,nan,nan,nan
369,9.225,1.398434126e-21,3.176373552e-21,nan,nan,nan,nan
370,9.25,1.583722584e-21,3.282252671e-21,nan,nan,nan,nan
371,9.275,1.583722584e-21,3.494010907e-21,nan,nan,nan,nan
372,9.3,1.292555008e-21,3.494010907e-21,nan,nan,nan,nan
373,9.325,1.275712753e-21,3.599890026e-21,nan,nan,nan,nan
374,9.35,1.304933945e-21,3.599890026e-21,nan,nan,nan,nan
375,9.375,1.503950098e-21,3.705769144e-21,nan,nan,nan,nan
376,9.4,1.662768775e-21,3.811648263e-21,nan,nan,nan,nan
377,9.425,1.874527012e-21,4.235164736e-21,nan,nan,nan,nan
378,9.45,2.350983045e-21,4.341043855e-21,nan,nan,nan,nan
379,9.475,2.403922604e-21,4.341043855e-21,nan,nan,nan,nan
380,9.5,2.403922604e-21,4.764560328e-21,nan,nan,nan,nan
381,9.525,2.509801723e-21,4.764560328e-21,nan,nan,nan,nan
382,9.55,2.615680841e-21,4.446922973e-21,nan,nan,nan,nan
383,9.575,2.807797971e-21,4.870439447e-21,nan,nan,nan,nan
384,9.6,2.754858412e-21,5.293955920e-21,nan,nan,nan,nan
385,9.625,2.543100175e-21,5.293955920e-21,nan,nan,nan,nan
386,9.65,2.816464685e-21,5.717472394e-21,nan,nan,nan,nan
387,9.675,3.134102040e-21,6.140988868e-21,nan,nan,nan,nan
388,9.7,3.077446903e-21,7.199780052e-21,nan,nan,nan,nan
389,9.725,3.134102040e-21,7.199780052e-21,nan,nan,nan,nan
390,9.75,3.398799836e-21,7.411538288e-21,nan,nan,nan,nan
391,9.775,3.451739395e-21,8.258571236e-21,nan,nan,nan,nan
392,9.8,2.922343803e-21,8.682087709e-21,nan,nan,nan,nan
393,9.825,2.828942351e-21,8.470329473e-21,nan,nan,nan,nan
394,9.85,3.146579707e-21,8.682087709e-21,nan,nan,nan,nan
395,9.875,3.320580825e-21,9.317362420e-21,nan,nan,nan,nan
396,9.9,3.849976417e-21,9.740878893e-21,nan,nan,nan,nan
397,9.925,4.485251127e-21,9.952637130e-21,nan,nan,nan,nan
398,9.95,5.332284075e-21,9.740878893e-21,nan,nan,nan,nan
399,9.975,5.332284075e-21,1.016439537e-20,nan,nan,nan,nan
400,10,5.721577452e-21,1.143494479e-20,nan,nan,nan,nan
401,10.025,6.631375250e-21,1.185846126e-20,nan,nan,nan,nan
402,10.05,7.069917459e-21,1.238785685e-20,nan,nan,nan,nan
403,10.075,6.873592447e-21,1.355252716e-20,nan,nan,nan,nan
404,10.1,7.006574174e-21,1.355252716e-20,nan,nan,nan,nan
405,10.125,8.263548216e-21,1.778769189e-20,nan,nan,nan,nan
406,10.15,1.189163086e-20,2.286988958e-20,nan,nan,nan,nan
407,10.175,1.799137181e-20,3.176373552e-20,nan,nan,nan,nan
408,10.2,2.636566673e-20,4.192813089e-20,nan,nan,nan,nan
409,10.225,3.604080070e-20,5.124549331e-20,nan,nan,nan,nan
410,10.25,4.708318977e-20,6.268043810e-20,nan,nan,nan,nan
411,10.275,5.739957021e-20,7.369186641e-20,nan,nan,nan,nan
412,10.3,6.647338907e-20,8.470329473e-20,nan,nan,nan,nan
413,10.325,7.093218786e-20,8.893845946e-20,nan,nan,nan,nan
414,10.35,7.123084604e-20,8.555032767e-20,nan,nan,nan,nan
415,10.375,6.717891295e-20,8.427977825e-20,nan,nan,nan,nan
416,10.4,6.780368683e-20,9.063252536e-20,nan,nan,nan,nan
417,10.425,9.140867276e-20,1.207021950e-19,nan,nan,nan,nan
418,10.45,1.410299580e-19,1.770298860e-19,nan,nan,nan,nan
419,10.475,2.060499796e-19,2.422514229e-19,nan,nan,nan,nan
420,10.5,2.791033626e-19,3.174255970e-19,nan,nan,nan,nan
421,10.525,3.503454005e-19,3.913292216e-19,nan,nan,nan,nan
422,10.55,4.079738080e-19,4.417276820e-19,nan,nan,nan,nan
423,10.575,4.384889020e-19,4.561272421e-19,nan,nan,nan,nan
424,10.6,4.331922151e-19,4.438452644e-19,nan,nan,nan,nan
425,10.625,4.225895133e-19,4.317502836e-19,nan,nan,nan,nan
426,10.65,4.158987684e-19,4.160370584e-19,nan,nan,nan,nan
427,10.675,4.401857954e-19,5.048316366e-19,nan,nan,nan,nan
428,10.7,6.342124643e-19,7.301424005e-19,nan,nan,nan,nan
429,10.725,9.021893898e-19,1.013051405e-18,nan,nan,nan,nan
430,10.75,1.178724187e-18,1.268855355e-18,nan,nan,nan,nan
431,10.775,1.407113276e-18,1.459437768e-18,nan,nan,nan,nan
432,10.8,1.539106745e-18,1.538211832e-18,nan,nan,nan,nan
433,10.825,1.540164727e-18,1.489930954e-18,nan,nan,nan,nan
434,10.85,1.501215321e-18,1.494854318e-18,nan,nan,nan,nan
435,10.875,1.493220957e-18,1.432935044e-18,nan,nan,nan,nan
436,10.9,1.465131833e-18,1.457377706e-18,nan,nan,nan,nan
437,10.925,1.451641027e-18,1.639008753e-18,nan,nan,nan,nan
438,10.95,1.999420188e-18,2.181109839e-18,nan,nan,nan,nan
439,10.975,2.558801605e-18,2.684247410e-18,nan,nan,nan,nan
440,11,2.958176510e-18,2.961227184e-18,nan,nan,nan,nan
441,11.025,3.084736236e-18,2.927345866e-18,nan,nan,nan,nan
442,11.05,2.927875696e-18,2.908984959e-18,nan,nan,nan,nan
443,11.075,3.045023404e-18,2.877511423e-18,nan,nan,nan,nan
444,11.1,2.898581834e-18,2.874034007e-18,nan,nan,nan,nan
445,11.125,3.005055592e-18,2.834870871e-18,nan,nan,nan,nan
446,11.15,2.869204323e-18,2.842621443e-18,nan,nan,nan,nan
447,11.175,2.967094311e-18,2.796871104e-18,nan,nan,nan,nan
448,11.2,2.948144191e-18,2.834172242e-18,nan,nan,nan,nan
449,11.225,2.927408415e-18,2.757788620e-18,nan,nan,nan,nan
450,11.25,2.973993466e-18,2.832209833e-18,nan,nan,nan,nan
451,11.275,2.944412227e-18,2.717840646e-18,nan,nan,nan,nan
452,11.3,3.001454467e-18,2.856582881e-18,nan,nan,nan,nan
453,11.325,2.972107790e-18,2.711535432e-18,nan,nan,nan,nan
454,11.35,3.026506849e-18,2.882717504e-18,nan,nan,nan,nan
455,11.375,2.999652470e-18,2.735535465e-18,nan,nan,nan,nan
456,11.4,3.050650678e-18,2.908481150e-18,nan,nan,nan,nan
457,11.425,3.025252899e-18,2.758639562e-18,nan,nan,nan,nan
458,11.45,3.072875263e-18,2.931509933e-18,nan,nan,nan,nan
459,11.475,3.048829761e-18,2.857889164e-18,nan,nan,nan,nan
460,11.5,3.149768555e-18,3.229736628e-18,nan,nan,nan,nan
461,11.525,3.251930459e-18,3.056941907e-18,nan,nan,nan,nan
462,11.55,3.111959282e-18,3.133986139e-18,nan,nan,nan,nan
463,11.575,3.170548848e-18,2.970556072e-18,nan,nan,nan,nan
464,11.6,3.128124696e-18,3.049912327e-18,nan,nan,nan,nan
465,11.625,3.105704782e-18,3.178067618e-18,nan,nan,nan,nan
466,11.65,3.677815507e-18,3.516880797e-18,nan,nan,nan,nan
467,11.675,3.697088584e-18,3.145367472e-18,nan,nan,nan,nan
468,11.7,3.694784076e-18,3.478464038e-18,nan,nan,nan,nan
469,11.725,3.743580224e-18,3.153970410e-18,nan,nan,nan,nan
470,11.75,3.707769649e-18,3.510401271e-18,nan,nan,nan,nan
471,11.775,3.790483859e-18,3.219634866e-18,nan,nan,nan,nan
472,11.8,3.714409219e-18,3.539969400e-18,nan,nan,nan,nan
473,11.825,3.832705698e-18,3.287864676e-18,nan,nan,nan,nan
474,11.85,3.717109462e-18,3.561620086e-18,nan,nan,nan,nan
475,11.875,3.869482892e-18,4.482286599e-18,nan,nan,nan,nan
476,11.9,5.301037001e-18,5.584064705e-18,nan,nan,nan,nan
477,11.925,5.947172913e-18,5.638698330e-18,nan,nan,nan,nan
478,11.95,5.460596380e-18,5.378336205e-18,nan,nan,nan,nan
479,11.975,5.755451014e-18,5.491556876e-18,nan,nan,nan,nan
480,12,5.347633261e-18,5.181619691e-18,nan,nan,nan,nan
481,12.025,5.562893866e-18,5.495549762e-18,nan,nan,nan,nan
482,12.05,6.463775492e-18,6.396792818e-18,nan,nan,nan,nan
483,12.075,6.513948143e-18,5.407458335e-18,nan,nan,nan,nan
484,12.1,6.431122208e-18,6.239035466e-18,nan,nan,nan,nan
485,12.125,6.549119522e-18,5.327349154e-18,nan,nan,nan,nan
486,12.15,6.398940119e-18,8.714274961e-18,nan,nan,nan,nan
487,12.175,1.053222359e-17,1.362706606e-17,nan,nan,nan,nan
488,12.2,1.441432202e-17,1.641888665e-17,nan,nan,nan,nan
489,12.225,1.541892559e-17,1.587000930e-17,nan,nan,nan,nan
490,12.25,1.368086684e-17,1.551553821e-17,nan,nan,nan,nan
491,12.275,1.465476100e-17,1.490092989e-17,nan,nan,nan,nan
492,12.3,1.859849274e-17,2.463171811e-17,nan,nan,nan,nan
493,12.325,3.329696759e-17,4.031876829e-17,nan,nan,nan,nan
494,12.35,4.878629722e-17,5.456586246e-17,nan,nan,nan,nan
495,12.375,6.010086575e-17,6.236872997e-17,nan,nan,nan,nan
496,12.4,6.248286627e-17,5.921437928e-17,nan,nan,nan,nan
497,12.425,5.808272567e-17,6.018492079e-17,nan,nan,nan,nan
498,12.45,6.018009730e-17,5.693080865e-17,nan,nan,nan,nan
499,12.475,5.613871244e-17,6.555357385e-17,nan,nan,nan,nan
500,12.5,9.076381500e-17,1.133736659e-16,nan,nan,nan,nan
501,12.525,1.359944514e-16,1.523575103e-16,nan,nan,nan,nan
502,12.55,1.628222122e-16,1.645954423e-16,nan,nan,nan,nan
503,12.575,1.551371364e-16,1.471417167e-16,nan,nan,nan,nan
504,12.6,1.573492583e-16,1.587777738e-16,nan,nan,nan,nan
505,12.625,1.499520271e-16,1.422316281e-16,nan,nan,nan,nan
506,12.65,1.747169217e-16,2.450839011e-16,nan,nan,nan,nan
507,12.675,3.099719489e-16,3.698891237e-16,nan,nan,nan,nan
508,12.7,4.091762479e-16,4.346702035e-16,nan,nan,nan,nan
509,12.725,4.265989740e-16,4.008566482e-16,nan,nan,nan,nan
510,12.75,3.943083820e-16,4.193749661e-16,nan,nan,nan,nan
511,12.775,4.122311319e-16,3.879838188e-16,nan,nan,nan,nan
512,12.8,3.800130191e-16,4.975742583e-16,nan,nan,nan,nan
513,12.825,6.612870941e-16,8.027636173e-16,nan,nan,nan,nan
514,12.85,9.209151683e-16,9.886500798e-16,nan,nan,nan,nan
515,12.875,1.007128086e-15,9.588684013e-16,nan,nan,nan,nan
516,12.9,8.909109127e-16,9.588827264e-16,nan,nan,nan,nan
517,12.925,9.792927918e-16,9.356314574e-16,nan,nan,nan,nan
518,12.95,8.617245998e-16,9.298505818e-16,nan,nan,nan,nan
519,12.975,1.140245301e-15,1.426227300e-15,nan,nan,nan,nan
520,13,1.665857666e-15,1.805914901e-15,nan,nan,nan,nan
521,13.025,1.855067618e-15,1.765297977e-15,nan,nan,nan,nan
522,13.05,1.615688550e-15,1.758041121e-15,nan,nan,nan,nan
523,13.075,1.813436533e-15,1.733902039e-15,nan,nan,nan,nan
524,13.1,1.566767305e-15,1.711167238e-15,nan,nan,nan,nan
525,13.125,1.888653245e-15,2.386518717e-15,nan,nan,nan,nan
526,13.15,2.763373644e-15,2.977408901e-15,nan,nan,nan,nan
527,13.175,3.014628404e-15,2.820497742e-15,nan,nan,nan,nan
528,13.2,2.681840665e-15,2.906151268e-15,nan,nan,nan,nan
529,13.225,2.958685800e-15,2.787191354e-15,nan,nan,nan,nan
530,13.25,2.601662530e-15,2.835478391e-15,nan,nan,nan,nan
531,13.275,3.087871802e-15,3.752301746e-15,nan,nan,nan,nan
532,13.3,4.227949383e-15,4.377086801e-15,nan,nan,nan,nan
533,13.325,4.299922308e-15,3.806742248e-15,nan,nan,nan,nan
534,13.35,4.125709764e-15,4.304676026e-15,nan,nan,nan,nan
535,13.375,4.259432386e-15,3.808961915e-15,nan,nan,nan,nan
536,13.4,4.022682965e-15,4.229701618e-15,nan,nan,nan,nan
537,13.425,4.490391415e-15,5.135106750e-15,nan,nan,nan,nan
538,13.45,5.447632504e-15,5.254301226e-15,nan,nan,nan,nan
539,13.475,4.776271166e-15,5.014976410e-15,nan,nan,nan,nan
540,13.5,5.369575003e-15,5.236748372e-15,nan,nan,nan,nan
541,13.525,4.816363999e-15,4.891711425e-15,nan,nan,nan,nan
542,13.55,5.288069129e-15,5.471805734e-15,nan,nan,nan,nan
543,13.575,6.144015902e-15,6.320844455e-15,nan,nan,nan,nan
544,13.6,6.044970097e-15,5.275329187e-15,nan,nan,nan,nan
545,13.625,6.000910176e-15,6.258432331e-15,nan,nan,nan,nan
546,13.65,6.058617752e-15,5.216594966e-15,nan,nan,nan,nan
547,13.675,5.850107468e-15,6.185097659e-15,nan,nan,nan,nan
548,13.7,6.692283657e-15,7.086128559e-15,nan,nan,nan,nan
549,13.725,7.001947716e-15,6.100734476e-15,nan,nan,nan,nan
550,13.75,6.502097819e-15,7.003266074e-15,nan,nan,nan,nan
551,13.775,7.015554812e-15,6.189446981e-15,nan,nan,nan,nan
552,13.8,6.300268769e-15,6.902626617e-15,nan,nan,nan,nan
553,13.825,7.010907751e-15,7.340184233e-15,nan,nan,nan,nan
554,13.85,7.190280628e-15,6.785357128e-15,nan,nan,nan,nan
555,13.875,6.986820980e-15,7.249516446e-15,nan,nan,nan,nan
556,13.9,7.226965085e-15,6.652632992e-15,nan,nan,nan,nan
557,13.925,6.943470667e-15,7.137180546e-15,nan,nan,nan,nan
558,13.95,7.826829902e-15,8.212045410e-15,nan,nan,nan,nan
559,13.975,7.878406131e-15,7.001852684e-15,nan,nan,nan,nan
560,14,7.568322958e-15,8.131259271e-15,nan,nan,nan,nan
561,14.025,7.944067405e-15,6.845389996e-15,nan,nan,nan,nan
562,14.05,7.283670650e-15,8.016141098e-15,nan,nan,nan,nan
563,14.075,8.521681181e-15,8.445392823e-15,nan,nan,nan,nan
564,14.1,7.814749523e-15,7.868477126e-15,nan,nan,nan,nan
565,14.125,8.347965679e-15,8.485231811e-15,nan,nan,nan,nan
566,14.15,8.035924644e-15,7.691450680e-15,nan,nan,nan,nan
567,14.175,8.133904491e-15,8.482503811e-15,nan,nan,nan,nan
568,14.2,8.557808472e-15,7.939720929e-15,nan,nan,nan,nan
569,14.225,7.884225284e-15,8.435724334e-15,nan,nan,nan,nan
570,14.25,8.473610583e-15,8.105797259e-15,nan,nan,nan,nan
571,14.275,7.764475563e-15,8.345319272e-15,nan,nan,nan,nan
572,14.3,9.171012630e-15,9.806879701e-15,nan,nan,nan,nan
573,14.325,9.599911471e-15,8.213724712e-15,nan,nan,nan,nan
574,14.35,8.771214841e-15,9.682075331e-15,nan,nan,nan,nan
575,14.375,9.700434179e-15,8.331050121e-15,nan,nan,nan,nan
576,14.4,8.441509052e-15,9.495261326e-15,nan,nan,nan,nan
577,14.425,9.729573265e-15,8.689229891e-15,nan,nan,nan,nan
578,14.45,8.394444288e-15,9.249657099e-15,nan,nan,nan,nan
579,14.475,9.690889329e-15,8.907359104e-15,nan,nan,nan,nan
580,14.5,8.306791306e-15,8.946114108e-15,nan,nan,nan,nan
581,14.525,9.592341412e-15,9.965552689e-15,nan,nan,nan,nan
582,14.55,9.529373393e-15,8.588915180e-15,nan,nan,nan,nan
583,14.575,9.430905265e-15,9.775739595e-15,nan,nan,nan,nan
584,14.6,9.608424095e-15,8.309947329e-15,nan,nan,nan,nan
585,14.625,9.209904649e-15,1.032073732e-14,nan,nan,nan,nan
586,14.65,1.115469784e-14,1.016331116e-14,nan,nan,nan,nan
587,14.675,8.941288820e-15,9.943469491e-15,nan,nan,nan,nan
588,14.7,1.106199263e-14,1.048424688e-14,nan,nan,nan,nan
589,14.725,9.541499669e-15,9.482433792e-15,nan,nan,nan,nan
590,14.75,1.086312511e-14,1.069947644e-14,nan,nan,nan,nan
591,14.775,1.003727378e-14,9.091952263e-15,nan,nan,nan,nan
592,14.8,1.056407530e-14,1.080462356e-14,nan,nan,nan,nan
593,14.825,1.043091829e-14,8.917779005e-15,nan,nan,nan,nan
594,14.85,1.094892555e-14,1.216008631e-14,nan,nan,nan,nan
595,14.875,1.213718834e-14,1.029889065e-14,nan,nan,nan,nan
596,14.9,1.016826594e-14,1.183915888e-14,nan,nan,nan,nan
597,14.925,1.214613552e-14,1.078585416e-14,nan,nan,nan,nan
598,14.95,9.293399425e-15,1.139419447e-14,nan,nan,nan,nan
599,14.975,1.202210912e-14,1.115027299e-14,nan,nan,nan,nan
600,15,9.626817604e-15,1.083468220e-14,nan,nan,nan,nan
601,15.025,1.176681728e-14,1.138654675e-14,nan,nan,nan,nan
602,15.05,1.013374105e-14,1.016642496e-14,nan,nan,nan,nan
603,15.075,1.138628820e-14,1.149083192e-14,nan,nan,nan,nan
604,15.1,1.052968414e-14,9.401079701e-15,nan,nan,nan,nan
605,15.125,1.089116311e-14,1.147140276e-14,nan,nan,nan,nan
606,15.15,1.080916852e-14,1.205112399e-14,nan,nan,nan,nan
607,15.175,1.428372477e-14,1.409267668e-14,nan,nan,nan,nan
608,15.2,1.393699490e-14,1.122282843e-14,nan,nan,nan,nan
609,15.225,1.375669199e-14,1.418056041e-14,nan,nan,nan,nan
610,15.25,1.441758835e-14,1.141559589e-14,nan,nan,nan,nan
611,15.275,1.306967125e-14,1.407790674e-14,nan,nan,nan,nan
612,15.3,1.470658287e-14,1.228658448e-14,nan,nan,nan,nan
613,15.325,1.223337440e-14,1.379721977e-14,nan,nan,nan,nan
614,15.35,1.480307678e-14,1.298714316e-14,nan,nan,nan,nan
615,15.375,1.451731353e-14,1.582902646e-14,nan,nan,nan,nan
616,15.4,1.581275558e-14,1.358570374e-14,nan,nan,nan,nan
617,15.425,1.330692385e-14,1.527688907e-14,nan,nan,nan,nan
618,15.45,1.564437044e-14,1.407486583e-14,nan,nan,nan,nan
619,15.475,1.318330419e-14,1.452323373e-14,nan,nan,nan,nan
620,15.5,1.527229008e-14,1.438391336e-14,nan,nan,nan,nan
621,15.525,1.369588681e-14,1.358333277e-14,nan,nan,nan,nan
622,15.55,1.469817402e-14,1.449311384e-14,nan,nan,nan,nan
623,15.575,1.403525537e-14,1.247794886e-14,nan,nan,nan,nan
624,15.6,1.438276340e-14,1.440699858e-14,nan,nan,nan,nan
625,15.625,1.420062327e-14,1.208385465e-14,nan,nan,nan,nan
626,15.65,1.442928463e-14,1.564633839e-14,nan,nan,nan,nan
627,15.675,1.990921248e-14,2.080757441e-14,nan,nan,nan,nan
628,15.7,2.293724062e-14,1.979492958e-14,nan,nan,nan,nan
629,15.725,1.935152256e-14,2.024834512e-14,nan,nan,nan,nan
630,15.75,2.282593103e-14,2.053287885e-14,nan,nan,nan,nan
631,15.775,2.044950487e-14,1.943691445e-14,nan,nan,nan,nan
632,15.8,2.241850096e-14,2.099347565e-14,nan,nan,nan,nan
633,15.825,2.131247287e-14,1.838631951e-14,nan,nan,nan,nan
634,15.85,2.173127294e-14,2.117193132e-14,nan,nan,nan,nan
635,15.875,2.277853399e-14,2.420698191e-14,nan,nan,nan,nan
636,15.9,2.552547784e-14,2.323857252e-14,nan,nan,nan,nan
637,15.925,2.292697715e-14,2.298586640e-14,nan,nan,nan,nan
638,15.95,2.468803451e-14,2.324182728e-14,nan,nan,nan,nan
639,15.975,2.301026983e-14,2.154421220e-14,nan,nan,nan,nan
640,16,2.461450104e-14,2.297937891e-14,nan,nan,nan,nan
641,16.025,2.308570261e-14,2.061403154e-14,nan,nan,nan,nan
642,16.05,2.509439025e-14,2.245138754e-14,nan,nan,nan,nan
643,16.075,2.411828316e-14,2.065154083e-14,nan,nan,nan,nan
644,16.1,2.534333291e-14,2.210847967e-14,nan,nan,nan,nan
645,16.125,2.514340260e-14,2.453159204e-14,nan,nan,nan,nan
646,16.15,3.123616372e-14,3.290336753e-14,nan,nan,nan,nan
647,16.175,3.965902946e-14,3.798263787e-14,nan,nan,nan,nan
648,16.2,4.234830252e-14,3.610046290e-14,nan,nan,nan,nan
649,16.225,3.801914574e-14,3.740396712e-14,nan,nan,nan,nan
650,16.25,4.222241903e-14,3.700737405e-14,nan,nan,nan,nan
651,16.275,3.917632445e-14,3.642557268e-14,nan,nan,nan,nan
652,16.3,4.169224839e-14,3.757148562e-14,nan,nan,nan,nan
653,16.325,4.008774289e-14,3.533544984e-14,nan,nan,nan,nan
654,16.35,4.364630200e-14,4.426710734e-14,nan,nan,nan,nan
655,16.375,5.051919614e-14,4.787403113e-14,nan,nan,nan,nan
656,16.4,5.196744843e-14,4.603002007e-14,nan,nan,nan,nan
657,16.425,5.041856444e-14,4.653735915e-14,nan,nan,nan,nan
658,16.45,5.100634484e-14,4.578403889e-14,nan,nan,nan,nan
659,16.475,5.435864051e-14,4.756351563e-14,nan,nan,nan,nan
660,16.5,5.665927434e-14,4.869629006e-14,nan,nan,nan,nan
661,16.525,5.648241681e-14,4.903195905e-14,nan,nan,nan,nan
662,16.55,5.685063044e-14,4.979697210e-14,nan,nan,nan,nan
663,16.575,5.656280760e-14,5.213017518e-14,nan,nan,nan,nan
664,16.6,6.090712222e-14,5.850181450e-14,nan,nan,nan,nan
665,16.625,7.071885740e-14,6.865341629e-14,nan,nan,nan,nan
666,16.65,8.221865733e-14,7.719779677e-14,nan,nan,nan,nan
667,16.675,8.918922566e-14,7.908430855e-14,nan,nan,nan,nan
668,16.7,8.852834165e-14,7.537483499e-14,nan,nan,nan,nan
669,16.725,8.781807814e-14,7.894469597e-14,nan,nan,nan,nan
670,16.75,8.881600358e-14,7.533441321e-14,nan,nan,nan,nan
671,16.775,8.576889499e-14,7.850869196e-14,nan,nan,nan,nan
672,16.8,9.123286748e-14,8.659305911e-14,nan,nan,nan,nan
673,16.825,1.041420884e-13,9.875000123e-14,nan,nan,nan,nan
674,16.85,1.145725877e-13,1.055761381e-13,nan,nan,nan,nan
675,16.875,1.195518826e-13,1.067028410e-13,nan,nan,nan,nan
676,16.9,1.211110822e-13,1.064981436e-13,nan,nan,nan,nan
677,16.925,1.239462914e-13,1.092667623e-13,nan,nan,nan,nan
678,16.95,1.297434103e-13,1.147779788e-13,nan,nan,nan,nan
679,16.975,1.360626718e-13,1.203290939e-13,nan,nan,nan,nan
680,17,1.407805366e-13,1.249157028e-13,nan,nan,nan,nan
681,17.025,1.443592081e-13,1.292039392e-13,nan,nan,nan,nan
682,17.05,1.492719075e-13,1.355027202e-13,nan,nan,nan,nan
683,17.075,1.586884601e-13,1.462718835e-13,nan,nan,nan,nan
684,17.1,1.734460373e-13,1.602554894e-13,nan,nan,nan,nan
685,17.125,1.894405193e-13,1.721227327e-13,nan,nan,nan,nan
686,17.15,2.004867569e-13,1.771621044e-13,nan,nan,nan,nan
687,17.175,2.038500048e-13,1.761021884e-13,nan,nan,nan,nan
688,17.2,2.029241253e-13,1.755818918e-13,nan,nan,nan,nan
689,17.225,2.048076175e-13,1.803661387e-13,nan,nan,nan,nan
690,17.25,2.148473036e-13,1.947296491e-13,nan,nan,nan,nan
691,17.275,2.326061504e-13,2.140770200e-13,nan,nan,nan,nan
692,17.3,2.525369039e-13,2.316029313e-13,nan,nan,nan,nan
693,17.325,2.687788832e-13,2.426409768e-13,nan,nan,nan,nan
694,17.35,2.792384260e-13,2.482805628e-13,nan,nan,nan,nan
695,17.375,2.872266134e-13,2.537102473e-13,nan,nan,nan,nan
696,17.4,2.973118490e-13,2.632408180e-13,nan,nan,nan,nan
697,17.425,3.109627479e-13,2.764004303e-13,nan,nan,nan,nan
698,17.45,3.260008723e-13,2.903562807e-13,nan,nan,nan,nan
699,17.475,3.401872839e-13,3.035210971e-13,nan,nan,nan,nan
700,17.5,3.539877076e-13,3.165887691e-13,nan,nan,nan,nan
701,17.525,3.700869095e-13,3.325378167e-13,nan,nan,nan,nan
702,17.55,3.912299522e-13,3.527195896e-13,nan,nan,nan,nan
703,17.575,4.167831049e-13,3.745528193e-13,nan,nan,nan,nan
704,17.6,4.410340971e-13,3.926234338e-13,nan,nan,nan,nan
705,17.625,4.589755354e-13,4.045774132e-13,nan,nan,nan,nan
706,17.65,4.706508303e-13,4.135407294e-13,nan,nan,nan,nan
707,17.675,4.819982915e-13,4.265268694e-13,nan,nan,nan,nan
708,17.7,5.005354000e-13,4.486376548e-13,nan,nan,nan,nan
709,17.725,5.293436666e-13,4.788357211e-13,nan,nan,nan,nan
710,17.75,5.645911786e-13,5.104319745e-13,nan,nan,nan,nan
711,17.775,5.987232042e-13,5.366262990e-13,nan,nan,nan,nan
712,17.8,6.265561658e-13,5.557707072e-13,nan,nan,nan,nan
713,17.825,6.489744625e-13,5.725524221e-13,nan,nan,nan,nan
714,17.85,6.720113549e-13,5.932858371e-13,nan,nan,nan,nan
715,17.875,6.997711190e-13,6.203614011e-13,nan,nan,nan,nan
716,17.9,7.325241999e-13,6.516315265e-13,nan,nan,nan,nan
717,17.925,7.672797509e-13,6.833006383e-13,nan,nan,nan,nan
718,17.95,8.017475319e-13,7.141301439e-13,nan,nan,nan,nan
719,17.975,8.370184646e-13,7.462537532e-13,nan,nan,nan,nan
720,18,8.761939949e-13,7.825753934e-13,nan,nan,nan,nan
721,18.025,9.204498178e-13,8.224393389e-13,nan,nan,nan,nan
722,18.05,9.668508614e-13,8.616926617e-13,nan,nan,nan,nan
723,18.075,1.010597583e-12,8.964391729e-13,nan,nan,nan,nan
724,18.1,1.049575529e-12,9.275913371e-13,nan,nan,nan,nan
725,18.125,1.087567075e-12,9.610402751e-13,nan,nan,nan,nan
726,18.15,1.131635056e-12,1.003232220e-12,nan,nan,nan,nan
727,18.175,1.186142081e-12,1.055690257e-12,nan,nan,nan,nan
728,18.2,1.248821610e-12,1.113210218e-12,nan,nan,nan,nan
729,18.225,1.312554656e-12,1.167989316e-12,nan,nan,nan,nan
730,18.25,1.371425827e-12,1.216408918e-12,nan,nan,nan,nan
731,18.275,1.425493503e-12,1.261553362e-12,nan,nan,nan,nan
732,18.3,1.480419952e-12,1.310430930e-12,nan,nan,nan,nan
733,18.325,1.542211766e-12,1.367437413e-12,nan,nan,nan,nan
734,18.35,1.612379168e-12,1.431552793e-12,nan,nan,nan,nan
735,18.375,1.687631308e-12,1.498554753e-12,nan,nan,nan,nan
736,18.4,1.764094954e-12,1.565410995e-12,nan,nan,nan,nan
737,18.425,1.841250797e-12,1.632999291e-12,nan,nan,nan,nan
738,18.45,1.922013927e-12,1.704084790e-12,nan,nan,nan,nan
739,18.475,2.009695761e-12,1.780565279e-12,nan,nan,nan,nan
740,18.5,2.101554928e-12,1.859054577e-12,nan,nan,nan,nan
741,18.525,2.192896773e-12,1.936287936e-12,nan,nan,nan,nan
742,18.55,2.281362251e-12,2.013052919e-12,nan,nan,nan,nan
743,18.575,2.370628031e-12,2.094976970e-12,nan,nan,nan,nan
744,18.6,2.468389991e-12,2.187992842e-12,nan,nan,nan,nan
745,18.625,2.580058868e-12,2.292284418e-12,nan,nan,nan,nan
746,18.65,2.703761310e-12,2.401807919e-12,nan,nan,nan,nan
747,18.675,2.831385042e-12,2.508215857e-12,nan,nan,nan,nan
748,18.7,2.955131136e-12,2.608475935e-12,nan,nan,nan,nan
749,18.725,3.074051135e-12,2.707493951e-12,nan,nan,nan,nan
750,18.75,3.194788914e-12,2.814408429e-12,nan,nan,nan,nan
751,18.775,3.326161989e-12,2.935630905e-12,nan,nan,nan,nan
752,18.8,3.470693995e-12,3.069058896e-12,nan,nan,nan,nan
753,18.825,3.625362997e-12,3.207753507e-12,nan,nan,nan,nan
754,18.85,3.784827245e-12,3.346857513e-12,nan,nan,nan,nan
755,18.875,3.946938001e-12,3.486926026e-12,nan,nan,nan,nan
756,18.9,4.113837533e-12,3.632177892e-12,nan,nan,nan,nan
757,18.925,4.288751570e-12,3.785610714e-12,nan,nan,nan,nan
758,18.95,4.471998286e-12,3.945843652e-12,nan,nan,nan,nan
759,18.975,4.661010568e-12,4.109976248e-12,nan,nan,nan,nan
760,19,4.853909270e-12,4.277384003e-12,nan,nan,nan,nan
761,19.025,5.052931213e-12,4.452167801e-12,nan,nan,nan,nan
762,19.05,5.263342117e-12,4.639684470e-12,nan,nan,nan,nan
763,19.075,5.488661708e-12,4.841356482e-12,nan,nan,nan,nan
764,19.1,5.727920393e-12,5.052680496e-12,nan,nan,nan,nan
765,19.125,5.973718112e-12,5.266585779e-12,nan,nan,nan,nan
766,19.15,6.221162141e-12,5.479942888e-12,nan,nan,nan,nan
767,19.175,6.472253726e-12,5.697699257e-12,nan,nan,nan,nan
768,19.2,6.734394378e-12,5.928056657e-12,nan,nan,nan,nan
769,19.225,7.014246314e-12,6.175705780e-12,nan,nan,nan,nan
770,19.25,7.312305379e-12,6.438474753e-12,nan,nan,nan,nan
771,19.275,7.623295357e-12,6.710534906e-12,nan,nan,nan,nan
772,19.3,7.941623797e-12,6.987521672e-12,nan,nan,nan,nan
773,19.325,8.266632766e-12,7.270482827e-12,nan,nan,nan,nan
774,19.35,8.602599577e-12,7.564490700e-12,nan,nan,nan,nan
775,19.375,8.954046546e-12,7.872834329e-12,nan,nan,nan,nan
776,19.4,9.322082996e-12,8.195021051e-12,nan,nan,nan,nan
777,19.425,9.704633715e-12,8.529288387e-12,nan,nan,nan,nan
778,19.45,1.009940826e-11,8.875816748e-12,nan,nan,nan,nan
779,19.475,1.051000901e-11,9.237777210e-12,nan,nan,nan,nan
780,19.5,1.094204388e-11,9.617848185e-12,nan,nan,nan,nan
781,19.525,1.139714717e-11,1.001441985e-11,nan,nan,nan,nan
782,19.55,1.187045495e-11,1.042233660e-11,nan,nan,nan,nan
783,19.575,1.235425636e-11,1.083819839e-11,nan,nan,nan,nan
784,19.6,1.284569085e-11,1.126424648e-11,nan,nan,nan,nan
785,19.625,1.335079416e-11,1.170951530e-11,nan,nan,nan,nan
786,19.65,1.388073467e-11,1.218150580e-11,nan,nan,nan,nan
787,19.675,1.444309203e-11,1.268055105e-11,nan,nan,nan,nan
788,19.7,1.503602532e-11,1.319898357e-11,nan,nan,nan,nan
789,19.725,1.565064065e-11,1.372868486e-11,nan,nan,nan,nan
790,19.75,1.628101120e-11,1.426973817e-11,nan,nan,nan,nan
791,19.775,1.692809937e-11,1.482929057e-11,nan,nan,nan,nan
792,19.8,1.759752638e-11,1.541376748e-11,nan,nan,nan,nan
793,19.825,1.829644955e-11,1.602720734e-11,nan,nan,nan,nan
794,19.85,1.902659045e-11,1.666701499e-11,nan,nan,nan,nan
795,19.875,1.978505464e-11,1.732883281e-11,nan,nan,nan,nan
796,19.9,2.056976564e-11,1.801260530e-11,nan,nan,nan,nan
797,19.925,2.138298992e-11,1.872223210e-11,nan,nan,nan,nan
798,19.95,2.222958733e-11,1.946191819e-11,nan,nan,nan,nan
799,19.975,2.311162097e-11,2.023012313e-11,nan,nan,nan,nan
800,20,2.402615824e-11,2.102180929e-11,nan,nan,nan,nan
801,20.025,2.496849567e-11,2.183452030e-11,nan,nan,nan,nan
802,20.05,2.593848103e-11,2.267351584e-11,nan,nan,nan,nan
803,20.075,2.694387116e-11,2.355098061e-11,nan,nan,nan,nan
804,20.1,2.799659151e-11,2.447408942e-11,nan,nan,nan,nan
805,20.125,2.909718950e-11,2.543926181e-11,nan,nan,nan,nan
806,20.15,3.024235835e-11,2.643776864e-11,nan,nan,nan,nan
807,20.175,3.142557513e-11,2.746235184e-11,nan,nan,nan,nan
808,20.2,3.264408209e-11,2.851394121e-11,nan,nan,nan,nan
809,20.225,3.390222471e-11,2.960150181e-11,nan,nan,nan,nan
810,20.25,3.520784356e-11,3.073527544e-11,nan,nan,nan,nan
811,20.275,3.656633972e-11,3.191812092e-11,nan,nan,nan,nan
812,20.3,3.797772303e-11,3.314630515e-11,nan,nan,nan,nan
813,20.325,3.943945208e-11,3.441591456e-11,nan,nan,nan,nan
814,20.35,4.095125438e-11,3.572708795e-11,nan,nan,nan,nan
815,20.375,4.251645411e-11,3.708415519e-11,nan,nan,nan,nan
816,20.4,4.413911381e-11,3.849426333e-11,nan,nan,nan,nan
817,20.425,4.582781860e-11,3.996031284e-11,nan,nan,nan,nan
818,20.45,4.757674678e-11,4.147636401e-11,nan,nan,nan,nan
819,20.475,4.938459520e-11,4.304298584e-11,nan,nan,nan,nan
820,20.5,5.125699742e-11,4.466578496e-11,nan,nan,nan,nan
821,20.525,5.320158150e-11,4.635129780e-11,nan,nan,nan,nan
822,20.55,5.522226773e-11,4.810178644e-11,nan,nan,nan,nan
823,20.575,5.731631106e-11,4.991321245e-11,nan,nan,nan,nan
824,20.6,5.947804818e-11,5.178248108e-11,nan,nan,nan,nan
825,20.625,6.170639409e-11,5.371035561e-11,nan,nan,nan,nan
826,20.65,6.400851386e-11,5.570503780e-11,nan,nan,nan,nan
827,20.675,6.639628928e-11,5.777472945e-11,nan,nan,nan,nan
828,20.7,6.887778892e-11,5.992356611e-11,nan,nan,nan,nan
829,20.725,7.145276149e-11,6.214924408e-11,nan,nan,nan,nan
830,20.75,7.411584515e-11,6.446043699e-11,nan,nan,nan,nan
831,20.775,7.687901809e-11,6.684564013e-11,nan,nan,nan,nan
832,20.8,7.973324510e-11,6.931184793e-11,nan,nan,nan,nan
833,20.825,8.268724627e-11,7.186568007e-11,nan,nan,nan,nan
834,20.85,8.574718288e-11,7.451042561e-11,nan,nan,nan,nan
835,20.875,8.891414735e-11,7.724594575e-11,nan,nan,nan,nan
836,20.9,9.218770558e-11,8.007303154e-11,nan,nan,nan,nan
837,20.925,9.557177456e-11,8.299742837e-11,nan,nan,nan,nan
838,20.95,9.907539547e-11,8.602545065e-11,nan,nan,nan,nan
839,20.975,1.027068237e-10,8.916022087e-11,nan,nan,nan,nan
840,21,1.064671821e-10,9.239894960e-11,nan,nan,nan,nan
841,21.025,1.103512738e-10,9.573937476e-11,nan,nan,nan,nan
842,21.05,1.143553261e-10,9.918432742e-11,nan,nan,nan,nan
843,21.075,1.184851893e-10,1.027574276e-10,nan,nan,nan,nan
844,21.1,1.227602222e-10,1.064697913e-10,nan,nan,nan,nan
845,21.125,1.272124789e-10,1.103191150e-10,nan,nan,nan,nan
846,21.15,1.318283284e-10,1.143015682e-10,nan,nan,nan,nan
847,21.175,1.366029984e-10,1.184090048e-10,nan,nan,nan,nan
848,21.2,1.415301445e-10,1.226408974e-10,nan,nan,nan,nan
849,21.225,1.466111867e-10,1.270079597e-10,nan,nan,nan,nan
850,21.25,1.518571375e-10,1.315240139e-10,nan,nan,nan,nan
851,21.275,1.572820177e-10,1.361979973e-10,nan,nan,nan,nan
852,21.3,1.628942110e-10,1.410318529e-10,nan,nan,nan,nan
853,21.325,1.686956867e-10,1.460238874e-10,nan,nan,nan,nan
854,21.35,1.746873030e-10,1.511760717e-10,nan,nan,nan,nan
855,21.375,1.808748802e-10,1.564958163e-10,nan,nan,nan,nan
856,21.4,1.872682669e-10,1.619924750e-10,nan,nan,nan,nan
857,21.425,1.938759151e-10,1.677027683e-10,nan,nan,nan,nan
858,21.45,2.007052536e-10,1.735963595e-10,nan,nan,nan,nan
859,21.475,2.077875362e-10,1.796734705e-10,nan,nan,nan,nan
860,21.5,2.150937649e-10,1.859447041e-10,nan,nan,nan,nan
861,21.525,2.226368277e-10,1.924267967e-10,nan,nan,nan,nan
862,21.55,2.304326932e-10,1.991306564e-10,nan,nan,nan,nan
863,21.575,2.384926185e-10,2.060591975e-10,nan,nan,nan,nan
864,21.6,2.468190669e-10,2.132060639e-10,nan,nan,nan,nan
865,21.625,2.554104945e-10,2.205695071e-10,nan,nan,nan,nan
866,21.65,2.642695805e-10,2.281572986e-10,nan,nan,nan,nan
867,21.675,2.734077605e-10,2.359874240e-10,nan,nan,nan,nan
868,21.7,2.828409865e-10,2.440761759e-10,nan,nan,nan,nan
869,21.725,2.925827079e-10,2.524320752e-10,nan,nan,nan,nan
870,21.75,3.026398866e-10,2.610595906e-10,nan,nan,nan,nan
871,21.775,3.130168213e-10,2.700017709e-10,nan,nan,nan,nan
872,21.8,3.237198422e-10,2.792219511e-10,nan,nan,nan,nan
873,21.825,3.348120077e-10,2.887324546e-10,nan,nan,nan,nan
874,21.85,3.462694523e-10,2.985449665e-10,nan,nan,nan,nan
875,21.875,3.580906764e-10,3.086660094e-10,nan,nan,nan,nan
876,21.9,3.702836322e-10,3.191016340e-10,nan,nan,nan,nan
877,21.925,3.828582391e-10,3.298603890e-10,nan,nan,nan,nan
878,21.95,3.958282885e-10,3.409561244e-10,nan,nan,nan,nan
879,21.975,4.092088257e-10,3.524018577e-10,nan,nan,nan,nan
880,22,4.230116064e-10,3.642073587e-10,nan,nan,nan,nan
881,22.025,4.372438428e-10,3.763754031e-10,nan,nan,nan,nan
882,22.05,4.519124510e-10,3.889106814e-10,nan,nan,nan,nan
883,22.075,4.670296670e-10,4.018237965e-10,nan,nan,nan,nan
884,22.1,4.826140158e-10,4.151399779e-10,nan,nan,nan,nan
885,22.125,4.986845788e-10,4.289459898e-10,nan,nan,nan,nan
886,22.15,5.152555170e-10,4.431809364e-10,nan,nan,nan,nan
887,22.175,5.323644990e-10,4.578506463e-10,nan,nan,nan,nan
888,22.2,5.500639542e-10,4.729632241e-10,nan,nan,nan,nan
889,22.225,5.683000562e-10,4.885302440e-10,nan,nan,nan,nan
890,22.25,5.870922784e-10,5.045674989e-10,nan,nan,nan,nan
891,22.275,6.064607391e-10,5.210920861e-10,nan,nan,nan,nan
892,22.3,6.264209419e-10,5.381166901e-10,nan,nan,nan,nan
893,22.325,6.469859639e-10,5.556524130e-10,nan,nan,nan,nan
894,22.35,6.681702739e-10,5.737111064e-10,nan,nan,nan,nan
895,22.375,6.899935755e-10,5.923091462e-10,nan,nan,nan,nan
896,22.4,7.124763836e-10,6.114632412e-10,nan,nan,nan,nan
897,22.425,7.356353538e-10,6.311858813e-10,nan,nan,nan,nan
898,22.45,7.594825144e-10,6.514878914e-10,nan,nan,nan,nan
899,22.475,7.840313085e-10,6.724914237e-10,nan,nan,nan,nan
900,22.5,8.093029928e-10,6.941383024e-10,nan,nan,nan,nan
901,22.525,8.353267719e-10,7.164295268e-10,nan,nan,nan,nan
902,22.55,8.622129174e-10,7.393846368e-10,nan,nan,nan,nan
903,22.575,8.899820441e-10,7.630144017e-10,nan,nan,nan,nan
904,22.6,9.185702289e-10,7.873288688e-10,nan,nan,nan,nan
905,22.625,9.479886919e-10,8.123429984e-10,nan,nan,nan,nan
906,22.65,9.782591383e-10,8.380819649e-10,nan,nan,nan,nan
907,22.675,1.009414083e-09,8.645724414e-10,nan,nan,nan,nan
908,22.7,1.041486695e-09,8.918381311e-10,nan,nan,nan,nan
909,22.725,1.074503041e-09,9.198928286e-10,nan,nan,nan,nan
910,22.75,1.108480629e-09,9.487499952e-10,nan,nan,nan,nan
911,22.775,1.143437029e-09,9.784280330e-10,nan,nan,nan,nan
912,22.8,1.179397152e-09,1.008952283e-09,nan,nan,nan,nan
913,22.825,1.216391739e-09,1.040416642e-09,nan,nan,nan,nan
914,22.85,1.254450368e-09,1.072907457e-09,nan,nan,nan,nan
915,22.875,1.293596685e-09,1.106321368e-09,nan,nan,nan,nan
916,22.9,1.333852643e-09,1.140680272e-09,nan,nan,nan,nan
917,22.925,1.375359325e-09,1.176013703e-09,nan,nan,nan,nan
918,22.95,1.418187230e-09,1.212352579e-09,nan,nan,nan,nan
919,22.975,1.462245045e-09,1.249723547e-09,nan,nan,nan,nan
920,23,1.507563034e-09,1.288142093e-09,nan,nan,nan,nan
921,23.025,1.554161145e-09,1.327624399e-09,nan,nan,nan,nan
922,23.05,1.602058966e-09,1.368193420e-09,nan,nan,nan,nan
923,23.075,1.651287858e-09,1.409887984e-09,nan,nan,nan,nan
924,23.1,1.701892315e-09,1.452748866e-09,nan,nan,nan,nan
925,23.125,1.753920028e-09,1.496807983e-09,nan,nan,nan,nan
926,23.15,1.807410262e-09,1.542086431e-09,nan,nan,nan,nan
927,23.175,1.862390743e-09,1.588601556e-09,nan,nan,nan,nan
928,23.2,1.918886412e-09,1.636559832e-09,nan,nan,nan,nan
929,23.225,1.976930091e-09,1.685947271e-09,nan,nan,nan,nan
930,23.25,2.036564969e-09,1.736690708e-09,nan,nan,nan,nan
931,23.275,2.097836862e-09,1.788826309e-09,nan,nan,nan,nan
932,23.3,2.160815279e-09,1.842383190e-09,nan,nan,nan,nan
933,23.325,2.225872129e-09,1.897389496e-09,nan,nan,nan,nan
934,23.35,2.292704214e-09,1.953881779e-09,nan,nan,nan,nan
935,23.375,2.361357940e-09,2.011901201e-09,nan,nan,nan,nan
936,23.4,2.431882812e-09,2.071485594e-09,nan,nan,nan,nan
937,23.425,2.504324085e-09,2.132665183e-09,nan,nan,nan,nan
938,23.45,2.578720347e-09,2.195468529e-09,nan,nan,nan,nan
939,23.475,2.655109427e-09,2.259932408e-09,nan,nan,nan,nan
940,23.5,2.733537449e-09,2.326103782e-09,nan,nan,nan,nan
941,23.525,2.814061068e-09,2.394034221e-09,nan,nan,nan,nan
942,23.55,2.896739911e-09,2.463769355e-09,nan,nan,nan,nan
943,23.575,2.981626879e-09,2.535603033e-09,nan,nan,nan,nan
944,23.6,3.068765796e-09,2.609518795e-09,nan,nan,nan,nan
945,23.625,3.158198809e-09,2.685363598e-09,nan,nan,nan,nan
946,23.65,3.249975441e-09,2.763186790e-09,nan,nan,nan,nan
947,23.675,3.344154745e-09,2.843047298e-09,nan,nan,nan,nan
948,23.7,3.440998567e-09,2.924995524e-09,nan,nan,nan,nan
949,23.725,3.540782129e-09,3.009075711e-09,nan,nan,nan,nan
950,23.75,3.643178082e-09,3.095328077e-09,nan,nan,nan,nan
951,23.775,3.748241864e-09,3.183798891e-09,nan,nan,nan,nan
952,23.8,3.856034528e-09,3.274539667e-09,nan,nan,nan,nan
953,23.825,3.966619895e-09,3.367604862e-09,nan,nan,nan,nan
954,23.85,4.080062135e-09,3.463045295e-09,nan,nan,nan,nan
955,23.875,4.196422619e-09,3.560909734e-09,nan,nan,nan,nan
956,23.9,4.315763938e-09,3.661248249e-09,nan,nan,nan,nan
957,23.925,4.438153153e-09,3.764119738e-09,nan,nan,nan,nan
958,23.95,4.563662284e-09,3.869728732e-09,nan,nan,nan,nan
959,23.975,4.692364140e-09,3.978556068e-09,nan,nan,nan,nan
960,24,4.824326803e-09,4.090126460e-09,nan,nan,nan,nan
961,24.025,4.959616419e-09,4.204488868e-09,nan,nan,nan,nan
962,24.05,5.098301536e-09,4.321702551e-09,nan,nan,nan,nan
963,24.075,5.240457763e-09,4.441835122e-09,nan,nan,nan,nan
964,24.1,5.386349250e-09,4.564957135e-09,nan,nan,nan,nan
965,24.125,5.536621202e-09,4.691136035e-09,nan,nan,nan,nan
966,24.15,5.690650508e-09,4.820432886e-09,nan,nan,nan,nan
967,24.175,5.848512971e-09,4.952906363e-09,nan,nan,nan,nan
968,24.2,6.010289018e-09,5.088618971e-09,nan,nan,nan,nan
969,24.225,6.176063885e-09,5.227642597e-09,nan,nan,nan,nan
970,24.25,6.345925486e-09,5.370050737e-09,nan,nan,nan,nan
971,24.275,6.519960518e-09,5.515914614e-09,nan,nan,nan,nan
972,24.3,6.698255150e-09,5.665303393e-09,nan,nan,nan,nan
973,24.325,6.880897679e-09,5.818286852e-09,nan,nan,nan,nan
974,24.35,7.067980819e-09,5.975443584e-09,nan,nan,nan,nan
975,24.375,7.259599194e-09,6.136915753e-09,nan,nan,nan,nan
976,24.4,7.455844814e-09,6.302265154e-09,nan,nan,nan,nan
977,24.425,7.656808388e-09,6.471568392e-09,nan,nan,nan,nan
978,24.45,7.862583769e-09,6.644903683e-09,nan,nan,nan,nan
979,24.475,8.073271731e-09,6.822353904e-09,nan,nan,nan,nan
980,24.5,8.288979571e-09,7.004006486e-09,nan,nan,nan,nan
981,24.525,8.510679043e-09,7.189948525e-09,nan,nan,nan,nan
982,24.55,8.738182471e-09,7.380262568e-09,nan,nan,nan,nan
983,24.575,8.971080482e-09,7.575029881e-09,nan,nan,nan,nan
984,24.6,9.209475966e-09,7.774335065e-09,nan,nan,nan,nan
985,24.625,9.453482131e-09,7.978270655e-09,nan,nan,nan,nan
986,24.65,9.703219292e-09,8.186933631e-09,nan,nan,nan,nan
987,24.675,9.958806358e-09,8.400416363e-09,nan,nan,nan,nan
988,24.7,1.022035645e-08,8.618808056e-09,nan,nan,nan,nan
989,24.725,1.048798062e-08,8.842200749e-09,nan,nan,nan,nan
990,24.75,1.076179461e-08,9.071242257e-09,nan,nan,nan,nan
991,24.775,1.104192151e-08,9.306501070e-09,nan,nan,nan,nan
992,24.8,1.132848710e-08,9.547132140e-09,nan,nan,nan,nan
993,24.825,1.162161461e-08,9.793237499e-09,nan,nan,nan,nan
994,24.85,1.192142499e-08,1.004491945e-08,nan,nan,nan,nan
995,24.875,1.222804364e-08,1.030228342e-08,nan,nan,nan,nan
996,24.9,1.254160579e-08,1.056544069e-08,nan,nan,nan,nan
997,24.925,1.286225129e-08,1.083450318e-08,nan,nan,nan,nan
998,24.95,1.319123750e-08,1.110957659e-08,nan,nan,nan,nan
999,24.975,1.352860731e-08,1.139076289e-08,nan,nan,nan,nan
1000,25,1.387355030e-08,1.167817198e-08,nan,nan,nan,nan
1001,25.025,1.422620545e-08,1.197192251e-08,nan,nan,nan,nan
1002,25.05,1.458672575e-08,1.227214119e-08,nan,nan,nan,nan
1003,25.075,1.495527067e-08,1.257894777e-08,nan,nan,nan,nan
1004,25.1,1.533199387e-08,1.289245749e-08,nan,nan,nan,nan
1005,25.125,1.571703670e-08,1.321277882e-08,nan,nan,nan,nan
1006,25.15,1.611053854e-08,1.354003032e-08,nan,nan,nan,nan
1007,25.175,1.651264774e-08,1.387610554e-08,nan,nan,nan,nan
1008,25.2,1.692352541e-08,1.421995510e-08,nan,nan,nan,nan
1009,25.225,1.734333767e-08,1.457123228e-08,nan,nan,nan,nan
1010,25.25,1.777224590e-08,1.493006474e-08,nan,nan,nan,nan
1011,25.275,1.821040697e-08,1.529658039e-08,nan,nan,nan,nan
1012,25.3,1.865798056e-08,1.567091340e-08,nan,nan,nan,nan
1013,25.325,1.911513538e-08,1.605320532e-08,nan,nan,nan,nan
1014,25.35,1.958204557e-08,1.644359393e-08,nan,nan,nan,nan
1015,25.375,2.005888064e-08,1.684221201e-08,nan,nan,nan,nan
1016,25.4,2.054853670e-08,1.724919213e-08,nan,nan,nan,nan
1017,25.425,2.104897697e-08,1.766467739e-08,nan,nan,nan,nan
1018,25.45,2.155999383e-08,1.808882011e-08,nan,nan,nan,nan
1019,25.475,2.208178212e-08,1.852177695e-08,nan,nan,nan,nan
1020,25.5,2.261453957e-08,1.896369506e-08,nan,nan,nan,nan
1021,25.525,2.315845349e-08,1.941471250e-08,nan,nan,nan,nan
1022,25.55,2.371369873e-08,1.987496523e-08,nan,nan,nan,nan
1023,25.575,2.428045102e-08,2.034460078e-08,nan,nan,nan,nan
1024,25.6,2.485890063e-08,2.082602524e-08,nan,nan,nan,nan
1025,25.625,2.544925252e-08,2.131833066e-08,nan,nan,nan,nan
1026,25.65,2.605171624e-08,2.182066239e-08,nan,nan,nan,nan
1027,25.675,2.666649312e-08,2.233317370e-08,nan,nan,nan,nan
1028,25.7,2.729377693e-08,2.285601997e-08,nan,nan,nan,nan
1029,25.725,2.793376311e-08,2.338936522e-08,nan,nan,nan,nan
1030,25.75,2.858665670e-08,2.393338200e-08,nan,nan,nan,nan
1031,25.775,2.925266988e-08,2.448824199e-08,nan,nan,nan,nan
1032,25.8,2.993201451e-08,2.505411290e-08,nan,nan,nan,nan
1033,25.825,3.062489698e-08,2.563116192e-08,nan,nan,nan,nan
1034,25.85,3.133397966e-08,2.621956252e-08,nan,nan,nan,nan
1035,25.875,3.205931426e-08,2.681949834e-08,nan,nan,nan,nan
1036,25.9,3.279904645e-08,2.743115296e-08,nan,nan,nan,nan
1037,25.925,3.355340820e-08,2.805470289e-08,nan,nan,nan,nan
1038,25.95,3.432262363e-08,2.869031335e-08,nan,nan,nan,nan
1039,25.975,3.510690917e-08,2.933815468e-08,nan,nan,nan,nan
1040,26,3.590648544e-08,2.999841237e-08,nan,nan,nan,nan
1041,26.025,3.672158946e-08,3.067128812e-08,nan,nan,nan,nan
1042,26.05,3.755247079e-08,3.136168270e-08,nan,nan,nan,nan
1043,26.075,3.839937785e-08,3.206534116e-08,nan,nan,nan,nan
1044,26.1,3.926254940e-08,3.278238336e-08,nan,nan,nan,nan
1045,26.125,4.014221589e-08,3.351299471e-08,nan,nan,nan,nan
1046,26.15,4.103861256e-08,3.425737038e-08,nan,nan,nan,nan
1047,26.175,4.195198646e-08,3.501572055e-08,nan,nan,nan,nan
1048,26.2,4.288259227e-08,3.578825220e-08,nan,nan,nan,nan
1049,26.225,4.383068445e-08,3.657516801e-08,nan,nan,nan,nan
1050,26.25,4.479651325e-08,3.737666310e-08,nan,nan,nan,nan
1051,26.275,4.578032837e-08,3.819293992e-08,nan,nan,nan,nan
1052,26.3,4.678238546e-08,3.902421025e-08,nan,nan,nan,nan
1053,26.325,4.780568612e-08,3.987068570e-08,nan,nan,nan,nan
1054,26.35,4.885190462e-08,4.073257082e-08,nan,nan,nan,nan
1055,26.375,4.991742695e-08,4.161006617e-08,nan,nan,nan,nan
1056,26.4,5.100251560e-08,4.250337976e-08,nan,nan,nan,nan
1057,26.425,5.210743963e-08,4.341273219e-08,nan,nan,nan,nan
1058,26.45,5.323247945e-08,4.433834810e-08,nan,nan,nan,nan
1059,26.475,5.437791995e-08,4.528045078e-08,nan,nan,nan,nan
1060,26.5,5.554404251e-08,4.624329103e-08,nan,nan,nan,nan
1061,26.525,5.673111987e-08,4.722595298e-08,nan,nan,nan,nan
1062,26.55,5.793942333e-08,4.822600130e-08,nan,nan,nan,nan
1063,26.575,5.916923208e-08,4.924366720e-08,nan,nan,nan,nan
1064,26.6,6.042083500e-08,5.027919370e-08,nan,nan,nan,nan
1065,26.625,6.169452533e-08,5.133281633e-08,nan,nan,nan,nan
1066,26.65,6.299059329e-08,5.240475709e-08,nan,nan,nan,nan
1067,26.675,6.430932448e-08,5.349524268e-08,nan,nan,nan,nan
1068,26.7,6.565100541e-08,5.460450081e-08,nan,nan,nan,nan
1069,26.725,6.701592714e-08,5.573276846e-08,nan,nan,nan,nan
1070,26.75,6.840438526e-08,5.688028454e-08,nan,nan,nan,nan
1071,26.775,6.981667613e-08,5.804728204e-08,nan,nan,nan,nan
1072,26.8,7.125309451e-08,5.923399654e-08,nan,nan,nan,nan
1073,26.825,7.271729417e-08,6.044066148e-08,nan,nan,nan,nan
1074,26.85,7.421278578e-08,6.166752026e-08,nan,nan,nan,nan
1075,26.875,7.573368037e-08,6.291481836e-08,nan,nan,nan,nan
1076,26.9,7.728028998e-08,6.418279475e-08,nan,nan,nan,nan
1077,26.925,7.885292346e-08,6.547168224e-08,nan,nan,nan,nan
1078,26.95,8.045188777e-08,6.678171421e-08,nan,nan,nan,nan
1079,26.975,8.207749434e-08,6.811690034e-08,nan,nan,nan,nan
1080,27,8.373006015e-08,6.947970130e-08,nan,nan,nan,nan
1081,27.025,8.540990566e-08,7.086475046e-08,nan,nan,nan,nan
1082,27.05,8.711734853e-08,7.227229962e-08,nan,nan,nan,nan
1083,27.075,8.885270296e-08,7.370259347e-08,nan,nan,nan,nan
1084,27.1,9.061628352e-08,7.515587844e-08,nan,nan,nan,nan
1085,27.125,9.240840817e-08,7.663240645e-08,nan,nan,nan,nan
1086,27.15,9.422939893e-08,7.813243455e-08,nan,nan,nan,nan
1087,27.175,9.607957840e-08,7.965622251e-08,nan,nan,nan,nan
1088,27.2,9.795926768e-08,8.120402298e-08,nan,nan,nan,nan
1089,27.225,9.986878615e-08,8.277608760e-08,nan,nan,nan,nan
1090,27.25,1.018084556e-07,8.437266835e-08,nan,nan,nan,nan
1091,27.275,1.037785992e-07,8.599402154e-08,nan,nan,nan,nan
1092,27.3,1.057795411e-07,8.764040485e-08,nan,nan,nan,nan
1093,27.325,1.078116022e-07,8.931207021e-08,nan,nan,nan,nan
1094,27.35,1.098771667e-07,9.100926823e-08,nan,nan,nan,nan
1095,27.375,1.119864996e-07,9.273225360e-08,nan,nan,nan,nan
1096,27.4,1.141284174e-07,9.448128449e-08,nan,nan,nan,nan
1097,27.425,1.163032576e-07,9.625661784e-08,nan,nan,nan,nan
1098,27.45,1.185113519e-07,9.805850776e-08,nan,nan,nan,nan
1099,27.475,1.207530286e-07,9.989014099e-08,nan,nan,nan,nan
1100,27.5,1.230286167e-07,1.017593833e-07,nan,nan,nan,nan
1101,27.525,1.253384513e-07,1.036563967e-07,nan,nan,nan,nan
1102,27.55,1.276828719e-07,1.055814463e-07,nan,nan,nan,nan
1103,27.575,1.300622157e-07,1.075347962e-07,nan,nan,nan,nan
1104,27.6,1.324768130e-07,1.095167057e-07,nan,nan,nan,nan
1105,27.625,1.349269900e-07,1.115274301e-07,nan,nan,nan,nan
1106,27.65,1.374130746e-07,1.135672270e-07,nan,nan,nan,nan
1107,27.675,1.399353985e-07,1.156363559e-07,nan,nan,nan,nan
1108,27.7,1.424942962e-07,1.177350760e-07,nan,nan,nan,nan
1109,27.725,1.450900977e-07,1.198636448e-07,nan,nan,nan,nan
1110,27.75,1.477231287e-07,1.220223146e-07,nan,nan,nan,nan
1111,27.775,1.503937143e-07,1.242113404e-07,nan,nan,nan,nan
1112,27.8,1.531021834e-07,1.264309773e-07,nan,nan,nan,nan
1113,27.825,1.558488649e-07,1.286814783e-07,nan,nan,nan,nan
1114,27.85,1.586340821e-07,1.309630910e-07,nan,nan,nan,nan
1115,27.875,1.614581506e-07,1.332760637e-07,nan,nan,nan,nan
1116,27.9,1.643213850e-07,1.356206431e-07,nan,nan,nan,nan
1117,27.925,1.672347378e-07,1.379970781e-07,nan,nan,nan,nan
1118,27.95,1.701973118e-07,1.404056202e-07,nan,nan,nan,nan
1119,27.975,1.732006598e-07,1.428465136e-07,nan,nan,nan,nan
1120,28,1.762451055e-07,1.453199955e-07,nan,nan,nan,nan
1121,28.025,1.793309614e-07,1.478421527e-07,nan,nan,nan,nan
1122,28.05,1.824585395e-07,1.504004209e-07,nan,nan,nan,nan
1123,28.075,1.856281599e-07,1.529925761e-07,nan,nan,nan,nan
1124,28.1,1.888401495e-07,1.556188678e-07,nan,nan,nan,nan
1125,28.125,1.920948314e-07,1.582795382e-07,nan,nan,nan,nan
1126,28.15,1.953925177e-07,1.609748232e-07,nan,nan,nan,nan
1127,28.175,1.987335119e-07,1.637049564e-07,nan,nan,nan,nan
1128,28.2,2.021181178e-07,1.664701747e-07,nan,nan,nan,nan
1129,28.225,2.055466430e-07,1.692707139e-07,nan,nan,nan,nan
1130,28.25,2.090193945e-07,1.721068049e-07,nan,nan,nan,nan
1131,28.275,2.125366706e-07,1.749786733e-07,nan,nan,nan,nan
1132,28.3,2.160987622e-07,1.778865428e-07,nan,nan,nan,nan
1133,28.325,2.197059606e-07,1.808306378e-07,nan,nan,nan,nan
1134,28.35,2.233585631e-07,1.838111862e-07,nan,nan,nan,nan
1135,28.375,2.270568682e-07,1.868284078e-07,nan,nan,nan,nan
1136,28.4,2.308011618e-07,1.898825101e-07,nan,nan,nan,nan
1137,28.425,2.345917150e-07,1.929736949e-07,nan,nan,nan,nan
1138,28.45,2.384287913e-07,1.961021677e-07,nan,nan,nan,nan
1139,28.475,2.423126604e-07,1.992681418e-07,nan,nan,nan,nan
1140,28.5,2.462436032e-07,2.024718304e-07,nan,nan,nan,nan
1141,28.525,2.502255314e-07,2.057134361e-07,nan,nan,nan,nan
1142,28.55,2.542788037e-07,2.089931455e-07,nan,nan,nan,nan
1143,28.575,2.583807226e-07,2.123117287e-07,nan,nan,nan,nan
1144,28.6,2.625315409e-07,2.156931065e-07,nan,nan,nan,nan
1145,28.625,2.667315157e-07,2.191138470e-07,nan,nan,nan,nan
1146,28.65,2.709809103e-07,2.225741486e-07,nan,nan,nan,nan
1147,28.675,2.752799857e-07,2.260742008e-07,nan,nan,nan,nan
1148,28.7,2.796289884e-07,2.296141795e-07,nan,nan,nan,nan
1149,28.725,2.840281559e-07,2.331942610e-07,nan,nan,nan,nan
1150,28.75,2.884777239e-07,2.368146233e-07,nan,nan,nan,nan
1151,28.775,2.929779311e-07,2.404754416e-07,nan,nan,nan,nan
1152,28.8,2.975290110e-07,2.441768804e-07,nan,nan,nan,nan
1153,28.825,3.021311840e-07,2.479190946e-07,nan,nan,nan,nan
1154,28.85,3.067846551e-07,2.517022349e-07,nan,nan,nan,nan
1155,28.875,3.114896314e-07,2.555264620e-07,nan,nan,nan,nan
1156,28.9,3.162463254e-07,2.593919353e-07,nan,nan,nan,nan
1157,28.925,3.210549558e-07,2.632988075e-07,nan,nan,nan,nan
1158,28.95,3.259157280e-07,2.672472118e-07,nan,nan,nan,nan
1159,28.975,3.308288248e-07,2.712372683e-07,nan,nan,nan,nan
1160,29,3.357944136e-07,2.752690957e-07,nan,nan,nan,nan
1161,29.025,3.408126621e-07,2.793428267e-07,nan,nan,nan,nan
1162,29.05,3.458837505e-07,2.834585948e-07,nan,nan,nan,nan
1163,29.075,3.510078607e-07,2.876165258e-07,nan,nan,nan,nan
1164,29.1,3.561851618e-07,2.918167230e-07,nan,nan,nan,nan
1165,29.125,3.614158040e-07,2.960592795e-07,nan,nan,nan,nan
1166,29.15,3.666999242e-07,3.003442889e-07,nan,nan,nan,nan
1167,29.175,3.720376591e-07,3.046718498e-07,nan,nan,nan,nan
1168,29.2,3.774408311e-07,3.090510139e-07,nan,nan,nan,nan
1169,29.225,3.829233479e-07,3.134971699e-07,nan,nan,nan,nan
1170,29.25,3.884607820e-07,3.179869451e-07,nan,nan,nan,nan
1171,29.275,3.940532510e-07,3.225204177e-07,nan,nan,nan,nan
1172,29.3,3.997008712e-07,3.270976691e-07,nan,nan,nan,nan
1173,29.325,4.054037623e-07,3.317187761e-07,nan,nan,nan,nan
1174,29.35,4.111620358e-07,3.363837995e-07,nan,nan,nan,nan
1175,29.375,4.169757851e-07,3.410927840e-07,nan,nan,nan,nan
1176,29.4,4.228450851e-07,3.458457679e-07,nan,nan,nan,nan
1177,29.425,4.287700024e-07,3.506427984e-07,nan,nan,nan,nan
1178,29.45,4.347506135e-07,3.554839293e-07,nan,nan,nan,nan
1179,29.475,4.407869987e-07,3.603692076e-07,nan,nan,nan,nan
1180,29.5,4.468792296e-07,3.652986547e-07,nan,nan,nan,nan
1181,29.525,4.530273550e-07,3.702722760e-07,nan,nan,nan,nan
1182,29.55,4.592314022e-07,3.752900718e-07,nan,nan,nan,nan
1183,29.575,4.654913939e-07,3.803520493e-07,nan,nan,nan,nan
1184,29.6,4.718073568e-07,3.854582202e-07,nan,nan,nan,nan
1185,29.625,4.781793199e-07,3.906085878e-07,nan,nan,nan,nan
1186,29.65,4.846073006e-07,3.958031385e-07,nan,nan,nan,nan
1187,29.675,4.910912986e-07,4.010418434e-07,nan,nan,nan,nan
1188,29.7,4.976313003e-07,4.063246726e-07,nan,nan,nan,nan
1189,29.725,5.042272900e-07,4.116515958e-07,nan,nan,nan,nan
1190,29.75,5.108792490e-07,4.170225786e-07,nan,nan,nan,nan
1191,29.775,5.175871486e-07,4.224375701e-07,nan,nan,nan,nan
1192,29.8,5.243509439e-07,4.278965081e-07,nan,nan,nan,nan
1193,29.825,5.311705764e-07,4.333993293e-07,nan,nan,nan,nan
1194,29.85,5.380459874e-07,4.389459758e-07,nan,nan,nan,nan
1195,29.875,5.449771198e-07,4.445363848e-07,nan,nan,nan,nan
1196,29.9,5.519639099e-07,4.502105920e-07,nan,nan,nan,nan
1197,29.925,5.590062764e-07,4.559316935e-07,nan,nan,nan,nan
1198,29.95,5.661085604e-07,4.616971601e-07,nan,nan,nan,nan
1199,29.975,5.733101226e-07,4.675068909e-07,nan,nan,nan,nan
1200,30,5.805679086e-07,4.733607939e-07,nan,nan,nan,nan
1201,30.025,5.878818146e-07,4.792587716e-07,nan,nan,nan,nan
1202,30.05,5.952517288e-07,4.852007070e-07,nan,nan,nan,nan
1203,30.075,6.026775204e-07,4.911864631e-07,nan,nan,nan,nan
1204,30.1,6.101590389e-07,4.972158915e-07,nan,nan,nan,nan
1205,30.125,6.176961248e-07,5.032888500e-07,nan,nan,nan,nan
1206,30.15,6.252886165e-07,5.094051966e-07,nan,nan,nan,nan
1207,30.175,6.329363496e-07,5.155647794e-07,nan,nan,nan,nan
1208,30.2,6.406391474e-07,5.217674325e-07,nan,nan,nan,nan
1209,30.225,6.483968176e-07,5.280129790e-07,nan,nan,nan,nan
1210,30.25,6.562091589e-07,5.343012391e-07,nan,nan,nan,nan
1211,30.275,6.640759649e-07,5.406320334e-07,nan,nan,nan,nan
1212,30.3,6.719970238e-07,5.470051702e-07,nan,nan,nan,nan
1213,30.325,6.799721122e-07,5.534204413e-07,nan,nan,nan,nan
1214,30.35,6.880009873e-07,5.598776269e-07,nan,nan,nan,nan
1215,30.375,6.960833946e-07,5.663765060e-07,nan,nan,nan,nan
1216,30.4,7.042190749e-07,5.729168617e-07,nan,nan,nan,nan
1217,30.425,7.124077705e-07,5.794984763e-07,nan,nan,nan,nan
1218,30.45,7.206492177e-07,5.861211154e-07,nan,nan,nan,nan
1219,30.475,7.289431354e-07,5.927845226e-07,nan,nan,nan,nan
1220,30.5,7.372892223e-07,5.994884280e-07,nan,nan,nan,nan
1221,30.525,7.456871662e-07,6.062325648e-07,nan,nan,nan,nan
1222,30.55,7.541366515e-07,6.130166720e-07,nan,nan,nan,nan
1223,30.575,7.626373604e-07,6.198404831e-07,nan,nan,nan,nan
1224,30.6,7.711889687e-07,6.267037173e-07,nan,nan,nan,nan
1225,30.625,7.797911373e-07,6.336060786e-07,nan,nan,nan,nan
1226,30.65,7.884435118e-07,6.405472595e-07,nan,nan,nan,nan
1227,30.675,7.971457292e-07,6.475738342e-07,nan,nan,nan,nan
1228,30.7,8.058974198e-07,6.546454217e-07,nan,nan,nan,nan
1229,30.725,8.146982077e-07,6.617557702e-07,nan,nan,nan,nan
1230,30.75,8.235477046e-07,6.689045478e-07,nan,nan,nan,nan
1231,30.775,8.324455107e-07,6.760914151e-07,nan,nan,nan,nan
1232,30.8,8.413912170e-07,6.833160332e-07,nan,nan,nan,nan
1233,30.825,8.503844105e-07,6.905780590e-07,nan,nan,nan,nan
1234,30.85,8.594576133e-07,6.978771407e-07,nan,nan,nan,nan
1235,30.875,8.686050864e-07,7.052129069e-07,nan,nan,nan,nan
1236,30.9,8.777996560e-07,7.125849761e-07,nan,nan,nan,nan
1237,30.925,8.870408629e-07,7.199929648e-07,nan,nan,nan,nan
1238,30.95,8.963282426e-07,7.274364937e-07,nan,nan,nan,nan
1239,30.975,9.056613274e-07,7.349151800e-07,nan,nan,nan,nan
1240,31,9.150396423e-07,7.424286300e-07,nan,nan,nan,nan
1241,31.025,9.244626980e-07,7.499764316e-07,nan,nan,nan,nan
1242,31.05,9.339299923e-07,7.575581605e-07,nan,nan,nan,nan
1243,31.075,9.434410135e-07,7.651733932e-07,nan,nan,nan,nan
1244,31.1,9.529952439e-07,7.728217055e-07,nan,nan,nan,nan
1245,31.125,9.625921607e-07,7.805026707e-07,nan,nan,nan,nan
1246,31.15,9.722312323e-07,7.882158502e-07,nan,nan,nan,nan
1247,31.175,9.819119160e-07,7.959607934e-07,nan,nan,nan,nan
1248,31.2,9.916336588e-07,8.037370455e-07,nan,nan,nan,nan
1249,31.225,1.001395902e-06,8.115441465e-07,nan,nan,nan,nan
1250,31.25,1.011198080e-06,8.193816357e-07,nan,nan,nan,nan
1251,31.275,1.021039617e-06,8.272490385e-07,nan,nan,nan,nan
1252,31.3,1.030919927e-06,8.351458717e-07,nan,nan,nan,nan
1253,31.325,1.040838417e-06,8.430716493e-07,nan,nan,nan,nan
1254,31.35,1.050794487e-06,8.510258820e-07,nan,nan,nan,nan
1255,31.375,1.060787533e-06,8.590080820e-07,nan,nan,nan,nan
1256,31.4,1.070816940e-06,8.670177485e-07,nan,nan,nan,nan
1257,31.425,1.080882084e-06,8.750543714e-07,nan,nan,nan,nan
1258,31.45,1.090982334e-06,8.831174303e-07,nan,nan,nan,nan
1259,31.475,1.101117050e-06,8.912064034e-07,nan,nan,nan,nan
1260,31.5,1.111285588e-06,8.993207710e-07,nan,nan,nan,nan
1261,31.525,1.121487299e-06,9.074600074e-07,nan,nan,nan,nan
1262,31.55,1.131721526e-06,9.156235834e-07,nan,nan,nan,nan
1263,31.575,1.141987600e-06,9.238109541e-07,nan,nan,nan,nan
1264,31.6,1.152284847e-06,9.320747199e-07,nan,nan,nan,nan
1265,31.625,1.162612586e-06,9.403703303e-07,nan,nan,nan,nan
1266,31.65,1.172970135e-06,9.486887809e-07,nan,nan,nan,nan
1267,31.675,1.183356803e-06,9.570295095e-07,nan,nan,nan,nan
1268,31.7,1.193771888e-06,9.653919448e-07,nan,nan,nan,nan
1269,31.725,1.204214688e-06,9.737755122e-07,nan,nan,nan,nan
1270,31.75,1.214684491e-06,9.821796338e-07,nan,nan,nan,nan
1271,31.775,1.225180584e-06,9.906037283e-07,nan,nan,nan,nan
1272,31.8,1.235702244e-06,9.990472089e-07,nan,nan,nan,nan
1273,31.825,1.246248742e-06,1.007509485e-06,nan,nan,nan,nan
1274,31.85,1.256819344e-06,1.015989956e-06,nan,nan,nan,nan
1275,31.875,1.267413311e-06,1.024488024e-06,nan,nan,nan,nan
1276,31.9,1.278029905e-06,1.033003086e-06,nan,nan,nan,nan
1277,31.925,1.288668381e-06,1.041534540e-06,nan,nan,nan,nan
1278,31.95,1.299327983e-06,1.050081776e-06,nan,nan,nan,nan
1279,31.975,1.310019959e-06,1.058644176e-06,nan,nan,nan,nan
1280,32,1.320786901e-06,1.067221124e-06,nan,nan,nan,nan
1281,32.025,1.331573245e-06,1.075812000e-06,nan,nan,nan,nan
1282,32.05,1.342378215e-06,1.084416182e-06,nan,nan,nan,nan
1283,32.075,1.353201031e-06,1.093033047e-06,nan,nan,nan,nan
1284,32.1,1.364040901e-06,1.101661963e-06,nan,nan,nan,nan
1285,32.125,1.374897030e-06,1.110302300e-06,nan,nan,nan,nan
1286,32.15,1.385768624e-06,1.118953424e-06,nan,nan,nan,nan
1287,32.175,1.396654887e-06,1.127614699e-06,nan,nan,nan,nan
1288,32.2,1.407555019e-06,1.136285488e-06,nan,nan,nan,nan
1289,32.225,1.418468211e-06,1.144965150e-06,nan,nan,nan,nan
1290,32.25,1.429393656e-06,1.153653042e-06,nan,nan,nan,nan
1291,32.275,1.440330542e-06,1.162348522e-06,nan,nan,nan,nan
1292,32.3,1.451278064e-06,1.171050946e-06,nan,nan,nan,nan
1293,32.325,1.462235407e-06,1.179759668e-06,nan,nan,nan,nan
1294,32.35,1.473201752e-06,1.188474037e-06,nan,nan,nan,nan
1295,32.375,1.484176270e-06,1.197193401e-06,nan,nan,nan,nan
1296,32.4,1.495158135e-06,1.205917109e-06,nan,nan,nan,nan
1297,32.425,1.506146531e-06,1.214644514e-06,nan,nan,nan,nan
1298,32.45,1.517140640e-06,1.223374967e-06,nan,nan,nan,nan
1299,32.475,1.528139642e-06,1.232107814e-06,nan,nan,nan,nan
1300,32.5,1.539142702e-06,1.240842397e-06,nan,nan,nan,nan
1301,32.525,1.550148985e-06,1.249578061e-06,nan,nan,nan,nan
1302,32.55,1.561157658e-06,1.258314154e-06,nan,nan,nan,nan
1303,32.575,1.572167896e-06,1.267050026e-06,nan,nan,nan,nan
1304,32.6,1.583178877e-06,1.275785022e-06,nan,nan,nan,nan
1305,32.625,1.594189770e-06,1.284518490e-06,nan,nan,nan,nan
1306,32.65,1.605199742e-06,1.293249772e-06,nan,nan,nan,nan
1307,32.675,1.616207959e-06,1.301978217e-06,nan,nan,nan,nan
1308,32.7,1.627213593e-06,1.310703175e-06,nan,nan,nan,nan
1309,32.725,1.638215818e-06,1.319423994e-06,nan,nan,nan,nan
1310,32.75,1.649213805e-06,1.328140023e-06,nan,nan,nan,nan
1311,32.775,1.660206718e-06,1.336850608e-06,nan,nan,nan,nan
1312,32.8,1.671193729e-06,1.345565897e-06,nan,nan,nan,nan
1313,32.825,1.682174017e-06,1.354326384e-06,nan,nan,nan,nan
1314,32.85,1.693146767e-06,1.363079774e-06,nan,nan,nan,nan
1315,32.875,1.704111162e-06,1.371825410e-06,nan,nan,nan,nan
1316,32.9,1.715066372e-06,1.380562632e-06,nan,nan,nan,nan
1317,32.925,1.726011565e-06,1.389290786e-06,nan,nan,nan,nan
1318,32.95,1.736945921e-06,1.398009229e-06,nan,nan,nan,nan
1319,32.975,1.747868632e-06,1.406717324e-06,nan,nan,nan,nan
1320,33,1.758778901e-06,1.415414434e-06,nan,nan,nan,nan
1321,33.025,1.769675923e-06,1.424099909e-06,nan,nan,nan,nan
1322,33.05,1.780558883e-06,1.432773107e-06,nan,nan,nan,nan
1323,33.075,1.791426968e-06,1.441433387e-06,nan,nan,nan,nan
1324,33.1,1.802279375e-06,1.450080121e-06,nan,nan,nan,nan
1325,33.125,1.813115311e-06,1.458712685e-06,nan,nan,nan,nan
1326,33.15,1.823933990e-06,1.467330452e-06,nan,nan,nan,nan
1327,33.175,1.834734621e-06,1.475932795e-06,nan,nan,nan,nan
1328,33.2,1.845516416e-06,1.484519093e-06,nan,nan,nan,nan
1329,33.225,1.856278590e-06,1.493088733e-06,nan,nan,nan,nan
1330,33.25,1.867020372e-06,1.501641104e-06,nan,nan,nan,nan
1331,33.275,1.877740991e-06,1.510175595e-06,nan,nan,nan,nan
1332,33.3,1.888439677e-06,1.518691593e-06,nan,nan,nan,nan
1333,33.325,1.899115653e-06,1.527188497e-06,nan,nan,nan,nan
1334,33.35,1.909768156e-06,1.535665713e-06,nan,nan,nan,nan
1335,33.375,1.920396442e-06,1.544122658e-06,nan,nan,nan,nan
1336,33.4,1.930999774e-06,1.552558749e-06,nan,nan,nan,nan
1337,33.425,1.941577415e-06,1.560973392e-06,nan,nan,nan,nan
1338,33.45,1.952128614e-06,1.569365997e-06,nan,nan,nan,nan
1339,33.475,1.962652625e-06,1.577735988e-06,nan,nan,nan,nan
1340,33.5,1.973148716e-06,1.586082799e-06,nan,nan,nan,nan
1341,33.525,1.983616176e-06,1.594405882e-06,nan,nan,nan,nan
1342,33.55,1.994054305e-06,1.602704678e-06,nan,nan,nan,nan
1343,33.575,2.004462397e-06,1.610978624e-06,nan,nan,nan,nan
1344,33.6,2.014839741e-06,1.619227165e-06,nan,nan,nan,nan
1345,33.625,2.025185633e-06,1.627449755e-06,nan,nan,nan,nan
1346,33.65,2.035499382e-06,1.635645862e-06,nan,nan,nan,nan
1347,33.675,2.045780313e-06,1.643814956e-06,nan,nan,nan,nan
1348,33.7,2.056027753e-06,1.651956508e-06,nan,nan,nan,nan
1349,33.725,2.066241030e-06,1.660069995e-06,nan,nan,nan,nan
1350,33.75,2.076419478e-06,1.668154900e-06,nan,nan,nan,nan
1351,33.775,2.086562445e-06,1.676210724e-06,nan,nan,nan,nan
1352,33.8,2.096669295e-06,1.684236966e-06,nan,nan,nan,nan
1353,33.825,2.106762378e-06,1.692233125e-06,nan,nan,nan,nan
1354,33.85,2.116845640e-06,1.700198696e-06,nan,nan,nan,nan
1355,33.875,2.126890667e-06,1.708133193e-06,nan,nan,nan,nan
1356,33.9,2.136896831e-06,1.716036146e-06,nan,nan,nan,nan
1357,33.925,2.146863528e-06,1.723907099e-06,nan,nan,nan,nan
1358,33.95,2.156790166e-06,1.731745591e-06,nan,nan,nan,nan
1359,33.975,2.166676147e-06,1.739551153e-06,nan,nan,nan,nan
1360,34,2.176520870e-06,1.747323321e-06,nan,nan,nan,nan
1361,34.025,2.186323735e-06,1.755061647e-06,nan,nan,nan,nan
1362,34.05,2.196084165e-06,1.762765704e-06,nan,nan,nan,nan
1363,34.075,2.205801603e-06,1.770435070e-06,nan,nan,nan,nan
1364,34.1,2.215475502e-06,1.778069324e-06,nan,nan,nan,nan
1365,34.125,2.225105314e-06,1.785668042e-06,nan,nan,nan,nan
1366,34.15,2.234690493e-06,1.793230810e-06,nan,nan,nan,nan
1367,34.175,2.244230505e-06,1.800757226e-06,nan,nan,nan,nan
1368,34.2,2.253724830e-06,1.808246902e-06,nan,nan,nan,nan
1369,34.225,2.263172962e-06,1.815699448e-06,nan,nan,nan,nan
1370,34.25,2.272574395e-06,1.823114479e-06,nan,nan,nan,nan
1371,34.275,2.281928627e-06,1.830491617e-06,nan,nan,nan,nan
1372,34.3,2.291235169e-06,1.837830506e-06,nan,nan,nan,nan
1373,34.325,2.300493559e-06,1.845130799e-06,nan,nan,nan,nan
1374,34.35,2.309703344e-06,1.852392149e-06,nan,nan,nan,nan
1375,34.375,2.318864071e-06,1.859614198e-06,nan,nan,nan,nan
1376,34.4,2.327975278e-06,1.866796598e-06,nan,nan,nan,nan
1377,34.425,2.337036514e-06,1.873939021e-06,nan,nan,nan,nan
1378,34.45,2.346047351e-06,1.881041159e-06,nan,nan,nan,nan
1379,34.475,2.355007387e-06,1.888102718e-06,nan,nan,nan,nan
1380,34.5,2.363916231e-06,1.895123395e-06,nan,nan,nan,nan
1381,34.525,2.372773489e-06,1.902102881e-06,nan,nan,nan,nan
1382,34.55,2.381578762e-06,1.909040873e-06,nan,nan,nan,nan
1383,34.575,2.390331657e-06,1.915937089e-06,nan,nan,nan,nan
1384,34.6,2.399031809e-06,1.922791266e-06,nan,nan,nan,nan
1385,34.625,2.407678869e-06,1.929603148e-06,nan,nan,nan,nan
1386,34.65,2.416272497e-06,1.936372475e-06,nan,nan,nan,nan
1387,34.675,2.424812355e-06,1.943098994e-06,nan,nan,nan,nan
1388,34.7,2.433298108e-06,1.949782460e-06,nan,nan,nan,nan
1389,34.725,2.441729443e-06,1.956422646e-06,nan,nan,nan,nan
1390,34.75,2.450106058e-06,1.963019327e-06,nan,nan,nan,nan
1391,34.775,2.458427662e-06,1.969572284e-06,nan,nan,nan,nan
1392,34.8,2.466693959e-06,1.976081294e-06,nan,nan,nan,nan
1393,34.825,2.474904663e-06,1.982546153e-06,nan,nan,nan,nan
1394,34.85,2.483059505e-06,1.988966681e-06,nan,nan,nan,nan
1395,34.875,2.491158241e-06,1.995342702e-06,nan,nan,nan,nan
1396,34.9,2.499200642e-06,2.001674040e-06,nan,nan,nan,nan
1397,34.925,2.507186471e-06,2.007960509e-06,nan,nan,nan,nan
1398,34.95,2.515115490e-06,2.014201934e-06,nan,nan,nan,nan
1399,34.975,2.522987467e-06,2.020398157e-06,nan,nan,nan,nan
1400,35,2.530802198e-06,2.026549049e-06,nan,nan,nan,nan
1401,35.025,2.538559501e-06,2.032654481e-06,nan,nan,nan,nan
1402,35.05,2.546259203e-06,2.038714323e-06,nan,nan,nan,nan
1403,35.075,2.553901127e-06,2.044758674e-06,nan,nan,nan,nan
1404,35.1,2.561485097e-06,2.050759468e-06,nan,nan,nan,nan
1405,35.125,2.569010953e-06,2.056713961e-06,nan,nan,nan,nan
1406,35.15,2.576478551e-06,2.062622054e-06,nan,nan,nan,nan
1407,35.175,2.583887761e-06,2.068483656e-06,nan,nan,nan,nan
1408,35.2,2.591238458e-06,2.074298671e-06,nan,nan,nan,nan
1409,35.225,2.598530521e-06,2.080067017e-06,nan,nan,nan,nan
1410,35.25,2.605763842e-06,2.085788629e-06,nan,nan,nan,nan
1411,35.275,2.612938332e-06,2.091463449e-06,nan,nan,nan,nan
1412,35.3,2.620053913e-06,2.097091420e-06,nan,nan,nan,nan
1413,35.325,2.627110506e-06,2.102672479e-06,nan,nan,nan,nan
1414,35.35,2.634108032e-06,2.108206572e-06,nan,nan,nan,nan
1415,35.375,2.641046420e-06,2.113693664e-06,nan,nan,nan,nan
1416,35.4,2.647925626e-06,2.119133746e-06,nan,nan,nan,nan
1417,35.425,2.654745624e-06,2.124526811e-06,nan,nan,nan,nan
1418,35.45,2.661506398e-06,2.129872845e-06,nan,nan,nan,nan
1419,35.475,2.668207925e-06,2.135171824e-06,nan,nan,nan,nan
1420,35.5,2.674850180e-06,2.140423735e-06,nan,nan,nan,nan
1421,35.525,2.681433147e-06,2.145628590e-06,nan,nan,nan,nan
1422,35.55,2.687956835e-06,2.150786417e-06,nan,nan,nan,nan
1423,35.575,2.694421273e-06,2.155897249e-06,nan,nan,nan,nan
1424,35.6,2.700826492e-06,2.160961112e-06,nan,nan,nan,nan
1425,35.625,2.707172523e-06,2.165978034e-06,nan,nan,nan,nan
1426,35.65,2.713459402e-06,2.170948053e-06,nan,nan,nan,nan
1427,35.675,2.719687178e-06,2.175871224e-06,nan,nan,nan,nan
1428,35.7,2.725855913e-06,2.180747607e-06,nan,nan,nan,nan
1429,35.725,2.731965679e-06,2.185577260e-06,nan,nan,nan,nan
1430,35.75,2.738016546e-06,2.190360246e-06,nan,nan,nan,nan
1431,35.775,2.744008595e-06,2.195096642e-06,nan,nan,nan,nan
1432,35.8,2.749941916e-06,2.199786538e-06,nan,nan,nan,nan
1433,35.825,2.755816622e-06,2.204430033e-06,nan,nan,nan,nan
1434,35.85,2.761632830e-06,2.209027217e-06,nan,nan,nan,nan
1435,35.875,2.767390653e-06,2.213578177e-06,nan,nan,nan,nan
1436,35.9,2.773090203e-06,2.218083008e-06,nan,nan,nan,nan
1437,35.925,2.778731605e-06,2.222541831e-06,nan,nan,nan,nan
1438,35.95,2.784315002e-06,2.226954776e-06,nan,nan,nan,nan
1439,35.975,2.789840554e-06,2.231321979e-06,nan,nan,nan,nan
1440,36,2.795308424e-06,2.235643564e-06,nan,nan,nan,nan
1441,36.025,2.800718769e-06,2.239919651e-06,nan,nan,nan,nan
1442,36.05,2.806071750e-06,2.244150376e-06,nan,nan,nan,nan
1443,36.075,2.811367536e-06,2.248335890e-06,nan,nan,nan,nan
1444,36.1,2.816606317e-06,2.252476354e-06,nan,nan,nan,nan
1445,36.125,2.821788289e-06,2.256571929e-06,nan,nan,nan,nan
1446,36.15,2.826913651e-06,2.260622772e-06,nan,nan,nan,nan
1447,36.175,2.831982602e-06,2.264629047e-06,nan,nan,nan,nan
1448,36.2,2.836995351e-06,2.268590927e-06,nan,nan,nan,nan
1449,36.225,2.841952118e-06,2.272508597e-06,nan,nan,nan,nan
1450,36.25,2.846853132e-06,2.276382236e-06,nan,nan,nan,nan
1451,36.275,2.851698616e-06,2.280212021e-06,nan,nan,nan,nan
1452,36.3,2.856488801e-06,2.283998140e-06,nan,nan,nan,nan
1453,36.325,2.861223922e-06,2.287740793e-06,nan,nan,nan,nan
1454,36.35,2.865904231e-06,2.291440197e-06,nan,nan,nan,nan
1455,36.375,2.870529996e-06,2.295096562e-06,nan,nan,nan,nan
1456,36.4,2.875101480e-06,2.298710090e-06,nan,nan,nan,nan
1457,36.425,2.879618939e-06,2.302280977e-06,nan,nan,nan,nan
1458,36.45,2.884082630e-06,2.305809434e-06,nan,nan,nan,nan
1459,36.475,2.888492823e-06,2.309295689e-06,nan,nan,nan,nan
1460,36.5,2.892849803e-06,2.312739984e-06,nan,nan,nan,nan
1461,36.525,2.897153867e-06,2.316142555e-06,nan,nan,nan,nan
1462,36.55,2.901405312e-06,2.319503628e-06,nan,nan,nan,nan
1463,36.575,2.905604423e-06,2.322823428e-06,nan,nan,nan,nan
1464,36.6,2.909751495e-06,2.326102190e-06,nan,nan,nan,nan
1465,36.625,2.913846829e-06,2.329340165e-06,nan,nan,nan,nan
1466,36.65,2.917890736e-06,2.332537605e-06,nan,nan,nan,nan
1467,36.675,2.921883534e-06,2.335694758e-06,nan,nan,nan,nan
1468,36.7,2.925825538e-06,2.338811874e-06,nan,nan,nan,nan
1469,36.725,2.929717065e-06,2.341889210e-06,nan,nan,nan,nan
1470,36.75,2.933558440e-06,2.344927027e-06,nan,nan,nan,nan
1471,36.775,2.937349997e-06,2.347925595e-06,nan,nan,nan,nan
1472,36.8,2.941092072e-06,2.350885173e-06,nan,nan,nan,nan
1473,36.825,2.944784996e-06,2.353806019e-06,nan,nan,nan,nan
1474,36.85,2.948429103e-06,2.356688401e-06,nan,nan,nan,nan
1475,36.875,2.952024733e-06,2.359532597e-06,nan,nan,nan,nan
1476,36.9,2.955572235e-06,2.362338895e-06,nan,nan,nan,nan
1477,36.925,2.959071969e-06,2.365107574e-06,nan,nan,nan,nan
1478,36.95,2.962524286e-06,2.367838905e-06,nan,nan,nan,nan
1479,36.975,2.965929536e-06,2.370533158e-06,nan,nan,nan,nan
1480,37,2.969288071e-06,2.373190617e-06,nan,nan,nan,nan
1481,37.025,2.972600250e-06,2.375811575e-06,nan,nan,nan,nan
1482,37.05,2.975866441e-06,2.378396329e-06,nan,nan,nan,nan
1483,37.075,2.979087013e-06,2.380945166e-06,nan,nan,nan,nan
1484,37.1,2.982262335e-06,2.383458373e-06,nan,nan,nan,nan
1485,37.125,2.985392772e-06,2.385936236e-06,nan,nan,nan,nan
1486,37.15,2.988478693e-06,2.388379053e-06,nan,nan,nan,nan
1487,37.175,2.991520474e-06,2.390787123e-06,nan,nan,nan,nan
1488,37.2,2.994518495e-06,2.393160742e-06,nan,nan,nan,nan
1489,37.225,2.997473128e-06,2.395500203e-06,nan,nan,nan,nan
1490,37.25,3.000384752e-06,2.397805806e-06,nan,nan,nan,nan
1491,37.275,3.003253745e-06,2.400077854e-06,nan,nan,nan,nan
1492,37.3,3.006080495e-06,2.402316656e-06,nan,nan,nan,nan
1493,37.325,3.008865388e-06,2.404522516e-06,nan,nan,nan,nan
1494,37.35,3.011608808e-06,2.406695727e-06,nan,nan,nan,nan
1495,37.375,3.014311134e-06,2.408836583e-06,nan,nan,nan,nan
1496,37.4,3.016972746e-06,2.410945389e-06,nan,nan,nan,nan
1497,37.425,3.019594035e-06,2.413022463e-06,nan,nan,nan,nan
1498,37.45,3.022175395e-06,2.415068119e-06,nan,nan,nan,nan
1499,37.475,3.024717221e-06,2.417082663e-06,nan,nan,nan,nan
1500,37.5,3.027219901e-06,2.419066391e-06,nan,nan,nan,nan
1501,37.525,3.029683815e-06,2.421019601e-06,nan,nan,nan,nan
1502,37.55,3.032109352e-06,2.422942601e-06,nan,nan,nan,nan
1503,37.575,3.034496903e-06,2.424835707e-06,nan,nan,nan,nan
1504,37.6,3.036846864e-06,2.426699230e-06,nan,nan,nan,nan
1505,37.625,3.039159627e-06,2.428533476e-06,nan,nan,nan,nan
1506,37.65,3.041435582e-06,2.430338747e-06,nan,nan,nan,nan
1507,37.675,3.043675116e-06,2.432115350e-06,nan,nan,nan,nan
1508,37.7,3.045878621e-06,2.433863594e-06,nan,nan,nan,nan
1509,37.725,3.048046489e-06,2.435583789e-06,nan,nan,nan,nan
1510,37.75,3.050179110e-06,2.437276237e-06,nan,nan,nan,nan
1511,37.775,3.052276873e-06,2.438941240e-06,nan,nan,nan,nan
1512,37.8,3.054340162e-06,2.440579102e-06,nan,nan,nan,nan
1513,37.825,3.056369367e-06,2.442190134e-06,nan,nan,nan,nan
1514,37.85,3.058364877e-06,2.443774645e-06,nan,nan,nan,nan
1515,37.875,3.060327082e-06,2.445332938e-06,nan,nan,nan,nan
1516,37.9,3.062256370e-06,2.446865310e-06,nan,nan,nan,nan
1517,37.925,3.064153121e-06,2.448372058e-06,nan,nan,nan,nan
1518,37.95,3.066017718e-06,2.449853484e-06,nan,nan,nan,nan
1519,37.975,3.067850545e-06,2.451309894e-06,nan,nan,nan,nan
1520,38,3.069651984e-06,2.452741592e-06,nan,nan,nan,nan
1521,38.025,3.071422418e-06,2.454148873e-06,nan,nan,nan,nan
1522,38.05,3.073162223e-06,2.455532031e-06,nan,nan,nan,nan
1523,38.075,3.074871780e-06,2.456891360e-06,nan,nan,nan,nan
1524,38.1,3.076551464e-06,2.458227159e-06,nan,nan,nan,nan
1525,38.125,3.078201652e-06,2.459539723e-06,nan,nan,nan,nan
1526,38.15,3.079822715e-06,2.460829344e-06,nan,nan,nan,nan
1527,38.175,3.081415027e-06,2.462096311e-06,nan,nan,nan,nan
1528,38.2,3.082978956e-06,2.463340914e-06,nan,nan,nan,nan
1529,38.225,3.084514872e-06,2.464563445e-06,nan,nan,nan,nan
1530,38.25,3.086023143e-06,2.465764193e-06,nan,nan,nan,nan
1531,38.275,3.087504132e-06,2.466943438e-06,nan,nan,nan,nan
1532,38.3,3.088958201e-06,2.468101464e-06,nan,nan,nan,nan
1533,38.325,3.090385710e-06,2.469238552e-06,nan,nan,nan,nan
1534,38.35,3.091787021e-06,2.470354988e-06,nan,nan,nan,nan
1535,38.375,3.093162493e-06,2.471451055e-06,nan,nan,nan,nan
1536,38.4,3.094512482e-06,2.472527029e-06,nan,nan,nan,nan
1537,38.425,3.095837336e-06,2.473583183e-06,nan,nan,nan,nan
1538,38.45,3.097137403e-06,2.474619787e-06,nan,nan,nan,nan
1539,38.475,3.098413030e-06,2.475637112e-06,nan,nan,nan,nan
1540,38.5,3.099664568e-06,2.476635434e-06,nan,nan,nan,nan
1541,38.525,3.100892362e-06,2.477615028e-06,nan,nan,nan,nan
1542,38.55,3.102096754e-06,2.478576159e-06,nan,nan,nan,nan
1543,38.575,3.103278081e-06,2.479519088e-06,nan,nan,nan,nan
1544,38.6,3.104436675e-06,2.480444076e-06,nan,nan,nan,nan
1545,38.625,3.105572872e-06,2.481351384e-06,nan,nan,nan,nan
1546,38.65,3.106687005e-06,2.482241275e-06,nan,nan,nan,nan
1547,38.675,3.107779402e-06,2.483114006e-06,nan,nan,nan,nan
1548,38.7,3.108850389e-06,2.483969831e-06,nan,nan,nan,nan
1549,38.725,3.109900289e-06,2.484809002e-06,nan,nan,nan,nan
1550,38.75,3.110929424e-06,2.485631770e-06,nan,nan,nan,nan
1551,38.775,3.111938111e-06,2.486438388e-06,nan,nan,nan,nan
1552,38.8,3.112926666e-06,2.487229101e-06,nan,nan,nan,nan
1553,38.825,3.113895401e-06,2.488004155e-06,nan,nan,nan,nan
1554,38.85,3.114844626e-06,2.488763788e-06,nan,nan,nan,nan
1555,38.875,3.115774648e-06,2.489508240e-06,nan,nan,nan,nan
1556,38.9,3.116685775e-06,2.490237751e-06,nan,nan,nan,nan
1557,38.925,3.117578307e-06,2.490952558e-06,nan,nan,nan,nan
1558,38.95,3.118452540e-06,2.491652896e-06,nan,nan,nan,nan
1559,38.975,3.119308766e-06,2.492338995e-06,nan,nan,nan,nan
1560,39,3.120147283e-06,2.493011085e-06,nan,nan,nan,nan
1561,39.025,3.120968382e-06,2.493669391e-06,nan,nan,nan,nan
1562,39.05,3.121772353e-06,2.494314140e-06,nan,nan,nan,nan
1563,39.075,3.122559477e-06,2.494945553e-06,nan,nan,nan,nan
1564,39.1,3.123330033e-06,2.495563849e-06,nan,nan,nan,nan
1565,39.125,3.124084299e-06,2.496169248e-06,nan,nan,nan,nan
1566,39.15,3.124822552e-06,2.496761964e-06,nan,nan,nan,nan
1567,39.175,3.125545066e-06,2.497342212e-06,nan,nan,nan,nan
1568,39.2,3.126252108e-06,2.497910202e-06,nan,nan,nan,nan
1569,39.225,3.126943943e-06,2.498466141e-06,nan,nan,nan,nan
1570,39.25,3.127620837e-06,2.499010239e-06,nan,nan,nan,nan
1571,39.275,3.128283054e-06,2.499542702e-06,nan,nan,nan,nan
1572,39.3,3.128930854e-06,2.500063729e-06,nan,nan,nan,nan
1573,39.325,3.129564486e-06,2.500573515e-06,nan,nan,nan,nan
1574,39.35,3.130184195e-06,2.501072257e-06,nan,nan,nan,nan
1575,39.375,3.130790227e-06,2.501560150e-06,nan,nan,nan,nan
1576,39.4,3.131382834e-06,2.502037391e-06,nan,nan,nan,nan
1577,39.425,3.131962268e-06,2.502504175e-06,nan,nan,nan,nan
1578,39.45,3.132528771e-06,2.502960687e-06,nan,nan,nan,nan
1579,39.475,3.133082571e-06,2.503407107e-06,nan,nan,nan,nan
1580,39.5,3.133623895e-06,2.503843615e-06,nan,nan,nan,nan
1581,39.525,3.134152971e-06,2.504270393e-06,nan,nan,nan,nan
1582,39.55,3.134670031e-06,2.504687624e-06,nan,nan,nan,nan
1583,39.575,3.135175308e-06,2.505095487e-06,nan,nan,nan,nan
1584,39.6,3.135669024e-06,2.505494155e-06,nan,nan,nan,nan
1585,39.625,3.136151394e-06,2.505883796e-06,nan,nan,nan,nan
1586,39.65,3.136622630e-06,2.506264579e-06,nan,nan,nan,nan
1587,39.675,3.137082947e-06,2.506636674e-06,nan,nan,nan,nan
1588,39.7,3.137532558e-06,2.507000245e-06,nan,nan,nan,nan
1589,39.725,3.137971667e-06,2.507355453e-06,nan,nan,nan,nan
1590,39.75,3.138400476e-06,2.507702457e-06,nan,nan,nan,nan
1591,39.775,3.138819185e-06,2.508041415e-06,nan,nan,nan,nan
1592,39.8,3.139227996e-06,2.508372489e-06,nan,nan,nan,nan
1593,39.825,3.139627110e-06,2.508695833e-06,nan,nan,nan,nan
1594,39.85,3.140016724e-06,2.509011595e-06,nan,nan,nan,nan
1595,39.875,3.140397019e-06,2.509319922e-06,nan,nan,nan,nan
1596,39.9,3.140768175e-06,2.509620957e-06,nan,nan,nan,nan
1597,39.925,3.141130375e-06,2.509914851e-06,nan,nan,nan,nan
1598,39.95,3.141483807e-06,2.510201749e-06,nan,nan,nan,nan
1599,39.975,3.141828660e-06,2.510481794e-06,nan,nan,nan,nan
1600,40,3.142165110e-06,2.510755120e-06,nan,nan,nan,nan
1601,40.025,3.142493324e-06,2.511021861e-06,nan,nan,nan,nan
1602,40.05,3.142813465e-06,2.511282151e-06,nan,nan,nan,nan
1603,40.075,3.143125701e-06,2.511536124e-06,nan,nan,nan,nan
1604,40.1,3.143430204e-06,2.511783913e-06,nan,nan,nan,nan
1605,40.125,3.143727140e-06,2.512025646e-06,nan,nan,nan,nan
1606,40.15,3.144016666e-06,2.512261446e-06,nan,nan,nan,nan
1607,40.175,3.144298938e-06,2.512491439e-06,nan,nan,nan,nan
1608,40.2,3.144574112e-06,2.512715748e-06,nan,nan,nan,nan
1609,40.225,3.144842343e-06,2.512934493e-06,nan,nan,nan,nan
1610,40.25,3.145103779e-06,2.513147788e-06,nan,nan,nan,nan
1611,40.275,3.145358563e-06,2.513355748e-06,nan,nan,nan,nan
1612,40.3,3.145606838e-06,2.513558491e-06,nan,nan,nan,nan
1613,40.325,3.145848750e-06,2.513756134e-06,nan,nan,nan,nan
1614,40.35,3.146084446e-06,2.513948791e-06,nan,nan,nan,nan
1615,40.375,3.146314067e-06,2.514136562e-06,nan,nan,nan,nan
1616,40.4,3.146537742e-06,2.514319550e-06,nan,nan,nan,nan
1617,40.425,3.146755593e-06,2.514497855e-06,nan,nan,nan,nan
1618,40.45,3.146967747e-06,2.514671589e-06,nan,nan,nan,nan
1619,40.475,3.147174342e-06,2.514840860e-06,nan,nan,nan,nan
1620,40.5,3.147375514e-06,2.515005770e-06,nan,nan,nan,nan
1621,40.525,3.147571389e-06,2.515166411e-06,nan,nan,nan,nan
1622,40.55,3.147762080e-06,2.515322870e-06,nan,nan,nan,nan
1623,40.575,3.147947696e-06,2.515475241e-06,nan,nan,nan,nan
1624,40.6,3.148128355e-06,2.515623622e-06,nan,nan,nan,nan
1625,40.625,3.148304176e-06,2.515768107e-06,nan,nan,nan,nan
1626,40.65,3.148475278e-06,2.515908786e-06,nan,nan,nan,nan
1627,40.675,3.148641771e-06,2.516045744e-06,nan,nan,nan,nan
1628,40.7,3.148803756e-06,2.516179065e-06,nan,nan,nan,nan
1629,40.725,3.148961343e-06,2.516308837e-06,nan,nan,nan,nan
1630,40.75,3.149114641e-06,2.516435145e-06,nan,nan,nan,nan
1631,40.775,3.149263755e-06,2.516558067e-06,nan,nan,nan,nan
1632,40.8,3.149408778e-06,2.516677673e-06,nan,nan,nan,nan
1633,40.825,3.149549798e-06,2.516799148e-06,nan,nan,nan,nan
1634,40.85,3.149686909e-06,2.516920792e-06,nan,nan,nan,nan
1635,40.875,3.149820218e-06,2.517039148e-06,nan,nan,nan,nan
1636,40.9,3.149949832e-06,2.517154289e-06,nan,nan,nan,nan
1637,40.925,3.150075844e-06,2.517266309e-06,nan,nan,nan,nan
1638,40.95,3.150198328e-06,2.517375295e-06,nan,nan,nan,nan
1639,40.975,3.150317357e-06,2.517481325e-06,nan,nan,nan,nan
1640,41,3.150433014e-06,2.517584453e-06,nan,nan,nan,nan
1641,41.025,3.150545396e-06,2.517684734e-06,nan,nan,nan,nan
1642,41.05,3.150654596e-06,2.517782235e-06,nan,nan,nan,nan
1643,41.075,3.150760696e-06,2.517877036e-06,nan,nan,nan,nan
1644,41.1,3.150863765e-06,2.517969216e-06,nan,nan,nan,nan
1645,41.125,3.150963873e-06,2.518058841e-06,nan,nan,nan,nan
1646,41.15,3.151061095e-06,2.518145963e-06,nan,nan,nan,nan
1647,41.175,3.151155512e-06,2.518230638e-06,nan,nan,nan,nan
1648,41.2,3.151247196e-06,2.518312930e-06,nan,nan,nan,nan
1649,41.225,3.151336213e-06,2.518392903e-06,nan,nan,nan,nan
1650,41.25,3.151422630e-06,2.518470615e-06,nan,nan,nan,nan
1651,41.275,3.151506520e-06,2.518546118e-06,nan,nan,nan,nan
1652,41.3,3.151587955e-06,2.518619463e-06,nan,nan,nan,nan
1653,41.325,3.151673103e-06,2.518690714e-06,nan,nan,nan,nan
1654,41.35,3.151756119e-06,2.518759935e-06,nan,nan,nan,nan
1655,41.375,3.151836712e-06,2.518827176e-06,nan,nan,nan,nan
1656,41.4,3.151914942e-06,2.518892475e-06,nan,nan,nan,nan
1657,41.425,3.151990857e-06,2.518955872e-06,nan,nan,nan,nan
1658,41.45,3.152064505e-06,2.519017419e-06,nan,nan,nan,nan
1659,41.475,3.152135948e-06,2.519077178e-06,nan,nan,nan,nan
1660,41.5,3.152205264e-06,2.519135206e-06,nan,nan,nan,nan
1661,41.525,3.152272519e-06,2.519191546e-06,nan,nan,nan,nan
1662,41.55,3.152337767e-06,2.519246227e-06,nan,nan,nan,nan
1663,41.575,3.152401047e-06,2.519299285e-06,nan,nan,nan,nan
1664,41.6,3.152462403e-06,2.519350769e-06,nan,nan,nan,nan
1665,41.625,3.152521892e-06,2.519400731e-06,nan,nan,nan,nan
1666,41.65,3.152579575e-06,2.519449216e-06,nan,nan,nan,nan
1667,41.675,3.152635505e-06,2.519496256e-06,nan,nan,nan,nan
1668,41.7,3.152689726e-06,2.519541888e-06,nan,nan,nan,nan
1669,41.725,3.152742280e-06,2.519586150e-06,nan,nan,nan,nan
1670,41.75,3.152793216e-06,2.519629083e-06,nan,nan,nan,nan
1671,41.775,3.152842585e-06,2.519670725e-06,nan,nan,nan,nan
1672,41.8,3.152890429e-06,2.519711102e-06,nan,nan,nan,nan
1673,41.825,3.152936782e-06,2.519750246e-06,nan,nan,nan,nan
1674,41.85,3.152981682e-06,2.519788197e-06,nan,nan,nan,nan
1675,41.875,3.153025174e-06,2.519824999e-06,nan,nan,nan,nan
1676,41.9,3.153067314e-06,2.519860689e-06,nan,nan,nan,nan
1677,41.925,3.153108142e-06,2.519895286e-06,nan,nan,nan,nan
1678,41.95,3.153147688e-06,2.519928806e-06,nan,nan,nan,nan
1679,41.975,3.153185974e-06,2.519961277e-06,nan,nan,nan,nan
1680,42,3.153223033e-06,2.519992742e-06,nan,nan,nan,nan
1681,42.025,3.153258911e-06,2.520023244e-06,nan,nan,nan,nan
1682,42.05,3.153293655e-06,2.520052810e-06,nan,nan,nan,nan
1683,42.075,3.153327301e-06,2.520081456e-06,nan,nan,nan,nan
1684,42.1,3.153359869e-06,2.520109195e-06,nan,nan,nan,nan
1685,42.125,3.153391382e-06,2.520136056e-06,nan,nan,nan,nan
1686,42.15,3.153421874e-06,2.520162072e-06,nan,nan,nan,nan
1687,42.175,3.153451380e-06,2.520187275e-06,nan,nan,nan,nan
1688,42.2,3.153479936e-06,2.520211684e-06,nan,nan,nan,nan
1689,42.225,3.153507563e-06,2.520235315e-06,nan,nan,nan,nan
1690,42.25,3.153534286e-06,2.520258195e-06,nan,nan,nan,nan
1691,42.275,3.153560136e-06,2.520280352e-06,nan,nan,nan,nan
1692,42.3,3.153585147e-06,2.520301808e-06,nan,nan,nan,nan
1693,42.325,3.153609345e-06,2.520322576e-06,nan,nan,nan,nan
1694,42.35,3.153632742e-06,2.520342664e-06,nan,nan,nan,nan
1695,42.375,3.153655353e-06,2.520362096e-06,nan,nan,nan,nan
1696,42.4,3.153677204e-06,2.520381348e-06,nan,nan,nan,nan
1697,42.425,3.153698335e-06,2.520401203e-06,nan,nan,nan,nan
1698,42.45,3.153718784e-06,2.520420409e-06,nan,nan,nan,nan
1699,42.475,3.153738563e-06,2.520439002e-06,nan,nan,nan,nan
1700,42.5,3.153757675e-06,2.520457012e-06,nan,nan,nan,nan
1701,42.525,3.153776130e-06,2.520474450e-06,nan,nan,nan,nan
1702,42.55,3.153793950e-06,2.520491317e-06,nan,nan,nan,nan
1703,42.575,3.153811175e-06,2.520507617e-06,nan,nan,nan,nan
1704,42.6,3.153827833e-06,2.520523374e-06,nan,nan,nan,nan
1705,42.625,3.153843938e-06,2.520538619e-06,nan,nan,nan,nan
1706,42.65,3.153859493e-06,2.520553377e-06,nan,nan,nan,nan
1707,42.675,3.153874512e-06,2.520567658e-06,nan,nan,nan,nan
1708,42.7,3.153889017e-06,2.520581466e-06,nan,nan,nan,nan
1709,42.725,3.153903030e-06,2.520594813e-06,nan,nan,nan,nan
1710,42.75,3.153916564e-06,2.520607717e-06,nan,nan,nan,nan
1711,42.775,3.153929629e-06,2.520620198e-06,nan,nan,nan,nan
1712,42.8,3.153942239e-06,2.520632263e-06,nan,nan,nan,nan
1713,42.825,3.153954420e-06,2.520643919e-06,nan,nan,nan,nan
1714,42.85,3.153966195e-06,2.520655181e-06,nan,nan,nan,nan
1715,42.875,3.153977570e-06,2.520666073e-06,nan,nan,nan,nan
1716,42.9,3.153988543e-06,2.520676613e-06,nan,nan,nan,nan
1717,42.925,3.153999118e-06,2.520686808e-06,nan,nan,nan,nan
1718,42.95,3.154009315e-06,2.520696653e-06,nan,nan,nan,nan
1719,42.975,3.154019165e-06,2.520706150e-06,nan,nan,nan,nan
1720,43,3.154028689e-06,2.520715317e-06,nan,nan,nan,nan
1721,43.025,3.154037889e-06,2.520724182e-06,nan,nan,nan,nan
1722,43.05,3.154046759e-06,2.520732761e-06,nan,nan,nan,nan
1723,43.075,3.154055305e-06,2.520741058e-06,nan,nan,nan,nan
1724,43.1,3.154063544e-06,2.520749067e-06,nan,nan,nan,nan
1725,43.125,3.154071497e-06,2.520756793e-06,nan,nan,nan,nan
1726,43.15,3.154079178e-06,2.520764250e-06,nan,nan,nan,nan
1727,43.175,3.154086590e-06,2.520771456e-06,nan,nan,nan,nan
1728,43.2,3.154093734e-06,2.520778422e-06,nan,nan,nan,nan
1729,43.225,3.154100624e-06,2.520785149e-06,nan,nan,nan,nan
1730,43.25,3.154107272e-06,2.520791643e-06,nan,nan,nan,nan
1731,43.275,3.154113686e-06,2.520797913e-06,nan,nan,nan,nan
1732,43.3,3.154119867e-06,2.520803971e-06,nan,nan,nan,nan
1733,43.325,3.154125823e-06,2.520809822e-06,nan,nan,nan,nan
1734,43.35,3.154131564e-06,2.520815466e-06,nan,nan,nan,nan
1735,43.375,3.154137108e-06,2.520820911e-06,nan,nan,nan,nan
1736,43.4,3.154142462e-06,2.520826165e-06,nan,nan,nan,nan
1737,43.425,3.154147622e-06,2.520831244e-06,nan,nan,nan,nan
1738,43.45,3.154152587e-06,2.520836155e-06,nan,nan,nan,nan
1739,43.475,3.154157364e-06,2.520840894e-06,nan,nan,nan,nan
1740,43.5,3.154161973e-06,2.520845460e-06,nan,nan,nan,nan
1741,43.525,3.154166427e-06,2.520849860e-06,nan,nan,nan,nan
1742,43.55,3.154170727e-06,2.520854107e-06,nan,nan,nan,nan
1743,43.575,3.154174869e-06,2.520858216e-06,nan,nan,nan,nan
1744,43.6,3.154178851e-06,2.520862187e-06,nan,nan,nan,nan
1745,43.625,3.154182685e-06,2.520866016e-06,nan,nan,nan,nan
1746,43.65,3.154186383e-06,2.520869705e-06,nan,nan,nan,nan
1747,43.675,3.154189952e-06,2.520873261e-06,nan,nan,nan,nan
1748,43.7,3.154193393e-06,2.520876693e-06,nan,nan,nan,nan
1749,43.725,3.154196707e-06,2.520880010e-06,nan,nan,nan,nan
1750,43.75,3.154199903e-06,2.520883210e-06,nan,nan,nan,nan
1751,43.775,3.154202985e-06,2.520886297e-06,nan,nan,nan,nan
1752,43.8,3.154205958e-06,2.520889276e-06,nan,nan,nan,nan
1753,43.825,3.154208815e-06,2.520892154e-06,nan,nan,nan,nan
1754,43.85,3.154211559e-06,2.520894932e-06,nan,nan,nan,nan
1755,43.875,3.154214201e-06,2.520897606e-06,nan,nan,nan,nan
1756,43.9,3.154216757e-06,2.520900179e-06,nan,nan,nan,nan
1757,43.925,3.154219235e-06,2.520902658e-06,nan,nan,nan,nan
1758,43.95,3.154221627e-06,2.520905060e-06,nan,nan,nan,nan
1759,43.975,3.154223918e-06,2.520907387e-06,nan,nan,nan,nan
1760,44,3.154226110e-06,2.520909633e-06,nan,nan,nan,nan
1761,44.025,3.154228218e-06,2.520911792e-06,nan,nan,nan,nan
1762,44.05,3.154230261e-06,2.520913864e-06,nan,nan,nan,nan
1763,44.075,3.154232244e-06,2.520915859e-06,nan,nan,nan,nan
1764,44.1,3.154234157e-06,2.520917792e-06,nan,nan,nan,nan
1765,44.125,3.154235993e-06,2.520919667e-06,nan,nan,nan,nan
1766,44.15,3.154237754e-06,2.520921477e-06,nan,nan,nan,nan
1767,44.175,3.154239450e-06,2.520923217e-06,nan,nan,nan,nan
1768,44.2,3.154241089e-06,2.520924891e-06,nan,nan,nan,nan
1769,44.225,3.154242670e-06,2.520926506e-06,nan,nan,nan,nan
1770,44.25,3.154244190e-06,2.520928068e-06,nan,nan,nan,nan
1771,44.275,3.154245651e-06,2.520929573e-06,nan,nan,nan,nan
1772,44.3,3.154247066e-06,2.520931022e-06,nan,nan,nan,nan
1773,44.325,3.154248438e-06,2.520932419e-06,nan,nan,nan,nan
1774,44.35,3.154249761e-06,2.520933772e-06,nan,nan,nan,nan
1775,44.375,3.154251027e-06,2.520935084e-06,nan,nan,nan,nan
1776,44.4,3.154252235e-06,2.520936349e-06,nan,nan,nan,nan
1777,44.425,3.154253400e-06,2.520937562e-06,nan,nan,nan,nan
1778,44.45,3.154254533e-06,2.520938724e-06,nan,nan,nan,nan
1779,44.475,3.154255638e-06,2.520939846e-06,nan,nan,nan,nan
1780,44.5,3.154256703e-06,2.520940937e-06,nan,nan,nan,nan
1781,44.525,3.154257719e-06,2.520941999e-06,nan,nan,nan,nan
1782,44.55,3.154258691e-06,2.520943022e-06,nan,nan,nan,nan
1783,44.575,3.154259627e-06,2.520944305e-06,nan,nan,nan,nan
1784,44.6,3.154260536e-06,2.520945729e-06,nan,nan,nan,nan
1785,44.625,3.154261420e-06,2.520947100e-06,nan,nan,nan,nan
1786,44.65,3.154262271e-06,2.520948435e-06,nan,nan,nan,nan
1787,44.675,3.154263088e-06,2.520949742e-06,nan,nan,nan,nan
1788,44.7,3.154263873e-06,2.520951008e-06,nan,nan,nan,nan
1789,44.725,3.154264635e-06,2.520952214e-06,nan,nan,nan,nan
1790,44.75,3.154265369e-06,2.520953357e-06,nan,nan,nan,nan
1791,44.775,3.154266074e-06,2.520954455e-06,nan,nan,nan,nan
1792,44.8,3.154266752e-06,2.520955526e-06,nan,nan,nan,nan
1793,44.825,3.154267406e-06,2.520956575e-06,nan,nan,nan,nan
1794,44.85,3.154268046e-06,2.520957592e-06,nan,nan,nan,nan
1795,44.875,3.154268666e-06,2.520958564e-06,nan,nan,nan,nan
1796,44.9,3.154269260e-06,2.520959493e-06,nan,nan,nan,nan
1797,44.925,3.154269826e-06,2.520960390e-06,nan,nan,nan,nan
1798,44.95,3.154270368e-06,2.520961260e-06,nan,nan,nan,nan
1799,44.975,3.154270897e-06,2.520962099e-06,nan,nan,nan,nan
1800,45,3.154271416e-06,2.520962903e-06,nan,nan,nan,nan
1801,45.025,3.154271920e-06,2.520963676e-06,nan,nan,nan,nan
1802,45.05,3.154272401e-06,2.520964431e-06,nan,nan,nan,nan
1803,45.075,3.154272858e-06,2.520965171e-06,nan,nan,nan,nan
1804,45.1,3.154273299e-06,2.520965886e-06,nan,nan,nan,nan
1805,45.125,3.154273729e-06,2.520966564e-06,nan,nan,nan,nan
1806,45.15,3.154274149e-06,2.520967201e-06,nan,nan,nan,nan
1807,45.175,3.154274554e-06,2.520967818e-06,nan,nan,nan,nan
1808,45.2,3.154274942e-06,2.520968426e-06,nan,nan,nan,nan
1809,45.225,3.154275316e-06,2.520969030e-06,nan,nan,nan,nan
1810,45.25,3.154275681e-06,2.520969612e-06,nan,nan,nan,nan
1811,45.275,3.154276033e-06,2.520970162e-06,nan,nan,nan,nan
1812,45.3,3.154276372e-06,2.520970681e-06,nan,nan,nan,nan
1813,45.325,3.154276695e-06,2.520971182e-06,nan,nan,nan,nan
1814,45.35,3.154277008e-06,2.520971675e-06,nan,nan,nan,nan
1815,45.375,3.154277317e-06,2.520972159e-06,nan,nan,nan,nan
1816,45.4,3.154277620e-06,2.520972624e-06,nan,nan,nan,nan
1817,45.425,3.154277911e-06,2.520973069e-06,nan,nan,nan,nan
1818,45.45,3.154278185e-06,2.520973498e-06,nan,nan,nan,nan
1819,45.475,3.154278444e-06,2.520973916e-06,nan,nan,nan,nan
1820,45.5,3.154278698e-06,2.520974319e-06,nan,nan,nan,nan
1821,45.525,3.154278951e-06,2.520974704e-06,nan,nan,nan,nan
1822,45.55,3.154279202e-06,2.520975071e-06,nan,nan,nan,nan
1823,45.575,3.154279443e-06,2.520975431e-06,nan,nan,nan,nan
1824,45.6,3.154279668e-06,2.520975787e-06,nan,nan,nan,nan
1825,45.625,3.154279882e-06,2.520976136e-06,nan,nan,nan,nan
1826,45.65,3.154280091e-06,2.520976467e-06,nan,nan,nan,nan
1827,45.675,3.154280297e-06,2.520976774e-06,nan,nan,nan,nan
1828,45.7,3.154280499e-06,2.520977068e-06,nan,nan,nan,nan
1829,45.725,3.154280692e-06,2.520977361e-06,nan,nan,nan,nan
1830,45.75,3.154280880e-06,2.520977657e-06,nan,nan,nan,nan
1831,45.775,3.154281063e-06,2.520977944e-06,nan,nan,nan,nan
1832,45.8,3.154281241e-06,2.520978213e-06,nan,nan,nan,nan
1833,45.825,3.154281410e-06,2.520978624e-06,nan,nan,nan,nan
1834,45.85,3.154281570e-06,2.520979171e-06,nan,nan,nan,nan
1835,45.875,3.154281724e-06,2.520979697e-06,nan,nan,nan,nan
1836,45.9,3.154281879e-06,2.520980206e-06,nan,nan,nan,nan
1837,45.925,3.154282035e-06,2.520980700e-06,nan,nan,nan,nan
1838,45.95,3.154282187e-06,2.520981178e-06,nan,nan,nan,nan
1839,45.975,3.154282328e-06,2.520981639e-06,nan,nan,nan,nan
1840,46,3.154282457e-06,2.520982078e-06,nan,nan,nan,nan
1841,46.025,3.154282581e-06,2.520982499e-06,nan,nan,nan,nan
1842,46.05,3.154282708e-06,2.520982909e-06,nan,nan,nan,nan
1843,46.075,3.154282838e-06,2.520983309e-06,nan,nan,nan,nan
1844,46.1,3.154282964e-06,2.520983699e-06,nan,nan,nan,nan
1845,46.125,3.154283083e-06,2.520984074e-06,nan,nan,nan,nan
1846,46.15,3.154283194e-06,2.520984431e-06,nan,nan,nan,nan
1847,46.175,3.154283301e-06,2.520984774e-06,nan,nan,nan,nan
1848,46.2,3.154283406e-06,2.520985106e-06,nan,nan,nan,nan
1849,46.225,3.154283509e-06,2.520985430e-06,nan,nan,nan,nan
1850,46.25,3.154283606e-06,2.520985746e-06,nan,nan,nan,nan
1851,46.275,3.154283703e-06,2.520986049e-06,nan,nan,nan,nan
1852,46.3,3.154283799e-06,2.520986340e-06,nan,nan,nan,nan
1853,46.325,3.154283897e-06,2.520986622e-06,nan,nan,nan,nan
1854,46.35,3.154283989e-06,2.520986895e-06,nan,nan,nan,nan
1855,46.375,3.154284072e-06,2.520987160e-06,nan,nan,nan,nan
1856,46.4,3.154284147e-06,2.520987414e-06,nan,nan,nan,nan
1857,46.425,3.154284222e-06,2.520987660e-06,nan,nan,nan,nan
1858,46.45,3.154284302e-06,2.520987899e-06,nan,nan,nan,nan
1859,46.475,3.154284386e-06,2.520988131e-06,nan,nan,nan,nan
1860,46.5,3.154284467e-06,2.520988355e-06,nan,nan,nan,nan
1861,46.525,3.154284540e-06,2.520988569e-06,nan,nan,nan,nan
1862,46.55,3.154284604e-06,2.520988776e-06,nan,nan,nan,nan
1863,46.575,3.154284666e-06,2.520988977e-06,nan,nan,nan,nan
1864,46.6,3.154284728e-06,2.520989176e-06,nan,nan,nan,nan
1865,46.625,3.154284794e-06,2.520989368e-06,nan,nan,nan,nan
1866,46.65,3.154284859e-06,2.520989550e-06,nan,nan,nan,nan
1867,46.675,3.154284921e-06,2.520989725e-06,nan,nan,nan,nan
1868,46.7,3.154284981e-06,2.520989893e-06,nan,nan,nan,nan
1869,46.725,3.154285037e-06,2.520990060e-06,nan,nan,nan,nan
1870,46.75,3.154285090e-06,2.520990223e-06,nan,nan,nan,nan
1871,46.775,3.154285141e-06,2.520990382e-06,nan,nan,nan,nan
1872,46.8,3.154285191e-06,2.520990533e-06,nan,nan,nan,nan
1873,46.825,3.154285241e-06,2.520990677e-06,nan,nan,nan,nan
1874,46.85,3.154285292e-06,2.520990818e-06,nan,nan,nan,nan
1875,46.875,3.154285342e-06,2.520990955e-06,nan,nan,nan,nan
1876,46.9,3.154285389e-06,2.520991088e-06,nan,nan,nan,nan
1877,46.925,3.154285433e-06,2.520991214e-06,nan,nan,nan,nan
1878,46.95,3.154285475e-06,2.520991337e-06,nan,nan,nan,nan
1879,46.975,3.154285515e-06,2.520991460e-06,nan,nan,nan,nan
1880,47,3.154285555e-06,2.520991582e-06,nan,nan,nan,nan
1881,47.025,3.154285593e-06,2.520991699e-06,nan,nan,nan,nan
1882,47.05,3.154285631e-06,2.520991807e-06,nan,nan,nan,nan
1883,47.075,3.154285670e-06,2.520991906e-06,nan,nan,nan,nan
1884,47.1,3.154285708e-06,2.520992004e-06,nan,nan,nan,nan
1885,47.125,3.154285745e-06,2.520992106e-06,nan,nan,nan,nan
1886,47.15,3.154285779e-06,2.520992209e-06,nan,nan,nan,nan
1887,47.175,3.154285809e-06,2.520992309e-06,nan,nan,nan,nan
1888,47.2,3.154285839e-06,2.520992400e-06,nan,nan,nan,nan
1889,47.225,3.154285871e-06,2.520992483e-06,nan,nan,nan,nan
1890,47.25,3.154285902e-06,2.520992564e-06,nan,nan,nan,nan
1891,47.275,3.154285932e-06,2.520992647e-06,nan,nan,nan,nan
1892,47.3,3.154285960e-06,2.520992730e-06,nan,nan,nan,nan
1893,47.325,3.154285988e-06,2.520992811e-06,nan,nan,nan,nan
1894,47.35,3.154286017e-06,2.520992888e-06,nan,nan,nan,nan
1895,47.375,3.154286046e-06,2.520992962e-06,nan,nan,nan,nan
1896,47.4,3.154286071e-06,2.520993034e-06,nan,nan,nan,nan
1897,47.425,3.154286089e-06,2.520993103e-06,nan,nan,nan,nan
1898,47.45,3.154286108e-06,2.520993167e-06,nan,nan,nan,nan
1899,47.475,3.154286131e-06,2.520993228e-06,nan,nan,nan,nan
1900,47.5,3.154286159e-06,2.520993291e-06,nan,nan,nan,nan
1901,47.525,3.154286187e-06,2.520993356e-06,nan,nan,nan,nan
1902,47.55,3.154286209e-06,2.520993422e-06,nan,nan,nan,nan
1903,47.575,3.154286225e-06,2.520993482e-06,nan,nan,nan,nan
1904,47.6,3.154286238e-06,2.520993535e-06,nan,nan,nan,nan
1905,47.625,3.154286255e-06,2.520993582e-06,nan,nan,nan,nan
1906,47.65,3.154286276e-06,2.520993631e-06,nan,nan,nan,nan
1907,47.675,3.154286299e-06,2.520993685e-06,nan,nan,nan,nan
1908,47.7,3.154286317e-06,2.520993741e-06,nan,nan,nan,nan
1909,47.725,3.154286333e-06,2.520993792e-06,nan,nan,nan,nan
1910,47.75,3.154286349e-06,2.520993838e-06,nan,nan,nan,nan
1911,47.775,3.154286366e-06,2.520993879e-06,nan,nan,nan,nan
1912,47.8,3.154286382e-06,2.520993921e-06,nan,nan,nan,nan
1913,47.825,3.154286395e-06,2.520993963e-06,nan,nan,nan,nan
1914,47.85,3.154286404e-06,2.520994006e-06,nan,nan,nan,nan
1915,47.875,3.154286416e-06,2.520994047e-06,nan,nan,nan,nan
1916,47.9,3.154286435e-06,2.520994087e-06,nan,nan,nan,nan
1917,47.925,3.154286456e-06,2.520994127e-06,nan,nan,nan,nan
1918,47.95,3.154286473e-06,2.520994165e-06,nan,nan,nan,nan
1919,47.975,3.154286481e-06,2.520994200e-06,nan,nan,nan,nan
1920,48,3.154286483e-06,2.520994231e-06,nan,nan,nan,nan
1921,48.025,3.154286489e-06,2.520994261e-06,nan,nan,nan,nan
1922,48.05,3.154286502e-06,2.520994294e-06,nan,nan,nan,nan
1923,48.075,3.154286522e-06,2.520994331e-06,nan,nan,nan,nan
1924,48.1,3.154286539e-06,2.520994366e-06,nan,nan,nan,nan
1925,48.125,3.154286548e-06,2.520994396e-06,nan,nan,nan,nan
1926,48.15,3.154286552e-06,2.520994421e-06,nan,nan,nan,nan
1927,48.175,3.154286557e-06,2.520994445e-06,nan,nan,nan,nan
1928,48.2,3.154286566e-06,2.520994472e-06,nan,nan,nan,nan
1929,48.225,3.154286578e-06,2.520994500e-06,nan,nan,nan,nan
1930,48.25,3.154286589e-06,2.520994528e-06,nan,nan,nan,nan
1931,48.275,3.154286595e-06,2.520994553e-06,nan,nan,nan,nan
1932,48.3,3.154286601e-06,2.520994577e-06,nan,nan,nan,nan
1933,48.325,3.154286610e-06,2.520994601e-06,nan,nan,nan,nan
1934,48.35,3.154286623e-06,2.520994623e-06,nan,nan,nan,nan
1935,48.375,3.154286633e-06,2.520994642e-06,nan,nan,nan,nan
1936,48.4,3.154286638e-06,2.520994661e-06,nan,nan,nan,nan
1937,48.425,3.154286637e-06,2.520994682e-06,nan,nan,nan,nan
1938,48.45,3.154286640e-06,2.520994707e-06,nan,nan,nan,nan
1939,48.475,3.154286648e-06,2.520994731e-06,nan,nan,nan,nan
1940,48.5,3.154286662e-06,2.520994750e-06,nan,nan,nan,nan
1941,48.525,3.154286673e-06,2.520994764e-06,nan,nan,nan,nan
1942,48.55,3.154286676e-06,2.520994776e-06,nan,nan,nan,nan
1943,48.575,3.154286676e-06,2.520994793e-06,nan,nan,nan,nan
1944,48.6,3.154286678e-06,2.520994815e-06,nan,nan,nan,nan
1945,48.625,3.154286685e-06,2.520994835e-06,nan,nan,nan,nan
1946,48.65,3.154286694e-06,2.520994851e-06,nan,nan,nan,nan
1947,48.675,3.154286699e-06,2.520994862e-06,nan,nan,nan,nan
1948,48.7,3.154286700e-06,2.520994873e-06,nan,nan,nan,nan
1949,48.725,3.154286702e-06,2.520994889e-06,nan,nan,nan,nan
1950,48.75,3.154286708e-06,2.520994906e-06,nan,nan,nan,nan
1951,48.775,3.154286720e-06,2.520994920e-06,nan,nan,nan,nan
1952,48.8,3.154286727e-06,2.520994931e-06,nan,nan,nan,nan
1953,48.825,3.154286725e-06,2.520994943e-06,nan,nan,nan,nan
1954,48.85,3.154286720e-06,2.520994957e-06,nan,nan,nan,nan
1955,48.875,3.154286719e-06,2.520994972e-06,nan,nan,nan,nan
1956,48.9,3.154286728e-06,2.520994982e-06,nan,nan,nan,nan
1957,48.925,3.154286743e-06,2.520994988e-06,nan,nan,nan,nan
1958,48.95,3.154286752e-06,2.520994996e-06,nan,nan,nan,nan
1959,48.975,3.154286748e-06,2.520995010e-06,nan,nan,nan,nan
1960,49,3.154286740e-06,2.520995027e-06,nan,nan,nan,nan
1961,49.025,3.154286739e-06,2.520995040e-06,nan,nan,nan,nan
1962,49.05,3.154286746e-06,2.520995045e-06,nan,nan,nan,nan
1963,49.075,3.154286759e-06,2.520995046e-06,nan,nan,nan,nan
1964,49.1,3.154286764e-06,2.520995052e-06,nan,nan,nan,nan
1965,49.125,3.154286762e-06,2.520995067e-06,nan,nan,nan,nan
1966,49.15,3.154286760e-06,2.520995083e-06,nan,nan,nan,nan
1967,49.175,3.154286763e-06,2.520995092e-06,nan,nan,nan,nan
1968,49.2,3.154286770e-06,2.520995093e-06,nan,nan,nan,nan
1969,49.225,3.154286773e-06,2.520995095e-06,nan,nan,nan,nan
1970,49.25,3.154286770e-06,2.520995102e-06,nan,nan,nan,nan
1971,49.275,3.154286766e-06,2.520995115e-06,nan,nan,nan,nan
1972,49.3,3.154286771e-06,2.520995127e-06,nan,nan,nan,nan
1973,49.325,3.154286782e-06,2.520995131e-06,nan,nan,nan,nan
1974,49.35,3.154286791e-06,2.520995133e-06,nan,nan,nan,nan
1975,49.375,3.154286788e-06,2.520995139e-06,nan,nan,nan,nan
1976,49.4,3.154286777e-06,2.520995148e-06,nan,nan,nan,nan
1977,49.425,3.154286771e-06,2.520995156e-06,nan,nan,nan,nan
1978,49.45,3.154286777e-06,2.520995157e-06,nan,nan,nan,nan
1979,49.475,3.154286791e-06,2.520995157e-06,nan,nan,nan,nan
1980,49.5,3.154286799e-06,2.520995162e-06,nan,nan,nan,nan
1981,49.525,3.154286796e-06,2.520995174e-06,nan,nan,nan,nan
1982,49.55,3.154286788e-06,2.520995188e-06,nan,nan,nan,nan
1983,49.575,3.154286785e-06,2.520995192e-06,nan,nan,nan,nan
1984,49.6,3.154286790e-06,2.520995187e-06,nan,nan,nan,nan
1985,49.625,3.154286798e-06,2.520995182e-06,nan,nan,nan,nan
1986,49.65,3.154286800e-06,2.520995186e-06,nan,nan,nan,nan
1987,49.675,3.154286796e-06,2.520995200e-06,nan,nan,nan,nan
1988,49.7,3.154286795e-06,2.520995213e-06,nan,nan,nan,nan
1989,49.725,3.154286800e-06,2.520995216e-06,nan,nan,nan,nan
1990,49.75,3.154286805e-06,2.520995213e-06,nan,nan,nan,nan
1991,49.775,3.154286805e-06,2.520995210e-06,nan,nan,nan,nan
1992,49.8,3.154286799e-06,2.520995214e-06,nan,nan,nan,nan
1993,49.825,3.154286793e-06,2.520995222e-06,nan,nan,nan,nan
1994,49.85,3.154286798e-06,2.520995226e-06,nan,nan,nan,nan
1995,49.875,3.154286810e-06,2.520995227e-06,nan,nan,nan,nan
1996,49.9,3.154286817e-06,2.520995229e-06,nan,nan,nan,nan
1997,49.925,3.154286812e-06,2.520995235e-06,nan,nan,nan,nan
1998,49.95,3.154286801e-06,2.520995242e-06,nan,nan,nan,nan
1999,49.975,3.154286796e-06,2.520995243e-06,nan,nan,nan,nan
2000,50,3.154286803e-06,2.520995239e-06,nan,nan,nan,nan
2001,50.025,3.154286815e-06,2.520995236e-06,nan,nan,nan,nan
2002,50.05,3.154286819e-06,2.520995242e-06,nan,nan,nan,nan
2003,50.075,3.154286813e-06,2.520995254e-06,nan,nan,nan,nan
2004,50.1,3.154286805e-06,2.520995263e-06,nan,nan,nan,nan
2005,50.125,3.154286803e-06,2.520995261e-06,nan,nan,nan,nan
2006,50.15,3.154286810e-06,2.520995253e-06,nan,nan,nan,nan
2007,50.175,3.154286817e-06,2.520995247e-06,nan,nan,nan,nan
2008,50.2,3.154286817e-06,2.520995252e-06,nan,nan,nan,nan
2009,50.225,3.154286813e-06,2.520995262e-06,nan,nan,nan,nan
2010,50.25,3.154286810e-06,2.520995271e-06,nan,nan,nan,nan
2011,50.275,3.154286813e-06,2.520995272e-06,nan,nan,nan,nan
2012,50.3,3.154286816e-06,2.520995267e-06,nan,nan,nan,nan
2013,50.325,3.154286816e-06,2.520995264e-06,nan,nan,nan,nan
2014,50.35,3.154286813e-06,2.520995266e-06,nan,nan,nan,nan
2015,50.375,3.154286812e-06,2.520995269e-06,nan,nan,nan,nan
2016,50.4,3.154286816e-06,2.520995273e-06,nan,nan,nan,nan
2017,50.425,3.154286821e-06,2.520995275e-06,nan,nan,nan,nan
2018,50.45,3.154286821e-06,2.520995277e-06,nan,nan,nan,nan
2019,50.475,3.154286816e-06,2.520995279e-06,nan,nan,nan,nan
2020,50.5,3.154286812e-06,2.520995280e-06,nan,nan,nan,nan
2021,50.525,3.154286813e-06,2.520995279e-06,nan,nan,nan,nan
2022,50.55,3.154286819e-06,2.520995277e-06,nan,nan,nan,nan
2023,50.575,3.154286824e-06,2.520995277e-06,nan,nan,nan,nan
2024,50.6,3.154286823e-06,2.520995281e-06,nan,nan,nan,nan
2025,50.625,3.154286816e-06,2.520995286e-06,nan,nan,nan,nan
2026,50.65,3.154286812e-06,2.520995288e-06,nan,nan,nan,nan
2027,50.675,3.154286813e-06,2.520995288e-06,nan,nan,nan,nan
2028,50.7,3.154286819e-06,2.520995285e-06,nan,nan,nan,nan
2029,50.725,3.154286824e-06,2.520995283e-06,nan,nan,nan,nan
2030,50.75,3.154286824e-06,2.520995284e-06,nan,nan,nan,nan
2031,50.775,3.154286820e-06,2.520995288e-06,nan,nan,nan,nan
2032,50.8,3.154286817e-06,2.520995292e-06,nan,nan,nan,nan
2033,50.825,3.154286816e-06,2.520995295e-06,nan,nan,nan,nan
2034,50.85,3.154286818e-06,2.520995295e-06,nan,nan,nan,nan
2035,50.875,3.154286820e-06,2.520995291e-06,nan,nan,nan,nan
2036,50.9,3.154286821e-06,2.520995287e-06,nan,nan,nan,nan
2037,50.925,3.154286823e-06,2.520995288e-06,nan,nan,nan,nan
2038,50.95,3.154286823e-06,2.520995293e-06,nan,nan,nan,nan
2039,50.975,3.154286823e-06,2.520995298e-06,nan,nan,nan,nan
2040,51,3.154286820e-06,2.520995298e-06,nan,nan,nan,nan
2041,51.025,3.154286819e-06,2.520995294e-06,nan,nan,nan,nan
2042,51.05,3.154286818e-06,2.520995291e-06,nan,nan,nan,nan
2043,51.075,3.154286821e-06,2.520995292e-06,nan,nan,nan,nan
2044,51.1,3.154286825e-06,2.520995297e-06,nan,nan,nan,nan
2045,51.125,3.154286827e-06,2.520995301e-06,nan,nan,nan,nan
2046,51.15,3.154286826e-06,2.520995300e-06,nan,nan,nan,nan
2047,51.175,3.154286822e-06,2.520995297e-06,nan,nan,nan,nan
2048,51.2,3.154286817e-06,2.520995295e-06,nan,nan,nan,nan
2049,51.225,3.154286814e-06,2.520995299e-06,nan,nan,nan,nan
2050,51.25,3.154286819e-06,2.520995302e-06,nan,nan,nan,nan
2051,51.275,3.154286827e-06,2.520995300e-06,nan,nan,nan,nan
2052,51.3,3.154286833e-06,2.520995295e-06,nan,nan,nan,nan
2053,51.325,3.154286830e-06,2.520995295e-06,nan,nan,nan,nan
2054,51.35,3.154286820e-06,2.520995301e-06,nan,nan,nan,nan
2055,51.375,3.154286812e-06,2.520995308e-06,nan,nan,nan,nan
2056,51.4,3.154286813e-06,2.520995307e-06,nan,nan,nan,nan
2057,51.425,3.154286823e-06,2.520995297e-06,nan,nan,nan,nan
2058,51.45,3.154286832e-06,2.520995290e-06,nan,nan,nan,nan
2059,51.475,3.154286832e-06,2.520995293e-06,nan,nan,nan,nan
2060,51.5,3.154286824e-06,2.520995307e-06,nan,nan,nan,nan
2061,51.525,3.154286816e-06,2.520995317e-06,nan,nan,nan,nan
2062,51.55,3.154286816e-06,2.520995311e-06,nan,nan,nan,nan
2063,51.575,3.154286821e-06,2.520995296e-06,nan,nan,nan,nan
2064,51.6,3.154286825e-06,2.520995286e-06,nan,nan,nan,nan
2065,51.625,3.154286825e-06,2.520995293e-06,nan,nan,nan,nan
2066,51.65,3.154286824e-06,2.520995308e-06,nan,nan,nan,nan
2067,51.675,3.154286825e-06,2.520995317e-06,nan,nan,nan,nan
2068,51.7,3.154286828e-06,2.520995312e-06,nan,nan,nan,nan
2069,51.725,3.154286826e-06,2.520995299e-06,nan,nan,nan,nan
2070,51.75,3.154286819e-06,2.520995295e-06,nan,nan,nan,nan
2071,51.775,3.154286813e-06,2.520995301e-06,nan,nan,nan,nan
2072,51.8,3.154286817e-06,2.520995307e-06,nan,nan,nan,nan
2073,51.825,3.154286830e-06,2.520995306e-06,nan,nan,nan,nan
2074,51.85,3.154286839e-06,2.520995300e-06,nan,nan,nan,nan
2075,51.875,3.154286833e-06,2.520995300e-06,nan,nan,nan,nan
2076,51.9,3.154286817e-06,2.520995310e-06,nan,nan,nan,nan
2077,51.925,3.154286806e-06,2.520995317e-06,nan,nan,nan,nan
2078,51.95,3.154286811e-06,2.520995311e-06,nan,nan,nan,nan
2079,51.975,3.154286828e-06,2.520995295e-06,nan,nan,nan,nan
2080,52,3.154286839e-06,2.520995286e-06,nan,nan,nan,nan
2081,52.025,3.154286834e-06,2.520995297e-06,nan,nan,nan,nan
2082,52.05,3.154286822e-06,2.520995317e-06,nan,nan,nan,nan
2083,52.075,3.154286815e-06,2.520995326e-06,nan,nan,nan,nan
2084,52.1,3.154286819e-06,2.520995316e-06,nan,nan,nan,nan
2085,52.125,3.154286825e-06,2.520995295e-06,nan,nan,nan,nan
2086,52.15,3.154286826e-06,2.520995285e-06,nan,nan,nan,nan
2087,52.175,3.154286821e-06,2.520995296e-06,nan,nan,nan,nan
2088,52.2,3.154286821e-06,2.520995313e-06,nan,nan,nan,nan
2089,52.225,3.154286828e-06,2.520995319e-06,nan,nan,nan,nan
2090,52.25,3.154286834e-06,2.520995311e-06,nan,nan,nan,nan
2091,52.275,3.154286828e-06,2.520995300e-06,nan,nan,nan,nan
2092,52.3,3.154286813e-06,2.520995300e-06,nan,nan,nan,nan
2093,52.325,3.154286806e-06,2.520995308e-06,nan,nan,nan,nan
2094,52.35,3.154286817e-06,2.520995312e-06,nan,nan,nan,nan
2095,52.375,3.154286837e-06,2.520995304e-06,nan,nan,nan,nan
2096,52.4,3.154286847e-06,2.520995296e-06,nan,nan,nan,nan
2097,52.425,3.154286834e-06,2.520995299e-06,nan,nan,nan,nan
2098,52.45,3.154286810e-06,2.520995313e-06,nan,nan,nan,nan
2099,52.475,3.154286800e-06,2.520995323e-06,nan,nan,nan,nan
2100,52.5,3.154286813e-06,2.520995315e-06,nan,nan,nan,nan
2101,52.525,3.154286834e-06,2.520995297e-06,nan,nan,nan,nan
2102,52.55,3.154286842e-06,2.520995287e-06,nan,nan,nan,nan
2103,52.575,3.154286832e-06,2.520995298e-06,nan,nan,nan,nan
2104,52.6,3.154286817e-06,2.520995317e-06,nan,nan,nan,nan
2105,52.625,3.154286813e-06,2.520995325e-06,nan,nan,nan,nan
2106,52.65,3.154286820e-06,2.520995315e-06,nan,nan,nan,nan
2107,52.675,3.154286827e-06,2.520995297e-06,nan,nan,nan,nan
2108,52.7,3.154286824e-06,2.520995291e-06,nan,nan,nan,nan
2109,52.725,3.154286819e-06,2.520995303e-06,nan,nan,nan,nan
2110,52.75,3.154286820e-06,2.520995315e-06,nan,nan,nan,nan
2111,52.775,3.154286829e-06,2.520995317e-06,nan,nan,nan,nan
2112,52.8,3.154286835e-06,2.520995308e-06,nan,nan,nan,nan
2113,52.825,3.154286826e-06,2.520995299e-06,nan,nan,nan,nan
2114,52.85,3.154286813e-06,2.520995302e-06,nan,nan,nan,nan
2115,52.875,3.154286808e-06,2.520995310e-06,nan,nan,nan,nan
2116,52.9,3.154286820e-06,2.520995313e-06,nan,nan,nan,nan
2117,52.925,3.154286835e-06,2.520995307e-06,nan,nan,nan,nan
2118,52.95,3.154286838e-06,2.520995299e-06,nan,nan,nan,nan
2119,52.975,3.154286826e-06,2.520995301e-06,nan,nan,nan,nan
2120,53,3.154286812e-06,2.520995311e-06,nan,nan,nan,nan
2121,53.025,3.154286811e-06,2.520995317e-06,nan,nan,nan,nan
2122,53.05,3.154286822e-06,2.520995312e-06,nan,nan,nan,nan
2123,53.075,3.154286831e-06,2.520995302e-06,nan,nan,nan,nan
2124,53.1,3.154286830e-06,2.520995298e-06,nan,nan,nan,nan
2125,53.125,3.154286822e-06,2.520995305e-06,nan,nan,nan,nan
2126,53.15,3.154286818e-06,2.520995314e-06,nan,nan,nan,nan
2127,53.175,3.154286821e-06,2.520995318e-06,nan,nan,nan,nan
2128,53.2,3.154286826e-06,2.520995309e-06,nan,nan,nan,nan
2129,53.225,3.154286825e-06,2.520995300e-06,nan,nan,nan,nan
2130,53.25,3.154286820e-06,2.520995299e-06,nan,nan,nan,nan
2131,53.275,3.154286818e-06,2.520995307e-06,nan,nan,nan,nan
2132,53.3,3.154286823e-06,2.520995316e-06,nan,nan,nan,nan
2133,53.325,3.154286829e-06,2.520995314e-06,nan,nan,nan,nan
2134,53.35,3.154286827e-06,2.520995307e-06,nan,nan,nan,nan
2135,53.375,3.154286821e-06,2.520995299e-06,nan,nan,nan,nan
2136,53.4,3.154286816e-06,2.520995300e-06,nan,nan,nan,nan
2137,53.425,3.154286821e-06,2.520995307e-06,nan,nan,nan,nan
2138,53.45,3.154286830e-06,2.520995312e-06,nan,nan,nan,nan
2139,53.475,3.154286831e-06,2.520995313e-06,nan,nan,nan,nan
2140,53.5,3.154286823e-06,2.520995308e-06,nan,nan,nan,nan
2141,53.525,3.154286814e-06,2.520995304e-06,nan,nan,nan,nan
2142,53.55,3.154286815e-06,2.520995304e-06,nan,nan,nan,nan
2143,53.575,3.154286826e-06,2.520995307e-06,nan,nan,nan,nan
2144,53.6,3.154286833e-06,2.520995308e-06,nan,nan,nan,nan
2145,53.625,3.154286832e-06,2.520995307e-06,nan,nan,nan,nan
2146,53.65,3.154286823e-06,2.520995307e-06,nan,nan,nan,nan
2147,53.675,3.154286817e-06,2.520995309e-06,nan,nan,nan,nan
2148,53.7,3.154286817e-06,2.520995311e-06,nan,nan,nan,nan
2149,53.725,3.154286822e-06,2.520995311e-06,nan,nan,nan,nan
2150,53.75,3.154286826e-06,2.520995305e-06,nan,nan,nan,nan
2151,53.775,3.154286826e-06,2.520995299e-06,nan,nan,nan,nan
2152,53.8,3.154286827e-06,2.520995298e-06,nan,nan,nan,nan
2153,53.825,3.154286828e-06,2.520995306e-06,nan,nan,nan,nan
2154,53.85,3.154286827e-06,2.520995317e-06,nan,nan,nan,nan
2155,53.875,3.154286820e-06,2.520995319e-06,nan,nan,nan,nan
2156,53.9,3.154286812e-06,2.520995311e-06,nan,nan,nan,nan
2157,53.925,3.154286813e-06,2.520995297e-06,nan,nan,nan,nan
2158,53.95,3.154286825e-06,2.520995291e-06,nan,nan,nan,nan
2159,53.975,3.154286837e-06,2.520995300e-06,nan,nan,nan,nan
2160,54,3.154286838e-06,2.520995315e-06,nan,nan,nan,nan
2161,54.025,3.154286826e-06,2.520995324e-06,nan,nan,nan,nan
2162,54.05,3.154286812e-06,2.520995318e-06,nan,nan,nan,nan
2163,54.075,3.154286810e-06,2.520995303e-06,nan,nan,nan,nan
2164,54.1,3.154286819e-06,2.520995293e-06,nan,nan,nan,nan
2165,54.125,3.154286830e-06,2.520995296e-06,nan,nan,nan,nan
2166,54.15,3.154286834e-06,2.520995307e-06,nan,nan,nan,nan
2167,54.175,3.154286830e-06,2.520995314e-06,nan,nan,nan,nan
2168,54.2,3.154286825e-06,2.520995312e-06,nan,nan,nan,nan
2169,54.225,3.154286822e-06,2.520995308e-06,nan,nan,nan,nan
2170,54.25,3.154286819e-06,2.520995307e-06,nan,nan,nan,nan
2171,54.275,3.154286815e-06,2.520995309e-06,nan,nan,nan,nan
2172,54.3,3.154286815e-06,2.520995308e-06,nan,nan,nan,nan
2173,54.325,3.154286822e-06,2.520995301e-06,nan,nan,nan,nan
2174,54.35,3.154286836e-06,2.520995296e-06,nan,nan,nan,nan
2175,54.375,3.154286842e-06,2.520995302e-06,nan,nan,nan,nan
2176,54.4,3.154286831e-06,2.520995318e-06,nan,nan,nan,nan
2177,54.425,3.154286812e-06,2.520995326e-06,nan,nan,nan,nan
2178,54.45,3.154286802e-06,2.520995316e-06,nan,nan,nan,nan
2179,54.475,3.154286810e-06,2.520995296e-06,nan,nan,nan,nan
2180,54.5,3.154286831e-06,2.520995283e-06,nan,nan,nan,nan
2181,54.525,3.154286844e-06,2.520995293e-06,nan,nan,nan,nan
2182,54.55,3.154286839e-06,2.520995315e-06,nan,nan,nan,nan
2183,54.575,3.154286823e-06,2.520995330e-06,nan,nan,nan,nan
2184,54.6,3.154286811e-06,2.520995322e-06,nan,nan,nan,nan
2185,54.625,3.154286811e-06,2.520995303e-06,nan,nan,nan,nan
2186,54.65,3.154286819e-06,2.520995291e-06,nan,nan,nan,nan
2187,54.675,3.154286826e-06,2.520995296e-06,nan,nan,nan,nan
2188,54.7,3.154286829e-06,2.520995309e-06,nan,nan,nan,nan
2189,54.725,3.154286831e-06,2.520995315e-06,nan,nan,nan,nan
2190,54.75,3.154286832e-06,2.520995310e-06,nan,nan,nan,nan
2191,54.775,3.154286828e-06,2.520995306e-06,nan,nan,nan,nan
2192,54.8,3.154286819e-06,2.520995309e-06,nan,nan,nan,nan
2193,54.825,3.154286809e-06,2.520995314e-06,nan,nan,nan,nan
2194,54.85,3.154286812e-06,2.520995310e-06,nan,nan,nan,nan
2195,54.875,3.154286827e-06,2.520995297e-06,nan,nan,nan,nan
2196,54.9,3.154286842e-06,2.520995291e-06,nan,nan,nan,nan
2197,54.925,3.154286841e-06,2.520995301e-06,nan,nan,nan,nan
2198,54.95,3.154286825e-06,2.520995321e-06,nan,nan,nan,nan
2199,54.975,3.154286810e-06,2.520995330e-06,nan,nan,nan,nan
2200,55,3.154286807e-06,2.520995317e-06,nan,nan,nan,nan
2201,55.025,3.154286819e-06,2.520995294e-06,nan,nan,nan,nan
2202,55.05,3.154286833e-06,2.520995284e-06,nan,nan,nan,nan
2203,55.075,3.154286836e-06,2.520995297e-06,nan,nan,nan,nan
2204,55.1,3.154286829e-06,2.520995318e-06,nan,nan,nan,nan
2205,55.125,3.154286823e-06,2.520995326e-06,nan,nan,nan,nan
2206,55.15,3.154286822e-06,2.520995314e-06,nan,nan,nan,nan
2207,55.175,3.154286822e-06,2.520995298e-06,nan,nan,nan,nan
2208,55.2,3.154286819e-06,2.520995295e-06,nan,nan,nan,nan
2209,55.225,3.154286818e-06,2.520995306e-06,nan,nan,nan,nan
2210,55.25,3.154286822e-06,2.520995315e-06,nan,nan,nan,nan
2211,55.275,3.154286832e-06,2.520995310e-06,nan,nan,nan,nan
2212,55.3,3.154286836e-06,2.520995300e-06,nan,nan,nan,nan
2213,55.325,3.154286829e-06,2.520995300e-06,nan,nan,nan,nan
2214,55.35,3.154286815e-06,2.520995311e-06,nan,nan,nan,nan
2215,55.375,3.154286808e-06,2.520995320e-06,nan,nan,nan,nan
2216,55.4,3.154286816e-06,2.520995314e-06,nan,nan,nan,nan
2217,55.425,3.154286831e-06,2.520995298e-06,nan,nan,nan,nan
2218,55.45,3.154286838e-06,2.520995290e-06,nan,nan,nan,nan
2219,55.475,3.154286831e-06,2.520995301e-06,nan,nan,nan,nan
2220,55.5,3.154286817e-06,2.520995319e-06,nan,nan,nan,nan
2221,55.525,3.154286812e-06,2.520995324e-06,nan,nan,nan,nan
2222,55.55,3.154286819e-06,2.520995312e-06,nan,nan,nan,nan
2223,55.575,3.154286829e-06,2.520995294e-06,nan,nan,nan,nan
2224,55.6,3.154286832e-06,2.520995292e-06,nan,nan,nan,nan
2225,55.625,3.154286826e-06,2.520995306e-06,nan,nan,nan,nan
2226,55.65,3.154286821e-06,2.520995320e-06,nan,nan,nan,nan
2227,55.675,3.154286821e-06,2.520995317e-06,nan,nan,nan,nan
2228,55.7,3.154286823e-06,2.520995304e-06,nan,nan,nan,nan
2229,55.725,3.154286822e-06,2.520995296e-06,nan,nan,nan,nan
2230,55.75,3.154286820e-06,2.520995303e-06,nan,nan,nan,nan
2231,55.775,3.154286821e-06,2.520995316e-06,nan,nan,nan,nan
2232,55.8,3.154286827e-06,2.520995319e-06,nan,nan,nan,nan
2233,55.825,3.154286831e-06,2.520995309e-06,nan,nan,nan,nan
2234,55.85,3.154286827e-06,2.520995298e-06,nan,nan,nan,nan
2235,55.875,3.154286817e-06,2.520995298e-06,nan,nan,nan,nan
2236,55.9,3.154286813e-06,2.520995309e-06,nan,nan,nan,nan
2237,55.925,3.154286820e-06,2.520995316e-06,nan,nan,nan,nan
2238,55.95,3.154286831e-06,2.520995311e-06,nan,nan,nan,nan
2239,55.975,3.154286833e-06,2.520995302e-06,nan,nan,nan,nan
2240,56,3.154286825e-06,2.520995301e-06,nan,nan,nan,nan
2241,56.025,3.154286815e-06,2.520995308e-06,nan,nan,nan,nan
2242,56.05,3.154286813e-06,2.520995316e-06,nan,nan,nan,nan
2243,56.075,3.154286823e-06,2.520995312e-06,nan,nan,nan,nan
2244,56.1,3.154286831e-06,2.520995302e-06,nan,nan,nan,nan
2245,56.125,3.154286830e-06,2.520995297e-06,nan,nan,nan,nan
2246,56.15,3.154286824e-06,2.520995305e-06,nan,nan,nan,nan
2247,56.175,3.154286820e-06,2.520995317e-06,nan,nan,nan,nan
2248,56.2,3.154286822e-06,2.520995320e-06,nan,nan,nan,nan
2249,56.225,3.154286824e-06,2.520995309e-06,nan,nan,nan,nan
2250,56.25,3.154286822e-06,2.520995296e-06,nan,nan,nan,nan
2251,56.275,3.154286819e-06,2.520995293e-06,nan,nan,nan,nan
2252,56.3,3.154286820e-06,2.520995304e-06,nan,nan,nan,nan
2253,56.325,3.154286829e-06,2.520995317e-06,nan,nan,nan,nan
2254,56.35,3.154286835e-06,2.520995320e-06,nan,nan,nan,nan
2255,56.375,3.154286829e-06,2.520995312e-06,nan,nan,nan,nan
2256,56.4,3.154286815e-06,2.520995302e-06,nan,nan,nan,nan
2257,56.425,3.154286807e-06,2.520995300e-06,nan,nan,nan,nan
2258,56.45,3.154286815e-06,2.520995303e-06,nan,nan,nan,nan
2259,56.475,3.154286831e-06,2.520995308e-06,nan,nan,nan,nan
2260,56.5,3.154286839e-06,2.520995309e-06,nan,nan,nan,nan
2261,56.525,3.154286832e-06,2.520995310e-06,nan,nan,nan,nan
2262,56.55,3.154286815e-06,2.520995311e-06,nan,nan,nan,nan
2263,56.575,3.154286807e-06,2.520995312e-06,nan,nan,nan,nan
2264,56.6,3.154286814e-06,2.520995307e-06,nan,nan,nan,nan
2265,56.625,3.154286826e-06,2.520995300e-06,nan,nan,nan,nan
2266,56.65,3.154286833e-06,2.520995296e-06,nan,nan,nan,nan
2267,56.675,3.154286830e-06,2.520995301e-06,nan,nan,nan,nan
2268,56.7,3.154286826e-06,2.520995311e-06,nan,nan,nan,nan
2269,56.725,3.154286825e-06,2.520995320e-06,nan,nan,nan,nan
2270,56.75,3.154286823e-06,2.520995320e-06,nan,nan,nan,nan
2271,56.775,3.154286818e-06,2.520995309e-06,nan,nan,nan,nan
2272,56.8,3.154286813e-06,2.520995298e-06,nan,nan,nan,nan
2273,56.825,3.154286816e-06,2.520995293e-06,nan,nan,nan,nan
2274,56.85,3.154286829e-06,2.520995298e-06,nan,nan,nan,nan
2275,56.875,3.154286841e-06,2.520995311e-06,nan,nan,nan,nan
2276,56.9,3.154286838e-06,2.520995321e-06,nan,nan,nan,nan
2277,56.925,3.154286822e-06,2.520995320e-06,nan,nan,nan,nan
2278,56.95,3.154286807e-06,2.520995310e-06,nan,nan,nan,nan
2279,56.975,3.154286809e-06,2.520995298e-06,nan,nan,nan,nan
2280,57,3.154286824e-06,2.520995293e-06,nan,nan,nan,nan
2281,57.025,3.154286837e-06,2.520995299e-06,nan,nan,nan,nan
2282,57.05,3.154286835e-06,2.520995311e-06,nan,nan,nan,nan
2283,57.075,3.154286822e-06,2.520995320e-06,nan,nan,nan,nan
2284,57.1,3.154286813e-06,2.520995319e-06,nan,nan,nan,nan
2285,57.125,3.154286815e-06,2.520995310e-06,nan,nan,nan,nan
2286,57.15,3.154286822e-06,2.520995300e-06,nan,nan,nan,nan
2287,57.175,3.154286827e-06,2.520995297e-06,nan,nan,nan,nan
2288,57.2,3.154286826e-06,2.520995300e-06,nan,nan,nan,nan
2289,57.225,3.154286826e-06,2.520995305e-06,nan,nan,nan,nan
2290,57.25,3.154286830e-06,2.520995311e-06,nan,nan,nan,nan
2291,57.275,3.154286831e-06,2.520995315e-06,nan,nan,nan,nan
2292,57.3,3.154286823e-06,2.520995316e-06,nan,nan,nan,nan
2293,57.325,3.154286811e-06,2.520995312e-06,nan,nan,nan,nan
2294,57.35,3.154286808e-06,2.520995302e-06,nan,nan,nan,nan
2295,57.375,3.154286820e-06,2.520995293e-06,nan,nan,nan,nan
2296,57.4,3.154286838e-06,2.520995293e-06,nan,nan,nan,nan
2297,57.425,3.154286844e-06,2.520995305e-06,nan,nan,nan,nan
2298,57.45,3.154286832e-06,2.520995320e-06,nan,nan,nan,nan
2299,57.475,3.154286812e-06,2.520995325e-06,nan,nan,nan,nan
2300,57.5,3.154286805e-06,2.520995312e-06,nan,nan,nan,nan
2301,57.525,3.154286815e-06,2.520995295e-06,nan,nan,nan,nan
2302,57.55,3.154286831e-06,2.520995289e-06,nan,nan,nan,nan
2303,57.575,3.154286837e-06,2.520995300e-06,nan,nan,nan,nan
2304,57.6,3.154286831e-06,2.520995315e-06,nan,nan,nan,nan
2305,57.625,3.154286822e-06,2.520995320e-06,nan,nan,nan,nan
2306,57.65,3.154286818e-06,2.520995314e-06,nan,nan,nan,nan
2307,57.675,3.154286819e-06,2.520995303e-06,nan,nan,nan,nan
2308,57.7,3.154286821e-06,2.520995300e-06,nan,nan,nan,nan
2309,57.725,3.154286823e-06,2.520995303e-06,nan,nan,nan,nan
2310,57.75,3.154286826e-06,2.520995305e-06,nan,nan,nan,nan
2311,57.775,3.154286831e-06,2.520995304e-06,nan,nan,nan,nan
2312,57.8,3.154286834e-06,2.520995304e-06,nan,nan,nan,nan
2313,57.825,3.154286827e-06,2.520995312e-06,nan,nan,nan,nan
2314,57.85,3.154286813e-06,2.520995321e-06,nan,nan,nan,nan
2315,57.875,3.154286806e-06,2.520995320e-06,nan,nan,nan,nan
2316,57.9,3.154286816e-06,2.520995306e-06,nan,nan,nan,nan
2317,57.925,3.154286834e-06,2.520995291e-06,nan,nan,nan,nan
2318,57.95,3.154286844e-06,2.520995290e-06,nan,nan,nan,nan
2319,57.975,3.154286835e-06,2.520995306e-06,nan,nan,nan,nan
2320,58,3.154286819e-06,2.520995322e-06,nan,nan,nan,nan
2321,58.025,3.154286811e-06,2.520995323e-06,nan,nan,nan,nan
2322,58.05,3.154286817e-06,2.520995307e-06,nan,nan,nan,nan
2323,58.075,3.154286828e-06,2.520995294e-06,nan,nan,nan,nan
2324,58.1,3.154286833e-06,2.520995296e-06,nan,nan,nan,nan
2325,58.125,3.154286829e-06,2.520995310e-06,nan,nan,nan,nan
2326,58.15,3.154286822e-06,2.520995319e-06,nan,nan,nan,nan
2327,58.175,3.154286822e-06,2.520995312e-06,nan,nan,nan,nan
2328,58.2,3.154286822e-06,2.520995300e-06,nan,nan,nan,nan
2329,58.225,3.154286821e-06,2.520995297e-06,nan,nan,nan,nan
2330,58.25,3.154286818e-06,2.520995306e-06,nan,nan,nan,nan
2331,58.275,3.154286819e-06,2.520995315e-06,nan,nan,nan,nan
2332,58.3,3.154286829e-06,2.520995313e-06,nan,nan,nan,nan
2333,58.325,3.154286837e-06,2.520995302e-06,nan,nan,nan,nan
2334,58.35,3.154286834e-06,2.520995297e-06,nan,nan,nan,nan
2335,58.375,3.154286821e-06,2.520995306e-06,nan,nan,nan,nan
2336,58.4,3.154286810e-06,2.520995318e-06,nan,nan,nan,nan
2337,58.425,3.154286813e-06,2.520995319e-06,nan,nan,nan,nan
2338,58.45,3.154286826e-06,2.520995305e-06,nan,nan,nan,nan
2339,58.475,3.154286836e-06,2.520995293e-06,nan,nan,nan,nan
2340,58.5,3.154286833e-06,2.520995297e-06,nan,nan,nan,nan
2341,58.525,3.154286821e-06,2.520995312e-06,nan,nan,nan,nan
2342,58.55,3.154286815e-06,2.520995321e-06,nan,nan,nan,nan
2343,58.575,3.154286819e-06,2.520995313e-06,nan,nan,nan,nan
2344,58.6,3.154286827e-06,2.520995299e-06,nan,nan,nan,nan
2345,58.625,3.154286831e-06,2.520995295e-06,nan,nan,nan,nan
2346,58.65,3.154286827e-06,2.520995306e-06,nan,nan,nan,nan
2347,58.675,3.154286823e-06,2.520995319e-06,nan,nan,nan,nan
2348,58.7,3.154286823e-06,2.520995318e-06,nan,nan,nan,nan
2349,58.725,3.154286825e-06,2.520995305e-06,nan,nan,nan,nan
2350,58.75,3.154286821e-06,2.520995294e-06,nan,nan,nan,nan
2351,58.775,3.154286816e-06,2.520995297e-06,nan,nan,nan,nan
2352,58.8,3.154286816e-06,2.520995310e-06,nan,nan,nan,nan
2353,58.825,3.154286826e-06,2.520995319e-06,nan,nan,nan,nan
2354,58.85,3.154286838e-06,2.520995314e-06,nan,nan,nan,nan
2355,58.875,3.154286837e-06,2.520995304e-06,nan,nan,nan,nan
2356,58.9,3.154286822e-06,2.520995302e-06,nan,nan,nan,nan
2357,58.925,3.154286806e-06,2.520995307e-06,nan,nan,nan,nan
2358,58.95,3.154286806e-06,2.520995313e-06,nan,nan,nan,nan
2359,58.975,3.154286823e-06,2.520995310e-06,nan,nan,nan,nan
2360,59,3.154286838e-06,2.520995302e-06,nan,nan,nan,nan
2361,59.025,3.154286840e-06,2.520995302e-06,nan,nan,nan,nan
2362,59.05,3.154286827e-06,2.520995310e-06,nan,nan,nan,nan
2363,59.075,3.154286814e-06,2.520995317e-06,nan,nan,nan,nan
2364,59.1,3.154286814e-06,2.520995313e-06,nan,nan,nan,nan
2365,59.125,3.154286822e-06,2.520995300e-06,nan,nan,nan,nan
2366,59.15,3.154286828e-06,2.520995293e-06,nan,nan,nan,nan
2367,59.175,3.154286827e-06,2.520995300e-06,nan,nan,nan,nan
2368,59.2,3.154286823e-06,2.520995316e-06,nan,nan,nan,nan
2369,59.225,3.154286823e-06,2.520995325e-06,nan,nan,nan,nan
2370,59.25,3.154286826e-06,2.520995318e-06,nan,nan,nan,nan
2371,59.275,3.154286826e-06,2.520995303e-06,nan,nan,nan,nan
2372,59.3,3.154286820e-06,2.520995293e-06,nan,nan,nan,nan
2373,59.325,3.154286817e-06,2.520995296e-06,nan,nan,nan,nan
2374,59.35,3.154286821e-06,2.520995306e-06,nan,nan,nan,nan
2375,59.375,3.154286829e-06,2.520995315e-06,nan,nan,nan,nan
2376,59.4,3.154286833e-06,2.520995315e-06,nan,nan,nan,nan
2377,59.425,3.154286827e-06,2.520995311e-06,nan,nan,nan,nan
2378,59.45,3.154286817e-06,2.520995306e-06,nan,nan,nan,nan
2379,59.475,3.154286814e-06,2.520995303e-06,nan,nan,nan,nan
2380,59.5,3.154286821e-06,2.520995302e-06,nan,nan,nan,nan
2381,59.525,3.154286829e-06,2.520995304e-06,nan,nan,nan,nan
2382,59.55,3.154286831e-06,2.520995309e-06,nan,nan,nan,nan
2383,59.575,3.154286826e-06,2.520995316e-06,nan,nan,nan,nan
2384,59.6,3.154286819e-06,2.520995318e-06,nan,nan,nan,nan
2385,59.625,3.154286818e-06,2.520995311e-06,nan,nan,nan,nan
2386,59.65,3.154286820e-06,2.520995299e-06,nan,nan,nan,nan
2387,59.675,3.154286823e-06,2.520995292e-06,nan,nan,nan,nan
2388,59.7,3.154286825e-06,2.520995296e-06,nan,nan,nan,nan
2389,59.725,3.154286826e-06,2.520995308e-06,nan,nan,nan,nan
2390,59.75,3.154286830e-06,2.520995319e-06,nan,nan,nan,nan
2391,59.775,3.154286830e-06,2.520995322e-06,nan,nan,nan,nan
2392,59.8,3.154286824e-06,2.520995316e-06,nan,nan,nan,nan
2393,59.825,3.154286813e-06,2.520995305e-06,nan,nan,nan,nan
2394,59.85,3.154286810e-06,2.520995295e-06,nan,nan,nan,nan
2395,59.875,3.154286819e-06,2.520995292e-06,nan,nan,nan,nan
2396,59.9,3.154286834e-06,2.520995298e-06,nan,nan,nan,nan
2397,59.925,3.154286839e-06,2.520995311e-06,nan,nan,nan,nan
2398,59.95,3.154286830e-06,2.520995322e-06,nan,nan,nan,nan
2399,59.975,3.154286816e-06,2.520995322e-06,nan,nan,nan,nan
2400,60,3.154286812e-06,2.520995311e-06,nan,nan,nan,nan
2401,60.025,3.154286820e-06,2.520995298e-06,nan,nan,nan,nan
2402,60.05,3.154286830e-06,2.520995293e-06,nan,nan,nan,nan
2403,60.075,3.154286832e-06,2.520995300e-06,nan,nan,nan,nan
2404,60.1,3.154286825e-06,2.520995312e-06,nan,nan,nan,nan
2405,60.125,3.154286818e-06,2.520995318e-06,nan,nan,nan,nan
2406,60.15,3.154286818e-06,2.520995314e-06,nan,nan,nan,nan
2407,60.175,3.154286824e-06,2.520995306e-06,nan,nan,nan,nan
2408,60.2,3.154286827e-06,2.520995302e-06,nan,nan,nan,nan
2409,60.225,3.154286826e-06,2.520995302e-06,nan,nan,nan,nan
2410,60.25,3.154286824e-06,2.520995304e-06,nan,nan,nan,nan
2411,60.275,3.154286825e-06,2.520995305e-06,nan,nan,nan,nan
2412,60.3,3.154286827e-06,2.520995309e-06,nan,nan,nan,nan
2413,60.325,3.154286825e-06,2.520995315e-06,nan,nan,nan,nan
2414,60.35,3.154286818e-06,2.520995317e-06,nan,nan,nan,nan
2415,60.375,3.154286816e-06,2.520995310e-06,nan,nan,nan,nan
2416,60.4,3.154286822e-06,2.520995296e-06,nan,nan,nan,nan
2417,60.425,3.154286832e-06,2.520995287e-06,nan,nan,nan,nan
2418,60.45,3.154286835e-06,2.520995296e-06,nan,nan,nan,nan
2419,60.475,3.154286827e-06,2.520995316e-06,nan,nan,nan,nan
2420,60.5,3.154286816e-06,2.520995329e-06,nan,nan,nan,nan
2421,60.525,3.154286813e-06,2.520995322e-06,nan,nan,nan,nan
2422,60.55,3.154286821e-06,2.520995301e-06,nan,nan,nan,nan
2423,60.575,3.154286830e-06,2.520995287e-06,nan,nan,nan,nan
2424,60.6,3.154286832e-06,2.520995292e-06,nan,nan,nan,nan
2425,60.625,3.154286827e-06,2.520995311e-06,nan,nan,nan,nan
2426,60.65,3.154286822e-06,2.520995322e-06,nan,nan,nan,nan
2427,60.675,3.154286821e-06,2.520995317e-06,nan,nan,nan,nan
2428,60.7,3.154286823e-06,2.520995305e-06,nan,nan,nan,nan
2429,60.725,3.154286821e-06,2.520995301e-06,nan,nan,nan,nan
2430,60.75,3.154286820e-06,2.520995305e-06,nan,nan,nan,nan
2431,60.775,3.154286823e-06,2.520995310e-06,nan,nan,nan,nan
2432,60.8,3.154286832e-06,2.520995305e-06,nan,nan,nan,nan
2433,60.825,3.154286837e-06,2.520995298e-06,nan,nan,nan,nan
2434,60.85,3.154286828e-06,2.520995302e-06,nan,nan,nan,nan
2435,60.875,3.154286815e-06,2.520995316e-06,nan,nan,nan,nan
2436,60.9,3.154286807e-06,2.520995326e-06,nan,nan,nan,nan
2437,60.925,3.154286816e-06,2.520995318e-06,nan,nan,nan,nan
2438,60.95,3.154286832e-06,2.520995296e-06,nan,nan,nan,nan
2439,60.975,3.154286839e-06,2.520995283e-06,nan,nan,nan,nan
2440,61,3.154286831e-06,2.520995293e-06,nan,nan,nan,nan
2441,61.025,3.154286816e-06,2.520995316e-06,nan,nan,nan,nan
2442,61.05,3.154286811e-06,2.520995328e-06,nan,nan,nan,nan
2443,61.075,3.154286820e-06,2.520995318e-06,nan,nan,nan,nan
2444,61.1,3.154286832e-06,2.520995299e-06,nan,nan,nan,nan
2445,61.125,3.154286835e-06,2.520995292e-06,nan,nan,nan,nan
2446,61.15,3.154286828e-06,2.520995303e-06,nan,nan,nan,nan
2447,61.175,3.154286822e-06,2.520995317e-06,nan,nan,nan,nan
2448,61.2,3.154286821e-06,2.520995318e-06,nan,nan,nan,nan
2449,61.225,3.154286822e-06,2.520995307e-06,nan,nan,nan,nan
2450,61.25,3.154286819e-06,2.520995299e-06,nan,nan,nan,nan
2451,61.275,3.154286815e-06,2.520995303e-06,nan,nan,nan,nan
2452,61.3,3.154286819e-06,2.520995312e-06,nan,nan,nan,nan
2453,61.325,3.154286831e-06,2.520995314e-06,nan,nan,nan,nan
2454,61.35,3.154286842e-06,2.520995305e-06,nan,nan,nan,nan
2455,61.375,3.154286838e-06,2.520995298e-06,nan,nan,nan,nan
2456,61.4,3.154286819e-06,2.520995303e-06,nan,nan,nan,nan
2457,61.425,3.154286802e-06,2.520995315e-06,nan,nan,nan,nan
2458,61.45,3.154286804e-06,2.520995319e-06,nan,nan,nan,nan
2459,61.475,3.154286823e-06,2.520995308e-06,nan,nan,nan,nan
2460,61.5,3.154286841e-06,2.520995295e-06,nan,nan,nan,nan
2461,61.525,3.154286840e-06,2.520995295e-06,nan,nan,nan,nan
2462,61.55,3.154286826e-06,2.520995309e-06,nan,nan,nan,nan
2463,61.575,3.154286812e-06,2.520995320e-06,nan,nan,nan,nan
2464,61.6,3.154286813e-06,2.520995317e-06,nan,nan,nan,nan
2465,61.625,3.154286823e-06,2.520995302e-06,nan,nan,nan,nan
2466,61.65,3.154286829e-06,2.520995294e-06,nan,nan,nan,nan
2467,61.675,3.154286826e-06,2.520995303e-06,nan,nan,nan,nan
2468,61.7,3.154286823e-06,2.520995317e-06,nan,nan,nan,nan
2469,61.725,3.154286825e-06,2.520995321e-06,nan,nan,nan,nan
2470,61.75,3.154286828e-06,2.520995309e-06,nan,nan,nan,nan
2471,61.775,3.154286826e-06,2.520995295e-06,nan,nan,nan,nan
2472,61.8,3.154286816e-06,2.520995295e-06,nan,nan,nan,nan
2473,61.825,3.154286811e-06,2.520995306e-06,nan,nan,nan,nan
2474,61.85,3.154286819e-06,2.520995317e-06,nan,nan,nan,nan
2475,61.875,3.154286836e-06,2.520995314e-06,nan,nan,nan,nan
2476,61.9,3.154286843e-06,2.520995305e-06,nan,nan,nan,nan
2477,61.925,3.154286830e-06,2.520995301e-06,nan,nan,nan,nan
2478,61.95,3.154286810e-06,2.520995306e-06,nan,nan,nan,nan
2479,61.975,3.154286801e-06,2.520995314e-06,nan,nan,nan,nan
2480,62,3.154286813e-06,2.520995313e-06,nan,nan,nan,nan
2481,62.025,3.154286833e-06,2.520995305e-06,nan,nan,nan,nan
2482,62.05,3.154286843e-06,2.520995300e-06,nan,nan,nan,nan
2483,62.075,3.154286834e-06,2.520995305e-06,nan,nan,nan,nan
2484,62.1,3.154286818e-06,2.520995314e-06,nan,nan,nan,nan
2485,62.125,3.154286812e-06,2.520995315e-06,nan,nan,nan,nan
2486,62.15,3.154286816e-06,2.520995305e-06,nan,nan,nan,nan
2487,62.175,3.154286823e-06,2.520995295e-06,nan,nan,nan,nan
2488,62.2,3.154286826e-06,2.520995297e-06,nan,nan,nan,nan
2489,62.225,3.154286826e-06,2.520995310e-06,nan,nan,nan,nan
2490,62.25,3.154286829e-06,2.520995322e-06,nan,nan,nan,nan
2491,62.275,3.154286832e-06,2.520995321e-06,nan,nan,nan,nan
2492,62.3,3.154286830e-06,2.520995309e-06,nan,nan,nan,nan
2493,62.325,3.154286819e-06,2.520995296e-06,nan,nan,nan,nan
2494,62.35,3.154286809e-06,2.520995294e-06,nan,nan,nan,nan
2495,62.375,3.154286811e-06,2.520995301e-06,nan,nan,nan,nan
2496,62.4,3.154286826e-06,2.520995311e-06,nan,nan,nan,nan
2497,62.425,3.154286839e-06,2.520995316e-06,nan,nan,nan,nan
2498,62.45,3.154286840e-06,2.520995313e-06,nan,nan,nan,nan
2499,62.475,3.154286826e-06,2.520995307e-06,nan,nan,nan,nan
2500,62.5,3.154286812e-06,2.520995302e-06,nan,nan,nan,nan
2501,62.525,3.154286811e-06,2.520995301e-06,nan,nan,nan,nan
2502,62.55,3.154286820e-06,2.520995305e-06,nan,nan,nan,nan
2503,62.575,3.154286829e-06,2.520995310e-06,nan,nan,nan,nan
2504,62.6,3.154286829e-06,2.520995313e-06,nan,nan,nan,nan
2505,62.625,3.154286824e-06,2.520995313e-06,nan,nan,nan,nan
2506,62.65,3.154286820e-06,2.520995308e-06,nan,nan,nan,nan
2507,62.675,3.154286822e-06,2.520995302e-06,nan,nan,nan,nan
2508,62.7,3.154286824e-06,2.520995300e-06,nan,nan,nan,nan
2509,62.725,3.154286824e-06,2.520995301e-06,nan,nan,nan,nan
2510,62.75,3.154286821e-06,2.520995305e-06,nan,nan,nan,nan
2511,62.775,3.154286822e-06,2.520995311e-06,nan,nan,nan,nan
2512,62.8,3.154286827e-06,2.520995316e-06,nan,nan,nan,nan
2513,62.825,3.154286831e-06,2.520995318e-06,nan,nan,nan,nan
2514,62.85,3.154286827e-06,2.520995312e-06,nan,nan,nan,nan
2515,62.875,3.154286819e-06,2.520995300e-06,nan,nan,nan,nan
2516,62.9,3.154286813e-06,2.520995290e-06,nan,nan,nan,nan
2517,62.925,3.154286818e-06,2.520995292e-06,nan,nan,nan,nan
2518,62.95,3.154286829e-06,2.520995307e-06,nan,nan,nan,nan
2519,62.975,3.154286834e-06,2.520995324e-06,nan,nan,nan,nan
2520,63,3.154286830e-06,2.520995328e-06,nan,nan,nan,nan
2521,63.025,3.154286822e-06,2.520995314e-06,nan,nan,nan,nan
2522,63.05,3.154286817e-06,2.520995294e-06,nan,nan,nan,nan
2523,63.075,3.154286818e-06,2.520995287e-06,nan,nan,nan,nan
2524,63.1,3.154286823e-06,2.520995298e-06,nan,nan,nan,nan
2525,63.125,3.154286826e-06,2.520995316e-06,nan,nan,nan,nan
2526,63.15,3.154286826e-06,2.520995322e-06,nan,nan,nan,nan
2527,63.175,3.154286825e-06,2.520995315e-06,nan,nan,nan,nan
2528,63.2,3.154286824e-06,2.520995304e-06,nan,nan,nan,nan
2529,63.225,3.154286824e-06,2.520995301e-06,nan,nan,nan,nan
2530,63.25,3.154286824e-06,2.520995304e-06,nan,nan,nan,nan
2531,63.275,3.154286823e-06,2.520995306e-06,nan,nan,nan,nan
2532,63.3,3.154286823e-06,2.520995303e-06,nan,nan,nan,nan
2533,63.325,3.154286823e-06,2.520995303e-06,nan,nan,nan,nan
2534,63.35,3.154286824e-06,2.520995311e-06,nan,nan,nan,nan
2535,63.375,3.154286823e-06,2.520995322e-06,nan,nan,nan,nan
2536,63.4,3.154286823e-06,2.520995320e-06,nan,nan,nan,nan
2537,63.425,3.154286824e-06,2.520995303e-06,nan,nan,nan,nan
2538,63.45,3.154286827e-06,2.520995286e-06,nan,nan,nan,nan
2539,63.475,3.154286826e-06,2.520995288e-06,nan,nan,nan,nan
2540,63.5,3.154286823e-06,2.520995309e-06,nan,nan,nan,nan
2541,63.525,3.154286822e-06,2.520995328e-06,nan,nan,nan,nan
2542,63.55,3.154286822e-06,2.520995326e-06,nan,nan,nan,nan
2543,63.575,3.154286825e-06,2.520995303e-06,nan,nan,nan,nan
2544,63.6,3.154286827e-06,2.520995285e-06,nan,nan,nan,nan
2545,63.625,3.154286827e-06,2.520995289e-06,nan,nan,nan,nan
2546,63.65,3.154286824e-06,2.520995311e-06,nan,nan,nan,nan
2547,63.675,3.154286821e-06,2.520995326e-06,nan,nan,nan,nan
2548,63.7,3.154286821e-06,2.520995321e-06,nan,nan,nan,nan
2549,63.725,3.154286821e-06,2.520995304e-06,nan,nan,nan,nan
2550,63.75,3.154286822e-06,2.520995297e-06,nan,nan,nan,nan
2551,63.775,3.154286823e-06,2.520995303e-06,nan,nan,nan,nan
2552,63.8,3.154286826e-06,2.520995309e-06,nan,nan,nan,nan
2553,63.825,3.154286829e-06,2.520995306e-06,nan,nan,nan,nan
2554,63.85,3.154286828e-06,2.520995298e-06,nan,nan,nan,nan
2555,63.875,3.154286824e-06,2.520995301e-06,nan,nan,nan,nan
2556,63.9,3.154286820e-06,2.520995317e-06,nan,nan,nan,nan
2557,63.925,3.154286819e-06,2.520995329e-06,nan,nan,nan,nan
2558,63.95,3.154286823e-06,2.520995319e-06,nan,nan,nan,nan
2559,63.975,3.154286828e-06,2.520995294e-06,nan,nan,nan,nan
2560,64,3.154286826e-06,2.520995280e-06,nan,nan,nan,nan
2561,64.025,3.154286822e-06,2.520995292e-06,nan,nan,nan,nan
2562,64.05,3.154286818e-06,2.520995320e-06,nan,nan,nan,nan
2563,64.075,3.154286821e-06,2.520995335e-06,nan,nan,nan,nan
2564,64.1,3.154286826e-06,2.520995323e-06,nan,nan,nan,nan
2565,64.125,3.154286829e-06,2.520995296e-06,nan,nan,nan,nan
2566,64.15,3.154286827e-06,2.520995285e-06,nan,nan,nan,nan
2567,64.175,3.154286823e-06,2.520995298e-06,nan,nan,nan,nan
2568,64.2,3.154286822e-06,2.520995317e-06,nan,nan,nan,nan
2569,64.225,3.154286823e-06,2.520995322e-06,nan,nan,nan,nan
2570,64.25,3.154286822e-06,2.520995309e-06,nan,nan,nan,nan
2571,64.275,3.154286817e-06,2.520995297e-06,nan,nan,nan,nan
2572,64.3,3.154286817e-06,2.520995300e-06,nan,nan,nan,nan
2573,64.325,3.154286824e-06,2.520995311e-06,nan,nan,nan,nan
2574,64.35,3.154286835e-06,2.520995315e-06,nan,nan,nan,nan
2575,64.375,3.154286839e-06,2.520995304e-06,nan,nan,nan,nan
2576,64.4,3.154286828e-06,2.520995294e-06,nan,nan,nan,nan
2577,64.425,3.154286811e-06,2.520995301e-06,nan,nan,nan,nan
2578,64.45,3.154286804e-06,2.520995320e-06,nan,nan,nan,nan
2579,64.475,3.154286813e-06,2.520995328e-06,nan,nan,nan,nan
2580,64.5,3.154286832e-06,2.520995315e-06,nan,nan,nan,nan
2581,64.525,3.154286841e-06,2.520995291e-06,nan,nan,nan,nan
2582,64.55,3.154286835e-06,2.520995284e-06,nan,nan,nan,nan
2583,64.575,3.154286821e-06,2.520995300e-06,nan,nan,nan,nan
2584,64.6,3.154286812e-06,2.520995323e-06,nan,nan,nan,nan
2585,64.625,3.154286815e-06,2.520995327e-06,nan,nan,nan,nan
2586,64.65,3.154286822e-06,2.520995311e-06,nan,nan,nan,nan
2587,64.675,3.154286826e-06,2.520995292e-06,nan,nan,nan,nan
2588,64.7,3.154286826e-06,2.520995292e-06,nan,nan,nan,nan
2589,64.725,3.154286827e-06,2.520995308e-06,nan,nan,nan,nan
2590,64.75,3.154286829e-06,2.520995321e-06,nan,nan,nan,nan
2591,64.775,3.154286829e-06,2.520995318e-06,nan,nan,nan,nan
2592,64.8,3.154286821e-06,2.520995305e-06,nan,nan,nan,nan
2593,64.825,3.154286812e-06,2.520995297e-06,nan,nan,nan,nan
2594,64.85,3.154286810e-06,2.520995303e-06,nan,nan,nan,nan
2595,64.875,3.154286821e-06,2.520995312e-06,nan,nan,nan,nan
2596,64.9,3.154286837e-06,2.520995312e-06,nan,nan,nan,nan
2597,64.925,3.154286840e-06,2.520995303e-06,nan,nan,nan,nan
2598,64.95,3.154286829e-06,2.520995298e-06,nan,nan,nan,nan
2599,64.975,3.154286814e-06,2.520995303e-06,nan,nan,nan,nan
2600,65,3.154286810e-06,2.520995314e-06,nan,nan,nan,nan
2601,65.025,3.154286818e-06,2.520995317e-06,nan,nan,nan,nan
2602,65.05,3.154286831e-06,2.520995308e-06,nan,nan,nan,nan
2603,65.075,3.154286835e-06,2.520995299e-06,nan,nan,nan,nan
2604,65.1,3.154286827e-06,2.520995298e-06,nan,nan,nan,nan
2605,65.125,3.154286818e-06,2.520995307e-06,nan,nan,nan,nan
2606,65.15,3.154286817e-06,2.520995316e-06,nan,nan,nan,nan
2607,65.175,3.154286821e-06,2.520995313e-06,nan,nan,nan,nan
2608,65.2,3.154286825e-06,2.520995305e-06,nan,nan,nan,nan
2609,65.225,3.154286825e-06,2.520995299e-06,nan,nan,nan,nan
2610,65.25,3.154286826e-06,2.520995303e-06,nan,nan,nan,nan
2611,65.275,3.154286828e-06,2.520995312e-06,nan,nan,nan,nan
2612,65.3,3.154286830e-06,2.520995317e-06,nan,nan,nan,nan
2613,65.325,3.154286825e-06,2.520995313e-06,nan,nan,nan,nan
2614,65.35,3.154286816e-06,2.520995303e-06,nan,nan,nan,nan
2615,65.375,3.154286810e-06,2.520995297e-06,nan,nan,nan,nan
2616,65.4,3.154286816e-06,2.520995300e-06,nan,nan,nan,nan
2617,65.425,3.154286830e-06,2.520995307e-06,nan,nan,nan,nan
2618,65.45,3.154286839e-06,2.520995312e-06,nan,nan,nan,nan
2619,65.475,3.154286835e-06,2.520995311e-06,nan,nan,nan,nan
2620,65.5,3.154286822e-06,2.520995307e-06,nan,nan,nan,nan
2621,65.525,3.154286811e-06,2.520995304e-06,nan,nan,nan,nan
2622,65.55,3.154286812e-06,2.520995305e-06,nan,nan,nan,nan
2623,65.575,3.154286821e-06,2.520995309e-06,nan,nan,nan,nan
2624,65.6,3.154286830e-06,2.520995310e-06,nan,nan,nan,nan
2625,65.625,3.154286831e-06,2.520995308e-06,nan,nan,nan,nan
2626,65.65,3.154286826e-06,2.520995305e-06,nan,nan,nan,nan
2627,65.675,3.154286823e-06,2.520995305e-06,nan,nan,nan,nan
2628,65.7,3.154286822e-06,2.520995309e-06,nan,nan,nan,nan
2629,65.725,3.154286821e-06,2.520995311e-06,nan,nan,nan,nan
2630,65.75,3.154286820e-06,2.520995309e-06,nan,nan,nan,nan
2631,65.775,3.154286823e-06,2.520995303e-06,nan,nan,nan,nan
2632,65.8,3.154286828e-06,2.520995301e-06,nan,nan,nan,nan
2633,65.825,3.154286831e-06,2.520995307e-06,nan,nan,nan,nan
2634,65.85,3.154286828e-06,2.520995316e-06,nan,nan,nan,nan
2635,65.875,3.154286820e-06,2.520995316e-06,nan,nan,nan,nan
2636,65.9,3.154286813e-06,2.520995307e-06,nan,nan,nan,nan
2637,65.925,3.154286815e-06,2.520995295e-06,nan,nan,nan,nan
2638,65.95,3.154286825e-06,2.520995295e-06,nan,nan,nan,nan
2639,65.975,3.154286835e-06,2.520995309e-06,nan,nan,nan,nan
2640,66,3.154286834e-06,2.520995322e-06,nan,nan,nan,nan
2641,66.025,3.154286826e-06,2.520995322e-06,nan,nan,nan,nan
2642,66.05,3.154286818e-06,2.520995306e-06,nan,nan,nan,nan
2643,66.075,3.154286817e-06,2.520995291e-06,nan,nan,nan,nan
2644,66.1,3.154286821e-06,2.520995293e-06,nan,nan,nan,nan
2645,66.125,3.154286827e-06,2.520995310e-06,nan,nan,nan,nan
2646,66.15,3.154286827e-06,2.520995325e-06,nan,nan,nan,nan
2647,66.175,3.154286826e-06,2.520995322e-06,nan,nan,nan,nan
2648,66.2,3.154286827e-06,2.520995306e-06,nan,nan,nan,nan
2649,66.225,3.154286826e-06,2.520995295e-06,nan,nan,nan,nan
2650,66.25,3.154286823e-06,2.520995298e-06,nan,nan,nan,nan
2651,66.275,3.154286817e-06,2.520995308e-06,nan,nan,nan,nan
2652,66.3,3.154286816e-06,2.520995310e-06,nan,nan,nan,nan
2653,66.325,3.154286822e-06,2.520995304e-06,nan,nan,nan,nan
2654,66.35,3.154286832e-06,2.520995302e-06,nan,nan,nan,nan
2655,66.375,3.154286837e-06,2.520995312e-06,nan,nan,nan,nan
2656,66.4,3.154286832e-06,2.520995324e-06,nan,nan,nan,nan
2657,66.425,3.154286819e-06,2.520995321e-06,nan,nan,nan,nan
2658,66.45,3.154286810e-06,2.520995301e-06,nan,nan,nan,nan
2659,66.475,3.154286813e-06,2.520995282e-06,nan,nan,nan,nan
2660,66.5,3.154286823e-06,2.520995286e-06,nan,nan,nan,nan
2661,66.525,3.154286831e-06,2.520995312e-06,nan,nan,nan,nan
2662,66.55,3.154286833e-06,2.520995333e-06,nan,nan,nan,nan
2663,66.575,3.154286826e-06,2.520995328e-06,nan,nan,nan,nan
2664,66.6,3.154286822e-06,2.520995300e-06,nan,nan,nan,nan
2665,66.625,3.154286822e-06,2.520995283e-06,nan,nan,nan,nan
2666,66.65,3.154286823e-06,2.520995292e-06,nan,nan,nan,nan
2667,66.675,3.154286824e-06,2.520995315e-06,nan,nan,nan,nan
2668,66.7,3.154286821e-06,2.520995329e-06,nan,nan,nan,nan
2669,66.725,3.154286821e-06,2.520995319e-06,nan,nan,nan,nan
2670,66.75,3.154286826e-06,2.520995301e-06,nan,nan,nan,nan
2671,66.775,3.154286827e-06,2.520995294e-06,nan,nan,nan,nan
2672,66.8,3.154286827e-06,2.520995304e-06,nan,nan,nan,nan
2673,66.825,3.154286823e-06,2.520995314e-06,nan,nan,nan,nan
2674,66.85,3.154286819e-06,2.520995310e-06,nan,nan,nan,nan
2675,66.875,3.154286820e-06,2.520995300e-06,nan,nan,nan,nan
2676,66.9,3.154286825e-06,2.520995301e-06,nan,nan,nan,nan
2677,66.925,3.154286829e-06,2.520995317e-06,nan,nan,nan,nan
2678,66.95,3.154286826e-06,2.520995328e-06,nan,nan,nan,nan
2679,66.975,3.154286821e-06,2.520995318e-06,nan,nan,nan,nan
2680,67,3.154286818e-06,2.520995292e-06,nan,nan,nan,nan
2681,67.025,3.154286820e-06,2.520995278e-06,nan,nan,nan,nan
2682,67.05,3.154286825e-06,2.520995293e-06,nan,nan,nan,nan
2683,67.075,3.154286829e-06,2.520995323e-06,nan,nan,nan,nan
2684,67.1,3.154286828e-06,2.520995337e-06,nan,nan,nan,nan
2685,67.125,3.154286826e-06,2.520995320e-06,nan,nan,nan,nan
2686,67.15,3.154286824e-06,2.520995291e-06,nan,nan,nan,nan
2687,67.175,3.154286823e-06,2.520995281e-06,nan,nan,nan,nan
2688,67.2,3.154286823e-06,2.520995298e-06,nan,nan,nan,nan
2689,67.225,3.154286822e-06,2.520995322e-06,nan,nan,nan,nan
2690,67.25,3.154286821e-06,2.520995328e-06,nan,nan,nan,nan
2691,67.275,3.154286821e-06,2.520995313e-06,nan,nan,nan,nan
2692,67.3,3.154286824e-06,2.520995297e-06,nan,nan,nan,nan
2693,67.325,3.154286827e-06,2.520995297e-06,nan,nan,nan,nan
2694,67.35,3.154286827e-06,2.520995308e-06,nan,nan,nan,nan
2695,67.375,3.154286824e-06,2.520995311e-06,nan,nan,nan,nan
2696,67.4,3.154286820e-06,2.520995305e-06,nan,nan,nan,nan
2697,67.425,3.154286819e-06,2.520995298e-06,nan,nan,nan,nan
2698,67.45,3.154286824e-06,2.520995305e-06,nan,nan,nan,nan
2699,67.475,3.154286828e-06,2.520995319e-06,nan,nan,nan,nan
2700,67.5,3.154286828e-06,2.520995323e-06,nan,nan,nan,nan
2701,67.525,3.154286824e-06,2.520995308e-06,nan,nan,nan,nan
2702,67.55,3.154286821e-06,2.520995290e-06,nan,nan,nan,nan
2703,67.575,3.154286820e-06,2.520995288e-06,nan,nan,nan,nan
2704,67.6,3.154286822e-06,2.520995307e-06,nan,nan,nan,nan
2705,67.625,3.154286824e-06,2.520995327e-06,nan,nan,nan,nan
2706,67.65,3.154286823e-06,2.520995326e-06,nan,nan,nan,nan
2707,67.675,3.154286822e-06,2.520995306e-06,nan,nan,nan,nan
2708,67.7,3.154286824e-06,2.520995287e-06,nan,nan,nan,nan
2709,67.725,3.154286827e-06,2.520995288e-06,nan,nan,nan,nan
2710,67.75,3.154286830e-06,2.520995307e-06,nan,nan,nan,nan
2711,67.775,3.154286827e-06,2.520995323e-06,nan,nan,nan,nan
2712,67.8,3.154286819e-06,2.520995324e-06,nan,nan,nan,nan
2713,67.825,3.154286814e-06,2.520995312e-06,nan,nan,nan,nan
2714,67.85,3.154286817e-06,2.520995301e-06,nan,nan,nan,nan
2715,67.875,3.154286825e-06,2.520995300e-06,nan,nan,nan,nan
2716,67.9,3.154286830e-06,2.520995302e-06,nan,nan,nan,nan
2717,67.925,3.154286830e-06,2.520995304e-06,nan,nan,nan,nan
2718,67.95,3.154286823e-06,2.520995305e-06,nan,nan,nan,nan
2719,67.975,3.154286818e-06,2.520995310e-06,nan,nan,nan,nan
2720,68,3.154286820e-06,2.520995317e-06,nan,nan,nan,nan
2721,68.025,3.154286827e-06,2.520995320e-06,nan,nan,nan,nan
2722,68.05,3.154286829e-06,2.520995312e-06,nan,nan,nan,nan
2723,68.075,3.154286825e-06,2.520995299e-06,nan,nan,nan,nan
2724,68.1,3.154286819e-06,2.520995292e-06,nan,nan,nan,nan
2725,68.125,3.154286819e-06,2.520995298e-06,nan,nan,nan,nan
2726,68.15,3.154286823e-06,2.520995313e-06,nan,nan,nan,nan
2727,68.175,3.154286828e-06,2.520995322e-06,nan,nan,nan,nan
2728,68.2,3.154286827e-06,2.520995317e-06,nan,nan,nan,nan
2729,68.225,3.154286824e-06,2.520995305e-06,nan,nan,nan,nan
2730,68.25,3.154286822e-06,2.520995296e-06,nan,nan,nan,nan
2731,68.275,3.154286826e-06,2.520995298e-06,nan,nan,nan,nan
2732,68.3,3.154286828e-06,2.520995307e-06,nan,nan,nan,nan
2733,68.325,3.154286825e-06,2.520995316e-06,nan,nan,nan,nan
2734,68.35,3.154286818e-06,2.520995317e-06,nan,nan,nan,nan
2735,68.375,3.154286815e-06,2.520995312e-06,nan,nan,nan,nan
2736,68.4,3.154286821e-06,2.520995305e-06,nan,nan,nan,nan
2737,68.425,3.154286831e-06,2.520995299e-06,nan,nan,nan,nan
2738,68.45,3.154286835e-06,2.520995298e-06,nan,nan,nan,nan
2739,68.475,3.154286829e-06,2.520995304e-06,nan,nan,nan,nan
2740,68.5,3.154286819e-06,2.520995311e-06,nan,nan,nan,nan
2741,68.525,3.154286815e-06,2.520995315e-06,nan,nan,nan,nan
2742,68.55,3.154286820e-06,2.520995314e-06,nan,nan,nan,nan
2743,68.575,3.154286828e-06,2.520995308e-06,nan,nan,nan,nan
2744,68.6,3.154286829e-06,2.520995302e-06,nan,nan,nan,nan
2745,68.625,3.154286823e-06,2.520995301e-06,nan,nan,nan,nan
2746,68.65,3.154286819e-06,2.520995304e-06,nan,nan,nan,nan
2747,68.675,3.154286822e-06,2.520995307e-06,nan,nan,nan,nan
2748,68.7,3.154286827e-06,2.520995310e-06,nan,nan,nan,nan
2749,68.725,3.154286829e-06,2.520995312e-06,nan,nan,nan,nan
2750,68.75,3.154286824e-06,2.520995311e-06,nan,nan,nan,nan
2751,68.775,3.154286818e-06,2.520995308e-06,nan,nan,nan,nan
2752,68.8,3.154286821e-06,2.520995302e-06,nan,nan,nan,nan
2753,68.825,3.154286829e-06,2.520995298e-06,nan,nan,nan,nan
2754,68.85,3.154286834e-06,2.520995302e-06,nan,nan,nan,nan
2755,68.875,3.154286829e-06,2.520995313e-06,nan,nan,nan,nan
2756,68.9,3.154286817e-06,2.520995321e-06,nan,nan,nan,nan
2757,68.925,3.154286811e-06,2.520995317e-06,nan,nan,nan,nan
2758,68.95,3.154286817e-06,2.520995304e-06,nan,nan,nan,nan
2759,68.975,3.154286830e-06,2.520995293e-06,nan,nan,nan,nan
2760,69,3.154286835e-06,2.520995295e-06,nan,nan,nan,nan
2761,69.025,3.154286830e-06,2.520995308e-06,nan,nan,nan,nan
2762,69.05,3.154286818e-06,2.520995319e-06,nan,nan,nan,nan
2763,69.075,3.154286815e-06,2.520995317e-06,nan,nan,nan,nan
2764,69.1,3.154286822e-06,2.520995305e-06,nan,nan,nan,nan
2765,69.125,3.154286832e-06,2.520995298e-06,nan,nan,nan,nan
2766,69.15,3.154286834e-06,2.520995303e-06,nan,nan,nan,nan
2767,69.175,3.154286828e-06,2.520995313e-06,nan,nan,nan,nan
2768,69.2,3.154286819e-06,2.520995315e-06,nan,nan,nan,nan
2769,69.225,3.154286819e-06,2.520995308e-06,nan,nan,nan,nan
2770,69.25,3.154286826e-06,2.520995302e-06,nan,nan,nan,nan
2771,69.275,3.154286828e-06,2.520995303e-06,nan,nan,nan,nan
2772,69.3,3.154286826e-06,2.520995309e-06,nan,nan,nan,nan
2773,69.325,3.154286822e-06,2.520995311e-06,nan,nan,nan,nan
2774,69.35,3.154286822e-06,2.520995305e-06,nan,nan,nan,nan
2775,69.375,3.154286827e-06,2.520995301e-06,nan,nan,nan,nan
2776,69.4,3.154286832e-06,2.520995305e-06,nan,nan,nan,nan
2777,69.425,3.154286829e-06,2.520995314e-06,nan,nan,nan,nan
2778,69.45,3.154286820e-06,2.520995318e-06,nan,nan,nan,nan
2779,69.475,3.154286812e-06,2.520995310e-06,nan,nan,nan,nan
2780,69.5,3.154286816e-06,2.520995297e-06,nan,nan,nan,nan
2781,69.525,3.154286826e-06,2.520995295e-06,nan,nan,nan,nan
2782,69.55,3.154286832e-06,2.520995305e-06,nan,nan,nan,nan
2783,69.575,3.154286831e-06,2.520995317e-06,nan,nan,nan,nan
2784,69.6,3.154286822e-06,2.520995318e-06,nan,nan,nan,nan
2785,69.625,3.154286817e-06,2.520995307e-06,nan,nan,nan,nan
2786,69.65,3.154286819e-06,2.520995297e-06,nan,nan,nan,nan
2787,69.675,3.154286826e-06,2.520995300e-06,nan,nan,nan,nan
2788,69.7,3.154286828e-06,2.520995311e-06,nan,nan,nan,nan
2789,69.725,3.154286824e-06,2.520995317e-06,nan,nan,nan,nan
2790,69.75,3.154286820e-06,2.520995313e-06,nan,nan,nan,nan
2791,69.775,3.154286822e-06,2.520995302e-06,nan,nan,nan,nan
2792,69.8,3.154286827e-06,2.520995298e-06,nan,nan,nan,nan
2793,69.825,3.154286831e-06,2.520995305e-06,nan,nan,nan,nan
2794,69.85,3.154286828e-06,2.520995312e-06,nan,nan,nan,nan
2795,69.875,3.154286821e-06,2.520995311e-06,nan,nan,nan,nan
2796,69.9,3.154286818e-06,2.520995307e-06,nan,nan,nan,nan
2797,69.925,3.154286822e-06,2.520995305e-06,nan,nan,nan,nan
2798,69.95,3.154286828e-06,2.520995310e-06,nan,nan,nan,nan
2799,69.975,3.154286829e-06,2.520995314e-06,nan,nan,nan,nan
2800,70,3.154286824e-06,2.520995311e-06,nan,nan,nan,nan
2801,70.025,3.154286817e-06,2.520995303e-06,nan,nan,nan,nan
2802,70.05,3.154286817e-06,2.520995301e-06,nan,nan,nan,nan
2803,70.075,3.154286824e-06,2.520995307e-06,nan,nan,nan,nan
2804,70.1,3.154286830e-06,2.520995316e-06,nan,nan,nan,nan
2805,70.125,3.154286828e-06,2.520995316e-06,nan,nan,nan,nan
2806,70.15,3.154286821e-06,2.520995306e-06,nan,nan,nan,nan
2807,70.175,3.154286816e-06,2.520995297e-06,nan,nan,nan,nan
2808,70.2,3.154286822e-06,2.520995298e-06,nan,nan,nan,nan
2809,70.225,3.154286830e-06,2.520995308e-06,nan,nan,nan,nan
2810,70.25,3.154286833e-06,2.520995316e-06,nan,nan,nan,nan
2811,70.275,3.154286826e-06,2.520995317e-06,nan,nan,nan,nan
2812,70.3,3.154286817e-06,2.520995310e-06,nan,nan,nan,nan
2813,70.325,3.154286813e-06,2.520995304e-06,nan,nan,nan,nan
2814,70.35,3.154286821e-06,2.520995303e-06,nan,nan,nan,nan
2815,70.375,3.154286830e-06,2.520995301e-06,nan,nan,nan,nan
2816,70.4,3.154286833e-06,2.520995302e-06,nan,nan,nan,nan
2817,70.425,3.154286826e-06,2.520995305e-06,nan,nan,nan,nan
2818,70.45,3.154286819e-06,2.520995312e-06,nan,nan,nan,nan
2819,70.475,3.154286819e-06,2.520995318e-06,nan,nan,nan,nan
2820,70.5,3.154286826e-06,2.520995317e-06,nan,nan,nan,nan
2821,70.525,3.154286831e-06,2.520995306e-06,nan,nan,nan,nan
2822,70.55,3.154286828e-06,2.520995296e-06,nan,nan,nan,nan
2823,70.575,3.154286820e-06,2.520995296e-06,nan,nan,nan,nan
2824,70.6,3.154286816e-06,2.520995308e-06,nan,nan,nan,nan
2825,70.625,3.154286821e-06,2.520995320e-06,nan,nan,nan,nan
2826,70.65,3.154286828e-06,2.520995319e-06,nan,nan,nan,nan
2827,70.675,3.154286830e-06,2.520995308e-06,nan,nan,nan,nan
2828,70.7,3.154286822e-06,2.520995296e-06,nan,nan,nan,nan
2829,70.725,3.154286816e-06,2.520995296e-06,nan,nan,nan,nan
2830,70.75,3.154286818e-06,2.520995306e-06,nan,nan,nan,nan
2831,70.775,3.154286828e-06,2.520995315e-06,nan,nan,nan,nan
2832,70.8,3.154286833e-06,2.520995315e-06,nan,nan,nan,nan
2833,70.825,3.154286829e-06,2.520995312e-06,nan,nan,nan,nan
2834,70.85,3.154286818e-06,2.520995310e-06,nan,nan,nan,nan
2835,70.875,3.154286812e-06,2.520995309e-06,nan,nan,nan,nan
2836,70.9,3.154286818e-06,2.520995304e-06,nan,nan,nan,nan
2837,70.925,3.154286829e-06,2.520995297e-06,nan,nan,nan,nan
2838,70.95,3.154286834e-06,2.520995296e-06,nan,nan,nan,nan
2839,70.975,3.154286829e-06,2.520995307e-06,nan,nan,nan,nan
2840,71,3.154286822e-06,2.520995321e-06,nan,nan,nan,nan
2841,71.025,3.154286819e-06,2.520995327e-06,nan,nan,nan,nan
2842,71.05,3.154286824e-06,2.520995313e-06,nan,nan,nan,nan
2843,71.075,3.154286828e-06,2.520995296e-06,nan,nan,nan,nan
2844,71.1,3.154286824e-06,2.520995290e-06,nan,nan,nan,nan
2845,71.125,3.154286818e-06,2.520995301e-06,nan,nan,nan,nan
2846,71.15,3.154286816e-06,2.520995318e-06,nan,nan,nan,nan
2847,71.175,3.154286824e-06,2.520995323e-06,nan,nan,nan,nan
2848,71.2,3.154286834e-06,2.520995313e-06,nan,nan,nan,nan
2849,71.225,3.154286835e-06,2.520995300e-06,nan,nan,nan,nan
2850,71.25,3.154286825e-06,2.520995296e-06,nan,nan,nan,nan
2851,71.275,3.154286815e-06,2.520995302e-06,nan,nan,nan,nan
2852,71.3,3.154286816e-06,2.520995308e-06,nan,nan,nan,nan
2853,71.325,3.154286824e-06,2.520995310e-06,nan,nan,nan,nan
2854,71.35,3.154286832e-06,2.520995310e-06,nan,nan,nan,nan
2855,71.375,3.154286832e-06,2.520995313e-06,nan,nan,nan,nan
2856,71.4,3.154286823e-06,2.520995317e-06,nan,nan,nan,nan
2857,71.425,3.154286818e-06,2.520995314e-06,nan,nan,nan,nan
2858,71.45,3.154286822e-06,2.520995300e-06,nan,nan,nan,nan
2859,71.475,3.154286828e-06,2.520995292e-06,nan,nan,nan,nan
2860,71.5,3.154286828e-06,2.520995297e-06,nan,nan,nan,nan
2861,71.525,3.154286822e-06,2.520995313e-06,nan,nan,nan,nan
2862,71.55,3.154286817e-06,2.520995324e-06,nan,nan,nan,nan
2863,71.575,3.154286821e-06,2.520995320e-06,nan,nan,nan,nan
2864,71.6,3.154286831e-06,2.520995301e-06,nan,nan,nan,nan
2865,71.625,3.154286835e-06,2.520995291e-06,nan,nan,nan,nan
2866,71.65,3.154286829e-06,2.520995297e-06,nan,nan,nan,nan
2867,71.675,3.154286817e-06,2.520995314e-06,nan,nan,nan,nan
2868,71.7,3.154286811e-06,2.520995321e-06,nan,nan,nan,nan
2869,71.725,3.154286820e-06,2.520995316e-06,nan,nan,nan,nan
2870,71.75,3.154286832e-06,2.520995304e-06,nan,nan,nan,nan
2871,71.775,3.154286836e-06,2.520995298e-06,nan,nan,nan,nan
2872,71.8,3.154286829e-06,2.520995300e-06,nan,nan,nan,nan
2873,71.825,3.154286819e-06,2.520995305e-06,nan,nan,nan,nan
2874,71.85,3.154286818e-06,2.520995308e-06,nan,nan,nan,nan
2875,71.875,3.154286826e-06,2.520995308e-06,nan,nan,nan,nan
2876,71.9,3.154286832e-06,2.520995312e-06,nan,nan,nan,nan
2877,71.925,3.154286829e-06,2.520995316e-06,nan,nan,nan,nan
2878,71.95,3.154286818e-06,2.520995314e-06,nan,nan,nan,nan
2879,71.975,3.154286813e-06,2.520995304e-06,nan,nan,nan,nan
2880,72,3.154286819e-06,2.520995294e-06,nan,nan,nan,nan
2881,72.025,3.154286830e-06,2.520995296e-06,nan,nan,nan,nan
2882,72.05,3.154286832e-06,2.520995309e-06,nan,nan,nan,nan
2883,72.075,3.154286824e-06,2.520995321e-06,nan,nan,nan,nan
2884,72.1,3.154286815e-06,2.520995321e-06,nan,nan,nan,nan
2885,72.125,3.154286819e-06,2.520995308e-06,nan,nan,nan,nan
2886,72.15,3.154286828e-06,2.520995297e-06,nan,nan,nan,nan
2887,72.175,3.154286836e-06,2.520995297e-06,nan,nan,nan,nan
2888,72.2,3.154286830e-06,2.520995306e-06,nan,nan,nan,nan
2889,72.225,3.154286817e-06,2.520995314e-06,nan,nan,nan,nan
2890,72.25,3.154286811e-06,2.520995315e-06,nan,nan,nan,nan
2891,72.275,3.154286819e-06,2.520995309e-06,nan,nan,nan,nan
2892,72.3,3.154286831e-06,2.520995305e-06,nan,nan,nan,nan
2893,72.325,3.154286834e-06,2.520995303e-06,nan,nan,nan,nan
2894,72.35,3.154286827e-06,2.520995302e-06,nan,nan,nan,nan
2895,72.375,3.154286818e-06,2.520995303e-06,nan,nan,nan,nan
2896,72.4,3.154286818e-06,2.520995308e-06,nan,nan,nan,nan
2897,72.425,3.154286826e-06,2.520995315e-06,nan,nan,nan,nan
2898,72.45,3.154286830e-06,2.520995319e-06,nan,nan,nan,nan
2899,72.475,3.154286825e-06,2.520995314e-06,nan,nan,nan,nan
2900,72.5,3.154286815e-06,2.520995302e-06,nan,nan,nan,nan
2901,72.525,3.154286815e-06,2.520995293e-06,nan,nan,nan,nan
2902,72.55,3.154286826e-06,2.520995298e-06,nan,nan,nan,nan
2903,72.575,3.154286837e-06,2.520995311e-06,nan,nan,nan,nan
2904,72.6,3.154286835e-06,2.520995321e-06,nan,nan,nan,nan
2905,72.625,3.154286821e-06,2.520995318e-06,nan,nan,nan,nan
2906,72.65,3.154286811e-06,2.520995307e-06,nan,nan,nan,nan
2907,72.675,3.154286813e-06,2.520995299e-06,nan,nan,nan,nan
2908,72.7,3.154286826e-06,2.520995301e-06,nan,nan,nan,nan
2909,72.725,3.154286833e-06,2.520995308e-06,nan,nan,nan,nan
2910,72.75,3.154286828e-06,2.520995310e-06,nan,nan,nan,nan
2911,72.775,3.154286818e-06,2.520995310e-06,nan,nan,nan,nan
2912,72.8,3.154286816e-06,2.520995310e-06,nan,nan,nan,nan
2913,72.825,3.154286826e-06,2.520995312e-06,nan,nan,nan,nan
2914,72.85,3.154286834e-06,2.520995310e-06,nan,nan,nan,nan
2915,72.875,3.154286828e-06,2.520995302e-06,nan,nan,nan,nan
2916,72.9,3.154286816e-06,2.520995294e-06,nan,nan,nan,nan
2917,72.925,3.154286809e-06,2.520995296e-06,nan,nan,nan,nan
2918,72.95,3.154286820e-06,2.520995309e-06,nan,nan,nan,nan
2919,72.975,3.154286837e-06,2.520995323e-06,nan,nan,nan,nan
2920,73,3.154286842e-06,2.520995323e-06,nan,nan,nan,nan
2921,73.025,3.154286828e-06,2.520995308e-06,nan,nan,nan,nan
2922,73.05,3.154286810e-06,2.520995294e-06,nan,nan,nan,nan
2923,73.075,3.154286807e-06,2.520995295e-06,nan,nan,nan,nan
2924,73.1,3.154286821e-06,2.520995308e-06,nan,nan,nan,nan
2925,73.125,3.154286836e-06,2.520995318e-06,nan,nan,nan,nan
2926,73.15,3.154286836e-06,2.520995315e-06,nan,nan,nan,nan
2927,73.175,3.154286824e-06,2.520995304e-06,nan,nan,nan,nan
2928,73.2,3.154286815e-06,2.520995299e-06,nan,nan,nan,nan
2929,73.225,3.154286820e-06,2.520995304e-06,nan,nan,nan,nan
2930,73.25,3.154286831e-06,2.520995312e-06,nan,nan,nan,nan
2931,73.275,3.154286832e-06,2.520995311e-06,nan,nan,nan,nan
2932,73.3,3.154286822e-06,2.520995304e-06,nan,nan,nan,nan
2933,73.325,3.154286813e-06,2.520995302e-06,nan,nan,nan,nan
2934,73.35,3.154286817e-06,2.520995309e-06,nan,nan,nan,nan
2935,73.375,3.154286830e-06,2.520995316e-06,nan,nan,nan,nan
2936,73.4,3.154286836e-06,2.520995313e-06,nan,nan,nan,nan
2937,73.425,3.154286828e-06,2.520995299e-06,nan,nan,nan,nan
2938,73.45,3.154286814e-06,2.520995291e-06,nan,nan,nan,nan
2939,73.475,3.154286811e-06,2.520995301e-06,nan,nan,nan,nan
2940,73.5,3.154286823e-06,2.520995319e-06,nan,nan,nan,nan
2941,73.525,3.154286838e-06,2.520995327e-06,nan,nan,nan,nan
2942,73.55,3.154286838e-06,2.520995314e-06,nan,nan,nan,nan
2943,73.575,3.154286823e-06,2.520995296e-06,nan,nan,nan,nan
2944,73.6,3.154286810e-06,2.520995290e-06,nan,nan,nan,nan
2945,73.625,3.154286811e-06,2.520995302e-06,nan,nan,nan,nan
2946,73.65,3.154286824e-06,2.520995318e-06,nan,nan,nan,nan
2947,73.675,3.154286834e-06,2.520995319e-06,nan,nan,nan,nan
2948,73.7,3.154286833e-06,2.520995307e-06,nan,nan,nan,nan
2949,73.725,3.154286823e-06,2.520995297e-06,nan,nan,nan,nan
2950,73.75,3.154286819e-06,2.520995300e-06,nan,nan,nan,nan
2951,73.775,3.154286823e-06,2.520995312e-06,nan,nan,nan,nan
2952,73.8,3.154286827e-06,2.520995317e-06,nan,nan,nan,nan
2953,73.825,3.154286823e-06,2.520995309e-06,nan,nan,nan,nan
2954,73.85,3.154286816e-06,2.520995300e-06,nan,nan,nan,nan
2955,73.875,3.154286816e-06,2.520995302e-06,nan,nan,nan,nan
2956,73.9,3.154286827e-06,2.520995312e-06,nan,nan,nan,nan
2957,73.925,3.154286837e-06,2.520995317e-06,nan,nan,nan,nan
2958,73.95,3.154286835e-06,2.520995309e-06,nan,nan,nan,nan
2959,73.975,3.154286821e-06,2.520995300e-06,nan,nan,nan,nan
2960,74,3.154286810e-06,2.520995300e-06,nan,nan,nan,nan
2961,74.025,3.154286813e-06,2.520995311e-06,nan,nan,nan,nan
2962,74.05,3.154286828e-06,2.520995320e-06,nan,nan,nan,nan
2963,74.075,3.154286839e-06,2.520995316e-06,nan,nan,nan,nan
2964,74.1,3.154286836e-06,2.520995301e-06,nan,nan,nan,nan
2965,74.125,3.154286823e-06,2.520995294e-06,nan,nan,nan,nan
2966,74.15,3.154286813e-06,2.520995303e-06,nan,nan,nan,nan
2967,74.175,3.154286815e-06,2.520995317e-06,nan,nan,nan,nan
2968,74.2,3.154286824e-06,2.520995322e-06,nan,nan,nan,nan
2969,74.225,3.154286830e-06,2.520995310e-06,nan,nan,nan,nan
2970,74.25,3.154286827e-06,2.520995296e-06,nan,nan,nan,nan
2971,74.275,3.154286824e-06,2.520995293e-06,nan,nan,nan,nan
2972,74.3,3.154286823e-06,2.520995303e-06,nan,nan,nan,nan
2973,74.325,3.154286827e-06,2.520995316e-06,nan,nan,nan,nan
2974,74.35,3.154286828e-06,2.520995318e-06,nan,nan,nan,nan
2975,74.375,3.154286825e-06,2.520995311e-06,nan,nan,nan,nan
2976,74.4,3.154286822e-06,2.520995305e-06,nan,nan,nan,nan
2977,74.425,3.154286822e-06,2.520995306e-06,nan,nan,nan,nan
2978,74.45,3.154286826e-06,2.520995309e-06,nan,nan,nan,nan
2979,74.475,3.154286829e-06,2.520995307e-06,nan,nan,nan,nan
2980,74.5,3.154286825e-06,2.520995303e-06,nan,nan,nan,nan
2981,74.525,3.154286819e-06,2.520995301e-06,nan,nan,nan,nan
2982,74.55,3.154286817e-06,2.520995307e-06,nan,nan,nan,nan
2983,74.575,3.154286824e-06,2.520995315e-06,nan,nan,nan,nan
2984,74.6,3.154286832e-06,2.520995315e-06,nan,nan,nan,nan
2985,74.625,3.154286834e-06,2.520995308e-06,nan,nan,nan,nan
2986,74.65,3.154286829e-06,2.520995299e-06,nan,nan,nan,nan
2987,74.675,3.154286821e-06,2.520995299e-06,nan,nan,nan,nan
2988,74.7,3.154286817e-06,2.520995307e-06,nan,nan,nan,nan
2989,74.725,3.154286818e-06,2.520995317e-06,nan,nan,nan,nan
2990,74.75,3.154286822e-06,2.520995318e-06,nan,nan,nan,nan
2991,74.775,3.154286827e-06,2.520995308e-06,nan,nan,nan,nan
2992,74.8,3.154286830e-06,2.520995297e-06,nan,nan,nan,nan
2993,74.825,3.154286830e-06,2.520995295e-06,nan,nan,nan,nan
2994,74.85,3.154286828e-06,2.520995302e-06,nan,nan,nan,nan
2995,74.875,3.154286823e-06,2.520995314e-06,nan,nan,nan,nan
2996,74.9,3.154286819e-06,2.520995321e-06,nan,nan,nan,nan
2997,74.925,3.154286820e-06,2.520995317e-06,nan,nan,nan,nan
2998,74.95,3.154286822e-06,2.520995307e-06,nan,nan,nan,nan
2999,74.975,3.154286828e-06,2.520995300e-06,nan,nan,nan,nan
3000,75,3.154286829e-06,2.520995299e-06,nan,nan,nan,nan
3001,75.025,3.154286827e-06,2.520995304e-06,nan,nan,nan,nan
3002,75.05,3.154286822e-06,2.520995310e-06,nan,nan,nan,nan
3003,75.075,3.154286818e-06,2.520995311e-06,nan,nan,nan,nan
3004,75.1,3.154286820e-06,2.520995310e-06,nan,nan,nan,nan
3005,75.125,3.154286825e-06,2.520995308e-06,nan,nan,nan,nan
3006,75.15,3.154286828e-06,2.520995309e-06,nan,nan,nan,nan
3007,75.175,3.154286828e-06,2.520995309e-06,nan,nan,nan,nan
3008,75.2,3.154286826e-06,2.520995306e-06,nan,nan,nan,nan
3009,75.225,3.154286821e-06,2.520995303e-06,nan,nan,nan,nan
3010,75.25,3.154286819e-06,2.520995305e-06,nan,nan,nan,nan
3011,75.275,3.154286819e-06,2.520995313e-06,nan,nan,nan,nan
3012,75.3,3.154286823e-06,2.520995319e-06,nan,nan,nan,nan
3013,75.325,3.154286828e-06,2.520995314e-06,nan,nan,nan,nan
3014,75.35,3.154286830e-06,2.520995300e-06,nan,nan,nan,nan
3015,75.375,3.154286828e-06,2.520995292e-06,nan,nan,nan,nan
3016,75.4,3.154286821e-06,2.520995297e-06,nan,nan,nan,nan
3017,75.425,3.154286818e-06,2.520995313e-06,nan,nan,nan,nan
3018,75.45,3.154286820e-06,2.520995324e-06,nan,nan,nan,nan
3019,75.475,3.154286825e-06,2.520995318e-06,nan,nan,nan,nan
3020,75.5,3.154286830e-06,2.520995302e-06,nan,nan,nan,nan
3021,75.525,3.154286828e-06,2.520995293e-06,nan,nan,nan,nan
3022,75.55,3.154286825e-06,2.520995301e-06,nan,nan,nan,nan
3023,75.575,3.154286821e-06,2.520995317e-06,nan,nan,nan,nan
3024,75.6,3.154286820e-06,2.520995322e-06,nan,nan,nan,nan
3025,75.625,3.154286821e-06,2.520995311e-06,nan,nan,nan,nan
3026,75.65,3.154286823e-06,2.520995297e-06,nan,nan,nan,nan
3027,75.675,3.154286822e-06,2.520995296e-06,nan,nan,nan,nan
3028,75.7,3.154286824e-06,2.520995309e-06,nan,nan,nan,nan
3029,75.725,3.154286828e-06,2.520995320e-06,nan,nan,nan,nan
3030,75.75,3.154286830e-06,2.520995315e-06,nan,nan,nan,nan
3031,75.775,3.154286825e-06,2.520995302e-06,nan,nan,nan,nan
3032,75.8,3.154286819e-06,2.520995299e-06,nan,nan,nan,nan
3033,75.825,3.154286815e-06,2.520995309e-06,nan,nan,nan,nan
3034,75.85,3.154286818e-06,2.520995319e-06,nan,nan,nan,nan
3035,75.875,3.154286826e-06,2.520995313e-06,nan,nan,nan,nan
3036,75.9,3.154286833e-06,2.520995296e-06,nan,nan,nan,nan
3037,75.925,3.154286830e-06,2.520995288e-06,nan,nan,nan,nan
3038,75.95,3.154286822e-06,2.520995302e-06,nan,nan,nan,nan
3039,75.975,3.154286818e-06,2.520995327e-06,nan,nan,nan,nan
3040,76,3.154286821e-06,2.520995333e-06,nan,nan,nan,nan
3041,76.025,3.154286828e-06,2.520995312e-06,nan,nan,nan,nan
3042,76.05,3.154286831e-06,2.520995286e-06,nan,nan,nan,nan
3043,76.075,3.154286827e-06,2.520995283e-06,nan,nan,nan,nan
3044,76.1,3.154286821e-06,2.520995305e-06,nan,nan,nan,nan
3045,76.125,3.154286818e-06,2.520995329e-06,nan,nan,nan,nan
3046,76.15,3.154286820e-06,2.520995328e-06,nan,nan,nan,nan
3047,76.175,3.154286825e-06,2.520995305e-06,nan,nan,nan,nan
3048,76.2,3.154286825e-06,2.520995286e-06,nan,nan,nan,nan
3049,76.225,3.154286825e-06,2.520995294e-06,nan,nan,nan,nan
3050,76.25,3.154286825e-06,2.520995316e-06,nan,nan,nan,nan
3051,76.275,3.154286827e-06,2.520995325e-06,nan,nan,nan,nan
3052,76.3,3.154286827e-06,2.520995313e-06,nan,nan,nan,nan
3053,76.325,3.154286825e-06,2.520995298e-06,nan,nan,nan,nan
3054,76.35,3.154286820e-06,2.520995299e-06,nan,nan,nan,nan
3055,76.375,3.154286818e-06,2.520995313e-06,nan,nan,nan,nan
3056,76.4,3.154286820e-06,2.520995319e-06,nan,nan,nan,nan
3057,76.425,3.154286827e-06,2.520995306e-06,nan,nan,nan,nan
3058,76.45,3.154286832e-06,2.520995288e-06,nan,nan,nan,nan
3059,76.475,3.154286830e-06,2.520995289e-06,nan,nan,nan,nan
3060,76.5,3.154286824e-06,2.520995313e-06,nan,nan,nan,nan
3061,76.525,3.154286818e-06,2.520995334e-06,nan,nan,nan,nan
3062,76.55,3.154286819e-06,2.520995326e-06,nan,nan,nan,nan
3063,76.575,3.154286824e-06,2.520995297e-06,nan,nan,nan,nan
3064,76.6,3.154286827e-06,2.520995277e-06,nan,nan,nan,nan
3065,76.625,3.154286826e-06,2.520995289e-06,nan,nan,nan,nan
3066,76.65,3.154286823e-06,2.520995320e-06,nan,nan,nan,nan
3067,76.675,3.154286823e-06,2.520995337e-06,nan,nan,nan,nan
3068,76.7,3.154286825e-06,2.520995322e-06,nan,nan,nan,nan
3069,76.725,3.154286826e-06,2.520995295e-06,nan,nan,nan,nan
3070,76.75,3.154286824e-06,2.520995285e-06,nan,nan,nan,nan
3071,76.775,3.154286821e-06,2.520995299e-06,nan,nan,nan,nan
3072,76.8,3.154286819e-06,2.520995317e-06,nan,nan,nan,nan
3073,76.825,3.154286824e-06,2.520995318e-06,nan,nan,nan,nan
3074,76.85,3.154286831e-06,2.520995306e-06,nan,nan,nan,nan
3075,76.875,3.154286832e-06,2.520995300e-06,nan,nan,nan,nan
3076,76.9,3.154286825e-06,2.520995309e-06,nan,nan,nan,nan
3077,76.925,3.154286817e-06,2.520995321e-06,nan,nan,nan,nan
3078,76.95,3.154286814e-06,2.520995318e-06,nan,nan,nan,nan
3079,76.975,3.154286820e-06,2.520995298e-06,nan,nan,nan,nan
3080,77,3.154286829e-06,2.520995286e-06,nan,nan,nan,nan
3081,77.025,3.154286833e-06,2.520995298e-06,nan,nan,nan,nan
3082,77.05,3.154286828e-06,2.520995321e-06,nan,nan,nan,nan
3083,77.075,3.154286822e-06,2.520995332e-06,nan,nan,nan,nan
3084,77.1,3.154286819e-06,2.520995317e-06,nan,nan,nan,nan
3085,77.125,3.154286823e-06,2.520995291e-06,nan,nan,nan,nan
3086,77.15,3.154286825e-06,2.520995283e-06,nan,nan,nan,nan
3087,77.175,3.154286822e-06,2.520995301e-06,nan,nan,nan,nan
3088,77.2,3.154286819e-06,2.520995326e-06,nan,nan,nan,nan
3089,77.225,3.154286822e-06,2.520995330e-06,nan,nan,nan,nan
3090,77.25,3.154286829e-06,2.520995313e-06,nan,nan,nan,nan
3091,77.275,3.154286832e-06,2.520995292e-06,nan,nan,nan,nan
3092,77.3,3.154286827e-06,2.520995289e-06,nan,nan,nan,nan
3093,77.325,3.154286818e-06,2.520995302e-06,nan,nan,nan,nan
3094,77.35,3.154286814e-06,2.520995315e-06,nan,nan,nan,nan
3095,77.375,3.154286822e-06,2.520995316e-06,nan,nan,nan,nan
3096,77.4,3.154286834e-06,2.520995310e-06,nan,nan,nan,nan
3097,77.425,3.154286838e-06,2.520995306e-06,nan,nan,nan,nan
3098,77.45,3.154286829e-06,2.520995308e-06,nan,nan,nan,nan
3099,77.475,3.154286814e-06,2.520995309e-06,nan,nan,nan,nan
3100,77.5,3.154286808e-06,2.520995305e-06,nan,nan,nan,nan
3101,77.525,3.154286816e-06,2.520995300e-06,nan,nan,nan,nan
3102,77.55,3.154286829e-06,2.520995301e-06,nan,nan,nan,nan
3103,77.575,3.154286836e-06,2.520995310e-06,nan,nan,nan,nan
3104,77.6,3.154286833e-06,2.520995318e-06,nan,nan,nan,nan
3105,77.625,3.154286824e-06,2.520995318e-06,nan,nan,nan,nan
3106,77.65,3.154286820e-06,2.520995307e-06,nan,nan,nan,nan
3107,77.675,3.154286821e-06,2.520995298e-06,nan,nan,nan,nan
3108,77.7,3.154286821e-06,2.520995297e-06,nan,nan,nan,nan
3109,77.725,3.154286819e-06,2.520995306e-06,nan,nan,nan,nan
3110,77.75,3.154286820e-06,2.520995316e-06,nan,nan,nan,nan
3111,77.775,3.154286825e-06,2.520995316e-06,nan,nan,nan,nan
3112,77.8,3.154286833e-06,2.520995309e-06,nan,nan,nan,nan
3113,77.825,3.154286833e-06,2.520995299e-06,nan,nan,nan,nan
3114,77.85,3.154286823e-06,2.520995295e-06,nan,nan,nan,nan
3115,77.875,3.154286811e-06,2.520995300e-06,nan,nan,nan,nan
3116,77.9,3.154286811e-06,2.520995310e-06,nan,nan,nan,nan
3117,77.925,3.154286823e-06,2.520995319e-06,nan,nan,nan,nan
3118,77.95,3.154286837e-06,2.520995318e-06,nan,nan,nan,nan
3119,77.975,3.154286838e-06,2.520995309e-06,nan,nan,nan,nan
3120,78,3.154286826e-06,2.520995299e-06,nan,nan,nan,nan
3121,78.025,3.154286813e-06,2.520995297e-06,nan,nan,nan,nan
3122,78.05,3.154286812e-06,2.520995305e-06,nan,nan,nan,nan
3123,78.075,3.154286821e-06,2.520995315e-06,nan,nan,nan,nan
3124,78.1,3.154286830e-06,2.520995315e-06,nan,nan,nan,nan
3125,78.125,3.154286829e-06,2.520995308e-06,nan,nan,nan,nan
3126,78.15,3.154286824e-06,2.520995301e-06,nan,nan,nan,nan
3127,78.175,3.154286823e-06,2.520995301e-06,nan,nan,nan,nan
3128,78.2,3.154286825e-06,2.520995306e-06,nan,nan,nan,nan
3129,78.225,3.154286825e-06,2.520995309e-06,nan,nan,nan,nan
3130,78.25,3.154286821e-06,2.520995309e-06,nan,nan,nan,nan
3131,78.275,3.154286816e-06,2.520995307e-06,nan,nan,nan,nan
3132,78.3,3.154286818e-06,2.520995311e-06,nan,nan,nan,nan
3133,78.325,3.154286826e-06,2.520995315e-06,nan,nan,nan,nan
3134,78.35,3.154286832e-06,2.520995312e-06,nan,nan,nan,nan
3135,78.375,3.154286827e-06,2.520995301e-06,nan,nan,nan,nan
3136,78.4,3.154286816e-06,2.520995291e-06,nan,nan,nan,nan
3137,78.425,3.154286812e-06,2.520995295e-06,nan,nan,nan,nan
3138,78.45,3.154286819e-06,2.520995314e-06,nan,nan,nan,nan
3139,78.475,3.154286833e-06,2.520995328e-06,nan,nan,nan,nan
3140,78.5,3.154286839e-06,2.520995323e-06,nan,nan,nan,nan
3141,78.525,3.154286831e-06,2.520995302e-06,nan,nan,nan,nan
3142,78.55,3.154286818e-06,2.520995286e-06,nan,nan,nan,nan
3143,78.575,3.154286813e-06,2.520995292e-06,nan,nan,nan,nan
3144,78.6,3.154286818e-06,2.520995312e-06,nan,nan,nan,nan
3145,78.625,3.154286824e-06,2.520995325e-06,nan,nan,nan,nan
3146,78.65,3.154286827e-06,2.520995319e-06,nan,nan,nan,nan
3147,78.675,3.154286826e-06,2.520995301e-06,nan,nan,nan,nan
3148,78.7,3.154286826e-06,2.520995294e-06,nan,nan,nan,nan
3149,78.725,3.154286826e-06,2.520995303e-06,nan,nan,nan,nan
3150,78.75,3.154286825e-06,2.520995315e-06,nan,nan,nan,nan
3151,78.775,3.154286819e-06,2.520995315e-06,nan,nan,nan,nan
3152,78.8,3.154286816e-06,2.520995305e-06,nan,nan,nan,nan
3153,78.825,3.154286820e-06,2.520995300e-06,nan,nan,nan,nan
3154,78.85,3.154286830e-06,2.520995309e-06,nan,nan,nan,nan
3155,78.875,3.154286835e-06,2.520995319e-06,nan,nan,nan,nan
3156,78.9,3.154286827e-06,2.520995316e-06,nan,nan,nan,nan
3157,78.925,3.154286813e-06,2.520995298e-06,nan,nan,nan,nan
3158,78.95,3.154286808e-06,2.520995287e-06,nan,nan,nan,nan
3159,78.975,3.154286820e-06,2.520995297e-06,nan,nan,nan,nan
3160,79,3.154286836e-06,2.520995319e-06,nan,nan,nan,nan
3161,79.025,3.154286841e-06,2.520995331e-06,nan,nan,nan,nan
3162,79.05,3.154286831e-06,2.520995318e-06,nan,nan,nan,nan
3163,79.075,3.154286817e-06,2.520995295e-06,nan,nan,nan,nan
3164,79.1,3.154286812e-06,2.520995285e-06,nan,nan,nan,nan
3165,79.125,3.154286817e-06,2.520995299e-06,nan,nan,nan,nan
3166,79.15,3.154286826e-06,2.520995321e-06,nan,nan,nan,nan
3167,79.175,3.154286829e-06,2.520995326e-06,nan,nan,nan,nan
3168,79.2,3.154286828e-06,2.520995311e-06,nan,nan,nan,nan
3169,79.225,3.154286831e-06,2.520995295e-06,nan,nan,nan,nan
3170,79.25,3.154286833e-06,2.520995295e-06,nan,nan,nan,nan
3171,79.275,3.154286829e-06,2.520995306e-06,nan,nan,nan,nan
3172,79.3,3.154286815e-06,2.520995315e-06,nan,nan,nan,nan
3173,79.325,3.154286806e-06,2.520995312e-06,nan,nan,nan,nan
3174,79.35,3.154286812e-06,2.520995302e-06,nan,nan,nan,nan
3175,79.375,3.154286832e-06,2.520995302e-06,nan,nan,nan,nan
3176,79.4,3.154286849e-06,2.520995312e-06,nan,nan,nan,nan
3177,79.425,3.154286844e-06,2.520995318e-06,nan,nan,nan,nan
3178,79.45,3.154286820e-06,2.520995311e-06,nan,nan,nan,nan
3179,79.475,3.154286801e-06,2.520995297e-06,nan,nan,nan,nan
3180,79.5,3.154286805e-06,2.520995292e-06,nan,nan,nan,nan
3181,79.525,3.154286825e-06,2.520995303e-06,nan,nan,nan,nan
3182,79.55,3.154286842e-06,2.520995318e-06,nan,nan,nan,nan
3183,79.575,3.154286842e-06,2.520995321e-06,nan,nan,nan,nan
3184,79.6,3.154286827e-06,2.520995309e-06,nan,nan,nan,nan
3185,79.625,3.154286818e-06,2.520995296e-06,nan,nan,nan,nan
3186,79.65,3.154286818e-06,2.520995297e-06,nan,nan,nan,nan
3187,79.675,3.154286821e-06,2.520995311e-06,nan,nan,nan,nan
3188,79.7,3.154286822e-06,2.520995320e-06,nan,nan,nan,nan
3189,79.725,3.154286820e-06,2.520995316e-06,nan,nan,nan,nan
3190,79.75,3.154286826e-06,2.520995302e-06,nan,nan,nan,nan
3191,79.775,3.154286836e-06,2.520995293e-06,nan,nan,nan,nan
3192,79.8,3.154286841e-06,2.520995298e-06,nan,nan,nan,nan
3193,79.825,3.154286829e-06,2.520995310e-06,nan,nan,nan,nan
3194,79.85,3.154286809e-06,2.520995318e-06,nan,nan,nan,nan
3195,79.875,3.154286802e-06,2.520995316e-06,nan,nan,nan,nan
3196,79.9,3.154286818e-06,2.520995308e-06,nan,nan,nan,nan
3197,79.925,3.154286842e-06,2.520995303e-06,nan,nan,nan,nan
3198,79.95,3.154286848e-06,2.520995304e-06,nan,nan,nan,nan
3199,79.975,3.154286830e-06,2.520995307e-06,nan,nan,nan,nan
3200,80,3.154286807e-06,2.520995309e-06,nan,nan,nan,nan
3201,80.025,3.154286802e-06,2.520995308e-06,nan,nan,nan,nan
3202,80.05,3.154286818e-06,2.520995307e-06,nan,nan,nan,nan
3203,80.075,3.154286837e-06,2.520995308e-06,nan,nan,nan,nan
3204,80.1,3.154286841e-06,2.520995308e-06,nan,nan,nan,nan
3205,80.125,3.154286830e-06,2.520995307e-06,nan,nan,nan,nan
3206,80.15,3.154286820e-06,2.520995306e-06,nan,nan,nan,nan
3207,80.175,3.154286821e-06,2.520995306e-06,nan,nan,nan,nan
3208,80.2,3.154286826e-06,2.520995308e-06,nan,nan,nan,nan
3209,80.225,3.154286823e-06,2.520995313e-06,nan,nan,nan,nan
3210,80.25,3.154286814e-06,2.520995314e-06,nan,nan,nan,nan
3211,80.275,3.154286814e-06,2.520995311e-06,nan,nan,nan,nan
3212,80.3,3.154286826e-06,2.520995304e-06,nan,nan,nan,nan
3213,80.325,3.154286841e-06,2.520995298e-06,nan,nan,nan,nan
3214,80.35,3.154286840e-06,2.520995298e-06,nan,nan,nan,nan
3215,80.375,3.154286821e-06,2.520995308e-06,nan,nan,nan,nan
3216,80.4,3.154286804e-06,2.520995320e-06,nan,nan,nan,nan
3217,80.425,3.154286806e-06,2.520995323e-06,nan,nan,nan,nan
3218,80.45,3.154286826e-06,2.520995313e-06,nan,nan,nan,nan
3219,80.475,3.154286843e-06,2.520995297e-06,nan,nan,nan,nan
3220,80.5,3.154286839e-06,2.520995289e-06,nan,nan,nan,nan
3221,80.525,3.154286821e-06,2.520995298e-06,nan,nan,nan,nan
3222,80.55,3.154286808e-06,2.520995315e-06,nan,nan,nan,nan
3223,80.575,3.154286814e-06,2.520995324e-06,nan,nan,nan,nan
3224,80.6,3.154286827e-06,2.520995317e-06,nan,nan,nan,nan
3225,80.625,3.154286834e-06,2.520995303e-06,nan,nan,nan,nan
3226,80.65,3.154286828e-06,2.520995295e-06,nan,nan,nan,nan
3227,80.675,3.154286820e-06,2.520995300e-06,nan,nan,nan,nan
3228,80.7,3.154286820e-06,2.520995309e-06,nan,nan,nan,nan
3229,80.725,3.154286827e-06,2.520995314e-06,nan,nan,nan,nan
3230,80.75,3.154286829e-06,2.520995310e-06,nan,nan,nan,nan
3231,80.775,3.154286822e-06,2.520995309e-06,nan,nan,nan,nan
3232,80.8,3.154286814e-06,2.520995313e-06,nan,nan,nan,nan
3233,80.825,3.154286817e-06,2.520995317e-06,nan,nan,nan,nan
3234,80.85,3.154286830e-06,2.520995310e-06,nan,nan,nan,nan
3235,80.875,3.154286837e-06,2.520995296e-06,nan,nan,nan,nan
3236,80.9,3.154286830e-06,2.520995290e-06,nan,nan,nan,nan
3237,80.925,3.154286815e-06,2.520995303e-06,nan,nan,nan,nan
3238,80.95,3.154286808e-06,2.520995322e-06,nan,nan,nan,nan
3239,80.975,3.154286819e-06,2.520995329e-06,nan,nan,nan,nan
3240,81,3.154286835e-06,2.520995315e-06,nan,nan,nan,nan
3241,81.025,3.154286840e-06,2.520995293e-06,nan,nan,nan,nan
3242,81.05,3.154286828e-06,2.520995288e-06,nan,nan,nan,nan
3243,81.075,3.154286814e-06,2.520995303e-06,nan,nan,nan,nan
3244,81.1,3.154286812e-06,2.520995323e-06,nan,nan,nan,nan
3245,81.125,3.154286823e-06,2.520995323e-06,nan,nan,nan,nan
3246,81.15,3.154286834e-06,2.520995306e-06,nan,nan,nan,nan
3247,81.175,3.154286835e-06,2.520995292e-06,nan,nan,nan,nan
3248,81.2,3.154286825e-06,2.520995296e-06,nan,nan,nan,nan
3249,81.225,3.154286818e-06,2.520995312e-06,nan,nan,nan,nan
3250,81.25,3.154286819e-06,2.520995321e-06,nan,nan,nan,nan
3251,81.275,3.154286826e-06,2.520995313e-06,nan,nan,nan,nan
3252,81.3,3.154286828e-06,2.520995302e-06,nan,nan,nan,nan
3253,81.325,3.154286824e-06,2.520995302e-06,nan,nan,nan,nan
3254,81.35,3.154286821e-06,2.520995313e-06,nan,nan,nan,nan
3255,81.375,3.154286823e-06,2.520995319e-06,nan,nan,nan,nan
3256,81.4,3.154286827e-06,2.520995308e-06,nan,nan,nan,nan
3257,81.425,3.154286827e-06,2.520995293e-06,nan,nan,nan,nan
3258,81.45,3.154286821e-06,2.520995291e-06,nan,nan,nan,nan
3259,81.475,3.154286817e-06,2.520995309e-06,nan,nan,nan,nan
3260,81.5,3.154286819e-06,2.520995327e-06,nan,nan,nan,nan
3261,81.525,3.154286828e-06,2.520995325e-06,nan,nan,nan,nan
3262,81.55,3.154286834e-06,2.520995304e-06,nan,nan,nan,nan
3263,81.575,3.154286830e-06,2.520995286e-06,nan,nan,nan,nan
3264,81.6,3.154286821e-06,2.520995292e-06,nan,nan,nan,nan
3265,81.625,3.154286814e-06,2.520995314e-06,nan,nan,nan,nan
3266,81.65,3.154286817e-06,2.520995326e-06,nan,nan,nan,nan
3267,81.675,3.154286826e-06,2.520995316e-06,nan,nan,nan,nan
3268,81.7,3.154286832e-06,2.520995297e-06,nan,nan,nan,nan
3269,81.725,3.154286832e-06,2.520995291e-06,nan,nan,nan,nan
3270,81.75,3.154286827e-06,2.520995303e-06,nan,nan,nan,nan
3271,81.775,3.154286822e-06,2.520995320e-06,nan,nan,nan,nan
3272,81.8,3.154286821e-06,2.520995322e-06,nan,nan,nan,nan
3273,81.825,3.154286821e-06,2.520995310e-06,nan,nan,nan,nan
3274,81.85,3.154286822e-06,2.520995299e-06,nan,nan,nan,nan
3275,81.875,3.154286823e-06,2.520995302e-06,nan,nan,nan,nan
3276,81.9,3.154286824e-06,2.520995312e-06,nan,nan,nan,nan
3277,81.925,3.154286828e-06,2.520995316e-06,nan,nan,nan,nan
3278,81.95,3.154286829e-06,2.520995306e-06,nan,nan,nan,nan
3279,81.975,3.154286826e-06,2.520995298e-06,nan,nan,nan,nan
3280,82,3.154286820e-06,2.520995303e-06,nan,nan,nan,nan
3281,82.025,3.154286818e-06,2.520995315e-06,nan,nan,nan,nan
3282,82.05,3.154286823e-06,2.520995321e-06,nan,nan,nan,nan
3283,82.075,3.154286830e-06,2.520995311e-06,nan,nan,nan,nan
3284,82.1,3.154286832e-06,2.520995297e-06,nan,nan,nan,nan
3285,82.125,3.154286827e-06,2.520995294e-06,nan,nan,nan,nan
3286,82.15,3.154286819e-06,2.520995306e-06,nan,nan,nan,nan
3287,82.175,3.154286815e-06,2.520995321e-06,nan,nan,nan,nan
3288,82.2,3.154286820e-06,2.520995322e-06,nan,nan,nan,nan
3289,82.225,3.154286828e-06,2.520995307e-06,nan,nan,nan,nan
3290,82.25,3.154286832e-06,2.520995292e-06,nan,nan,nan,nan
3291,82.275,3.154286829e-06,2.520995292e-06,nan,nan,nan,nan
3292,82.3,3.154286824e-06,2.520995306e-06,nan,nan,nan,nan
3293,82.325,3.154286821e-06,2.520995320e-06,nan,nan,nan,nan
3294,82.35,3.154286823e-06,2.520995322e-06,nan,nan,nan,nan
3295,82.375,3.154286826e-06,2.520995312e-06,nan,nan,nan,nan
3296,82.4,3.154286824e-06,2.520995301e-06,nan,nan,nan,nan
3297,82.425,3.154286820e-06,2.520995298e-06,nan,nan,nan,nan
3298,82.45,3.154286820e-06,2.520995301e-06,nan,nan,nan,nan
3299,82.475,3.154286825e-06,2.520995308e-06,nan,nan,nan,nan
3300,82.5,3.154286831e-06,2.520995312e-06,nan,nan,nan,nan
3301,82.525,3.154286831e-06,2.520995313e-06,nan,nan,nan,nan
3302,82.55,3.154286824e-06,2.520995312e-06,nan,nan,nan,nan
3303,82.575,3.154286817e-06,2.520995309e-06,nan,nan,nan,nan
3304,82.6,3.154286818e-06,2.520995305e-06,nan,nan,nan,nan
3305,82.625,3.154286825e-06,2.520995302e-06,nan,nan,nan,nan
3306,82.65,3.154286831e-06,2.520995302e-06,nan,nan,nan,nan
3307,82.675,3.154286829e-06,2.520995306e-06,nan,nan,nan,nan
3308,82.7,3.154286824e-06,2.520995313e-06,nan,nan,nan,nan
3309,82.725,3.154286820e-06,2.520995318e-06,nan,nan,nan,nan
3310,82.75,3.154286822e-06,2.520995316e-06,nan,nan,nan,nan
3311,82.775,3.154286826e-06,2.520995307e-06,nan,nan,nan,nan
3312,82.8,3.154286825e-06,2.520995297e-06,nan,nan,nan,nan
3313,82.825,3.154286821e-06,2.520995291e-06,nan,nan,nan,nan
3314,82.85,3.154286819e-06,2.520995299e-06,nan,nan,nan,nan
3315,82.875,3.154286824e-06,2.520995312e-06,nan,nan,nan,nan
3316,82.9,3.154286831e-06,2.520995326e-06,nan,nan,nan,nan
3317,82.925,3.154286832e-06,2.520995323e-06,nan,nan,nan,nan
3318,82.95,3.154286823e-06,2.520995309e-06,nan,nan,nan,nan
3319,82.975,3.154286815e-06,2.520995295e-06,nan,nan,nan,nan
3320,83,3.154286815e-06,2.520995293e-06,nan,nan,nan,nan
3321,83.025,3.154286824e-06,2.520995305e-06,nan,nan,nan,nan
3322,83.05,3.154286832e-06,2.520995317e-06,nan,nan,nan,nan
3323,83.075,3.154286831e-06,2.520995318e-06,nan,nan,nan,nan
3324,83.1,3.154286824e-06,2.520995309e-06,nan,nan,nan,nan
3325,83.125,3.154286820e-06,2.520995300e-06,nan,nan,nan,nan
3326,83.15,3.154286823e-06,2.520995301e-06,nan,nan,nan,nan
3327,83.175,3.154286826e-06,2.520995308e-06,nan,nan,nan,nan
3328,83.2,3.154286826e-06,2.520995312e-06,nan,nan,nan,nan
3329,83.225,3.154286821e-06,2.520995309e-06,nan,nan,nan,nan
3330,83.25,3.154286819e-06,2.520995305e-06,nan,nan,nan,nan
3331,83.275,3.154286824e-06,2.520995309e-06,nan,nan,nan,nan
3332,83.3,3.154286830e-06,2.520995314e-06,nan,nan,nan,nan
3333,83.325,3.154286828e-06,2.520995312e-06,nan,nan,nan,nan
3334,83.35,3.154286818e-06,2.520995301e-06,nan,nan,nan,nan
3335,83.375,3.154286813e-06,2.520995291e-06,nan,nan,nan,nan
3336,83.4,3.154286820e-06,2.520995297e-06,nan,nan,nan,nan
3337,83.425,3.154286834e-06,2.520995315e-06,nan,nan,nan,nan
3338,83.45,3.154286840e-06,2.520995328e-06,nan,nan,nan,nan
3339,83.475,3.154286831e-06,2.520995320e-06,nan,nan,nan,nan
3340,83.5,3.154286812e-06,2.520995300e-06,nan,nan,nan,nan
3341,83.525,3.154286805e-06,2.520995289e-06,nan,nan,nan,nan
3342,83.55,3.154286814e-06,2.520995297e-06,nan,nan,nan,nan
3343,83.575,3.154286831e-06,2.520995317e-06,nan,nan,nan,nan
3344,83.6,3.154286838e-06,2.520995325e-06,nan,nan,nan,nan
3345,83.625,3.154286833e-06,2.520995312e-06,nan,nan,nan,nan
3346,83.65,3.154286822e-06,2.520995297e-06,nan,nan,nan,nan
3347,83.675,3.154286817e-06,2.520995295e-06,nan,nan,nan,nan
3348,83.7,3.154286820e-06,2.520995310e-06,nan,nan,nan,nan
3349,83.725,3.154286822e-06,2.520995322e-06,nan,nan,nan,nan
3350,83.75,3.154286821e-06,2.520995316e-06,nan,nan,nan,nan
3351,83.775,3.154286821e-06,2.520995301e-06,nan,nan,nan,nan
3352,83.8,3.154286827e-06,2.520995295e-06,nan,nan,nan,nan
3353,83.825,3.154286835e-06,2.520995305e-06,nan,nan,nan,nan
3354,83.85,3.154286834e-06,2.520995318e-06,nan,nan,nan,nan
3355,83.875,3.154286822e-06,2.520995316e-06,nan,nan,nan,nan
3356,83.9,3.154286809e-06,2.520995300e-06,nan,nan,nan,nan
3357,83.925,3.154286808e-06,2.520995291e-06,nan,nan,nan,nan
3358,83.95,3.154286823e-06,2.520995301e-06,nan,nan,nan,nan
3359,83.975,3.154286837e-06,2.520995320e-06,nan,nan,nan,nan
3360,84,3.154286838e-06,2.520995326e-06,nan,nan,nan,nan
3361,84.025,3.154286827e-06,2.520995309e-06,nan,nan,nan,nan
3362,84.05,3.154286817e-06,2.520995289e-06,nan,nan,nan,nan
3363,84.075,3.154286816e-06,2.520995290e-06,nan,nan,nan,nan
3364,84.1,3.154286821e-06,2.520995312e-06,nan,nan,nan,nan
3365,84.125,3.154286826e-06,2.520995331e-06,nan,nan,nan,nan
3366,84.15,3.154286825e-06,2.520995325e-06,nan,nan,nan,nan
3367,84.175,3.154286824e-06,2.520995299e-06,nan,nan,nan,nan
3368,84.2,3.154286824e-06,2.520995282e-06,nan,nan,nan,nan
3369,84.225,3.154286827e-06,2.520995291e-06,nan,nan,nan,nan
3370,84.25,3.154286824e-06,2.520995315e-06,nan,nan,nan,nan
3371,84.275,3.154286818e-06,2.520995327e-06,nan,nan,nan,nan
3372,84.3,3.154286816e-06,2.520995319e-06,nan,nan,nan,nan
3373,84.325,3.154286824e-06,2.520995302e-06,nan,nan,nan,nan
3374,84.35,3.154286837e-06,2.520995296e-06,nan,nan,nan,nan
3375,84.375,3.154286837e-06,2.520995304e-06,nan,nan,nan,nan
3376,84.4,3.154286824e-06,2.520995313e-06,nan,nan,nan,nan
3377,84.425,3.154286808e-06,2.520995310e-06,nan,nan,nan,nan
3378,84.45,3.154286808e-06,2.520995301e-06,nan,nan,nan,nan
3379,84.475,3.154286823e-06,2.520995300e-06,nan,nan,nan,nan
3380,84.5,3.154286839e-06,2.520995310e-06,nan,nan,nan,nan
3381,84.525,3.154286840e-06,2.520995320e-06,nan,nan,nan,nan
3382,84.55,3.154286827e-06,2.520995315e-06,nan,nan,nan,nan
3383,84.575,3.154286814e-06,2.520995300e-06,nan,nan,nan,nan
3384,84.6,3.154286813e-06,2.520995294e-06,nan,nan,nan,nan
3385,84.625,3.154286821e-06,2.520995303e-06,nan,nan,nan,nan
3386,84.65,3.154286825e-06,2.520995319e-06,nan,nan,nan,nan
3387,84.675,3.154286824e-06,2.520995324e-06,nan,nan,nan,nan
3388,84.7,3.154286824e-06,2.520995311e-06,nan,nan,nan,nan
3389,84.725,3.154286828e-06,2.520995293e-06,nan,nan,nan,nan
3390,84.75,3.154286833e-06,2.520995289e-06,nan,nan,nan,nan
3391,84.775,3.154286827e-06,2.520995302e-06,nan,nan,nan,nan
3392,84.8,3.154286816e-06,2.520995319e-06,nan,nan,nan,nan
3393,84.825,3.154286811e-06,2.520995325e-06,nan,nan,nan,nan
3394,84.85,3.154286821e-06,2.520995316e-06,nan,nan,nan,nan
3395,84.875,3.154286838e-06,2.520995305e-06,nan,nan,nan,nan
3396,84.9,3.154286843e-06,2.520995299e-06,nan,nan,nan,nan
3397,84.925,3.154286829e-06,2.520995302e-06,nan,nan,nan,nan
3398,84.95,3.154286810e-06,2.520995305e-06,nan,nan,nan,nan
3399,84.975,3.154286805e-06,2.520995307e-06,nan,nan,nan,nan
3400,85,3.154286820e-06,2.520995309e-06,nan,nan,nan,nan
3401,85.025,3.154286838e-06,2.520995312e-06,nan,nan,nan,nan
3402,85.05,3.154286841e-06,2.520995315e-06,nan,nan,nan,nan
3403,85.075,3.154286828e-06,2.520995310e-06,nan,nan,nan,nan
3404,85.1,3.154286816e-06,2.520995302e-06,nan,nan,nan,nan
3405,85.125,3.154286816e-06,2.520995295e-06,nan,nan,nan,nan
3406,85.15,3.154286826e-06,2.520995297e-06,nan,nan,nan,nan
3407,85.175,3.154286828e-06,2.520995309e-06,nan,nan,nan,nan
3408,85.2,3.154286823e-06,2.520995322e-06,nan,nan,nan,nan
3409,85.225,3.154286821e-06,2.520995322e-06,nan,nan,nan,nan
3410,85.25,3.154286827e-06,2.520995311e-06,nan,nan,nan,nan
3411,85.275,3.154286836e-06,2.520995297e-06,nan,nan,nan,nan
3412,85.3,3.154286832e-06,2.520995290e-06,nan,nan,nan,nan
3413,85.325,3.154286817e-06,2.520995299e-06,nan,nan,nan,nan
3414,85.35,3.154286806e-06,2.520995313e-06,nan,nan,nan,nan
3415,85.375,3.154286814e-06,2.520995324e-06,nan,nan,nan,nan
3416,85.4,3.154286833e-06,2.520995320e-06,nan,nan,nan,nan
3417,85.425,3.154286846e-06,2.520995307e-06,nan,nan,nan,nan
3418,85.45,3.154286837e-06,2.520995295e-06,nan,nan,nan,nan
3419,85.475,3.154286815e-06,2.520995295e-06,nan,nan,nan,nan
3420,85.5,3.154286803e-06,2.520995305e-06,nan,nan,nan,nan
3421,85.525,3.154286811e-06,2.520995317e-06,nan,nan,nan,nan
3422,85.55,3.154286830e-06,2.520995318e-06,nan,nan,nan,nan
3423,85.575,3.154286837e-06,2.520995310e-06,nan,nan,nan,nan
3424,85.6,3.154286830e-06,2.520995301e-06,nan,nan,nan,nan
3425,85.625,3.154286820e-06,2.520995300e-06,nan,nan,nan,nan
3426,85.65,3.154286820e-06,2.520995306e-06,nan,nan,nan,nan
3427,85.675,3.154286825e-06,2.520995310e-06,nan,nan,nan,nan
3428,85.7,3.154286826e-06,2.520995309e-06,nan,nan,nan,nan
3429,85.725,3.154286819e-06,2.520995305e-06,nan,nan,nan,nan
3430,85.75,3.154286815e-06,2.520995307e-06,nan,nan,nan,nan
3431,85.775,3.154286823e-06,2.520995313e-06,nan,nan,nan,nan
3432,85.8,3.154286835e-06,2.520995314e-06,nan,nan,nan,nan
3433,85.825,3.154286835e-06,2.520995305e-06,nan,nan,nan,nan
3434,85.85,3.154286822e-06,2.520995294e-06,nan,nan,nan,nan
3435,85.875,3.154286807e-06,2.520995296e-06,nan,nan,nan,nan
3436,85.9,3.154286811e-06,2.520995312e-06,nan,nan,nan,nan
3437,85.925,3.154286830e-06,2.520995327e-06,nan,nan,nan,nan
3438,85.95,3.154286845e-06,2.520995325e-06,nan,nan,nan,nan
3439,85.975,3.154286840e-06,2.520995306e-06,nan,nan,nan,nan
3440,86,3.154286817e-06,2.520995289e-06,nan,nan,nan,nan
3441,86.025,3.154286803e-06,2.520995292e-06,nan,nan,nan,nan
3442,86.05,3.154286811e-06,2.520995313e-06,nan,nan,nan,nan
3443,86.075,3.154286830e-06,2.520995326e-06,nan,nan,nan,nan
3444,86.1,3.154286840e-06,2.520995320e-06,nan,nan,nan,nan
3445,86.125,3.154286832e-06,2.520995301e-06,nan,nan,nan,nan
3446,86.15,3.154286821e-06,2.520995291e-06,nan,nan,nan,nan
3447,86.175,3.154286818e-06,2.520995300e-06,nan,nan,nan,nan
3448,86.2,3.154286825e-06,2.520995316e-06,nan,nan,nan,nan
3449,86.225,3.154286827e-06,2.520995321e-06,nan,nan,nan,nan
3450,86.25,3.154286820e-06,2.520995310e-06,nan,nan,nan,nan
3451,86.275,3.154286813e-06,2.520995298e-06,nan,nan,nan,nan
3452,86.3,3.154286819e-06,2.520995301e-06,nan,nan,nan,nan
3453,86.325,3.154286832e-06,2.520995313e-06,nan,nan,nan,nan
3454,86.35,3.154286839e-06,2.520995316e-06,nan,nan,nan,nan
3455,86.375,3.154286828e-06,2.520995305e-06,nan,nan,nan,nan
3456,86.4,3.154286810e-06,2.520995292e-06,nan,nan,nan,nan
3457,86.425,3.154286805e-06,2.520995296e-06,nan,nan,nan,nan
3458,86.45,3.154286821e-06,2.520995315e-06,nan,nan,nan,nan
3459,86.475,3.154286840e-06,2.520995327e-06,nan,nan,nan,nan
3460,86.5,3.154286843e-06,2.520995317e-06,nan,nan,nan,nan
3461,86.525,3.154286827e-06,2.520995296e-06,nan,nan,nan,nan
3462,86.55,3.154286810e-06,2.520995286e-06,nan,nan,nan,nan
3463,86.575,3.154286809e-06,2.520995301e-06,nan,nan,nan,nan
3464,86.6,3.154286821e-06,2.520995322e-06,nan,nan,nan,nan
3465,86.625,3.154286831e-06,2.520995328e-06,nan,nan,nan,nan
3466,86.65,3.154286831e-06,2.520995311e-06,nan,nan,nan,nan
3467,86.675,3.154286823e-06,2.520995290e-06,nan,nan,nan,nan
3468,86.7,3.154286820e-06,2.520995290e-06,nan,nan,nan,nan
3469,86.725,3.154286823e-06,2.520995307e-06,nan,nan,nan,nan
3470,86.75,3.154286825e-06,2.520995323e-06,nan,nan,nan,nan
3471,86.775,3.154286821e-06,2.520995320e-06,nan,nan,nan,nan
3472,86.8,3.154286818e-06,2.520995305e-06,nan,nan,nan,nan
3473,86.825,3.154286821e-06,2.520995296e-06,nan,nan,nan,nan
3474,86.85,3.154286832e-06,2.520995304e-06,nan,nan,nan,nan
3475,86.875,3.154286837e-06,2.520995316e-06,nan,nan,nan,nan
3476,86.9,3.154286829e-06,2.520995316e-06,nan,nan,nan,nan
3477,86.925,3.154286815e-06,2.520995303e-06,nan,nan,nan,nan
3478,86.95,3.154286810e-06,2.520995296e-06,nan,nan,nan,nan
3479,86.975,3.154286820e-06,2.520995303e-06,nan,nan,nan,nan
3480,87,3.154286834e-06,2.520995317e-06,nan,nan,nan,nan
3481,87.025,3.154286840e-06,2.520995320e-06,nan,nan,nan,nan
3482,87.05,3.154286832e-06,2.520995307e-06,nan,nan,nan,nan
3483,87.075,3.154286819e-06,2.520995293e-06,nan,nan,nan,nan
3484,87.1,3.154286815e-06,2.520995296e-06,nan,nan,nan,nan
3485,87.125,3.154286819e-06,2.520995314e-06,nan,nan,nan,nan
3486,87.15,3.154286823e-06,2.520995327e-06,nan,nan,nan,nan
3487,87.175,3.154286824e-06,2.520995320e-06,nan,nan,nan,nan
3488,87.2,3.154286824e-06,2.520995298e-06,nan,nan,nan,nan
3489,87.225,3.154286827e-06,2.520995284e-06,nan,nan,nan,nan
3490,87.25,3.154286829e-06,2.520995293e-06,nan,nan,nan,nan
3491,87.275,3.154286827e-06,2.520995315e-06,nan,nan,nan,nan
3492,87.3,3.154286820e-06,2.520995327e-06,nan,nan,nan,nan
3493,87.325,3.154286817e-06,2.520995320e-06,nan,nan,nan,nan
3494,87.35,3.154286822e-06,2.520995304e-06,nan,nan,nan,nan
3495,87.375,3.154286832e-06,2.520995294e-06,nan,nan,nan,nan
3496,87.4,3.154286836e-06,2.520995301e-06,nan,nan,nan,nan
3497,87.425,3.154286828e-06,2.520995309e-06,nan,nan,nan,nan
3498,87.45,3.154286817e-06,2.520995312e-06,nan,nan,nan,nan
3499,87.475,3.154286813e-06,2.520995307e-06,nan,nan,nan,nan
3500,87.5,3.154286821e-06,2.520995306e-06,nan,nan,nan,nan
3501,87.525,3.154286833e-06,2.520995308e-06,nan,nan,nan,nan
3502,87.55,3.154286835e-06,2.520995312e-06,nan,nan,nan,nan
3503,87.575,3.154286829e-06,2.520995310e-06,nan,nan,nan,nan
3504,87.6,3.154286821e-06,2.520995301e-06,nan,nan,nan,nan
3505,87.625,3.154286819e-06,2.520995297e-06,nan,nan,nan,nan
3506,87.65,3.154286822e-06,2.520995304e-06,nan,nan,nan,nan
3507,87.675,3.154286823e-06,2.520995316e-06,nan,nan,nan,nan
3508,87.7,3.154286821e-06,2.520995324e-06,nan,nan,nan,nan
3509,87.725,3.154286824e-06,2.520995318e-06,nan,nan,nan,nan
3510,87.75,3.154286830e-06,2.520995301e-06,nan,nan,nan,nan
3511,87.775,3.154286835e-06,2.520995291e-06,nan,nan,nan,nan
3512,87.8,3.154286830e-06,2.520995296e-06,nan,nan,nan,nan
3513,87.825,3.154286818e-06,2.520995312e-06,nan,nan,nan,nan
3514,87.85,3.154286811e-06,2.520995324e-06,nan,nan,nan,nan
3515,87.875,3.154286818e-06,2.520995321e-06,nan,nan,nan,nan
3516,87.9,3.154286832e-06,2.520995307e-06,nan,nan,nan,nan
3517,87.925,3.154286838e-06,2.520995295e-06,nan,nan,nan,nan
3518,87.95,3.154286831e-06,2.520995295e-06,nan,nan,nan,nan
3519,87.975,3.154286818e-06,2.520995307e-06,nan,nan,nan,nan
3520,88,3.154286813e-06,2.520995316e-06,nan,nan,nan,nan
3521,88.025,3.154286821e-06,2.520995317e-06,nan,nan,nan,nan
3522,88.05,3.154286831e-06,2.520995310e-06,nan,nan,nan,nan
3523,88.075,3.154286833e-06,2.520995304e-06,nan,nan,nan,nan
3524,88.1,3.154286826e-06,2.520995305e-06,nan,nan,nan,nan
3525,88.125,3.154286820e-06,2.520995308e-06,nan,nan,nan,nan
3526,88.15,3.154286821e-06,2.520995308e-06,nan,nan,nan,nan
3527,88.175,3.154286827e-06,2.520995305e-06,nan,nan,nan,nan
3528,88.2,3.154286827e-06,2.520995303e-06,nan,nan,nan,nan
3529,88.225,3.154286822e-06,2.520995310e-06,nan,nan,nan,nan
3530,88.25,3.154286818e-06,2.520995318e-06,nan,nan,nan,nan
3531,88.275,3.154286821e-06,2.520995317e-06,nan,nan,nan,nan
3532,88.3,3.154286829e-06,2.520995304e-06,nan,nan,nan,nan
3533,88.325,3.154286831e-06,2.520995292e-06,nan,nan,nan,nan
3534,88.35,3.154286825e-06,2.520995293e-06,nan,nan,nan,nan
3535,88.375,3.154286818e-06,2.520995310e-06,nan,nan,nan,nan
3536,88.4,3.154286819e-06,2.520995326e-06,nan,nan,nan,nan
3537,88.425,3.154286828e-06,2.520995326e-06,nan,nan,nan,nan
3538,88.45,3.154286835e-06,2.520995310e-06,nan,nan,nan,nan
3539,88.475,3.154286831e-06,2.520995292e-06,nan,nan,nan,nan
3540,88.5,3.154286821e-06,2.520995293e-06,nan,nan,nan,nan
3541,88.525,3.154286814e-06,2.520995309e-06,nan,nan,nan,nan
3542,88.55,3.154286818e-06,2.520995321e-06,nan,nan,nan,nan
3543,88.575,3.154286827e-06,2.520995317e-06,nan,nan,nan,nan
3544,88.6,3.154286831e-06,2.520995303e-06,nan,nan,nan,nan
3545,88.625,3.154286829e-06,2.520995295e-06,nan,nan,nan,nan
3546,88.65,3.154286824e-06,2.520995302e-06,nan,nan,nan,nan
3547,88.675,3.154286822e-06,2.520995314e-06,nan,nan,nan,nan
3548,88.7,3.154286824e-06,2.520995318e-06,nan,nan,nan,nan
3549,88.725,3.154286825e-06,2.520995309e-06,nan,nan,nan,nan
3550,88.75,3.154286823e-06,2.520995300e-06,nan,nan,nan,nan
3551,88.775,3.154286821e-06,2.520995303e-06,nan,nan,nan,nan
3552,88.8,3.154286822e-06,2.520995315e-06,nan,nan,nan,nan
3553,88.825,3.154286825e-06,2.520995318e-06,nan,nan,nan,nan
3554,88.85,3.154286826e-06,2.520995308e-06,nan,nan,nan,nan
3555,88.875,3.154286824e-06,2.520995295e-06,nan,nan,nan,nan
3556,88.9,3.154286822e-06,2.520995296e-06,nan,nan,nan,nan
3557,88.925,3.154286821e-06,2.520995311e-06,nan,nan,nan,nan
3558,88.95,3.154286825e-06,2.520995325e-06,nan,nan,nan,nan
3559,88.975,3.154286826e-06,2.520995320e-06,nan,nan,nan,nan
3560,89,3.154286824e-06,2.520995302e-06,nan,nan,nan,nan
3561,89.025,3.154286819e-06,2.520995290e-06,nan,nan,nan,nan
3562,89.05,3.154286818e-06,2.520995299e-06,nan,nan,nan,nan
3563,89.075,3.154286821e-06,2.520995317e-06,nan,nan,nan,nan
3564,89.1,3.154286826e-06,2.520995325e-06,nan,nan,nan,nan
3565,89.125,3.154286829e-06,2.520995314e-06,nan,nan,nan,nan
3566,89.15,3.154286828e-06,2.520995297e-06,nan,nan,nan,nan
3567,89.175,3.154286825e-06,2.520995293e-06,nan,nan,nan,nan
3568,89.2,3.154286822e-06,2.520995307e-06,nan,nan,nan,nan
3569,89.225,3.154286819e-06,2.520995320e-06,nan,nan,nan,nan
3570,89.25,3.154286819e-06,2.520995320e-06,nan,nan,nan,nan
3571,89.275,3.154286823e-06,2.520995306e-06,nan,nan,nan,nan
3572,89.3,3.154286829e-06,2.520995296e-06,nan,nan,nan,nan
3573,89.325,3.154286830e-06,2.520995299e-06,nan,nan,nan,nan
3574,89.35,3.154286827e-06,2.520995312e-06,nan,nan,nan,nan
3575,89.375,3.154286819e-06,2.520995318e-06,nan,nan,nan,nan
3576,89.4,3.154286814e-06,2.520995313e-06,nan,nan,nan,nan
3577,89.425,3.154286819e-06,2.520995302e-06,nan,nan,nan,nan
3578,89.45,3.154286829e-06,2.520995300e-06,nan,nan,nan,nan
3579,89.475,3.154286834e-06,2.520995308e-06,nan,nan,nan,nan
3580,89.5,3.154286829e-06,2.520995314e-06,nan,nan,nan,nan
3581,89.525,3.154286819e-06,2.520995310e-06,nan,nan,nan,nan
3582,89.55,3.154286815e-06,2.520995302e-06,nan,nan,nan,nan
3583,89.575,3.154286820e-06,2.520995301e-06,nan,nan,nan,nan
3584,89.6,3.154286826e-06,2.520995310e-06,nan,nan,nan,nan
3585,89.625,3.154286830e-06,2.520995319e-06,nan,nan,nan,nan
3586,89.65,3.154286826e-06,2.520995317e-06,nan,nan,nan,nan
3587,89.675,3.154286822e-06,2.520995303e-06,nan,nan,nan,nan
3588,89.7,3.154286823e-06,2.520995290e-06,nan,nan,nan,nan
3589,89.725,3.154286825e-06,2.520995293e-06,nan,nan,nan,nan
3590,89.75,3.154286823e-06,2.520995308e-06,nan,nan,nan,nan
3591,89.775,3.154286819e-06,2.520995323e-06,nan,nan,nan,nan
3592,89.8,3.154286820e-06,2.520995323e-06,nan,nan,nan,nan
3593,89.825,3.154286827e-06,2.520995310e-06,nan,nan,nan,nan
3594,89.85,3.154286834e-06,2.520995297e-06,nan,nan,nan,nan
3595,89.875,3.154286833e-06,2.520995295e-06,nan,nan,nan,nan
3596,89.9,3.154286822e-06,2.520995303e-06,nan,nan,nan,nan
3597,89.925,3.154286811e-06,2.520995312e-06,nan,nan,nan,nan
3598,89.95,3.154286812e-06,2.520995314e-06,nan,nan,nan,nan
3599,89.975,3.154286824e-06,2.520995310e-06,nan,nan,nan,nan
3600,90,3.154286837e-06,2.520995304e-06,nan,nan,nan,nan
